url,page,review_index,teks_ulasan,tanggal
https://www.traveloka.com/id-id/user/review/consumption/HOTEL/GENERAL/295653,1,1,"Hotel-nya nyaman, fasilitas-nya oke, lokasi strategis.",Diulas 2 hari lalu
https://www.traveloka.com/id-id/user/review/consumption/HOTEL/GENERAL/295653,1,2,Sangat oke dan pelayanan-nya baik,Diulas 1 minggu lalu
https://www.traveloka.com/id-id/user/review/consumption/HOTEL/GENERAL/295653,1,3,"Terima kasih, harapannya menu sarapan bisa lebih bervariasi lagi hehe.",Diulas 2 minggu lalu
https://www.traveloka.com/id-id/user/review/consumption/HOTEL/GENERAL/295653,1,4,"Paket komplit di sini, ramah, suasana nyaman, bersih... apalagi coba... ayo ke Santika. Mantap",Diulas 3 minggu lalu
https://www.traveloka.com/id-id/user/review/consumption/HOTEL/GENERAL/295653,1,5,"Lokasi strategis, di tengah kota. Ada kolam renang juga buat anak-anak, nyaman buat keluarga.",Diulas 3 minggu lalu
https://www.traveloka.com/id-id/user/review/consumption/HOTEL/GENERAL/295653,1,6,"Saya menginap di Hotel Santika Tasikmalaya dan secara keseluruhan sangat puas dengan pengalaman yang saya dapatkan. Proses check-in berjalan cepat dan staf hotel sangat ramah serta membantu, membuat suasana terasa nyaman sejak awal kedatangan. Kamar yang saya tempati bersih, rapi, dan cukup nyaman untuk beristirahat. Fasilitas yang disediakan juga lengkap dan berfungsi dengan baik, sehingga menunjang kenyamanan selama menginap. Salah satu hal yang paling saya nikmati adalah sarapannya. Pilihan menu cukup beragam, mulai dari makanan tradisional hingga menu modern, dengan rasa yang enak dan kualitas yang terjaga. Area restoran juga bersih dan nyaman, cocok untuk memulai hari dengan suasana yang menyenangkan.",Diulas 3 minggu lalu
https://www.traveloka.com/id-id/user/review/consumption/HOTEL/GENERAL/295653,1,7,"Sarapannya enak, menunya lebih beragam.",Diulas 4 minggu lalu
https://www.traveloka.com/id-id/user/review/consumption/HOTEL/GENERAL/295653,1,8,"Stafnya ramah dan membantu, lokasinya strategis di pusat kota dengan banyak aktivitas di sekitarnya. Makanannya enak.",Diulas 5 minggu lalu
https://www.traveloka.com/id-id/user/review/consumption/HOTEL/GENERAL/295653,1,9,"Hotel ini strategis banget lokasinya, beneran di pusat kota. Kalau hobi blusukan, boleh banget pilih nginep di sini. Untuk kebersihan dan kenyamanan sudah standar Santika. Memang bukan gedung baru, tapi bersih dan asri. Sarapan variatif dan yang paling penting harganya kompetitif banget.",Diulas 5 minggu lalu
https://www.traveloka.com/id-id/user/review/consumption/HOTEL/GENERAL/295653,1,10,"Staff hotel ramah pisan, baik-baik.",Diulas 5 minggu lalu
https://www.traveloka.com/id-id/user/review/consumption/HOTEL/GENERAL/295653,1,11,"Memang sangat cocok untuk waktu libur singkat keluarga, karena sekitar hotel sudah banyak tempat-tempat untuk makan dan tidak sukar dicapai, apalagi waktu weekend, makanan di hotel juga tersedia sangat baik dan bersih, sesuai selera dan ciri khas makanan Sunda dan lainnya, semua petugasnya sangat ramah dan gercep dalam pelayanan. Sukses terus Santika, tidak rugi menjadi member Santika.",Diulas 5 minggu lalu
https://www.traveloka.com/id-id/user/review/consumption/HOTEL/GENERAL/295653,1,12,"Staff-nya ramah banget dari mulai saya turun di lobi, security, staff check-in, di pool dapat upgrade ke kamar Executive free. Terima kasih, recommend jajan dekat, kuliner dekat pusat kota banget 🙏🏻😍",Diulas 6 minggu lalu
https://www.traveloka.com/id-id/user/review/consumption/HOTEL/GENERAL/295653,1,13,"Hotelnya nyaman, dekat pusat kota pula, banyak kuliner di sekitar hotel.",Diulas 8 minggu lalu
https://www.traveloka.com/id-id/user/review/consumption/HOTEL/GENERAL/295653,1,14,"Cocok untuk staycation bersama keluarga atau pasangan, cocok juga untuk bisnis trip dan lokasinya dekat pusat kota.",Diulas 8 minggu lalu
https://www.traveloka.com/id-id/user/review/consumption/HOTEL/GENERAL/295653,1,15,"1000/10👌🏻 Staff super ramah, kamar luas bersih, nyaman, harga affordable, breakfast banyak pilihan dan rasanya enak-enak.",Diulas 9 minggu lalu
https://www.traveloka.com/id-id/user/review/consumption/HOTEL/GENERAL/295653,1,16,"Sudah beberapa kali menginap di sini, tempatnya nyaman, dekat dengan pusat kota Tasikmalaya",Diulas 10 minggu lalu
https://www.traveloka.com/id-id/user/review/consumption/HOTEL/GENERAL/295653,1,17,"Hotel nyaman dan staff-nya pun ramah dan sigap, cuma agak disayangkan kebetulan menginap pas Ramadan sore-sore lagi berenang malah crowded sama orang-orang yang bukber dan foto-foto di area kolam jadi enggak nyaman sama sekali sampai-sampai anak-anak minta udahan aja karena berisik dan ramai banget.",Diulas 10 minggu lalu
https://www.traveloka.com/id-id/user/review/consumption/HOTEL/GENERAL/295653,1,18,"Sudah beberapa kali menginap di hotel ini, compare dengan beberapa hotel di Tasik. Untuk breakfast di sini paling enak.",Diulas 11 minggu lalu
https://www.traveloka.com/id-id/user/review/consumption/HOTEL/GENERAL/295653,1,19,Para staf siap membantu dan memberikan pelayanan yang baik.,Diulas 14 minggu lalu
https://www.traveloka.com/id-id/user/review/consumption/HOTEL/GENERAL/295653,1,20,Selalu menginap di sini saat pergi ke danau.,Diulas 16 minggu lalu
https://www.traveloka.com/id-id/user/review/consumption/HOTEL/GENERAL/295653,1,21,"Puas dan berkesan dengan keramahan all staff dari awal sampai akhir, no doubt.",Diulas 17 minggu lalu
https://www.traveloka.com/id-id/user/review/consumption/HOTEL/GENERAL/295653,1,22,"Pelayanan-nya ramah polllll, jempol dehhh, bagus banget staff-nya",Diulas 17 minggu lalu
https://www.traveloka.com/id-id/user/review/consumption/HOTEL/GENERAL/295653,1,23,staff hotel sangat ramah dan membantu saat proses check in,Diulas 18 minggu lalu
https://www.traveloka.com/id-id/user/review/consumption/HOTEL/GENERAL/295653,1,24,Santika selalu menjadi pilihan terbaik...,Diulas 19 minggu lalu
https://www.traveloka.com/id-id/user/review/consumption/HOTEL/GENERAL/295653,1,25,"Hotel yang sangat bagus, terawat dengan baik.",Diulas 19 minggu lalu
https://www.traveloka.com/id-id/user/review/consumption/HOTEL/GENERAL/295653,1,26,senang sekali menginap disini,Diulas 20 minggu lalu
https://www.traveloka.com/id-id/user/review/consumption/HOTEL/GENERAL/295653,1,27,hotelnya bagus pelayanan ramah,Diulas 20 minggu lalu
https://www.traveloka.com/id-id/user/review/consumption/HOTEL/GENERAL/295653,1,28,"Hotel nyaman, bersih, kamar juga bersih, dapat view kolam renang. Staff-nya juga ramah-ramah.",Diulas 20 minggu lalu
https://www.traveloka.com/id-id/user/review/consumption/HOTEL/GENERAL/295653,1,29,"Enak dan nyaman, tengah kota. Hotelnya nyaman bangettt, dekat dengan tempat makan",Diulas 21 minggu lalu
https://www.traveloka.com/id-id/user/review/consumption/HOTEL/GENERAL/295653,1,30,Kamarnya luas dan kolam renangnya bagus.,Diulas 21 minggu lalu
https://www.traveloka.com/id-id/user/review/consumption/HOTEL/GENERAL/295653,1,31,Semua staf sigap membantu dan kamarnya bersih.,Diulas 21 minggu lalu
https://www.traveloka.com/id-id/user/review/consumption/HOTEL/GENERAL/295653,1,32,"Pelayanannya sangat ramah, kamar pun bersih dan luas",Diulas 21 minggu lalu
https://www.traveloka.com/id-id/user/review/consumption/HOTEL/GENERAL/295653,1,33,Pelayanannya sangat ramah namun untuk variasi sarapan perlu ditambahkan lagi,Diulas 21 minggu lalu
https://www.traveloka.com/id-id/user/review/consumption/HOTEL/GENERAL/295653,1,34,"Lokasi yang strategis, fasilitas yang mumpuni, kolam renang merupakan pusat kegiatan anak-anak dan ukurannya cukup luas.",Diulas 21 minggu lalu
https://www.traveloka.com/id-id/user/review/consumption/HOTEL/GENERAL/295653,1,35,"nyaman dan membuat Anda merasa seperti di rumah
jika saya pergi ke danau lagi, saya akan menginap di sini",Diulas 22 minggu lalu
https://www.traveloka.com/id-id/user/review/consumption/HOTEL/GENERAL/295653,1,36,"Hotel cukup nyaman, hanya saya tidak dapat mini kulkas di kamar. Sarapan enak & banyak pilihan",Diulas 23 minggu lalu
https://www.traveloka.com/id-id/user/review/consumption/HOTEL/GENERAL/295653,1,37,Hotel favorit saya di Tasikmalaya,Diulas 27 minggu lalu
https://www.traveloka.com/id-id/user/review/consumption/HOTEL/GENERAL/295653,1,38,semua fasilitas mantulll pelayanan ramah,Diulas 28 minggu lalu
https://www.traveloka.com/id-id/user/review/consumption/HOTEL/GENERAL/295653,1,39,"Keramahan staff, Fasilitas kamar dan hotel memberi kenyaman selama menginap. Recommend 👍👍👍
Cm variasi makanan semoga bisa lebih ditingkatkan ya. Sukses slalu 👍👍👍",Diulas 28 minggu lalu
https://www.traveloka.com/id-id/user/review/consumption/HOTEL/GENERAL/295653,1,40,"lantai kamar mandi kurang bersih dan
air tidak lancar keluar",Diulas 29 minggu lalu
https://www.traveloka.com/id-id/user/review/consumption/HOTEL/GENERAL/295653,2,1,"Kamarnya bagus, fasilitasnya lengkap, pelayanannya bagus, stafnya ramah dan membantu, makanannya cukup enak.",Diulas 29 minggu lalu
https://www.traveloka.com/id-id/user/review/consumption/HOTEL/GENERAL/295653,2,2,"Hotel yang nyaman, bersih, dan ramah, sudah kedua kalinya menginap di Hotel Santika Tasikmalaya ini dalam rangka melaksanakan tugas kedinasan.",Diulas 30 minggu lalu
https://www.traveloka.com/id-id/user/review/consumption/HOTEL/GENERAL/295653,2,3,stafnya sangat ramah dan di lobi terdapat banyak informasi tentang tempat tujuan wisata.,Diulas 30 minggu lalu
https://www.traveloka.com/id-id/user/review/consumption/HOTEL/GENERAL/295653,2,4,Anak-anakku sangat suka dengan kolam renangnya...,Diulas 31 minggu lalu
https://www.traveloka.com/id-id/user/review/consumption/HOTEL/GENERAL/295653,2,5,Pengalaman menginap yang luar biasa di hotel ini. Manajemen hotel ini sangat baik.,Diulas 34 minggu lalu
https://www.traveloka.com/id-id/user/review/consumption/HOTEL/GENERAL/295653,2,6,Mantap bagus bagus bagus bagus,Diulas 34 minggu lalu
https://www.traveloka.com/id-id/user/review/consumption/HOTEL/GENERAL/295653,2,7,"Pesan untuk ibu dan adik saya, cukup menyenangkan menginap di hotel santika tasikmalaya cuma kmrn check innya antri lumayan lama",Diulas 35 minggu lalu
https://www.traveloka.com/id-id/user/review/consumption/HOTEL/GENERAL/295653,2,8,Hotel Santika di mana pun selalu bersih dan pelayanan-nya cepat. Kami suka dengan pelayananannya. Semoga dapat terus dipertahankan.,Diulas 36 minggu lalu
https://www.traveloka.com/id-id/user/review/consumption/HOTEL/GENERAL/295653,2,9,"kami menginap 2 malam sangat terkesan, suasana hotel, outdoor dll.
kalau boleh request fasilitas bantal yg lbh empuk lg biar tdrnya lelap.",Diulas 37 minggu lalu
https://www.traveloka.com/id-id/user/review/consumption/HOTEL/GENERAL/295653,2,10,"Staff hotel sangat ramah dan membantu saat proses check in, kamar bersih, handuk wangi, menu sarapan enak",Diulas 37 minggu lalu
https://www.traveloka.com/id-id/user/review/consumption/HOTEL/GENERAL/295653,2,11,cukup bagus ... kamar mandinya kalo bs rapihin,Diulas 37 minggu lalu
https://www.traveloka.com/id-id/user/review/consumption/HOTEL/GENERAL/295653,2,12,"Good.. Mau liburan, mau kerja, mau cari lokasi dekat makanan, tempat ibadah.. Pokoknya semua mudah dan dekat.",Diulas 37 minggu lalu
https://www.traveloka.com/id-id/user/review/consumption/HOTEL/GENERAL/295653,2,13,"Senang menginap di sini, lain waktu kembali lagi.",Diulas 38 minggu lalu
https://www.traveloka.com/id-id/user/review/consumption/HOTEL/GENERAL/295653,2,14,"Hotel yang sangat nyaman, kamar-nya cukup luas dan bersih, breakfast-nya cukup beragam, di area luar hotel banyak cafe dan dekat dengan food street.",Diulas 40 minggu lalu
https://www.traveloka.com/id-id/user/review/consumption/HOTEL/GENERAL/295653,2,15,"Kamar bersih, makanan enak, staff yang ramah",Diulas 40 minggu lalu
https://www.traveloka.com/id-id/user/review/consumption/HOTEL/GENERAL/295653,2,16,Bisakah Anda mengubah waktu check-in dan check-out jika Anda mengalami kendala?,Diulas 41 minggu lalu
https://www.traveloka.com/id-id/user/review/consumption/HOTEL/GENERAL/295653,2,17,"Staff hotel ramah dan pelayanan baik, kamar bersih.",Diulas 41 minggu lalu
https://www.traveloka.com/id-id/user/review/consumption/HOTEL/GENERAL/295653,2,18,"sangat senang menginap di Hotel ini, terima kasih Hotel Santika.. saya akan segera kembali",Diulas 41 minggu lalu
https://www.traveloka.com/id-id/user/review/consumption/HOTEL/GENERAL/295653,2,19,"hotelnya bersih, pelayanannya juga ramah.. yang agak kurang menurut saya makanannya.. padahal pilih santika karena mau coba sarapannya..",Diulas 41 minggu lalu
https://www.traveloka.com/id-id/user/review/consumption/HOTEL/GENERAL/295653,2,20,"Setiap kali ke Tasikmalaya selalu menginap di Hotel Santika, karena hotelnya nyaman, bersih, lokasi strategis, staff-nya ramah semua, makanannya juga enak semua.",Diulas 44 minggu lalu
https://www.traveloka.com/id-id/user/review/consumption/HOTEL/GENERAL/295653,2,21,pada dasarnya menakjubkan....hampir di mana-mana,Diulas 44 minggu lalu
https://www.traveloka.com/id-id/user/review/consumption/HOTEL/GENERAL/295653,2,22,Sudah beberapa kali ke sini proses chekinnya rada lama,Diulas 45 minggu lalu
https://www.traveloka.com/id-id/user/review/consumption/HOTEL/GENERAL/295653,2,23,"Bersih, nyaman, staf ramah, makanan enak bervariasi dan unik, ada tutut 🥰",Diulas 45 minggu lalu
https://www.traveloka.com/id-id/user/review/consumption/HOTEL/GENERAL/295653,2,24,"Hotel terbaik di Tasikmalaya, namun pas pesan harus jeli memilih kamar smoking dan non smoking",Diulas 46 minggu lalu
https://www.traveloka.com/id-id/user/review/consumption/HOTEL/GENERAL/295653,2,25,"Baru bisa check in jam 15.30 
Nunggu di lobby sampe ketiduran 
Banyak banget tamu yg belum bisa masuk kamar. 
Dengan alasan ada wedding.
Ya kita sebagai tamu gamau tau, jam check in kan hrus nya jam 2.
Sebagai permintaan maaf mereka kasih kita banana split malam hari, dengan catatan “check Out tetap max jam 1 ya “ 
Padahal hotel ini paling bagus di tasik loh",Diulas 46 minggu lalu
https://www.traveloka.com/id-id/user/review/consumption/HOTEL/GENERAL/295653,2,26,"Makanan enak, kamar bersih, staf ramah. Overall semua enak. Cuman pas stay di sana sptnya di dekat situ (d luar hotel) ada konser/acara jadi suara musik band keras nyampe ke kamar. Rada berisik.",Diulas 48 minggu lalu
https://www.traveloka.com/id-id/user/review/consumption/HOTEL/GENERAL/295653,2,27,"Ramah, makanan bervariasi dan enak serta anak-anak senang... Menyenangkan",Diulas 48 minggu lalu
https://www.traveloka.com/id-id/user/review/consumption/HOTEL/GENERAL/295653,2,28,"Staff-nya ramah, pelayanan bagus dan makanannya bervariasi dan enak-enak",Diulas 48 minggu lalu
https://www.traveloka.com/id-id/user/review/consumption/HOTEL/GENERAL/295653,2,29,"bagus banget pokoknya fasilitasnya mntap, sayangnya kamar saya kurang kedap suara aja, malm suara gwser geser barangbterdengar",Diulas 49 minggu lalu
https://www.traveloka.com/id-id/user/review/consumption/HOTEL/GENERAL/295653,2,30,"Stay disini bukan pilihan yang salah. Kebersihan kamar, akses nya mudah. Chinese food didepan hotel best banget. Dekat Fore coffee.
Menu sarapannya variatif, rasanya enak, yang paling penting ada tutut.

BEESSTTTT!!!",Diulas 50 minggu lalu
https://www.traveloka.com/id-id/user/review/consumption/HOTEL/GENERAL/295653,2,31,"Hotel paling bagus di Kota Tasikmalaya, pelayananannya juga oke, makanannya pun enak",Diulas 52 minggu lalu
https://www.traveloka.com/id-id/user/review/consumption/HOTEL/GENERAL/295653,2,32,Oke lah untuk harga segini... Nanti balik lagi kalau ada rezeki untuk menginap di sini...,Diulas 53 minggu lalu
https://www.traveloka.com/id-id/user/review/consumption/HOTEL/GENERAL/295653,2,33,"Pas check in agak lama karna petugasnya gak cek request saya, saya minta di lantai atas tp saat kasih kunci dilantai 2. Menunggu dicarikan dulu akhirnya dpt dilantai 5. 
Semoga bisa lebih teliti lagi ya. 

Kamar lega, nyaman, designnya aesthetic, cuma ac nya kurang dingin. View dari kamar gunung ceremai / gunung sawal gitu deh keknya, bukan gunung galunggung. 
Dikamar ga ada kulkas, jd nitip es cream di lobby.
Overall bagus, sarapan enak-enak. Kolam renang kids friendly dan bersih. Parkiran jg luas.",Diulas 53 minggu lalu
https://www.traveloka.com/id-id/user/review/consumption/HOTEL/GENERAL/295653,2,34,"Hotel Santika memang pilihan tepat sebagai akomodasi saat melakukan perjalanan dinas. Lokasinya yang berada di tengah kota membuat perjalanan dari hotel ke lokasi tujuan sangat mudah dicapai, lebih lanjut ada menu sarapan yang sangat bervariasi dengan memadukan cita rasa lokal (masakan asli Jawa Barat/khas sunda) yang sangat enak.",Diulas 53 minggu lalu
https://www.traveloka.com/id-id/user/review/consumption/HOTEL/GENERAL/295653,2,35,"Kolam renang nya enak , tempat Gym nya lumayan alat nya, good for Liburan bersama kelg",Diulas 54 minggu lalu
https://www.traveloka.com/id-id/user/review/consumption/HOTEL/GENERAL/295653,2,36,Senang sekali menginap di sini ❤️ Terima kasih Santika.,Diulas 55 minggu lalu
https://www.traveloka.com/id-id/user/review/consumption/HOTEL/GENERAL/295653,2,37,"Terimakasih utk team reservasi Hotel Santika Tasikmalaya terutama utk Pak Yayan. Saya pesan 2x utk 2 tanggal berbeda tapi ternyata saya klik di tanggal yg sama, dan ketentuannya unrescheduled. Saya tlp bag.reservasi utk minta rescheduled dibantu beliau Alhamdulillaah bisa. Kamar bersih,,minta view bagus jg dikasih, staff ramah semuanya. Makanan bfast juga enak semua. Terimakasih Hotel Santika Tasikmalaya semoga semakin sukses.",Diulas 55 minggu lalu
https://www.traveloka.com/id-id/user/review/consumption/HOTEL/GENERAL/295653,2,38,Tidak tersedia mini bar di dalam kamar.,Diulas 57 minggu lalu
https://www.traveloka.com/id-id/user/review/consumption/HOTEL/GENERAL/295653,2,39,"Untuk kedua kalinya saya staycation di sini, hotelnya sangat strategis, berada di pusat kota. Kamar-nya bersih, kolam renang-nya juga bersih begitupun pelayanan-nya cepat dan sangat baik, makanan-nya pun cocok dengan lidah saya. Terima kasih telah melayani sepenuh hati.",Diulas 57 minggu lalu
https://www.traveloka.com/id-id/user/review/consumption/HOTEL/GENERAL/295653,2,40,Staff hotel sangat ramah. Proses check-in dan check-out sangat mudah. View dari kamar sangat indah.,Diulas 58 minggu lalu
https://www.traveloka.com/id-id/user/review/consumption/HOTEL/GENERAL/295653,3,1,"Cek in jam 14, tapi pas datang 13.30 sudah boleh cek in (tergantung kesiapan kamar juga). Penambahan jam cek out enggak mahal-mahal banget.. Terima kasih",Diulas 58 minggu lalu
https://www.traveloka.com/id-id/user/review/consumption/HOTEL/GENERAL/295653,3,2,"Terbaik di kota, nyaman dan bersih. Luar biasa.",Diulas 58 minggu lalu
https://www.traveloka.com/id-id/user/review/consumption/HOTEL/GENERAL/295653,3,3,"the best..buat santika tasik malaya...slalu utamakan customer ..dlm semua aspek..baik pelayanan makanan

dlll",Diulas 58 minggu lalu
https://www.traveloka.com/id-id/user/review/consumption/HOTEL/GENERAL/295653,3,4,Tempat yang sangat bagus dan direkomendasikan untuk menginap,Diulas 59 minggu lalu
https://www.traveloka.com/id-id/user/review/consumption/HOTEL/GENERAL/295653,3,5,staff hotel sangat ramah. view dari kamar indah bangett,Diulas 59 minggu lalu
https://www.traveloka.com/id-id/user/review/consumption/HOTEL/GENERAL/295653,3,6,"Menginap saat mudik dengan keluarga. Lokasi sangat strategis, akomodasi average ok, kebersihan ok. Untuk breakfast masih bisa ditingkatkan.",Diulas 59 minggu lalu
https://www.traveloka.com/id-id/user/review/consumption/HOTEL/GENERAL/295653,3,7,"Kali ke-2 nginap bersama keluarga, masih sama pelayanan dan kebersihan hotel sangat nyaman untuk tempat menginap libur bersama keluarga.",Diulas 59 minggu lalu
https://www.traveloka.com/id-id/user/review/consumption/HOTEL/GENERAL/295653,3,8,Teruskan kerja bagusmu. Hotelnya bagus.,Diulas 59 minggu lalu
https://www.traveloka.com/id-id/user/review/consumption/HOTEL/GENERAL/295653,3,9,Pelayanan tim hotel sangat ramah dan menyenangkan.,Diulas 60 minggu lalu
https://www.traveloka.com/id-id/user/review/consumption/HOTEL/GENERAL/295653,3,10,"Sangat nyaman nginap disini , staff nya ramah, makanan enak dan sangat rekomen banget",Diulas 60 minggu lalu
https://www.traveloka.com/id-id/user/review/consumption/HOTEL/GENERAL/295653,3,11,"Semua nyaman, enak, tenang. Laundry express, namun sayangnya tidak ada fasilitas body & spa.",Diulas 62 minggu lalu
https://www.traveloka.com/id-id/user/review/consumption/HOTEL/GENERAL/295653,3,12,"Akses menuju hotel mudah dijangkau, enggak terlalu jauh dari stasiun KA, proses cekin cepat dan staff hotel ramah-ramah. Liburan yang sangat menyenangkan",Diulas 64 minggu lalu
https://www.traveloka.com/id-id/user/review/consumption/HOTEL/GENERAL/295653,3,13,Lokasi strategis. Bisa cari makanan sekitar. Staf ramah dan tanggap.,Diulas 65 minggu lalu
https://www.traveloka.com/id-id/user/review/consumption/HOTEL/GENERAL/295653,3,14,"Santika memang pilihan ok untuk menginap, tapi ada plusnya khusus untuk Santika Tasik ini, yaitu bisa charger mobil listrik di sini. Salah satu kelebihan buat pengguna mobil listrik, enggak harus cari-cari tempat charger lagi dan gratis buat tamu❤️❤️❤️. Thanks Hotel Santika. Terbaik.",Diulas 66 minggu lalu
https://www.traveloka.com/id-id/user/review/consumption/HOTEL/GENERAL/295653,3,15,Overall oke untuk stay di Tasik. Recommended,Diulas 68 minggu lalu
https://www.traveloka.com/id-id/user/review/consumption/HOTEL/GENERAL/295653,3,16,"Pengering rambut itu seperti api yang sudah padam, api yang sudah padam membutuhkan waktu lama untuk mengeringkan rambut.",Diulas 68 minggu lalu
https://www.traveloka.com/id-id/user/review/consumption/HOTEL/GENERAL/295653,3,17,saya suka stay at santika karena menu sarapannya cukup enak. worh jika beli roomnya include breakfast...,Diulas 68 minggu lalu
https://www.traveloka.com/id-id/user/review/consumption/HOTEL/GENERAL/295653,3,18,"Staff hotel ramah, pelayanan cepat dan yang terpenting kamar super bersih.",Diulas 70 minggu lalu
https://www.traveloka.com/id-id/user/review/consumption/HOTEL/GENERAL/295653,3,19,"Overall very good semua pokoknya, cuma siaran TV HD-nya enggak lengkap, pas ada siaran Persib tidak bisa nonton.",Diulas 71 minggu lalu
https://www.traveloka.com/id-id/user/review/consumption/HOTEL/GENERAL/295653,3,20,menyenangkan dan nyaman sekali,Diulas 72 minggu lalu
https://www.traveloka.com/id-id/user/review/consumption/HOTEL/GENERAL/295653,3,21,"Semuanya ramah, baik makanya sering ke sini, apalagi di pusat kota, next nginep di sini lagi",Diulas 73 minggu lalu
https://www.traveloka.com/id-id/user/review/consumption/HOTEL/GENERAL/295653,3,22,Lokasi strategis di tengah kota dan pelayanan baik,Diulas 74 minggu lalu
https://www.traveloka.com/id-id/user/review/consumption/HOTEL/GENERAL/295653,3,23,"Hotel terfavorit, makanan banyak variasi, staff ramah",Diulas 75 minggu lalu
https://www.traveloka.com/id-id/user/review/consumption/HOTEL/GENERAL/295653,3,24,Staff sangat ramah lokasi strategis.,Diulas 75 minggu lalu
https://www.traveloka.com/id-id/user/review/consumption/HOTEL/GENERAL/295653,3,25,"Hotelnya nyaman, bersih dan hospitality nya keren.",Diulas 80 minggu lalu
https://www.traveloka.com/id-id/user/review/consumption/HOTEL/GENERAL/295653,3,26,"Kamar nyaman, bersih. Pelayanan bagus, ramah plus helpful. Breakfast variatif, rasanya juga enak. Recommended banget",Diulas 80 minggu lalu
https://www.traveloka.com/id-id/user/review/consumption/HOTEL/GENERAL/295653,3,27,"Selalu menjadi hotel terfavorit untuk menginap, nyaman, ramah, makanan bervariasi dengan rasa yang mantap.",Diulas 81 minggu lalu
https://www.traveloka.com/id-id/user/review/consumption/HOTEL/GENERAL/295653,3,28,Memuaskan akan kembali lagi menginap disini di tepi danau,Diulas 82 minggu lalu
https://www.traveloka.com/id-id/user/review/consumption/HOTEL/GENERAL/295653,3,29,"Lokasi strategis, petugas ramah.",Diulas 83 minggu lalu
https://www.traveloka.com/id-id/user/review/consumption/HOTEL/GENERAL/295653,3,30,Kamarnya nyaman dengan staff yang ramah betah stay di santika tasikmalaya.,Diulas 84 minggu lalu
https://www.traveloka.com/id-id/user/review/consumption/HOTEL/GENERAL/295653,3,31,"Selalu menikmati setiap menginap di Hotel Santika, staff ramah, kamar bersih, suasana nyaman, breakfast benar-benar enak dan banyak variasi, the best pokoknya.",Diulas 86 minggu lalu
https://www.traveloka.com/id-id/user/review/consumption/HOTEL/GENERAL/295653,3,32,"Ok. Lokasi strategis, pelayanan ramah.",Diulas 87 minggu lalu
https://www.traveloka.com/id-id/user/review/consumption/HOTEL/GENERAL/295653,3,33,Mantap dan mengesankan. Terima kasih.,Diulas 92 minggu lalu
https://www.traveloka.com/id-id/user/review/consumption/HOTEL/GENERAL/295653,3,34,"Kebersihan area dan kamar hotel bagus, breakfast nya juga okay, pelayanan staff ramah. Tks.",Diulas 95 minggu lalu
https://www.traveloka.com/id-id/user/review/consumption/HOTEL/GENERAL/295653,3,35,Top dan tingkatkan pelayanannya.,Diulas 96 minggu lalu
https://www.traveloka.com/id-id/user/review/consumption/HOTEL/GENERAL/295653,3,36,"Sudah 3x selalu di hotel ini, bagus.",Diulas 98 minggu lalu
https://www.traveloka.com/id-id/user/review/consumption/HOTEL/GENERAL/295653,3,37,"Kalau TV yang sudah Android ditunjang dengan akses Wi-Fi kuat, pasti lebih bagus lagi Santika.",Diulas 99 minggu lalu
https://www.traveloka.com/id-id/user/review/consumption/HOTEL/GENERAL/295653,3,38,"Staff ramah, makanan variatif, kolam renang anak suasana adem.",Diulas 99 minggu lalu
https://www.traveloka.com/id-id/user/review/consumption/HOTEL/GENERAL/295653,3,39,"Staf ramah, memberi info yang detail dan baik.",Diulas 100 minggu lalu
https://www.traveloka.com/id-id/user/review/consumption/HOTEL/GENERAL/295653,3,40,"Staff ramah ☺️ proses cek in mudah dan cepat tanpa kendala 👍🏼 dapat free upgrade kamar juga 😍 kamar bersih. Menu sarapan enak-enak 😋 kolam renang bersih dan luas. Hotel juga strategis, banyak tempat kuliner di sekitarnya. 🥰",Diulas 101 minggu lalu
https://www.traveloka.com/id-id/user/review/consumption/HOTEL/GENERAL/295653,4,1,"Assalamu'alaikum. Ini pertama kali saya dan keluarga menginap di Hotel Santika Tasikmalaya. Honestly, sangat berkesan, saya sudah beberapa kali menginap di hotel bintang 3 dan 4 tetapi ini yang paling ramah staff hotelnya, mulai dari pintu masuk staff-nya dari kejauhan sudah senyum, helpful banget, proses check in/check out yang cepat, kids friendly, kamarnya luas dan bersih, fasilitas kamar lengkap sesuai dengan yang tertera di aplikasi. Terima kasih Hotel Santika Tasikmalaya. Inshaallah next time kalau ke Tasik nginep di sini lagi🙏🫰❤️",Diulas 101 minggu lalu
https://www.traveloka.com/id-id/user/review/consumption/HOTEL/GENERAL/295653,4,2,"Nyaman, pelayanan ramah, hotel bersih.",Diulas 103 minggu lalu
https://www.traveloka.com/id-id/user/review/consumption/HOTEL/GENERAL/295653,4,3,"Luar biasa, makanannya enak, akomodasinya bersih & area parkirnya luas.",Diulas 103 minggu lalu
https://www.traveloka.com/id-id/user/review/consumption/HOTEL/GENERAL/295653,4,4,"Karena kamar pesanan kami ternyata habis, lalu sebagai bentuk pelayanan, maka pihak hotel menaikan grade kamar ke premium tanpa ada biaya tambahan dengan fasilitas luar biasa nyaman, luar biasaa, terima kasih yaa 🙏🏻🥰",Diulas 104 minggu lalu
https://www.traveloka.com/id-id/user/review/consumption/HOTEL/GENERAL/295653,4,5,"Tempatnya bagus, walaupun tidak dapat ukuran kamar yang seperti sebelumnya (padahal pesanannya tipe yang sama), tapi sangat menyenangkan.",Diulas 114 minggu lalu
https://www.traveloka.com/id-id/user/review/consumption/HOTEL/GENERAL/295653,4,6,"Nyaman sekali, bersih rapih juga.",Diulas 116 minggu lalu
https://www.traveloka.com/id-id/user/review/consumption/HOTEL/GENERAL/295653,4,7,"Affordable, kamarnya super nyaman, kolamnya ramah anak.",Diulas 116 minggu lalu
https://www.traveloka.com/id-id/user/review/consumption/HOTEL/GENERAL/295653,4,8,"Kamar luas dan yang pasti sudah smart TV, jadi anak-anak bisa nonton tontonan kesukaan-nya mereka, sarapan lumayan lengkap dan rasanya maknyus.",Diulas 117 minggu lalu
https://www.traveloka.com/id-id/user/review/consumption/HOTEL/GENERAL/295653,4,9,"Process mudah, room bersih luas menyenangkan.",Diulas 118 minggu lalu
https://www.traveloka.com/id-id/user/review/consumption/HOTEL/GENERAL/295653,4,10,Happy holiday. Breakfast nya enak-enakstafnya ramah-ramah. Thx.,Diulas 119 minggu lalu
https://www.traveloka.com/id-id/user/review/consumption/HOTEL/GENERAL/295653,4,11,"Saya menikmati menginap dihotel ini, parkirnya yang luas, pemandangan indah, kolam renangnya cukup memanjakkan anak-anak.",Diulas 119 minggu lalu
https://www.traveloka.com/id-id/user/review/consumption/HOTEL/GENERAL/295653,4,12,"Layanan memuaskan, breakfast lengkap, kamar nyaman.",Diulas 124 minggu lalu
https://www.traveloka.com/id-id/user/review/consumption/HOTEL/GENERAL/295653,4,13,"Hotel langganan kalau lagi mengunjungi orang tua di Tasik. Semuanya serba oke. Pelayanan oke, breakfast oke, lokasi oke, petugas juga cukup ramah dan helpful.",Diulas 124 minggu lalu
https://www.traveloka.com/id-id/user/review/consumption/HOTEL/GENERAL/295653,4,14,"Bagus, bersih, nyaman, sarapannya sesuai rating aja 🤭.",Diulas 125 minggu lalu
https://www.traveloka.com/id-id/user/review/consumption/HOTEL/GENERAL/295653,4,15,"Hotelnya nyaman, bersih, pelayanannya bagus. Menu breakfast-nya juga variatif dan enak. Kolam renangnya juga bagus dan bersih jadi bikin happy anak-anak 🥰.",Diulas 125 minggu lalu
https://www.traveloka.com/id-id/user/review/consumption/HOTEL/GENERAL/295653,4,16,"Penginapan yang nyaman. Di hotel ada tempat ngopi enak. Makananya variatif, orangnya ramah-ramah semua, enak pokoknya kolam renangnya juga bagus, sukses selalu.",Diulas 125 minggu lalu
https://www.traveloka.com/id-id/user/review/consumption/HOTEL/GENERAL/295653,4,17,Puas sama pelayanan nya makanan nya pun enak-enak semua dan sangat kids friendly.,Diulas 126 minggu lalu
https://www.traveloka.com/id-id/user/review/consumption/HOTEL/GENERAL/295653,4,18,"Sangat rekomen, nyaman, pelayanan oke",Diulas 127 minggu lalu
https://www.traveloka.com/id-id/user/review/consumption/HOTEL/GENERAL/295653,4,19,Hotel yang makanannya enak di lidah se-Tasikmalaya 🥳✌,Diulas 128 minggu lalu
https://www.traveloka.com/id-id/user/review/consumption/HOTEL/GENERAL/295653,4,20,"Akomodasi sesuai dengan yang tertera pada gambar, pelayanan baik, bersih, sarapan juga juga enak. Terima kasih.",Diulas 129 minggu lalu
https://www.traveloka.com/id-id/user/review/consumption/HOTEL/GENERAL/295653,4,21,Sangat sangat recommended bagus banget.,Diulas 134 minggu lalu
https://www.traveloka.com/id-id/user/review/consumption/HOTEL/GENERAL/295653,4,22,"Ini kedua kalinya nginep dengan jarak satu bulan lalu, saat masuk 5 menit belum di sapa reception padahal sudah di depan counter. Sarapan minta telur lama sampe akhir makan 3 kali minta baru di kirim.",Diulas 135 minggu lalu
https://www.traveloka.com/id-id/user/review/consumption/HOTEL/GENERAL/295653,4,23,So fae so good. Cuma kurang kulkas dan snack aja di ruangan.,Diulas 136 minggu lalu
https://www.traveloka.com/id-id/user/review/consumption/HOTEL/GENERAL/295653,4,24,"Pelayanan ramah, kamar nyaman, lokasi strategis.",Diulas 137 minggu lalu
https://www.traveloka.com/id-id/user/review/consumption/HOTEL/GENERAL/295653,4,25,"Senang staycation di hotel santika, sudah langganan kalau lagi ke tasikmalaya, cuma pesan kamar yang non smoking di kasih yang room smoking, alhasil asma kumat, baju dan badan bau rokok, dan kamar mandi dapat yang bau pesing ngga hilang-hilang, semoga segera diperbaiki ke depannya.",Diulas 137 minggu lalu
https://www.traveloka.com/id-id/user/review/consumption/HOTEL/GENERAL/295653,4,26,"Pengalaman kedua menginap di Santika; Sempat mengalami kendala kunci kamar gasehingga bisa dibuka harus balik ke lobby, selain itu semua OK, termasuk breakfast nya.",Diulas 137 minggu lalu
https://www.traveloka.com/id-id/user/review/consumption/HOTEL/GENERAL/295653,4,27,"Datang dengan pasangan dan anak saya. Kami tiba pukul 6 sore, proses check in dan meminta tempat tidur tambahan untuk putra kami tanpa kerumitan. Kamarnya rapi, toiletnya bersih, tempat tidur dan bantalnya bagus tapi yang mengejutkan kami adalah tidak ada kulkas di dalam kamar karena kami sudah membeli soda dan air. Untuk ruangan yang perlu diperbaiki, semoga ada mini kulkas, rak paling atas (rak hitam diatas air mineral & hot pot) berdebu sekali saya bisa usap jari dan lihat pemisahan debunya. Dan yang paling penting bagi kami adalah kualitas saluran TV Anda sangat buruk. Semua salurannya kasar, tolonglah kita berada di era digital sekarang Anda cukup memasang penerima antena dan menggunakan konverter digital untuk ini. Saya mengerti bahwa Anda menggunakan fasilitas kabel mnc, harap Anda dapat melakukan lebih baik dari ini. Pengalaman sarapannya luar biasa terutama hidangan lokal seperti nasi cikur dan nasi kuning. Hanya perlu posisi yang tepat untuk memamerkan stand agar tamu memperhatikan stand tersebut. Secara keseluruhan, ini adalah pengalaman yang luar biasa menginap di santika tasikmalaya.",Diulas 138 minggu lalu
https://www.traveloka.com/id-id/user/review/consumption/HOTEL/GENERAL/295653,4,28,"Hotelnya nyaman banget, fasilitas lengkap ada swimming pool & gym, parkiran luas, akses mudah, sarapan banyak pilihan menu, kalo malam di depan hotel banyak jajanan pinggir jalan buat nyemil. Resepsionis juga ramah, best lah pokoknya dari semua fasilitas & pelayanannya. Thank you.",Diulas 139 minggu lalu
https://www.traveloka.com/id-id/user/review/consumption/HOTEL/GENERAL/295653,4,29,"Hotel yang bagus, staf yang ramah dan membantu. Vina di restoran sangat profesional dan sangat ramah dan memberikan layanan terbaik.",Diulas 139 minggu lalu
https://www.traveloka.com/id-id/user/review/consumption/HOTEL/GENERAL/295653,4,30,"Kamarnya luas, bersih, pelayanannya ok, menyenangkan di sini😁",Diulas 144 minggu lalu
https://www.traveloka.com/id-id/user/review/consumption/HOTEL/GENERAL/295653,4,31,Melebihi ekspektasi. Kamar bersih dan luas. Air minum satu kamar dapat 4. Pelayanan memuaskan.,Diulas 148 minggu lalu
https://www.traveloka.com/id-id/user/review/consumption/HOTEL/GENERAL/295653,4,32,"Kamarnya bersih, nyaman, kolam renang juga enak, menu sarapan enak, pilihan banyak, servisnya ramah, ada gym, lumayan bisa latihan tipis-tipis, kemana-mana deket jalan kaki malem-malem syahdu sekali, pengen lagi.",Diulas 151 minggu lalu
https://www.traveloka.com/id-id/user/review/consumption/HOTEL/GENERAL/295653,4,33,"Semoga lain waktu bisa singgah lagi, terima kasih pelayanannya 🥰",Diulas 152 minggu lalu
https://www.traveloka.com/id-id/user/review/consumption/HOTEL/GENERAL/295653,4,34,"Sangat menyebankan, lokasi dalam kota, nya man, bersih, recommended buat acara dan keluarga.",Diulas 153 minggu lalu
https://www.traveloka.com/id-id/user/review/consumption/HOTEL/GENERAL/295653,4,35,"Baru pertama kali nginep di Hotel Santika Tasikmalaya karena ada undangan nikahan teman. Dan jujurly saya harus kasih bintang 20 ya. Makanannya enak banget😍👌🏻, mulai dari menu acara nikahan sampai menu breakfast ish gak ada yang gagal dong😂. Kamar oke, kebersihan oke, pelayanan oke, lokasi oke, pasti balik lagi ini mah. Keep it up ya.😎👍.",Diulas 154 minggu lalu
https://www.traveloka.com/id-id/user/review/consumption/HOTEL/GENERAL/295653,4,36,Bagus tempat nya buat anak-anak nyaman dan makananya beragam 👍.,Diulas 158 minggu lalu
https://www.traveloka.com/id-id/user/review/consumption/HOTEL/GENERAL/295653,4,37,Hotelnya nyaman dan menu sahur pun lengkap dan enak. Ditambah kami diberikan add free untuk menu sahur untuk anak waktu kami menginap di santika tasikmalaya.,Diulas 159 minggu lalu
https://www.traveloka.com/id-id/user/review/consumption/HOTEL/GENERAL/295653,4,38,"Kamar bagus, makanan juga enak.",Diulas 160 minggu lalu
https://www.traveloka.com/id-id/user/review/consumption/HOTEL/GENERAL/295653,4,39,Pelayanan sangat baik. Kamar bersih dan varian makanan untuk sarapan juga sangat banyak. Yang palung penting makanan nya enak enak. Terima kasih Santika Tasikmalaya untuk hospitality nya. Keep up the great hospitality.,Diulas 160 minggu lalu
https://www.traveloka.com/id-id/user/review/consumption/HOTEL/GENERAL/295653,4,40,Pelayanan yang sangat baik. Kamar bersih dan nyaman. Untuk varian makanan untuk sarapan sangat banyak. Yang paling penting makanannya enak-enak. Keep up the great service Santika Tasikmalaya. 💪🏻🙏.,Diulas 160 minggu lalu
https://www.traveloka.com/id-id/user/review/consumption/HOTEL/GENERAL/295653,5,1,Sudah kesekian kalinya menginap di sini dan overall selalu puas.,Diulas 163 minggu lalu
https://www.traveloka.com/id-id/user/review/consumption/HOTEL/GENERAL/295653,5,2,Saya sangat menikmati bersama dengan keluarga menginap di hotel ini. Sarapannya juga sangat lengkap. Semoga bisa menginap di sini kembali. See you again.,Diulas 170 minggu lalu
https://www.traveloka.com/id-id/user/review/consumption/HOTEL/GENERAL/295653,5,3,"Anak saya happy sampai gak mau pulang, karena Santika menyediakan fasilitas yang nyaman mulai dari pelayanan pegawainya yang ramah, breakfast yang enak dan banyak menu, kolam renang dan kamar tidur yang nyaman dan bersih. Pokoknya gak menyesal menginap di hotel santika. Apalagi tempatnya strategis berada di pusat kota. Check in malam Minggu bisa ke Pasar Mambo jalan kaki.",Diulas 171 minggu lalu
https://www.traveloka.com/id-id/user/review/consumption/HOTEL/GENERAL/295653,5,4,"Kami selalu menginap di hotel ini setiap kali kami bepergian ke Tasikmalaya, baik untuk perjalanan keluarga maupun bisnis. Stafnya ramah, makanannya enak, dan mereka menyajikan menu tradisional yang tidak akan Anda temukan di tempat lain. Kamar bersih dan bernilai uang. Kolam renang yang bagus, meskipun saya tidak pernah memiliki kesempatan untuk mencoba gym. Hotel ini terletak di sekitar restoran dan makanan jalanan, membuat hidup saya lebih mudah.",Diulas 172 minggu lalu
https://www.traveloka.com/id-id/user/review/consumption/HOTEL/GENERAL/295653,5,5,"Ramah resepsionisnya, cepat check in maupun check out.",Diulas 176 minggu lalu
https://www.traveloka.com/id-id/user/review/consumption/HOTEL/GENERAL/295653,5,6,"Hotelnya strategis, di tengah kota, dekat tempat kuliner. Kamarnya bersih, interiornya baru, makanannya enak-enak dan beragam. Orang-orangnya ramah dan baik.",Diulas 178 minggu lalu
https://www.traveloka.com/id-id/user/review/consumption/HOTEL/GENERAL/295653,5,7,Hotel bersih dan di tengah kota.,Diulas 179 minggu lalu
https://www.traveloka.com/id-id/user/review/consumption/HOTEL/GENERAL/295653,5,8,"Senang bisa kembali ke sini. Jika saya tidak salah, mereka merenovasi interior kamar mereka. Saya sangat suka interior baru mereka sekarang, minimalis dan kamarnya pasti lebih bersih daripada terakhir kali saya menginap di sini. Proses check in super cepat dan efisien, front office membantu saya menangani semua keluarga saya (memesan 5 kamar) dengan sangat baik. Semua staf sangat ramah dan membantu. Saya pikir satu-satunya kontra adalah makanan sarapan, mereka menawarkan berbagai makanan tetapi saya pikir mereka dapat meningkatkan rasa dan kualitas makanan itu sendiri. Tetapi staf restoran juga sangat baik.",Diulas 185 minggu lalu
https://www.traveloka.com/id-id/user/review/consumption/HOTEL/GENERAL/295653,5,9,"Hotel sangat nyaman sekali. Sangat dekat ke alun alun, masjid agung serta jalan KH. Z. Mustofa yang sedang viral. Sarapan sangat lengkap dan enak. Pelayanan petugas resepsionis ramah dan cepat. Begitu pula petugas hotelnya. Dibandingkan dengan rate hotel Santika di kota lain, yang di Tasikmalaya tergolong murah",Diulas 186 minggu lalu
https://www.traveloka.com/id-id/user/review/consumption/HOTEL/GENERAL/295653,5,10,"Layanannya ramah dan informative, bersih dan breakfast nya lumayan. Lokasi strategis di tengah kota.",Diulas 190 minggu lalu
https://www.traveloka.com/id-id/user/review/consumption/HOTEL/GENERAL/295653,5,11,Hotelnya bersih dan pelayanannya baik.,Diulas 192 minggu lalu
https://www.traveloka.com/id-id/user/review/consumption/HOTEL/GENERAL/295653,5,12,"Mantap banget sekarang ada coffee shop buat betah, staff pelayanan semua ramah baik check in cepat dan sudah pasti tiap ke Tasik selalu nginep di Santika 👌",Diulas 196 minggu lalu
https://www.traveloka.com/id-id/user/review/consumption/HOTEL/GENERAL/295653,5,13,Pelayanan menyenangkan dan ramah-ramah.,Diulas 196 minggu lalu
https://www.traveloka.com/id-id/user/review/consumption/HOTEL/GENERAL/295653,5,14,"Sesuai dengan harga, lokasi oke!",Diulas 198 minggu lalu
https://www.traveloka.com/id-id/user/review/consumption/HOTEL/GENERAL/295653,5,15,"Kamar bersih, kebetulan pesan room untuk hari birthday anak free slice cake. Sarapan rasa biasa saja, varian banyak. Kamar mandi terlihat terkesan tua. Maklum hotel lama. Kolam renang bersih dan besar cocok untuk liburan keluarga.",Diulas 202 minggu lalu
https://www.traveloka.com/id-id/user/review/consumption/HOTEL/GENERAL/295653,5,16,"Mengesankan mulai dari proses check in, kamar bersih dan rapih, menu sarapan bervariasi, extra nilai plus untuk pastry chef nya.",Diulas 203 minggu lalu
https://www.traveloka.com/id-id/user/review/consumption/HOTEL/GENERAL/295653,5,17,"Senang anak-anak berenang di sana bikin ketagihan dan makanan enak, petugas ramah sekali.",Diulas 203 minggu lalu
https://www.traveloka.com/id-id/user/review/consumption/HOTEL/GENERAL/295653,5,18,"Saya memiliki pengalaman menginap yang paling menyenangkan di sini, merekomendasikan kepada semua orang untuk menginap dan menginap bersama keluarga. Kamar tidur dan kamar mandi bersih & rapi. Pemandangan indah dan kenyamanan di kolam renang dan atap. Staf juga membantu dan ramah. Pilihan sarapannya banyak, rasanya enak, dan yang terpenting ada egg-cornernya. Sunny side-up itu enak.",Diulas 204 minggu lalu
https://www.traveloka.com/id-id/user/review/consumption/HOTEL/GENERAL/295653,5,19,"Kamar kurang bersih, sarapan pagi menemukan rambut.",Diulas 207 minggu lalu
https://www.traveloka.com/id-id/user/review/consumption/HOTEL/GENERAL/295653,5,20,"Untuk sarapan paginya, mantap banyak pilihannya. Hanya saja, pas saya mau check-in, kamar masih disiapkan padahal saya ke hotel jam 2, jadi kami harus menunggu lagI setengah jam. Tolong lebih on time, jadi tamu tidak menunggu lagi.",Diulas 211 minggu lalu
https://www.traveloka.com/id-id/user/review/consumption/HOTEL/GENERAL/295653,5,21,"Alhamdulillah selalu betah menginap di Santika Tasikmalaya, kalau sedang tugas. Terima kasih.",Diulas 213 minggu lalu
https://www.traveloka.com/id-id/user/review/consumption/HOTEL/GENERAL/295653,5,22,"Bersih, ramah dan menyenangkan, recommended.",Diulas 215 minggu lalu
https://www.traveloka.com/id-id/user/review/consumption/HOTEL/GENERAL/295653,5,23,"Bersih, layanan ramah, tidak bising.",Diulas 220 minggu lalu
https://www.traveloka.com/id-id/user/review/consumption/HOTEL/GENERAL/295653,5,24,"Keren dan cukup asik nginap di sini, pelayanan ramah dan makanan yang cukup nikmat.",Diulas 221 minggu lalu
https://www.traveloka.com/id-id/user/review/consumption/HOTEL/GENERAL/295653,5,25,"Tempat oke, semuanya di bungkus plastik seperti handuk sehingga bersih. Hanya saja di bagian meja ada semut. Bukan cuma kamar saya saja, tapi kamar saudara saya juga keluhannya ada semut. Jadi perlu penanganan lebih detail lagi. Tapi secara keseluruhan oke.",Diulas 225 minggu lalu
https://www.traveloka.com/id-id/user/review/consumption/HOTEL/GENERAL/295653,5,26,"Ada renovasi yang terjadi di beberapa lantai, sehingga sangat berdebu di aula dan tidak bersih. Saya kira untuk renovasi harus per lantai dan lantai itu jangan ditempati dulu.",Diulas 225 minggu lalu
https://www.traveloka.com/id-id/user/review/consumption/HOTEL/GENERAL/295653,5,27,Kamar bersih. Pelayanan baik. Breakfast. Hanya kemaren check inn karena banyak tamu yang lambat check out.,Diulas 227 minggu lalu
https://www.traveloka.com/id-id/user/review/consumption/HOTEL/GENERAL/295653,5,28,Clean & big room ramah dan harga bagus.,Diulas 229 minggu lalu
https://www.traveloka.com/id-id/user/review/consumption/HOTEL/GENERAL/295653,5,29,Kurang nyaman kamarnya dan kedengeran di luar.,Diulas 229 minggu lalu
https://www.traveloka.com/id-id/user/review/consumption/HOTEL/GENERAL/295653,5,30,Pelayanan memuaskan cuma makanan harus ready full sampai jam 10 dong jangan sampai pengunjung yang datang hampir jam 10 kehabisan.,Diulas 229 minggu lalu
https://www.traveloka.com/id-id/user/review/consumption/HOTEL/GENERAL/295653,5,31,"Saya datang jam 5 sore dan kamar belum siap! Harus menunggu dan terus mengikuti. Kamar itu sendiri berada di bawah hotel bintang 3 lainnya. Mereka tidak menyediakan gelas di kamar, hanya gelas plastik dan gelas kopi plastik. Mungkin untuk kebersihan tapi rasanya sangat murah! AC sangat panas! (+) saat sarapan, staf mengambilkan makanan untuk kami agar meminimalkan kontaminasi silang. (-) Tidak ada protokol kesehatan lain: tamu lain berjalan di sekitar ruang publik tanpa masker dan staf hotel tidak mengatakan apa-apa. (-) Tidak ada reservasi untuk kolam renang dan sarapan, sehingga sangat ramai pada waktu tertentu. Secara keseluruhan bukan hotel terbaik di tasik dan saya tidak akan kembali.",Diulas 229 minggu lalu
https://www.traveloka.com/id-id/user/review/consumption/HOTEL/GENERAL/295653,5,32,Lokasi strategis cuma sayang kolam renang g bisa dipake karena ada acara resepsi.,Diulas 230 minggu lalu
https://www.traveloka.com/id-id/user/review/consumption/HOTEL/GENERAL/295653,5,33,Hotel yang bagus sebagai hotel standar. Baik untuk keluarga juga tujuan bisnis.,Diulas 232 minggu lalu
https://www.traveloka.com/id-id/user/review/consumption/HOTEL/GENERAL/295653,5,34,"Kamar tidak kedap suara, sarapan tidak enak, aliran shower kecil, untuk berkumur hanya diberi gelas plastik. Seperti hotel sekelas bintang 2.",Diulas 234 minggu lalu
https://www.traveloka.com/id-id/user/review/consumption/HOTEL/GENERAL/295653,5,35,Mantap sekali. Sesuai dengan namanya.,Diulas 235 minggu lalu
https://www.traveloka.com/id-id/user/review/consumption/HOTEL/GENERAL/295653,5,36,Menunggu terlalu lama untuk check-in.,Diulas 235 minggu lalu
https://www.traveloka.com/id-id/user/review/consumption/HOTEL/GENERAL/295653,5,37,"Kita sudah 4 kali check in di santika, yang kemaren itu pengalaman terburuk. Kamar bau, sprei, bantal dari gulungan handuk. Kita gak komplain ke hotel karena saat check in sudah lelah.",Diulas 236 minggu lalu
https://www.traveloka.com/id-id/user/review/consumption/HOTEL/GENERAL/295653,5,38,"Kamar nya cukup lega, namun wifi hotel sering terputus-terputus. Sarapan cukup variasi dan makanan nya enak dengan pelayanan yang diambilkan oleh pihak hotel untuk lebih protokol kesehatan. Overall cukup puas dan jika ke tasik lagi hotel santika jadi pilihan utama.",Diulas 238 minggu lalu
https://www.traveloka.com/id-id/user/review/consumption/HOTEL/GENERAL/295653,5,39,Hotel yang bagus. Kamar bagus makanan enak.,Diulas 239 minggu lalu
https://www.traveloka.com/id-id/user/review/consumption/HOTEL/GENERAL/295653,5,40,Nyaman dan disediakan masker di tiap kamar nya. Terasa sekali aroma disinfektan tanda kamar disterilkan dengan baik.,Diulas 239 minggu lalu
https://www.traveloka.com/id-id/user/review/consumption/HOTEL/GENERAL/295653,6,1,"Saya sangat menikmati pelayanan Hotel Santika Tasikmalaya, pelayanan ramah dan memuaskan. Anak juga suka. Terima kasih.",Diulas 239 minggu lalu
https://www.traveloka.com/id-id/user/review/consumption/HOTEL/GENERAL/295653,6,2,Tidak bisa pake kolam renang d hari minggu soalnya dipakai acara nikahan. Makanan sarapan kurang ada rasanya.,Diulas 240 minggu lalu
https://www.traveloka.com/id-id/user/review/consumption/HOTEL/GENERAL/295653,6,3,Dari awal cek in sampai cek out kami di layani dengan baik. Semua staf hotel sangat ramah dan penuh senyum. Anak saya sangat senang menginap di sini. Hanya ada kekurangan satu yaitu menu sarapan yang pilihannya kurang banyak. Secara keseluruhan semuanya sangat baik. Terima kasih.,Diulas 241 minggu lalu
https://www.traveloka.com/id-id/user/review/consumption/HOTEL/GENERAL/295653,6,4,Selalu nyaman menginap di Santika jika sedang tugas ke daerah priangan timur. Terima kasih Santika Tasikmalaya atas pelayanannya.,Diulas 241 minggu lalu
https://www.traveloka.com/id-id/user/review/consumption/HOTEL/GENERAL/295653,6,5,"Kamar bersih dan nyaman, pelayanan memuaskan dan dapet free upgrade ke deluxe.",Diulas 241 minggu lalu
https://www.traveloka.com/id-id/user/review/consumption/HOTEL/GENERAL/295653,6,6,Good. Sayang kolam renang nya lagi dalam pembersihan jadi ga bisa menikmati,Diulas 242 minggu lalu
https://www.traveloka.com/id-id/user/review/consumption/HOTEL/GENERAL/295653,6,7,"Siang sebelum saya cek out, ada perempuan datang ke kamar saya memgetuk dan bel berkali kali dengan alasan ada laki laki yang booking dia untuk datang ke kamar saya. Seharus nya hal seperti ini tidak boleh terjadi, dan sangat merugikan.",Diulas 243 minggu lalu
https://www.traveloka.com/id-id/user/review/consumption/HOTEL/GENERAL/295653,6,8,"Pelayanan ok, kamar bersih dan rapih.",Diulas 243 minggu lalu
https://www.traveloka.com/id-id/user/review/consumption/HOTEL/GENERAL/295653,6,9,"Saya pesan deluxe yang difoto ada sofa, tp realnya ga ada sofa. Sarung bantalnya kumal, kamar mandinya tidak sebersih biasanya. Kolam renangnya kotor. Sarapan cukup enak dan cukup beragam. Setelah beberapa kali menginap di santika tasikmalaya, biasanya saya merasa puas. Tp kali ini tidak seperti biasanya.",Diulas 243 minggu lalu
https://www.traveloka.com/id-id/user/review/consumption/HOTEL/GENERAL/295653,6,10,"Bantalnya kotor, padahal dibungkus cover bersih. Pendingin udara tidak berfungsi dengan baik. Saya di lantai 7, ada bau apek di luar kamar di seluruh lantai. Waktu saya menginap disana kolam renangnya digunakan untuk acara pernikahan, dan hanya bisa digunakan sebentar saja. Hotel Santika terburuk dari semua hotel santika yang pernah saya kunjungi.",Diulas 243 minggu lalu
https://www.traveloka.com/id-id/user/review/consumption/HOTEL/GENERAL/295653,6,11,Harga dengan vasilitas kamar tak sesuai.,Diulas 243 minggu lalu
https://www.traveloka.com/id-id/user/review/consumption/HOTEL/GENERAL/295653,6,12,"Saya check in jam 3 sorean tp kamar belum ada yang siap. Ketika masuk kamar, ada salah satu kamar (kamar 210) bau rokok menyengat baik ruangannya maupun tempat tidurnya.",Diulas 244 minggu lalu
https://www.traveloka.com/id-id/user/review/consumption/HOTEL/GENERAL/295653,6,13,"Tempatnya sangat nyaman, ac dimatikan tetep dingin suhu ruangan, sarapan nya sih terlalu sedikit ragamnya, tp pelayanan sangat ramah.",Diulas 245 minggu lalu
https://www.traveloka.com/id-id/user/review/consumption/HOTEL/GENERAL/295653,6,14,"Alhamdulillah, akhirnya bisa dapat kamar lagi santika tasikmalaya, setelah sebelumnya di tutup jalan dan selalu full booked. Selalu nyaman menginap di hotel santika tasikmalaya. Terima kasih atas pelayanannya 👍🙏🏼.",Diulas 246 minggu lalu
https://www.traveloka.com/id-id/user/review/consumption/HOTEL/GENERAL/295653,6,15,Ga ada sisir ga ada kertas pensil buat nulis masukan.,Diulas 250 minggu lalu
https://www.traveloka.com/id-id/user/review/consumption/HOTEL/GENERAL/295653,6,16,Gak pernah kecewa kalo nginep di hotel yang namanya SANTIKA. Mantap.,Diulas 250 minggu lalu
https://www.traveloka.com/id-id/user/review/consumption/HOTEL/GENERAL/295653,6,17,"Harga bagus, sedikit kotor di kamar mandi, tapi masih bisa diterima. Protokolnya tidak terlalu bagus, karena tidak ada pengamanan untuk mengecek kondisi kita di era pandemi ini. Tidak bisa menggunakan kolam renang karena pandemi, semoga pandemi cepat atau lambat berakhir.",Diulas 251 minggu lalu
https://www.traveloka.com/id-id/user/review/consumption/HOTEL/GENERAL/295653,6,18,"Senang rasanya menginap di sini. Lagipula, aku baik-baik saja.",Diulas 252 minggu lalu
https://www.traveloka.com/id-id/user/review/consumption/HOTEL/GENERAL/295653,6,19,"Ac gak dingin, sarapan b aja rasa telur hambar nasi kering, menikmati last hour ' s lagi tidur ada yang bell buat laundry, di telpon receptionist buat extend atau tidak. Staf ramah hanya kurang nyaman itu aja.",Diulas 252 minggu lalu
https://www.traveloka.com/id-id/user/review/consumption/HOTEL/GENERAL/295653,6,20,AC nya beberapa kali di benerin tetep kurang dingin.,Diulas 254 minggu lalu
https://www.traveloka.com/id-id/user/review/consumption/HOTEL/GENERAL/295653,6,21,Sempurna untuk liburan dan bulan madu,Diulas 257 minggu lalu
https://www.traveloka.com/id-id/user/review/consumption/HOTEL/GENERAL/295653,6,22,"Setiap kali memerlukan akomodasi saat berkunjung ke kota Tasikmalaya, saya selalu memilih menginap di Hotel Santika karena dari beberapa alternatif pilihan yang ada, Hotel Santika masih memberikan yang terbaik!",Diulas 258 minggu lalu
https://www.traveloka.com/id-id/user/review/consumption/HOTEL/GENERAL/295653,6,23,"Kamar kotor, kamar mandi kotor.",Diulas 258 minggu lalu
https://www.traveloka.com/id-id/user/review/consumption/HOTEL/GENERAL/295653,6,24,Lokasi hotel strategis banget. Dekat kemana-mana. Dekat tempat makan juga. Staff ramah. Makanan oke. Service oke juga. Feedback: kamar mandi di area swimming pool harus lebih terawat (kotor banget) - kolam renang juga kayak ga max maintenance nya. But so far masih oke lah. Sayang soalnya kalo sampai ga di maintain.,Diulas 259 minggu lalu
https://www.traveloka.com/id-id/user/review/consumption/HOTEL/GENERAL/295653,6,25,"Berada di pusat kota, gampang untuk wisata kuliner. Kamar mandi agak sempit.",Diulas 259 minggu lalu
https://www.traveloka.com/id-id/user/review/consumption/HOTEL/GENERAL/295653,6,26,"Hotel bersih, nyaman. Pelayanan juga sangat nyaman, terima kasih",Diulas 259 minggu lalu
https://www.traveloka.com/id-id/user/review/consumption/HOTEL/GENERAL/295653,6,27,Pelayanan ramah baik dan cepat.,Diulas 259 minggu lalu
https://www.traveloka.com/id-id/user/review/consumption/HOTEL/GENERAL/295653,6,28,"Oke mantap. Pelayanan, kebersihan semua okey.",Diulas 260 minggu lalu
https://www.traveloka.com/id-id/user/review/consumption/HOTEL/GENERAL/295653,6,29,"Tiap tahun mudik selalu stay di sini, cuma kali ini aga kecewa karena kondisi KM kurang bersih, terlihat coklat/hitam di beberapa sudut KM seperti tidak pernah digosok/dibersihkan. Kolam renang juga kurang bersih, tidak ada yang jaga. Seperti sebelumnya",Diulas 260 minggu lalu
https://www.traveloka.com/id-id/user/review/consumption/HOTEL/GENERAL/295653,6,30,Sangat memperhatikan prokes Covid19. Sangat higienis. Appreciated.,Diulas 261 minggu lalu
https://www.traveloka.com/id-id/user/review/consumption/HOTEL/GENERAL/295653,6,31,"Lokasi strategis, deket ke beberapa lokasi kuliner jd ongkir gofood/grabfood nya lebih murah ha hah Kamar juga okay, bersih hanya pembuangan air di tmpat shower agak macet dikit.",Diulas 261 minggu lalu
https://www.traveloka.com/id-id/user/review/consumption/HOTEL/GENERAL/295653,6,32,"Biasa menginap puas banget, tapi yang sekarang menginap kurang oke. AC kurang dingin, remote ac nya mau nurunin suhu harus dipencet keras. Breakfast kurang enak. Wc nya kerasa kotor, banyak noda di tiles nya. Sekarang di dalem kamar tidak ada kulkas, padahal dulu ada, jadi ngga bisa dinginin minuman. Public area kerasa kumuh, ntah kenapa. Mungkin karena kurang staff ya. Hospitality nya masih paling oke sih di Tasik. Cuma mungkin next mau coba yang lain dulu karena ada banyak hotel baru d Tasik.",Diulas 261 minggu lalu
https://www.traveloka.com/id-id/user/review/consumption/HOTEL/GENERAL/295653,6,33,"menu sarapan kurang pareatif, kamar tidurnya masih disain jaman dulu",Diulas 262 minggu lalu
https://www.traveloka.com/id-id/user/review/consumption/HOTEL/GENERAL/295653,6,34,"Layanannya cukup ramah dan kamarnya bersih, sahur dilayani dengan baik, thank you.",Diulas 266 minggu lalu
https://www.traveloka.com/id-id/user/review/consumption/HOTEL/GENERAL/295653,6,35,Makanannya lumayan enak dan kamarnya lega dan bersih.,Diulas 266 minggu lalu
https://www.traveloka.com/id-id/user/review/consumption/HOTEL/GENERAL/295653,6,36,"Saat kami tiba di kamar, sudah waktunya tidur (sekitar jam 9 malam). Awalnya, istri saya menyukainya karena kamarnya tampak cukup besar dan nyaman. Namun, setelah beberapa menit, kami menyadari beberapa hal yang tidak menyenangkan: kamar tidak bersih, terutama seprainya. Kemudian kamar mulai berbau tidak sedap (seperti bau gas) dan AC tidak dingin. Kami menghubungi resepsionis dan beberapa staf datang untuk memeriksa. Awalnya, dia hanya mengatakan itu karena AC sentral, jadi kami tidak bisa mengaturnya dari kamar dan kamar akan tetap dingin. Tetapi setelah sekitar satu jam, teknisi lain datang dan memperbaiki sesuatu. Dia mengatakan AC terlalu dingin sebelumnya jadi mereka melakukan sesuatu agar tidak terlalu dingin (yang berbeda dengan penjelasan staf sebelumnya). Bagaimanapun, AC tetap tidak dingin sampai kami bangun di pagi hari. Sarapannya lumayan, tidak ada yang istimewa. Sayang sekali kami tidak menikmati masa menginap kami di sini karena kami cukup sering datang ke Tasik untuk mengunjungi keluarga kami.",Diulas 267 minggu lalu
https://www.traveloka.com/id-id/user/review/consumption/HOTEL/GENERAL/295653,6,37,Hotel yg Nyaman dan strategis di kota tasikmalaya.. selalu menjadi prioritas hotel jika kunjungan kerja ke Tasikmalaya Tapi kalau rate nya sudah diatas 800k baru pindah hotel lain...,Diulas 268 minggu lalu
https://www.traveloka.com/id-id/user/review/consumption/HOTEL/GENERAL/295653,6,38,"Handuknya dekil, tdk sesuai dg gedung hotelnya yg dari luar seperti bersih",Diulas 268 minggu lalu
https://www.traveloka.com/id-id/user/review/consumption/HOTEL/GENERAL/295653,6,39,"Tempat yg sangat strategis, bersih dan tertata rapi... Dekat denga masjid Agung Tasikmalaya.",Diulas 268 minggu lalu
https://www.traveloka.com/id-id/user/review/consumption/HOTEL/GENERAL/295653,6,40,"staff hotelnya semua ramahh, pelayanannya oke bgtttt!!!!!!! kolam renangnya juga bersih, kamarnya luasss, view kotanya juga dapat dan dket2 kemana-mana cuma sarapan paginyaa yg kurang variatif worth itt bngett dehh👍👍👍",Diulas 269 minggu lalu
https://www.traveloka.com/id-id/user/review/consumption/HOTEL/GENERAL/295653,7,1,"Sebaiknya pemberitahuan seperti ini diberitahu sebelum tamu melakukan transaksi, bukan dengan cara seperti ini (surat pemberitahuan diletakkan di kamar setelah transaksi dan check in), apalagi tanpa ada kompensasi yang diterima tamu.",Diulas 270 minggu lalu
https://www.traveloka.com/id-id/user/review/consumption/HOTEL/GENERAL/295653,7,2,"Area kolam renang anak (daerah saung) dibiarkan kotor, tidak pernah dibersihkan, sampah dan bekas piring kotor yang sama masih ada dari hari pertama menginap sampai hari ke 3..sangat disygkan karena area kolam renang adalah tempat favorit anak2.. AC central tidak dingin, sempat diservice 2 kali tp tetap sama tdk dingin ACnya.. Kebersihan kamar dan makanan lumayan ok.. Sebaiknya diperhatikan hal-hal tersebut karena Hotel Santika reputasinya terkenal baik.. Terima kasih",Diulas 271 minggu lalu
https://www.traveloka.com/id-id/user/review/consumption/HOTEL/GENERAL/295653,7,3,"Pada masa pandemi Covid-19, Saya menginap satu malam di Hotel Santika Tasikmalaya. Saya puas dengan upaya upaya yang telah dilakukan oleh Management Hotel yang telah menjalankan hotel dengan mengikuti protokol kesehatan untuk C-19. Insyaa Allah kami merasa aman menginap dan juga Insyaa Allah juga aman bagi orang orang yang akan menginap di Hotel Santika. Tambahan ...kondisi hotel dan khususnya kamar hotel dalam keadaan bersih dan terawat.",Diulas 271 minggu lalu
https://www.traveloka.com/id-id/user/review/consumption/HOTEL/GENERAL/295653,7,4,"sarapannya sekarang di ambilin, tidak lagi seperti makan prasmanan, bahkan air putih saja harus minta dulu baru di kasih. Habis sarapan nasi goreng sebenarnya aku haus, tapi karena air putih saja harus minta akhirnya aku minum air putih di yg ada dikamar.",Diulas 271 minggu lalu
https://www.traveloka.com/id-id/user/review/consumption/HOTEL/GENERAL/295653,7,5,Seperti biasa selalu menyenangkan .. menginap kali ini upgrade kamar free krn kamar no smoking room nya tdk tersedia... terimakasih santika,Diulas 271 minggu lalu
https://www.traveloka.com/id-id/user/review/consumption/HOTEL/GENERAL/295653,7,6,staf nya ramah semuanya..cmn sayang kebersihan di kamar yg saya tempati kurang...tirai jndela kotor dan ada bentangan sarang laba2,Diulas 272 minggu lalu
https://www.traveloka.com/id-id/user/review/consumption/HOTEL/GENERAL/295653,7,7,pelayanannya sangat ramah dan makanannya enak,Diulas 274 minggu lalu
https://www.traveloka.com/id-id/user/review/consumption/HOTEL/GENERAL/295653,7,8,"Saya memiliki pengalaman yang luar biasa untuk tinggal di sini, ukuran kamar yang besar membuat saya nyaman. Staf menyambut dengan hati, sayangnya saya hanya menginap untuk satu malam. tapi untuk air panasnya kurang maksimal harus di perbaiki. Dan untuk menu sarapannya gitu saja, saya tahu mungkin karena pandemi. Terima kasih akan kembali lagi nanti",Diulas 274 minggu lalu
https://www.traveloka.com/id-id/user/review/consumption/HOTEL/GENERAL/295653,7,9,Senang banget pokoknya mungkin gara gara covid juga jadi tidak terlalu ramai pas sarapan,Diulas 275 minggu lalu
https://www.traveloka.com/id-id/user/review/consumption/HOTEL/GENERAL/295653,7,10,Kebersihan di kamar hotel kurang.,Diulas 276 minggu lalu
https://www.traveloka.com/id-id/user/review/consumption/HOTEL/GENERAL/295653,7,11,"Seperti biasanya sangat menyenangkan menginap disini hanya saja saat ini sy dpt kamar yg toilet nya agak kotor ... terus mengenai sarapan tolong dong makanan nya jangan dibiarkan dingin, dan untuk ambil minuman boleh tidak ambil sendiri tidak usah harus minta ke pelayanan.. walaupun bagus sih untuk menghindari kontiminasi covid tp kl buat air putih atau tea boleh lah kita ambil sendiri . Tmksh santika",Diulas 277 minggu lalu
https://www.traveloka.com/id-id/user/review/consumption/HOTEL/GENERAL/295653,7,12,pelayanannya baik sekali cuma yg harus di perhatikan atau kekurangannya adalah tidak adanya petugas security di depan hotel yg mengatur keluar masuk mobil dan petugas yg mengatur parkir mobil sehingga ketika mau mobil sy mau keluar harus ke jalur masuk. Dan menu sarapan bisa di tambahkan lg agar lebih bervariasi. Terima kasih.,Diulas 278 minggu lalu
https://www.traveloka.com/id-id/user/review/consumption/HOTEL/GENERAL/295653,7,13,"Senang menginap di Hotel Santika Tasikmalaya. Proses Check in cepat, staff ramah dan sigap, kamar tidur luas dan bersih. kolam renangpun luas. menu sarapan bervariatif, banyak pilihan. prokes dijalankan dengan baik. next akan menginap disini lg jika kembali ke tasik.",Diulas 278 minggu lalu
https://www.traveloka.com/id-id/user/review/consumption/HOTEL/GENERAL/295653,7,14,"Fasilitas OK, makanan enak, dan pelayanan ramah",Diulas 278 minggu lalu
https://www.traveloka.com/id-id/user/review/consumption/HOTEL/GENERAL/295653,7,15,"Secara keseluruhan kami puas menginap disini. kamar luas, view kamar oke. Kekurangannya hanya kebersihan kamar mandi.",Diulas 278 minggu lalu
https://www.traveloka.com/id-id/user/review/consumption/HOTEL/GENERAL/295653,7,16,"Breakfast buffet minimalis tp enak, pelayanan bagus, fasilitas ok, dan anak juga senang banget bisa berenang.",Diulas 279 minggu lalu
https://www.traveloka.com/id-id/user/review/consumption/HOTEL/GENERAL/295653,7,17,"Fasilitas umumnya lumayan, tetapi layanan saat check-in kurang memuaskan. Biasanya check-in pukul 14.00, tetapi kali ini hanya pukul 16.00, jadi harus upgrade ke kamar deluxe dan menambah biaya :( mungkin karena sudah penuh. Tapi tidak apa-apa.",Diulas 279 minggu lalu
https://www.traveloka.com/id-id/user/review/consumption/HOTEL/GENERAL/295653,7,18,Agak bau kamarnya di kamar 702.,Diulas 280 minggu lalu
https://www.traveloka.com/id-id/user/review/consumption/HOTEL/GENERAL/295653,7,19,"Akomodasi bagus tetapi beberapa hal kecil harus diperbaiki, seperti fasilitas toilet untuk penyemprotan ke toilet rusak dan tidak ada lemari es juga",Diulas 281 minggu lalu
https://www.traveloka.com/id-id/user/review/consumption/HOTEL/GENERAL/295653,7,20,"Alhamdulillah kamarnya, cuma kurang perawatan saja sayang.",Diulas 281 minggu lalu
https://www.traveloka.com/id-id/user/review/consumption/HOTEL/GENERAL/295653,7,21,Tampilan luar oke. Wallpaper furniture ada yang terkelupas. Kasur twin bed tidak enak dipakai tidur.,Diulas 282 minggu lalu
https://www.traveloka.com/id-id/user/review/consumption/HOTEL/GENERAL/295653,7,22,"Negatifnya varian menunya sedikit dan rasa biasa saja dan untuk tempat fitnessnya kecil dan peralatan kurang lengkap, positifnya kolam luas. Kamar bersih dan staf ramah.",Diulas 282 minggu lalu
https://www.traveloka.com/id-id/user/review/consumption/HOTEL/GENERAL/295653,7,23,"Menginap di santika tasikmalaya tanggal 11 s. di 13 desember 2020, kebersihan cukup baik amenities juga cukup lengkap, Ada sajadah di kamar bagi yang muslim sangat membantu. Early check-out bisa take away breakfast, secara umum semua baik, hanya saja tercium bau rokok di kamar kami, Bagi yang sensitif terhadap bau rokok sebaiknya memastikan kamar yang dipesan non-smoking dan memastikan lagi di receptionist.",Diulas 282 minggu lalu
https://www.traveloka.com/id-id/user/review/consumption/HOTEL/GENERAL/295653,7,24,Oke memuaskan. Cuma check-in kamar tidak seluruhnya siap. Saya pesan 9 kamar check-in jam 15.00 wib baru siap 5 kamar.,Diulas 282 minggu lalu
https://www.traveloka.com/id-id/user/review/consumption/HOTEL/GENERAL/295653,7,25,"Oke deh mantap, bersih, nyaman.",Diulas 284 minggu lalu
https://www.traveloka.com/id-id/user/review/consumption/HOTEL/GENERAL/295653,7,26,Kamarnya bersih. Lokasi strategis. Menu sarapan bisa ditingkatkan.,Diulas 286 minggu lalu
https://www.traveloka.com/id-id/user/review/consumption/HOTEL/GENERAL/295653,7,27,Kamarnya bersih. Lokasi strategis di pusat kota Tasikmalaya. Menu sarapan bisa ditingkatkan.,Diulas 286 minggu lalu
https://www.traveloka.com/id-id/user/review/consumption/HOTEL/GENERAL/295653,7,28,"Semua baik-baik saja, saya hanya terkejut mengetahui hotel ini tidak sebersih hotel bintang 3 lain di dekatnya, saya memang memiliki harapan besar ke Santika, tetapi tampaknya itu lebih membutuhkan layanan pembersihan. Debu, ujung jari, mudah ditemukan. Lift, spionnya tidak bersih seperti yang seharusnya. Sarapannya enak tapi tidak begitu beragam, stafnya sangat membantu, hotel itu sendiri bagus dan mewah, masalahnya hanya mereka yang kurang perawatan saat membersihkan.",Diulas 291 minggu lalu
https://www.traveloka.com/id-id/user/review/consumption/HOTEL/GENERAL/295653,7,29,"Kedua kalinya saya menginap disini. Cukup puas, hanya sayangnya tidak ada mini kulkas dalam kamar. Rate selama pandemi jauh relatif lebih murah, mungkin jadinya ditiadakan snack gratis yang biasanya tersedia di kamar. Toilet kamar agak menurun ya kualitas kebersihannya, saringan showernya jorok (harus diganti) kotor dan membuat air jadi bau. Sekarang tidak ada satpam yang biasanya jaga di depan hotel yang biasanya membantu tamu keluar masuk hotel, Juga tidak ada satpam yang bantu di parkiran hotel, staf receptionist yang cowok ramah, yang ce ada yang saklek walaupun belum tentu semuanya saklek ya yang cekali ceee.",Diulas 291 minggu lalu
https://www.traveloka.com/id-id/user/review/consumption/HOTEL/GENERAL/295653,7,30,"Kamar luas sebenarnya, hanya sj kebersihan kamar mandi harus ditingkatkan agar kepuasan tamu bisa optimal. Tembok dan lantai nampak menguning, tdk disikat.",Diulas 291 minggu lalu
https://www.traveloka.com/id-id/user/review/consumption/HOTEL/GENERAL/295653,7,31,"Sebagai pelopor branded hotel di tasikmalaya, hs tasik masih mempunyai hospitality yang bagus. Lokasi sangat strategis berada di jalan dan yudanegara. Berharap toiletnya bisa di improve lagi karena banyak yang sudah menguning di beberapa bagian. Cukup disayangkan ketiadaan minibar jika pesan room only. Swimming pool belum bisa digunakan karena pandemi covid-19.",Diulas 291 minggu lalu
https://www.traveloka.com/id-id/user/review/consumption/HOTEL/GENERAL/295653,7,32,"Sangat menyenangkan, saya dan keluarga sangat menikmatinya.",Diulas 293 minggu lalu
https://www.traveloka.com/id-id/user/review/consumption/HOTEL/GENERAL/295653,7,33,"WC kotor dan kebetulan request kamar non smoking tidak kebagean, masih tercium bau rokok.",Diulas 293 minggu lalu
https://www.traveloka.com/id-id/user/review/consumption/HOTEL/GENERAL/295653,7,34,"Untuk protokol kebersihan, social distancing hotel santika tasikmalaya salah satu hotel terbaik yg saya datangi saat pandemi utk keperluan pekerjaan. Pada hari saat saya bermalam di HSTasik itu parkiran lantai 1 full! saya khawatir saat sarapan. dan ternyata saat sarapan kita dilayani tanpa menyentuh perlengkapan hahaha itu membuat saya lega karena disituasi yang horor kaya gini. namun yang ada nilai minusnya kamar mandinya agak kotor banyak lumut2 hitam dipinggiran kacaa dan terlihat menjijikan. air panasnya ga terlalu panas cuma hangat aja. kalo utk saya itu kurang panas :) Mohon kiranya kebersihan kamar lebih dijaga 🙏",Diulas 295 minggu lalu
https://www.traveloka.com/id-id/user/review/consumption/HOTEL/GENERAL/295653,7,35,"Kebersihan kamar mandinya kurang, banyak karang kuning di keramik seperti tidak dibersihkan.",Diulas 295 minggu lalu
https://www.traveloka.com/id-id/user/review/consumption/HOTEL/GENERAL/295653,7,36,"nyaman tenang menyenangkan, cocok buat keluarga beristirahat.",Diulas 296 minggu lalu
https://www.traveloka.com/id-id/user/review/consumption/HOTEL/GENERAL/295653,7,37,Fasilitas lengkap pelayanan memuaskan.,Diulas 297 minggu lalu
https://www.traveloka.com/id-id/user/review/consumption/HOTEL/GENERAL/295653,7,38,"Selama ini yang saya tahu hotel santika pelayannya bagus dan bersih, tetapi kemarin yang saya rasakan seperti sangat sedikit karyawan hotelnya, Mungkin masih lockown ya. Hotelnya juga seperti kurang keurus, tidak tahu ya. apa karena pandemi. Masa hotel bintang 3 gelas di kamarnya gelas plastik, breakfastnya juga sangat sedikit menunya, mudah-mudahan ke depan bisa diperbaiki pelayanannya.",Diulas 297 minggu lalu
https://www.traveloka.com/id-id/user/review/consumption/HOTEL/GENERAL/295653,7,39,"Karena sudah lama tidak dipakai, jadi seperti pintu banyak debunya. Kolam renang juga kotor belum bisa dipakai. Makanan di restoran kurang banyak variasinya dan harus diambilkan oleh petugasnya. Pelayanan yang baik hanya ob di security, lainnya biasa. Hanya makanan untuk dipesan dibawa ke kamar enak.",Diulas 298 minggu lalu
https://www.traveloka.com/id-id/user/review/consumption/HOTEL/GENERAL/295653,7,40,"Hotel lama kurang maintenance, waktu check-in lama karena manual, antrian check-in tidak jelas. Internet sangat lambat. Saat masuk kamar, seprei banyak bercak sehingga harus request ganti seprei dan positifnya sih staffnya ramah banget.",Diulas 299 minggu lalu
https://www.traveloka.com/id-id/user/review/consumption/HOTEL/GENERAL/295653,8,1,Respon cepat dan respon ramah dari staf hotel. tempat yang bagus untuk istirahat. selamat sarapan. dekat dari masjid besar tasikmalaya.,Diulas 300 minggu lalu
https://www.traveloka.com/id-id/user/review/consumption/HOTEL/GENERAL/295653,8,2,"Sesuai ekspektasi, sangat nyaman dan bersih. View kamar sangat bagus karena bisa melihat kota dan gunung. disekitar banyak yang jual makan.",Diulas 300 minggu lalu
https://www.traveloka.com/id-id/user/review/consumption/HOTEL/GENERAL/295653,8,3,"Pertama masuk kamar banyak semut dan kotor. Garden pada robek, tidak sempat moto lupa.",Diulas 300 minggu lalu
https://www.traveloka.com/id-id/user/review/consumption/HOTEL/GENERAL/295653,8,4,Menu breakfast kurang variasi dengan level hotel bintang 4.,Diulas 301 minggu lalu
https://www.traveloka.com/id-id/user/review/consumption/HOTEL/GENERAL/295653,8,5,"I think i got the worst staycation inmy life, pertama boleh diliat di foto unggahan saya, biasanya kan untuk gelas bathroom itu dari kaca, Ini malah plastik kaya yang mau jualan bubur kacang, mungkin pemikirannya bisa sekali buang, tapi untuk sekelas santika masa seperti ini, and second, Di atas saya berisik sekali seperti ada aktivitas berlebih pas saya dengar langsung ke lantai atas anak-anak lari lari di dalam kamar, Sudah saya telepon resepsionis untuk diperingati agar tidak terlalu berisik, Dan bagian resepsionis pun akan menyampaikan langsung kepada security untuk diperingati, Nah hasilnya tidak tahu benar apa engga toh hasilnya sama saja masih berisik, ya sudah lah saya diamkan saja, meskipun istirahat saya terganggu, Yang paling di highligh itu bathroomnya benar sudah cleanlinessnya kalau boleh saya kasih nilai 2, pencahayaannya kurang banget, Tapi untuk roomnya oke lah bagus, Dan untuk staf staffnya ketika berbicara langsung saya acungin jempol lah kalau untuk itu mohon untuk jadi perhatian dan bahan evaluasi dari pihak hotel.",Diulas 301 minggu lalu
https://www.traveloka.com/id-id/user/review/consumption/HOTEL/GENERAL/295653,8,6,"Cukup memuaskan, kecuali wifinya kurang bagus.",Diulas 301 minggu lalu
https://www.traveloka.com/id-id/user/review/consumption/HOTEL/GENERAL/295653,8,7,"Petugas ramah dan very helpful, kamar luas dan nyaman serta bersih. Yang sedikit mengecewakan adalah kolam renang dan gym yang masih ditutup.",Diulas 302 minggu lalu
https://www.traveloka.com/id-id/user/review/consumption/HOTEL/GENERAL/295653,8,8,Saya menikmati layanan hotel di masa pandemi.,Diulas 305 minggu lalu
https://www.traveloka.com/id-id/user/review/consumption/HOTEL/GENERAL/295653,8,9,"Oke hotelnya, lokasinya di tengah kota dan tidak jauh dari masjid jami' tasikmalaya, kalau malam di depannya banyak kuliner.",Diulas 306 minggu lalu
https://www.traveloka.com/id-id/user/review/consumption/HOTEL/GENERAL/295653,8,10,"Sarapannya tidak bervariasi karena lagi pandemi jadi sarapan juga diantar ke kamar tapi demi protokol kesehatan supaya aman tidak apa apa kita menikmati nginep di sini karena kamarnya bersih dan viewnya bagus. Pelayanannya juga ramah, terima kasih.",Diulas 306 minggu lalu
https://www.traveloka.com/id-id/user/review/consumption/HOTEL/GENERAL/295653,8,11,Bagus menyenangkan tapi tidak sebagus ekspektasi saya. tidak semewah dari luarnya . Breakfastnya hmm rasanya biasa dan pake seperti nasi box plastik gt ya tapi liat sebelah kiri kanan pake piring benar. Kebetulan saja kayaknya kamar saya dapat kemasan gt. Tapi oke kok resepsionis dan staffnya ramah. Thanks santika hotel.,Diulas 306 minggu lalu
https://www.traveloka.com/id-id/user/review/consumption/HOTEL/GENERAL/295653,8,12,Bagus... 😊 dan akan kembali ke sini... Insya Allah...,Diulas 307 minggu lalu
https://www.traveloka.com/id-id/user/review/consumption/HOTEL/GENERAL/295653,8,13,"Sangat menyenangkan. Kamar bersih, nyaman dan pelanannya pun sangat ramah. Hanya saja kolam renang banya dedaunan dari pohon pinggir kolam tapi selebihnya bagus. Terima kasih.",Diulas 307 minggu lalu
https://www.traveloka.com/id-id/user/review/consumption/HOTEL/GENERAL/295653,8,14,"Begitu masuk kamar bau, sarapan tidak enak penyajian dingin, enak keneh makan di wateg tidak ada rasanya, kamar tidak rapi.",Diulas 310 minggu lalu
https://www.traveloka.com/id-id/user/review/consumption/HOTEL/GENERAL/295653,8,15,Ramah sekali dan menyenangkan.,Diulas 312 minggu lalu
https://www.traveloka.com/id-id/user/review/consumption/HOTEL/GENERAL/295653,8,16,"Tempat yang strategis, fasilitas lengkap, makanan enak.",Diulas 326 minggu lalu
https://www.traveloka.com/id-id/user/review/consumption/HOTEL/GENERAL/295653,8,17,"Selain bau rokok (entah bagaimana saya mendapat ruang merokok), semuanya baik-baik saja",Diulas 326 minggu lalu
https://www.traveloka.com/id-id/user/review/consumption/HOTEL/GENERAL/295653,8,18,"Service bagus, sarapan bagus, kamar bagus cuma sayang tidak dapat single bed, lainnya oke.",Diulas 327 minggu lalu
https://www.traveloka.com/id-id/user/review/consumption/HOTEL/GENERAL/295653,8,19,Lokasi terbaik. Mudah berjalan ke pusat kota. Stafnya ramah dan membantu,Diulas 327 minggu lalu
https://www.traveloka.com/id-id/user/review/consumption/HOTEL/GENERAL/295653,8,20,"Menyenangkan bisa tidur di sini, insya Allah nanti menginap lagi di sini.",Diulas 327 minggu lalu
https://www.traveloka.com/id-id/user/review/consumption/HOTEL/GENERAL/295653,8,21,"Lokasi strategis, pelayanan ramah, kamar nyaman untuk beristirahat.",Diulas 328 minggu lalu
https://www.traveloka.com/id-id/user/review/consumption/HOTEL/GENERAL/295653,8,22,"Fasilitas lengkap, breakfast juga komplet menunya, sangat recommended.",Diulas 329 minggu lalu
https://www.traveloka.com/id-id/user/review/consumption/HOTEL/GENERAL/295653,8,23,"layanan hebat, melampaui harapan",Diulas 329 minggu lalu
https://www.traveloka.com/id-id/user/review/consumption/HOTEL/GENERAL/295653,8,24,"Sangat menyenangkan, staf ramah, proses check-in cepat, kamar bersih, free mini bar, dapat view swimming pool, mantap.",Diulas 329 minggu lalu
https://www.traveloka.com/id-id/user/review/consumption/HOTEL/GENERAL/295653,8,25,"Saat ada keperluan di tasikmalaya saya selalu menginap disini, kebersihan hotel bagus staf FO ramah, hanya sayang crew restoran kurang ramah malah cenderung judes. Itu saja.",Diulas 330 minggu lalu
https://www.traveloka.com/id-id/user/review/consumption/HOTEL/GENERAL/295653,8,26,"Makanan lumayan, fasilitas oke, dari kamar hingga tempat gym, tapi sangat disayangkan check-in-nya lama, biasanya pesan 3 kamar, 3 menit selesai ini hampir 20 menit belum selesai juga, entah kamarnya tidak ada yang kosong atau apa tidak diinfokan.",Diulas 330 minggu lalu
https://www.traveloka.com/id-id/user/review/consumption/HOTEL/GENERAL/295653,8,27,"Kamar kurang bersih, toilet kotor, AC pertama datang panas, terus datang engineering benerin, tapi sekurang lumayan. Cuma dengan ukuran bukan kamar termurah, fasilitasnya payah.",Diulas 331 minggu lalu
https://www.traveloka.com/id-id/user/review/consumption/HOTEL/GENERAL/295653,8,28,Diterima dan dilayani dengan ramah dan memuaskan juga berada di pusaran keramaian kota.,Diulas 332 minggu lalu
https://www.traveloka.com/id-id/user/review/consumption/HOTEL/GENERAL/295653,8,29,"Berada di pusat kota, makanan enak-enak, dan akses mudah.",Diulas 332 minggu lalu
https://www.traveloka.com/id-id/user/review/consumption/HOTEL/GENERAL/295653,8,30,"Kamar cukup baik dan nyaman, namun tidak sesuai gambar dan fasilitas, seperti tidak ada kulkas, koran per hari di kamar.",Diulas 332 minggu lalu
https://www.traveloka.com/id-id/user/review/consumption/HOTEL/GENERAL/295653,8,31,"Hotel oke, fasilitas baik, makan pagi juga enak. mantaplah, monggo teman-teman dicoba.",Diulas 332 minggu lalu
https://www.traveloka.com/id-id/user/review/consumption/HOTEL/GENERAL/295653,8,32,Breakfastnya enak. pelayanannya oke banget. dingin-dingin hujan disajikan wedang jahe. check-in cepat. check-out cepat. Kamar bersih. View dari kamar perbukitan. Indah banget. Pasti kesana lagi.,Diulas 332 minggu lalu
https://www.traveloka.com/id-id/user/review/consumption/HOTEL/GENERAL/295653,8,33,Bed king yang dipesan di aplikasi cuma tersedia 1 saja sementara yang kami pesan 2.,Diulas 332 minggu lalu
https://www.traveloka.com/id-id/user/review/consumption/HOTEL/GENERAL/295653,8,34,"Kamar tidak terawat, begitu juga kamar mandinya.",Diulas 333 minggu lalu
https://www.traveloka.com/id-id/user/review/consumption/HOTEL/GENERAL/295653,8,35,"Cukup nyaman, fasilitas oke, makan pagi juga oke.",Diulas 333 minggu lalu
https://www.traveloka.com/id-id/user/review/consumption/HOTEL/GENERAL/295653,8,36,"The room was oke, handuk kurang putih, Breakfast just normal and receptionist harusnya bisa lebih banyak kasih info alternatif tentang jajanan lokal di tasik. driver's room was also oke.",Diulas 333 minggu lalu
https://www.traveloka.com/id-id/user/review/consumption/HOTEL/GENERAL/295653,8,37,"Reqok ini diakomodasi sama hotel, sip deh pokoknya sama semua crew santika.",Diulas 334 minggu lalu
https://www.traveloka.com/id-id/user/review/consumption/HOTEL/GENERAL/295653,8,38,"Request ini diakomodasi sama hotel, sip deh pokoknya sama semua crew santika.",Diulas 334 minggu lalu
https://www.traveloka.com/id-id/user/review/consumption/HOTEL/GENERAL/295653,8,39,"Lokasi di pusat kota, proses check-in dan check-out sangat cepat, sarapan 7/5/10. makanan restoran 8.5/10. kamar bersih dan luas.",Diulas 334 minggu lalu
https://www.traveloka.com/id-id/user/review/consumption/HOTEL/GENERAL/295653,8,40,"Pelayanan baik dan ramah, menu sarapan beragam dan rasa memuaskan.",Diulas 334 minggu lalu
https://www.traveloka.com/id-id/user/review/consumption/HOTEL/GENERAL/295653,9,1,"Lokasi strategis dekat dari pusat kota, makananya enak, fasilitas oke.",Diulas 334 minggu lalu
https://www.traveloka.com/id-id/user/review/consumption/HOTEL/GENERAL/295653,9,2,"Makanannya oke, sesuai harapan. Layanannya juga oke, mulai dari turun mobil sampai naik mobil lagi pulangnya 😎😎",Diulas 334 minggu lalu
https://www.traveloka.com/id-id/user/review/consumption/HOTEL/GENERAL/295653,9,3,Sarapan palingannya kurang variasi.,Diulas 334 minggu lalu
https://www.traveloka.com/id-id/user/review/consumption/HOTEL/GENERAL/295653,9,4,"Saya menginap sehari disana. pas datang security ramah, FO ramah, semua staf ramah pokoknya. Proses check-in cepat. Kamar bersih. Air mineral dikasih 4 buah, dikasih complimentary snack juga, terus di dalam lemari kamar ada sejadah, cuma bantal saja agak keras dan kamar tidak kedap suara, jadi obrolan di pinggir kamar terdengar ke kamar saya, koneksi internet bagus dan stabil. Makanan pas sarapan menurut saya biasa saja dan kurang banyak menurut saya buat sekelas santika ya tapi rasa makanan cukup lah, cuma staf yang bagian beresin piring kurang cepat dalam kerjanya dan proses refill makanan agak lama. Proses check-out cepat.",Diulas 335 minggu lalu
https://www.traveloka.com/id-id/user/review/consumption/HOTEL/GENERAL/295653,9,5,Tempat yang nyaman untuk menginap dan berkumpul bersama keluarga. Kamar dan kamar mandi bersih. Recommended deh.,Diulas 335 minggu lalu
https://www.traveloka.com/id-id/user/review/consumption/HOTEL/GENERAL/295653,9,6,"Secara umum menyenangkan bermalam di santika tasikmalaya, staf ramah, sarapannya enak, kolam renangnya juga lumayan bersih. Cuma agak disayangkan kamar yang kami pesan bebas asap rokok, tapi ruangannya bau seperti bekas orang merokok.",Diulas 335 minggu lalu
https://www.traveloka.com/id-id/user/review/consumption/HOTEL/GENERAL/295653,9,7,"Pemandangan dari kamar bagus banget, sarapannya oke. Stafnya ramah, lokasi strategis, atm, mal dekat, dari stasiun kereta cuma 900m. recommend deh.",Diulas 336 minggu lalu
https://www.traveloka.com/id-id/user/review/consumption/HOTEL/GENERAL/295653,9,8,"Nice hotel, pelayanan baik dan kamar bagus. Sarapan kurang bervariasi. Lokasi strategis.",Diulas 336 minggu lalu
https://www.traveloka.com/id-id/user/review/consumption/HOTEL/GENERAL/295653,9,9,"Resepsionis cepat, kamar bersih, sarapan bagus, harga sesuai.",Diulas 336 minggu lalu
https://www.traveloka.com/id-id/user/review/consumption/HOTEL/GENERAL/295653,9,10,"Kamar luas, nyaman, AC dingin, kolam renang cukup luas, sarapan pagi enak. Secara umum baik pelayanannya.",Diulas 336 minggu lalu
https://www.traveloka.com/id-id/user/review/consumption/HOTEL/GENERAL/295653,9,11,Saya memesan kamar yang smoking room namun pas saya masuk ternyata kamarnya pengap dan bau rokonya nyengat sekali sampai kepala saya pusing seharus di tambah pentilasi atau exhaust fan biar tidak terlalu pengap.,Diulas 337 minggu lalu
https://www.traveloka.com/id-id/user/review/consumption/HOTEL/GENERAL/295653,9,12,"Kamar luas, sarapan pagi enak dan banyak pilihan.",Diulas 337 minggu lalu
https://www.traveloka.com/id-id/user/review/consumption/HOTEL/GENERAL/295653,9,13,Pelayanan sangat baik dan makanan juga enak.,Diulas 337 minggu lalu
https://www.traveloka.com/id-id/user/review/consumption/HOTEL/GENERAL/295653,9,14,Harga bagus untuk kamar yang luas. Kami suka cilok sambel goang disajikan saat sarapan. Kami senang menginap di Santika! Tapi tolong perbaiki koneksi wifi.,Diulas 338 minggu lalu
https://www.traveloka.com/id-id/user/review/consumption/HOTEL/GENERAL/295653,9,15,Oke hotel santika sangat nyaman dan pelayanannya ramah terima kasih.,Diulas 338 minggu lalu
https://www.traveloka.com/id-id/user/review/consumption/HOTEL/GENERAL/295653,9,16,"Pertama kali menginap di Santika. Tempatnya nyaman, kamarnya lumayan luas dan nyaman tentunya, boleh lah👍💞",Diulas 338 minggu lalu
https://www.traveloka.com/id-id/user/review/consumption/HOTEL/GENERAL/295653,9,17,"Waktu checkin terlalu lama padahal tamu saat itu cuma ada 2, dijanjikan 15 menit kenyataan sampe 30 menit, dan anehnya tdk terucap sedikitpun permintaan maaf dr resepsionisnya. Saat masuk kamar lantai masih basah sehingga saat terinjak jadi kotor. Didalam kulkas ada sampah makanan bekas dr tamu sebelumnya yang tdk dibersihkan.",Diulas 339 minggu lalu
https://www.traveloka.com/id-id/user/review/consumption/HOTEL/GENERAL/295653,9,18,"Kamar nyaman, bersih wangi. Hanya bagian resepsionis saja kurang ramah judes dan tidak menerangkan letak tempat breakfast dmna serta tidak menerangkan password WiFi.",Diulas 341 minggu lalu
https://www.traveloka.com/id-id/user/review/consumption/HOTEL/GENERAL/295653,9,19,Hotel indah dengan staf yang menyenangkan. Bermanfaat dan ramah. Makanannya enak. Hanya saja kami tidak menemukan seluruh varian. Karena kami sarapan terlambat (jam 9 pagi). Kamarnya bersih. Baunya enak dan terutama wifi memiliki sinyal kuat dan kolam renangnya cukup lebar.,Diulas 341 minggu lalu
https://www.traveloka.com/id-id/user/review/consumption/HOTEL/GENERAL/295653,9,20,"Internetnya jelek banget, selama saya menginap di hotel ini pengalaman paling jelek. Dikit-dikit harus connect, ditinggal 1 menit doang harus connect. Masukan no hp/email, reconnectnya juga lama, tidak lagi deh kesini.",Diulas 342 minggu lalu
https://www.traveloka.com/id-id/user/review/consumption/HOTEL/GENERAL/295653,9,21,"Kamar bersih, service oke, sarapan oke aneka macam 😁 👌",Diulas 343 minggu lalu
https://www.traveloka.com/id-id/user/review/consumption/HOTEL/GENERAL/295653,9,22,"Menyenangkan menginap disana. Staff yang ramah. Room boy di reception gesit, ramah. Kamar bersih, breakfast yang lengkap dan rasa yang enak. Kalau ke Tasikmalaya selalu menginap di Santika.",Diulas 343 minggu lalu
https://www.traveloka.com/id-id/user/review/consumption/HOTEL/GENERAL/295653,9,23,"Pokoknya, senang menginap di sini, bagus sekali.",Diulas 344 minggu lalu
https://www.traveloka.com/id-id/user/review/consumption/HOTEL/GENERAL/295653,9,24,"Hotel nyaman, bersih, dekat dengan pusat kota, breakfast menu variatif, enak. Kapan ke Tasik menginap lagi disini.",Diulas 345 minggu lalu
https://www.traveloka.com/id-id/user/review/consumption/HOTEL/GENERAL/295653,9,25,Saya sering menginap disini tapi kenapa akhir akhir ini pelayanan nya kurang memuaskan bahkan bisa di bilang asal asalan dr mulai pesanan kamar yg tdk sesuai dan smpai perlengkapan di kamar pun serba kurang sy pesan extra bed tapi tdk ad penambahan perlengkapan mandi bhkan air minum isi ruangan untuk 3 org tapi perlengkapan hanya untuk dua orang,Diulas 347 minggu lalu
https://www.traveloka.com/id-id/user/review/consumption/HOTEL/GENERAL/295653,9,26,"Layanan ramah, nyaman, cocok untuk menginap bersama keluarga. Akan jadi pilihan kalau ke Tasik lagi.",Diulas 347 minggu lalu
https://www.traveloka.com/id-id/user/review/consumption/HOTEL/GENERAL/295653,9,27,"Pokoknya mah good lah, bakal balik lagi ke sini, makanan juga enak banyak macamnya, kamar bersih dan nyaman. Welcome drinknya enak jahe anget nyaman ke lambung. Sampe nambah berkali kali hehehe.",Diulas 347 minggu lalu
https://www.traveloka.com/id-id/user/review/consumption/HOTEL/GENERAL/295653,9,28,"Bagus, nyaman, pelayanan ramah dan maksimal.",Diulas 348 minggu lalu
https://www.traveloka.com/id-id/user/review/consumption/HOTEL/GENERAL/295653,9,29,"Sangat menyenangkan menginap di Santika, pelayanan yang ramah dan hotel pun bersih",Diulas 349 minggu lalu
https://www.traveloka.com/id-id/user/review/consumption/HOTEL/GENERAL/295653,9,30,"Seperti biasa, menu sarapan di santika enak-enak semua. Kamar bersih, kasurnya juga enak. Highly recommended, jempol.",Diulas 349 minggu lalu
https://www.traveloka.com/id-id/user/review/consumption/HOTEL/GENERAL/295653,9,31,Hotelnya bagus dan staff-nya ramah.,Diulas 350 minggu lalu
https://www.traveloka.com/id-id/user/review/consumption/HOTEL/GENERAL/295653,9,32,"1. Check in: permintaan early check-in (check in jam 1) dilayani oleh FO walaupun nunggu bbrp menit saja. 2. FO: layanan baik n selalu tersenyum kepada customer 3. Kamar: Cukup bersih dan lumayan luas, msh ada space jika mau tambah Extra bed dan ada Snack gratis serta air minum kemasan yg cukup banyak (ada 4 botol) dr persediaan air minum kemasan di hotel lain 4. Kamar mandi: kamar mandi bersih dan toiletaries tersedia 5. Fasilitas: ada ruang fitness dan kolam renang, namun saat hr Sabtu sore berenang tdk ada kursi panjang (kursi yg biasa di pinggir kolam renang) dan baru ada hari Minggu pagi. 6. Sarapan: menu sarapan cukup enak namun variasi makanan tdk bgitu banyak. 7. Check out: waktu layanan check out cukup cepat",Diulas 350 minggu lalu
https://www.traveloka.com/id-id/user/review/consumption/HOTEL/GENERAL/295653,9,33,Tempatnya nyaman dan makanan enak.,Diulas 350 minggu lalu
https://www.traveloka.com/id-id/user/review/consumption/HOTEL/GENERAL/295653,9,34,"Kamarnya bagus, bersih puas pokoknya.",Diulas 350 minggu lalu
https://www.traveloka.com/id-id/user/review/consumption/HOTEL/GENERAL/295653,9,35,Setiap kali kalau ke tasikmalaya berlangganan dengan hotel ini. Makanannya lezat khas tanah sunda yang sangat memberikan kesan kembali lah.,Diulas 351 minggu lalu
https://www.traveloka.com/id-id/user/review/consumption/HOTEL/GENERAL/295653,9,36,Lokasi strategis. Ruangan bersih. Staf yang ramah,Diulas 351 minggu lalu
https://www.traveloka.com/id-id/user/review/consumption/HOTEL/GENERAL/295653,9,37,"Kamar nyaman, kamar mandi bersih, menu pilihan untuk makan pagi bervariasi, rasa lumayan enak.",Diulas 351 minggu lalu
https://www.traveloka.com/id-id/user/review/consumption/HOTEL/GENERAL/295653,9,38,"Bagus, bersih, nyaman dan tidak sulit cari makanan di luar.",Diulas 352 minggu lalu
https://www.traveloka.com/id-id/user/review/consumption/HOTEL/GENERAL/295653,9,39,"Pelayanan yang baik, kamar luas dan nyaman, sarapan enak strategis tempatnya oke banget.",Diulas 352 minggu lalu
https://www.traveloka.com/id-id/user/review/consumption/HOTEL/GENERAL/295653,9,40,Pelayan di tempat sarapan terutama yang perempuan tidak sopan.,Diulas 352 minggu lalu
https://www.traveloka.com/id-id/user/review/consumption/HOTEL/GENERAL/295653,10,1,"Tempatnya cukup strategis, pelayanan ramah, kamarnya nyaman dan bersih, breakfastnya lumayan.",Diulas 353 minggu lalu
https://www.traveloka.com/id-id/user/review/consumption/HOTEL/GENERAL/295653,10,2,"Kamarnya nyaman dan bersih, breakfastnya cukup bervariatif, lokasi cukup strategis, pelayanannya ramah dan cukup memuaskan.",Diulas 353 minggu lalu
https://www.traveloka.com/id-id/user/review/consumption/HOTEL/GENERAL/295653,10,3,"Saya menikmati menginap di santika, pelayanan check-in cepat, parkir mobil aman, dan pusat jajanan kota.",Diulas 353 minggu lalu
https://www.traveloka.com/id-id/user/review/consumption/HOTEL/GENERAL/295653,10,4,"Semuanya bagus, pelayanan dan karenanya oke.",Diulas 353 minggu lalu
https://www.traveloka.com/id-id/user/review/consumption/HOTEL/GENERAL/295653,10,5,"Hotel ternyaman tapi kotor kamarnya, kamar mandinya juga kotor. Cangkirnya juga masih ada bekas teh atau kopi. Pelayannya judes, kurang ramah.",Diulas 354 minggu lalu
https://www.traveloka.com/id-id/user/review/consumption/HOTEL/GENERAL/295653,10,6,kamar dan layanan sangat baik. Kolam renang yang bagus dan besar. Ramah keluarga. direkomendasikan!,Diulas 354 minggu lalu
https://www.traveloka.com/id-id/user/review/consumption/HOTEL/GENERAL/295653,10,7,"Penerima tamunya kurang ramah. kamar mandinya kurang bersih, ada kuning-kuning di sela-sela, di wc-nya dan di shower. Padahal pas check-in sudah nunggu sekitar 15 mnt untuk di bersihkan tapi kok kebersihannya kurang.",Diulas 355 minggu lalu
https://www.traveloka.com/id-id/user/review/consumption/HOTEL/GENERAL/295653,10,8,Penerima tamunya kurang ramah. Kamar mandinya kurang bersih. Kuning di sela-sela dan di WC-nya juga.,Diulas 355 minggu lalu
https://www.traveloka.com/id-id/user/review/consumption/HOTEL/GENERAL/295653,10,9,"Sudah 2x nginep di Santika hotel, tapi kemaren kita kebagian di room area free smooking sangat tidak nyaman, bau asap rokok apalagi kita bawa anak-anak, yang lainnya ok",Diulas 358 minggu lalu
https://www.traveloka.com/id-id/user/review/consumption/HOTEL/GENERAL/295653,10,10,"Makanannya enak, komplet banget, suka.",Diulas 359 minggu lalu
https://www.traveloka.com/id-id/user/review/consumption/HOTEL/GENERAL/295653,10,11,Penyambutan kurang ramah dan tidak ada apapun.,Diulas 359 minggu lalu
https://www.traveloka.com/id-id/user/review/consumption/HOTEL/GENERAL/295653,10,12,"Nyaman, pilihan terbaik di tasikmalaya.",Diulas 360 minggu lalu
https://www.traveloka.com/id-id/user/review/consumption/HOTEL/GENERAL/295653,10,13,"Lokasinya strategis, breakfast lengkap, cuma air panas tidak stabil.",Diulas 360 minggu lalu
https://www.traveloka.com/id-id/user/review/consumption/HOTEL/GENERAL/295653,10,14,"Menyenangkan, bersih, bagus, ramah, kalau ke Tasik selalu nginep di sini.",Diulas 360 minggu lalu
https://www.traveloka.com/id-id/user/review/consumption/HOTEL/GENERAL/295653,10,15,"Hotelnya bagus, bersih dan sarapan pagi sangat memuaskan.",Diulas 360 minggu lalu
https://www.traveloka.com/id-id/user/review/consumption/HOTEL/GENERAL/295653,10,16,Very good. Layanan reservasi bersahabat.,Diulas 360 minggu lalu
https://www.traveloka.com/id-id/user/review/consumption/HOTEL/GENERAL/295653,10,17,"Terletak di jantung kota tasik tidak jauh dari masjid agung dan taman kota, saya stay disana satu malam di pertengahan juni 2019, udaranya dingin, Jalan kaki ke pusat kuliner tasik dan tidak jauh dari hotel ini ada warung ampera 24 jam. Hotel ini oke cuma sarana prasarananya perlu sedikit diperhatikan seperti showernya.",Diulas 360 minggu lalu
https://www.traveloka.com/id-id/user/review/consumption/HOTEL/GENERAL/295653,10,18,"Pelayanannya bau, untuk makanannya enak.",Diulas 361 minggu lalu
https://www.traveloka.com/id-id/user/review/consumption/HOTEL/GENERAL/295653,10,19,"Saya merasa nyaman tinggal di sana, bangunannya nyaman dan nyaman ☺️",Diulas 361 minggu lalu
https://www.traveloka.com/id-id/user/review/consumption/HOTEL/GENERAL/295653,10,20,"Hotelnya dekat dari tengah-tengah kota, pelayanan ramah, untuk menu breakfast juga variasi dan lumayan enak, Hanya saran saja saat kemarin kami dapat kamar di dekat jendela ada debu rokok, sepertinya kami dapat kamar yang smoking area. mungkin kedepannya lebih bersih lagi.",Diulas 361 minggu lalu
https://www.traveloka.com/id-id/user/review/consumption/HOTEL/GENERAL/295653,10,21,"Menyenangkan sarapan lengkap, kalau ke tasik akan menginap lagi ke sini, tapi waktu check-out disuruh nunggu lama banget.",Diulas 361 minggu lalu
https://www.traveloka.com/id-id/user/review/consumption/HOTEL/GENERAL/295653,10,22,"Hotel di pusat kota tasikmalaya, makanan enak, kamar bersih, kalau ke tasikmalaya pasti saya menginap di hotel ini jika tidak penuh.",Diulas 361 minggu lalu
https://www.traveloka.com/id-id/user/review/consumption/HOTEL/GENERAL/295653,10,23,cukup memuaskan dan pelayanan baik,Diulas 361 minggu lalu
https://www.traveloka.com/id-id/user/review/consumption/HOTEL/GENERAL/295653,10,24,"Welcome drink yang khas sunda, staff ramah, ruangan harum, bersih, process check-in dan check out mudah, breakfast ok.",Diulas 362 minggu lalu
https://www.traveloka.com/id-id/user/review/consumption/HOTEL/GENERAL/295653,10,25,Lokasi sangat strategis dekat dengan mall & alun-alun. Akomodasi sangat nyaman dgn free mini bar. kolam renang juga nyaman karena ada kolam renang utk anak.,Diulas 362 minggu lalu
https://www.traveloka.com/id-id/user/review/consumption/HOTEL/GENERAL/295653,10,26,"Menyenangkan, tempatnya di tengah kota jadi dekat kemana-mana, pelayanannya bagus dan tempatnya bersih.",Diulas 362 minggu lalu
https://www.traveloka.com/id-id/user/review/consumption/HOTEL/GENERAL/295653,10,27,"Sudah kesekian kalinya menginap di hotel ini, hotelnya cukup bersih dan kamarnya juga cukup luas (deluxe) lokasi cukup stategis, makanan juga cukup variatif.",Diulas 362 minggu lalu
https://www.traveloka.com/id-id/user/review/consumption/HOTEL/GENERAL/295653,10,28,"Diberi kamar smoking room dan tidak diberi opsi untuk menganti kamar, malah dikenakan charge yang sangat mahal.",Diulas 362 minggu lalu
https://www.traveloka.com/id-id/user/review/consumption/HOTEL/GENERAL/295653,10,29,"Tempat strategis, kamar oke, sarapan oke.",Diulas 363 minggu lalu
https://www.traveloka.com/id-id/user/review/consumption/HOTEL/GENERAL/295653,10,30,"Oke, pelayanan baik, breakfast banyak pilihan.",Diulas 363 minggu lalu
https://www.traveloka.com/id-id/user/review/consumption/HOTEL/GENERAL/295653,10,31,"Tiap lantai bau rokok, breakfastnya kurang sekali tidak kayak dulu lagi. pelayanan sangat bagus ramah.",Diulas 363 minggu lalu
https://www.traveloka.com/id-id/user/review/consumption/HOTEL/GENERAL/295653,10,32,"Kamarnya luas dan bersih, fasilitas lengkap dan pelayanan resepsionisnya ramah.",Diulas 363 minggu lalu
https://www.traveloka.com/id-id/user/review/consumption/HOTEL/GENERAL/295653,10,33,"Kamarnya bagus dan cukup luas, hanya saja kurang bersih, menu sarapan variatif namun rasa masih kurang, agar dapat ditingkatkan lagi.",Diulas 364 minggu lalu
https://www.traveloka.com/id-id/user/review/consumption/HOTEL/GENERAL/295653,10,34,"check-in cepat, belum jam 12, kamar sudah ready dan bisa masuk, tenang, bersih, recommended pokoknya.",Diulas 364 minggu lalu
https://www.traveloka.com/id-id/user/review/consumption/HOTEL/GENERAL/295653,10,35,Sangat menyenangkan bisa menginap disini.,Diulas 364 minggu lalu
https://www.traveloka.com/id-id/user/review/consumption/HOTEL/GENERAL/295653,10,36,"Makanannya oke banget apalagi pas ramadan. masjid raya juga dekat, pasar ta-jil juga di depannya kalau masih mau hunting kuliner khas. Morning call sesuai keinginan, lokasi dekat tempat kuliner di tasikmalaya.",Diulas 364 minggu lalu
https://www.traveloka.com/id-id/user/review/consumption/HOTEL/GENERAL/295653,10,37,"Staf di meja depan sangat ramah dan saya tidak perlu waktu lama untuk check-in, mereka melayani kami mini bar gratis, itu luar biasa, terima kasih atas kebaikan dan keramahan Anda",Diulas 364 minggu lalu
https://www.traveloka.com/id-id/user/review/consumption/HOTEL/GENERAL/295653,10,38,"Check-in jam 8 malam, pelayanan check innya cepat. Kamar bagus, sesuai gambar. Sarapan lumayan.",Diulas 365 minggu lalu
https://www.traveloka.com/id-id/user/review/consumption/HOTEL/GENERAL/295653,10,39,"Hotel modern dengan kamar yang luas dan detail yang bagus. Sajadah yang disediakan di dalam ruangan, ini membuatnya sangat istimewa.",Diulas 365 minggu lalu
https://www.traveloka.com/id-id/user/review/consumption/HOTEL/GENERAL/295653,10,40,Makanannya enak untuk ukuran hotel di kota tasikmalaya.,Diulas 365 minggu lalu
https://www.traveloka.com/id-id/user/review/consumption/HOTEL/GENERAL/295653,11,1,"Pelayanannya bagus, cepat, kamar bersih dan hanaya makanan yang setiap harinya menunya sama.",Diulas 366 minggu lalu
https://www.traveloka.com/id-id/user/review/consumption/HOTEL/GENERAL/295653,11,2,"Saya senang menginap disini, menu makan sahur sangat variatif.",Diulas 366 minggu lalu
https://www.traveloka.com/id-id/user/review/consumption/HOTEL/GENERAL/295653,11,3,Record saya tersimpan. Jadi saat check in gak smpe 2 menit. Good job,Diulas 367 minggu lalu
https://www.traveloka.com/id-id/user/review/consumption/HOTEL/GENERAL/295653,11,4,"Kamar hotel bersih kecuali di sekitar tepi kamar mandi. Itu memiliki pemandangan kolam renang yang bagus. Karena itu adalah hari pertama Ramadhan, itu cukup kosong. Sekitar jam 9, kami adalah satu-satunya tamu yang sarapan. Sarapan itu sendiri memiliki varietas sunda yang besar. Satu-satunya pengalaman buruk adalah bahwa kunci kamar cukup tidak berfungsi kecuali untuk menerangi ruangan. Kami punya dua tetapi sebagian besar waktu, mereka tidak bekerja. Jadi kami terus meminta staf untuk membantu kami membuka ruangan untuk masuk.",Diulas 367 minggu lalu
https://www.traveloka.com/id-id/user/review/consumption/HOTEL/GENERAL/295653,11,5,"Pas mau tidur berisik di pinggir dekat pintu keluar, jadi kebangun tera, kalau yang lain oke.",Diulas 367 minggu lalu
https://www.traveloka.com/id-id/user/review/consumption/HOTEL/GENERAL/295653,11,6,"Menyenangkan, tidur nyaman dan istirahat maksimal.",Diulas 368 minggu lalu
https://www.traveloka.com/id-id/user/review/consumption/HOTEL/GENERAL/295653,11,7,"Hotel yg nyaman, bersih, lokasi di pusat kota pokok nya recommended banget..",Diulas 368 minggu lalu
https://www.traveloka.com/id-id/user/review/consumption/HOTEL/GENERAL/295653,11,8,"Ruangan itu nyaman, layanan hebat, dan sarapan lezat.",Diulas 368 minggu lalu
https://www.traveloka.com/id-id/user/review/consumption/HOTEL/GENERAL/295653,11,9,"hotelnya bersih, nyaman. kolam renangnya bagus, bersih dan lumayan besar, makananya oke, staff semuanya ramah. mulai dr security, ob, fo ramah dan full senyum.... puas banget deh",Diulas 368 minggu lalu
https://www.traveloka.com/id-id/user/review/consumption/HOTEL/GENERAL/295653,11,10,kondisi hotel tidak terawat.,Diulas 369 minggu lalu
https://www.traveloka.com/id-id/user/review/consumption/HOTEL/GENERAL/295653,11,11,"Mantap, terima kasih atas pelayanannya.",Diulas 370 minggu lalu
https://www.traveloka.com/id-id/user/review/consumption/HOTEL/GENERAL/295653,11,12,Sangat memuaskan dan posisi sangat strategis dekat kemana-mana.,Diulas 370 minggu lalu
https://www.traveloka.com/id-id/user/review/consumption/HOTEL/GENERAL/295653,11,13,"Pelayanan di Hotel Santika Tasikmalaya sangat memuaskan. Hanya di kamar 211 exhaust nya agak berisik, sampai agak terdengar di kamar tidur. Dan handuk mandinya agak bau apek, untuk handuk kecilnya sih wangi.",Diulas 371 minggu lalu
https://www.traveloka.com/id-id/user/review/consumption/HOTEL/GENERAL/295653,11,14,Paling suka sama masakan hotel santika yang kaya akan kelezatan.,Diulas 371 minggu lalu
https://www.traveloka.com/id-id/user/review/consumption/HOTEL/GENERAL/295653,11,15,"Menyenangkan sekali, kalau ke kota tasik enaknya hotel Santika.",Diulas 372 minggu lalu
https://www.traveloka.com/id-id/user/review/consumption/HOTEL/GENERAL/295653,11,16,"Dengan harga murah tapi dapat kamarnya bagus banget, makanannya ya 1-10 saya kasih 8, untuk pelayanannya bagus banget",Diulas 372 minggu lalu
https://www.traveloka.com/id-id/user/review/consumption/HOTEL/GENERAL/295653,11,17,"Kebersihannya aja ditingkatkan, debu kamar sama toilet masih nempel. Selebihnya puas dan menyenangkan, staf hotelnya ramah banget.",Diulas 372 minggu lalu
https://www.traveloka.com/id-id/user/review/consumption/HOTEL/GENERAL/295653,11,18,"Pelayanan yang ramah, tempatnya nyaman, menu sarapan bervariatif, dan ada live musicnya saat sarapan.",Diulas 373 minggu lalu
https://www.traveloka.com/id-id/user/review/consumption/HOTEL/GENERAL/295653,11,19,"Kamar luas dan nyaman, cocok untuk keluarga.",Diulas 373 minggu lalu
https://www.traveloka.com/id-id/user/review/consumption/HOTEL/GENERAL/295653,11,20,Pelayanan bagus dan hotel bersih.,Diulas 373 minggu lalu
https://www.traveloka.com/id-id/user/review/consumption/HOTEL/GENERAL/295653,11,21,Akomodasi bagus Bersih dan nyaman. Harga yang pantas.,Diulas 374 minggu lalu
https://www.traveloka.com/id-id/user/review/consumption/HOTEL/GENERAL/295653,11,22,"Check in-nya cepet, pegawai hotel ramah-ramah semua, sarapan lumayan enak, cuma yang kurang di kamar mandi sih air panasnya ngga stabil. Jadi kadang anget, terus tiba-tiba dingin 😅 sama saran aja mungkin lebih baik lantai keramiknya diganti karpet ? karena mengingat di Tasik udaranya lumayan dingin.",Diulas 374 minggu lalu
https://www.traveloka.com/id-id/user/review/consumption/HOTEL/GENERAL/295653,11,23,"Kami menginap untuk 2 malam, kamar sesuai gambar dan luas walau kami memakai extrabed, lokasi strategis dan pelayanannya ramah. Sayang dihari pertama ada acara wedding di dekat area kolam renang, jadi aga kurang nyaman untuk berenang. Selebihnya menginap di Santika Tasikmalaya tidak mengecewakan",Diulas 375 minggu lalu
https://www.traveloka.com/id-id/user/review/consumption/HOTEL/GENERAL/295653,11,24,Sangat memuaskan dalam segala hal,Diulas 375 minggu lalu
https://www.traveloka.com/id-id/user/review/consumption/HOTEL/GENERAL/295653,11,25,"Sangat menyenangkan menginap di sini, lokasi strategis, dekat masjid Agung, dekat tempat-tempat kuliner, dekat pusat perbelanjaan juga. Pelayanannya sangat ramah, kamar bersih, toilet bersih, penerangan lorongnya juga baik (tidak terkesan remang-remang dan horor). Kolam renangnya bersahabat untuk anak-anak. Bikin  pengen balik lagi ke sini. Thanks Traveloka, thanks Hotel Santika Tasikmalaya.",Diulas 376 minggu lalu
https://www.traveloka.com/id-id/user/review/consumption/HOTEL/GENERAL/295653,11,26,"Sangat menyuadkan kamarnya luas, makanannya juga enang banyak pilihan.",Diulas 377 minggu lalu
https://www.traveloka.com/id-id/user/review/consumption/HOTEL/GENERAL/295653,11,27,Tempat yang nyaman untuk segala urusan berwisata di Tasikmalaya.,Diulas 377 minggu lalu
https://www.traveloka.com/id-id/user/review/consumption/HOTEL/GENERAL/295653,11,28,Pihak hotel sangat membantu dan pelayanan yang ramah. Nyaman deh kalau kita menginap disini.,Diulas 378 minggu lalu
https://www.traveloka.com/id-id/user/review/consumption/HOTEL/GENERAL/295653,11,29,"Bagus, kamar rapi, sarapan banyak macamnya",Diulas 378 minggu lalu
https://www.traveloka.com/id-id/user/review/consumption/HOTEL/GENERAL/295653,11,30,Liburan yang menyenangkan fasilitas yang oke banget pas banget dengan anak-anak. Kamar luas pelayanannya ramah dan oke makanannya enak banget dan varian yang selalu berganti tidak membosankan dan yang terpenting pilihannya banyak. Next time pasti menginap lagi. Makasih Traveloka dan terima kasih Hotel Santika Tasikmalaya. Good job!,Diulas 378 minggu lalu
https://www.traveloka.com/id-id/user/review/consumption/HOTEL/GENERAL/295653,11,31,Suka bermalam di hotel Santika karena tempatnya strategis.,Diulas 379 minggu lalu
https://www.traveloka.com/id-id/user/review/consumption/HOTEL/GENERAL/295653,11,32,Saya suka suasana dan karyawan yang sangat ramah,Diulas 379 minggu lalu
https://www.traveloka.com/id-id/user/review/consumption/HOTEL/GENERAL/295653,11,33,ini adalah lokasi yang tepat untuk liburan di kota kecil,Diulas 379 minggu lalu
https://www.traveloka.com/id-id/user/review/consumption/HOTEL/GENERAL/295653,11,34,"Ke 3 x sy menginap di Santika Hotel Tasikmalaya sebagai pilihan transit hotel dari Pangandaran menuju Bandung. Hanya 1 pilihan untuk menginap di Tasikmalaya yaitu Santika hotel..bersih,nyaman, lokasi strategis dan breakfast enak.",Diulas 380 minggu lalu
https://www.traveloka.com/id-id/user/review/consumption/HOTEL/GENERAL/295653,11,35,"Dengan pelayanan hotel yang menyenangkan, kami sekeluarga merasa puas, Ditambah menu sarapan yang menurut kami cukup variatif dan disukai oleh anak-anak, rasa masakan juga oke. Lokasi hotel ke alun alun dan stasiun kereta juga dekat.",Diulas 380 minggu lalu
https://www.traveloka.com/id-id/user/review/consumption/HOTEL/GENERAL/295653,11,36,"Saat datang disambut oleh resepsionis yang ramah dan menyenangkan, setiba di kamar juga menenangkan. 2 malam bersama istri sangat menikmati suasana hotel yang nyaman, oh ya makanan kecil yang disediakan dikamar gratis loh, sarapannya, mantap. Karena ada sajian makanan tradisional masyarakat serempat selain kuliner nusantaranya, lokasi di jantung kota Tasikmalaya, dekat kemana-mana. Poinya kami sekeluarga puas saat menginap di sana.",Diulas 380 minggu lalu
https://www.traveloka.com/id-id/user/review/consumption/HOTEL/GENERAL/295653,11,37,"Dengan menu sarapan yang lengkap, tempat tidur yang nyaman, santika hotel tasikmalaya tetap yang terbaik.",Diulas 380 minggu lalu
https://www.traveloka.com/id-id/user/review/consumption/HOTEL/GENERAL/295653,11,38,"Nyaman dan bersih, makanannya juga enak.",Diulas 381 minggu lalu
https://www.traveloka.com/id-id/user/review/consumption/HOTEL/GENERAL/295653,11,39,"tempatnya sangat amat nyaman, kebersihan dan pelayanan sangat baik, saya tentunya akan merekomendasikan tempat ini ke teman teman saya serta menginap di hotel ini lagi lain waktu ❤",Diulas 381 minggu lalu
https://www.traveloka.com/id-id/user/review/consumption/HOTEL/GENERAL/295653,11,40,Hotel tidak ada karpet dan air panas kurang panas.,Diulas 381 minggu lalu
https://www.traveloka.com/id-id/user/review/consumption/HOTEL/GENERAL/295653,12,1,Kebersihan hotelnya sangat baik begitu juga di kamar kebersihan sangat baik. Juga makanannya enak. Disamping itu karyawannya sangat ramah baik di front office maupun lainnya.,Diulas 381 minggu lalu
https://www.traveloka.com/id-id/user/review/consumption/HOTEL/GENERAL/295653,12,2,Good experience. dari segi makanan ditingkatkan kembali varian dan rasanya.,Diulas 381 minggu lalu
https://www.traveloka.com/id-id/user/review/consumption/HOTEL/GENERAL/295653,12,3,"Sudah cukup istirahat di Tasikmalaya. Lokasi mudah ditemukan, dekat dengan pusat makanan di Jalan HZ. Proses check in sangat cepat dan mudah. Kamar tidur dan kamar mandi bersih, ditambah dengan pemandangan Gunung Galunggung yang menakjubkan langsung dari kamar tidur. Sarapannya enak, pertunjukan musik tradisional live membuatnya lengkap. Luar biasa.",Diulas 381 minggu lalu
https://www.traveloka.com/id-id/user/review/consumption/HOTEL/GENERAL/295653,12,4,"Di jemput di stasiun dengan mobil hotel dan pada waktu mau check-out pagi hari jam 4 di kasi nasi goreng buat bekal, keren habis deh. Sudah 8 kali saya inap disni.",Diulas 382 minggu lalu
https://www.traveloka.com/id-id/user/review/consumption/HOTEL/GENERAL/295653,12,5,"Breakfastnya enak-enak, variasinya juga lumayan banyak, pelayanannya ramah, hotelnya juga cukup nyaman, complement air mineralnya cukup. So far pasti bakal balik",Diulas 382 minggu lalu
https://www.traveloka.com/id-id/user/review/consumption/HOTEL/GENERAL/295653,12,6,Seru dan menyenangkan apalagi tempatnya dekat ke kota jadi untuk mencari makan gampang.,Diulas 382 minggu lalu
https://www.traveloka.com/id-id/user/review/consumption/HOTEL/GENERAL/295653,12,7,"Selalu suka menginap di santika! Pelayanan ramah, ada welcome drink and snack sambil nunggu proses check-in, kamar luas, bersih, kinclong, Dan ada welcome snack juga di kamar for free. Sarapan enak dan variannya banyak as always. Pas buat yang bawa keluarga plus anak kecil-kecil karena pilihan makanan yang ramah anak banyak. Kolam renang bersih, ada kolam anak juga, lokasi strategis, Mau main ke alun-alun tinggal koprol. so far so good, keep up the good work, santika!",Diulas 383 minggu lalu
https://www.traveloka.com/id-id/user/review/consumption/HOTEL/GENERAL/295653,12,8,"Lobi nyaman, kamar juga nyaman, makanannya juga enak apalagi tiga bakarnya, mantap.",Diulas 383 minggu lalu
https://www.traveloka.com/id-id/user/review/consumption/HOTEL/GENERAL/295653,12,9,Kamar yang luas dan bersih. Staf yang ramah dan makanan enak untuk sarapan. Secara keseluruhan saya selalu menyukai kelompok Santika di mana pun saya tinggal.,Diulas 383 minggu lalu
https://www.traveloka.com/id-id/user/review/consumption/HOTEL/GENERAL/295653,12,10,Mulai dari gerbang petugas sudah melayani dengan ramah dan sopan begitu juga petugas front office sewaktu masuk kamar ada ucapan selamat datang melalui surat dari GM. Ada lagi yang selama ini belum pernah saya dapatkan dari hotel lain yaitu mini bar compliment. Terimakasih Santika Tasikmalaya.,Diulas 383 minggu lalu
https://www.traveloka.com/id-id/user/review/consumption/HOTEL/GENERAL/295653,12,11,"Kamar lumayan luas, kolam renang juga lumayan. anak-anak senang orang tua pun senang.",Diulas 383 minggu lalu
https://www.traveloka.com/id-id/user/review/consumption/HOTEL/GENERAL/295653,12,12,"Hotelnya bersih, kamarnya besar, makanannya enak, pelayanannya ramah dan sigap, recommended hotel untuk yang mau dan sedang liburan di kota Tasikmalaya.",Diulas 383 minggu lalu
https://www.traveloka.com/id-id/user/review/consumption/HOTEL/GENERAL/295653,12,13,Bisa berenang dan kamar wangi bersih makanan juga enak.,Diulas 385 minggu lalu
https://www.traveloka.com/id-id/user/review/consumption/HOTEL/GENERAL/295653,12,14,"Sarapannya sangat bervariasi, pelayanannya baik, view kamar hotel bagus dan cocok untuk keluarga.",Diulas 386 minggu lalu
https://www.traveloka.com/id-id/user/review/consumption/HOTEL/GENERAL/295653,12,15,"Hotel yang sangat ramah, nyaman, dan kami diberikan view yang sangat cantik dari kamar kami. makanan yang disajikan kebanyakan tradisional, dan ini memberikan pengalaman kuliner yang menyenangkan. Rasanya otentik dan banyak variasinya. Kolam renangnya tidak terlalu besar tapi sangat menyenangkan. Kami sangat puas dengan service dari hotel, lokasi yang sangat strategis dan kenyamanan yang kami rasakan.",Diulas 386 minggu lalu
https://www.traveloka.com/id-id/user/review/consumption/HOTEL/GENERAL/295653,12,16,"Sangat menyenangkan menginap di Santika hotel Tasikmalaya, dengan pool view. Perfect new year! Bisa menyaksikan kembang api dari dalam kamar. So romantic.",Diulas 386 minggu lalu
https://www.traveloka.com/id-id/user/review/consumption/HOTEL/GENERAL/295653,12,17,"Kolam renangnya di pakai panggung tahun baru, anak-anak jadi kurang happy.",Diulas 386 minggu lalu
https://www.traveloka.com/id-id/user/review/consumption/HOTEL/GENERAL/295653,12,18,Tempatnya nyaman. breakfast enak. Recommended place.,Diulas 386 minggu lalu
https://www.traveloka.com/id-id/user/review/consumption/HOTEL/GENERAL/295653,12,19,Lelet wifinya lelet banget parah.,Diulas 386 minggu lalu
https://www.traveloka.com/id-id/user/review/consumption/HOTEL/GENERAL/295653,12,20,"Sebetulnya nyaman sih cuma memang pas kamar yang saya sewa, AC-nya tidak dingin, komplain sampai 4 kali, diperbaiki namun tetap tidak dingin. Akhirnya pindah kamar, baru deh selesai masalahnya. Pelayanan oke, respon keluhan cukup baik, yang perlu ditingkatkan kontrol rutin ruangan khusus buat AC-nya, overall, nice hotel.",Diulas 386 minggu lalu
https://www.traveloka.com/id-id/user/review/consumption/HOTEL/GENERAL/295653,12,21,Hotel tempat yang bagus di tasikmalaya. Aku akan segera kembali.,Diulas 386 minggu lalu
https://www.traveloka.com/id-id/user/review/consumption/HOTEL/GENERAL/295653,12,22,Sangat pas untuk mengisi liburan panjang akhir tahun.,Diulas 386 minggu lalu
https://www.traveloka.com/id-id/user/review/consumption/HOTEL/GENERAL/295653,12,23,"Saya sekeluarga menginap di hotel ini dalam acara liburan. Sangat ramah pelayanannya, makanannya banyak bervariasi.",Diulas 387 minggu lalu
https://www.traveloka.com/id-id/user/review/consumption/HOTEL/GENERAL/295653,12,24,"Saya selalu menginap di Hotel Santika Tasikmalaya hampir sebulan sekali, kebersihan, kenyamanan dan keragaman makanannya merupakan daya tarik sendiri untuk hotel santika, jaga kualitas yang sudah baik.",Diulas 387 minggu lalu
https://www.traveloka.com/id-id/user/review/consumption/HOTEL/GENERAL/295653,12,25,"Anehnya, sarapan mereka sangat enak! Keramahan yang sangat bagus. Tapi toiletnya agak kotor. Ada beberapa noda. Secara keseluruhan 4/5.",Diulas 387 minggu lalu
https://www.traveloka.com/id-id/user/review/consumption/HOTEL/GENERAL/295653,12,26,"Pengalaman saya menginap di Santika Tasikmalaya sangat menyenangkan. Staf hotel semuanya sangat helpful dan ramah, breakfastnya sangat bervariasi, cita rasa Nusantara dan roomny juga oke. Overall kami sekeluarga senang menginap di Santika Tasikmalaya.",Diulas 387 minggu lalu
https://www.traveloka.com/id-id/user/review/consumption/HOTEL/GENERAL/295653,12,27,"Hotel bersih, staf hotel ramah dan menyenangkan, pelayanan excellent dan lokasi oke, dekat kemana-mana.",Diulas 387 minggu lalu
https://www.traveloka.com/id-id/user/review/consumption/HOTEL/GENERAL/295653,12,28,"Kamar and fasilitasnya oke! Menu breakfastnya enak-enak. Staf hotelnya ramah-ramah. Kalau pengin liburan yang tenang, damai, dan stay di tempat yang cocok, Hotel Santika beneran recommended, plus lingkungan Kota Tasik yang sangat mendukung.",Diulas 387 minggu lalu
https://www.traveloka.com/id-id/user/review/consumption/HOTEL/GENERAL/295653,12,29,Banyak yang perlu diperbarui sekelas Santika.,Diulas 387 minggu lalu
https://www.traveloka.com/id-id/user/review/consumption/HOTEL/GENERAL/295653,12,30,Pelayanan oke cuma kamar 202 agak bagaimana gitu horor. Makanan enak cuma biasa-biasa saja.,Diulas 387 minggu lalu
https://www.traveloka.com/id-id/user/review/consumption/HOTEL/GENERAL/295653,12,31,Pesan 4 kamar check-in 1 kamar ready. Sisanya bertahap nunggu hingga 1 jam. Sekelas santika payah.,Diulas 387 minggu lalu
https://www.traveloka.com/id-id/user/review/consumption/HOTEL/GENERAL/295653,12,32,"Hotel bintang 3 serasa bintang 5, pelayanannya oke banget, staffnya ramah-ramah, recommended banget deh. Selalu pilih santika hotel dimanapun juga?",Diulas 387 minggu lalu
https://www.traveloka.com/id-id/user/review/consumption/HOTEL/GENERAL/295653,12,33,Hotelnya rapi dan pelayanannya memuaskan. Pokoknya worth it banget lah.,Diulas 387 minggu lalu
https://www.traveloka.com/id-id/user/review/consumption/HOTEL/GENERAL/295653,12,34,Suasana kamar hotel cukup menyenangkan cuma untuk sarapan agak kurang variatif dan rasanya hanya biasa saja.,Diulas 387 minggu lalu
https://www.traveloka.com/id-id/user/review/consumption/HOTEL/GENERAL/295653,12,35,Pelayanan dan makanannya okelah.,Diulas 388 minggu lalu
https://www.traveloka.com/id-id/user/review/consumption/HOTEL/GENERAL/295653,12,36,Pelayanan sangat ramah sekali.,Diulas 388 minggu lalu
https://www.traveloka.com/id-id/user/review/consumption/HOTEL/GENERAL/295653,12,37,"Nyaman banget, pengen menginap lagi.",Diulas 388 minggu lalu
https://www.traveloka.com/id-id/user/review/consumption/HOTEL/GENERAL/295653,12,38,"Pelayanannya ramah cepat biar pun ada acara wisuda di hotel Santika tasikmalaya kamar sesuai di foto. Makanannya enak juga bervariasi macamnya tiap hari ganti menu, kolam renangnya pun bagus. Overall bagus lah hanya kasurnya bantalnya kurang nyaman (agak keras).",Diulas 388 minggu lalu
https://www.traveloka.com/id-id/user/review/consumption/HOTEL/GENERAL/295653,12,39,"Kamar sesuai dengan foto, luas, cukup bersih, sarapan enak dan lokasi strategis, dekat dengan tempat-tempat makan. Hanya saja tidak ada kulkas di kamar saya (superior). Mungkin kalau di kamar tipe lain (deluxe) ada. Saya pasti akan menginap disini lagi kalau ke Tasik.",Diulas 388 minggu lalu
https://www.traveloka.com/id-id/user/review/consumption/HOTEL/GENERAL/295653,12,40,"Pelayanannya ramah, view bagus.",Diulas 388 minggu lalu
https://www.traveloka.com/id-id/user/review/consumption/HOTEL/GENERAL/295653,13,1,"Kamar sesuai dengan foto, luas, cukup bersih, sarapan enak dan lokasi strategis, dekat dengan tempat-tempat makan. Hanya saja tidak ada kulkas dalam kamar (superior), mungkin kalau tipe deluxe ada, pasti akan menginap disini lagi!",Diulas 388 minggu lalu
https://www.traveloka.com/id-id/user/review/consumption/HOTEL/GENERAL/295653,13,2,"Recommend, semua pelayanan memuaskan.",Diulas 388 minggu lalu
https://www.traveloka.com/id-id/user/review/consumption/HOTEL/GENERAL/295653,13,3,"Menginap di Hotel Santika sangat mengesankan walaupun hanya 1 malam. Hotel bersih, kamar luas dan bersih. Suasana hotel tenang walaupun lagi banyak tamu menginap. Staf ramah dan informatif. Sarapan sangat beragam dan enak-enak. Sangat recommended sekali menginap di Hotel Santika.",Diulas 388 minggu lalu
https://www.traveloka.com/id-id/user/review/consumption/HOTEL/GENERAL/295653,13,4,"Kelebihan: hotel bersih, kamar nyaman, kasur tidak terlalu tinggi jadi tidak terlalu khawatir terjatuh saat bawa bayi yang sudah bisa naik turun kasur, Menu sarapan variatif, staf hotel yang ramah, tidak hanya welcome drink tapi disediakan snack juga di lobby, Mini bar tersedia snack gratis dan air mineral tersedia 4 botol gratis untuk tamu (karena biasanya hotel lain sedia hanya 2 botol) kekurangan di area, Hotel ini bisa direkomendasikan untuk menginap saat berada di tasikmalaya.",Diulas 388 minggu lalu
https://www.traveloka.com/id-id/user/review/consumption/HOTEL/GENERAL/295653,13,5,Sarapan banyak pilihan menunya,Diulas 388 minggu lalu
https://www.traveloka.com/id-id/user/review/consumption/HOTEL/GENERAL/295653,13,6,Kamar hotel yang menyenangkan dan hommy. Nilai plus view perkotaan Tasik dari ketinggian hotel. Dan makanan yang disajikan enak dan lezat banyak pilihan dan semuanya itu cita rasa nusantara. Saya suka.,Diulas 388 minggu lalu
https://www.traveloka.com/id-id/user/review/consumption/HOTEL/GENERAL/295653,13,7,"Hotelnya nyaman, lokasi strategis di pusat kota untuk sarapan banyak macamnya.",Diulas 389 minggu lalu
https://www.traveloka.com/id-id/user/review/consumption/HOTEL/GENERAL/295653,13,8,"Hotelnya bersih, pelayannya ramah, dan dekat ke pusat belanja.",Diulas 389 minggu lalu
https://www.traveloka.com/id-id/user/review/consumption/HOTEL/GENERAL/295653,13,9,Makanan disini enak sekali terutama lumpia duriannya highly recommended.,Diulas 390 minggu lalu
https://www.traveloka.com/id-id/user/review/consumption/HOTEL/GENERAL/295653,13,10,Pengalaman saya menyenangkan menginap ramah dan begitu nyaman.,Diulas 390 minggu lalu
https://www.traveloka.com/id-id/user/review/consumption/HOTEL/GENERAL/295653,13,11,"Waktu sampai di hotel jam 9.30 pm proses check-in lumayan cepat dan tersedia welcome drink untuk dinikmati tamu. Hotel room luas, nyaman, tetapi untuk bed agak keras kurang nyaman untuk saya, bersih. Tapi sayang saat tiba di kamar AC rusak dan perlu tunggu teknisi untuk perbaiki dan dibersihkan filter AC-nya menurut teknisi tersebut. Padahal saat sampai di hotel berharap bisa langsung beristirahat di kamar dengan nyaman. Untuk sarapan menu standard kurang bervariatif, 2 malam stay disana menu sarapan tetap sama dengan hari sebelumnya. Tetapi untuk makanan yang dipesan di room service, makanan enak dan price worth it. Overall stay was oke karena kamar luas hanya minor kerusakan AC saja.",Diulas 390 minggu lalu
https://www.traveloka.com/id-id/user/review/consumption/HOTEL/GENERAL/295653,13,12,"Hotel bersih, nyaman dan makanan enak.",Diulas 390 minggu lalu
https://www.traveloka.com/id-id/user/review/consumption/HOTEL/GENERAL/295653,13,13,Menyediakan layanan sewa mobil dan antar jemput ke stasiun kereta.,Diulas 391 minggu lalu
https://www.traveloka.com/id-id/user/review/consumption/HOTEL/GENERAL/295653,13,14,"Secara umum hotel ini nyaman, semua karyawannya ramah. Akan tetapi sayang saat saya menginap, saya mendapatkan kamar yang bebas merokok, padahal saya sendiri tidak merokok dengan alasan keterbatasan kamar yang dilarang merokok, sehingga membuat kurang nyaman saat menginap.",Diulas 391 minggu lalu
https://www.traveloka.com/id-id/user/review/consumption/HOTEL/GENERAL/295653,13,15,"Lokasi yang strategis, kamar yang bersih dan nyaman, serta petugas yang ramah.",Diulas 391 minggu lalu
https://www.traveloka.com/id-id/user/review/consumption/HOTEL/GENERAL/295653,13,16,"Lokasi hotel sangat strategis, hotel bintang tiga tetapi seperti bintang 4.",Diulas 391 minggu lalu
https://www.traveloka.com/id-id/user/review/consumption/HOTEL/GENERAL/295653,13,17,Tempat tidur yang nyaman dan lingkungan yang baik dan bersih. Suka berbagai makanan yang tersedia saat sarapan.,Diulas 391 minggu lalu
https://www.traveloka.com/id-id/user/review/consumption/HOTEL/GENERAL/295653,13,18,"Ini adalah tempat yang luar biasa. Saya sangat menikmati waktu saya di sini! Pelayanannya sangat memuaskan, jujur ​​saja saya tidak pernah berbohong, kalau menurut saya ini nyaman berarti itu faktanya. Akhir pekan saya di sini sangat menakjubkan. Tempatnya nyaman, pelayanannya memuaskan, dan secara keseluruhan sangat menyenangkan menginap di hotel ini. Saya sarankan setiap malam saya menginap di hotel ini, saya bisa mendapatkan voucher! Jadi saya bisa tidur lagi di hotel yang indah ini dengan pemandangan yang menakjubkan! Terima kasih! 😍",Diulas 391 minggu lalu
https://www.traveloka.com/id-id/user/review/consumption/HOTEL/GENERAL/295653,13,19,"Apa pengalaman hebat .. kamar yang bagus, suasana yang menyenangkan, keramahan yang hangat ..",Diulas 392 minggu lalu
https://www.traveloka.com/id-id/user/review/consumption/HOTEL/GENERAL/295653,13,20,"Service bagus, kamar bersih, sarapan ok",Diulas 392 minggu lalu
https://www.traveloka.com/id-id/user/review/consumption/HOTEL/GENERAL/295653,13,21,Secara keseluruhan dari A sampai Z sangat bagus. Terima kasih Santika.,Diulas 393 minggu lalu
https://www.traveloka.com/id-id/user/review/consumption/HOTEL/GENERAL/295653,13,22,Kamar bersih. Staf yang ramah. Makanannya enak.,Diulas 393 minggu lalu
https://www.traveloka.com/id-id/user/review/consumption/HOTEL/GENERAL/295653,13,23,Secara keseluruhan enjoy banget di hotel santika tasikmalaya ini. Recommended.,Diulas 393 minggu lalu
https://www.traveloka.com/id-id/user/review/consumption/HOTEL/GENERAL/295653,13,24,"Fasilitas yang lengkap, kamarnya nyaman dan makanannya variatif, keren.",Diulas 393 minggu lalu
https://www.traveloka.com/id-id/user/review/consumption/HOTEL/GENERAL/295653,13,25,"Pertama kali ke Tasik besama keluarga, kesan pertama dari hotel ini dari depan jauh dari kesan mewah dan kekinian, namun setelah masuk ternyata resepsionisnya sangat ramah dan welcome, dan pelayanan room service yang juga sangat cepat tanggap, walaupun memang hotel ini bintang 3 ⭐️⭐️⭐️ namun menurut saya secara pelayanan, fasilitas, dan lain-lain layaknya hotel bintang 4 ⭐️⭐️⭐️⭐️ Saya sangat puas terhadap layanan dan sangat merekomendasikan hotel ini 🙏🏻",Diulas 393 minggu lalu
https://www.traveloka.com/id-id/user/review/consumption/HOTEL/GENERAL/295653,13,26,"Hotelnya bagus, bersih, pelayanan dari masuk sampai keluar ramah, sopan, makanan enak, cocok untuk keluarga.",Diulas 393 minggu lalu
https://www.traveloka.com/id-id/user/review/consumption/HOTEL/GENERAL/295653,13,27,Cukup nyaman untuk beristirahat setelah kerja seharian.,Diulas 393 minggu lalu
https://www.traveloka.com/id-id/user/review/consumption/HOTEL/GENERAL/295653,13,28,Bagus hanya saja perlu dijaga kebersihan kamar dan lobby hotel.,Diulas 393 minggu lalu
https://www.traveloka.com/id-id/user/review/consumption/HOTEL/GENERAL/295653,13,29,"Not bad, bersih dan pelayanannya maksimal.",Diulas 394 minggu lalu
https://www.traveloka.com/id-id/user/review/consumption/HOTEL/GENERAL/295653,13,30,"Menu makanan biasa saja, kurang varian, salad standar.",Diulas 394 minggu lalu
https://www.traveloka.com/id-id/user/review/consumption/HOTEL/GENERAL/295653,13,31,"Kamarnya nyaman dan bersih, pelayanan baik, sarapan enak, mantap.",Diulas 394 minggu lalu
https://www.traveloka.com/id-id/user/review/consumption/HOTEL/GENERAL/295653,13,32,"Tempat di pusat kota, recommended.",Diulas 394 minggu lalu
https://www.traveloka.com/id-id/user/review/consumption/HOTEL/GENERAL/295653,13,33,"Hotel yang sangat nyaman, bagus, dan bersih dikota tasikmalaya. Saya dan keluarga sering sekali menginap di hotel ini dan selalu merasa betah saat menginap disini. Mulai dari pelayanannya yang sangat baik. Begitu sampai hotel langsung ditawarkan, welcome drink yang enak. Receptionistnya juga sangat helpful dan ramah, sarapannya enak dan bervariasi. Kolam renangnya teduh ada berbagai macam kedalaman dari yang dangkal sampai yang dalam. Lokasinya juga sangat stategis dekat kemana-mana. So far so good! Hotel Santika memang selalu bikin kangen dengan suasana kamarnya yang nyaman. Next, Saya dan keluarga pasti selalu berlangganan untuk menginap di hotel ini.",Diulas 395 minggu lalu
https://www.traveloka.com/id-id/user/review/consumption/HOTEL/GENERAL/295653,13,34,"Saya sangat puas selama menginap di hotel ini, nyaman, bersih, dan membantu staf.",Diulas 395 minggu lalu
https://www.traveloka.com/id-id/user/review/consumption/HOTEL/GENERAL/295653,13,35,"Makanannya kurang greget, dan suasana kamarnya kurang nyaman.",Diulas 395 minggu lalu
https://www.traveloka.com/id-id/user/review/consumption/HOTEL/GENERAL/295653,13,36,Dapet kamar di lt.5 kamar 518 kamarnya nyaman tp sayang banyak semut merah trs selang showernya copot lah pake shower yg diatasnya ga keluar airnya makanan enak variatif bgt kolam bersih cuman ga disedian handuk keringnya mau minta di gazebo handuknya ga ada penjaganya akhirnya basah2an ke kamar 😅 tp petugas front office nya ramah-ramah baik-baik murah senyum suka nyapa trs pas kita dateng ada welcome drink sama cemilannya..,Diulas 395 minggu lalu
https://www.traveloka.com/id-id/user/review/consumption/HOTEL/GENERAL/295653,13,37,"Hotel yang bagus, pelayanannya sangat ramah dan welcome, makanannya yang enak. Recommended hotel untuk jaringan Santika.",Diulas 395 minggu lalu
https://www.traveloka.com/id-id/user/review/consumption/HOTEL/GENERAL/295653,13,38,"Kamarnya sangat bersih dan nyaman, kolam renangnya bersih, makanannya enak terutama sop iga, pelayanannya ramah dan welcome termasuk satpam-nya. Setiap saya ke daerah, saya selalu mencari jaringan hotel Santika karena bagi saya recommended sekali.",Diulas 395 minggu lalu
https://www.traveloka.com/id-id/user/review/consumption/HOTEL/GENERAL/295653,13,39,"Mantap lah, cuma kamar tidak ada kulkas.",Diulas 395 minggu lalu
https://www.traveloka.com/id-id/user/review/consumption/HOTEL/GENERAL/295653,13,40,"Sangat nyaman kamarnya, breakfastnya oke banget. Posisi hotel dekat dengan mesjid agung tasikmalaya.",Diulas 395 minggu lalu
https://www.traveloka.com/id-id/user/review/consumption/HOTEL/GENERAL/295653,14,1,"Layanan mereka hebat, memiliki banyak menu untuk sarapan dan memiliki rasa yang luar biasa. Area kamar mereka bersih dan sangat nyaman.",Diulas 395 minggu lalu
https://www.traveloka.com/id-id/user/review/consumption/HOTEL/GENERAL/295653,14,2,"Hotel bagus dan recommended buat para tamu dari luar kota. Kamar luas, makanan bervariasi dan cukup enak, proses check-in dan check-out cepat.",Diulas 396 minggu lalu
https://www.traveloka.com/id-id/user/review/consumption/HOTEL/GENERAL/295653,14,3,"Tempat yang bersih, nyaman dan berada di pusat kota.",Diulas 396 minggu lalu
https://www.traveloka.com/id-id/user/review/consumption/HOTEL/GENERAL/295653,14,4,"Bersih, nyaman dan makanannya enak-enak",Diulas 397 minggu lalu
https://www.traveloka.com/id-id/user/review/consumption/HOTEL/GENERAL/295653,14,5,"Hotel santika menurut saya merupakan hotel bintang 3 yang pantas untuk direkomendasikan di kota tasikmalaya. Lokasi hotel ini strategis, Terletak di tepi jalan raya yudanegaran. ke masjid agung, alun-alun kota tasikmalaya dan mayasari plaza cukup 5 menit berjalan kaki. Ke stasiun tasikmalaya 15 menit jalan kaki. Di sekitar hotel ada beragam tempat makan. Salah satunya warung nasi ampera yang waralabanya ada di mana-mana, lobi hotelnya terkesan sempit. Parkiran mobilnya bisa menampung 20-30an mobil. Ruang meetingnya berada di lantai sama. Ukuran kamarnya yang superior tidak terlalu luas namun fasilitas kamarnya lumayan lengkap. Setiap kamar dilengkapi dengan brankas dan hairdryer. Tersedia juga sajadah di setiap kamar, untuk yang tipe deluxe, tersedia kulkas di dalamnya. Free minibar ada di semua kamar. Televisinya mempunyai 44 saluran yang memberikan pilihan beragam kepada tamu hotel. Free wifinya ngebut di dalam kamar dan di restoran. Penunjuk arah kiblat berada di langit-langit kamar dekat dengan AC Restorannya cukup luas. Sayangnya rest room berada di luar restoran, sarapannya enak dan bervariasi menunya. Khas hotel santika pada umumnya yang selalu menampilkan cita rasa nusantara, aneka jamu juga tersedia. Jika tamu melakukan booking hotel secara online (website, Traveloka, pegi-pegi agoda), (Dalal) maka akan mendapatkan sambutan kedatangan yang ditujukan secara personel kepada tamu hotel dalam bentuk selembar surat. Hal yang sederhana tapi sangat berkesan buat saya. Hotel santika tasikmalaya ini mempunyai 2 kolam renang untuk anak dan dewasa dengan kedalaman kolam 0,6 and 1, 3M. Jam operasinya dari pukul 6-18 wib. Tersedia juga sarana kebugaran dan spa.",Diulas 398 minggu lalu
https://www.traveloka.com/id-id/user/review/consumption/HOTEL/GENERAL/295653,14,6,"Menyenangkan. Kamarnya bersih, pelayanan oke dan ramah, makanannya enak-enak, kolam renang luas dan bersih liburan bersama keluarga jadi menyenangkan next time pas. Terima kasih Traveloka, terima kasih hotel Santika.",Diulas 398 minggu lalu
https://www.traveloka.com/id-id/user/review/consumption/HOTEL/GENERAL/295653,14,7,Sarapannya enak terutama cilok goangnya. Jos gandos.,Diulas 399 minggu lalu
https://www.traveloka.com/id-id/user/review/consumption/HOTEL/GENERAL/295653,14,8,Kamar Superior cukup besar untuk hunian tunggal seperti milik saya. Dan Anda harus mencoba &#39;kue soes&#39; saat sarapan! hebat!,Diulas 399 minggu lalu
https://www.traveloka.com/id-id/user/review/consumption/HOTEL/GENERAL/295653,14,9,Kamarnya bersih. pelayanan ramah. makanannya enak-enak dan saya sangat puas.,Diulas 400 minggu lalu
https://www.traveloka.com/id-id/user/review/consumption/HOTEL/GENERAL/295653,14,10,"Lokasinya bagus di tengah kota, dekat dengan pusat kuliner malam, dekat ke masjid agung, bersih dan nyaman.",Diulas 400 minggu lalu
https://www.traveloka.com/id-id/user/review/consumption/HOTEL/GENERAL/295653,14,11,"bahagia, bersih, baik, cantik.",Diulas 400 minggu lalu
https://www.traveloka.com/id-id/user/review/consumption/HOTEL/GENERAL/295653,14,12,"Kamar luas, bersih, enak, nyaman, kamar mandi bersih, air bersih, air hangat cepat panas, sarapan lumayan bervariasi, enak.",Diulas 400 minggu lalu
https://www.traveloka.com/id-id/user/review/consumption/HOTEL/GENERAL/295653,14,13,"Makanan oke banget, kamar cukup bersih, nyaman",Diulas 401 minggu lalu
https://www.traveloka.com/id-id/user/review/consumption/HOTEL/GENERAL/295653,14,14,"Kamar bersih, sarapannya enak.",Diulas 401 minggu lalu
https://www.traveloka.com/id-id/user/review/consumption/HOTEL/GENERAL/295653,14,15,"Satu-satunya hotel yang layak di Tasikmalaya sejauh ini. Sarapan, kebersihan, dan layanannya luar biasa!",Diulas 401 minggu lalu
https://www.traveloka.com/id-id/user/review/consumption/HOTEL/GENERAL/295653,14,16,"Kamar tidur nyaman, makanan oke, lokasi bagus, staf menyenangkan.",Diulas 402 minggu lalu
https://www.traveloka.com/id-id/user/review/consumption/HOTEL/GENERAL/295653,14,17,"Kamar bersih, pelayanan oke banget. Hanya variasi breakfast yang sedikit. Saat weekend sarapan jam 9 makanan sudah tinggal sedikit banget.",Diulas 402 minggu lalu
https://www.traveloka.com/id-id/user/review/consumption/HOTEL/GENERAL/295653,14,18,Liburan yang menyenangkan. Terima kasih hotel Santika.,Diulas 402 minggu lalu
https://www.traveloka.com/id-id/user/review/consumption/HOTEL/GENERAL/295653,14,19,"Menu sarapan komplet, kamar mandi perlu retouch sedikit dan handuk prefer lebih tebal lagi. saya request smoking room, tapi tidak ada asbak. Apa harus request ya?",Diulas 402 minggu lalu
https://www.traveloka.com/id-id/user/review/consumption/HOTEL/GENERAL/295653,14,20,"Hotel itu nyaman dan menyenangkan. Saya memiliki tidur dan istirahat yang memuaskan. Tempat tidur dan bantal sangat nyaman, sarapan juga lezat dan banyak varietas. Sangat direkomendasikan.",Diulas 403 minggu lalu
https://www.traveloka.com/id-id/user/review/consumption/HOTEL/GENERAL/295653,14,21,Menu makanan perlu diperluas.,Diulas 403 minggu lalu
https://www.traveloka.com/id-id/user/review/consumption/HOTEL/GENERAL/295653,14,22,"Saya menginap di kamar 612. Kamar yang bagus dan luas. Mulanya saya sangat senang dan puas. Tapi ternyata hanya sebantar saja. Karena saat saya mau membuat teh, saya membuka teapotnya ternyata menjijikkan. Seperti sudah lama tidak pernah dipakai. Ada airnya dan kotoran-kotoran mengambang. Lalu saya minta roomboy untuk menggantinya. Namun banget, saya sudah jijik memakai lagi. Hal kedua yang mengecewakan soal kebersihan kamar mandi. Wastafel dan ubin istilah saya ""ngetel"", pasti tidak pernah disikat/dibersihkan. Dan hal ke 3 yang mengecewakan saya ternyata kamar saya penuh dengan nyamuk. Sehingga apa yang saya bayangkan sebelumnya tidur di hotel yang bagus ini benar-benar menjadi siksaan buat saya. Dimana saya semalaman jadi gelisah tidak bisa tidur. Karena diganggu nyamuk. Mungkin karena tempat yang kotor dan tidak pernah dibersihkan itu hingga banyak nyamuknya. Untuk makanan macam banyak dan rasa lumayan enak. Semoga komentar ini menjadi perhatian bagi pengurus hotel ini. Sayang fasilitas yang serba bagus tidak didukung dengan pelayanan yang bagus.",Diulas 403 minggu lalu
https://www.traveloka.com/id-id/user/review/consumption/HOTEL/GENERAL/295653,14,23,"Hotel Santika Tasik Malaya bagus pelayanannya. Walaupun saat saya datang jalanan depan hotel sedang ditutup karena ada acara, tapi security dengan sigap membuka jalan agar kami bisa masuk, sarapannya juga bervariasi, dapat snack juga loh.",Diulas 403 minggu lalu
https://www.traveloka.com/id-id/user/review/consumption/HOTEL/GENERAL/295653,14,24,"Malam pertama, check in sekitar jam 9 malam, cepat dan lancar. Saya mendapat kamar dengan pintu penghubung, dan setelah 30 menit saya menyadari bahwa tamu di kamar sebelah mendengkur sangat keras, saya bisa mendengarnya di kamar saya. Saya minta dipindahkan, sayangnya tidak ada lagi kamar deluxe, saya meminta kemungkinan untuk ditingkatkan, dan mereka memberi saya ruang kelas yang lebih tinggi, tetapi saya harus membayar tambahan Rp.100.000. Kamar sebelah adalah ruang merokok, mungkin itu sebabnya baunya begitu kuat, dan bercampur dengan bau kamar mandi menjadi lebih tidak menyenangkan. Tapi Anda bisa lebih teliti untuk kebersihan lain seperti dinding panel, sprei, dll. Hari berikutnya saya harus pindah ke kamar lain, dan kamar 601 memiliki bau dan kebersihan yang jauh lebih baik dibandingkan dengan kamar sebelumnya. Rasa prasmanan makanan begitu begitu, beberapa item tidak cukup panas. Memesan ala carte bubur ayam untuk sarapan tetapi juga bubur hangat dan tidak cukup panas. Tapi makan malam ala carte enak. Fasilitas kolam renang dan gym bagus. Kami harus melewati pintu masuk ballroom ke kolam renang, ada pernikahan jadi agak canggung ketika kami berjalan mengenakan pakaian renang. Staf FO sangat membantu dan cepat tanggap. Terima kasih.",Diulas 404 minggu lalu
https://www.traveloka.com/id-id/user/review/consumption/HOTEL/GENERAL/295653,14,25,Hotel terbaik di tasikmalaya dengan semua fasilitas dan staf yang ramah.,Diulas 405 minggu lalu
https://www.traveloka.com/id-id/user/review/consumption/HOTEL/GENERAL/295653,14,26,"Saya special request kamar non smoking. Kenyatannya kami dapat kamar yang sangat bau rokok, menyebalkan!",Diulas 405 minggu lalu
https://www.traveloka.com/id-id/user/review/consumption/HOTEL/GENERAL/295653,14,27,"Hotel yang nyaman di pusat kota, hanya kamar mandi kebersihannya perlu ditingkatkan.",Diulas 407 minggu lalu
https://www.traveloka.com/id-id/user/review/consumption/HOTEL/GENERAL/295653,14,28,"Tempat menginap yang strategis, dekat pertokoan, mesjid, alun-alun kota, dan stasiun kereta api. sarapannya bervariasi dan enak, pelayan dan karyawan ramah. Kebersihan secara umum bersih, hanya masih ada noda-noda titik yang terlihat jika diamati lebih detail di area kamar mandi, dan tempat-tempat lain, handuk, dan sprei. banget loundry perlu lebih baik lagi dalam tugas menjaga kebersihan bahan-bahan kain.",Diulas 408 minggu lalu
https://www.traveloka.com/id-id/user/review/consumption/HOTEL/GENERAL/295653,14,29,"Saya sedikit kecewa karena mereka memberi kami ruang merokok tanpa meminta kami terlebih dahulu. Saya meminta mereka untuk mengubah kamar menjadi kamar bebas rokok. Rokoknya sangat berbau rokok. Kami memesan kamar twin deluxe, dengan keluhan yang kuat akhirnya mereka mengubah kamar menjadi eksekutif. Saya menemukan ada banyak semut kecil di salah satu kue lokal untuk sarapan. Karena saya mengambil kue ini dan memanggil pelayan untuk melihatnya, dan juga mengeluh kepada pelayan.",Diulas 409 minggu lalu
https://www.traveloka.com/id-id/user/review/consumption/HOTEL/GENERAL/295653,14,30,lokasi sangat nyaman dan strategis,Diulas 409 minggu lalu
https://www.traveloka.com/id-id/user/review/consumption/HOTEL/GENERAL/295653,14,31,"Bersih, pelayanan ramah dan cepat, lokasi juga dekat pusat kota",Diulas 409 minggu lalu
https://www.traveloka.com/id-id/user/review/consumption/HOTEL/GENERAL/295653,14,32,Hotel pilihan terbaik ketika mengunjungi Tasikmalaya,Diulas 409 minggu lalu
https://www.traveloka.com/id-id/user/review/consumption/HOTEL/GENERAL/295653,14,33,"Kamar bersih, staf hotel sopan, kolam renang Oke",Diulas 410 minggu lalu
https://www.traveloka.com/id-id/user/review/consumption/HOTEL/GENERAL/295653,14,34,Hotel yang terbaik di tasikmalaya dan dekat dengan tempat makan.,Diulas 410 minggu lalu
https://www.traveloka.com/id-id/user/review/consumption/HOTEL/GENERAL/295653,14,35,Kamar bersih. Makanan enak-enak variasi. Recommended,Diulas 410 minggu lalu
https://www.traveloka.com/id-id/user/review/consumption/HOTEL/GENERAL/295653,14,36,"Hotel Santika recommended untuk dikunjungi jika ke Tasikmalaya, semuanya serba the best (room, breakfast, fasilitas, rasa, makanan restorannya, pelayanan FO,. petugas hotel ramah-ramah.)",Diulas 410 minggu lalu
https://www.traveloka.com/id-id/user/review/consumption/HOTEL/GENERAL/295653,14,37,santika adalah favorit kami di tasik. Terima kasih,Diulas 411 minggu lalu
https://www.traveloka.com/id-id/user/review/consumption/HOTEL/GENERAL/295653,14,38,Untuk kebersihannya sangat baik dan fasilitasnya kalau bisa ada spanya . Pokoknya sangat recommended lah untuk yang stay di hotel santika tasikmalaya ini.,Diulas 411 minggu lalu
https://www.traveloka.com/id-id/user/review/consumption/HOTEL/GENERAL/295653,14,39,"Kami senang tinggal di hotel terbaik di tasik ini walau hanya 1 malam, dan esok akan kembali lagi bersama keluarga untuk berlibur, terima kasih Santika.",Diulas 411 minggu lalu
https://www.traveloka.com/id-id/user/review/consumption/HOTEL/GENERAL/295653,14,40,"Hotelnya bersih, stafnya ramah, variasi sarapan banyak dan enak.",Diulas 411 minggu lalu
https://www.traveloka.com/id-id/user/review/consumption/HOTEL/GENERAL/295653,15,1,"Salah satu hotel terhebat di Tasikmalaya, benar-benar sepadan, saya sarankan Anda mengunjunginya.",Diulas 411 minggu lalu
https://www.traveloka.com/id-id/user/review/consumption/HOTEL/GENERAL/295653,15,2,"Kamarnya bagus, makanan enak, karyawannya ramah",Diulas 411 minggu lalu
https://www.traveloka.com/id-id/user/review/consumption/HOTEL/GENERAL/295653,15,3,"Kamar luas, tempat yang nyaman dan bersih.",Diulas 411 minggu lalu
https://www.traveloka.com/id-id/user/review/consumption/HOTEL/GENERAL/295653,15,4,"Bau got agak merajalela di koridor kamar, sesekali masuk kamar sih baunya, bau rokok di non smoking room, artinya ventilasi exhaust tidak bagus. Food so so, ada yang keasinan juga. Overall try to make comfort myself lah... sudah bayar so dinikmati saja.",Diulas 411 minggu lalu
https://www.traveloka.com/id-id/user/review/consumption/HOTEL/GENERAL/295653,15,5,"Hotel lama, kamar mandi kurang bersih, sprei sudah kuning tidak putih bersih.",Diulas 411 minggu lalu
https://www.traveloka.com/id-id/user/review/consumption/HOTEL/GENERAL/295653,15,6,"Pesan kamar superior, dan ternyata diupgrade ke deluxe tanpa penambahan biaya (mungkin karena weekdays)) kamar luas, Fasilitas lengkap. Sarapan sangat bervariasi dan lengkap kolam renang bagus-sabun dan shampoo hanya untuk 1 orang, Mungkin bisa dihubungi pihak hotelnya, so that’s not a big problem overall, sangat worth it bagi yang ingin liburan di kota ini.",Diulas 412 minggu lalu
https://www.traveloka.com/id-id/user/review/consumption/HOTEL/GENERAL/295653,15,7,"Pelayanan baik, ramah, fasilitas oke. Breakfast enak, banyak variasi menunya.",Diulas 412 minggu lalu
https://www.traveloka.com/id-id/user/review/consumption/HOTEL/GENERAL/295653,15,8,"Pelayanan bagus sebelumnya biasa menginap di hotel sebelahnya, keliatan sempit tapi ternyata luas tempatnya.",Diulas 412 minggu lalu
https://www.traveloka.com/id-id/user/review/consumption/HOTEL/GENERAL/295653,15,9,"Pros: lokasi jalan banyak makanan, breakfast oke, kamar roomy dan bersih. Con: koridor lantai 5 kalau malam agak bau. kamar mandi kurang bersih",Diulas 412 minggu lalu
https://www.traveloka.com/id-id/user/review/consumption/HOTEL/GENERAL/295653,15,10,"Hotel santika is di best, makanannya enak-enak, nyaman, kolam renangnya bersih.",Diulas 412 minggu lalu
https://www.traveloka.com/id-id/user/review/consumption/HOTEL/GENERAL/295653,15,11,"Pelayanannya mantap, bersih. Dekat dengan pusat kota dan jajanan. kuliner.",Diulas 412 minggu lalu
https://www.traveloka.com/id-id/user/review/consumption/HOTEL/GENERAL/295653,15,12,"Hotel bersih dan stafnya ramah, lokasi strategis dekat dengan masjid agung.",Diulas 412 minggu lalu
https://www.traveloka.com/id-id/user/review/consumption/HOTEL/GENERAL/295653,15,13,"Kamarnya bersih, makanannya enak. Pelayanannya ramah.",Diulas 412 minggu lalu
https://www.traveloka.com/id-id/user/review/consumption/HOTEL/GENERAL/295653,15,14,"Recommended hotel yang tidak perlu diragukan lagi, dengan pelayanan yang ramah dan breakfast yang enak-enak menunya. kalau pas mau cari makan di luar juga gampang. Pokoknya seru dan happy",Diulas 413 minggu lalu
https://www.traveloka.com/id-id/user/review/consumption/HOTEL/GENERAL/295653,15,15,"Makanan lezat, layanan yang baik, kamarnya cukup bersih, dan hotel ini dekat dengan pusat kota.",Diulas 413 minggu lalu
https://www.traveloka.com/id-id/user/review/consumption/HOTEL/GENERAL/295653,15,16,"Jika Anda pergi ke danau, pastikan untuk menginap di sini.",Diulas 413 minggu lalu
https://www.traveloka.com/id-id/user/review/consumption/HOTEL/GENERAL/295653,15,17,Tempatnya bersih dan dekat ke pusat kota.,Diulas 413 minggu lalu
https://www.traveloka.com/id-id/user/review/consumption/HOTEL/GENERAL/295653,15,18,"Ramah, makanan enak, recommended, bersih.",Diulas 413 minggu lalu
https://www.traveloka.com/id-id/user/review/consumption/HOTEL/GENERAL/295653,15,19,"Tempat yang bagus, makanan enak, tetapi terlambat check-in",Diulas 413 minggu lalu
https://www.traveloka.com/id-id/user/review/consumption/HOTEL/GENERAL/295653,15,20,"Kamar kami menginap keran kamar mandi agak bocor, pagi-pagi kamar mandi penuh dengan air. But overall oke.",Diulas 413 minggu lalu
https://www.traveloka.com/id-id/user/review/consumption/HOTEL/GENERAL/295653,15,21,Lokasi sangat strategis dan pelayanannya sangat ramah.,Diulas 413 minggu lalu
https://www.traveloka.com/id-id/user/review/consumption/HOTEL/GENERAL/295653,15,22,"Hotelnya nyaman, pelayanan sangat memuaskan, makanan enak-enak dan melimpah banyaknya. Pokoknya recommended deh.",Diulas 414 minggu lalu
https://www.traveloka.com/id-id/user/review/consumption/HOTEL/GENERAL/295653,15,23,"Sangat memuaskan, pelayanannya bagus dan sopan.",Diulas 414 minggu lalu
https://www.traveloka.com/id-id/user/review/consumption/HOTEL/GENERAL/295653,15,24,"Pelayanan cepat, sarapan pagi banyak variasi",Diulas 414 minggu lalu
https://www.traveloka.com/id-id/user/review/consumption/HOTEL/GENERAL/295653,15,25,Hotelnya nyaman untuk tempat istirahat dan makannya enak-enak.,Diulas 414 minggu lalu
https://www.traveloka.com/id-id/user/review/consumption/HOTEL/GENERAL/295653,15,26,"Pelayanan mulai check-in, layanan kamar dan check-out, dilayani dengan cepat dan ramah",Diulas 414 minggu lalu
https://www.traveloka.com/id-id/user/review/consumption/HOTEL/GENERAL/295653,15,27,"Hotel Santika Tasikmalaya adalah hotel the best di Tasik, pelayanannya tiada yang dapat menandinginya. Strategis kemana-mana, selangkah menuju masjid alun-alun, Sangat dekat. Kamar tidur sangat bersih, kasurnya king (lega). Next saya akan menginap lagi disini.",Diulas 415 minggu lalu
https://www.traveloka.com/id-id/user/review/consumption/HOTEL/GENERAL/295653,15,28,Pelayanan ramah. Sarapan juga enak.,Diulas 415 minggu lalu
https://www.traveloka.com/id-id/user/review/consumption/HOTEL/GENERAL/295653,15,29,"Tempat yang bagus, kamar bagus &amp; makanan lezat",Diulas 415 minggu lalu
https://www.traveloka.com/id-id/user/review/consumption/HOTEL/GENERAL/295653,15,30,Dekat dengan pusat bisnis dan kuliner tasik,Diulas 415 minggu lalu
https://www.traveloka.com/id-id/user/review/consumption/HOTEL/GENERAL/295653,15,31,"Good, bagus, bersih, terawat.",Diulas 415 minggu lalu
https://www.traveloka.com/id-id/user/review/consumption/HOTEL/GENERAL/295653,15,32,"Cukup nyaman, hanya lantai kamar saat itu agak kotor. Dan juga beberapa perlengkapan kamar dan kamar mandi yang sudah terlihat rusak/tua sebaiknya diganti untuk menambah kenyamanan.",Diulas 415 minggu lalu
https://www.traveloka.com/id-id/user/review/consumption/HOTEL/GENERAL/295653,15,33,"Jangan coba baca komentar lain deco. Yang benar tuh oke banget buat liburan keluarga, traveling, dan lain-lain. Sip lah",Diulas 416 minggu lalu
https://www.traveloka.com/id-id/user/review/consumption/HOTEL/GENERAL/295653,15,34,"Pelayanan yang ramah dan menu makanan yang variatif, kebersihan dan keamanan terjaga.",Diulas 416 minggu lalu
https://www.traveloka.com/id-id/user/review/consumption/HOTEL/GENERAL/295653,15,35,"Responded cepat dan ramah, tidak betele-tele dan selalu siap membantu.",Diulas 416 minggu lalu
https://www.traveloka.com/id-id/user/review/consumption/HOTEL/GENERAL/295653,15,36,Hotelnya bagus. Bersih juga. Pelayanan baik. Tapi pesan yang king dikasih kamar yang standard.,Diulas 417 minggu lalu
https://www.traveloka.com/id-id/user/review/consumption/HOTEL/GENERAL/295653,15,37,Tempat nyaman. Kebersihan kurang. Makanan hambar.,Diulas 417 minggu lalu
https://www.traveloka.com/id-id/user/review/consumption/HOTEL/GENERAL/295653,15,38,Pelayanan baik. Semuanya baik. Tidak ada masalah.,Diulas 417 minggu lalu
https://www.traveloka.com/id-id/user/review/consumption/HOTEL/GENERAL/295653,15,39,"Sudah 2 kali kalau ke tasik pasti saya bermalam di santika. Memuaskan selain kamarnya luas, nyaman, makanannya pun banyak variasinya dan enak.",Diulas 417 minggu lalu
https://www.traveloka.com/id-id/user/review/consumption/HOTEL/GENERAL/295653,15,40,"Pelayanan ramah, check-in mudah, sarapan/sahur makanan bervariasi",Diulas 418 minggu lalu
https://www.traveloka.com/id-id/user/review/consumption/HOTEL/GENERAL/295653,16,1,"Lokasi hotel strategis, dekat dengan kuliner dan tempat bordir khas tasik",Diulas 418 minggu lalu
https://www.traveloka.com/id-id/user/review/consumption/HOTEL/GENERAL/295653,16,2,Nyaman banget tidur disini AC dingin dan pelayanan bagus.,Diulas 418 minggu lalu
https://www.traveloka.com/id-id/user/review/consumption/HOTEL/GENERAL/295653,16,3,"Pelayanan bagus, lokasi dekat dengan pusat kota, cocok untuk urusan bisnis maupun liburan keluarga.",Diulas 419 minggu lalu
https://www.traveloka.com/id-id/user/review/consumption/HOTEL/GENERAL/295653,16,4,Tempat yang bagus dan nyaman juga yang nyaman adalah yang terbaik,Diulas 420 minggu lalu
https://www.traveloka.com/id-id/user/review/consumption/HOTEL/GENERAL/295653,16,5,"Kamar oke banget nyaman, pelayanan baik, lokasi oke, semua-semua oke lah bisa menginap kembali jika ada keperluan di Tasikmalaya",Diulas 420 minggu lalu
https://www.traveloka.com/id-id/user/review/consumption/HOTEL/GENERAL/295653,16,6,Kamar oke tetapi untuk sarapan pilihannya tidak terlalu banyak. WiFi dikamar tidak berporasi terlalu baik (agak sulit untuk connect.,Diulas 422 minggu lalu
https://www.traveloka.com/id-id/user/review/consumption/HOTEL/GENERAL/295653,16,7,"Cukup memuaskan, agar lebih ditingkatkan lagi kedepannya.",Diulas 422 minggu lalu
https://www.traveloka.com/id-id/user/review/consumption/HOTEL/GENERAL/295653,16,8,"Sarapan enak, kamar kurang bersih.",Diulas 423 minggu lalu
https://www.traveloka.com/id-id/user/review/consumption/HOTEL/GENERAL/295653,16,9,"Hotel ini bersih, stafnya sangat membantu",Diulas 424 minggu lalu
https://www.traveloka.com/id-id/user/review/consumption/HOTEL/GENERAL/295653,16,10,"Pelayanannya oke, makasih hotel santika",Diulas 424 minggu lalu
https://www.traveloka.com/id-id/user/review/consumption/HOTEL/GENERAL/295653,16,11,"Tempat yang bagus, makanan enak, suasana yang bagus",Diulas 425 minggu lalu
https://www.traveloka.com/id-id/user/review/consumption/HOTEL/GENERAL/295653,16,12,Maintenance peralatan sudah tidak memadai lagi terutama di kamar mandi air tidak terlalu panas shower sudah berkurang fungsinya.,Diulas 425 minggu lalu
https://www.traveloka.com/id-id/user/review/consumption/HOTEL/GENERAL/295653,16,13,"Ini adalah hotel Santika terburuk yang pernah saya tinggal.
Kamar dan kamar mandi kotor seperti hotel tua yang murah. Saya mengharapkan makanan yang baik seperti hotel Santika lainnya untuk sarapan tapi makanan di sini jadi &#39;rata-rata&#39;. Tidak ada yang spesial.",Diulas 425 minggu lalu
https://www.traveloka.com/id-id/user/review/consumption/HOTEL/GENERAL/295653,16,14,"Hotel Santika Tasikmalaya bagi keluarga kami is the best pokoknya, menu sarapannya ngangenin",Diulas 426 minggu lalu
https://www.traveloka.com/id-id/user/review/consumption/HOTEL/GENERAL/295653,16,15,"Lokasi strategis, nyaman dan bersih",Diulas 426 minggu lalu
https://www.traveloka.com/id-id/user/review/consumption/HOTEL/GENERAL/295653,16,16,Semuanya bisa dibilang baik untuk harga yang ditawarkan.,Diulas 426 minggu lalu
https://www.traveloka.com/id-id/user/review/consumption/HOTEL/GENERAL/295653,16,17,Senang rasanya menginap di hotel ini,Diulas 427 minggu lalu
https://www.traveloka.com/id-id/user/review/consumption/HOTEL/GENERAL/295653,16,18,"AC tidak dingin, sarapan di area roti banyak lalatnya",Diulas 427 minggu lalu
https://www.traveloka.com/id-id/user/review/consumption/HOTEL/GENERAL/295653,16,19,"Lokasi strategis, kamar bersih namun untuk variasi makanan kurang dan rasanya standard",Diulas 429 minggu lalu
https://www.traveloka.com/id-id/user/review/consumption/HOTEL/GENERAL/295653,16,20,"Service oke. kurang di kebersihan kamar mandi, banyak kerak dan shower juga sudah karatan. untuk sekelas santika harusnya direnew lagi ketika sudah mulai kurang bagus",Diulas 429 minggu lalu
https://www.traveloka.com/id-id/user/review/consumption/HOTEL/GENERAL/295653,16,21,"Memuaskan ,staff ramah, breakfast ok",Diulas 429 minggu lalu
https://www.traveloka.com/id-id/user/review/consumption/HOTEL/GENERAL/295653,16,22,Hotel yang direkomendasikan untuk menginap semalam di tepi danau.,Diulas 430 minggu lalu
https://www.traveloka.com/id-id/user/review/consumption/HOTEL/GENERAL/295653,16,23,Service memuaskan dan nyaman lokasinya,Diulas 430 minggu lalu
https://www.traveloka.com/id-id/user/review/consumption/HOTEL/GENERAL/295653,16,24,Kamar ok. luas cukup untuk kami berdua. cuma agak kurang bersih area mini bar nya. banyak remah2 makanan. mungkin tidak dibersihkan ya. tapi so far ok lah.,Diulas 431 minggu lalu
https://www.traveloka.com/id-id/user/review/consumption/HOTEL/GENERAL/295653,16,25,"Kami memesan tidak merokok kamar untuk keluarga saya, tapi apa yang kita dapatkan adalah ruang bau merokok sangat buruk. Karena sudah penuh dan sudah terlambat, kita tidak bisa memiliki ruangan lain untuk pindah.",Diulas 431 minggu lalu
https://www.traveloka.com/id-id/user/review/consumption/HOTEL/GENERAL/295653,16,26,"Tampilan Kecapi dan penyanyi sunda waktu sarapat pagi bagus sekali, kalau bisa berkesempatan tamu kalau mau nyumbang nyanyi. Tapi saya senang dibawakan lagu yang saya pesan.",Diulas 431 minggu lalu
https://www.traveloka.com/id-id/user/review/consumption/HOTEL/GENERAL/295653,16,27,"Ketika kami memasuki ruangan kami, asap rokok itu sangat banyak. Kemudian kami memanggil service room untuk menyemprot dengan freshener udara. Tempat tidurnya tidak terlalu bersih. Sarapan adalah ok ok.",Diulas 431 minggu lalu
https://www.traveloka.com/id-id/user/review/consumption/HOTEL/GENERAL/295653,16,28,"Atas semua ok, makanan, layanan, semuanya baik-baik saja dan bagus",Diulas 432 minggu lalu
https://www.traveloka.com/id-id/user/review/consumption/HOTEL/GENERAL/295653,16,29,"Secara keseluruhan semuanya bagus, tetapi pilihan makanannya tidak banyak, selebihnya TOP.",Diulas 432 minggu lalu
https://www.traveloka.com/id-id/user/review/consumption/HOTEL/GENERAL/295653,16,30,"Keluarga saya menikmati hotel ini. Kolam renangnya bagus. Karyawannya sangat ramah terutama rizky, sangat membantu .. Terima kasih santika .. saya akan kembali kesana ..",Diulas 433 minggu lalu
https://www.traveloka.com/id-id/user/review/consumption/HOTEL/GENERAL/295653,16,31,"penginapan nyaman, dan sarapan pagi dengan banyak pilihan rasa",Diulas 434 minggu lalu
https://www.traveloka.com/id-id/user/review/consumption/HOTEL/GENERAL/295653,16,32,Lumayan nyaman. ok terima kasih,Diulas 434 minggu lalu
https://www.traveloka.com/id-id/user/review/consumption/HOTEL/GENERAL/295653,16,33,Makasih semuanya oke banget.,Diulas 436 minggu lalu
https://www.traveloka.com/id-id/user/review/consumption/HOTEL/GENERAL/295653,16,34,Pengalaman yang sangat bagus. Saya ada acara manten di ciamis tapi milih menginap di santika tasik karena membawa rombongan keluarga. Alhamdulilah.. Ortu sangat berkesan dan sangat nyaman menginap di santika..jaga terus mutu pelayanannya,Diulas 436 minggu lalu
https://www.traveloka.com/id-id/user/review/consumption/HOTEL/GENERAL/295653,16,35,"Lamarnya nyaman, pegawainya ramah, sarapannya banyak menu pilihan dan yang pasti enak, kolam renangnya lumayan lah. ah pokoknya recommended banget! Kalay ke Tasik lagi pasti pengen menginap disini lagi",Diulas 436 minggu lalu
https://www.traveloka.com/id-id/user/review/consumption/HOTEL/GENERAL/295653,16,36,Sangat baik untuk urusan bisnis,Diulas 437 minggu lalu
https://www.traveloka.com/id-id/user/review/consumption/HOTEL/GENERAL/295653,16,37,Hotel yang cukup bersih hanya 1 kurang nya tidak ada kulkas di dalam kamar dan snack dibar dalam kamar yang diberikan kurang pantas untuk kelas hotel berbintang 3. yang lain nya ok dan saya merasa nyaman menginap disana.,Diulas 437 minggu lalu
https://www.traveloka.com/id-id/user/review/consumption/HOTEL/GENERAL/295653,16,38,Staf bagus dan hotel terbaik untukku di tasik,Diulas 437 minggu lalu
https://www.traveloka.com/id-id/user/review/consumption/HOTEL/GENERAL/295653,16,39,Luar biasa nyaman dan no comment lagi deh.,Diulas 437 minggu lalu
https://www.traveloka.com/id-id/user/review/consumption/HOTEL/GENERAL/295653,16,40,"Menginap di Hotel Santika Tasikmalaya menyenangkan. Suasananya nyaman, makanannya enak. Rekomendasi sekali untuk keluarga dan calon pengunjung lainnya.",Diulas 438 minggu lalu
https://www.traveloka.com/id-id/user/review/consumption/HOTEL/GENERAL/295653,17,1,Sebaiknya buat acara yang bagus untuk merayakan malam tahun baru daripada makan malam saja. Tidak ada di atap,Diulas 438 minggu lalu
https://www.traveloka.com/id-id/user/review/consumption/HOTEL/GENERAL/295653,17,2,Pelayanan hotel ini sangat memuaskan dan para stafnya sangat ramah n bersahabat. Kami sekeluarga dangat senang menikmatinya. Salam.,Diulas 439 minggu lalu
https://www.traveloka.com/id-id/user/review/consumption/HOTEL/GENERAL/295653,17,3,"hotelnya ok,, makanan enak banyak pilihan,,",Diulas 439 minggu lalu
https://www.traveloka.com/id-id/user/review/consumption/HOTEL/GENERAL/295653,17,4,"Hotel strategis di pusat kota, staf ramah, sarapan juga enak, recommend buat yang mau liburan keluarga di Tasik.",Diulas 439 minggu lalu
https://www.traveloka.com/id-id/user/review/consumption/HOTEL/GENERAL/295653,17,5,"Sesuai expektasi yang tercantum di website. letak nya di tengah kota,, kamar nya luas, bersih dan nyaman.. sarapan nya enak dan beragam macam nya... pelayanan nya juga memuaskan,, tersedia welcome drink saat menunggu reservasi kamar.. pokok nya puas dan tidak menyesal..",Diulas 440 minggu lalu
https://www.traveloka.com/id-id/user/review/consumption/HOTEL/GENERAL/295653,17,6,Masih dalam perjalanan dengan layanan yang ramah dari Santika,Diulas 440 minggu lalu
https://www.traveloka.com/id-id/user/review/consumption/HOTEL/GENERAL/295653,17,7,"Good service, memuaskan, nyaman, cocok untuk keluarga.",Diulas 441 minggu lalu
https://www.traveloka.com/id-id/user/review/consumption/HOTEL/GENERAL/295653,17,8,"Hotel yang paling nyaman di tasikmalaya menurut Saya. Service ok, makanan enak dan banyak variasinya. Menu di restorannya pun enak-enak.",Diulas 441 minggu lalu
https://www.traveloka.com/id-id/user/review/consumption/HOTEL/GENERAL/295653,17,9,Urusan chek in butuh waktu lama dan kamar kurang bersih. Selebihnya cukup memuaskan dan agar ditingkatkan.,Diulas 441 minggu lalu
https://www.traveloka.com/id-id/user/review/consumption/HOTEL/GENERAL/295653,17,10,"Secara keseluruhan baik hanya makanan yang tidak begitu enak, juga rata",Diulas 442 minggu lalu
https://www.traveloka.com/id-id/user/review/consumption/HOTEL/GENERAL/295653,17,11,Semuanya semuanya hebat. Terima kasih,Diulas 442 minggu lalu
https://www.traveloka.com/id-id/user/review/consumption/HOTEL/GENERAL/295653,17,12,temparnya enak. dalam kota. dekat. sarapan enak. tapi sayang kamarnya bekas bau rokok.,Diulas 442 minggu lalu
https://www.traveloka.com/id-id/user/review/consumption/HOTEL/GENERAL/295653,17,13,"Breakfast memuaskan, pelayanan cukup baik.",Diulas 442 minggu lalu
https://www.traveloka.com/id-id/user/review/consumption/HOTEL/GENERAL/295653,17,14,"Bersih, kamar luas, oke bagus",Diulas 443 minggu lalu
https://www.traveloka.com/id-id/user/review/consumption/HOTEL/GENERAL/295653,17,15,"Hotel yang menyenangkan dan bersih, sarapan dengan banyak menu tradisional setempat.",Diulas 443 minggu lalu
https://www.traveloka.com/id-id/user/review/consumption/HOTEL/GENERAL/295653,17,16,Tempat yang menyenangkan untuk liburan keluarga,Diulas 445 minggu lalu
https://www.traveloka.com/id-id/user/review/consumption/HOTEL/GENERAL/295653,17,17,Nyaman dan menikmati tempat menginap,Diulas 445 minggu lalu
https://www.traveloka.com/id-id/user/review/consumption/HOTEL/GENERAL/295653,17,18,"sarapannya enak, nyaman dan pelayanan ramah",Diulas 445 minggu lalu
https://www.traveloka.com/id-id/user/review/consumption/HOTEL/GENERAL/295653,17,19,"Pelayanan yang ramah, menu sarapan sangat beragam, Check In dan check out dengan proses yang mudah dan cepat. Shower besar pada kamar mandi tidak bisa dipergunakan. View kolam renang yang indah",Diulas 445 minggu lalu
https://www.traveloka.com/id-id/user/review/consumption/HOTEL/GENERAL/295653,17,20,Hotel yang bagus. lokasi sangat sentral dan sangat baik pilihan sarapan,Diulas 445 minggu lalu
https://www.traveloka.com/id-id/user/review/consumption/HOTEL/GENERAL/295653,17,21,Hotel strategis. Pelayanan oke,Diulas 446 minggu lalu
https://www.traveloka.com/id-id/user/review/consumption/HOTEL/GENERAL/295653,17,22,"Pelayanan bagus, kamar luas dan bersih.",Diulas 446 minggu lalu
https://www.traveloka.com/id-id/user/review/consumption/HOTEL/GENERAL/295653,17,23,"Hotel bersih, kolam renang bagus dan bersih. hanya saja tempat duduk-duduk santai di luar ruangan kurang.",Diulas 446 minggu lalu
https://www.traveloka.com/id-id/user/review/consumption/HOTEL/GENERAL/295653,17,24,"Nyaman, bersih, makanannya enak",Diulas 446 minggu lalu
https://www.traveloka.com/id-id/user/review/consumption/HOTEL/GENERAL/295653,17,25,Saya dikasih kamar yang smoking jadi kamarnya bau,Diulas 446 minggu lalu
https://www.traveloka.com/id-id/user/review/consumption/HOTEL/GENERAL/295653,17,26,Makanannya enak dan beraneka ragam,Diulas 446 minggu lalu
https://www.traveloka.com/id-id/user/review/consumption/HOTEL/GENERAL/295653,17,27,"Playanannya sangat ramah dan baik, kamar dan makanannya oke lah.",Diulas 447 minggu lalu
https://www.traveloka.com/id-id/user/review/consumption/HOTEL/GENERAL/295653,17,28,"Kamar bersih, suasana hotel nyaman. Hanya tempat fitness nya kurang lengkap dan kurang besar.",Diulas 447 minggu lalu
https://www.traveloka.com/id-id/user/review/consumption/HOTEL/GENERAL/295653,17,29,lokasi di tengah kota dekat kemana mana,Diulas 447 minggu lalu
https://www.traveloka.com/id-id/user/review/consumption/HOTEL/GENERAL/295653,17,30,"OK kebersihan, pelayanan, lokasi, kenyamanan, makanan.",Diulas 448 minggu lalu
https://www.traveloka.com/id-id/user/review/consumption/HOTEL/GENERAL/295653,17,31,Ramah bersih dan dekat tempat shopping serta kuliner. Pokoknya sip deh.,Diulas 448 minggu lalu
https://www.traveloka.com/id-id/user/review/consumption/HOTEL/GENERAL/295653,17,32,Lokasi di tengah kota dekat kemana-mana,Diulas 448 minggu lalu
https://www.traveloka.com/id-id/user/review/consumption/HOTEL/GENERAL/295653,17,33,"Hotel yang sangat bagus dan sesuai dengan cost nya, Breakfast menu nya variasi dan enak rasanya. Sayang untuk pembuangan air kamar mandi agak mampet jadi ada genangan air, walau agak lama juga kering air nya.",Diulas 448 minggu lalu
https://www.traveloka.com/id-id/user/review/consumption/HOTEL/GENERAL/295653,17,34,"Interior kamar sangat baik, dan nyaman",Diulas 449 minggu lalu
https://www.traveloka.com/id-id/user/review/consumption/HOTEL/GENERAL/295653,17,35,"Deket kemana-mana karena lokasi strategis di tengah kota, nyaman, karyawan nya ramah, pilihan menu breakfast nya banyak",Diulas 449 minggu lalu
https://www.traveloka.com/id-id/user/review/consumption/HOTEL/GENERAL/295653,17,36,"Salah satu pilihan hotel terbaik di Tasikmalaya, sudah jaminan mutu sebagai salah satu jaringan hotel terbaik di Indonesia. Kamar bersih, fasilitas lengkap, pelayanan stafnya ramah, sarapan banyak pilihan, lokasi hotel dekat dengan pusat kota. Kurangnya hanya di kamar tempat kami menginap tidak tersedia lemari pendingin, kenapa ya? Tapi secara keseluruhan memuaskan kok",Diulas 449 minggu lalu
https://www.traveloka.com/id-id/user/review/consumption/HOTEL/GENERAL/295653,17,37,"Ini hotel yang bagus tapi di kamarku (708), gelar AC tidak mau ditetapkan",Diulas 450 minggu lalu
https://www.traveloka.com/id-id/user/review/consumption/HOTEL/GENERAL/295653,17,38,Hotelnya bersih dan pelayanannya juga ramah. Breakfast ok.,Diulas 450 minggu lalu
https://www.traveloka.com/id-id/user/review/consumption/HOTEL/GENERAL/295653,17,39,Great lokasi dan segala sesuatu yang aku tidak bisa mengeluh,Diulas 451 minggu lalu
https://www.traveloka.com/id-id/user/review/consumption/HOTEL/GENERAL/295653,17,40,"Hotel yang nyaman, makanannya enak, tetapi pelayanannya agak kurang, ketika check in jam 7 malam tidak ada roomboy yang standby, welcome drink habis dan menunggu lama sekali refilnya.",Diulas 451 minggu lalu
https://www.traveloka.com/id-id/user/review/consumption/HOTEL/GENERAL/295653,18,1,"Ovel all oke Hanya suara dari kamar sebelah terdengar jelas, seperti orang yang sedang mendengkur. Mohon peredam antar kamar diperbaiki lagi.",Diulas 451 minggu lalu
https://www.traveloka.com/id-id/user/review/consumption/HOTEL/GENERAL/295653,18,2,"pengalaman pertama menginap di hotel santika, sering mendengar suara OB yang sedang beraktifitas",Diulas 451 minggu lalu
https://www.traveloka.com/id-id/user/review/consumption/HOTEL/GENERAL/295653,18,3,Terima kasih traveloka dan santika tasikmalaya.. Menjadika moment indah bagi keluarga kami..,Diulas 451 minggu lalu
https://www.traveloka.com/id-id/user/review/consumption/HOTEL/GENERAL/295653,18,4,"Lantai kamar kotor, terutama dekat jendela kaca dan dibawah meja rias.",Diulas 451 minggu lalu
https://www.traveloka.com/id-id/user/review/consumption/HOTEL/GENERAL/295653,18,5,"Standar hotel Santika memang tiada duanya. Pertahankan, khususnya sajian sarapan pagi menu lokal sebagai cinta kuliner Indonesia sebagai jati diri bangsa yang beragam dan besar.",Diulas 451 minggu lalu
https://www.traveloka.com/id-id/user/review/consumption/HOTEL/GENERAL/295653,18,6,Bagus pada aspek keseluruhan. Tapi saya perlu membawa barang bawaan saya ke troli saat check-in karena tidak ada yang membantu saya.,Diulas 451 minggu lalu
https://www.traveloka.com/id-id/user/review/consumption/HOTEL/GENERAL/295653,18,7,Lokasi sangat baik dan pelayanan yang sangat baik,Diulas 452 minggu lalu
https://www.traveloka.com/id-id/user/review/consumption/HOTEL/GENERAL/295653,18,8,"Berada di pusat kota, dekat dengan mesjid, mudah di jangkau, cukup dekat dengan stasiun kereta tasikmalaya",Diulas 452 minggu lalu
https://www.traveloka.com/id-id/user/review/consumption/HOTEL/GENERAL/295653,18,9,Lokasinya strategis dan pelayanannya baik,Diulas 452 minggu lalu
https://www.traveloka.com/id-id/user/review/consumption/HOTEL/GENERAL/295653,18,10,"Memuaskan, pelayanannya oke, kebersihannya oke, yang terbaik adalah ada driver ROM.",Diulas 452 minggu lalu
https://www.traveloka.com/id-id/user/review/consumption/HOTEL/GENERAL/295653,18,11,Menyenangkan karena dekat dengan tempat kuliner.,Diulas 453 minggu lalu
https://www.traveloka.com/id-id/user/review/consumption/HOTEL/GENERAL/295653,18,12,Hotel yang bagus. makanan enak. staf yang bagus,Diulas 454 minggu lalu
https://www.traveloka.com/id-id/user/review/consumption/HOTEL/GENERAL/295653,18,13,"Ok, bagus, bersih, nyaman, menyenangkan untuk liburan keluarga",Diulas 454 minggu lalu
https://www.traveloka.com/id-id/user/review/consumption/HOTEL/GENERAL/295653,18,14,Bagus. Akan lebih bagus kalau sofa di kamar untuk 2 orang,Diulas 454 minggu lalu
https://www.traveloka.com/id-id/user/review/consumption/HOTEL/GENERAL/295653,18,15,Kamarnya nyaman dan makanannya enak.,Diulas 454 minggu lalu
https://www.traveloka.com/id-id/user/review/consumption/HOTEL/GENERAL/295653,18,16,Santikan adalah hotel yang bagus di Manila.,Diulas 454 minggu lalu
https://www.traveloka.com/id-id/user/review/consumption/HOTEL/GENERAL/295653,18,17,kamar memiliki bau yang tidak baik seperti Baygon,Diulas 455 minggu lalu
https://www.traveloka.com/id-id/user/review/consumption/HOTEL/GENERAL/295653,18,18,Hotel yang menjadi pilihan para pebisnis bila berkunjung ke tasikmalaya dengan fasilitas yang bisa dibilang terbaik saat ini untuk ditasikmalaya.,Diulas 455 minggu lalu
https://www.traveloka.com/id-id/user/review/consumption/HOTEL/GENERAL/295653,18,19,Cukup bagus cuma tempat parkirnya kecil,Diulas 455 minggu lalu
https://www.traveloka.com/id-id/user/review/consumption/HOTEL/GENERAL/295653,18,20,"Seperti biasa santika, standar kamar bagus, sarapan enak, lokasi juga oke, nyaman.",Diulas 455 minggu lalu
https://www.traveloka.com/id-id/user/review/consumption/HOTEL/GENERAL/295653,18,21,"Lokasi strategis, pelayanan oke.",Diulas 455 minggu lalu
https://www.traveloka.com/id-id/user/review/consumption/HOTEL/GENERAL/295653,18,22,"Strategis, dekat kemana2, pelayanan nya baik ramah, kamar nya cukup luas",Diulas 455 minggu lalu
https://www.traveloka.com/id-id/user/review/consumption/HOTEL/GENERAL/295653,18,23,"Semua bagus, hanya kelengkapan kamar kurang. Tidak ada kulkas di kamar yang saya tempati. channel TV kurang beragam.",Diulas 455 minggu lalu
https://www.traveloka.com/id-id/user/review/consumption/HOTEL/GENERAL/295653,18,24,"Kesan saya menginap di Santika tasikmalaya ,biasa aja, semua pelayanan standar *3.",Diulas 455 minggu lalu
https://www.traveloka.com/id-id/user/review/consumption/HOTEL/GENERAL/295653,18,25,Area bermain anak berantakan dan karpetnya kotor. Selang air shower juga kotor. Aditional bed kaya ranjang di rumah sakit. Ya lainnya oke lah.,Diulas 455 minggu lalu
https://www.traveloka.com/id-id/user/review/consumption/HOTEL/GENERAL/295653,18,26,"Hotelnya nyaman, bersih, pelayanannya ramah.",Diulas 456 minggu lalu
https://www.traveloka.com/id-id/user/review/consumption/HOTEL/GENERAL/295653,18,27,Pelayanan seperti bintang 5 dan sangat nyaman menginap disini.,Diulas 456 minggu lalu
https://www.traveloka.com/id-id/user/review/consumption/HOTEL/GENERAL/295653,18,28,Sangat nyaman dan lokasi strategis,Diulas 457 minggu lalu
https://www.traveloka.com/id-id/user/review/consumption/HOTEL/GENERAL/295653,18,29,"Hotelnya bersih dan apik. Semua pegawai ramah dan ringan tangan. Menu sarapan pagi beragam dan rasanya enak. Jika kami harus kembali lagi ke Tasikmalaya, kami pasti akan kembali tinggal di Santika.",Diulas 457 minggu lalu
https://www.traveloka.com/id-id/user/review/consumption/HOTEL/GENERAL/295653,18,30,"Ini bagus untuk perjalanan keluarga dan liburan. Anda harus memilih prioritas utama hotel ini saat Anda melakukan perjalanan ke timur priangan, khususnya Tasikmalaya.",Diulas 458 minggu lalu
https://www.traveloka.com/id-id/user/review/consumption/HOTEL/GENERAL/295653,18,31,"Sangat bagus, bersih dan nyaman",Diulas 458 minggu lalu
https://www.traveloka.com/id-id/user/review/consumption/HOTEL/GENERAL/295653,18,32,Memuaskan. Hanya saja restoran nya sempit,Diulas 458 minggu lalu
https://www.traveloka.com/id-id/user/review/consumption/HOTEL/GENERAL/295653,18,33,"Bagus bersih tempat tinggal, hangat keramahtamahan.",Diulas 458 minggu lalu
https://www.traveloka.com/id-id/user/review/consumption/HOTEL/GENERAL/295653,18,34,"Lokasi strategis, room-nya luas & breakfast-nya juga oke punya.",Diulas 458 minggu lalu
https://www.traveloka.com/id-id/user/review/consumption/HOTEL/GENERAL/295653,18,35,"Kamar luas, bersih, makanan enak dan banyak variasi, puas sama pelayanannya",Diulas 458 minggu lalu
https://www.traveloka.com/id-id/user/review/consumption/HOTEL/GENERAL/295653,18,36,"Kamarnya bersih, sangat luas, amenity lengkap, makanannya variatif dan enak, pelayanan ramah, sangat puas",Diulas 458 minggu lalu
https://www.traveloka.com/id-id/user/review/consumption/HOTEL/GENERAL/295653,18,37,"Nyaman, bersih, pelayanan bagus",Diulas 458 minggu lalu
https://www.traveloka.com/id-id/user/review/consumption/HOTEL/GENERAL/295653,18,38,"Great. menyenangkan, akan kembali lagi secepat nya",Diulas 459 minggu lalu
https://www.traveloka.com/id-id/user/review/consumption/HOTEL/GENERAL/295653,18,39,"Menyenangkan, bakalan kesini lagi.",Diulas 459 minggu lalu
https://www.traveloka.com/id-id/user/review/consumption/HOTEL/GENERAL/295653,18,40,"Saya datang awalnya dengan sambutan yang baik oleh kedua laki laki front liner. Kemudian saya mengantar anak saya berenang saya memesan kopi dan air mineral tidak dingin 1 dan kopi hitam 1. Lama saya tunggu kopi dan air mineral itu belum datang, saya tanyakan katanya masih proses. Datang lah pesanan saya. Kopi saya sudah tidak panas (hangat) tidak sesuai dengan ekspektasi saya. Saya sudah maklumi.  Kemudian anak saya meminta chocco cake. itupun lama sekali sampai mungkin 20 menit dan saya minta untuk waiters untuk telepon bagaimana proses cake itu dan jawabannya ""masih dibuatkan"" dalam pikiran saya lama donk karena buat cake, ya sudah lah saya pikir diantar saja ke dalam kamar dan itu maklum saya kedua. Kemudian saya minta handuk untuk anak saya. itupun masih lama dan saya minta kepada 3 orang waiters yang dua bilang ""baik bu tunggu sebentar"" yang terakhir langsung ambilkan di bawah meja bar. yg mana saya sudah mulai duduk di meja bar itu sejak pukul 2 siang sampai 4 sore, ternyata handuk itu di balik selambu meja bar. Oh my God apa kabar dengan ke 2 waiters itu?. Ketika saya hendak membawa handuk itu ke kamar keesokan paginya. Saya di tegur oleh life guard yang sedang menyapu di daerah kolam katanya tidak boleh membawa handuk tersebut. Dalam hati saya kenapa kemarin boleh kali ini tidak?. Lagian itu handuk sudah belel. Apabila handuk itu masih baguspun saya tidak akan mau membawa pulang. Mungkin penyampaian dan solusinya tidak diberikan pada saya. jadi mungkin raut wajah saya sudah tidak enak maka diperbolehkan karena saya bilang ambil saja di kamar saya. Hotel adalah menjual jasa. dimana ada service quality. Hanya berawal dari senyum dan ketulusan maka orang lain akan merasakan bagaimana orang itu bekerja. Asal bekerja atau bekerja dari hati itu sangat berbeda dirasakan. Kalau asal kerja maka orang yang melihat tidak menaruh sympathy. Tapi kalau semua dilakukan dari hati. Maka customer akan merasa sangat kehilangan jika melakukan check out dan berjanji dalam hati akan mengulang kembali menginap di hotel santika tasikmalaya. Ini hanya pendapat saya. Saat ini saya tidak ada keinginan sama sekali untuk menginap di hotel santika tasikmalaya dan saya hanya mengingatkan. Pengalaman dan daya jual dari mulut ke mulut itu lebih berkualitas daripada gambar yang di  web santika. Mohon maaf apabila saya mengutarakan hal tersebut karena rasa kecewa saya. Terima kasih telah bersedia membaca keluhan saya.",Diulas 459 minggu lalu
https://www.traveloka.com/id-id/user/review/consumption/HOTEL/GENERAL/295653,19,1,"Sangat memuaskan, sangat nyaman sekali",Diulas 459 minggu lalu
https://www.traveloka.com/id-id/user/review/consumption/HOTEL/GENERAL/295653,19,2,"Makanannya enak banget I admit it! selama saya ke hotel-hotel di jawa barat termasuk bandung dan waktu itu di hotel bintang 5 padahal, tapi Santika was the best so far. Tapi masalah kamar cuma kurang kulkas dan menurut saya kurang tebal dindingnya. karena saya bisa dengar suara keluarga saya dari 2 kamar disebelah. Lalu masalah staff yang ada di receptionis juga tidak standby. Saya kebetulan datang saat subuh dan tidak ada orang sama sekali even satpamnya pun tidak ada. Saya harus teriak-teriak dulu baru mereka muncul",Diulas 459 minggu lalu
https://www.traveloka.com/id-id/user/review/consumption/HOTEL/GENERAL/295653,19,3,"2x menginap pelayanan masih tetap sama, cukup bagus dan memuaskan",Diulas 459 minggu lalu
https://www.traveloka.com/id-id/user/review/consumption/HOTEL/GENERAL/295653,19,4,"Recommended, berkelas pokoknya",Diulas 459 minggu lalu
https://www.traveloka.com/id-id/user/review/consumption/HOTEL/GENERAL/295653,19,5,"Sanitair sudah waktunya diperbaiki/maintenance, overall is okay",Diulas 459 minggu lalu
https://www.traveloka.com/id-id/user/review/consumption/HOTEL/GENERAL/295653,19,6,"Hotel bagus, lokasi bagus.wifi dalam kamar kurang bagus.",Diulas 460 minggu lalu
https://www.traveloka.com/id-id/user/review/consumption/HOTEL/GENERAL/295653,19,7,"Hotelnya bagus, bersih, nyaman, dan pelayanan nya juga memuaskan. Ramah2",Diulas 460 minggu lalu
https://www.traveloka.com/id-id/user/review/consumption/HOTEL/GENERAL/295653,19,8,Sebuah layanan hebat dengan harga terjangkau,Diulas 460 minggu lalu
https://www.traveloka.com/id-id/user/review/consumption/HOTEL/GENERAL/295653,19,9,Pertahankan layanan hebat. Sebaiknya tambahkan jus sebenarnya ke menu sarapan.,Diulas 460 minggu lalu
https://www.traveloka.com/id-id/user/review/consumption/HOTEL/GENERAL/295653,19,10,"Untungnya, semuanya berfungsi dengan baik.",Diulas 460 minggu lalu
https://www.traveloka.com/id-id/user/review/consumption/HOTEL/GENERAL/295653,19,11,"Lokasi strategis, pelayanan baik, tempat yang nyaman serta makanan untuk sarapan sangat variatif dan rasanya enak next kalau berlibur ke Tasikmalaya akan menginap di hotel ini lagi. terima kasih Traveloka",Diulas 460 minggu lalu
https://www.traveloka.com/id-id/user/review/consumption/HOTEL/GENERAL/295653,19,12,Kamar tidak kedap suara dan tidak nyaman. Suara blower di dapur merambat ke kamar,Diulas 460 minggu lalu
https://www.traveloka.com/id-id/user/review/consumption/HOTEL/GENERAL/295653,19,13,Kolam renangnya ideal untuk sebuah hotel. Pertahankan perawatan dan kebersihannya.,Diulas 460 minggu lalu
https://www.traveloka.com/id-id/user/review/consumption/HOTEL/GENERAL/295653,19,14,Hotel yang sangat nyaman.,Diulas 460 minggu lalu
https://www.traveloka.com/id-id/user/review/consumption/HOTEL/GENERAL/295653,19,15,Hotel yang sangat rekomendasi untuk di kota tasikmalaya. Semua sesuai dengan ekpektasi. Keep the good job,Diulas 461 minggu lalu
https://www.traveloka.com/id-id/user/review/consumption/HOTEL/GENERAL/295653,19,16,"Nyaman, bersih, memuaskan.",Diulas 462 minggu lalu
https://www.traveloka.com/id-id/user/review/consumption/HOTEL/GENERAL/295653,19,17,"Kamar berbau minyak tanah cukup menyengat, tidak bisa istirahat.",Diulas 462 minggu lalu
https://www.traveloka.com/id-id/user/review/consumption/HOTEL/GENERAL/295653,19,18,View sangat bagus sekali.Jalan Protokol,Diulas 462 minggu lalu
https://www.traveloka.com/id-id/user/review/consumption/HOTEL/GENERAL/295653,19,19,"Lokasi strategis di tengah kota, staff ramah dan tanggap, hotel bersih, kamar bersih. Makanan sarapan pagi enak, tapi perlu lebih variatif.",Diulas 462 minggu lalu
https://www.traveloka.com/id-id/user/review/consumption/HOTEL/GENERAL/295653,19,20,"Hote santika tasikmalaya The best hotel di kota tasikmalaya awal masuk ke lobby suasana tatar parahiangan sangat terasa disambut ramah oleh satff front desk bernama tyas dan eva proses check in sangat cepat Disuguhi welcome drink ice lemon teh serai oleh bellboy, pertama masuk kamar kamarnya begitu luas dan view yang sangat bagus ke kota tasikmalaya untuk swimming pool sangat besar dan cocok untuk yang membawa keluarga seperti saya untuk breakfast di pagi hari disambut ramah oleh staff bernama wida dan sangat membantu saya menawarkan ragam menu khas tasikmalaya breakfast sangat enak sekali untuk menu khas tasikmalaya ada nasi tutug oncom dan ada cilok goang sangat menggugah selera mengingatkan saya rindu akan menu yang jarang saya santap saat di bogor",Diulas 463 minggu lalu
https://www.traveloka.com/id-id/user/review/consumption/HOTEL/GENERAL/295653,19,21,"Tempatnya nyaman, hanya sarapan kurang variasi",Diulas 463 minggu lalu
https://www.traveloka.com/id-id/user/review/consumption/HOTEL/GENERAL/295653,19,22,Pelayanan dan fasilitas cukup memuaskan,Diulas 463 minggu lalu
https://www.traveloka.com/id-id/user/review/consumption/HOTEL/GENERAL/295653,19,23,"Hotel besar di tasikmalaya, tenang dan bersahabat",Diulas 463 minggu lalu
https://www.traveloka.com/id-id/user/review/consumption/HOTEL/GENERAL/295653,19,24,"Setiap tahun kalau mudik, pasti menginap disini. Fasiltas, pelayanan dan makanannya juara!",Diulas 463 minggu lalu
https://www.traveloka.com/id-id/user/review/consumption/HOTEL/GENERAL/295653,19,25,"Kamar cukup luas, bersih, pelayanan ramah, sarapan cukup variatif.",Diulas 463 minggu lalu
https://www.traveloka.com/id-id/user/review/consumption/HOTEL/GENERAL/295653,19,26,"hotel nyaman, strategis, bersih.",Diulas 464 minggu lalu
https://www.traveloka.com/id-id/user/review/consumption/HOTEL/GENERAL/295653,19,27,Sarapan paginya kurang lengkap..,Diulas 464 minggu lalu
https://www.traveloka.com/id-id/user/review/consumption/HOTEL/GENERAL/295653,19,28,"Tempatnya bersih dan rapih, pelayanan mengagumkan Nice deh pokoknya",Diulas 464 minggu lalu
https://www.traveloka.com/id-id/user/review/consumption/HOTEL/GENERAL/295653,19,29,lumayaan untuk berlibur bersama keluarga yang kurang mknanaya standar,Diulas 464 minggu lalu
https://www.traveloka.com/id-id/user/review/consumption/HOTEL/GENERAL/295653,19,30,Overall memuaskan hanya pelayan restoran yang sptnya kurang personil sehingga ktika sarapan tidak disediain kopi dan piring kotor telat diangkat,Diulas 464 minggu lalu
https://www.traveloka.com/id-id/user/review/consumption/HOTEL/GENERAL/295653,19,31,Hotel favorite keluarga selama di Tasikmalaya,Diulas 464 minggu lalu
https://www.traveloka.com/id-id/user/review/consumption/HOTEL/GENERAL/295653,19,32,"Pelayanan ramah dan memuaskan. Kamar nyaman, bersih, luas. Kolam renang bersih. Makanan breakfast enak. Recommended hotel saat berkunjung ke tasikmalaya",Diulas 464 minggu lalu
https://www.traveloka.com/id-id/user/review/consumption/HOTEL/GENERAL/295653,19,33,Secara keseluruhan sangat memuaskan.,Diulas 464 minggu lalu
https://www.traveloka.com/id-id/user/review/consumption/HOTEL/GENERAL/295653,19,34,"Untuk keluarga saya mengusulkan untuk check-in di hotel ini, untuk layanan dan fasilitas yang sangat baik.",Diulas 465 minggu lalu
https://www.traveloka.com/id-id/user/review/consumption/HOTEL/GENERAL/295653,19,35,"Cukup memuaskan , sebagai masukan wifi nya di per besar bandwit.nya ok",Diulas 465 minggu lalu
https://www.traveloka.com/id-id/user/review/consumption/HOTEL/GENERAL/295653,19,36,"Pelayananya ramah cek in cepat, nice place",Diulas 465 minggu lalu
https://www.traveloka.com/id-id/user/review/consumption/HOTEL/GENERAL/295653,19,37,Hotel yang sangat bagus di Tasikmalaya,Diulas 466 minggu lalu
https://www.traveloka.com/id-id/user/review/consumption/HOTEL/GENERAL/295653,19,38,"Bagus dari lokasi, service dan meal.",Diulas 466 minggu lalu
https://www.traveloka.com/id-id/user/review/consumption/HOTEL/GENERAL/295653,19,39,ok pelayanannya bagus sekali yes,Diulas 467 minggu lalu
https://www.traveloka.com/id-id/user/review/consumption/HOTEL/GENERAL/295653,19,40,"Pelayanan yang baik, jam sarapan yang panjang, pas sekali.",Diulas 468 minggu lalu
https://www.traveloka.com/id-id/user/review/consumption/HOTEL/GENERAL/295653,20,1,Hotel yang bagus dan bagus di tasikmalaya.,Diulas 468 minggu lalu
https://www.traveloka.com/id-id/user/review/consumption/HOTEL/GENERAL/295653,20,2,Semuanya nyaman dan mengenakkan dan very good for service,Diulas 468 minggu lalu
https://www.traveloka.com/id-id/user/review/consumption/HOTEL/GENERAL/295653,20,3,"Pelayanan sangat baik, baik customer service atau officer lainnya, kamar bersih. Jempol untuk Santika Tasik.",Diulas 468 minggu lalu
https://www.traveloka.com/id-id/user/review/consumption/HOTEL/GENERAL/295653,20,4,Yang menonjol di hotel ini adalah pelayanan yang ramah.,Diulas 468 minggu lalu
https://www.traveloka.com/id-id/user/review/consumption/HOTEL/GENERAL/295653,20,5,Selalu menyenangkan tinggal bersama Santika.,Diulas 469 minggu lalu
https://www.traveloka.com/id-id/user/review/consumption/HOTEL/GENERAL/295653,20,6,"Bagus, pelayan good , lokasi strategis dan menu variatif dari traditional sampai modern ada",Diulas 469 minggu lalu
https://www.traveloka.com/id-id/user/review/consumption/HOTEL/GENERAL/295653,20,7,"Pelayanannya bagus, ramah-ramah, makanannya lumayan banyak pilihan.",Diulas 469 minggu lalu
https://www.traveloka.com/id-id/user/review/consumption/HOTEL/GENERAL/295653,20,8,Cukup menyenangkan dengan personil hotel yang ramah,Diulas 469 minggu lalu
https://www.traveloka.com/id-id/user/review/consumption/HOTEL/GENERAL/295653,20,9,Lumayan buat liburan keluarga.,Diulas 470 minggu lalu
https://www.traveloka.com/id-id/user/review/consumption/HOTEL/GENERAL/295653,20,10,Pelayanan ramah dan hotel bersih.,Diulas 470 minggu lalu
https://www.traveloka.com/id-id/user/review/consumption/HOTEL/GENERAL/295653,20,11,"Hotelnya cantik dan bersih. Staff-nya peramah, selalu senyum dan melayani dengan baik. Cuma makanannya harus diperbaiki.",Diulas 471 minggu lalu
https://www.traveloka.com/id-id/user/review/consumption/HOTEL/GENERAL/295653,20,12,Hotelnya sih okey hanya pas kebetulan di atas kamar saya yang menginap keluarga dan pinya anak kecil jam 12 malam masih lari2 dan membuat gaduh ke kamar saya brisik banget,Diulas 471 minggu lalu
https://www.traveloka.com/id-id/user/review/consumption/HOTEL/GENERAL/295653,20,13,Bagus semua. Sesuai harapan dan ketagihan menginap di Santika.,Diulas 471 minggu lalu
https://www.traveloka.com/id-id/user/review/consumption/HOTEL/GENERAL/295653,20,14,"Strategis di tengah kota, sarapan pagi variasi makanan banyak...malam hari gampang cari makanan khas Sunda",Diulas 471 minggu lalu
https://www.traveloka.com/id-id/user/review/consumption/HOTEL/GENERAL/295653,20,15,"Sangat memuaskan.. terima kasih banyak, karyawannya ramah ramah sekali .. kamarnya bersih ,makanannya juga enak.. cuma wifinya aja agak lemot.. So far saya sangat senang ..",Diulas 471 minggu lalu
https://www.traveloka.com/id-id/user/review/consumption/HOTEL/GENERAL/295653,20,16,"Kamarnya bersih, makanannya lumayan enak dan lokasinya berada di pusat kota. Sayang waktu ada acara di ballroom pada malam minggu, suaranya sangat keras dan membuat kami sekeluarga tidak bisa tidur. Manajemen hotel seharusnya memberitahu tamu bahwa akan ada event dengan suara yang cukup keras sehingga tamu tidak terkejut. Kenyamanan kami jadi sangat terganggu.......",Diulas 471 minggu lalu
https://www.traveloka.com/id-id/user/review/consumption/HOTEL/GENERAL/295653,20,17,Tempat yang bagus untuk tinggal saat Anda mengunjungi Tasikmalaya,Diulas 471 minggu lalu
https://www.traveloka.com/id-id/user/review/consumption/HOTEL/GENERAL/295653,20,18,Hotel yang nyaman di tasikmalaya dengan fasilitas yang lengkap dan sarapan yang banyak variasi menu..,Diulas 472 minggu lalu
https://www.traveloka.com/id-id/user/review/consumption/HOTEL/GENERAL/295653,20,19,Pelayananya memuaskan dan menyenangkan,Diulas 472 minggu lalu
https://www.traveloka.com/id-id/user/review/consumption/HOTEL/GENERAL/295653,20,20,"Pelayanan baik, nyaman buat keluarga",Diulas 472 minggu lalu
https://www.traveloka.com/id-id/user/review/consumption/HOTEL/GENERAL/295653,20,21,Pelayanan dan kamar sangat memuaskan,Diulas 472 minggu lalu
https://www.traveloka.com/id-id/user/review/consumption/HOTEL/GENERAL/295653,20,22,"Nyaman, tenang, complete, terjangkau",Diulas 473 minggu lalu
https://www.traveloka.com/id-id/user/review/consumption/HOTEL/GENERAL/295653,20,23,Selamat menikmati santika tasikmalaya,Diulas 473 minggu lalu
https://www.traveloka.com/id-id/user/review/consumption/HOTEL/GENERAL/295653,20,24,"Hotel terbaik di tasikmalaya, sangat dianjurkan",Diulas 473 minggu lalu
https://www.traveloka.com/id-id/user/review/consumption/HOTEL/GENERAL/295653,20,25,"baik, bagus ,bersih, nyaman, harga relatif terjangkau",Diulas 473 minggu lalu
https://www.traveloka.com/id-id/user/review/consumption/HOTEL/GENERAL/295653,20,26,Pengalaman pertama bagi kam sekeluarga. Pelayanan bagus.. Hotel yang nyaman dan menyenangkan.. lokasi mudah dijangkau.. jadi pilihan pertama bagi kami..,Diulas 473 minggu lalu
https://www.traveloka.com/id-id/user/review/consumption/HOTEL/GENERAL/295653,20,27,Tempat yang bagus di kota tasikmalaya dengan galunggung mt view,Diulas 473 minggu lalu
https://www.traveloka.com/id-id/user/review/consumption/HOTEL/GENERAL/295653,20,28,"Bersih, nyaman, breakfast variatif.",Diulas 474 minggu lalu
https://www.traveloka.com/id-id/user/review/consumption/HOTEL/GENERAL/295653,20,29,"Hotelnya bagus, bersih dan servicenya cukup memuaskan.",Diulas 474 minggu lalu
https://www.traveloka.com/id-id/user/review/consumption/HOTEL/GENERAL/295653,20,30,Tempat yang strategis untuk bisnis,Diulas 474 minggu lalu
https://www.traveloka.com/id-id/user/review/consumption/HOTEL/GENERAL/295653,20,31,"Lokasi yang besar, baik makanan dan layanan",Diulas 474 minggu lalu
https://www.traveloka.com/id-id/user/review/consumption/HOTEL/GENERAL/295653,20,32,layanan nyaman dan hangat,Diulas 474 minggu lalu
https://www.traveloka.com/id-id/user/review/consumption/HOTEL/GENERAL/295653,20,33,Petugas security kurang ramah atau dikatakan sangat tidak ramah,Diulas 474 minggu lalu
https://www.traveloka.com/id-id/user/review/consumption/HOTEL/GENERAL/295653,20,34,"Aku baru saja membeli kue ulang tahun pertamaku di sana, ya. Aku suka sekali. Para karyawannya ramah, baik, perhatian, dan menyenangkan.",Diulas 475 minggu lalu
https://www.traveloka.com/id-id/user/review/consumption/HOTEL/GENERAL/295653,20,35,Dekat pusat kota dan semua fasilitas yang ada sangat memuaskan,Diulas 475 minggu lalu
https://www.traveloka.com/id-id/user/review/consumption/HOTEL/GENERAL/295653,20,36,"Nyaman, bersih dan strategis u keliling kota.",Diulas 475 minggu lalu
https://www.traveloka.com/id-id/user/review/consumption/HOTEL/GENERAL/295653,20,37,"Layanan keluar dan kenyamanan, keunggulan",Diulas 476 minggu lalu
https://www.traveloka.com/id-id/user/review/consumption/HOTEL/GENERAL/295653,20,38,Pelayanan sangat baik. Welcome drink secangkir jahe hangat saat proses check-in di resepsionis sangat mengesankan..,Diulas 476 minggu lalu
https://www.traveloka.com/id-id/user/review/consumption/HOTEL/GENERAL/295653,20,39,"Puas, nyaman, enak dan strategis.",Diulas 476 minggu lalu
https://www.traveloka.com/id-id/user/review/consumption/HOTEL/GENERAL/295653,20,40,Hotel nyaman dengan harga yang terjangkau.,Diulas 476 minggu lalu
https://www.traveloka.com/id-id/user/review/consumption/HOTEL/GENERAL/295653,21,1,"Hotelnya cukup nyaman, makanan enak.",Diulas 476 minggu lalu
https://www.traveloka.com/id-id/user/review/consumption/HOTEL/GENERAL/295653,21,2,"Pelayanan sangat memuaskan, makanan cukup baik dan fasilitas memuaskan.",Diulas 476 minggu lalu
https://www.traveloka.com/id-id/user/review/consumption/HOTEL/GENERAL/295653,21,3,"Hotelnya bersih,lokasi dekat kemana-mana dan pelayanannya ok.",Diulas 476 minggu lalu
https://www.traveloka.com/id-id/user/review/consumption/HOTEL/GENERAL/295653,21,4,"Sudah sering menginap di santika tasik...over all menyenangkan, makanya jadi pelanggan setia setiap ke tasikmalaya",Diulas 477 minggu lalu
https://www.traveloka.com/id-id/user/review/consumption/HOTEL/GENERAL/295653,21,5,"Hotel bagus, bersih, staf ramah dan harga yang baik.",Diulas 477 minggu lalu
https://www.traveloka.com/id-id/user/review/consumption/HOTEL/GENERAL/295653,21,6,Makanannya enak2 dan pelayanannya cepat.,Diulas 477 minggu lalu
https://www.traveloka.com/id-id/user/review/consumption/HOTEL/GENERAL/295653,21,7,Rekomendasi untuk menginap di Hotel Santika Tasikmalaya.,Diulas 477 minggu lalu
https://www.traveloka.com/id-id/user/review/consumption/HOTEL/GENERAL/295653,21,8,"Hotel lumayan bagus untuk di daerah, kamarnya lumayan luas untuk segi kamar kelas superior, hanya saja begitu masuk kamar tidak ada karpet, jadi kalau pasang AC dingin lantai jadi dingin dan ruangan sangat dingin pd malam hari, fitness area terlalu sempit dan acnya entah bermasalah atau bagaimana saya kurang tau karena tidak ada petugas yang standby disana, pelayanan sangat ramah, dan sigap hanya saja pesan ala carte di Coffee shop sangat lama, tapi untungnya makananya enak.",Diulas 477 minggu lalu
https://www.traveloka.com/id-id/user/review/consumption/HOTEL/GENERAL/295653,21,9,"Hotelnya sangat nyaman, lokasi di tengah kota, fasilitas dan staff nya sangat baik, keluarga kami sangat suka di Santika Tasikmalaya. Terima kasih Traveloka dan Santika Tasikmalaya, liburan kami sungguh menyenangkan.",Diulas 478 minggu lalu
https://www.traveloka.com/id-id/user/review/consumption/HOTEL/GENERAL/295653,21,10,"Nyaman, lokasi strategis, enak untuk bisnis dan keluarga.",Diulas 478 minggu lalu
https://www.traveloka.com/id-id/user/review/consumption/HOTEL/GENERAL/295653,21,11,"Menginap di hotel santika memuaskan, hanya saja untuk kolam renangnya terlalu kecil.",Diulas 478 minggu lalu
https://www.traveloka.com/id-id/user/review/consumption/HOTEL/GENERAL/295653,21,12,Pelayanan yang ramah dan kebersihan bagus.,Diulas 478 minggu lalu
https://www.traveloka.com/id-id/user/review/consumption/HOTEL/GENERAL/295653,21,13,"Perfect semuanya. Hotel nyaman, bersih, strategis. Sarapan variatif. Very recommended",Diulas 479 minggu lalu
https://www.traveloka.com/id-id/user/review/consumption/HOTEL/GENERAL/295653,21,14,Begitu banyak makanan Indonesia yang lezat disini saat anda sarapan.,Diulas 479 minggu lalu
https://www.traveloka.com/id-id/user/review/consumption/HOTEL/GENERAL/295653,21,15,"Sarapannya excellent, kamar bersih dan pelayanan oke.",Diulas 479 minggu lalu
https://www.traveloka.com/id-id/user/review/consumption/HOTEL/GENERAL/295653,21,16,Mohon TV nya dilengkapi dengan anthena uhf..,Diulas 480 minggu lalu
https://www.traveloka.com/id-id/user/review/consumption/HOTEL/GENERAL/295653,21,17,Sangat memuaskan dan lokasi yang strategis,Diulas 481 minggu lalu
https://www.traveloka.com/id-id/user/review/consumption/HOTEL/GENERAL/295653,21,18,"Pelayanan yang sangat memuaskan. Berangkat macet, perjalanan jauh, tapi terbayar saat memesan hotel via traveloka good.. !! Pada pagi hari ayah saya menyanyi dengan acara musik yang ada dihotel tersebut, makanan good. Terima kasih",Diulas 481 minggu lalu
https://www.traveloka.com/id-id/user/review/consumption/HOTEL/GENERAL/295653,21,19,Pelayanannya baik dan cepat. Disediakan minibar gratis. Sarapan bervariasi. Hanya saja single bed nya agak kekecilan buat saya yg bawa bayi.,Diulas 481 minggu lalu
https://www.traveloka.com/id-id/user/review/consumption/HOTEL/GENERAL/295653,21,20,"Bagus, bersih, nyaman, pelayanan cepat dan ramah, menu makanan bervariasi dan enak",Diulas 481 minggu lalu
https://www.traveloka.com/id-id/user/review/consumption/HOTEL/GENERAL/295653,21,21,Thanks Santika. Pelayanan dan semua nya very good,Diulas 481 minggu lalu
https://www.traveloka.com/id-id/user/review/consumption/HOTEL/GENERAL/295653,21,22,Seperti biasa. Keluarga tempat favorit kami,Diulas 481 minggu lalu
https://www.traveloka.com/id-id/user/review/consumption/HOTEL/GENERAL/295653,21,23,"Secara keseluruhan semuanya bagus, makanannya enak dan banyak macamnya, pegawai ramah cuman untuk bagian kamar pas di sofa ada debu tebal seperti jarang di bersihkan di bagian bawah sofanya",Diulas 481 minggu lalu
https://www.traveloka.com/id-id/user/review/consumption/HOTEL/GENERAL/295653,21,24,Cukup nyaman dan di pusat kota,Diulas 482 minggu lalu
https://www.traveloka.com/id-id/user/review/consumption/HOTEL/GENERAL/295653,21,25,"Pelayanan, kebersihan, fasilitas, kenyamanan pokoknya puas",Diulas 482 minggu lalu
https://www.traveloka.com/id-id/user/review/consumption/HOTEL/GENERAL/295653,21,26,Apa kombinasi besar antara Santika keramahan dan kehangatan dari Tatar Sunda. Direkomendasikan.,Diulas 482 minggu lalu
https://www.traveloka.com/id-id/user/review/consumption/HOTEL/GENERAL/295653,21,27,Hotel udah sangat baik untuk kelas bintang 3.,Diulas 482 minggu lalu
https://www.traveloka.com/id-id/user/review/consumption/HOTEL/GENERAL/295653,21,28,"check in lama, receptionist kurang ramah, kurang bellboy, seukuran santika harus di re-new lagi 😊 But the food was great ☺️",Diulas 482 minggu lalu
https://www.traveloka.com/id-id/user/review/consumption/HOTEL/GENERAL/295653,21,29,Breakfast diantar ke kamar on time.,Diulas 482 minggu lalu
https://www.traveloka.com/id-id/user/review/consumption/HOTEL/GENERAL/295653,21,30,Good...semuanya ok baik....hanya note saja agar kebersihan kamar dibawah bangku/meja...jika nyapu perlu digeser dulu spy tidak ada sisa2 plastic/debu.....tks......,Diulas 483 minggu lalu
https://www.traveloka.com/id-id/user/review/consumption/HOTEL/GENERAL/295653,21,31,overall sangat nyaman d santika..hanya saja suara dr kamar sbelah luar kedengaan ke kamar saya jadi agak sedikit mengganggu,Diulas 483 minggu lalu
https://www.traveloka.com/id-id/user/review/consumption/HOTEL/GENERAL/295653,21,32,Kenyamanan dan lokasi yang baik dan,Diulas 483 minggu lalu
https://www.traveloka.com/id-id/user/review/consumption/HOTEL/GENERAL/295653,21,33,"Okelah dengan harga yang ditawarkan juga mendapatkan sarapan pagi yang diantar ke kamar, dibandingkan dengan hotel sebelahnya harga sama tapi belum mendapatkan sarapan. Terus tingkatkan pelayanannya.",Diulas 483 minggu lalu
https://www.traveloka.com/id-id/user/review/consumption/HOTEL/GENERAL/295653,21,34,Sangat sangat memuaskan bisa menginap di Santika Tasikmalaya,Diulas 483 minggu lalu
https://www.traveloka.com/id-id/user/review/consumption/HOTEL/GENERAL/295653,21,35,"Bagus, ramah dan sesuai dengan website",Diulas 484 minggu lalu
https://www.traveloka.com/id-id/user/review/consumption/HOTEL/GENERAL/295653,21,36,"Pelayanan Ramah, hotel yang bersih, sarapan yang variatif dan tempat yang strategis di tengah kota. Pokoknya recommended hotel deh.",Diulas 484 minggu lalu
https://www.traveloka.com/id-id/user/review/consumption/HOTEL/GENERAL/295653,21,37,"Pelayanan bagus, nyaman, deket ke pusat kota.",Diulas 484 minggu lalu
https://www.traveloka.com/id-id/user/review/consumption/HOTEL/GENERAL/295653,21,38,Hotel besar untuk liburan keluarga,Diulas 484 minggu lalu
https://www.traveloka.com/id-id/user/review/consumption/HOTEL/GENERAL/295653,21,39,Memuaskan semua pelayanannya.,Diulas 484 minggu lalu
https://www.traveloka.com/id-id/user/review/consumption/HOTEL/GENERAL/295653,21,40,Cukup menyenangkan dan mengasyikan,Diulas 485 minggu lalu
https://www.traveloka.com/id-id/user/review/consumption/HOTEL/GENERAL/295653,22,1,"Santika hotel yang nyaman di tasikmalaya dengan nuansa modern pada kamar dan euforia kamar pun membuat saya betah. Dilain sisi mulai dari pelayanan, makanan yang disajikan sangat memuaskan saya.",Diulas 485 minggu lalu
https://www.traveloka.com/id-id/user/review/consumption/HOTEL/GENERAL/295653,22,2,Strategis banget buat transit ke kota lain.,Diulas 485 minggu lalu
https://www.traveloka.com/id-id/user/review/consumption/HOTEL/GENERAL/295653,22,3,Overall memuaskan cuma ada sedikit kekecewaan saat booking  dengan harga yang d tawarkan mendapat fasilitas breakfast seperti yang lain setelah saya check-in malah d tawarkan menu untuk simpel breakfast... jadi saya sarapan dengan menu yang seadanya tidak bisa makan apa aja yang saya mau itu sangat mengecewakan bagi saya penghoby makanan.. Apa lagi ulasan setiap pengunjung bilang makanan na banyak dan enak2 saya cuma merasakan nasi goreng doang huft,Diulas 485 minggu lalu
https://www.traveloka.com/id-id/user/review/consumption/HOTEL/GENERAL/295653,22,4,Baguuuuuuuuuuuuuussssssss.....,Diulas 485 minggu lalu
https://www.traveloka.com/id-id/user/review/consumption/HOTEL/GENERAL/295653,22,5,"Harga bagus, pelayanan yang baik, kamar yang bagus dan bersih",Diulas 485 minggu lalu
https://www.traveloka.com/id-id/user/review/consumption/HOTEL/GENERAL/295653,22,6,Hotel besar untuk liburan keluarga,Diulas 485 minggu lalu
https://www.traveloka.com/id-id/user/review/consumption/HOTEL/GENERAL/295653,22,7,Kamarnya bersih. Viewnya oke. Overall puas. Malem-malem minta disetrikain pun dijabanin.,Diulas 485 minggu lalu
https://www.traveloka.com/id-id/user/review/consumption/HOTEL/GENERAL/295653,22,8,Kamar 218 kurang bersih dari bau rokok. Mengganggu konsentrasi. Kurang kedap suara. Pokoknya tidak sesuai nama besar santika hotel.,Diulas 485 minggu lalu
https://www.traveloka.com/id-id/user/review/consumption/HOTEL/GENERAL/295653,22,9,"Bagus. Pokoknya, sangat direkomendasikan.",Diulas 485 minggu lalu
https://www.traveloka.com/id-id/user/review/consumption/HOTEL/GENERAL/295653,22,10,"Bagus, bagus, tempat yang nyaman",Diulas 485 minggu lalu
https://www.traveloka.com/id-id/user/review/consumption/HOTEL/GENERAL/295653,22,11,Memuaskan dari mulai kamar sampai dengan makanan TOP 😎 .. kalau ke tasik lagi saya akan menginap di sini lagi .,Diulas 486 minggu lalu
https://www.traveloka.com/id-id/user/review/consumption/HOTEL/GENERAL/295653,22,12,Minta request pd saat sahur utk puasa hari senin disiapkan makanan dgn baik dan sarapannya pilihannya jg banyak.,Diulas 486 minggu lalu
https://www.traveloka.com/id-id/user/review/consumption/HOTEL/GENERAL/295653,22,13,Yang paling saya ingin menginap di hotel santika karena menu breakfast yang komplit segala ada,Diulas 486 minggu lalu
https://www.traveloka.com/id-id/user/review/consumption/HOTEL/GENERAL/295653,22,14,"Suara dari luar kamar terdengar jelas di kamar. Suara aliran air sangat mengganggu dari kamar lain, terutama dari kamar sebelah.",Diulas 486 minggu lalu
https://www.traveloka.com/id-id/user/review/consumption/HOTEL/GENERAL/295653,22,15,untuk makanan lebih variatif lagi,Diulas 486 minggu lalu
https://www.traveloka.com/id-id/user/review/consumption/HOTEL/GENERAL/295653,22,16,"Kamar nyaman dan bersih,makanan nya enak enak👏",Diulas 486 minggu lalu
https://www.traveloka.com/id-id/user/review/consumption/HOTEL/GENERAL/295653,22,17,Secara keseluruhan lumayan...hanya sarapannya yang kurang memuaskan.,Diulas 486 minggu lalu
https://www.traveloka.com/id-id/user/review/consumption/HOTEL/GENERAL/295653,22,18,"Hotel bagus di tasik. Bersih terjaga, ramah orangnya",Diulas 486 minggu lalu
https://www.traveloka.com/id-id/user/review/consumption/HOTEL/GENERAL/295653,22,19,"lokasi mudah dijangkau, pusat kota tasikmalaya. kamar nyaman dan bersih sarapan enak dan sangat beragam, nemu makanan khas tasik cilok goang, nasi tutug oncom wifi lemot",Diulas 487 minggu lalu
https://www.traveloka.com/id-id/user/review/consumption/HOTEL/GENERAL/295653,22,20,"Kamar bersih dan nyaman, pelayanan ramah.",Diulas 487 minggu lalu
https://www.traveloka.com/id-id/user/review/consumption/HOTEL/GENERAL/295653,22,21,Bantal tidak enak tidak ada bar nya,Diulas 487 minggu lalu
https://www.traveloka.com/id-id/user/review/consumption/HOTEL/GENERAL/295653,22,22,Nyaman tenang dan menyenangkan...,Diulas 487 minggu lalu
https://www.traveloka.com/id-id/user/review/consumption/HOTEL/GENERAL/295653,22,23,"Sangat nyaman , ramah pelayananya dan bersih",Diulas 487 minggu lalu
https://www.traveloka.com/id-id/user/review/consumption/HOTEL/GENERAL/295653,22,24,"Pelayanan yang bagus dan ramah, hotel bersih, kamar juga bersih, semua peralatan berfungsi dengan baik.",Diulas 487 minggu lalu
https://www.traveloka.com/id-id/user/review/consumption/HOTEL/GENERAL/295653,22,25,"Hotelnya bersih dan berada di pusat kota. Cukup dekat dengan berjalan kaki ke area mesjid agung dan alun alun kota, sangat menyenangkan.",Diulas 487 minggu lalu
https://www.traveloka.com/id-id/user/review/consumption/HOTEL/GENERAL/295653,22,26,Cukup bagus pelayanannya cukup,Diulas 487 minggu lalu
https://www.traveloka.com/id-id/user/review/consumption/HOTEL/GENERAL/295653,22,27,"Biasa saja. Breakfast nya diantar ke kamar dengan menu yang terbatas, pemeliharaan kolam renang yang dilakukan pada saat aiang hari. Jadi anak anak saya tidak bisa menikmatinya...",Diulas 488 minggu lalu
https://www.traveloka.com/id-id/user/review/consumption/HOTEL/GENERAL/295653,22,28,"hotel yang bagus, kami memesan segera selama perjalanan karena kita punya lalu lintas melompat dan mengantuk, penanganan yang baik meskipun kami memeriksa di akhir malam",Diulas 488 minggu lalu
https://www.traveloka.com/id-id/user/review/consumption/HOTEL/GENERAL/295653,22,29,"Hotel nyaman, bersih, pelayanan ok.. hanya kurang detail dalam memberikan rincian.Ternyata saya hanya mendapat simple breakfast, yang berarti sarapan pilihan yang dibawa ke kamar",Diulas 488 minggu lalu
https://www.traveloka.com/id-id/user/review/consumption/HOTEL/GENERAL/295653,22,30,"Untuk kebersihan cukup baik,fasilitas cukup ok,hanya breakfast alangkah baiknya bukan ala carte.",Diulas 488 minggu lalu
https://www.traveloka.com/id-id/user/review/consumption/HOTEL/GENERAL/295653,22,31,Overall hotel ini sangat bagus dan lokasi strategis. Pertahankan yang sudah bagus disana rasa makanan lebih dimantapkan lagi..,Diulas 488 minggu lalu
https://www.traveloka.com/id-id/user/review/consumption/HOTEL/GENERAL/295653,22,32,Cukup memuaskan dengan menu sarapan yang bervariatif,Diulas 488 minggu lalu
https://www.traveloka.com/id-id/user/review/consumption/HOTEL/GENERAL/295653,22,33,Kami puas bisa hidup di hotel santika tasikmalaya,Diulas 488 minggu lalu
https://www.traveloka.com/id-id/user/review/consumption/HOTEL/GENERAL/295653,22,34,"Hotel bagus di tengah kota, untuk sarapan diantar ke kamar, tidak makan di restorannya.",Diulas 489 minggu lalu
https://www.traveloka.com/id-id/user/review/consumption/HOTEL/GENERAL/295653,22,35,Atas semua baik saya pikir oke untuk rileks,Diulas 489 minggu lalu
https://www.traveloka.com/id-id/user/review/consumption/HOTEL/GENERAL/295653,22,36,hotel yang bagus. Dianjurkan untuk tinggal.,Diulas 489 minggu lalu
https://www.traveloka.com/id-id/user/review/consumption/HOTEL/GENERAL/295653,22,37,Sangat bersih. Rapi. Wifinya juga cepet. Pelayan nya sopan. Pokoknya the best la,Diulas 489 minggu lalu
https://www.traveloka.com/id-id/user/review/consumption/HOTEL/GENERAL/295653,22,38,kebersihan ruangan dan fasilitas kurang,Diulas 489 minggu lalu
https://www.traveloka.com/id-id/user/review/consumption/HOTEL/GENERAL/295653,22,39,Saya dan keluarga saya kami senang,Diulas 490 minggu lalu
https://www.traveloka.com/id-id/user/review/consumption/HOTEL/GENERAL/295653,22,40,"Hotel bagus, pelayanan bagus, cuma di kamar ada semut",Diulas 490 minggu lalu
https://www.traveloka.com/id-id/user/review/consumption/HOTEL/GENERAL/295653,23,1,"Hotelnya bagus, bersih, makanan tardisional enak, staff ramah.",Diulas 490 minggu lalu
https://www.traveloka.com/id-id/user/review/consumption/HOTEL/GENERAL/295653,23,2,"Bersih, nyaman, sarapannya enak2.",Diulas 490 minggu lalu
https://www.traveloka.com/id-id/user/review/consumption/HOTEL/GENERAL/295653,23,3,"Lokasi okee ditengah kota,kolam renang dan makanan oke, cuman sayang waktu check-in terlalu lama menunggu 2jam, need to be improve",Diulas 490 minggu lalu
https://www.traveloka.com/id-id/user/review/consumption/HOTEL/GENERAL/295653,23,4,"Hotelnya bersih, pegawai nya ramah2, wifi lancar, parkiran besar, deket tempat makan & pusat kota, breakfast bervariasi banyak makanan tradisionalnya,pokok nya rekomendasi deh buat kamu2 yang ke tasik",Diulas 490 minggu lalu
https://www.traveloka.com/id-id/user/review/consumption/HOTEL/GENERAL/295653,23,5,Pegawainya ramah2 dan cepat dalam menangani kebutuhan tamu.,Diulas 491 minggu lalu
https://www.traveloka.com/id-id/user/review/consumption/HOTEL/GENERAL/295653,23,6,"Hotelnya bagus, kamar bersih, pelayanan bagus, breakfast kurang menarik, tapi kamar tidak kedap suara sehingga ada orang bicara di luar masih terdengar hingga ke dalam kamar.",Diulas 491 minggu lalu
https://www.traveloka.com/id-id/user/review/consumption/HOTEL/GENERAL/295653,23,7,"Lokasi strategis deket cihideung,pelayanan ramah..hanya kolam renang yang agak kurang privasi buat tamu menginap,selebihnya memuaskan",Diulas 491 minggu lalu
https://www.traveloka.com/id-id/user/review/consumption/HOTEL/GENERAL/295653,23,8,"Kamar bersih, menu sarapan sangat bervariasi dengan taste yang bagus, pelayanan dan penyambutan baik",Diulas 491 minggu lalu
https://www.traveloka.com/id-id/user/review/consumption/HOTEL/GENERAL/295653,23,9,Nice hotel..recomended banget buat keluarga,Diulas 491 minggu lalu
https://www.traveloka.com/id-id/user/review/consumption/HOTEL/GENERAL/295653,23,10,Lumayan nyaman dan tempat strategis,Diulas 491 minggu lalu
https://www.traveloka.com/id-id/user/review/consumption/HOTEL/GENERAL/295653,23,11,"Hotel bagus, kamar bersih, pelayanan bagus, sarapan bagus, tapi kamar tidak kedap suara sehingga suara ribut tamu lain diluar terdengar hingga kedalam kmr.",Diulas 492 minggu lalu
https://www.traveloka.com/id-id/user/review/consumption/HOTEL/GENERAL/295653,23,12,"Sebuah hotel besar dan suasana yang menyenangkan, kami benar-benar menikmati kami tinggal sementara kami berada di sana",Diulas 492 minggu lalu
https://www.traveloka.com/id-id/user/review/consumption/HOTEL/GENERAL/295653,23,13,"Kamarnya bagus, pegawai nya juga ramah ramah banget. Suka. Pelayanan nya memuaskan. Tingkatkan!",Diulas 493 minggu lalu
https://www.traveloka.com/id-id/user/review/consumption/HOTEL/GENERAL/295653,23,14,"Hotelnya bagus, staffnya ramah, tapi proses check in nya lama, saya menunggu hampir 2 jam sampai kamarnya siap. Dan saya baru dapat extra bed jam 6 sore. Menu breakfast variatif, rasanya juga lumayan enak. Suasana kolam renang juga bagus.",Diulas 493 minggu lalu
https://www.traveloka.com/id-id/user/review/consumption/HOTEL/GENERAL/295653,23,15,"Breakfast kurang menarik, air kamar mandi keluar terlalu kecil sangat tidak nyaman dipakai untuk mandi.",Diulas 495 minggu lalu
https://www.traveloka.com/id-id/user/review/consumption/HOTEL/GENERAL/295653,23,16,"Overall memuaskan termasuk kamar nyaman, makanan banyak pilihan, tapi wifi sangat mengecewakan dan fan kamar mandi agak berisik.",Diulas 496 minggu lalu
https://www.traveloka.com/id-id/user/review/consumption/HOTEL/GENERAL/295653,23,17,sambutan hangat. membantu tim resepsionis,Diulas 496 minggu lalu
https://www.traveloka.com/id-id/user/review/consumption/HOTEL/GENERAL/295653,23,18,"Bagus, ajak anak-anak bermain, hanya saja kolam renangnya terlalu kecil. Itu saja.",Diulas 497 minggu lalu
https://www.traveloka.com/id-id/user/review/consumption/HOTEL/GENERAL/295653,23,19,Tempatnya nyaman dan pelayan hotel yg ramah,Diulas 497 minggu lalu
https://www.traveloka.com/id-id/user/review/consumption/HOTEL/GENERAL/295653,23,20,"Semuanya baik, tapi waktu saya wa I Hotel Santika sangat pendek, dan aku benar-benar menikmati waktu saya di Santika Hotel. Tempat yang sangat baik, dekat dengan tempat terkenal, dan makanan besar.",Diulas 497 minggu lalu
https://www.traveloka.com/id-id/user/review/consumption/HOTEL/GENERAL/295653,23,21,"Secara keseluruhan bagus,bersih dan nyaman.",Diulas 497 minggu lalu
https://www.traveloka.com/id-id/user/review/consumption/HOTEL/GENERAL/295653,23,22,Kenyamanan bintang tiga yang tidak kalah dengan bintang 4.....,Diulas 499 minggu lalu
https://www.traveloka.com/id-id/user/review/consumption/HOTEL/GENERAL/295653,23,23,"Bersih, bagus tidak bising hanya kamarnya kurang luas kalau bisa ditambahkan dikamar adanya mukena untuk sholat perempuan",Diulas 499 minggu lalu
https://www.traveloka.com/id-id/user/review/consumption/HOTEL/GENERAL/295653,23,24,Pengalaman menginap di Hotel Santika sangat menyenangkan. Stafnya ramah dan selalu menyapa dengan senyuman. Sarapan yang disediakan bervariasi. Lain kali saya pasti akan menginap di hotel ini lagi saat pergi ke Tasik.,Diulas 499 minggu lalu
https://www.traveloka.com/id-id/user/review/consumption/HOTEL/GENERAL/295653,23,25,"Nyaman, bersih, sarapan nya mantap!",Diulas 499 minggu lalu
https://www.traveloka.com/id-id/user/review/consumption/HOTEL/GENERAL/295653,23,26,Over all ok....saran air nya kecil banget,Diulas 500 minggu lalu
https://www.traveloka.com/id-id/user/review/consumption/HOTEL/GENERAL/295653,23,27,hotelnya nyaman untuk keluarga,Diulas 500 minggu lalu
https://www.traveloka.com/id-id/user/review/consumption/HOTEL/GENERAL/295653,23,28,Lokasi yang baik. layanan yang baik. Sarapan yang baik.,Diulas 502 minggu lalu
https://www.traveloka.com/id-id/user/review/consumption/HOTEL/GENERAL/295653,23,29,"Lokasi strategis, hotel bersih, staff ramah",Diulas 503 minggu lalu
https://www.traveloka.com/id-id/user/review/consumption/HOTEL/GENERAL/295653,23,30,"Makanan tidak enak, harga terlalu tinggi.",Diulas 504 minggu lalu
https://www.traveloka.com/id-id/user/review/consumption/HOTEL/GENERAL/295653,23,31,"Hotel ini bersih dan rapi, kenyamanan, layanan mereka sangat membantu. Kami akan kembali ke hotel ini, Santika Tasikmalaya",Diulas 504 minggu lalu
https://www.traveloka.com/id-id/user/review/consumption/HOTEL/GENERAL/295653,23,32,"Pelayanan bagus, sarapan enak, puas.",Diulas 505 minggu lalu
https://www.traveloka.com/id-id/user/review/consumption/HOTEL/GENERAL/295653,23,33,Hotel dengan posisi yang sangat strategis,Diulas 506 minggu lalu
https://www.traveloka.com/id-id/user/review/consumption/HOTEL/GENERAL/295653,23,34,Beberapa daerah di kamar mandi tidak bersih cukup.,Diulas 506 minggu lalu
https://www.traveloka.com/id-id/user/review/consumption/HOTEL/GENERAL/295653,23,35,"Air kamar mandi terlalu kecil keluarnya, ranjang ukuran kecil",Diulas 506 minggu lalu
https://www.traveloka.com/id-id/user/review/consumption/HOTEL/GENERAL/295653,23,36,Cukup ramah pelayan dan kebersihannya. Recommended.,Diulas 507 minggu lalu
https://www.traveloka.com/id-id/user/review/consumption/HOTEL/GENERAL/295653,23,37,"Mengesankan, bersih mantab dekat kemana mana.",Diulas 507 minggu lalu
https://www.traveloka.com/id-id/user/review/consumption/HOTEL/GENERAL/295653,23,38,berbagai jenis makanan untuk sarapan,Diulas 509 minggu lalu
https://www.traveloka.com/id-id/user/review/consumption/HOTEL/GENERAL/295653,23,39,"Hotel yang nyaman, makanan enak, harga kompetitif",Diulas 510 minggu lalu
https://www.traveloka.com/id-id/user/review/consumption/HOTEL/GENERAL/295653,23,40,"Parkir luas, ruangan lapang, makanan standard Santika dan enak,hanya kamar mandi terlalu sempit serta tempat sabun mandi kurang besar dikit lagi supaya bisa dipakai meletakkan beberapa peralatan mandi. Resepsionis ranah dan cepat pelayanannya. Sangat recommended",Diulas 510 minggu lalu
https://www.traveloka.com/id-id/user/review/consumption/HOTEL/GENERAL/295653,24,1,"Pelayanan yang baik, kamarnya bersih, lokasinya strategis",Diulas 510 minggu lalu
https://www.traveloka.com/id-id/user/review/consumption/HOTEL/GENERAL/295653,24,2,Tisu toilet dan wajah jaringan tidak tersedia pada malam kedua saya tinggal.,Diulas 510 minggu lalu
https://www.traveloka.com/id-id/user/review/consumption/HOTEL/GENERAL/295653,24,3,Sangat bagus. Pelayanan terbaik. Nyaman.,Diulas 510 minggu lalu
https://www.traveloka.com/id-id/user/review/consumption/HOTEL/GENERAL/295653,24,4,Kebersihan kamar mandi perlu ditingkatkan. Selebihnya oke.,Diulas 511 minggu lalu
https://www.traveloka.com/id-id/user/review/consumption/HOTEL/GENERAL/295653,24,5,"Nyaman, ramah, bersih & dekat kemana-mana.",Diulas 511 minggu lalu
https://www.traveloka.com/id-id/user/review/consumption/HOTEL/GENERAL/295653,24,6,The best hotel in Tasikmalaya.,Diulas 511 minggu lalu
https://www.traveloka.com/id-id/user/review/consumption/HOTEL/GENERAL/295653,24,7,"baru kali ini saya menginap di santika kesannya ngga enak, pelayanannya kurang memuaskan",Diulas 511 minggu lalu
https://www.traveloka.com/id-id/user/review/consumption/HOTEL/GENERAL/295653,24,8,"Menyenangkam, sarapan lengkap, perlu up grade shower mandi",Diulas 511 minggu lalu
https://www.traveloka.com/id-id/user/review/consumption/HOTEL/GENERAL/295653,24,9,"Oelayanan dan fasilitas oke banget, sarapannya juga.",Diulas 511 minggu lalu
https://www.traveloka.com/id-id/user/review/consumption/HOTEL/GENERAL/295653,24,10,Kamar dan pelayanan cukup baik.,Diulas 511 minggu lalu
https://www.traveloka.com/id-id/user/review/consumption/HOTEL/GENERAL/295653,24,11,"Nyaman, strategis, hanya saja ruang meeting yang kami pakai kurang dingin. untuk ruangan yang memanjang gitu dengan jumlah orang sekutar 60an cuma 4 titik ACnya. Harus ditambahin 2 atau 4 titik di bagian tengah harusnya.",Diulas 511 minggu lalu
https://www.traveloka.com/id-id/user/review/consumption/HOTEL/GENERAL/295653,24,12,Hotel Terbaik di Tasikmalaya. 1. Kerbersihan sgt terjaga 2. Pegawai Ramah 3. Makanan enak 4. Kolam renang jernih bgd airnya 5. Pusat kota,Diulas 511 minggu lalu
https://www.traveloka.com/id-id/user/review/consumption/HOTEL/GENERAL/295653,24,13,Hotel strategis dengan servis yang memuaskan,Diulas 512 minggu lalu
https://www.traveloka.com/id-id/user/review/consumption/HOTEL/GENERAL/295653,24,14,Mungkin tawaran sedikit fleksibel waktu check out,Diulas 512 minggu lalu
https://www.traveloka.com/id-id/user/review/consumption/HOTEL/GENERAL/295653,24,15,Tempat yang pas buat liburan keluarga di Tasik.,Diulas 512 minggu lalu
https://www.traveloka.com/id-id/user/review/consumption/HOTEL/GENERAL/295653,24,16,"Nyaman, layanan bagus dan lokasi yang baik.",Diulas 512 minggu lalu
https://www.traveloka.com/id-id/user/review/consumption/HOTEL/GENERAL/295653,24,17,"Nyaman, karyawannya ramah, lokasi dekat",Diulas 513 minggu lalu
https://www.traveloka.com/id-id/user/review/consumption/HOTEL/GENERAL/295653,24,18,Recommended banget buat yang mau nginep di hotel daerah tasik.,Diulas 514 minggu lalu
https://www.traveloka.com/id-id/user/review/consumption/HOTEL/GENERAL/295653,24,19,enoug baik tapi ada ruang cuci yang tepat dan toilet dekat kolam renang,Diulas 514 minggu lalu
https://www.traveloka.com/id-id/user/review/consumption/HOTEL/GENERAL/295653,24,20,Makanan saat sarapan sudah dalam kondisi dingin,Diulas 515 minggu lalu
https://www.traveloka.com/id-id/user/review/consumption/HOTEL/GENERAL/295653,24,21,"Hanya satu lift dapat digunakan, angkat lain di bawah layanan",Diulas 515 minggu lalu
https://www.traveloka.com/id-id/user/review/consumption/HOTEL/GENERAL/295653,24,22,"Bagus, makanan memuaskan, pelayanan memuaskan",Diulas 515 minggu lalu
https://www.traveloka.com/id-id/user/review/consumption/HOTEL/GENERAL/295653,24,23,"Tempatnya menyenangkan. Makanan bervariasi dan enak. Lokasi strategis, dekat dengan tempat makan dan juga dekat kemana-mana",Diulas 515 minggu lalu
https://www.traveloka.com/id-id/user/review/consumption/HOTEL/GENERAL/295653,24,24,"bersih, bagus & Nyaman, rapi, menu breakfast nya banyak pilihan",Diulas 517 minggu lalu
https://www.traveloka.com/id-id/user/review/consumption/HOTEL/GENERAL/295653,24,25,Hotel sahur prasmanan adalah menyenangkan! Dan cinta keramahan. Semua staf yang ramah kecuali staf meja depan. Terima kasih,Diulas 517 minggu lalu
https://www.traveloka.com/id-id/user/review/consumption/HOTEL/GENERAL/295653,24,26,hotel yang rekomendasi untuk di kota Tasikmalaya. Mohon kalau bisa ditambah untuk area bermain anak.,Diulas 517 minggu lalu
https://www.traveloka.com/id-id/user/review/consumption/HOTEL/GENERAL/295653,24,27,"Hotelnya asyik....bersih, makanannya enak, parkir luar. Thanks.",Diulas 517 minggu lalu
https://www.traveloka.com/id-id/user/review/consumption/HOTEL/GENERAL/295653,24,28,Sangat menyenangkan dan menjadi rujukan untuk akomodasi di Tasikmalaya dan sekitar kawasannya.,Diulas 518 minggu lalu
https://www.traveloka.com/id-id/user/review/consumption/HOTEL/GENERAL/295653,24,29,"Hotel yang bagus di Tasik Kota, menyediakan semua kebutuhan Anda selama perjalanan bisnis",Diulas 520 minggu lalu
https://www.traveloka.com/id-id/user/review/consumption/HOTEL/GENERAL/295653,24,30,Good receptionist..crew semua ramah..sopan..makanan ckup enak..room bagus..bersih..komplit..love to stay here again..thx all crew santika hotel tasik Malaya..,Diulas 521 minggu lalu
https://www.traveloka.com/id-id/user/review/consumption/HOTEL/GENERAL/295653,24,31,"Hotelnya bersih, nyaman dan menyenangkan.",Diulas 522 minggu lalu
https://www.traveloka.com/id-id/user/review/consumption/HOTEL/GENERAL/295653,24,32,Breakfastnya enak... Kamarnya nyaman..,Diulas 523 minggu lalu
https://www.traveloka.com/id-id/user/review/consumption/HOTEL/GENERAL/295653,24,33,Hotel bagus dan nyaman...makanannya juga enak,Diulas 523 minggu lalu
https://www.traveloka.com/id-id/user/review/consumption/HOTEL/GENERAL/295653,24,34,"Nyaman cukup memuaskan, pelayanan bagus",Diulas 524 minggu lalu
https://www.traveloka.com/id-id/user/review/consumption/HOTEL/GENERAL/295653,24,35,"Bagus, nyaman, dan bersih sekali.",Diulas 524 minggu lalu
https://www.traveloka.com/id-id/user/review/consumption/HOTEL/GENERAL/295653,24,36,Sangat nyaman dan kebersihan terjaga.,Diulas 524 minggu lalu
https://www.traveloka.com/id-id/user/review/consumption/HOTEL/GENERAL/295653,24,37,Hotel bagus pelayanannya dan bersih karena mungkin hotel baru,Diulas 524 minggu lalu
https://www.traveloka.com/id-id/user/review/consumption/HOTEL/GENERAL/295653,24,38,"Hotel bersih, nyaman, dekat dengan pusat kota tasikmalaya",Diulas 524 minggu lalu
https://www.traveloka.com/id-id/user/review/consumption/HOTEL/GENERAL/295653,24,39,Tolong kamar family ditambah lagi,Diulas 525 minggu lalu
https://www.traveloka.com/id-id/user/review/consumption/HOTEL/GENERAL/295653,24,40,"Bagus dan cukup ramai, parkirnya lumayan.",Diulas 527 minggu lalu
https://www.traveloka.com/id-id/user/review/consumption/HOTEL/GENERAL/295653,25,1,"AC tidak dingin, wifi tidak baik, air panas kurang panas,",Diulas 528 minggu lalu
https://www.traveloka.com/id-id/user/review/consumption/HOTEL/GENERAL/295653,25,2,"Cukup baik, hanya makanan untuk sarapan pagi pada hari pertama banyak habis dan tidak diisi lagi, mungkin karena pas hari libur panjang. Hari kedua kembali normal.",Diulas 528 minggu lalu
https://www.traveloka.com/id-id/user/review/consumption/HOTEL/GENERAL/295653,25,3,Santika pelayanan okk..sarapan enak2. fasilitas okk nyaman..cuma awal datang kunci kamar susah dibuka...,Diulas 528 minggu lalu
https://www.traveloka.com/id-id/user/review/consumption/HOTEL/GENERAL/295653,25,4,Hotel bagus dan lokasi yang baik ..,Diulas 529 minggu lalu
https://www.traveloka.com/id-id/user/review/consumption/HOTEL/GENERAL/295653,25,5,Nyaman.. makanannya enak semua,Diulas 529 minggu lalu
https://www.traveloka.com/id-id/user/review/consumption/HOTEL/GENERAL/295653,25,6,"Terletak di jantung kota, dekat dengan tujuan kuliner, ruangan besar, keramahan jenis, membuat kami tinggal pengalaman yang indah.",Diulas 530 minggu lalu
https://www.traveloka.com/id-id/user/review/consumption/HOTEL/GENERAL/295653,25,7,"Ruangan itu bersih dan para staf yang bagus juga. Hanya sarapan tidak begitu lezat tapi secara keseluruhan, kami tinggal hebat!",Diulas 530 minggu lalu
https://www.traveloka.com/id-id/user/review/consumption/HOTEL/GENERAL/295653,25,8,"Tempat yang bagus, layanan yang baik dan makanan yang baik",Diulas 530 minggu lalu
https://www.traveloka.com/id-id/user/review/consumption/HOTEL/GENERAL/295653,25,9,"Bagus, pelayanannya cepat dan ramah",Diulas 530 minggu lalu
https://www.traveloka.com/id-id/user/review/consumption/HOTEL/GENERAL/295653,25,10,Saya meminta untuk non-merokok. mereka keluar dari itu. mereka mempersiapkan ruang merokok dan melakukan ionisasi. Namun .. masih bau. bed cover putih tidak bersih. masih terlihat sedikit kuning dinding begitu kotor. dan lantai kamar mandi tidak bersih. tidak layak dengan harga itu. nomor kamar 212. santika harapan dapat meningkatkan layanan mereka. Terima kasih,Diulas 530 minggu lalu
https://www.traveloka.com/id-id/user/review/consumption/HOTEL/GENERAL/295653,25,11,Ada bbrp hal kecil yg hrs diperbaiki. Remote tdk berfungsi.. dan di sprei trdpt noda. Tp segera ditindaklanjuti 👍,Diulas 532 minggu lalu
https://www.traveloka.com/id-id/user/review/consumption/HOTEL/GENERAL/295653,25,12,"Saat saya check-in, lantai kamar mandi kotor. Tempat sampah penuh oleh tamu sebelumnya, dan di lubang saluran air penuh rambut dari tamu sebelumnya. Saat saya komplain, mereka hanya mengosongkan tempat sampah. Membiarkan bagian lain.",Diulas 532 minggu lalu
https://www.traveloka.com/id-id/user/review/consumption/HOTEL/GENERAL/295653,25,13,"Semuanya oke, tapi di kamar saya koneksi wifi-nya tidak stabil.",Diulas 532 minggu lalu
https://www.traveloka.com/id-id/user/review/consumption/HOTEL/GENERAL/295653,25,14,"Keseluruhan ok. Minus: koneksi internet yang buruk - Kamar mandi di kamar 510 itu merepotkan. (Kamar Mandi akan dibanjiri setelah mandi) Gym sangat standart jika tidak minimum - gelas jendela yang kotor. Ditambah: kolam renang besar. Makanan yang lezat - layanan indah. selain jendela, tempat itu bersih",Diulas 533 minggu lalu
https://www.traveloka.com/id-id/user/review/consumption/HOTEL/GENERAL/295653,25,15,Direkomendasikan hotel di tasikmalaya. layanan besar &amp; kebersihan,Diulas 534 minggu lalu
https://www.traveloka.com/id-id/user/review/consumption/HOTEL/GENERAL/295653,25,16,"hotel yang bagus. Layanan Bagus &amp; Cepat, makanan tidak buruk, kamar nya cukup nyaman, rapi &amp; bersih, kamar mandi rapi &amp; bersih. Keseluruhan yang besar.",Diulas 535 minggu lalu
https://www.traveloka.com/id-id/user/review/consumption/HOTEL/GENERAL/295653,25,17,"Kami benar-benar menikmati kami tinggal. Proses check-in cepat, ruangan besar dan nyaman, sarapan besar, dan kolam renang indah, keponakan saya benar-benar bersenang-senang. Pasti akan tinggal di sini lagi.",Diulas 535 minggu lalu
https://www.traveloka.com/id-id/user/review/consumption/HOTEL/GENERAL/295653,25,18,"Ketika kami pergi ke tasikmalaya, kami selalu tinggal di hotel ini.",Diulas 535 minggu lalu
https://www.traveloka.com/id-id/user/review/consumption/HOTEL/GENERAL/295653,25,19,Kebersihan harus ditingkatkan. Terutama pada saat breakfast..,Diulas 535 minggu lalu
https://www.traveloka.com/id-id/user/review/consumption/HOTEL/GENERAL/295653,25,20,Breakfastnya enak. Pelayanan ramah,Diulas 536 minggu lalu
https://www.traveloka.com/id-id/user/review/consumption/HOTEL/GENERAL/295653,25,21,"Bersih, staff rumah, kurang balkon",Diulas 536 minggu lalu
https://www.traveloka.com/id-id/user/review/consumption/HOTEL/GENERAL/295653,25,22,Overall semua sangat baik yang kurang hanya terkait wifinya yang terkadang ada sinyal terkadang tidak. But I love it :),Diulas 537 minggu lalu
https://www.traveloka.com/id-id/user/review/consumption/HOTEL/GENERAL/295653,25,23,Smoga kedepannya ketepatan dan ketersediaan kamar yang sudah dibooking lebih diperhatikan,Diulas 537 minggu lalu
https://www.traveloka.com/id-id/user/review/consumption/HOTEL/GENERAL/295653,25,24,Yang terbaik hotel di Tasikmalaya sejauh ini.,Diulas 537 minggu lalu
https://www.traveloka.com/id-id/user/review/consumption/HOTEL/GENERAL/295653,25,25,Pelayanan yang ramah hotel yang bersih dan makanan yang enak,Diulas 537 minggu lalu
https://www.traveloka.com/id-id/user/review/consumption/HOTEL/GENERAL/295653,25,26,"Nyaman bawa anak2,,makanan enak",Diulas 538 minggu lalu
https://www.traveloka.com/id-id/user/review/consumption/HOTEL/GENERAL/295653,25,27,"Kamar 706, sinyal wifi sangat buruk",Diulas 538 minggu lalu
https://www.traveloka.com/id-id/user/review/consumption/HOTEL/GENERAL/295653,25,28,kamarnya bersih... area resto terlalu kroud,Diulas 538 minggu lalu
https://www.traveloka.com/id-id/user/review/consumption/HOTEL/GENERAL/295653,25,29,"Pelayanan baik, memuaskan, dan bersih",Diulas 538 minggu lalu
https://www.traveloka.com/id-id/user/review/consumption/HOTEL/GENERAL/295653,25,30,Cukup memuaskan..hanya gym tidak lengkap..,Diulas 538 minggu lalu
https://www.traveloka.com/id-id/user/review/consumption/HOTEL/GENERAL/295653,25,31,"Nyaman, Staff ramah, order makanan tersedia 24 jam..",Diulas 538 minggu lalu
https://www.traveloka.com/id-id/user/review/consumption/HOTEL/GENERAL/295653,25,32,Kami menginap untuk persiapan acara pernikahan kami...hotel santika lokasibya strategis dengan view yang bagus langsung ke suasana perkotaan Tasikmalaya..trims santika tasikmalaya,Diulas 538 minggu lalu
https://www.traveloka.com/id-id/user/review/consumption/HOTEL/GENERAL/295653,25,33,"Bersih, nyaman.. lokasi strategis. Mantap",Diulas 539 minggu lalu
https://www.traveloka.com/id-id/user/review/consumption/HOTEL/GENERAL/295653,25,34,"Kamar bagus, bersih. Kolam renang cukup untuk bermain bersama keluarga. Pelayanan semua staff memuaskan",Diulas 540 minggu lalu
https://www.traveloka.com/id-id/user/review/consumption/HOTEL/GENERAL/295653,25,35,Kamar sebelah saya kelihatannya sedang renovasi sehingga suaranya terdengar ke kamar dan sangat mengganggu...yang lainnya sich OK,Diulas 540 minggu lalu
https://www.traveloka.com/id-id/user/review/consumption/HOTEL/GENERAL/295653,25,36,"Hotelnya nyaman, bersih dan pelayanannya ramah",Diulas 540 minggu lalu
https://www.traveloka.com/id-id/user/review/consumption/HOTEL/GENERAL/295653,25,37,"Sarapan adalah ok, tapi yang lain adalah rata",Diulas 540 minggu lalu
https://www.traveloka.com/id-id/user/review/consumption/HOTEL/GENERAL/295653,25,38,Saya memiliki pengalaman buruk di sarapan,Diulas 540 minggu lalu
https://www.traveloka.com/id-id/user/review/consumption/HOTEL/GENERAL/295653,25,39,"Menu makanan yang beraneka ragam dan sangat memuaskan. ingin menyantap semuanya, tapi kondisi perut yang tidak bersahabat, tidak bisa menampung semua makanan, hahaha",Diulas 541 minggu lalu
https://www.traveloka.com/id-id/user/review/consumption/HOTEL/GENERAL/295653,25,40,Sangat memuaskan pelayanannya juga ramah sangat helpully,Diulas 541 minggu lalu
https://www.traveloka.com/id-id/user/review/consumption/HOTEL/GENERAL/295653,26,1,"OK, cuma sayang AC di lobby, koridor tidak ada",Diulas 541 minggu lalu
https://www.traveloka.com/id-id/user/review/consumption/HOTEL/GENERAL/295653,26,2,Kami merasa besar selama kami tinggal untuk liburan di Santika Tasikmalaya.,Diulas 541 minggu lalu
https://www.traveloka.com/id-id/user/review/consumption/HOTEL/GENERAL/295653,26,3,"Secara umum, kita bersama-sama dengan fam puas selama kami tinggal liburan di hotel Santika. Kami menikmati semua fasilitas yang ada termasuk sarapan juga. Jadi terima kasih untuk layanan",Diulas 542 minggu lalu
https://www.traveloka.com/id-id/user/review/consumption/HOTEL/GENERAL/295653,26,4,Hotel bagus yang tidak ok sangat baik,Diulas 542 minggu lalu
https://www.traveloka.com/id-id/user/review/consumption/HOTEL/GENERAL/295653,26,5,"Bagus & Bersih room nya, tapi pas mau check-in kamar belum ready.",Diulas 542 minggu lalu
https://www.traveloka.com/id-id/user/review/consumption/HOTEL/GENERAL/295653,26,6,Lumayan bagus. Sedikit bau rokok.,Diulas 542 minggu lalu
https://www.traveloka.com/id-id/user/review/consumption/HOTEL/GENERAL/295653,26,7,Harus memiliki pemberitahuan sebelumnya untuk tertutup sisi kolam renang kami sehingga dispointed untuk itu.,Diulas 542 minggu lalu
https://www.traveloka.com/id-id/user/review/consumption/HOTEL/GENERAL/295653,26,8,Perlu perbaikan: menara penciuman,Diulas 543 minggu lalu
https://www.traveloka.com/id-id/user/review/consumption/HOTEL/GENERAL/295653,26,9,"Bersih, ramah, makanan enak cocok yang suka makanan tradisional, lumayan variatif. Dan menariknya diskon total saya jadi hampir 25% dr price list. Very2 lumayan hehe...",Diulas 543 minggu lalu
https://www.traveloka.com/id-id/user/review/consumption/HOTEL/GENERAL/295653,26,10,"Kamarnya bagus, makanannya enak, cocok untuk selera indonesia, fasilitasnya lumayan, lokasinya bagus dekat dengan kaliber",Diulas 543 minggu lalu
https://www.traveloka.com/id-id/user/review/consumption/HOTEL/GENERAL/295653,26,11,"Ya merasa nyaman, bersih sayang pada saat mau berenang kolam sedang tidak dapat dipergunakan",Diulas 543 minggu lalu
https://www.traveloka.com/id-id/user/review/consumption/HOTEL/GENERAL/295653,26,12,"Bagus banget kamarnya, Clean dan makanannya juga oke banget",Diulas 543 minggu lalu
https://www.traveloka.com/id-id/user/review/consumption/HOTEL/GENERAL/295653,26,13,Pelayanan yang baik dan kamar bersih,Diulas 543 minggu lalu
https://www.traveloka.com/id-id/user/review/consumption/HOTEL/GENERAL/295653,26,14,"Kenyamanan dan sangat baik, lokasi strategis alao",Diulas 543 minggu lalu
https://www.traveloka.com/id-id/user/review/consumption/HOTEL/GENERAL/295653,26,15,"Cukup baik, tapi tidak ada hairdryer",Diulas 544 minggu lalu
https://www.traveloka.com/id-id/user/review/consumption/HOTEL/GENERAL/295653,26,16,Sangat memuaskan. Tempat strategis.,Diulas 544 minggu lalu
https://www.traveloka.com/id-id/user/review/consumption/HOTEL/GENERAL/295653,26,17,"Terlalu buruk ketika aku ada di sana, kolam renang pemeliharaan mengapa membuatnya pada akhir pekan",Diulas 546 minggu lalu
https://www.traveloka.com/id-id/user/review/consumption/HOTEL/GENERAL/295653,26,18,Semuanya baik-baik saja. Saya menikmati dan bersantai.,Diulas 546 minggu lalu
https://www.traveloka.com/id-id/user/review/consumption/HOTEL/GENERAL/295653,26,19,Nyaman dan pekayanannya memuaskan.,Diulas 546 minggu lalu
https://www.traveloka.com/id-id/user/review/consumption/HOTEL/GENERAL/295653,26,20,Receptionist sangat baik. Kamar besih dan makanan enak sesuai dengan harga,Diulas 547 minggu lalu
https://www.traveloka.com/id-id/user/review/consumption/HOTEL/GENERAL/295653,26,21,Air kamar mandi kotor hitam. jarang dimantain. saya sampai ganti kamar.,Diulas 547 minggu lalu
https://www.traveloka.com/id-id/user/review/consumption/HOTEL/GENERAL/295653,26,22,Saya cukup puas dengan pelayanan dan kebersihan hotel santika.,Diulas 548 minggu lalu
https://www.traveloka.com/id-id/user/review/consumption/HOTEL/GENERAL/295653,26,23,"Tempat yang bagus untuk menginap, baik untuk urusan bisnis maupun bersama keluarga.",Diulas 548 minggu lalu
https://www.traveloka.com/id-id/user/review/consumption/HOTEL/GENERAL/295653,26,24,"Lokasi bagus, pelayanan bagus, dan staf ramah.",Diulas 549 minggu lalu
https://www.traveloka.com/id-id/user/review/consumption/HOTEL/GENERAL/295653,26,25,"Hotel yang bagus di Tasikmalaya, bersih dan nyaman.",Diulas 550 minggu lalu
https://www.traveloka.com/id-id/user/review/consumption/HOTEL/GENERAL/295653,26,26,Pelayanan yang sangat bagus dan luar biasa. kolam renang kalau bisa buka lebih pagi dan tutup nya lebih malam. favorit hotel saya jika berkunjung lagi di kota tasikmalaya.,Diulas 550 minggu lalu
https://www.traveloka.com/id-id/user/review/consumption/HOTEL/GENERAL/295653,26,27,Hotel yang bagus dan sangat nyaman untuk berlibur.,Diulas 550 minggu lalu
https://www.traveloka.com/id-id/user/review/consumption/HOTEL/GENERAL/295653,26,28,"Hotel bagus, pelayanan bagus, pilihan makanan saat sarapan cukup baik, pertahankan terus.",Diulas 551 minggu lalu
https://www.traveloka.com/id-id/user/review/consumption/HOTEL/GENERAL/295653,26,29,"Lokasi yang dekat dengan pusat kota, sarapan pagi dengan menu yang cukup enak. Pelayanan yang ramah..",Diulas 551 minggu lalu
https://www.traveloka.com/id-id/user/review/consumption/HOTEL/GENERAL/295653,26,30,"Kali ini saya menginap bersama keluarga dan adik saya dengan extra bed & breakfast. Padahal terakhir menginap disini sudah hampir 3 tahun yang lalu tetapi saya selalu puas dengan seluruh pelayanan Santika Tasikmalaya. Belum pernah saya temui kekurangan dari pelayanan dan kebersihannya ; puas. Begitu pun dengan breakfast : variatif, standar hotel jaringan. Overall dari semua yang hotel2 baru yang bermunculan di Tasikmalaya saya rasa masih Santika yang paling lengkap pelayanannya.",Diulas 552 minggu lalu
https://www.traveloka.com/id-id/user/review/consumption/HOTEL/GENERAL/295653,26,31,"Pelayanan bagus, makanan bervariasi antara tradisional Sunda dan nasional. Ada kejutan yang di berikan oleh pihak hotel pas ulang tahun. Lokasi strategis dekat ke Masjid Agung dan pusat kota",Diulas 552 minggu lalu
https://www.traveloka.com/id-id/user/review/consumption/HOTEL/GENERAL/295653,26,32,"Walaupun saya pilih smooking room (karena teman perokok), namun sebaiknya pada saat masuk kamar pertama kali kondisi kamar harus wangi dan tidak tercium bau rokok bekas tamu sebelumnya.",Diulas 553 minggu lalu
https://www.traveloka.com/id-id/user/review/consumption/HOTEL/GENERAL/295653,26,33,"Great! Pelayananannya oke, tapi kurangnya di pendingin ruangan saja.",Diulas 553 minggu lalu
https://www.traveloka.com/id-id/user/review/consumption/HOTEL/GENERAL/295653,26,34,"Secara keseluruhan baik, hanya managemen harus memperhatikan kebersihan handuk yang disediakan oleh hotel untuk para tamu nya, karena pd handuk terdapat noda2 hitam yang mungkin memang tidak dapat 100% hilang nodanya. jadi apabila pada handuk masih tdp noda2 hitam yang tidak dapat hilang, sebaiknya managemen mengganti dengan handuk yang baru.",Diulas 553 minggu lalu
https://www.traveloka.com/id-id/user/review/consumption/HOTEL/GENERAL/295653,26,35,"Makanan yang baik, staf yang baik, pelayanan yang baik",Diulas 553 minggu lalu
https://www.traveloka.com/id-id/user/review/consumption/HOTEL/GENERAL/295653,26,36,Service bagus.. lokasi strategis.. Breakfast yang lengkap.. sangat rekomen untuk urusan bisnis maupun liburan,Diulas 554 minggu lalu
https://www.traveloka.com/id-id/user/review/consumption/HOTEL/GENERAL/295653,26,37,"Lumayan lah, hanya harganya sedikit terlalu tinggi untuk kualitas seperti ini.",Diulas 554 minggu lalu
https://www.traveloka.com/id-id/user/review/consumption/HOTEL/GENERAL/295653,26,38,Seperti pelayanan hotel bintang 3 pada umumnya,Diulas 555 minggu lalu
https://www.traveloka.com/id-id/user/review/consumption/HOTEL/GENERAL/295653,26,39,"Masukan : ketika berenang di jam 13.00, petugas penjaga swiming pool nya tidak ada. jadi tidak bisa pinjam handuk mandi nya..",Diulas 556 minggu lalu
https://www.traveloka.com/id-id/user/review/consumption/HOTEL/GENERAL/295653,26,40,"Memuaskan, bersih serta menu sarapan yang bervariatif dan enak, next kalau ke tasik pasti menginap disini lagi..love it :)",Diulas 556 minggu lalu
https://www.traveloka.com/id-id/user/review/consumption/HOTEL/GENERAL/295653,27,1,"Makasih, pelayanannya bagus hitelnya nyaman",Diulas 556 minggu lalu
https://www.traveloka.com/id-id/user/review/consumption/HOTEL/GENERAL/295653,27,2,Sangat amat nyaman dan menyenangkan...pilihan pertama kalau saya dinas ke Tasikmalaya,Diulas 556 minggu lalu
https://www.traveloka.com/id-id/user/review/consumption/HOTEL/GENERAL/295653,27,3,"Lumayan bagus,, hanya makanannya perlu ditingkatkan lagi kualitas dan rasanya...mungkin juga variasinya",Diulas 556 minggu lalu
https://www.traveloka.com/id-id/user/review/consumption/HOTEL/GENERAL/295653,27,4,"Sarapan enak, kamar bersih dan nyaman, over all service ok",Diulas 557 minggu lalu
https://www.traveloka.com/id-id/user/review/consumption/HOTEL/GENERAL/295653,27,5,"Anak saya senang banget bisa renang sepuasnya, pegawainya ramah2 dan menu makanannya sesuai selera dan lidah orang indonesia banget.",Diulas 558 minggu lalu
https://www.traveloka.com/id-id/user/review/consumption/HOTEL/GENERAL/295653,27,6,Bersih dan pelayanan nya bagus dan ramah,Diulas 558 minggu lalu
https://www.traveloka.com/id-id/user/review/consumption/HOTEL/GENERAL/295653,27,7,Variasi makanan agar lebih diperbanyak,Diulas 558 minggu lalu
https://www.traveloka.com/id-id/user/review/consumption/HOTEL/GENERAL/295653,27,8,Semua nya dari pertama check-in sampai check-out dan pelayanan nya sangat baik. Terimakasih hotel santika tasikmalaya. Di lain waktu saya menginap lagi disini,Diulas 558 minggu lalu
https://www.traveloka.com/id-id/user/review/consumption/HOTEL/GENERAL/295653,27,9,"Mengapa saya menuliskan ""mengecewakan""? Saya mendapatkan kamar superior sesuai dengan yang saya pesan. Tepatnya di kamar 620. Letaknya dekat Lift, pemandangan kota. Awalnya saya cukup ""bahagia"" karena mendapatkan ""kue sambutan"" dan surat tertulis tentang fasilitas yang saya dapatkan selama menginap di sini. Kekecewaan diawali ketika suami saya, akan mengambil wudhu di waktu subuh, sekitar pukul 5. 10 WIB. Air yang keluar coklat tua di shower kloset dan wastafel. Dan pada saat saat saya mandi di pukul 9. 00 pagi air dari shower keluar berwarna coklat tua dan sedikit berpasir. Astagfirullah. Saya sungguh kaget. Hal ini sudah saya utarakan kepada recepsionis pada saat saya akan check-out). Dan hal yang ke-2 AC yang tidak cukup dingin (Suhu 25 derajat). Suhunya tidak bisa diubah oleh saya sendiri. Saya akhirnya memanggil petugas untuk meminta diperbaiki. Tetapi ternyata malamnya tetap kurang dingin. Sehingga kurang nyaman disaat kondisi tasikmalaya yang lagi panas. Untuk menu sarapan pagi, cukup bervariasi dan cukup enak. Ada menu western dan indonesia. Saya cukup puas dengan sarapan paginya.",Diulas 559 minggu lalu
https://www.traveloka.com/id-id/user/review/consumption/HOTEL/GENERAL/295653,27,10,"Pilahan pertama saya bila menginap di tasikmalaya, hotel yang bersih, nyaman dan cukup lengkap fasilitasnya ditambah pelayanan yang ramah...paling recommended deh untuk di Tasikmalaya",Diulas 559 minggu lalu
https://www.traveloka.com/id-id/user/review/consumption/HOTEL/GENERAL/295653,27,11,Semua fasilitas sudah cukup. Pertahankan.,Diulas 559 minggu lalu
https://www.traveloka.com/id-id/user/review/consumption/HOTEL/GENERAL/295653,27,12,Pelayanannya baik dan kamarnya bersih,Diulas 559 minggu lalu
https://www.traveloka.com/id-id/user/review/consumption/HOTEL/GENERAL/295653,27,13,"Pelayanan bagus, memuaskan untuk tempat menginap di tasik. masukannya mungkin teh atau kopi harus ditawarkan tanpa harus kita minta",Diulas 559 minggu lalu
https://www.traveloka.com/id-id/user/review/consumption/HOTEL/GENERAL/295653,27,14,Secara keseluruhan bagus. Hanya saja kamarnya memiliki pintu penghubung.,Diulas 560 minggu lalu
https://www.traveloka.com/id-id/user/review/consumption/HOTEL/GENERAL/295653,27,15,"Check-in bisa kapan aja, bersih, ramah, menu breakfast juga lumayan variatif...good job Santika!!!",Diulas 560 minggu lalu
https://www.traveloka.com/id-id/user/review/consumption/HOTEL/GENERAL/295653,27,16,Hotel ini bersih dan menarik tempatnya.,Diulas 561 minggu lalu
https://www.traveloka.com/id-id/user/review/consumption/HOTEL/GENERAL/295653,27,17,"Kamar besar dan luas, petugas sangat ramah.",Diulas 561 minggu lalu
https://www.traveloka.com/id-id/user/review/consumption/HOTEL/GENERAL/295653,27,18,"Lokasi strategis, sarapan enak, kamar luas. Keluarga senang.",Diulas 562 minggu lalu
https://www.traveloka.com/id-id/user/review/consumption/HOTEL/GENERAL/295653,27,19,"Sangat berkesan untuk tempat istirahat, lokasi yang sangat strategis",Diulas 562 minggu lalu
https://www.traveloka.com/id-id/user/review/consumption/HOTEL/GENERAL/295653,27,20,"Kalau malam, AC kamar tidak dingin, sudah saya infokan ke front office tapi malam berikutnya tetap tidak ada perubahan.",Diulas 562 minggu lalu
https://www.traveloka.com/id-id/user/review/consumption/HOTEL/GENERAL/295653,27,21,Saya menginap 3 malam di hotel santika tasikmalaya. Sangat menyenangkan terutama keramahan dari staff hotel. Bell boy sangat sopan dan ramah. Recepsionist juga sangat profesional. Yang memuaskan saya breakfastnya. Banyak makanan tradisonal sundanya...lezat.,Diulas 562 minggu lalu
https://www.traveloka.com/id-id/user/review/consumption/HOTEL/GENERAL/295653,27,22,Sangat memuaskan dengan staff yang ramah dan memberikan pelayanan terbaik. Fasilitas dan kebersihan memuaskan. Sangat cocok untuk liburan keluarga dan bisnis.,Diulas 562 minggu lalu
https://www.traveloka.com/id-id/user/review/consumption/HOTEL/GENERAL/295653,27,23,"Kamar bersih, staff ramah, breakfast pilihannya banyak. Mohon peningkatan untuk shower kamar mandi, debit air agak dibesarkan. Selebihnya memuaskan",Diulas 562 minggu lalu
https://www.traveloka.com/id-id/user/review/consumption/HOTEL/GENERAL/295653,27,24,Wifi lemot ..reseption kurang sigap..selainnya lumayan,Diulas 562 minggu lalu
https://www.traveloka.com/id-id/user/review/consumption/HOTEL/GENERAL/295653,27,25,"Staff yang ramah, kamar yang bersih dan pilihan sarapan pagi yang cukup banyak variasi nya. rekomendasi untuk stay ditasik.",Diulas 563 minggu lalu
https://www.traveloka.com/id-id/user/review/consumption/HOTEL/GENERAL/295653,27,26,Bersih dan pelayanan sangat ramah,Diulas 563 minggu lalu
https://www.traveloka.com/id-id/user/review/consumption/HOTEL/GENERAL/295653,27,27,"Lokasi strategis, rasa makanannya enak..",Diulas 563 minggu lalu
https://www.traveloka.com/id-id/user/review/consumption/HOTEL/GENERAL/295653,27,28,"Bagus, harga terjangkau, pegawai ramah",Diulas 563 minggu lalu
https://www.traveloka.com/id-id/user/review/consumption/HOTEL/GENERAL/295653,27,29,"Pelayanan sangat memuaskan, sarapannya enak disesuaikan dengan makanan khas tasikmalaya, kamar nyaman bersih tapi view nya kurang bagus karena pertama dijanjikan viewnya gunung tapi ternyata lobby hotel.",Diulas 564 minggu lalu
https://www.traveloka.com/id-id/user/review/consumption/HOTEL/GENERAL/295653,27,30,"Pelayanan sudah ok, tetap dipertahankan",Diulas 564 minggu lalu
https://www.traveloka.com/id-id/user/review/consumption/HOTEL/GENERAL/295653,27,31,Cukup memuaskan..bersih pelayanan ramah,Diulas 564 minggu lalu
https://www.traveloka.com/id-id/user/review/consumption/HOTEL/GENERAL/295653,27,32,Memuaskan. Breakfast Makanannya enak-enak.,Diulas 564 minggu lalu
https://www.traveloka.com/id-id/user/review/consumption/HOTEL/GENERAL/295653,27,33,"Mulai dari pelayanan fo, kamar dan restoran sangat baik",Diulas 564 minggu lalu
https://www.traveloka.com/id-id/user/review/consumption/HOTEL/GENERAL/295653,27,34,"Hotel yang menyenangkan, mudah di jangkau recommended hotel",Diulas 564 minggu lalu
https://www.traveloka.com/id-id/user/review/consumption/HOTEL/GENERAL/295653,27,35,Yang nyaman dengan yang memuaskan,Diulas 565 minggu lalu
https://www.traveloka.com/id-id/user/review/consumption/HOTEL/GENERAL/295653,27,36,"Sangat memuaskan, terima kasih Hotel Santika Tasikmalaya...",Diulas 565 minggu lalu
https://www.traveloka.com/id-id/user/review/consumption/HOTEL/GENERAL/295653,27,37,"Hotel Santika Tasikmalaya,,kami sekeluarga Memuaskan,,pelayanan kamar, scurity, makanan, kebersihan dan lokasi dalam kota..pokok siiplah.",Diulas 565 minggu lalu
https://www.traveloka.com/id-id/user/review/consumption/HOTEL/GENERAL/295653,27,38,Staf hotel ramah-ramah dan kondisi hotel nyaman.,Diulas 565 minggu lalu
https://www.traveloka.com/id-id/user/review/consumption/HOTEL/GENERAL/295653,27,39,Membuatmu ingin tinggal lebih lama. :D,Diulas 565 minggu lalu
https://www.traveloka.com/id-id/user/review/consumption/HOTEL/GENERAL/295653,27,40,"Waktu check-in tidak membutuhkan waktu lama. Tempatnya nyaman, makanan enak, dan dekat dengan pusat kota.",Diulas 565 minggu lalu
https://www.traveloka.com/id-id/user/review/consumption/HOTEL/GENERAL/295653,28,1,"Ramah dan Service Baik Sekali, Nyaman, Bersih, Makan Pagi banyak pilihan dan enak, kolam renang menyenangkan untuk anak-anak, hotel terbaik di Tasikmalaya dengan lokasinya yang strategis di tengah kota",Diulas 565 minggu lalu
https://www.traveloka.com/id-id/user/review/consumption/HOTEL/GENERAL/295653,28,2,Kamar hotel tidak dilengkapi fasilitas lemari es dan minibar. Pd saat check-out lama dengan alasan cek kamar..padahal apa yang mau di cek? Minibar saja gk ada,Diulas 566 minggu lalu
https://www.traveloka.com/id-id/user/review/consumption/HOTEL/GENERAL/295653,28,3,"Superb!Kamarnya bersih, kasurnya nyaman, pelayanan sangat baik, breakfastnya enak, tapi diluar kamar sedikit berdebu mungkin karena saat itu sedang ada peremajaan. Secara keseluruhan memuaskan",Diulas 566 minggu lalu
https://www.traveloka.com/id-id/user/review/consumption/HOTEL/GENERAL/295653,28,4,Lokasi strategis...pelayanan ramah dan memuaskan,Diulas 566 minggu lalu
https://www.traveloka.com/id-id/user/review/consumption/HOTEL/GENERAL/295653,28,5,"Hotel dan pelayanan bagus, letak strategis dilalui oleh kendaraan 2 arah.",Diulas 567 minggu lalu
https://www.traveloka.com/id-id/user/review/consumption/HOTEL/GENERAL/295653,28,6,"Memuaskan dalam segala hal baik kebersihan, keramahan staf, lokasi strategis hanya beberapa langkah dari alun alun. Hanya saat check-in sudah tengah malam, kamar tinggal 1 smoking room, bau nya cukup terasa beberapa saat masuk kamar, dan menempel di pakaian sampai pulang, dan air mandi juga kurang deras, mungkin kepala shower banyak kotoran tersumbat",Diulas 568 minggu lalu
https://www.traveloka.com/id-id/user/review/consumption/HOTEL/GENERAL/295653,28,7,Minusnya hanya tempat tidur yang kurang besar,Diulas 570 minggu lalu
https://www.traveloka.com/id-id/user/review/consumption/HOTEL/GENERAL/295653,28,8,Good bingits....Zzzzz,Diulas 571 minggu lalu
https://www.traveloka.com/id-id/user/review/consumption/HOTEL/GENERAL/295653,28,9,Lumayan memuaskan untuk hotel bintang tiga,Diulas 571 minggu lalu
https://www.traveloka.com/id-id/user/review/consumption/HOTEL/GENERAL/295653,28,10,"Lokasi strategis dan memuaskan. Staff ramah, parkir luas dan kamar yang bagus.",Diulas 571 minggu lalu
https://www.traveloka.com/id-id/user/review/consumption/HOTEL/GENERAL/295653,28,11,Jenis kuliner sarapan pagi cukup baik,Diulas 572 minggu lalu
https://www.traveloka.com/id-id/user/review/consumption/HOTEL/GENERAL/295653,28,12,Semuanya sangat dan ok banget.,Diulas 572 minggu lalu
https://www.traveloka.com/id-id/user/review/consumption/HOTEL/GENERAL/295653,28,13,"Pelayanan ramah, breakfast enak dan banyak pilihan, kolam renang anak bersih, lokasi strategis.",Diulas 572 minggu lalu
https://www.traveloka.com/id-id/user/review/consumption/HOTEL/GENERAL/295653,28,14,Jadi senang ketika saya menemukan bahwa mereka melayani tutut untuk sarapan,Diulas 572 minggu lalu
https://www.traveloka.com/id-id/user/review/consumption/HOTEL/GENERAL/295653,28,15,"Hotel bagus, petugas hotel baik dan ramah. Tapi kebenaran saat saya menginap ada masalah pada AC di kamar saya.",Diulas 573 minggu lalu
https://www.traveloka.com/id-id/user/review/consumption/HOTEL/GENERAL/295653,28,16,"Enak dan tidak ribet, ntar kalau ke tasik pengen kesini lagi",Diulas 573 minggu lalu
https://www.traveloka.com/id-id/user/review/consumption/HOTEL/GENERAL/295653,28,17,"Hotel yang nyaman, Terletak di pusat kota tasikmalaya, banyak kuliner di sekeliling hotel, tapi pelayanan swimming pool tidak baik karena saya di minta membayar untuk 3 orang keluarga saya dengan bayaran Rp50.000/orang tanpa soft drink, saya sampai di kejar oleh petugas swimming pool tersebut untuk membayar ketika saya dan keluarga sedang menunggu supir.",Diulas 574 minggu lalu
https://www.traveloka.com/id-id/user/review/consumption/HOTEL/GENERAL/295653,28,18,"2 malam menginap di santika tasikmalaya, nyaman sih, asik, tapi sayang waktu dateng kesana naik becak(karena susah cari taxi) tu kayak tidak di hargai, turun di pinggir jln gbs masuk, koper tidak di bawain malah di liatin aja, emangnya yang boleh menginap di santika tu cuma yang dateng pake mobil aja apa ya.",Diulas 575 minggu lalu
https://www.traveloka.com/id-id/user/review/consumption/HOTEL/GENERAL/295653,28,19,"Nyaman, bersih pelayanan baik, makanan cukup lengkap dan bervariasi. cuma sebaiknya ada hairdryer di kamar..",Diulas 575 minggu lalu
https://www.traveloka.com/id-id/user/review/consumption/HOTEL/GENERAL/295653,28,20,"Menyenangkan, hanya kamar yang saya tempati penerangan kamar mandinya kurang",Diulas 575 minggu lalu
https://www.traveloka.com/id-id/user/review/consumption/HOTEL/GENERAL/295653,28,21,"Hotel terbaik di tasikmalaya,, letaknya dipusat kota, gampang kalau mo kemana mana",Diulas 575 minggu lalu
https://www.traveloka.com/id-id/user/review/consumption/HOTEL/GENERAL/295653,28,22,"The best choice hotel deh untuk kota tasikmalaya...kamar bersih dan lega, fasilitas komplit dan pelayanan ramah",Diulas 577 minggu lalu
https://www.traveloka.com/id-id/user/review/consumption/HOTEL/GENERAL/295653,28,23,"Menyenangkan, sarapan paginya enak, tenang dan tidak bising.",Diulas 577 minggu lalu
https://www.traveloka.com/id-id/user/review/consumption/HOTEL/GENERAL/295653,28,24,"Baguss banget, tempatnya nyaman, pegawainya ramah, pelayanannya ok lah",Diulas 577 minggu lalu
https://www.traveloka.com/id-id/user/review/consumption/HOTEL/GENERAL/295653,28,25,"Pengalaman menginap khas Hotel Santika, dengan kenyamanan, pelayanan, makanan, dan lokasi yang sangat baik. Sebagai catatan kecil kebersihan kamar mandi dan AC kamar yang kurang dingin dapat menjadi perhatian pihak pengelola.",Diulas 577 minggu lalu
https://www.traveloka.com/id-id/user/review/consumption/HOTEL/GENERAL/295653,28,26,Staff ramah & waktu check-in cepat. Breakfast cukup baik. Recommended u/ menginap lagi jika ke Tasikmalaya,Diulas 578 minggu lalu
https://www.traveloka.com/id-id/user/review/consumption/HOTEL/GENERAL/295653,28,27,Pelayanan hotel sangat baik dan kebersihannya juga terjaga. Hanya kolam renangnya kurang dalam belum memenuhi standar kolam (2m-an),Diulas 579 minggu lalu
https://www.traveloka.com/id-id/user/review/consumption/HOTEL/GENERAL/295653,28,28,"Saya tidak dapat non smoking room, selama menginap tersiksa dengan bau rokok, walau hotel sudah sangat membantu dengan mesin pembersih udara. Juga water sprayer toilet ujungnya kotor, harus dibersihkan berkala. Plusnya sarapannya enak dan variatif.",Diulas 579 minggu lalu
https://www.traveloka.com/id-id/user/review/consumption/HOTEL/GENERAL/295653,28,29,"Hotel nya bagus.. Pagi-pagi air toilet kotor ada lumpur nya,,",Diulas 581 minggu lalu
https://www.traveloka.com/id-id/user/review/consumption/HOTEL/GENERAL/295653,28,30,"Nice hotel in small city, terkhusus breakfast nya sangat baik, pilihan beragam dan taste good..",Diulas 581 minggu lalu
https://www.traveloka.com/id-id/user/review/consumption/HOTEL/GENERAL/295653,28,31,"Hotelnya excellent, cukup lengkap, ada kolam renang yang baik, dan terlebih lagi adalah breakfast sangat enak , selamat mencoba...",Diulas 581 minggu lalu
https://www.traveloka.com/id-id/user/review/consumption/HOTEL/GENERAL/295653,28,32,"+ Lokasi yang baik, kamar bagus (saya pemesanan untuk jenis superior), bersih, ramah staf - makanan rata-rata dalam rasa tapi banyak variasi",Diulas 581 minggu lalu
https://www.traveloka.com/id-id/user/review/consumption/HOTEL/GENERAL/295653,28,33,"Hotel sangat bersih dan nyaman. pelayanan ramah, lokasi di pusat kota, pilihan menu breakfast cukup beragam dan harga cukup terjangkau",Diulas 581 minggu lalu
https://www.traveloka.com/id-id/user/review/consumption/HOTEL/GENERAL/295653,28,34,"Saya sudah sering menginap di Tasik. Santika tetap yang terbaik. Pelayanan, fasiitas, lokasi the best lah.",Diulas 581 minggu lalu
https://www.traveloka.com/id-id/user/review/consumption/HOTEL/GENERAL/295653,28,35,"Pelayanan staff ramah, kualitas dan cita rasa makanan baik.",Diulas 584 minggu lalu
https://www.traveloka.com/id-id/user/review/consumption/HOTEL/GENERAL/295653,28,36,Tempat yang cocok untuk menginap bersama keluarga.,Diulas 585 minggu lalu
https://www.traveloka.com/id-id/user/review/consumption/HOTEL/GENERAL/295653,28,37,"Sangat berkesan dihati..kamarnya bersih, pelayanan memuaskan..restonya enak enak..kalau nanti aku mudik lagi, pasti aku sempetin menginap disana lagi..",Diulas 586 minggu lalu
https://www.traveloka.com/id-id/user/review/consumption/HOTEL/GENERAL/295653,28,38,Suasana enak,Diulas 587 minggu lalu
https://www.traveloka.com/id-id/user/review/consumption/HOTEL/GENERAL/295653,28,39,"Semuanya bagus. Nyaman hotelnya, enak breakfastnya, kolam renang cukup baik buat keluarga dan anak-anak.",Diulas 592 minggu lalu
https://www.traveloka.com/id-id/user/review/consumption/HOTEL/GENERAL/295653,28,40,"Kamar bersih. staff ramah...pokoknya bikin enjoy stay disini recommended banget lah, buat kalian yang berkunjung ke tasikmalaya stay disini..",Diulas 593 minggu lalu
https://www.traveloka.com/id-id/user/review/consumption/HOTEL/GENERAL/295653,29,1,"Overall cukup memuaskan, hanya saja kolam renangnya agak kotor",Diulas 593 minggu lalu
https://www.traveloka.com/id-id/user/review/consumption/HOTEL/GENERAL/295653,29,2,Kualitas dan pelayanan kamar baik Selain itu juga keramahtamahan dan kenyamanan pelayanan cukup baik.,Diulas 593 minggu lalu
https://www.traveloka.com/id-id/user/review/consumption/HOTEL/GENERAL/295653,29,3,"Harga dari traveloka sangat murah, pembayarannya pun mudah
Pelayanan sangat istimewa
Tidak perlu deposit pada saat check-in karena tidak ada minibar di dalam kamar
Kamar cukup besar dan nyaman
Kamar mandi bersih
Peralatan lengkap
View kota tasik bagus karena kami dapat kamar 518 paling pojok
Parkir mudah dan gratis
Breakfast enak dan banyak pilihan
Akses mudah karena berada di tengah kota
Check outnya cepat Kekurangannya
Liftnya terlalu lama",Diulas 594 minggu lalu
https://www.traveloka.com/id-id/user/review/consumption/HOTEL/GENERAL/295653,29,4,"Mungkin karena menginap dikamar superior yang murah jadinya dkasih kamarnya yang seadanya. tidak kedap suara, dapat kamar yang ad conectingdoor dengan kamar sebelah yang ternyata orgnya brisik banget..minta pindah tidak ad kamar lagi katanya,",Diulas 594 minggu lalu
https://www.traveloka.com/id-id/user/review/consumption/HOTEL/GENERAL/295653,29,5,"Keramahtamahan petugas hotel, kamar yang bersih dan lengkap fasilitas. Menu restoran menawarkan menu tradisional Indonesia dan lokal yang berbeda dari hotel2 lainnya.",Diulas 594 minggu lalu
https://www.traveloka.com/id-id/user/review/consumption/HOTEL/GENERAL/295653,29,6,Suka sama aneka makanannya waktu breakfast. Menu khas Indonesia. Dan rasanya sangat enak.,Diulas 600 minggu lalu
https://www.traveloka.com/id-id/user/review/consumption/HOTEL/GENERAL/295653,29,7,"Bagus dan bersih, juga ramah dan letaknya strategis sehingga next kalau ke Tasik akan menginap ke sana lagi.",Diulas 600 minggu lalu
https://www.traveloka.com/id-id/user/review/consumption/HOTEL/GENERAL/295653,29,8,Hotelnya cukup nyaman dan bersih. petugasnya cukup ramah dan baik,Diulas 601 minggu lalu
