url,page,review_index,teks_ulasan,tanggal
https://www.traveloka.com/id-id/user/review/consumption/HOTEL/GENERAL/71859,1,1,"Ini kali kedua saya dan istri menginap di hotel Heritage. Dua puluh enam tahun lalu saat anak kami masih TK dan SD, kami menginap pertama kalinya di sini. Sekarang saya dan istri sudah pensiun. Kekhasan Santika Cirebon belum hilang dan itu salah satu kelebihannya. Saat kami menginap, hotel ini sedang berbenah untuk mengembalikan kenyamanan buat para pelanggannya biar semakin betah nanti di sini.",Diulas 1 minggu lalu
https://www.traveloka.com/id-id/user/review/consumption/HOTEL/GENERAL/71859,1,2,"Hotel yang direkomendasikan, ramah keluarga, kamar tidurnya luas dan bersih. Menu sarapan bervariasi dan lezat.",Diulas 2 minggu lalu
https://www.traveloka.com/id-id/user/review/consumption/HOTEL/GENERAL/71859,1,3,"Staf hotel sangat ramah dan membantu, menu sarapan juga variatif.",Diulas 3 minggu lalu
https://www.traveloka.com/id-id/user/review/consumption/HOTEL/GENERAL/71859,1,4,"Tempatnya nyaman, lokasinya strategis, kamarnya bersih dan kolam renangnya mengenangkan",Diulas 4 minggu lalu
https://www.traveloka.com/id-id/user/review/consumption/HOTEL/GENERAL/71859,1,5,"Kalau keluar kota, Hotel Santika selalu jadi pilihan utama, karena punya anak dibawa 8 tahun, untuk sarapannya masih free. Hotelnya terletak di pusat kota tapi cenderung tidak terlalu ramai & macet seperti Jalan Cipto, Tuparev dll. Suasana hotelnya asri, AC kamarnya dingin, makanannya enak-enak. Tadi dapat ayam goreng mentega yang rasanya enak, juga ada donat yang enak & empuk. Thanks untuk all crew Santika Hotel CRB.",Diulas 5 minggu lalu
https://www.traveloka.com/id-id/user/review/consumption/HOTEL/GENERAL/71859,1,6,"Kami menginap di Santika saat perjalanan pulang dari Solo ke Jakarta. Kami memesan melalui aplikasi, dan mudah mendapatkan kamar. Kami menyukai suasana hotel, kami menyukai sarapannya, stafnya sangat ramah dan membantu. Pasti akan kembali lagi ke Hotel Santika Cirebon.",Diulas 6 minggu lalu
https://www.traveloka.com/id-id/user/review/consumption/HOTEL/GENERAL/71859,1,7,"Yang paling menyenangkan adalah hospitality dari staff-nya, baik itu merespon dengan cepat keinginan dari tamu maupun fasilitas antar jemput yang tersedia.",Diulas 6 minggu lalu
https://www.traveloka.com/id-id/user/review/consumption/HOTEL/GENERAL/71859,1,8,"Seperti biasa, pelayanannya bagus.. ada sedikit masalah yang dilaporkan ke hotel, dan segera teratasi.. Joss
Teruslah bekerja dengan baik, tim.. terima kasih atas keramahannya.",Diulas 7 minggu lalu
https://www.traveloka.com/id-id/user/review/consumption/HOTEL/GENERAL/71859,1,9,AC mati dan penghisap udara kamar mandi mati. Bayangkan suasana kamarnya dan baunya? Bau kotoran semerbak masuk kamar tidur anak kami. Tidak ada tindakan apa-apa sesudah kami mengadu ke pihak hotel.,Diulas 8 minggu lalu
https://www.traveloka.com/id-id/user/review/consumption/HOTEL/GENERAL/71859,1,10,"Kamar bersih, AC dingin, hot & cold shower, sarapan enakkk",Diulas 9 minggu lalu
https://www.traveloka.com/id-id/user/review/consumption/HOTEL/GENERAL/71859,1,11,"Kamar mandi agak mampet tapi room service cepat merespons dan memperbaikinya, nice service.",Diulas 10 minggu lalu
https://www.traveloka.com/id-id/user/review/consumption/HOTEL/GENERAL/71859,1,12,"Tempat bagus, nyaman, tetapi banyak bangunan mulai rusak, perlu perbaikan. Kamar mandi lobi tidak dicek dan dibersihkan. Makanan banyak pilihannya, tetapi taste kurang.",Diulas 12 minggu lalu
https://www.traveloka.com/id-id/user/review/consumption/HOTEL/GENERAL/71859,1,13,"Meskipun bangunannya tua dan beberapa perabotannya juga sudah usang, hotel ini tetap menjadi hotel favorit saya di Cirebon. Mungkin sedikit renovasi akan membuatnya lebih baik lagi...",Diulas 13 minggu lalu
https://www.traveloka.com/id-id/user/review/consumption/HOTEL/GENERAL/71859,1,14,Fasilitas kamar sudah tua tetapi staf ramah.,Diulas 14 minggu lalu
https://www.traveloka.com/id-id/user/review/consumption/HOTEL/GENERAL/71859,1,15,Saya bisa beristirahat dengan nyaman menginap di hotel ini karena suasananya tenang.,Diulas 17 minggu lalu
https://www.traveloka.com/id-id/user/review/consumption/HOTEL/GENERAL/71859,1,16,"untuk masakan yang dihidangkan pada Breakfast harus lebih diperhatikan kembali soal rasa, ada yang keasinan, tanpa rasa terutama pada masakan hidangan ayam harus benar"" diperhatikan rasa dan steril pada aym",Diulas 17 minggu lalu
https://www.traveloka.com/id-id/user/review/consumption/HOTEL/GENERAL/71859,1,17,"Jika saya pergi ke Cirebon lagi, saya akan menginap di sini lagi...😊",Diulas 17 minggu lalu
https://www.traveloka.com/id-id/user/review/consumption/HOTEL/GENERAL/71859,1,18,"Staf hotel sangat ramah dan membantu saat proses check in. Permintaan agar kamar dekat lift karena membawa lansia, juga diatur dan diberikan. Hotel bersih dan nyaman, hanya saja perabot kayu di kamar agak beraroma kayu tua. Parkiran luas tidak berbayar, karena parkir outdoor, agak sulit jika hujan. Makanan beragam dan menarik namun kualitas rasa dan keseimbangan rasa perlu diperhatikan lagi",Diulas 17 minggu lalu
https://www.traveloka.com/id-id/user/review/consumption/HOTEL/GENERAL/71859,1,19,"Alhamdulillah nyaman, lokasi strategis kemana-mana, staf super ramah dan gercep..",Diulas 18 minggu lalu
https://www.traveloka.com/id-id/user/review/consumption/HOTEL/GENERAL/71859,1,20,"Hotel ini cukup baik cuma sayang kurang dirawat , banyak hal harus diperhatikan untuk diperbaikin dan dirawat dengan benar , walaupun agak kuno penampakannya tapi kalau dirawat dengan baik harusnya akan jadi hotel pilihan jika saya ke Cirebon lagi.

Secara umum cukup baik , tapi ada beberapa hal yang cukup mengganggu di kamar tempat saya menginap selama 2 malam.
1. Pintu kamar mandi harus dengan agak keras baru bisa tertutup dengan baik
2. Pintu kamar malah tidak bisa dikunci karena patah dan terlihat itu cuma ditempel dari patahan sebelumnya.
3. Shower cukup baik walaupun kadang agak sulit untuk mengatur antara menggunakan shower yg permanen diatas vs shower yg portable karena handle utk switch nya tidak selalu berfungsi dgn baik :)",Diulas 18 minggu lalu
https://www.traveloka.com/id-id/user/review/consumption/HOTEL/GENERAL/71859,1,21,Hotel dengan harga terjangkau dan nyaman buat liburan keluarga :),Diulas 18 minggu lalu
https://www.traveloka.com/id-id/user/review/consumption/HOTEL/GENERAL/71859,1,22,"Hotel terbaik di Cirebon, staf sangat membantu dan sarapannya enak.",Diulas 19 minggu lalu
https://www.traveloka.com/id-id/user/review/consumption/HOTEL/GENERAL/71859,1,23,"Kamar luas, staff ramah dan suka menolong, kolam renang oke.",Diulas 20 minggu lalu
https://www.traveloka.com/id-id/user/review/consumption/HOTEL/GENERAL/71859,1,24,"bangunannya vintage tp nyaman..staf nya ramah, makanannya enak, aplg empal gentongnya..krg nya cuma 1 tdk ada penanda kiblat di kamar.",Diulas 20 minggu lalu
https://www.traveloka.com/id-id/user/review/consumption/HOTEL/GENERAL/71859,1,25,cek tempat tidurnya sudah ada yang miring terutama yg sy pakai,Diulas 21 minggu lalu
https://www.traveloka.com/id-id/user/review/consumption/HOTEL/GENERAL/71859,1,26,"Staf F&B ramah, tetapi kantor depan tidak.",Diulas 21 minggu lalu
https://www.traveloka.com/id-id/user/review/consumption/HOTEL/GENERAL/71859,1,27,"Hotel-nya sangat nyaman, strategis di kota Cirebon",Diulas 24 minggu lalu
https://www.traveloka.com/id-id/user/review/consumption/HOTEL/GENERAL/71859,1,28,"Staf front office, bell boy membantu, ramah, baik. Fasilitas kolam renang tidak disediakan handuk, tidak ada staff sama sekali di area kolam renang dan fitness. Nasi jamblang saat breakfast sangat keras, menu lain biasa saja. Untuk ukuran bintang 3 dan Hotel lama, kebersihan cukup, kamar juga cukup. Mohon lebih ditingkatkan. Terima kasih.",Diulas 25 minggu lalu
https://www.traveloka.com/id-id/user/review/consumption/HOTEL/GENERAL/71859,1,29,Sebaiknya mempersiapkan kamar dengan connecting door buat family dengan harga sama,Diulas 26 minggu lalu
https://www.traveloka.com/id-id/user/review/consumption/HOTEL/GENERAL/71859,1,30,Lokasi dan kebersihan cukup terjaga,Diulas 31 minggu lalu
https://www.traveloka.com/id-id/user/review/consumption/HOTEL/GENERAL/71859,1,31,"Badabest lah pokoknya, staf sangat ramah dan helpful. Makanan enak on point.",Diulas 33 minggu lalu
https://www.traveloka.com/id-id/user/review/consumption/HOTEL/GENERAL/71859,1,32,"secara keseluruhan bagus, hanya sarapannya perlu dikoreksi lagi untuk rasanya...cukup puas menginap di hotel santika cirebon.",Diulas 33 minggu lalu
https://www.traveloka.com/id-id/user/review/consumption/HOTEL/GENERAL/71859,1,33,"Pelayanannya oke, kami datang larut malam.
Sarapannya oke, tapi rasanya perlu ditingkatkan.",Diulas 35 minggu lalu
https://www.traveloka.com/id-id/user/review/consumption/HOTEL/GENERAL/71859,1,34,fasilitas gym kurang terawat.,Diulas 36 minggu lalu
https://www.traveloka.com/id-id/user/review/consumption/HOTEL/GENERAL/71859,1,35,"Keren, akan nginep disini terus. Lokasi strategis",Diulas 37 minggu lalu
https://www.traveloka.com/id-id/user/review/consumption/HOTEL/GENERAL/71859,1,36,Ada orang yang membantu membersihkan mobil 😀,Diulas 38 minggu lalu
https://www.traveloka.com/id-id/user/review/consumption/HOTEL/GENERAL/71859,1,37,"Menginap semalam untuk perjalanan singkat. Harga kamarnya memang agak pricey 864 sekian (termasuk pajak) untuk kamar deluxe room king). Butuh hotel yang dekat dengan stasiun, naik goride berangkat 5.26 subuh, 5.31 sudah sampai Stasiun Cirebon Kejaksaan. Hotelnya di dekat pusat kota, seperti mal CSB, Grage, bahkan stasiun. Saya menginap untuk 4 orang dewasa, sofanya bisa dipakai untuk tidur. Bantal 4, dan ada tambahan bantal panjang di lemari. Handuk 2 besar, 2 kecil. Bisa pinjam setrika. Ada kulkas, shower ada 2, air panas bangettt, AC dingin banget, wi-fi-nya per kamar jadi password-nya nama pemesannya. Kamarnya juga luas, bisa untuk meletakkan koper di lantai, dan ada tempat salat jamaah 2-3 orang dewasa. Makanannya, nambah per orang untuk sarapannya cuma Rp100.000 👍🏽 Jangan lupa makan kuitiau siram  Mungkin kapan-kapan bisa nambahin menu khas Cirebon, empal gentong atau nasi jamblang? Overall okeee nginep di Santika Cirebon",Diulas 42 minggu lalu
https://www.traveloka.com/id-id/user/review/consumption/HOTEL/GENERAL/71859,1,38,"Hotel Santika Cirebon terkesan termakan usia, tetapi terjaga kebersihannya. Apabila dapat menjaga kualitas pelayanan-nya maka tamu dapat menikmati staycation-nya.",Diulas 42 minggu lalu
https://www.traveloka.com/id-id/user/review/consumption/HOTEL/GENERAL/71859,1,39,"Staff ramah, nyaman, dekat dengan tempat makanan di daerah Cirebon... Mantap",Diulas 44 minggu lalu
https://www.traveloka.com/id-id/user/review/consumption/HOTEL/GENERAL/71859,1,40,"Senang sekali menginap di sini! Sarapannya banyak pilihan lokal dan semuanya super lezat. Tempat tidur dan bantalnya sangat nyaman, kamarnya sangat luas, stafnya sangat ramah dan membantu, dan lokasinya sangat strategis. Pasti akan menginap di sini lagi!",Diulas 44 minggu lalu
https://www.traveloka.com/id-id/user/review/consumption/HOTEL/GENERAL/71859,2,1,"Strategis tempatnya, enak mau ke mana-mana dan dapat view yang bagus.",Diulas 45 minggu lalu
https://www.traveloka.com/id-id/user/review/consumption/HOTEL/GENERAL/71859,2,2,"semua oke, kecuali warna linennya yg tak lagi putih",Diulas 47 minggu lalu
https://www.traveloka.com/id-id/user/review/consumption/HOTEL/GENERAL/71859,2,3,Sangat nyaman dan sangat dekat dengan pusat kota,Diulas 48 minggu lalu
https://www.traveloka.com/id-id/user/review/consumption/HOTEL/GENERAL/71859,2,4,"Saya suka letak hotel strategis, bisa jalan kaki ke Grage Mall, 5 menit ke stasiun kereta",Diulas 49 minggu lalu
https://www.traveloka.com/id-id/user/review/consumption/HOTEL/GENERAL/71859,2,5,"Tidak ada komentar, semuanya baik-baik saja.",Diulas 50 minggu lalu
https://www.traveloka.com/id-id/user/review/consumption/HOTEL/GENERAL/71859,2,6,"Hotel lama, tetapi bersih dan terawat, semua staff baik dan sangat membantu, akses ke hotel menuju tempat wisata dan makanan sangat mudah.",Diulas 51 minggu lalu
https://www.traveloka.com/id-id/user/review/consumption/HOTEL/GENERAL/71859,2,7,"Oke semuanya, pelayanannya juga bagus semua.",Diulas 53 minggu lalu
https://www.traveloka.com/id-id/user/review/consumption/HOTEL/GENERAL/71859,2,8,staf hotel ramah semua dan pelayanannya bagus,Diulas 53 minggu lalu
https://www.traveloka.com/id-id/user/review/consumption/HOTEL/GENERAL/71859,2,9,"Hotel Santika memang pilihan tepat sebagai akomodasi saat melakukan perjalanan dinas. Lokasinya yang berada di tengah kota membuat perjalanan dari hotel ke lokasi tujuan sangat mudah dicapai, lebih lanjut ada pelayanan tambahan karena setiap pagi dicuci secara cuma-cuma sehingga mobil kami tetap bersih sehingga terlihat professional saat sampai di kantor.",Diulas 53 minggu lalu
https://www.traveloka.com/id-id/user/review/consumption/HOTEL/GENERAL/71859,2,10,mudah diakses dan bersih dan nyaman,Diulas 54 minggu lalu
https://www.traveloka.com/id-id/user/review/consumption/HOTEL/GENERAL/71859,2,11,staff hotel ramah dan pelayanan sangat baik n nyaman,Diulas 54 minggu lalu
https://www.traveloka.com/id-id/user/review/consumption/HOTEL/GENERAL/71859,2,12,"Bingung dengan AC di kamar, AC-nya central tapi ada 2 control pengendali. Yang 1 berupa remote biasa & yang 1-nya nempel di dinding. Entah kedua remote-nya yang kurang berfungsi, atau masalah di AC-nya sendiri yang ga dingin. Karena kami sudah lelah dengan aktivitas seharian, saat kembali ke kamar langsung istirahat, ga peduli lagi dengan kamar yang agak gerah.",Diulas 55 minggu lalu
https://www.traveloka.com/id-id/user/review/consumption/HOTEL/GENERAL/71859,2,13,hotel di pusat kota. nyaman dan bersih,Diulas 56 minggu lalu
https://www.traveloka.com/id-id/user/review/consumption/HOTEL/GENERAL/71859,2,14,hotelnya nyaman di pusat kota.,Diulas 57 minggu lalu
https://www.traveloka.com/id-id/user/review/consumption/HOTEL/GENERAL/71859,2,15,Lokasi cukup strategis dan dekat dengan pusat kota.,Diulas 57 minggu lalu
https://www.traveloka.com/id-id/user/review/consumption/HOTEL/GENERAL/71859,2,16,"Parkir luas, kamar luas dan nyaman, staf ramah dan responsif, sarapan enak dan variatif, betah deh.",Diulas 58 minggu lalu
https://www.traveloka.com/id-id/user/review/consumption/HOTEL/GENERAL/71859,2,17,Sudah 2x nyaman. Ramah semua. Makanan variatif enak. Renang juga aman.,Diulas 58 minggu lalu
https://www.traveloka.com/id-id/user/review/consumption/HOTEL/GENERAL/71859,2,18,Sangat nyaman menginap disni. Paling betah di kolam renang.,Diulas 59 minggu lalu
https://www.traveloka.com/id-id/user/review/consumption/HOTEL/GENERAL/71859,2,19,"Izin memberikan ulasan proses chek in sampai dengan jam 16.16 belum bisa masuk kamar yg seharusnya jam chek in jam 14.00 , kamar belum ready dengan alasan proses chekout pengunjung yg siang,  jika high season seperti ini harusnya hotel sudah bersiap dengan pelayanan, tapi ini sangat sangat merugikan, dengan posisi saya membawa bayi hingga merasa tidak nyaman , mohon bisa diperbaiki , terimakasih",Diulas 59 minggu lalu
https://www.traveloka.com/id-id/user/review/consumption/HOTEL/GENERAL/71859,2,20,"Santika memang tidak pernah mengecewakan di mana pun. Executive room fasilitas-nya lengkap, cuma sayang karena mungkin sudah agak tua hotelnya jadi pintu kamar mandi, pintu depan agak susah dibuka. Overall ok 👍",Diulas 59 minggu lalu
https://www.traveloka.com/id-id/user/review/consumption/HOTEL/GENERAL/71859,2,21,Comfort hanya rasa makanannya biasa aja,Diulas 60 minggu lalu
https://www.traveloka.com/id-id/user/review/consumption/HOTEL/GENERAL/71859,2,22,Santika Cirebon dapet upgrade bangunan dan isi (furniture) menjadi lebih simpel dan modern. Lainnya keren,Diulas 60 minggu lalu
https://www.traveloka.com/id-id/user/review/consumption/HOTEL/GENERAL/71859,2,23,Sudah baik agar dipertahankan,Diulas 66 minggu lalu
https://www.traveloka.com/id-id/user/review/consumption/HOTEL/GENERAL/71859,2,24,selalu nginap di sini karena kolam renang dan akses nya,Diulas 67 minggu lalu
https://www.traveloka.com/id-id/user/review/consumption/HOTEL/GENERAL/71859,2,25,"Kebersihan kamar dan area dalam hotel bagus, staff hotel ramah dan responsif atas permintaan bantuan",Diulas 67 minggu lalu
https://www.traveloka.com/id-id/user/review/consumption/HOTEL/GENERAL/71859,2,26,"staf gardener sangat ramah dengan senyum yang lebar , membuat betah utk stay di hotel santika cirebon",Diulas 68 minggu lalu
https://www.traveloka.com/id-id/user/review/consumption/HOTEL/GENERAL/71859,2,27,Cepat dan ramah. Mantap Santika,Diulas 69 minggu lalu
https://www.traveloka.com/id-id/user/review/consumption/HOTEL/GENERAL/71859,2,28,Staff hotel ramah sekali dan membuat tamu merasa rileks saat di lobi dan istirahat di kamar 🙏,Diulas 72 minggu lalu
https://www.traveloka.com/id-id/user/review/consumption/HOTEL/GENERAL/71859,2,29,"Makanan kurang variasi dan rasa biasa aja semua hambar, bubur ga ada ayam nya. Ayam goreng keras masakan anyep variasi membosankan. Handuk kamar mandi udah jelek banget, bed nya kurang nyaman dan bantal juga sudah terlalu lama kurang enak",Diulas 72 minggu lalu
https://www.traveloka.com/id-id/user/review/consumption/HOTEL/GENERAL/71859,2,30,"Terima kasih banyak atas keramahtamahannya, saya mendapat kamar yang nyaman dengan pemandangan yang indah. Keluarga saya senang merayakan malam tahun baru di sini. Makanannya benar-benar enak, stafnya sangat ramah dan hangat. ♡",Diulas 72 minggu lalu
https://www.traveloka.com/id-id/user/review/consumption/HOTEL/GENERAL/71859,2,31,"Hotel nyaman banget, walaupun bangunan agak tua tetapi kebersihan sangat terjaga. Yang bikin kaget pas mau keluar, eh mobil kok sudah bersih. Ternyata dicuci juga di sini mobil-mobil tamu. Keren.",Diulas 73 minggu lalu
https://www.traveloka.com/id-id/user/review/consumption/HOTEL/GENERAL/71859,2,32,"Hotel yang dapat diandalkan, dengan pengalaman panjang, Hotel Santika mengerti bagaimana hospitality yang sesungguhnya.",Diulas 73 minggu lalu
https://www.traveloka.com/id-id/user/review/consumption/HOTEL/GENERAL/71859,2,33,"Staff hotel sangat membantu, sayang waktu check-in terlambat karena ada perbaikan AC, kita suruh tunggu di kamar kita yang lain, untung pas komplain segera direspons, kamar di-upgrade ke deluxe, kamar nyaman dan bersih namun sprei, bed cover, handuk warnanya kusam sudah ga putih 🥲",Diulas 73 minggu lalu
https://www.traveloka.com/id-id/user/review/consumption/HOTEL/GENERAL/71859,2,34,Pertahankan pelayanan yang berkualitas dan ramah anak.,Diulas 74 minggu lalu
https://www.traveloka.com/id-id/user/review/consumption/HOTEL/GENERAL/71859,2,35,Lokasi bagus bersih dekat kemana-mana,Diulas 76 minggu lalu
https://www.traveloka.com/id-id/user/review/consumption/HOTEL/GENERAL/71859,2,36,"Room-nya besar, kamar mandi bersih, breakfast-nya komplit dan enak, hotelnya bersih, dan lokasinya pinggir jalan dekat tengah kota. Recommended Hotel 👍",Diulas 76 minggu lalu
https://www.traveloka.com/id-id/user/review/consumption/HOTEL/GENERAL/71859,2,37,"Dapat pelayanan yang bagus sama bu Melani dan dapat welcome drink, terima kasih",Diulas 78 minggu lalu
https://www.traveloka.com/id-id/user/review/consumption/HOTEL/GENERAL/71859,2,38,"Perlu dicat ulang, dan perbaikan pintu-pintu dan kusen, karena sudah tua. Hotel besar dan nyaman, hanya perlu peremajaan.",Diulas 83 minggu lalu
https://www.traveloka.com/id-id/user/review/consumption/HOTEL/GENERAL/71859,2,39,satu-satunya masalah adalah nyamuk. tapi selain itu oke,Diulas 85 minggu lalu
https://www.traveloka.com/id-id/user/review/consumption/HOTEL/GENERAL/71859,2,40,"Parkir luas, ada yang cuci in mobil. Kamar baru di renov.",Diulas 85 minggu lalu
https://www.traveloka.com/id-id/user/review/consumption/HOTEL/GENERAL/71859,3,1,"Saya pesan untuk tamu, kesan dari tamu saya sangat nyaman, suasana ok, everything ok. Hanya persoalan kamar banyak nyamuk. Itu saja.",Diulas 86 minggu lalu
https://www.traveloka.com/id-id/user/review/consumption/HOTEL/GENERAL/71859,3,2,"Saya pesan untuk tamu saya, dan tamu saya hanya komplain untuk masalah nyamuk. Yang lainnya tidak ada komplain.",Diulas 86 minggu lalu
https://www.traveloka.com/id-id/user/review/consumption/HOTEL/GENERAL/71859,3,3,"Handuk bau apek, saluran wastafel dan kamar mandinya uda mampet. Lama banget airnya turun. Ada jamur dimana-mana, di kamar mandi, di horden.",Diulas 86 minggu lalu
https://www.traveloka.com/id-id/user/review/consumption/HOTEL/GENERAL/71859,3,4,Staff sangat ramah dan membantu. Fasilitas untuk kursi roda tersedia. Recommended.,Diulas 86 minggu lalu
https://www.traveloka.com/id-id/user/review/consumption/HOTEL/GENERAL/71859,3,5,"Hotel ini tempatnya strategis, mudah diakses dari dan ke hotel. Seluruh staf ramah, makanan enak & harganya pun sesuai. Datang untuk datang & datang lagi.",Diulas 86 minggu lalu
https://www.traveloka.com/id-id/user/review/consumption/HOTEL/GENERAL/71859,3,6,Staff hotel ramah. Early check-in. Late check-out. Kamar bersih. Parkir luas. Udara bersih.,Diulas 88 minggu lalu
https://www.traveloka.com/id-id/user/review/consumption/HOTEL/GENERAL/71859,3,7,"Kran shower sudah aus, jadi shower atas tidak bisa dipakai sehingga kami kesulitan untuk mandi bersama hehehehehe. Sprei dan sarung bantal ada beberapa noda dan rambut.",Diulas 88 minggu lalu
https://www.traveloka.com/id-id/user/review/consumption/HOTEL/GENERAL/71859,3,8,Parkir kuas. Kamar tidur lumayan. Makanan enak tapi variasinya tidak sebanyak dulu. Di kamar sudah tidak tersedia hair dyer.,Diulas 92 minggu lalu
https://www.traveloka.com/id-id/user/review/consumption/HOTEL/GENERAL/71859,3,9,"Check in & check out cepat, staff² ramah, terima kasih Bapak. Rusmanto staff resto yang perhatian serasa dilayani ayah. Alat² fitness sayang nya banyak yang rusak tp ruangannya nyaman bersih luas. Kamar bersih wangi enak ga tercium bau rokok karena saya alergi pasti terasa kalo masih kotor",Diulas 94 minggu lalu
https://www.traveloka.com/id-id/user/review/consumption/HOTEL/GENERAL/71859,3,10,Staf Hotel Santika Cirebon sangat ramah dan informatif 👍😊.,Diulas 94 minggu lalu
https://www.traveloka.com/id-id/user/review/consumption/HOTEL/GENERAL/71859,3,11,"Staf ramah, cuma kenapa mobil saya aja yang tidak dicuci. Resto untuk sarapan crowded dan pelayannya tidak sigap. Banyak sekali piring kotor didiamkan.",Diulas 95 minggu lalu
https://www.traveloka.com/id-id/user/review/consumption/HOTEL/GENERAL/71859,3,12,"Lokasi hotel sangat tenang untuk istirahat, wifi bagus, kolam cukup luas untuk berenang, makanan sarapannya juga enak, lokasi juga dekat dengan kota.",Diulas 96 minggu lalu
https://www.traveloka.com/id-id/user/review/consumption/HOTEL/GENERAL/71859,3,13,"Hotel nya di tengah kota memudahkan akses kalau mau kemana-mana, dan bener loh hotel ini menyediakan fasilitas cuci mobil tiap pagi, staf nya ramah walaupun bangun hotel tua, yang paling homy dan nyaman kolam renang nya rindang dan airnya anget ga dingin, anak-anak suka berenang di sini yang nungguin juga nyaman duduk di pinggir kolam karena suasana kolam senyaman itu, mungkin yang kurang hanya kebersihan kulkas di dalem kamar ya walaupun kulkas tua tolong di bersihkan dan diperhatikan, kulkas nya agak kurang dingin dan pas dibuka ada hawa kulkas nya yang kurang nyaman, selain itu hotel santika ini bisa jadi pilihan untuk staycation.",Diulas 96 minggu lalu
https://www.traveloka.com/id-id/user/review/consumption/HOTEL/GENERAL/71859,3,14,"Hotel nyaman, sarapan cukup enak.",Diulas 97 minggu lalu
https://www.traveloka.com/id-id/user/review/consumption/HOTEL/GENERAL/71859,3,15,"Saya menginap di hotel ini selama 2 hari dan mendapatkan pelayanan jemputan dari Stasiun Cirebon sampai Hotel HS. Staff-nya sangat ramah sekali, hotel ter-rekomendasi di Cirebon. Thank you Santika and see you",Diulas 97 minggu lalu
https://www.traveloka.com/id-id/user/review/consumption/HOTEL/GENERAL/71859,3,16,Makanan enak. Tempat tenang dan nyaman.,Diulas 99 minggu lalu
https://www.traveloka.com/id-id/user/review/consumption/HOTEL/GENERAL/71859,3,17,"Bell boynya kayak bos, ada tamu semua pada cuek aja. Toilet lobby kotor.",Diulas 99 minggu lalu
https://www.traveloka.com/id-id/user/review/consumption/HOTEL/GENERAL/71859,3,18,"Staff yang ramah, lokasi hotel di pusat kota, kamar yang bersih, menu breakfast yang enak ditambah ciri khas Santika adanya minuman herbal yang bisa kita racik sendiri.",Diulas 101 minggu lalu
https://www.traveloka.com/id-id/user/review/consumption/HOTEL/GENERAL/71859,3,19,"Staff yang ramah, lokasi di pusat kota, menu breakfast enak & selalu ada minuman herbal yang dapat kita racik sendiri",Diulas 101 minggu lalu
https://www.traveloka.com/id-id/user/review/consumption/HOTEL/GENERAL/71859,3,20,"Menginap satu malam di Hotel Santika Cirebon sangat menyenangkan. Untuk kamar bersih, untuk sarapan the best, banyak pilihan.",Diulas 101 minggu lalu
https://www.traveloka.com/id-id/user/review/consumption/HOTEL/GENERAL/71859,3,21,Lingkungan hotel nyaman.,Diulas 103 minggu lalu
https://www.traveloka.com/id-id/user/review/consumption/HOTEL/GENERAL/71859,3,22,"Hotel tua yang sangat terawat... sudah hampir 15 tahun semenjak terakhir kali saya menginap di sana, tetapi hotel ini masih membuat saya merasa nyaman dan menikmati masa menginap di sana... ramah keluarga dengan kolam renang yang luas dan air hangat... 🥰.",Diulas 103 minggu lalu
https://www.traveloka.com/id-id/user/review/consumption/HOTEL/GENERAL/71859,3,23,"Kamarnya luas, bersih dan menu sarapan bervariasi.",Diulas 104 minggu lalu
https://www.traveloka.com/id-id/user/review/consumption/HOTEL/GENERAL/71859,3,24,Tingkatkan terus pelayanan nya.,Diulas 106 minggu lalu
https://www.traveloka.com/id-id/user/review/consumption/HOTEL/GENERAL/71859,3,25,"Pertama kali masuk kamar langsung denger musik yang vibe-nya berasa heritage gitu. Malamnya dapat surprise luar biasa dari staff management hotel, bikin terharuu karena memang pas ultah pengen banget ke Santika Cirebon. Keren sii ini pelayanan-nya, kamar bersih, AC dingin, air panas terasa sekali, lancar semuanya. Kesannya the best, semua staff ramah bahkan pas check out masih nanya apakah ada yang membuat tidak nyaman, gila efforts banget buat yang menginap di sini bakalan balik lagi sii ini mah. Love Santika Cirebon, next time semoga bisa merayakan kembali moment bahagia di sini 🥰",Diulas 107 minggu lalu
https://www.traveloka.com/id-id/user/review/consumption/HOTEL/GENERAL/71859,3,26,Recommended banget untuk yang mau jalan-jalan ke Cirebon.,Diulas 107 minggu lalu
https://www.traveloka.com/id-id/user/review/consumption/HOTEL/GENERAL/71859,3,27,"Mantabs mobil dibersihkan., jika transit di Cirebon akan kesini lagi😘✌️",Diulas 108 minggu lalu
https://www.traveloka.com/id-id/user/review/consumption/HOTEL/GENERAL/71859,3,28,"Hotel nyaman dan rindang, kamar & kolam renang besar. Tiap pagi mobil dicuci, gratis.",Diulas 110 minggu lalu
https://www.traveloka.com/id-id/user/review/consumption/HOTEL/GENERAL/71859,3,29,Bintang 3 yang nyaman. Suasana klasik tapi tetap terawat dan bersih. Terima kasih Santika Cirebon,Diulas 110 minggu lalu
https://www.traveloka.com/id-id/user/review/consumption/HOTEL/GENERAL/71859,3,30,"Sangat menikmati bermalam di sini, apalagi bisa ngajak anak-anak berenang",Diulas 111 minggu lalu
https://www.traveloka.com/id-id/user/review/consumption/HOTEL/GENERAL/71859,3,31,"Hotel TUA yang Kurang diRAWAT, Debu menempel disudut ranjang, meja, lemari & ada nyamuk bikin gak nyenyak tidur.",Diulas 112 minggu lalu
https://www.traveloka.com/id-id/user/review/consumption/HOTEL/GENERAL/71859,3,32,Tempatnya bagus dan menyenangkan.,Diulas 115 minggu lalu
https://www.traveloka.com/id-id/user/review/consumption/HOTEL/GENERAL/71859,3,33,Lokasi straegis dan cocok untuk menginap aktivitas bisnis dan keluarga.,Diulas 116 minggu lalu
https://www.traveloka.com/id-id/user/review/consumption/HOTEL/GENERAL/71859,3,34,"Sejauh ini hotel Santika di mana pun memang the best pelayananannya yaa. Makanan juga selalu enakk, tapi untuk kebersihan masih dirasa kurang, saya pesan 2 kamar, kamar yang saya tempati ga ada masalah, tapi kamar yang anak saya tempati justru handuknya kotor tidak bisa dipakai bahkan ada yang sobek, gelas pun kuning dalamnya tidak bisa digunakan apalagi itu untuk minum yaa, next tolong diperbaiki untuk kebersihannya yaa, padahal pelayannya sudah ok, cepat tanggap kalo ada komplain langsung dari kamar tamu, next sich masih mau untuk menginap di Santika karena staf-nya ramah-ramah 🫰",Diulas 116 minggu lalu
https://www.traveloka.com/id-id/user/review/consumption/HOTEL/GENERAL/71859,3,35,"Selalu menyenangkan menginap di Santika Hotel. Hanya saja pas saya menginap (cek-in 24 Februari, check-out 25 Februari), kamar 320 pesawat telpon di kamar hotelnya mati.",Diulas 117 minggu lalu
https://www.traveloka.com/id-id/user/review/consumption/HOTEL/GENERAL/71859,3,36,Makanan yang disajikan beragam dan rasanya enak.,Diulas 117 minggu lalu
https://www.traveloka.com/id-id/user/review/consumption/HOTEL/GENERAL/71859,3,37,"Kamarnya bersih, enak buat staycation.",Diulas 120 minggu lalu
https://www.traveloka.com/id-id/user/review/consumption/HOTEL/GENERAL/71859,3,38,"Hotel lama tapi kebersihan terjaga, petugas ramah-ramah, menu sarapan-nya bervariasi.",Diulas 121 minggu lalu
https://www.traveloka.com/id-id/user/review/consumption/HOTEL/GENERAL/71859,3,39,"Kamar bersih, menu sarapan oke, staff ramah.",Diulas 121 minggu lalu
https://www.traveloka.com/id-id/user/review/consumption/HOTEL/GENERAL/71859,3,40,"Mantap lah, hotel Santika di mana-mana enggak pernah mengecewakan, sudah standar layanan-nya, keep up the good work team!",Diulas 123 minggu lalu
https://www.traveloka.com/id-id/user/review/consumption/HOTEL/GENERAL/71859,4,1,"Sudah beberapa kali liburan di hotel ini dan selalu puas, dari pelayanan staff yang ramah, room service-nya. Kamar yang cozy, dingin, bath room-nya bersih, pool-nya anak-anak suka, fitness-nya baik hanya mungkin di tambah atau perbaiki alat yang rusak. Staff yang bertugas juga sering tidak ada, baik di pool atau fitness. Makanannya enak, lebih baik lagi ditambah menu untuk anak. Overall rekomen banget dan next liburan akan stay lagi.",Diulas 123 minggu lalu
https://www.traveloka.com/id-id/user/review/consumption/HOTEL/GENERAL/71859,4,2,Pelayanannya bagus sekali. Saya suka stafnya. Saya suka kamarnya. Saya suka makanannya.,Diulas 124 minggu lalu
https://www.traveloka.com/id-id/user/review/consumption/HOTEL/GENERAL/71859,4,3,"Hotel lama terawat, okelah dengan harga segitu udah dapet sarapan.",Diulas 125 minggu lalu
https://www.traveloka.com/id-id/user/review/consumption/HOTEL/GENERAL/71859,4,4,"Kamar nyaman. Cuma sayang furniture-nya perlu diremajakan. Sayang TV masih belum smart TV. Kamar mandi bersih, nyaman, AC dingin. Kulkas sempat nggak berfungsi tapi teknisinya gercep buat kasih solusi. Kamar mandi di dalam kamar sangat bersih dan nyaman. Kalau bisa pilih kamar jangan yang dekat gedung pertemuan, bising suara outdoor AC-nya. Nginap 3 malam sewa 2 kamar. Terima kasih pesanan saya di-upgrade 1 kamar. Terima kasih juga saya dan keluarga dapat menu breakfast spesial ""Empal Gentong"". Tiap pagi mobil selalu bersih, ada petugas yang nyuci mobil. Kolam renang terawat dan nyaman dipakai. Saran agar toilet umum di lantai 1 dan toilet di dekat ruang gym agar segera diremajakan. Sangat tidak nyaman dipakai. Waktu breakfast atau malam perlu ada live music biar suasana hotel lebih meriah dan hidup. Semoga next bisa bermalam lagi di hotel ini. 3 malam menginap di hotel ini suasananya sangat nyaman dan berkesan.",Diulas 125 minggu lalu
https://www.traveloka.com/id-id/user/review/consumption/HOTEL/GENERAL/71859,4,5,"Hotel lama tp bersihh, staff nya ramah-ramah banget, kolam renang nya besar, makanan enak, lokasi strategis, keluarga saya suka. Next kalo ke cirebon bakalan ke sini lagi. Oiya mobil qta juga di cuciin loh. Keren.",Diulas 126 minggu lalu
https://www.traveloka.com/id-id/user/review/consumption/HOTEL/GENERAL/71859,4,6,"Bangunan tua tapi masih terawat dengan baik, sarapannya enak. Hanya saja agak menyeramkan saat memasuki ruang bilas kolam renang karena sunyi dan terletak di sudut 😂.",Diulas 126 minggu lalu
https://www.traveloka.com/id-id/user/review/consumption/HOTEL/GENERAL/71859,4,7,"Layanan oke, kamar bagus dan bersih.",Diulas 129 minggu lalu
https://www.traveloka.com/id-id/user/review/consumption/HOTEL/GENERAL/71859,4,8,"Menginap di Hotel Santika Cirebon sangat menyenangkan! Petugas amat ramah, kamar bagus dan luas, kolam renang pun luas. Hotel ini sangat saya rekomendasikan!",Diulas 134 minggu lalu
https://www.traveloka.com/id-id/user/review/consumption/HOTEL/GENERAL/71859,4,9,"Akomodasi sesuai dengan deskripsi, cocok untuk staycation bersama keluarga, lokasi juga strategis. Sajian makanan serta pilihan makanan sarapannya juga beragam. Serta terdapat juga free pengantaran ke stasiun. Pilihan yang oke jika menginap di sini saat mengunjungi kota Cirebon.",Diulas 134 minggu lalu
https://www.traveloka.com/id-id/user/review/consumption/HOTEL/GENERAL/71859,4,10,"Hotelnya nyaman, pelayanannya bagus, staff ramah.",Diulas 134 minggu lalu
https://www.traveloka.com/id-id/user/review/consumption/HOTEL/GENERAL/71859,4,11,"Tgl 14 Oktober, Cek in malam hari Receptionist malam hari sangat ramah. Kamar bersih, kamar mandi bersih, hanya malam hari kedengeran suara berisik salah satunya suara outdoor ac. Sarapan ada keasinan pada sate kentang yang di menu nasi jamblang, ya g lain ok. Yang biikin kecewa radalah pada saat cek out jam 8 pagi receptiion tgl 15 Oktober Mbak Mbak sangat jutek dan cuek, tidak. Pantas kalau di posisi reception.",Diulas 136 minggu lalu
https://www.traveloka.com/id-id/user/review/consumption/HOTEL/GENERAL/71859,4,12,"Tempat yang bagus untuk menginap di pusat kota, kamar yang bagus dan cukup besar, toilet bersih, kolam renang besar dan hangat, dan pelayanan yang baik.",Diulas 138 minggu lalu
https://www.traveloka.com/id-id/user/review/consumption/HOTEL/GENERAL/71859,4,13,"Ruangan nyaman, hanya sayang ketenangan kami terganggu karena berisik anak-anak dari kamar sebelah, kebetulan kami mendapat kamar ada connecting door nya.",Diulas 140 minggu lalu
https://www.traveloka.com/id-id/user/review/consumption/HOTEL/GENERAL/71859,4,14,"Hotel yang pelayanannya bagus pol, aku nginep di 29 Agustus. Jam 12 malam minta mukena dibawa jam itu juga. Luar biasa baik. Minta lagi kantong laundry, bawanya menit itu juga. Super. Aku ke Cirebon nginep lagi insyaAllah di situ. Kolam renangnya seru.",Diulas 142 minggu lalu
https://www.traveloka.com/id-id/user/review/consumption/HOTEL/GENERAL/71859,4,15,"Yang disuka dari hotel ini kolam renang nya besar asri karena banyak pohon palm, anak ku nyaman banget berenang berjam-jam, kekurangan nya kasur sangat kecil, terus yang disuka lagi mobil pagi-pagi dicuci, suami ku suka banget sampe suruh tulis review yang bagus karena dicuciin mobil nya.",Diulas 144 minggu lalu
https://www.traveloka.com/id-id/user/review/consumption/HOTEL/GENERAL/71859,4,16,"Sekeluarga puas menginap di sini, makanannya juga enak-enak. Yang paling happy anak-anak karena kolam renangnya besar dan airnya bersih.",Diulas 144 minggu lalu
https://www.traveloka.com/id-id/user/review/consumption/HOTEL/GENERAL/71859,4,17,Menyenangkan dan berkesan pelayanannya baik.,Diulas 146 minggu lalu
https://www.traveloka.com/id-id/user/review/consumption/HOTEL/GENERAL/71859,4,18,"Kamarnya bersih, seprei dan handuk wangi, pegawai ramah dan sopan. Lokasi strategis, kolam renangnya bersih. Menu sarapan bervariasi meski rasanya biasa saja.",Diulas 147 minggu lalu
https://www.traveloka.com/id-id/user/review/consumption/HOTEL/GENERAL/71859,4,19,"Hotel yang sangat nyaman, setiap liburan kalo ada group Santika, pastinya kita nginap di sana ksrena sudah punya standar pelayanan yang baik.",Diulas 148 minggu lalu
https://www.traveloka.com/id-id/user/review/consumption/HOTEL/GENERAL/71859,4,20,"Hotel sudah tua perlu renovasi, lokasi strategis, parkir luas, kolam rebang lumayan.",Diulas 150 minggu lalu
https://www.traveloka.com/id-id/user/review/consumption/HOTEL/GENERAL/71859,4,21,"Kamarnya luas, tenang, bersih, terang dan nyaman. Kamar mandi bersih dengan air shower yang kencang dan panas membuat mandi sangat nyaman. Area parkir luas. Kolam renang cukup besar dengan lintasan cukup panjang.",Diulas 151 minggu lalu
https://www.traveloka.com/id-id/user/review/consumption/HOTEL/GENERAL/71859,4,22,"Hotelnya bagus, kamarnya bersih dan luas, makanan enak, dapat fasilitas cuci mobil gratis, next kalau liburan ke sini lagi.",Diulas 152 minggu lalu
https://www.traveloka.com/id-id/user/review/consumption/HOTEL/GENERAL/71859,4,23,"Hotelnya nyaman, petugas nya juga ramah, sarapan banyak variatif. Hotel bintang 3 rasa bintang 4.",Diulas 153 minggu lalu
https://www.traveloka.com/id-id/user/review/consumption/HOTEL/GENERAL/71859,4,24,Selalu puas banget kalo ke santika.,Diulas 155 minggu lalu
https://www.traveloka.com/id-id/user/review/consumption/HOTEL/GENERAL/71859,4,25,"Very good experience to be here in Hotel Santika Cirebon. Kids friendly, kamar nyaman dan bersih, lokasi strategis di pusat kota Cirebon, makanan enak, menu banyak, parkir luas, mobil dicucikan. Kolam renang luas dan bersih, staf gercep, recommended hotel untuk yang mau nginap atau liburan dengan keluarga. We will coming soon kalo ke Cirebon lagi. Thanks Santika.",Diulas 157 minggu lalu
https://www.traveloka.com/id-id/user/review/consumption/HOTEL/GENERAL/71859,4,26,"Pengalaman yang luar biasa selama tinggal di sana. Itu pengalaman baru bagi saya meskipun bangunannya asli dan antik tetapi membuat saya merasa nyaman, kamarnya nyaman dan pemandangannya bagus namun saya ingin tinggal di lantai yang lebih tinggi tetapi mereka memberi saya di lantai 3 itu bagus, untuk makanan saat sarapan banyak pilihan seperti kami makanan tradisional dari kota itu, memasak langsung segar di pagi hari, menjaga kualitas makanan sebagai standar, tetapi saya menemukan beberapa penyumbatan di kamar mandi saya dekat toilet maka jika ada air di sana akan lambat masuk ke samping tolong periksa di harian. Untuk keseluruhan hotel, staf dan makanannya luar biasa dan direkomendasikan untuk kunjungan berikutnya di masa depan.",Diulas 159 minggu lalu
https://www.traveloka.com/id-id/user/review/consumption/HOTEL/GENERAL/71859,4,27,"As good as always, makanan lumayan enak dan bervariasi.",Diulas 160 minggu lalu
https://www.traveloka.com/id-id/user/review/consumption/HOTEL/GENERAL/71859,4,28,Menyenangkan. Ada service handuk saat renang. Tidak perlu repot bawa handuk dari kamar.,Diulas 160 minggu lalu
https://www.traveloka.com/id-id/user/review/consumption/HOTEL/GENERAL/71859,4,29,Secara keseluruhan merupakan pengalaman menginap yang baik di Santika Cirebon.,Diulas 160 minggu lalu
https://www.traveloka.com/id-id/user/review/consumption/HOTEL/GENERAL/71859,4,30,"Pelayanan ramah, hanya tolong refill buffetnya di percepat,",Diulas 161 minggu lalu
https://www.traveloka.com/id-id/user/review/consumption/HOTEL/GENERAL/71859,4,31,"AC dingin, air lancar, kolam. Anak air hangat, staf ramah-ramah",Diulas 161 minggu lalu
https://www.traveloka.com/id-id/user/review/consumption/HOTEL/GENERAL/71859,4,32,"Cekin rapi cepat, kamar bersih wangi, kolam renang asyik, sarapan enak, service mantap, malem-malem ada insiden anak di kasur, langsung ganti seprai dan selimut, mobil dicuciin.",Diulas 161 minggu lalu
https://www.traveloka.com/id-id/user/review/consumption/HOTEL/GENERAL/71859,4,33,"Sarapan enak, kolam renang bagus, pelayanan bagus.",Diulas 166 minggu lalu
https://www.traveloka.com/id-id/user/review/consumption/HOTEL/GENERAL/71859,4,34,"Pemesanan melalui aplikasi untuk hotel ini terkait request yang sudah dicantumkan, tidak terakomodir. Seperti pemesanan kamar connecting door, kenapa setelah check in baru diinfokan mengenai connecting door nya, sudah info untuk kamar sebelahan namun bagian check in tidak paham lokasi kamar di hotel ini, kamarnya sebelahan tapi dari kamar satu ke kamar lain jarak jauh. Tidak persis sebelahan dan tidak sesuai permintaan. Kecewa dengan cara hotel ini me-manage service dan guest nya.",Diulas 167 minggu lalu
https://www.traveloka.com/id-id/user/review/consumption/HOTEL/GENERAL/71859,4,35,"Sarapannya oke banget. Pelayanannya sangat memuaskan, ramah dan cepat tanggap.",Diulas 169 minggu lalu
https://www.traveloka.com/id-id/user/review/consumption/HOTEL/GENERAL/71859,4,36,"Seperti biasa service dari Hotel Santika sangat bagus, penerapan penanganan covid masih dijalankan, variasi makanan juga banyak.",Diulas 173 minggu lalu
https://www.traveloka.com/id-id/user/review/consumption/HOTEL/GENERAL/71859,4,37,Suasana hotel sangat nyaman. Saya datang dengan ibu saya yang menggunakan kursi roda dan semua staf sangat membantu. Terima kasih:).,Diulas 174 minggu lalu
https://www.traveloka.com/id-id/user/review/consumption/HOTEL/GENERAL/71859,4,38,"Menyenangkan, kamarnya luas, AC nya dingin banget, staf-staf hotel nya sangat helpful, next kalo ke Cirebon lagi bakal nginep di sini aja.",Diulas 176 minggu lalu
https://www.traveloka.com/id-id/user/review/consumption/HOTEL/GENERAL/71859,4,39,"Semua staf sangat baik, sopan dan membantu Tapi hotel ini sudah tua dan perlu diremajakan.",Diulas 176 minggu lalu
https://www.traveloka.com/id-id/user/review/consumption/HOTEL/GENERAL/71859,4,40,"Santika adalah hotel tua tetapi masih dikelola dengan baik. Bersih, hangat, nyaman dan semua staf sangat membantu. Kamar besar dan nyaman, makanan enak, parkir luas, ada kolam renang dan anak-anak saya senang bermain di kolam renang. Akan memilih lagi ketika kita pergi ke cirebon lagi.",Diulas 177 minggu lalu
https://www.traveloka.com/id-id/user/review/consumption/HOTEL/GENERAL/71859,5,1,"Santika adalah hotel tua tetapi masih dikelola dengan baik. Bersih, hangat, nyaman dan semua staf sangat membantu. Kamar besar dan nyaman, makanan enak, parkir luas, ada kolam renang dan anak-anak saya senang bermain di kolam renang. Akan memilih lagi ketika kita pergi ke cirebon lagi.",Diulas 177 minggu lalu
https://www.traveloka.com/id-id/user/review/consumption/HOTEL/GENERAL/71859,5,2,Malam tahun baru tidak jadi di pool dan menu makanan gala dinner aloha sangat terbatas variasinya.,Diulas 177 minggu lalu
https://www.traveloka.com/id-id/user/review/consumption/HOTEL/GENERAL/71859,5,3,"Stafnya ramah, kamarnya bersih, mudah diakses, ruang besar untuk parkir terbuka dan aman.",Diulas 178 minggu lalu
https://www.traveloka.com/id-id/user/review/consumption/HOTEL/GENERAL/71859,5,4,"1. Semua karyawan sangat ramah. 2. Gedung tua namun cukup bersih dan rapih. 3. Dapat kamar view kolam renang, di lantai teratas (lantai 5) sesuai permintaan. Kamar cukup luas dan semua fasilitas (AC, TV, electric kettle, shower, air panas) bekerja dengan baik. 4. Sarapan pagi banyak menu pilihannya dan sangat enak. 5. Kolam renang bagus dan bersih. 6. Ada petugas yang mencuci mobil kita di pagi hari.",Diulas 178 minggu lalu
https://www.traveloka.com/id-id/user/review/consumption/HOTEL/GENERAL/71859,5,5,Nyaman dan bersih. Makanannya juga enak.,Diulas 178 minggu lalu
https://www.traveloka.com/id-id/user/review/consumption/HOTEL/GENERAL/71859,5,6,Makanannya kurang variasi dan kurang enak.,Diulas 178 minggu lalu
https://www.traveloka.com/id-id/user/review/consumption/HOTEL/GENERAL/71859,5,7,"Semuanya oke, dari kamar, makanan dan kolam renang untuk menyenangkan anak². Mohon perbaiki kualitas internetnya saja.",Diulas 180 minggu lalu
https://www.traveloka.com/id-id/user/review/consumption/HOTEL/GENERAL/71859,5,8,"Di Pusat kota, kamar nya Luas, manteep.",Diulas 180 minggu lalu
https://www.traveloka.com/id-id/user/review/consumption/HOTEL/GENERAL/71859,5,9,"Hotel nya bagus, cuma ga ada hairdryer yaa.",Diulas 181 minggu lalu
https://www.traveloka.com/id-id/user/review/consumption/HOTEL/GENERAL/71859,5,10,Saya sangat happy dan hotel recommended untuk liburan keluarga. Kolam renang luas dan juga makanan breakfast enak.,Diulas 181 minggu lalu
https://www.traveloka.com/id-id/user/review/consumption/HOTEL/GENERAL/71859,5,11,"Menyenangkan menginap bersama keluarga. Pelayanan Prima. Fasilitas lengkap. Senangnya dijemput dan diantar dari hotel, merasa nyaman datang ke kota ini. Kami pulang dengan penawaran early breakfast yang sudah disiapkan hotel. Hotel recommended dengan pelayanan yang sangat baik.",Diulas 183 minggu lalu
https://www.traveloka.com/id-id/user/review/consumption/HOTEL/GENERAL/71859,5,12,"Hotel yang bersih, pelayanan bagus, menu pagi makanan daerah 👍.",Diulas 186 minggu lalu
https://www.traveloka.com/id-id/user/review/consumption/HOTEL/GENERAL/71859,5,13,"Saya nginep langganan di Hotel Santika Cirebon sejak tahun 2002, nginep kesini untuk nostalgia dan pelayanannya masih baik dan masih ada staff lama saat saya nginep disitu.",Diulas 186 minggu lalu
https://www.traveloka.com/id-id/user/review/consumption/HOTEL/GENERAL/71859,5,14,"Selalu menyenangkan menginap di Santika, transit di Cirebon, stay dengan 2 rooms dan dapet free upgrade room 😍, petugas dari mulai security, FO hingga room boy semua ramah dan helpful, lokasi di pusat kota dekat dengan kuliner dan saat check out keesokan harinya, mobil sudah dicuci bersih. Terima kasih Santika.",Diulas 188 minggu lalu
https://www.traveloka.com/id-id/user/review/consumption/HOTEL/GENERAL/71859,5,15,Pertama kali nginep d sini. Gedung nya agak lama ya. Tp so far bersih dan lumayan terawat ke mana-mana juga dekat. Menu sarapan cukup variatif dan masakan-masakannya lumayan enak.,Diulas 188 minggu lalu
https://www.traveloka.com/id-id/user/review/consumption/HOTEL/GENERAL/71859,5,16,"Sangat puas, lokasinya di tengah pusat kota sehingga dekat dengan mana-mana, sarapannya lezat, kamarnya bersih, sungguh menikmati menginap di Santika.",Diulas 189 minggu lalu
https://www.traveloka.com/id-id/user/review/consumption/HOTEL/GENERAL/71859,5,17,"Sangat bagus, tapi pelayanan malam untuk check in sangat kurang sekali proses check in hanya di layanin 1 orang jadi antrian banyak.",Diulas 193 minggu lalu
https://www.traveloka.com/id-id/user/review/consumption/HOTEL/GENERAL/71859,5,18,Saat cekein di malam hari help boy lama dateng dan proses cekin lama karena cumen 1 table yang dibuka. Selebihnya standar santika.,Diulas 194 minggu lalu
https://www.traveloka.com/id-id/user/review/consumption/HOTEL/GENERAL/71859,5,19,Suasana dan pemandangan di Santika Cirebon mengesankan. Lain kali menginap lagi.,Diulas 194 minggu lalu
https://www.traveloka.com/id-id/user/review/consumption/HOTEL/GENERAL/71859,5,20,"Lokasi strategis, pelayanan ramah, service ok.",Diulas 196 minggu lalu
https://www.traveloka.com/id-id/user/review/consumption/HOTEL/GENERAL/71859,5,21,Saya menginap di room 212. AC nya rusak. Keringetan sampai pagi. Di toilet ditemukan kecoa.,Diulas 197 minggu lalu
https://www.traveloka.com/id-id/user/review/consumption/HOTEL/GENERAL/71859,5,22,"Nyaman, kamar bersih, sarapan sangat enak dan kolam renangnya bagus.",Diulas 198 minggu lalu
https://www.traveloka.com/id-id/user/review/consumption/HOTEL/GENERAL/71859,5,23,"Pengalaman saya menginap di Hotel Santika Cirebon sangat menyenangkan. Kamar bersih & nyaman. Kolam renang bersih & besar. Makanan breakfast banyak pilihan & enak. Ditambah saya request compliment birthday cake untuk ulang tahun suami saya, pihak receptionist dan pihak resto sangat welcome dan bantu kami kasih surprise pada saat breakfast. Thank you for your great service! Kami akan kembali menginap di Hotel Santika Cirebon.",Diulas 198 minggu lalu
https://www.traveloka.com/id-id/user/review/consumption/HOTEL/GENERAL/71859,5,24,Mantap rekomend buat kelas premium midrange lah hahaha.,Diulas 200 minggu lalu
https://www.traveloka.com/id-id/user/review/consumption/HOTEL/GENERAL/71859,5,25,"Hotel bersih dan nyaman, stafnya ramah dan responsif. Selain itu, makanan variatif, lokasi dekat dengan pusat kota. Next menjadi tujuan utama kalau ke Cirebon. Thanks.",Diulas 201 minggu lalu
https://www.traveloka.com/id-id/user/review/consumption/HOTEL/GENERAL/71859,5,26,"Ini hotel okd, lobi sangat bagus.",Diulas 202 minggu lalu
https://www.traveloka.com/id-id/user/review/consumption/HOTEL/GENERAL/71859,5,27,Seru. Kamarnya bagus. Antik. Kesekian kalinya menginap di sini bareng keluarga. Liburan jadi menyenangkan,Diulas 203 minggu lalu
https://www.traveloka.com/id-id/user/review/consumption/HOTEL/GENERAL/71859,5,28,"Pelayanan sangat memuaskan, ramah dan helpful banget.",Diulas 204 minggu lalu
https://www.traveloka.com/id-id/user/review/consumption/HOTEL/GENERAL/71859,5,29,"Cukup ok, tapi kamar masih banyak nyamuk, saran selanjutnya jika kamar sebelumnya ditempati oleh konsumen yang sama, sebaiknya dicek dulu dan disemprot dengan baygon jika banyak nyamuk agar tidak terganggu, overall Oke",Diulas 204 minggu lalu
https://www.traveloka.com/id-id/user/review/consumption/HOTEL/GENERAL/71859,5,30,"Hotel sudah tua perlu dilakukan perbaikan/renovasi. Kebersihan cukup baik, amenities cukup lengkap, variasi sarapan pagi cukup baik. Fasilitas (gym dan kolam renang) cukup baik.",Diulas 204 minggu lalu
https://www.traveloka.com/id-id/user/review/consumption/HOTEL/GENERAL/71859,5,31,"Kasur lebar + bersih, mobil di cuciin, mantap lah, sukses terus santika cirebon.",Diulas 208 minggu lalu
https://www.traveloka.com/id-id/user/review/consumption/HOTEL/GENERAL/71859,5,32,"Ini kali kedua saya menginap di hotel ini. Saya suka keramahannya, tempatnya, dan fasilitasnya. Tua tapi tetap bagus.",Diulas 208 minggu lalu
https://www.traveloka.com/id-id/user/review/consumption/HOTEL/GENERAL/71859,5,33,"Request kamar connecting, tidak dapat & kamar kurang bersih.",Diulas 209 minggu lalu
https://www.traveloka.com/id-id/user/review/consumption/HOTEL/GENERAL/71859,5,34,Kolam renang bersih pelayanan bagus dari check in - check out.,Diulas 209 minggu lalu
https://www.traveloka.com/id-id/user/review/consumption/HOTEL/GENERAL/71859,5,35,"Nyaman, lega, rapi, bersih, parkiran luas.",Diulas 210 minggu lalu
https://www.traveloka.com/id-id/user/review/consumption/HOTEL/GENERAL/71859,5,36,"Hotelnya klasik, nyaman, fasilitas cukup oke. Cuma mungkin variasi makanannya terlalu sedikit, tapi ketika mau check out ternyata ada tambahan boot di luar restaurannya. Lalu enaknya mobil dicuci ketika mau pulang, mantap sih.",Diulas 211 minggu lalu
https://www.traveloka.com/id-id/user/review/consumption/HOTEL/GENERAL/71859,5,37,Saya terkesan dengan adanya orang yang mencuci mobil saya di pagi hari. Very nice.,Diulas 211 minggu lalu
https://www.traveloka.com/id-id/user/review/consumption/HOTEL/GENERAL/71859,5,38,"Kamar bersih pelayanan sangat baik, hanya makanan kurang beragam tidak seperti santika yang sebelumnya … overall nice.",Diulas 211 minggu lalu
https://www.traveloka.com/id-id/user/review/consumption/HOTEL/GENERAL/71859,5,39,"Masih oke lah, walau furniture nya sudah harus segera diganti. Trims team Santika Hotel Cirebon, sudah melayani kami dengan sangat baik.",Diulas 212 minggu lalu
https://www.traveloka.com/id-id/user/review/consumption/HOTEL/GENERAL/71859,5,40,Booking melalui aplikasi. Penerimaan resepsionis cekatan dan memuaskan. Kamar bersih. Pelayanan sahur baik.,Diulas 212 minggu lalu
https://www.traveloka.com/id-id/user/review/consumption/HOTEL/GENERAL/71859,6,1,"Kamar nyaman, makanan enak kolam renang sipp.",Diulas 212 minggu lalu
https://www.traveloka.com/id-id/user/review/consumption/HOTEL/GENERAL/71859,6,2,Lokasi hotel dekat dengan atraksi wisata di cirebon. Namun kamar agak kusam dan suara ac sedikit mengganggu.,Diulas 214 minggu lalu
https://www.traveloka.com/id-id/user/review/consumption/HOTEL/GENERAL/71859,6,3,"Kantor depan.- Sapa dengan senyum, kontak mata. Sikap yang baik. - jelaskan dengan jelas tentang fasilitasnya. Kamar.- agak tua, tapi cukup dengan ruang.- ada noda di lantai kamar mandi, wastafel agak retak.- AC bagus. Staf.- Ramah dan asli. Secara keseluruhan, saya akan memberikan 8,5/10.",Diulas 217 minggu lalu
https://www.traveloka.com/id-id/user/review/consumption/HOTEL/GENERAL/71859,6,4,"Staff ramah-ramah. Tapi sayang saat cek in Dan masuk di kamar ac mati. Harus panggil engineering deh. Trus kulkas juga dah kurang bagus. Mudah-mudahan ke depannya ada perbaikan perangkat di kamar baik kulkas, tv dan ac supaya bagus. Yang lain breakfast variasi dikit tapi menu makanya enak-enak.",Diulas 217 minggu lalu
https://www.traveloka.com/id-id/user/review/consumption/HOTEL/GENERAL/71859,6,5,"Hotelnya klasik, kamarnya luas. Kolam renangnya luas. Makanannya enak. Stafnya ramah. Next kalo ke cirebon mau ke sini lagi.",Diulas 218 minggu lalu
https://www.traveloka.com/id-id/user/review/consumption/HOTEL/GENERAL/71859,6,6,"Internet (wifi) tidak berfungsi dan kami mendapatkan kamar selain layanan kamar yang sangat mengganggu dan keras, tetapi layanan di resepsionis saat check out baik dan membantu ketika kami membutuhkan beberapa dokumen yang dicetak.",Diulas 219 minggu lalu
https://www.traveloka.com/id-id/user/review/consumption/HOTEL/GENERAL/71859,6,7,Breakfast nya dilayani tapi pelayannya kurang sigap. Juga kurang komplit.,Diulas 225 minggu lalu
https://www.traveloka.com/id-id/user/review/consumption/HOTEL/GENERAL/71859,6,8,Untuk makanannya banyak variasi tapi tidak ambil sendiri dan lama menunggu.,Diulas 227 minggu lalu
https://www.traveloka.com/id-id/user/review/consumption/HOTEL/GENERAL/71859,6,9,"Kamar sesuai foto, pesan 2 kamar minta yang connect door, baru tahu gak bisa karena harus beda kelas kamarnya waktu check in. Untuk lainnya ok.",Diulas 227 minggu lalu
https://www.traveloka.com/id-id/user/review/consumption/HOTEL/GENERAL/71859,6,10,"selalu langganan menginap Hotel Santika Cirebon kalau pas ke Cirebon. Sudah tidak diragukan lagi, meski bangunan sudah kuno tapi masih oke untuk servis, green area & makanannya. Sukses selalu untuk Hotel Santika Cirebon.",Diulas 229 minggu lalu
https://www.traveloka.com/id-id/user/review/consumption/HOTEL/GENERAL/71859,6,11,Hotel dengan bangunan lama tapi nyaman.,Diulas 229 minggu lalu
https://www.traveloka.com/id-id/user/review/consumption/HOTEL/GENERAL/71859,6,12,"Pelayanan sangat memuaskan, karyawan juga ramah dan yang sangat memberikan nilai lebih, pada saat pagi hari ternyata mobil tamu yang menginap dicuci, ini yang memberikan point plus buat Hotel Santika, pertahankan terus pelayanan yang terbaik.",Diulas 229 minggu lalu
https://www.traveloka.com/id-id/user/review/consumption/HOTEL/GENERAL/71859,6,13,"Berulangkali nginap di sini kalau transit atau jalan-jalan di cirebon, memang sudah tua hotelnya dan perlu dimake up lagi. Tapi secara keseluruhan ok 👍.",Diulas 229 minggu lalu
https://www.traveloka.com/id-id/user/review/consumption/HOTEL/GENERAL/71859,6,14,Tidak mendapatkan lantai tertinggi seperti yang diinginkan.,Diulas 229 minggu lalu
https://www.traveloka.com/id-id/user/review/consumption/HOTEL/GENERAL/71859,6,15,Hotel yang cukup bagus tapi butuh renovasi untuk kamarnya. Bau dari kamar mandi yang masuk ke kamar sangat mengganggu.,Diulas 230 minggu lalu
https://www.traveloka.com/id-id/user/review/consumption/HOTEL/GENERAL/71859,6,16,"Menginap 2 malam. Late check in di jam 7an malam, berjalan mulus untuk cek in tanpa kendala. Dapat kamar dilantai 4, ranjang besar, bebas rokok, sesuai request melalui aplikasi. Fasilitas kamar cukup lengkap. Paling yg gak ada handuk muka aja, sisanya ada semua, kulkas, air mineral 4, sanitary kamar mandi, mantap lah. Yang bawa motor sama mobil parkirannya ada, tp yang basement kayaknya ada, tp gak dipake sepertinya untuk parkir. Jd parkir diluar. Mantapnya di cuciin, good. Sarapan lumayan, ganti menu dihari beda. Lomasi hotelpun bagus, bisa kulineran dekat sini ljmayan banyak, saya jalan kaki keliling ke alun-alun juga bisa (sekitar 15 menit jalankaki) total sejaman sih keliking ke stasiun sampai ke empal gentong krucuk sana jalan kaki, hehehe good untuk stay cation. Ini hotel santika cirebon luas banget dibanding yg bandung atau jogja, nice.",Diulas 230 minggu lalu
https://www.traveloka.com/id-id/user/review/consumption/HOTEL/GENERAL/71859,6,17,"Tempat sangat strategis, nyaman, hanya saja untuk kecepatan pelayanan hrs lebih diperbaiki lagi. Contohnya seperti handuk bekas renang, sebaiknya selesai handuk dipakai oleh pengunjung itu langsung dirapihkan, jadi ketika ada pengunjung baru datang mau renang itu tidak berantakan dimana-mana handuk bekas itu. Dan 1 lagi contoh saat breakfast, pengunjung hrs menunggu lama untuk pelayanan makanan, air minum lama disediakan, mungkin lebih baik penambahan pelayan agar tidak terjadi kelalaian lagi. Oiya 1 lagi, untuk sprei dan selimut dikamar saya kemarin itu sobek, tolong ini juga diperhatikan yaaa. Thanks",Diulas 231 minggu lalu
https://www.traveloka.com/id-id/user/review/consumption/HOTEL/GENERAL/71859,6,18,"Sarapan oke, pelayanan oke, kondisi kamar oke walaupun sudah hotel yang lama berdiri.",Diulas 231 minggu lalu
https://www.traveloka.com/id-id/user/review/consumption/HOTEL/GENERAL/71859,6,19,"8/10 8/10. Still better dari hotel lainnya di Cirebon, even yang lebih mahal. Just one note. Level kaporit di kolamnya bisa di review, perih sekali di mata.",Diulas 232 minggu lalu
https://www.traveloka.com/id-id/user/review/consumption/HOTEL/GENERAL/71859,6,20,"Gedung kurang terawat, untuk kamar cenderung seperti hotel tua baik dari keycard, AC dan interior. Selama di sana menemukan bangkai cicak dan beberapa kali tomcat di kamar mandi dan tempat tidur. Untuk breakfast cukup variasi dengan rasa cukup baik.",Diulas 232 minggu lalu
https://www.traveloka.com/id-id/user/review/consumption/HOTEL/GENERAL/71859,6,21,"Pelayanan sangat baik, bangun pagi mobilpun sudah dibersihkan.",Diulas 232 minggu lalu
https://www.traveloka.com/id-id/user/review/consumption/HOTEL/GENERAL/71859,6,22,Selalu baik di Santika. Tapi freezer perlu dibersihkan! hehehe lihat gambar,Diulas 232 minggu lalu
https://www.traveloka.com/id-id/user/review/consumption/HOTEL/GENERAL/71859,6,23,"Breakfast nya enak, service nya good karena mobil pengunjung di cuciin gratis. Cool pokok nya.",Diulas 234 minggu lalu
https://www.traveloka.com/id-id/user/review/consumption/HOTEL/GENERAL/71859,6,24,"Menginap untuk ke 2x nya di sini. Kebersihan sangat terjaga, staf ramah, prokes dilaksanakan dengan baik dan disediakan masker di kamar. Tapi untuk keset kamar sudah sangat dekil, sebaiknya dilakukan penggantian karena tidak sedap dipandang. Untuk sarapan variasinya ga sebanyak seperti sebelum pandemi, tapi rasanya enak.",Diulas 234 minggu lalu
https://www.traveloka.com/id-id/user/review/consumption/HOTEL/GENERAL/71859,6,25,"Langganan hotel ini sudah lama, sejak 2010. Tetap bersih dan pelayanan dengan hati. Sangat rekomendasi bagi pebisnis. Sering anak saya dapat free sarapan he he. Kamar bersih, handuk bersih, semuanya mendekati sempurna.",Diulas 234 minggu lalu
https://www.traveloka.com/id-id/user/review/consumption/HOTEL/GENERAL/71859,6,26,"Semuanya baik, kamarnya nyaman, petugasnya ramah, makanannya pas. Cuman sinyal wifi nya sangat lemah di dalam kamar, kebanyakan sinyalnya putus. Pihak Management harus memperbanyak hotspot wifi.",Diulas 235 minggu lalu
https://www.traveloka.com/id-id/user/review/consumption/HOTEL/GENERAL/71859,6,27,Itu benar-benar mengubah tempat dan pemandangan indah di hotel ini.,Diulas 235 minggu lalu
https://www.traveloka.com/id-id/user/review/consumption/HOTEL/GENERAL/71859,6,28,Semuanya OK dan menyenangkan kecuali pas breakfast. Selamat menunggu untuk dilayani dah bahkan untuk hal sesimpel mangambil segelas kecil minuman yang menurut saya itu menyebalkan.,Diulas 236 minggu lalu
https://www.traveloka.com/id-id/user/review/consumption/HOTEL/GENERAL/71859,6,29,"Makanan enak walau variasinya kurang. Kamar juga kurang bersih, ada sawang-sawang di kamar ku. Staff ramah ramah.",Diulas 236 minggu lalu
https://www.traveloka.com/id-id/user/review/consumption/HOTEL/GENERAL/71859,6,30,Selalu seringnya nginep di sini karena tiap bulan selalu dines ke Cirebon setelah pandemi covid menurun dan bisa dines luar kotaan lagi. Mobil selalu ginclong karena tiap pg sudah di cuciin dan staff front office nya ramah kadang saya sekali-sekali suka request kalo ada kamar kosong bisa tuker dari twin ke 1 double bad atau sebaliknya.,Diulas 237 minggu lalu
https://www.traveloka.com/id-id/user/review/consumption/HOTEL/GENERAL/71859,6,31,"Ini pertama kalinya nginep di sini, proses check in cepat, kamar bagus bersih, AC dingin, TV banyak channel dan lengkap isinya. Sarapan enak-enak dan menjaga prokes. Kolam renang menyenangkan buat anak-anak dan berair hangat. Fasilitas hotel bagus, parkiran luas dan setiap pagi mobil kita dicuci bersih. Minusnya cuma 1: wifi di dalam kamar jelek (414), tp kalo ke depan lorong bagus signalnya. Kapan-kapan mau kesini lagi, tentunya kalo dapat harga promo.",Diulas 237 minggu lalu
https://www.traveloka.com/id-id/user/review/consumption/HOTEL/GENERAL/71859,6,32,"Lokasi strategis, prokes di jalankan, kamar dan sebagainya bersih, kolam renang bersih, crew ramah, breakfast kurang variatif. Lingkungan hotel nyaman karena banyak pohon, dan keluar kamar langsung hirup. Udara apalagi di pagi hari, terima kasih Santika Hotel.",Diulas 237 minggu lalu
https://www.traveloka.com/id-id/user/review/consumption/HOTEL/GENERAL/71859,6,33,Lokasi strategis. Banyak lokasi kuliner khas cirebon,Diulas 237 minggu lalu
https://www.traveloka.com/id-id/user/review/consumption/HOTEL/GENERAL/71859,6,34,"Struktur penempatan kamar di hotel Santika memungkinkan kita mendapatkan fresh air begitu buka pintu kamar. Kebersihan juga terjaga, pelayanan sangat ramah dan baik.",Diulas 238 minggu lalu
https://www.traveloka.com/id-id/user/review/consumption/HOTEL/GENERAL/71859,6,35,"Kamar 307, AC rusak dan air jatuh ke kamar.",Diulas 238 minggu lalu
https://www.traveloka.com/id-id/user/review/consumption/HOTEL/GENERAL/71859,6,36,"Lokasi strategis, kamar, toilet bersih, prokes di jalankan, crew-crew ramah, wifi kencang  kolam renang bersih. Mobil di bersihkan tiap hari, hanya breakfast kurang variatif mungkin karena pademi. Tp keseluruhan memuaskan menginap di Santika Cirebon Hotel",Diulas 238 minggu lalu
https://www.traveloka.com/id-id/user/review/consumption/HOTEL/GENERAL/71859,6,37,"Menginap di Hotel Santika Cirebon selalu menyenangkan, menginap 2 malam, anak-anak puas berenang, kamar luas, sarapan juga banyak pilihan walau tidak sebanyak sebelum covid, prokes juga dijalankan dengan baik dan yang baru kami rasakan kendaraan kami di cuci tiap pagi. Terima kasih Hotel Santika Cirebon & terima kasih Traveloka.",Diulas 239 minggu lalu
https://www.traveloka.com/id-id/user/review/consumption/HOTEL/GENERAL/71859,6,38,"Meski bangunannya terlihat tua, tetapi sangat nyaman untuk beristirahat sebelum mlnjutkan perjalanan.",Diulas 239 minggu lalu
https://www.traveloka.com/id-id/user/review/consumption/HOTEL/GENERAL/71859,6,39,"Ini hotel tua, fasilitasnya tidak terawat, mungkin karena pandemi. Sarapannya biasa saja tidak terlalu meriah. Terima kasih.",Diulas 239 minggu lalu
https://www.traveloka.com/id-id/user/review/consumption/HOTEL/GENERAL/71859,6,40,Kamar nyaman dan bersih. Tetapi makanan agak kurang bervariasi dan rasanya agak kurang.,Diulas 239 minggu lalu
https://www.traveloka.com/id-id/user/review/consumption/HOTEL/GENERAL/71859,7,1,"Keramahan pegawai hotel, kenyamanan hotel, di tengah kota tetapi tidak bising. Namun, wifi nya tidak berjalan dengan baik.",Diulas 240 minggu lalu
https://www.traveloka.com/id-id/user/review/consumption/HOTEL/GENERAL/71859,7,2,"Wifinya sulit untuk terkoneksi dengan baik, kesetnya kotor.",Diulas 240 minggu lalu
https://www.traveloka.com/id-id/user/review/consumption/HOTEL/GENERAL/71859,7,3,Nyaman tempatnya rapi dan bersih.,Diulas 240 minggu lalu
https://www.traveloka.com/id-id/user/review/consumption/HOTEL/GENERAL/71859,7,4,"Kamarnya rapi, suasananya nyaman, fasilitas lengkap tapi masih ada beberapa alat yang rusak, seperti remote AC, makanannya kurang beragam juga tapi overall okelah",Diulas 240 minggu lalu
https://www.traveloka.com/id-id/user/review/consumption/HOTEL/GENERAL/71859,7,5,Semua keluarga Puas banget. Next time mau menginap di sini lagi.,Diulas 241 minggu lalu
https://www.traveloka.com/id-id/user/review/consumption/HOTEL/GENERAL/71859,7,6,"Response cepat, receptionis ramah, kamar looks ok, lokasi gampang dicari dan dekat ke lokasi kuliner vaforit, harga fair, makanan yang saya suka, cuma karena masa pandemi ini, process nya yang beda, sehingga anak-anak saya agak kurang bisa ber ekpressi menikmati breakfast khas Santika. Overall layak bintang 5, recommended hotel.",Diulas 241 minggu lalu
https://www.traveloka.com/id-id/user/review/consumption/HOTEL/GENERAL/71859,7,7,"Walaupun hotel nya sudah lama tapi masih nyaman untuk tempat menginap keluarga, dan kamar nya bersih dan luas kolam renang sangat bersih tetapi kaporit mya terlalu banyak.",Diulas 241 minggu lalu
https://www.traveloka.com/id-id/user/review/consumption/HOTEL/GENERAL/71859,7,8,"Pengalaman yang menyenangkan, staff yang ramah, saya dibawakan kue ultah oleh pihak hotel, terima kasih. Ac kamar dingin, kamar bersih dan nyaman. Kasur dan bantal nyaman ditiduri. Pasti akan kembali lagi lain waktu & merekomendasikan ke teman-teman:).",Diulas 243 minggu lalu
https://www.traveloka.com/id-id/user/review/consumption/HOTEL/GENERAL/71859,7,9,Singgah di hotel ini so far so good. Makanannya enak. Staff nya semua ramah. Room service nya fast respon. Prokes nya juga tertib. Kamar nya bersih. Cari apa saja yang dibutuhkan ga sulit karena dekat kemana². Terima kasih Santika Cirebon. Semoga lain waktu bisa menginap di hotel ini lagi.,Diulas 244 minggu lalu
https://www.traveloka.com/id-id/user/review/consumption/HOTEL/GENERAL/71859,7,10,"Sarapan nya enak dan good, kamarnya bersih dan lain-lain.",Diulas 244 minggu lalu
https://www.traveloka.com/id-id/user/review/consumption/HOTEL/GENERAL/71859,7,11,Menyenangkan semua lancar. WiFi. Air. Enggak ada macetnya. Staffnya juga ramah. Breakfastnya okelah.,Diulas 245 minggu lalu
https://www.traveloka.com/id-id/user/review/consumption/HOTEL/GENERAL/71859,7,12,"Hotel secara keseluruhan besih, hanya lantai kamar sayang tidak pakai karpet atau pinil kayu. Staf ramah, saya diberikan room 1 tingkat di atas pesanan secara gratis. Makanan enak, lokasi strategis. Baru pertama menginap di hotel ini kesan sangat menyenangkan, ada fasilitas cuci mobil saat cek out mobil bersih pertahankan service cuci mobilnya. Terima kasih santika cirebon, sukses terus!",Diulas 245 minggu lalu
https://www.traveloka.com/id-id/user/review/consumption/HOTEL/GENERAL/71859,7,13,"Biasa nginep di hotel santika. Baru kali ini liburan nyoba di santika cirebon. Harga lumayan gak murah. Tapi breakfast kurang mantap. Makanan kurang variatif, rasa lumayan, banyak menu yang abis. Ngirit. Yang lainnya ok. Akomodasi nomer 1",Diulas 246 minggu lalu
https://www.traveloka.com/id-id/user/review/consumption/HOTEL/GENERAL/71859,7,14,Pelayanan ramah. Kamar luas. Resepsionis sangat membantu. Akomodasi ok. Breakfast aja yang kurang.,Diulas 246 minggu lalu
https://www.traveloka.com/id-id/user/review/consumption/HOTEL/GENERAL/71859,7,15,"Kamarnya luas, kolam renang bersih, parkir luas, prokes dijalankan, staf ramah. Sehari menginap di sini, nyaman dan menyenangkan.",Diulas 247 minggu lalu
https://www.traveloka.com/id-id/user/review/consumption/HOTEL/GENERAL/71859,7,16,Air panas di kamar mandi tidak mengalir.,Diulas 248 minggu lalu
https://www.traveloka.com/id-id/user/review/consumption/HOTEL/GENERAL/71859,7,17,"Mantul, nyaman. Tapi lantai 4 sinyal susah wifi juga ilang-ilangan. But not bad.",Diulas 249 minggu lalu
https://www.traveloka.com/id-id/user/review/consumption/HOTEL/GENERAL/71859,7,18,"Hotelnya klasik, fasilitanya cukup oke, karena efek pandemi dan ppkm darurat di pulau jawa bikin hotel tambah sepi dan beberapa fasilitas ditutup untuk tetap menjaga prokes.",Diulas 254 minggu lalu
https://www.traveloka.com/id-id/user/review/consumption/HOTEL/GENERAL/71859,7,19,"Pelayanan ramah, view keren, balkon kamar langsung pemandangan gunung ciremai, kolam renang bagus, protokol kesehatan ok. Sarapan menunya ga terlalu banyak tp enak. Anak-anak pengen balik lagi pastinya, next nunggu dapet harga murah lagi insha allah kesini lagi.",Diulas 256 minggu lalu
https://www.traveloka.com/id-id/user/review/consumption/HOTEL/GENERAL/71859,7,20,"Sangat di sayangkan, Hotel ini adalah langganan kami setiap ke cirebon, setiap tahun kami rutin ke cirebon sebelum Covid dan selalu menginap di hotel ini. Terakhir kami menginap 2019, setelah 2 tahun kondisi hotel sangat memprihatinkan. Walaupun pelayanan dari staff sangat baik tetapi tidak menutupi bahwa hotel ini butuh renovasi dan banyak perawatan. Pada dasarnya Hotel Santika Cirebon tetap jadi hotel Favorit kami di cirebon. Semoga Pandemic berakhir dan pelayanan hotel kembali normal. Terima kasih Santika Cirebon.",Diulas 256 minggu lalu
https://www.traveloka.com/id-id/user/review/consumption/HOTEL/GENERAL/71859,7,21,"Bangunan lama sangat perlu untuk renovasi, bed sheet, handuk lama sudah harus diganti, di kamar banyak semut gula, drainage agak macet, aircon perlu maintenance, please improve.",Diulas 256 minggu lalu
https://www.traveloka.com/id-id/user/review/consumption/HOTEL/GENERAL/71859,7,22,"Saya dan anak saya sangat menikmati menginap semalam di Santika. Staff nya ramah, lokasinya di pusat kota, dekat dengan kantor direksi RNI2. Air dan WiFi lancar, AC dingin. Kolam renang bersih. Semuanya ok. Kebersihan lebih ditingkatkan ya.",Diulas 257 minggu lalu
https://www.traveloka.com/id-id/user/review/consumption/HOTEL/GENERAL/71859,7,23,"Hotel terlihat tua kurang terawat, banyak spot yang gelap. Pengalaman saya saat berpapasan dengan tamu lain menuju kamar, kurang nyaman karena koridor sempit. Wifi kurang lancar. Pelayanan good, sarapan lumayan. Bawa kendaraan pribadi, pagi nya di bersihkan/cuci oleh pihak hotel. Terima kasih service nya.",Diulas 258 minggu lalu
https://www.traveloka.com/id-id/user/review/consumption/HOTEL/GENERAL/71859,7,24,"Sangat menyenangkan menginap di Hotel Santika. Stafnya sangat ramah dan pelayanannya sangat baik. Saya bahkan mendapat kue ulang tahun kejutan dari Staf Hotel, Terima kasih dan luar biasa! Kolam renangnya sangat besar dan sangat bersih, kamar dan bangunannya klasik tetapi sangat Hommy! Pasti akan kembali lagi!",Diulas 258 minggu lalu
https://www.traveloka.com/id-id/user/review/consumption/HOTEL/GENERAL/71859,7,25,"Lokasi mudah di temukan, staff ramah, pagi-pagi mobil di cuci, sayang tempatnya rada berdebu dan kamar bau mungkin karena pasca pandemi kelaman kosong.",Diulas 259 minggu lalu
https://www.traveloka.com/id-id/user/review/consumption/HOTEL/GENERAL/71859,7,26,"Proses check in cepat, staff nya ramah dan cepat tanggap, makanan lumayan, gak nyesel 2 malam nginep di sini bersama keluarga besar.",Diulas 259 minggu lalu
https://www.traveloka.com/id-id/user/review/consumption/HOTEL/GENERAL/71859,7,27,"Sayang, koneksi wifinya kurang bagus",Diulas 259 minggu lalu
https://www.traveloka.com/id-id/user/review/consumption/HOTEL/GENERAL/71859,7,28,"Nyaman, ramah untuk keluarga dan anak anak, meski saluran air di wastafel agak tersendat dan showerny bocor. Tapi secara keseluruhan nyaman",Diulas 259 minggu lalu
https://www.traveloka.com/id-id/user/review/consumption/HOTEL/GENERAL/71859,7,29,"Kamar-kamarnya bersih, stafnya mengikuti prosedur kesehatan, terutama saat sarapan.",Diulas 259 minggu lalu
https://www.traveloka.com/id-id/user/review/consumption/HOTEL/GENERAL/71859,7,30,"Tidak terawat dengan baik, sangat berdebu, nasi gorengnya hambar, tetapi ada tempat tidur yang nyaman, kamar mandi yang bagus, dan petugas yang membantu, cuci mobil jadi di pagi hari mobil Anda sudah bersih.",Diulas 260 minggu lalu
https://www.traveloka.com/id-id/user/review/consumption/HOTEL/GENERAL/71859,7,31,"Makanannya biasa aja rasanya umum banget, juga kurang variasi. Untuk pelayanannya dan kamar oke bersih.",Diulas 260 minggu lalu
https://www.traveloka.com/id-id/user/review/consumption/HOTEL/GENERAL/71859,7,32,"Check in mudah, check out cepat, petugas front line sangat ramah dengan Mas Wardi, air kolam renang tidak dingin, makanan cukup enak, fasilitas kamar berfungsi dengan baik, fasilitas cuci mobil gratis.",Diulas 260 minggu lalu
https://www.traveloka.com/id-id/user/review/consumption/HOTEL/GENERAL/71859,7,33,"Lokasi strategis, kamar bersih, pelayanan ramah. Akan lebih sempurna jika menu sarapan di tambah ragamnya dan di sajikan menu-menu khas Kota Cirebon.",Diulas 260 minggu lalu
https://www.traveloka.com/id-id/user/review/consumption/HOTEL/GENERAL/71859,7,34,Recommended banget karena keluarga saya bisa menikmati fasilitas dengan nyaman,Diulas 261 minggu lalu
https://www.traveloka.com/id-id/user/review/consumption/HOTEL/GENERAL/71859,7,35,"Suka banget suasananya, nyaman untuk hotel tua, lobi bagus, dan bagian terbaiknya mereka mencuci mobil Anda saat Anda tidur 😊",Diulas 264 minggu lalu
https://www.traveloka.com/id-id/user/review/consumption/HOTEL/GENERAL/71859,7,36,Makanan enak kolam renang enak anak-anak suka.,Diulas 264 minggu lalu
https://www.traveloka.com/id-id/user/review/consumption/HOTEL/GENERAL/71859,7,37,"Pelayanannya sangat bagus, staff ramah. Ada kendala sedikit pas mau pesan makanan di restoran, beberapa kali di telepon tidak di angkat-angkat, mungkin karena udah malam dan jumlah staff restorannya terbatas. Sarapan enak dan banyak variasinya. Kamarnya cukup luas dan bersih, hanya saja interior kamar sudah jadul. Overall puas menginap di Santika Cirebon.",Diulas 266 minggu lalu
https://www.traveloka.com/id-id/user/review/consumption/HOTEL/GENERAL/71859,7,38,Layak untuk dijadikan tempat menginap saat di Cirebon. Hotelnya dekat dengan Indomaret dan tempat makan. Kolam renang pun luas. Kamar juga lega. Makanan saat sarapan pun enak dan ber variasi.,Diulas 267 minggu lalu
https://www.traveloka.com/id-id/user/review/consumption/HOTEL/GENERAL/71859,7,39,"Recommended untuk pilihan menginap, dekat minimarket, ada tempat makan juga persis di sebrangnya. Proses check in cepat, kebersihan oke, mobil pun dicuciin, parkiran free, kolam renang besar, makanan saat breakfast meski pandemi tapi opsinya lumayan banyak.",Diulas 267 minggu lalu
https://www.traveloka.com/id-id/user/review/consumption/HOTEL/GENERAL/71859,7,40,"Secara umum nyaman,prokesnya juga oke, swimming pool nyaman utk anak2,dan citarasa makanan saat breakfast mantap walaupun tdk terlalu bnyk pilihan.",Diulas 267 minggu lalu
https://www.traveloka.com/id-id/user/review/consumption/HOTEL/GENERAL/71859,8,1,Menu Sarapan nya belum se lengkap waktu sebelum pandemi,Diulas 268 minggu lalu
https://www.traveloka.com/id-id/user/review/consumption/HOTEL/GENERAL/71859,8,2,"Hotel yang bagus, pelayanan yang baik. Hanya kamar tua. Mobil itu dicuci di pagi hari.",Diulas 269 minggu lalu
https://www.traveloka.com/id-id/user/review/consumption/HOTEL/GENERAL/71859,8,3,"Hotel Santika Cirebon ini memang hotel yang sudah termasuk lama, perlu direnov mengikuti hotel lain yang lebih moderen. Saya senang menginap di hotel ini AC-nya dingin dengan kota yang sangat panas menurut saya. Senangnya lagi kalau bawa kendaraan pribadi masuk hotel kotor apalagi musim penghujan seperti ini, tetapi keluar dari hotel Santika selalu bersih berapa malampun menginap di hotel ini selalu dicuci free. Saya pindah2 hotel pun tidak ada service cuci mobil, sekalipun menginap di Aston dan Luxton tidak ada service free cuci mobil. Kalau untuk varian makanan memang agak sedikit kurang mungkin karena pandemi ini, tapi untuk rasa masih tergolong ok. Terus dipertahankan dan ditingkatkan kembali.",Diulas 270 minggu lalu
https://www.traveloka.com/id-id/user/review/consumption/HOTEL/GENERAL/71859,8,4,"TOP BAnget,protokol saat pandemi dijaga..👍🏻👍🏻",Diulas 271 minggu lalu
https://www.traveloka.com/id-id/user/review/consumption/HOTEL/GENERAL/71859,8,5,"pelayanan yg cukup baik di masa pandemi.. mobil di cuci semua dari pihak hotel.. makanan yg enak, kolam juga oke, anak-anak senang.. walau ada kendala sedikit di kamar mandi, air menggenang dan yg orang ngebersihin kamar kurang jeli ngebersihin kotorandi meja dan lantai.. terima kasih hotel santika sudah meng-upgrade kamar kami ke executive.. very well services..",Diulas 271 minggu lalu
https://www.traveloka.com/id-id/user/review/consumption/HOTEL/GENERAL/71859,8,6,"Kondisi kamar lumayan bersih dan cukup luas utk ukuran dikelasnya kamar mandi dan fasilitas perlengkapan lengkap, cuma hand shower tdk keluar airnya, breakfast lumayan variasi walaupun masakan nasi campurnya menunya alakadarnya..",Diulas 271 minggu lalu
https://www.traveloka.com/id-id/user/review/consumption/HOTEL/GENERAL/71859,8,7,"Pelayanan sangat bagus,petugas sangat ramah dan sopan.",Diulas 272 minggu lalu
https://www.traveloka.com/id-id/user/review/consumption/HOTEL/GENERAL/71859,8,8,hotel dengan protokol kesehatan yang baik. semua handuk dibungkus plastik. gelas beling diganti jadi gelas kertas. saat sarapan dibantu oleh staff untuk pengambilan makanan. OK banget service nya saat pandemic skg,Diulas 272 minggu lalu
https://www.traveloka.com/id-id/user/review/consumption/HOTEL/GENERAL/71859,8,9,"Saya menghabiskan satu malam di sini dan itu luar biasa! Tinggalkan kesan yang baik untuk pertama kalinya saya menginap di sini. Menu sarapan juga enak, rasanya enak juga. Hebatnya mobil saya bersih saat check-out 😊 Bakal menginap di sini lagi kalau ke Cirebon lagi. Terima kasih...",Diulas 274 minggu lalu
https://www.traveloka.com/id-id/user/review/consumption/HOTEL/GENERAL/71859,8,10,"kamar luas, bersih dan nyaman. Serasa homy karena jendala balkon dibuka bisa mendengar suara burung serta view pool taman. Station TV yg perlu diupdate dan daya tangkap siaran.",Diulas 274 minggu lalu
https://www.traveloka.com/id-id/user/review/consumption/HOTEL/GENERAL/71859,8,11,"Pelayanannya sangat memuaskan ramah, kolam pun bersih nt jika ke cirebon lagi menginap disini lagi dijamin deh. apalagi dapat souvenir?",Diulas 281 minggu lalu
https://www.traveloka.com/id-id/user/review/consumption/HOTEL/GENERAL/71859,8,12,"Kamar luas, pelayanan ramah, tetap mematuhi protokol kesehatan.",Diulas 283 minggu lalu
https://www.traveloka.com/id-id/user/review/consumption/HOTEL/GENERAL/71859,8,13,Saya tidak menginap di hotel ini walaupun saya sudah bayar lunas karena waktu iru saya salah pencet. Saya biasanya tidur di cirebon selalu hotel bintang 4.,Diulas 283 minggu lalu
https://www.traveloka.com/id-id/user/review/consumption/HOTEL/GENERAL/71859,8,14,Saya di kamar 404 selang di wc kalau dinyalakan bocor jadinya lantai dan celana basah. Mau komplain dan capek akhirnya ketiduran.,Diulas 283 minggu lalu
https://www.traveloka.com/id-id/user/review/consumption/HOTEL/GENERAL/71859,8,15,Saya dapat kamar 404 selang semprot di wc ujung sambungan bocor deras mau minta pindah kamar dan kecapekan langsung tidur. paginya check-out.,Diulas 284 minggu lalu
https://www.traveloka.com/id-id/user/review/consumption/HOTEL/GENERAL/71859,8,16,Internet WiFi sangat jelek sehingga harus menggunakan kuota sendiri. Makanan terbatas sekali dan tidak sesuai dengan harga di atas 500 ribu.,Diulas 284 minggu lalu
https://www.traveloka.com/id-id/user/review/consumption/HOTEL/GENERAL/71859,8,17,"Menyenangkan bisa early check-in, fasilitas kolam renang dan tempat gymnya bagus. Untuk sarapan dikarenakan pandemi pilihan menunya terbatas. Mudah-mudahan pandemi segera berakhir.",Diulas 286 minggu lalu
https://www.traveloka.com/id-id/user/review/consumption/HOTEL/GENERAL/71859,8,18,"Varian menu sarapan, jauh berkurang. Peremajaan perabotan kurang. Untuk staf dan keramahan tetap 👍",Diulas 290 minggu lalu
https://www.traveloka.com/id-id/user/review/consumption/HOTEL/GENERAL/71859,8,19,"Nyaman, bersih dan sesuai.",Diulas 292 minggu lalu
https://www.traveloka.com/id-id/user/review/consumption/HOTEL/GENERAL/71859,8,20,"Cukup nyaman dan bersih, dan sesuai.",Diulas 292 minggu lalu
https://www.traveloka.com/id-id/user/review/consumption/HOTEL/GENERAL/71859,8,21,"Nyaman, ramah, parkir luas, mobilnya di bersihkan setiap pagi, wifinya lambat.",Diulas 293 minggu lalu
https://www.traveloka.com/id-id/user/review/consumption/HOTEL/GENERAL/71859,8,22,"1. Kolam renang tidak berfungsi karena katanya ada perbaikan, tapi sudah berapa lama? 2. Lubang drain kamar mandi tidak lancar, sehingga air mandi menggenang lama.",Diulas 293 minggu lalu
https://www.traveloka.com/id-id/user/review/consumption/HOTEL/GENERAL/71859,8,23,"Kamar luas, bersih nyaman, AC dingin, air hangat maksimal, pelayanan ramah, makanan enak, memuaskan.",Diulas 295 minggu lalu
https://www.traveloka.com/id-id/user/review/consumption/HOTEL/GENERAL/71859,8,24,"Ruangan itu sangat bersih dan nyaman. Hotel melakukan protokol kesehatan dengan benar yang membuat kami merasa aman. Saya tahu ini adalah hotel tua, tetapi mereka tetap memelihara fasilitas dengan sangat baik.",Diulas 297 minggu lalu
https://www.traveloka.com/id-id/user/review/consumption/HOTEL/GENERAL/71859,8,25,Hotel melakukan protokol kesehatan dengan baik. Kamar bersih dan fasilitas seperti handuk dibungkus plastik setiap hari.,Diulas 297 minggu lalu
https://www.traveloka.com/id-id/user/review/consumption/HOTEL/GENERAL/71859,8,26,Banyak halnya kurang menyenangkan.,Diulas 297 minggu lalu
https://www.traveloka.com/id-id/user/review/consumption/HOTEL/GENERAL/71859,8,27,Pelayanan bagus dan kamar bersih.,Diulas 299 minggu lalu
https://www.traveloka.com/id-id/user/review/consumption/HOTEL/GENERAL/71859,8,28,"Saya menginap di hotel santika cirebon sangat menyenangkan, dan untuk makanan sewaktu breakfast sangat tidak variatif dan jenis makanan yang disajikan tidak begitu banyak, overall mantap. Terima kasih hotel santika cirebon.",Diulas 300 minggu lalu
https://www.traveloka.com/id-id/user/review/consumption/HOTEL/GENERAL/71859,8,29,"Di masa pandemi yang masih beralangsung, hotel santika cirebon sangat memperhatikan protokol kesehatan kepada seluruh tamu dengan layanan terbaik. Mulai dari wastafel dan hand sanitizer, handuk yang dibungkus plastik, sarapan yang diambilkan, dan lain sebagainya.",Diulas 300 minggu lalu
https://www.traveloka.com/id-id/user/review/consumption/HOTEL/GENERAL/71859,8,30,"Hotelnya asri dan nyaman. Memperhatikan protokol kesehatan pencegahan covid-19 terutama pada saat sarapan. saran, Harus diingatkan tamu yang menginap untuk selalu dan wajib menggunakan masker di tempat umum.",Diulas 300 minggu lalu
https://www.traveloka.com/id-id/user/review/consumption/HOTEL/GENERAL/71859,8,31,Hotel ini memiliki konsep klasik dengan gaya arsitektur tradisional Jawa Barat. hotel yang cukup bersih dengan perlindungan pandemi yang baik. para pekerjanya juga ramah dan sopan. layanan pembersihan mobil juga tersedia. masih bisa menjadi salah satu rekomendasi penginapan saat di Cirebon. kekurangan dari hotel ini adalah pada sarapan yang kurang enak dan menu yang terbatas. Menurut saya kekurangan ini sangat vital. semoga bisa diperbaiki,Diulas 300 minggu lalu
https://www.traveloka.com/id-id/user/review/consumption/HOTEL/GENERAL/71859,8,32,"Makanannya enak walaupun kurang variatif, gedung hotel sudah agak tua tua cuma terawat baik, AC dingin, lokasi strategis, mobil pagi-pagi sudah dicuciin. Dengan harga yang cukup terjangkau hotel ini boleh direkomendasikan.",Diulas 300 minggu lalu
https://www.traveloka.com/id-id/user/review/consumption/HOTEL/GENERAL/71859,8,33,"Parkir luas, dekorasi hotel bagus, kamar baru renov, AC menggigil, TV kabel, makanan lezat, gym luas komplet, pool gede, minta room pool view keren asri mantap, tidak bisa ke lain hati thank you.",Diulas 301 minggu lalu
https://www.traveloka.com/id-id/user/review/consumption/HOTEL/GENERAL/71859,8,34,"mendapat kamar 412. AC tidak berfungsi dengan baik (tidak panas, tapi tidak sedingin AC biasa) dan bahkan setelah memanggil teknisi, tetap saja, kamar terasa seperti menggunakan kipas angin. malas pindah ke kamar lain, tidak ada tawaran juga dari hotel. di pagi hari, saya melihat kelabang besar berjalan di sudut kamar. harus membunuhnya. pengalaman yang menakutkan bagi seseorang yang membenci serangga berkaki banyak!",Diulas 301 minggu lalu
https://www.traveloka.com/id-id/user/review/consumption/HOTEL/GENERAL/71859,8,35,"protokol covid yang baik, kamar bersih",Diulas 301 minggu lalu
https://www.traveloka.com/id-id/user/review/consumption/HOTEL/GENERAL/71859,8,36,"Keseluruhan hotel sebenarnya cukup baik, tapi kebersihan kamar kurang diperhatikan. Lantai sangat berdebu, kaki sampai kotor hitam-hitam. Ruang kamar agak pengap seperti sudah lama tidak pernah dibuka.",Diulas 302 minggu lalu
https://www.traveloka.com/id-id/user/review/consumption/HOTEL/GENERAL/71859,8,37,"Menginap untuk kedua kalinya setelah lama tidak menginap karena situasi covid dan masih disayangkan biasanya weekend ada live music, saat ini tidak ada dan breakfast pun diberi beberapa pilihan menu dan hanya dapat dikirim ke kamar hotel atau sarapan di ruang tempat breakfast, yang lainnya good, pelayanan ramah dan sigap malah minta coffee saat breakfast dikasih padahal juice pun dapat double semoga covid segera berlalu agar situasi di hotel kembali normal.",Diulas 304 minggu lalu
https://www.traveloka.com/id-id/user/review/consumption/HOTEL/GENERAL/71859,8,38,"Nyaman, dan proses check-in cepat. very good service. Protokol kesehatannya di jalankan dari mulai front office.",Diulas 305 minggu lalu
https://www.traveloka.com/id-id/user/review/consumption/HOTEL/GENERAL/71859,8,39,"Pelayanan memuaskan kamar bersih dan luas. Makanan lumayan enak. Dikarenakan pandemi covid 19 jadi tidak tersedia menu buffet, so far memuaskan.",Diulas 305 minggu lalu
https://www.traveloka.com/id-id/user/review/consumption/HOTEL/GENERAL/71859,8,40,Hanya saat breakfast dikarenakan covid ini untuk yang diantar ke kamar kurang variasi untuk makanannya saja selebihnya puas banget.,Diulas 305 minggu lalu
https://www.traveloka.com/id-id/user/review/consumption/HOTEL/GENERAL/71859,9,1,"Salah satu hotel dengan protokol kesehatan disaat pandemic kini, saya tidak keberatan dengan sarapan dikirim ke kamar dan bebrapa langkah antisipasi dari mulai masuk hotel.",Diulas 306 minggu lalu
https://www.traveloka.com/id-id/user/review/consumption/HOTEL/GENERAL/71859,9,2,breakfast ditiadakan karena covid,Diulas 306 minggu lalu
https://www.traveloka.com/id-id/user/review/consumption/HOTEL/GENERAL/71859,9,3,"WiFi parah jeleknya, terkesan banget hotel lama keliatan sekali, mungkin masa pandemi juga, jadi terkesan kurang terawat. lainnya oke.",Diulas 307 minggu lalu
https://www.traveloka.com/id-id/user/review/consumption/HOTEL/GENERAL/71859,9,4,Hotel tua. Namun cukup nyaman.,Diulas 307 minggu lalu
https://www.traveloka.com/id-id/user/review/consumption/HOTEL/GENERAL/71859,9,5,Hotel nyaman namun karena corona breakfast buffet ditiadakan.,Diulas 307 minggu lalu
https://www.traveloka.com/id-id/user/review/consumption/HOTEL/GENERAL/71859,9,6,"Selalu nyaman disini, ruang kamar dan toilet sudah baru habis renov, AC dingin, TV pun baru sarapan walau masih dine in room.",Diulas 307 minggu lalu
https://www.traveloka.com/id-id/user/review/consumption/HOTEL/GENERAL/71859,9,7,"Tempat yang luar biasa untuk menginap, lokasi yang bagus. Saya lebih suka tinggal di sini daripada hotel yang mahal setiap hari. Dan semua staf sangat ramah dan baik. Hotel yang direkomendasikan untuk menginap di Cirebon! terima kasih hotel santika cirebon atas keramahannya! sampai kita berjumpa lagi!",Diulas 323 minggu lalu
https://www.traveloka.com/id-id/user/review/consumption/HOTEL/GENERAL/71859,9,8,"Point+ront desk, bell boy sangat ramah, interior lobby bersih, kamar bersih, kolam renang air hangat, breakfast standar, Serunya mobil yang di parkir dan di bersihkan point: perlu diperbaiki area sauna dan toilet bilas kolam renang karena kotor dan kurang terawat, Untuk restoran diperbanyak variasi menu makanannya.",Diulas 326 minggu lalu
https://www.traveloka.com/id-id/user/review/consumption/HOTEL/GENERAL/71859,9,9,"Pelayanan yang ramah, ruangan nyaman.",Diulas 327 minggu lalu
https://www.traveloka.com/id-id/user/review/consumption/HOTEL/GENERAL/71859,9,10,"Kamarnya sangat bersih dan nyaman, lingkungannya yang hijau menyejukkan. Secara keseluruhan sangat menyenangkan menginap di hotel ini. Minusnya hanya kolam renangnya kotor sekali (mungkin karena sedang musim hujan). Thank you.",Diulas 328 minggu lalu
https://www.traveloka.com/id-id/user/review/consumption/HOTEL/GENERAL/71859,9,11,Kolam renang airnya hangat ada sauna gratis kamar luas.,Diulas 328 minggu lalu
https://www.traveloka.com/id-id/user/review/consumption/HOTEL/GENERAL/71859,9,12,Hotel bangunan lama tetapi terawat dengan baik apalagi view kolam renangnya itu yang bikin happy anak-anak. Terusok pagi-pagi mobil sudah ginclong ada yang lapin seorang bapak yang tidak meminta imbalan. Ini service yang berbeda dari hotel lain.,Diulas 328 minggu lalu
https://www.traveloka.com/id-id/user/review/consumption/HOTEL/GENERAL/71859,9,13,"Hotel tua tapi terawat, bersih, sayang banget kolamnya lagi tidak bisa dipake sarapan enak, banyak variasinya.",Diulas 328 minggu lalu
https://www.traveloka.com/id-id/user/review/consumption/HOTEL/GENERAL/71859,9,14,"Kami tiba di 11:00, dan semua staf masih berdiri dan membantu seperti 11:00 😍",Diulas 329 minggu lalu
https://www.traveloka.com/id-id/user/review/consumption/HOTEL/GENERAL/71859,9,15,"AC kamarnya tidak dingin, mohon diperhatikan fasilitasnya sebelum tamu masuk.",Diulas 329 minggu lalu
https://www.traveloka.com/id-id/user/review/consumption/HOTEL/GENERAL/71859,9,16,Kolam renang butek banget warnanya hijau...,Diulas 329 minggu lalu
https://www.traveloka.com/id-id/user/review/consumption/HOTEL/GENERAL/71859,9,17,"Menyenangkan dan luar biasa seperti biasa. Makanan selalu lezat, tempat tidur sangat nyaman, kamar bersih, dan saya suka suasana klasik hotel.",Diulas 330 minggu lalu
https://www.traveloka.com/id-id/user/review/consumption/HOTEL/GENERAL/71859,9,18,"Tidak sempat ambil foto, seperti yang kita tahu, hotel santika termasuk hotel yang cukup lama. tapi overall, tempatnya nyaman buat saya, Lingkungan bersih, makanan juga enak, kolam renang luas dan nyaman, ada fasilitas petugas kebersihan untuk cuci mobil, senang sekali. Lokasi juga di pusat kota. Hanya saja pada bathroomnya shower handnya yang tidak berfungsi di kamar yang saya tempati. tapi untuk semuanya saya nyaman. Terima kasih.",Diulas 330 minggu lalu
https://www.traveloka.com/id-id/user/review/consumption/HOTEL/GENERAL/71859,9,19,"Karena kondisi bangunan hotel yang sudah cukup lama (informasinya sudah lebih dari 25 tahun). Maka kondisi kamar pun juga sudah kurang nyaman, pendingin ruangan sudah rusak. Kamar yang saya tempati suhunya sangat dingin dengan fan yang paling besar, untuk menurunkan suhu ruangan, alat kontrol di kamar sudah rusak. Respon teknisi yang saya panggil sangat cepat. Tapi untuk memperbaikinya butuh waktu yang lumayan. Termasuk fasilitas fitness centre dengan peralatan yang sudah lumayan lama, kondisi ruangannya juga kurang nyaman, tapi harus diapresiasi. Petugas layanan sangat ramah. salut dengan sopan santunnya.",Diulas 330 minggu lalu
https://www.traveloka.com/id-id/user/review/consumption/HOTEL/GENERAL/71859,9,20,"Akomodasi yang bersih ini bagus untuk liburan bersama keluarga dan teman-teman, letaknya yang strategis dekat dengan keraton-keraton cirebon, Tempat kuliner/oleh-oleh khas setempat dan pusat kota.",Diulas 330 minggu lalu
https://www.traveloka.com/id-id/user/review/consumption/HOTEL/GENERAL/71859,9,21,"Pengalaman menginap 2 malam yang memuaskan di hotel santika cirebon. Memang perabotan sedikit tua dan penerangan di lobby kurang terang di malam hari, tetapi kamar tergolong luas dan bersih, Dengan air mineral 4 botol yang lebih dari cukup untuk kebutuhan personal. Ada live music di malam hari. Variasi sarapan banyak, enak dengan kualitas baik. tidak mencoba berenang, tetapi kolam renang indah dan bersih. Sedikit heran kenapa hotel dengan kualitas seperti ini hanya bintang. 3. akan kembali lagi ke santika jika berkunjung ke cirebon.",Diulas 332 minggu lalu
https://www.traveloka.com/id-id/user/review/consumption/HOTEL/GENERAL/71859,9,22,"Hotel ini sangat nyaman. Menu makan paginya juga beragam, bermacan fasilitas dapat dimandarkan.",Diulas 332 minggu lalu
https://www.traveloka.com/id-id/user/review/consumption/HOTEL/GENERAL/71859,9,23,"Bersih, rapi makanannya pun sesuai.",Diulas 332 minggu lalu
https://www.traveloka.com/id-id/user/review/consumption/HOTEL/GENERAL/71859,9,24,"Pengalaman kami menginap di Hotel Santika : - Saya Bersama istri dan 2 putri kami memesan 2 unit kamar , fasilitas wifi dan kebersihan kamar serta kamar mandi cukup bagus - Menu sarapan sangat komplit dengan cita rasa yg khas - Keramahan receptionis, dan petugas lain cukup baik - Harga terjangkau dan sesuai",Diulas 332 minggu lalu
https://www.traveloka.com/id-id/user/review/consumption/HOTEL/GENERAL/71859,9,25,"Suasana hotel menyenangkan, makanan perlu ditingkatkan lagi.",Diulas 333 minggu lalu
https://www.traveloka.com/id-id/user/review/consumption/HOTEL/GENERAL/71859,9,26,"Pertama kali ke sini tahun 2009. Lalu saat natal 2019 kemarin kamai pun kembali menginap di sini. interiornya tidak berubah, masih sama seperti 10 tahun lalu, kamar rapi dan bersih, Yang agak susah kuncinya, karena kuncinya masih semi-manual, tidak seperti kunci zaman sekarang yang tinggal tap kartu saja. pelayanannya juga masih oke. Dan karena datangnya saat liburan natal, kami dapat compliment berupa cookies ginger bread man, definitely will come here again.",Diulas 333 minggu lalu
https://www.traveloka.com/id-id/user/review/consumption/HOTEL/GENERAL/71859,9,27,"Kami sekeluarga kalau ke kota cirebon selalu menginap di hotel Santika krn lokasi, kamar bagus kamar mandi bersih serta pelayanannya memuaskan, tapi pada saat liburan sekolah bulan Desember 2019 ada yang tidak menyenangkan di menu sarapan paginya, menunya tidak sebaik dan sebagus waktu kami menginap sebelumnya, menunya banyak yang kurang tidak termonitor padahal waktu itu masih jam 7 pagi yang sarapan pagi pun belum begitu banyak.",Diulas 333 minggu lalu
https://www.traveloka.com/id-id/user/review/consumption/HOTEL/GENERAL/71859,9,28,"Staf hotel ramah, kamar bersih, mantap.",Diulas 334 minggu lalu
https://www.traveloka.com/id-id/user/review/consumption/HOTEL/GENERAL/71859,9,29,Baik sudah punya nama tapi makanan kurang banyak macam menu masakannya.,Diulas 334 minggu lalu
https://www.traveloka.com/id-id/user/review/consumption/HOTEL/GENERAL/71859,9,30,"Banyak binatang kecil mirip kecoa di dalam kamar di samping kasur, di kamar mandi, dan di teras lorong kamarnya. Sudah minta dibersihkan, tapi masih tetap muncul juga binatangnya. Dan WiFi juga tidak berfungsi, sudah panggil teknisi tetap tidak berfungsi di dalam kamar.",Diulas 334 minggu lalu
https://www.traveloka.com/id-id/user/review/consumption/HOTEL/GENERAL/71859,9,31,"Overall oke, santika hotel cirebon, hotwl lama tapi banyak tanaman bikin sejuk, kamar sesuai rqst, checkin checkout cepet ga sampe 30 menit, cuma untuk kulkas di kamar perlu peremajaan, ga dingin kulkas nya, kolam renang bersih, staff ramah, penjemputan di stasiun tepat waktu banget, makasih santika dan traveloka",Diulas 334 minggu lalu
https://www.traveloka.com/id-id/user/review/consumption/HOTEL/GENERAL/71859,9,32,"Hotel bagus bersih, kamar bersih dingin, pelayanan memuaskan ramah, mobil juga dibersihkan, kolam renang bersih, makanan variasi sedikit tp alhamdulilah cukup untuk sarapan.. Next ke sini lagi..😍😍",Diulas 334 minggu lalu
https://www.traveloka.com/id-id/user/review/consumption/HOTEL/GENERAL/71859,9,33,"Lokasi strategis, menu breakfast beragam dan cukup enak, ruang makan non smoking area alangkah baiknya jika diperluas agar lebih nyaman. Pelayanan ramah, overall it's a nice hotel.",Diulas 334 minggu lalu
https://www.traveloka.com/id-id/user/review/consumption/HOTEL/GENERAL/71859,9,34,kamar dan layanannya luar biasa tapi rasanya makanannya tidak seperti hotel santika lain di kota lain yang memiliki rasa yang enak. tolong tingkatkan rasa makanannya.,Diulas 334 minggu lalu
https://www.traveloka.com/id-id/user/review/consumption/HOTEL/GENERAL/71859,9,35,"Staf-nya ramah serta helpful, sarapan banyak variannya, air kolam renang hangat, spacious room dan bersih, lokasi dijantung kota Cirebon. Recommended hotel untuk keluarga!",Diulas 334 minggu lalu
https://www.traveloka.com/id-id/user/review/consumption/HOTEL/GENERAL/71859,9,36,"Lokasi bagus, interior kamar tidur sudah tua/lama, breakfast sangat sederhana, pelayanan ramah.",Diulas 335 minggu lalu
https://www.traveloka.com/id-id/user/review/consumption/HOTEL/GENERAL/71859,9,37,"Hotel yang excellent, pelayanan memuaskan. Bangunan gedung lama yang terawat dengan sangat baik. Air kolam renang lumayan hangat.",Diulas 335 minggu lalu
https://www.traveloka.com/id-id/user/review/consumption/HOTEL/GENERAL/71859,9,38,"baik, puas dengan kamar, layanan, dan sarapan kami .. dan juga kami telah merencanakan untuk kembali di hotel ini pada Januari 2020 ..",Diulas 335 minggu lalu
https://www.traveloka.com/id-id/user/review/consumption/HOTEL/GENERAL/71859,9,39,"karyawan ramah, kamar ok, fasilitas ok, minus hanya di sinyal tv yg suka ilang²an. overall ok lah",Diulas 335 minggu lalu
https://www.traveloka.com/id-id/user/review/consumption/HOTEL/GENERAL/71859,9,40,Hotelnya nyaman dan berada di pusat kota. Pelayanan ramah.,Diulas 335 minggu lalu
https://www.traveloka.com/id-id/user/review/consumption/HOTEL/GENERAL/71859,10,1,Hotel yang bagus di Cirebon dengan fasilitas yang sangat baik. Saya telah tinggal di sini selama beberapa waktu sementara saya mengunjungi Cirebon. Tempat yang direkomendasikan untuk perjalanan keluarga &amp; bisnis,Diulas 336 minggu lalu
https://www.traveloka.com/id-id/user/review/consumption/HOTEL/GENERAL/71859,10,2,"AC kamar panas sudah panggil teknisi di cek, AC kembali dingin. Terima kasih tapi malam panas kembali sampai kami cekout.",Diulas 337 minggu lalu
https://www.traveloka.com/id-id/user/review/consumption/HOTEL/GENERAL/71859,10,3,"Overall menginap di hotel santika cirebon oke banget. Dari mulai kolam renang airnya hangat jadi betah lama-lama berenang, sarapannya juga the best deh disuguhi iringan live music. Thanks Traveloka and hotel Santika.",Diulas 339 minggu lalu
https://www.traveloka.com/id-id/user/review/consumption/HOTEL/GENERAL/71859,10,4,"Karena lagi proses renovasi gedung, suara kegiatan pekerjaan masuk ke kamar, overall memuaskan.",Diulas 340 minggu lalu
https://www.traveloka.com/id-id/user/review/consumption/HOTEL/GENERAL/71859,10,5,"Sangat membantu selama masa tinggal saya yang lama, terima kasih!",Diulas 340 minggu lalu
https://www.traveloka.com/id-id/user/review/consumption/HOTEL/GENERAL/71859,10,6,"Kualitas koneksi wifi buruk. Makanan tidak enak sama sekali. Kamar bersih, staf sangat ramah dan membantu. Pusat kebugaran menyediakan banyak pilihan tetapi mesin harus diganti dengan yang baru. Harus ditingkatkan jika ingin dianggap sama dengan Santika lainnya",Diulas 341 minggu lalu
https://www.traveloka.com/id-id/user/review/consumption/HOTEL/GENERAL/71859,10,7,"Pemandangan yang indah, penjemputan dari stasiun Cirebon ke hotel yang ramah dan pelayanan istimewa.",Diulas 344 minggu lalu
https://www.traveloka.com/id-id/user/review/consumption/HOTEL/GENERAL/71859,10,8,Hotel yang bagus untuk menghabiskan waktu bersama keluarga. Atau hanya untuk transit.,Diulas 345 minggu lalu
https://www.traveloka.com/id-id/user/review/consumption/HOTEL/GENERAL/71859,10,9,"untuk properti 26 tahun hotel ini terawat dengan baik, staf yang baik, sarapan yang baik, kamar tidur yang luas, banyak ruang parkir, dan mobil dicuci bersih setiap hari. untuk kualitas dan untuk harga santika cirebon adalah pilihan saya",Diulas 346 minggu lalu
https://www.traveloka.com/id-id/user/review/consumption/HOTEL/GENERAL/71859,10,10,"Bersih, sangat ramah, helpfull, kamar luas. Datang-datang ada welcome drink dan handuk dingin, proses check-in cepat, kolam renang besar, sarapan enak.",Diulas 349 minggu lalu
https://www.traveloka.com/id-id/user/review/consumption/HOTEL/GENERAL/71859,10,11,"Nyaman, staffnya ramah, makanannya enak.",Diulas 350 minggu lalu
https://www.traveloka.com/id-id/user/review/consumption/HOTEL/GENERAL/71859,10,12,"Hotelnya bersih, menu sarapannya enak, dan orang-orangnya ramah. Lokasi hotelnya ditengah kota jadi kita mau kemana aja aksesnya mudah. Kolam renang di hotelnya juga bersih dan cukup besar untuk anak-anak berenang. Semua jendela kamar menghadap ke kolam renang, jadi dari jendela kamar bisa lihat anak-anak berenang.",Diulas 350 minggu lalu
https://www.traveloka.com/id-id/user/review/consumption/HOTEL/GENERAL/71859,10,13,Makanannya kurang enak dan ada yang basi.,Diulas 351 minggu lalu
https://www.traveloka.com/id-id/user/review/consumption/HOTEL/GENERAL/71859,10,14,"Hotel yang ramah anak, adem, pelayanan oke, kolam renang bagus, standard shantika premiere.",Diulas 351 minggu lalu
https://www.traveloka.com/id-id/user/review/consumption/HOTEL/GENERAL/71859,10,15,"Pengalaman sebelumnya, menginap di santika cukup bagus fasilitasnya. Tapi kemarin, rasanya banyak kurang. Mungkin karena barang-barang banyak yang naik harganya, jadi hotel pun menyesuaikan. jadi ya. Rasanya biasa saja.",Diulas 351 minggu lalu
https://www.traveloka.com/id-id/user/review/consumption/HOTEL/GENERAL/71859,10,16,"hotel yang bagus, pelayanan yang baik, staf juga membersihkan mobil kami. perlu meningkatkan hanya untuk varian dari makanan untuk sarapan, meskipun rasa makanan itu baik.",Diulas 351 minggu lalu
https://www.traveloka.com/id-id/user/review/consumption/HOTEL/GENERAL/71859,10,17,"Kamar cukup bersih, AC dingin, breakfast lumayan.",Diulas 354 minggu lalu
https://www.traveloka.com/id-id/user/review/consumption/HOTEL/GENERAL/71859,10,18,"Servicenya oke, ramah, pas check-in langsung dikasi handuk dingin dan wangi yang bikin seger. plus segelas welcome drink, jus mangga gincu. Enak dan seger. Alhamdulillah dapat kamar yang viewnya kolam renang. bagus. makanannya juga enak.",Diulas 356 minggu lalu
https://www.traveloka.com/id-id/user/review/consumption/HOTEL/GENERAL/71859,10,19,"Menyenangkan selama menginap di santika cirebon, pelayanan dan staf ramah. Fasilitas dan kebersihan hotel patut diacungkan jempol, untuk menu breakfast banyak variannya.",Diulas 357 minggu lalu
https://www.traveloka.com/id-id/user/review/consumption/HOTEL/GENERAL/71859,10,20,"Luas, bersih, nyaman, kolam renang luas dan menu sarapannya banyak dan enak.",Diulas 357 minggu lalu
https://www.traveloka.com/id-id/user/review/consumption/HOTEL/GENERAL/71859,10,21,"Pelayanan ramah, bersih dan nyaman.",Diulas 358 minggu lalu
https://www.traveloka.com/id-id/user/review/consumption/HOTEL/GENERAL/71859,10,22,"Perjalanan transit ke jakarta kami menyenangkan, bisa beristirahat dengan nyaman, makannya pun enak, ramah pelayanannya.",Diulas 358 minggu lalu
https://www.traveloka.com/id-id/user/review/consumption/HOTEL/GENERAL/71859,10,23,"Properti sudah tua tapi terawat dengan baik. Makanan sarapan dan layanan kamar rasanya enak. Harga ok, nilai uang.",Diulas 359 minggu lalu
https://www.traveloka.com/id-id/user/review/consumption/HOTEL/GENERAL/71859,10,24,Santika adalah tempat terbaik untuk tinggal selama di Cirebon. Staf yang ramah dan suasana yang nyaman.,Diulas 359 minggu lalu
https://www.traveloka.com/id-id/user/review/consumption/HOTEL/GENERAL/71859,10,25,"Kamar luas, kamar mandi luas dan bersih. Pelayanan ramah. Dikasih khusus handuk untuk berenang.",Diulas 359 minggu lalu
https://www.traveloka.com/id-id/user/review/consumption/HOTEL/GENERAL/71859,10,26,Saya pesan 2 kamar twin dengan special request connecting door untuk keluarga saya. Berhubung yang ada connecting doornya twin bed dan deluxe/setara. Jadi untuk kamar yang satu lagi di upgrade tanpa adanya biaya tambahan supaya tetap dapat room dengan connecting door. Terima kasih hotel santika cirebon.,Diulas 360 minggu lalu
https://www.traveloka.com/id-id/user/review/consumption/HOTEL/GENERAL/71859,10,27,"Hotel indah, suasana menenangkan, staf yang baik, lokasi yang sempurna.",Diulas 360 minggu lalu
https://www.traveloka.com/id-id/user/review/consumption/HOTEL/GENERAL/71859,10,28,Sangat bagus .. Kenyamanan ... Layak,Diulas 361 minggu lalu
https://www.traveloka.com/id-id/user/review/consumption/HOTEL/GENERAL/71859,10,29,"Kamarnya bersih banget, saya paling suka suasana di area kolam renang yang teduh, nyaman.",Diulas 361 minggu lalu
https://www.traveloka.com/id-id/user/review/consumption/HOTEL/GENERAL/71859,10,30,Makanan saat sarapan tidak segar dan membosankan.,Diulas 361 minggu lalu
https://www.traveloka.com/id-id/user/review/consumption/HOTEL/GENERAL/71859,10,31,"Proses check-in mudah, kamarnya pun luas lokasi mudah ditemukan dan pemandangan dari lantai saya bagus.",Diulas 362 minggu lalu
https://www.traveloka.com/id-id/user/review/consumption/HOTEL/GENERAL/71859,10,32,"Hotel bersih termasuk kolam renangnya, makanan oke, pelayanan memuaskan, cuma harga perlu diturunkan sedikit.",Diulas 362 minggu lalu
https://www.traveloka.com/id-id/user/review/consumption/HOTEL/GENERAL/71859,10,33,"Lokasinya strategis, mudah dijangkau, parkiran nyaman, petugasnya ramah-ramah. Kamarnya bersih, luas, nyaman, kamar mandinya bersih, modern. Makanannya enak-enak, lengkap. Kolam berenangnya luas, nyaman untuk keluarga. Surprisenya mobil dicuciin, top banget, baru kali ini dapet pelayanan hotel yg luar biasa, recomended 👍",Diulas 363 minggu lalu
https://www.traveloka.com/id-id/user/review/consumption/HOTEL/GENERAL/71859,10,34,"Lokasi di pusat kota, mudah ditemukan. Kamar bersih dan rapi, semua sesuai ekspetasi. Pelayanan mulai dari check-in sd check-out oke banget dan yang paling spesial mobil yang diparkir pas keluar sudah dalam kondiso bersih and free of charge.",Diulas 363 minggu lalu
https://www.traveloka.com/id-id/user/review/consumption/HOTEL/GENERAL/71859,10,35,Sarapan cepat habis. Jam 8 sudah tidak ada apa-apa.,Diulas 363 minggu lalu
https://www.traveloka.com/id-id/user/review/consumption/HOTEL/GENERAL/71859,10,36,Pintu kamar mandi tidak bisa ditutup dan sarapan jam 8 sudah habis.,Diulas 363 minggu lalu
https://www.traveloka.com/id-id/user/review/consumption/HOTEL/GENERAL/71859,10,37,"Salah satu tempat terbaik untuk tinggal di Cirebon, suasana nyaman dengan pemeliharaan yang sangat baik, pemeliharaan, kebersihan, dan staf yang sangat ramah.",Diulas 364 minggu lalu
https://www.traveloka.com/id-id/user/review/consumption/HOTEL/GENERAL/71859,10,38,"Kamar luas, layanan hebat, dan kolam renang nyaman",Diulas 364 minggu lalu
https://www.traveloka.com/id-id/user/review/consumption/HOTEL/GENERAL/71859,10,39,"Kamar bersih, layanan hebat, dan staf hotel yang sangat ramah",Diulas 365 minggu lalu
https://www.traveloka.com/id-id/user/review/consumption/HOTEL/GENERAL/71859,10,40,"Selalu suka kalau menginap di Santika, servicenya bagus, bersih, breakfastnya enak.",Diulas 366 minggu lalu
https://www.traveloka.com/id-id/user/review/consumption/HOTEL/GENERAL/71859,11,1,"Kamarnya nyaman sesuai foto, letak hotel strategis, pelayanannya baik, air kolam renangnya hangat, Makanannya enak dan mobil juga dibersihkan jadi sangat memuaskan.",Diulas 368 minggu lalu
https://www.traveloka.com/id-id/user/review/consumption/HOTEL/GENERAL/71859,11,2,Kamar nyaman dan besar serta bersih. Sangat menyenangkan untuk stay di santika hotel.,Diulas 369 minggu lalu
https://www.traveloka.com/id-id/user/review/consumption/HOTEL/GENERAL/71859,11,3,"Saya pesan 3 kamar tidur, di salah 1 kamar yang ditempati orang tua saya, bocor tepat di pintu masuk kamar mandi. Jadi orang tua saya cemas, sementara mau lapor hari sudah malam.",Diulas 369 minggu lalu
https://www.traveloka.com/id-id/user/review/consumption/HOTEL/GENERAL/71859,11,4,"Hotel tua tapi terawat. Masuk kamar sudah dingin kamarnya. Peralatan mandi sudah tersedia dan bersih handuknya. Sarapannya juga enak. Dapat upgrade kamar ke deluxe, terimakasih Traveloka dan Santika Cirebon.",Diulas 370 minggu lalu
https://www.traveloka.com/id-id/user/review/consumption/HOTEL/GENERAL/71859,11,5,"Kami cukup sering menginap di hotel ini karena lokasinya yang strategis, serta pelayanannya yang ramah akan tetapi terakhir menginap kami kurang mengenakan, dikarenakan kendaraan kami dirusak oleh pihak yang tidak bertanggung jawab ketika parkir di area hotel dan baru kami ketahui bahwa kejadian tersebut tidak terekam CCTV. Ini pengalaman pertama kami yang mudah-mudahan pihak hotel dapat bertanggung jawab serta kedepannya agar area parkir hotel dapat tercover seluruhnya.",Diulas 373 minggu lalu
https://www.traveloka.com/id-id/user/review/consumption/HOTEL/GENERAL/71859,11,6,"Hotel lama, tapi terawat dengan baik, fasilitas lengkap.",Diulas 373 minggu lalu
https://www.traveloka.com/id-id/user/review/consumption/HOTEL/GENERAL/71859,11,7,"Ruangan bagus, pelayanan oke, view kamar menghadap kolam renang sangat bagus. Puas banget nginap di Hotel Santika",Diulas 375 minggu lalu
https://www.traveloka.com/id-id/user/review/consumption/HOTEL/GENERAL/71859,11,8,"Walaupun hotel ini agak tua, tapi selalu tempat favorit saya untuk menginap di Cirebon. Saya suka udara terbuka dan konsep tradisional, staf yang ramah dan makanan enak. Saya suka kebersihan kamar dan tentu saja kasur yang nyaman.",Diulas 376 minggu lalu
https://www.traveloka.com/id-id/user/review/consumption/HOTEL/GENERAL/71859,11,9,"Sangat menyenangkan, pelayanan di front office, di restoran makanannya enak-enak dan pelayanan cukup memuaskan maupun suasana di kamar bersih.",Diulas 378 minggu lalu
https://www.traveloka.com/id-id/user/review/consumption/HOTEL/GENERAL/71859,11,10,Kamar yang bagus di lokasi yang strategis.,Diulas 379 minggu lalu
https://www.traveloka.com/id-id/user/review/consumption/HOTEL/GENERAL/71859,11,11,Pernah mengalami tertinggal HP di ruang lobby. Tapi diketemukan oleh karyawan hotel dikembalikan. Sarapannya enak dan banyak macamnya. Ruangan kamar tertata bersih.,Diulas 379 minggu lalu
https://www.traveloka.com/id-id/user/review/consumption/HOTEL/GENERAL/71859,11,12,"Saya selalu suka tempat, tempat tidur nyaman &amp; di sekitar hotel sangat damai &amp; staf sangat ramah.",Diulas 381 minggu lalu
https://www.traveloka.com/id-id/user/review/consumption/HOTEL/GENERAL/71859,11,13,Pesanan kotor kamar tidak sesuai,Diulas 382 minggu lalu
https://www.traveloka.com/id-id/user/review/consumption/HOTEL/GENERAL/71859,11,14,"Sambutan awal dan keramahannya masih belum maksimal, selayaknya hotel berbintang. Bangunan hotel terkesan sudah lama dan kurang perawatan. Harus perlu diredesigan supaya lebih terlihat segar kembali terutama pada area garden dan suasana di kamar hotel. Menu makanan saya nilai 70% standar harus perlu ditambah menu Jawa Barat lainnya yang lebih khas dan trend saat ini. Terima kasih, pagi-pagi semua mobil para tamu juga saya sudah dicuci sebagai service walaupun manual. Semoga next kami bisa traveling lagi. Terima kasih.",Diulas 384 minggu lalu
https://www.traveloka.com/id-id/user/review/consumption/HOTEL/GENERAL/71859,11,15,"Enak untuk berenang, ada musik livenya di pagi hari khas cirebonan.",Diulas 385 minggu lalu
https://www.traveloka.com/id-id/user/review/consumption/HOTEL/GENERAL/71859,11,16,Dari dulu paling suka kalau menginap di hotel Santika. Kali ini untuk kedua kalinya kami menginap di Santika Cirebon. Seluruh staf ramah pada tamu. Kami memilih menginap saat malam tahun baru sambil beristirahat dalam perjalanan dari Yogyakarta ke Jakarta. Senang sekali malam itu mendapat tiket silver party sekaligus makan malam sehingga kami tidak perlu keluar hotel. Semuanya menyenangkan.,Diulas 385 minggu lalu
https://www.traveloka.com/id-id/user/review/consumption/HOTEL/GENERAL/71859,11,17,"Hotel nyaman, gaya hotel tahun 90an, asri.",Diulas 386 minggu lalu
https://www.traveloka.com/id-id/user/review/consumption/HOTEL/GENERAL/71859,11,18,"Liburan keluarga yang menyenangkan, kamar luas, ada kolam renang, bersih",Diulas 386 minggu lalu
https://www.traveloka.com/id-id/user/review/consumption/HOTEL/GENERAL/71859,11,19,"Hotel besar, pemandangan indah, makanan enak, kamar luas, saya akan segera kembali.",Diulas 386 minggu lalu
https://www.traveloka.com/id-id/user/review/consumption/HOTEL/GENERAL/71859,11,20,"Saya suka desain lobi dan kolam renang. Bahkan hotel ini terlihat tua, tetapi saya pikir semuanya terlihat bagus",Diulas 386 minggu lalu
https://www.traveloka.com/id-id/user/review/consumption/HOTEL/GENERAL/71859,11,21,Tampak hebat. Fasilitas luar biasa. Bersih dan semua karyawan sangat baik,Diulas 386 minggu lalu
https://www.traveloka.com/id-id/user/review/consumption/HOTEL/GENERAL/71859,11,22,"Menginap di hotel santika 2 hari pada saat momen pergantian tahun. Alasan dipilih hotel ini karena hotel ini menyediakan pool untuk anak anak. Ternyata kami tidak salah memilih hotel. Staffnya ramah dan poolnya bagus bisa untuk anak bermain. Pada saat pergantian malam tahun baru ada acara di hotel, dinner dan ada performance lainnya. Menu breakfast cukup bervariasi dan rasanya enak. Lain kali jika berkunjung ke Cirebon, kami akan menginap kembali di hotel ini.",Diulas 386 minggu lalu
https://www.traveloka.com/id-id/user/review/consumption/HOTEL/GENERAL/71859,11,23,"Alhamdulillah, hotel ini bersih, tenang, dan sejuk.",Diulas 386 minggu lalu
https://www.traveloka.com/id-id/user/review/consumption/HOTEL/GENERAL/71859,11,24,"Suka dengan hotelnya, pelayanannya, kamarnya, breakfastnya, kolam renangnya. Pokoknya untuk hotel bintang 3 mantul lah!",Diulas 386 minggu lalu
https://www.traveloka.com/id-id/user/review/consumption/HOTEL/GENERAL/71859,11,25,"Hotel sudah tua, tapi lumayan homey. Kolam renang besar. Parkir luas. Kamar perabot sudah tua tapi bersih dan besar. Breakfast kurang bagus, capcay dan mie goreng agak basi, sudah komplain ke resepsionis saat check-out.",Diulas 386 minggu lalu
https://www.traveloka.com/id-id/user/review/consumption/HOTEL/GENERAL/71859,11,26,"Hotel lokasi gampang dan dekat dengan kuliner nasi jamblang mang dul, bu nur, kamar lumayan luas tapi agak kotor dikit karena bangunan tua ya. Makanan kurang variatif, pelayanan oke dan sopan, mobil di cuci setiap pagi, overall oke lah buat family trip. Kalau bisa lift di renovasi tampilannya tua banget 😌",Diulas 386 minggu lalu
https://www.traveloka.com/id-id/user/review/consumption/HOTEL/GENERAL/71859,11,27,"Kamar belum siap ketika kami tiba, harus menunggu hingga 2 jam.",Diulas 387 minggu lalu
https://www.traveloka.com/id-id/user/review/consumption/HOTEL/GENERAL/71859,11,28,Hotelnya bagus dan bersih cuma bangunannya yang agak tua. Tapi overall mantap betul.,Diulas 388 minggu lalu
https://www.traveloka.com/id-id/user/review/consumption/HOTEL/GENERAL/71859,11,29,"Secara umum menyenangkan, sarapan, kolam renang dan pelayanan sangat baik masukan saya kondisi lift yang harus diupgrade, front office untuk mengantarkan pelanggan saat check-in harus ada.",Diulas 388 minggu lalu
https://www.traveloka.com/id-id/user/review/consumption/HOTEL/GENERAL/71859,11,30,"Santika Cirebon klasik, nyaman, good food, good service, mobil saya dicuci. Senangnya.",Diulas 389 minggu lalu
https://www.traveloka.com/id-id/user/review/consumption/HOTEL/GENERAL/71859,11,31,"Kamar oke sesuai deskripsi, pelayanan ramah, makanan oke, oke buat acara kerja dan berlibur bersama keluarga.",Diulas 389 minggu lalu
https://www.traveloka.com/id-id/user/review/consumption/HOTEL/GENERAL/71859,11,32,AC-nya tidak dingin sama sekali. Aku datang malam pengen masuk kamar hotel langsung tidur. Ini malah tidak bisa tidur sama sekali. Mau hubungi operator kasian sudah malam-malam suruh benerin AC. Lain kali di kontrol masalah AC atau apapun.,Diulas 389 minggu lalu
https://www.traveloka.com/id-id/user/review/consumption/HOTEL/GENERAL/71859,11,33,Hotel nyaman di cirebon dengan makanan yang enak ya Santika.,Diulas 389 minggu lalu
https://www.traveloka.com/id-id/user/review/consumption/HOTEL/GENERAL/71859,11,34,Hotel bersih dan menu sarapannya enak.,Diulas 390 minggu lalu
https://www.traveloka.com/id-id/user/review/consumption/HOTEL/GENERAL/71859,11,35,Hotel yang nyaman dengan fasilitas memuaskan dan pelayanan yang ramah.,Diulas 390 minggu lalu
https://www.traveloka.com/id-id/user/review/consumption/HOTEL/GENERAL/71859,11,36,"Terakhir ke Santika Cirebon setahun yang lalu dan di kunjungan kali ini banyak sekali yang berbeda. Keramahan yang selalu jadi ciri khas Santika tetap terjaga, kamar bersih dan sudah dalam kondisi sejuk saat masuk. Kolam renang juga jauh lebih bersih. Untuk makanan, selalu ada kuliner khas yang tersaji. Saya pasti kembali menginap ke Santika untuk kunjungan selanjutnya.",Diulas 390 minggu lalu
https://www.traveloka.com/id-id/user/review/consumption/HOTEL/GENERAL/71859,11,37,"Kamarnya besar, makannya enak meski dipinggir jalan besar tapi tidak ada bising sama sekali, kolam renangnya enak, pelayannya juga ramah sekali.",Diulas 390 minggu lalu
https://www.traveloka.com/id-id/user/review/consumption/HOTEL/GENERAL/71859,11,38,"Engalaman pertama saya dan keluarga menginap di Santika Cirebon, walaupun hotel bintang 3 namun seluruhnya terasa bintang 5, kamar bersih dan nyaman, recomended next kalau ke Cirebon saya akan menginap lebih lama lagi di Santika.",Diulas 390 minggu lalu
https://www.traveloka.com/id-id/user/review/consumption/HOTEL/GENERAL/71859,11,39,"Walau sudah tua, hotel tetep kejaga, bersih. Sarapan menu cukup variatif, kolam renang menyenangkan.",Diulas 391 minggu lalu
https://www.traveloka.com/id-id/user/review/consumption/HOTEL/GENERAL/71859,11,40,Saya dan keluarga sangat senang menginap di hotel santika. Bersih dan stafnya ramah. Menu breakfastnya juga enak serta banyak variannya.,Diulas 391 minggu lalu
https://www.traveloka.com/id-id/user/review/consumption/HOTEL/GENERAL/71859,12,1,Mungkin karena bukan weekend jadi menu sarapan kurang variatif dan rasa makanan-nya pun kurang enak.,Diulas 391 minggu lalu
https://www.traveloka.com/id-id/user/review/consumption/HOTEL/GENERAL/71859,12,2,Hotel ini cukup recommended tetapi hanya saja fasilitas WiFi kurang memadai. Tidak strong wifinya.,Diulas 391 minggu lalu
https://www.traveloka.com/id-id/user/review/consumption/HOTEL/GENERAL/71859,12,3,"Senang menginap di santika, nyaman, berada di tengah kota.",Diulas 392 minggu lalu
https://www.traveloka.com/id-id/user/review/consumption/HOTEL/GENERAL/71859,12,4,"Hotel areanya luas, kamar rapi dan bersih. Staf ramah. Sarapan oke. Overall menyenangkan menginap disini.",Diulas 393 minggu lalu
https://www.traveloka.com/id-id/user/review/consumption/HOTEL/GENERAL/71859,12,5,Lumayan untuk keluarga. kolam renangnya friendly untuk anak-anak. Staf ramah. Dan komplain di layani dengan baik dan cepat. Kekurangannya WiFi selalu error di kamar. Dan makanan rasanya biasa dan kurang variasi.,Diulas 393 minggu lalu
https://www.traveloka.com/id-id/user/review/consumption/HOTEL/GENERAL/71859,12,6,"Kamarnya tidak bersebelahan tapi padahal sudah request, malam malam dinner di cafenya banyak nyamuk dan AC kurang berasa.",Diulas 393 minggu lalu
https://www.traveloka.com/id-id/user/review/consumption/HOTEL/GENERAL/71859,12,7,"Lokasi strategis, kamar oke, kebersihan oke, pokoknya the best lah",Diulas 394 minggu lalu
https://www.traveloka.com/id-id/user/review/consumption/HOTEL/GENERAL/71859,12,8,Hotel yang sudah cukup tua tapi masih nyaman.,Diulas 395 minggu lalu
https://www.traveloka.com/id-id/user/review/consumption/HOTEL/GENERAL/71859,12,9,Dari segi pelayanan sangat memuaskan dan kondisi hotel yang sangat nyaman untuk menginap. Serta makanan yang sangat variatif dan enak yang memang sudah mempunyai standard masing masing. Selain itu fasilitas ball room yang cukup nyaman dan strategis setiap pengadaan kegiatan rapat dan training.,Diulas 396 minggu lalu
https://www.traveloka.com/id-id/user/review/consumption/HOTEL/GENERAL/71859,12,10,"Cukup bersih, ramah, makanannya lumayan enak, yang terakhir kolam renang airnya kok hangat ya, jadi senang aku berenangnya.",Diulas 396 minggu lalu
https://www.traveloka.com/id-id/user/review/consumption/HOTEL/GENERAL/71859,12,11,"Selalu ada alasan untuk kembali ke sini, hotel yang memadukan desain interior yang modern dengan suasana alam yang sejuk dan tenang. Makanan yang lezat, banyak pilihan, staf yang ramah, selalu memberikan kesan yang baik untuk liburan keluarga, keren.",Diulas 396 minggu lalu
https://www.traveloka.com/id-id/user/review/consumption/HOTEL/GENERAL/71859,12,12,"Resepsionis ramah, super helpful, makanan enak, kolam renang bersih, overall bagus.",Diulas 398 minggu lalu
https://www.traveloka.com/id-id/user/review/consumption/HOTEL/GENERAL/71859,12,13,Sangat menyenangkan dan sangat memuaskan.,Diulas 399 minggu lalu
https://www.traveloka.com/id-id/user/review/consumption/HOTEL/GENERAL/71859,12,14,"Santika selalu nyaman, tidak pernah mengecewakan.",Diulas 399 minggu lalu
https://www.traveloka.com/id-id/user/review/consumption/HOTEL/GENERAL/71859,12,15,"Hotel tua, masih tempat yang bagus untuk tinggal. Kolam renangnya bagus",Diulas 400 minggu lalu
https://www.traveloka.com/id-id/user/review/consumption/HOTEL/GENERAL/71859,12,16,"Hotel lama yang masih terjaga perawatannya, puas menginap disini, anak-anak senang ada kolam renang yang bersih dan mini tempat bermain. WiFi kencang dan air panas bagus, bakalan menginap disini lagi.",Diulas 400 minggu lalu
https://www.traveloka.com/id-id/user/review/consumption/HOTEL/GENERAL/71859,12,17,"Hotelnya nyaman, suasana adem, pelayanan cukup memuaskan.",Diulas 400 minggu lalu
https://www.traveloka.com/id-id/user/review/consumption/HOTEL/GENERAL/71859,12,18,hotel santika yang terbaik untuk liburan pendek saya bersama keluarga 💜,Diulas 400 minggu lalu
https://www.traveloka.com/id-id/user/review/consumption/HOTEL/GENERAL/71859,12,19,"Hotelnya nyaman, kamarnya bersih, pelayanannya baik, makanannya bervariasi dan lumayan enak. Terletak di tengah-tengah kota yang berdekatan dengan pusat oleh-oleh pusat perbelanjaan dan pusat kuliner.",Diulas 400 minggu lalu
https://www.traveloka.com/id-id/user/review/consumption/HOTEL/GENERAL/71859,12,20,"Positif: hotel bagus, makanan enak, kolam renang oke, mobil saya dicuci gratis. Negatif: bangunan agak tua sih, tapi overall bagus.",Diulas 401 minggu lalu
https://www.traveloka.com/id-id/user/review/consumption/HOTEL/GENERAL/71859,12,21,"Kamar bersih dan nyaman, parkiran sangat luas, hot water shower 24 jam dan pressurenya sangat cukup untuk menghilangkan penat. Sayangnya menu sarapan tidak memenuhi ekpektasi sesuai kelasnya.",Diulas 401 minggu lalu
https://www.traveloka.com/id-id/user/review/consumption/HOTEL/GENERAL/71859,12,22,"Menu makanan kurang bervariasi, tempat olah raga banyak alat yang sudah tidak berfungsi, pelayanan di restoran kurang ramah.",Diulas 401 minggu lalu
https://www.traveloka.com/id-id/user/review/consumption/HOTEL/GENERAL/71859,12,23,"Hotel lama tapi terawat dan bersih, kolam renang nyaman, staf ramah, kamar bersih dan nyaman, view bagus, Semua permintaan via online dipenuhi. Terima kasih Situs Traveloka dan Santika, mantap.",Diulas 401 minggu lalu
https://www.traveloka.com/id-id/user/review/consumption/HOTEL/GENERAL/71859,12,24,"Minta kamar dengan double bed terpenuhi, pelayanan baik, mobil pagi-pagi sudah dicuci, sarapan banyak bervariasi, kebersihan terjaga, Lokasi strategis di tengah kota, terima kasih.",Diulas 402 minggu lalu
https://www.traveloka.com/id-id/user/review/consumption/HOTEL/GENERAL/71859,12,25,Hotel bintang tiga tetapi seperti hotel bintang lima!,Diulas 402 minggu lalu
https://www.traveloka.com/id-id/user/review/consumption/HOTEL/GENERAL/71859,12,26,Hotel ini sudah tua tapi fasilitasnya nomor satu! Hotel bintang tiga tetapi seperti hotel bintang lima.,Diulas 402 minggu lalu
https://www.traveloka.com/id-id/user/review/consumption/HOTEL/GENERAL/71859,12,27,"Clean and comfortable hotel, cocok untuk liburan keluarga.",Diulas 403 minggu lalu
https://www.traveloka.com/id-id/user/review/consumption/HOTEL/GENERAL/71859,12,28,"Pengalaman pertama saya menginap di santika, pelayanan cukup ramah, makanan cukup enak, parkir luas dicuciin pula, satu masalah kecil adalah air kerannya ngucur terus meskipun sudah di putar ke posisi off.",Diulas 403 minggu lalu
https://www.traveloka.com/id-id/user/review/consumption/HOTEL/GENERAL/71859,12,29,"Kamarnya bagus tapi agak gelap terutama di malam hari. Meskipun hotel ini adalah hotel tua, tetapi mereka melakukan yang bagus untuk kamar, sangat bagus dan bersih. Handuk bersih dan segar. Tapi sayangnya kamar mandi membuat kamar mandi agak basah di sisi yang kering (sisi lemari) dan juga drainase wastafel agak lambat sehingga saluran pembuangan tidak cepat. Dan juga saya kecewa karena sarapan, terakhir kali saya mengunjungi hotel ini tahun lalu dan makan sarapan, saya punya pengalaman hebat, karena makanannya begitu enak, tapi ketika saya mengunjungi restoran untuk sarapan saya, berbagai makanannya tidak banyak , dan rasanya di bawah harapan saya, terlalu buruk. Tapi ada shuttle ke Stasiun Cirebon, dan itu gratis.",Diulas 404 minggu lalu
https://www.traveloka.com/id-id/user/review/consumption/HOTEL/GENERAL/71859,12,30,"Hotel dengan konsep bangunan lama yang unik. Interior kamar dan toilet bagus dan rapi. Air di toilet juga mengalir kencang. Fasilitas kolam renang dan fitness juga bersih, hanya sarapan kurang variasi. Kebetulan saya makan soto tapi kuahnya tidak panas dan cenderung dingin. Untuk makanan saya nilai tidak enak untuk semua pilihan.",Diulas 404 minggu lalu
https://www.traveloka.com/id-id/user/review/consumption/HOTEL/GENERAL/71859,12,31,Hotel ini letaknya stategis dan sangat baik untuk liburan keluarga.,Diulas 405 minggu lalu
https://www.traveloka.com/id-id/user/review/consumption/HOTEL/GENERAL/71859,12,32,"Pelayanan baik, harga juga terjangkau, lokasi dekat kemana-mana, hanya sayang banget tidak memperhatikan rasa dari sarapannya, terima kasih.",Diulas 407 minggu lalu
https://www.traveloka.com/id-id/user/review/consumption/HOTEL/GENERAL/71859,12,33,"Kamarnya bersih, furnitur lama tapi memberi saya kenyamanan untuk menginap dan tidak seram. Air panas tersedia dalam kondisi baik. Sarapan memuaskan dengan banyak variasi makanan dan minuman.",Diulas 407 minggu lalu
https://www.traveloka.com/id-id/user/review/consumption/HOTEL/GENERAL/71859,12,34,Ini adalah tempat yang bagus untuk keluarga untuk menginap karena memiliki suasana yang menyenangkan.,Diulas 407 minggu lalu
https://www.traveloka.com/id-id/user/review/consumption/HOTEL/GENERAL/71859,12,35,Staf resepsionis sangat baik dan sangat menyambut.,Diulas 408 minggu lalu
https://www.traveloka.com/id-id/user/review/consumption/HOTEL/GENERAL/71859,12,36,"Bersih, ramah-ramah dan makanannya enak",Diulas 410 minggu lalu
https://www.traveloka.com/id-id/user/review/consumption/HOTEL/GENERAL/71859,12,37,"Yang plus disini, mobil tamu yang menginap akan dicuciin. yang lain standar lah. Sayangnya, hotel sekelas santika, kunci roomnya masih slot manual, Belum digital. Kolam renangnya bagus. , segerdisekelilingnya banyak tanaman.",Diulas 410 minggu lalu
https://www.traveloka.com/id-id/user/review/consumption/HOTEL/GENERAL/71859,12,38,"Secara keseluruhan hotel ini bagus dan nyaman serta aman. Tapi mingku tgl 15 juli 2018 kemarin ada pengalaman tidak baik bagi saya saat sarapan pagi. Ketika saya dan istri sedang sarapan. Kami lihat ada ibu-ibu yang membawa makanan untuk anaknya di kolam renang dan ibu tersebuk bolak-balik mengantar makan untuk anaknya. Pikir kami berarti boleh seperti itu. Lalu ketika istri saya mencoba untuk makan kue di pinggir kolam renang dan membawanya ke pinggir kolam, tiba-tiba petugas restoran pria menghampiri istri saya dan menegur agar tidak membawa makanan ke pinggir kolam (meja dan kursi makan dipinggir kolam). Sontak istri saya protes dan nanya kenapa hanya dia yang ditegur... Sementara ibu yang bolak-balik bawa makanan dipinggir kolam tidak ditegur. Tapi petugas tersebut malah pergi. Mohon pihak hotel tegas dalam membuat aturan. Satu lagi untuk kamar yang saya tinggali di kamar 205 brankas uangnya ada aliran setrum. Saya dan anak saya sempat kesetrum. Selebihnya hotel ini sangat bagus dan rekomendasi. Terima kasih.",Diulas 410 minggu lalu
https://www.traveloka.com/id-id/user/review/consumption/HOTEL/GENERAL/71859,12,39,"Kolam renangnya bagus, sarapan enak dan pelayanan yang ramah.",Diulas 410 minggu lalu
https://www.traveloka.com/id-id/user/review/consumption/HOTEL/GENERAL/71859,12,40,"Nyaman menginap di hotel ini... Walaupun interiornya old fashion tapi secara tehnis perlengkapan kamar berjalan baik... Air panas lancar, AC dingin tanpa berisik, hanya tidak sempat renang karena kolamnya penu, lagi banyak yang liburan.",Diulas 410 minggu lalu
https://www.traveloka.com/id-id/user/review/consumption/HOTEL/GENERAL/71859,13,1,Pelayanan ramah dan kebersihan baik.,Diulas 411 minggu lalu
https://www.traveloka.com/id-id/user/review/consumption/HOTEL/GENERAL/71859,13,2,"Overall memuaskan semua. Hanya kursi tunggu di tepi kolam renang untuk mengawasi anak sangat sedikit, perlu sekali ditambah tua saat tamu ramai. Ini penting.",Diulas 411 minggu lalu
https://www.traveloka.com/id-id/user/review/consumption/HOTEL/GENERAL/71859,13,3,Lebih dari 20 tahun hotel tetapi diurus dengan sangat baik. Ini adalah pertama kalinya keluarga saya suka menginap di hotel tua,Diulas 411 minggu lalu
https://www.traveloka.com/id-id/user/review/consumption/HOTEL/GENERAL/71859,13,4,Menyenangkan sekali stay di Santika Hotel bersama keluarga dan anak-anak. Nyaman dan tenang apalagi ada kolam renangnya,Diulas 411 minggu lalu
https://www.traveloka.com/id-id/user/review/consumption/HOTEL/GENERAL/71859,13,5,Saya sering menggunakan hotel santika ketika dinas dan saya puas karena merk punya standard kualitas layanan yang baik.,Diulas 411 minggu lalu
https://www.traveloka.com/id-id/user/review/consumption/HOTEL/GENERAL/71859,13,6,"Suasana nyaman, meskipun berada di pusat kota Cirebon tapi situasi hotel adem, sejuk. Cuma menu breakfast biasa saja dan jumlahnya sedikit padahal tamu kelihatan banyak... untuk pelayanan dari semua staffnya bagus dan ramah.",Diulas 411 minggu lalu
https://www.traveloka.com/id-id/user/review/consumption/HOTEL/GENERAL/71859,13,7,Hotel yang bagus. Kamarnya bersih dan besar. Kolam renangnya bagus dan anak-anak saya sangat menikmati bermain di kolam renang.,Diulas 412 minggu lalu
https://www.traveloka.com/id-id/user/review/consumption/HOTEL/GENERAL/71859,13,8,"Semua oke, cuma telat masuk room dengan alasan tamu baru check-out jadi baru dibersihkan, tapi managementnya sangat bertanggung jawab dengan mengupgrade room sebagai pemantaan maaf. terima kasih.",Diulas 412 minggu lalu
https://www.traveloka.com/id-id/user/review/consumption/HOTEL/GENERAL/71859,13,9,Makanannya enak dan bervariasi. Hotel sudah tua maka perlu pembaruan interior dan ac kurang dingin. staf yang ramah ... terima kasih,Diulas 412 minggu lalu
https://www.traveloka.com/id-id/user/review/consumption/HOTEL/GENERAL/71859,13,10,"Kamar ruangan lama tapi bisa nyaman dan bersih, sarapan oke lokasi cukup dekat dengan keramaian dapat free cuci mobil.",Diulas 412 minggu lalu
https://www.traveloka.com/id-id/user/review/consumption/HOTEL/GENERAL/71859,13,11,"Hotel Santika Cirebon walaupun sudah lama tetap ngangeni dengan atmosphere khas cirebon, breakfastnya yang banyak variasi dan penuh cita rasa kuliner khas cirebon, hotel yang jauh dari keramaian serta nyaman untuk istirahat dan kolam renangnya yang bisa dipakai buat anak balitaku sehingga betah berlama lama di Kolam. Pokoknya hotel Santika rumah kedua di Cirebon.",Diulas 413 minggu lalu
https://www.traveloka.com/id-id/user/review/consumption/HOTEL/GENERAL/71859,13,12,"Memuaskan, kolam renang rindang banyak pohon.",Diulas 413 minggu lalu
https://www.traveloka.com/id-id/user/review/consumption/HOTEL/GENERAL/71859,13,13,"Kami biasanya sering menginap di hotel santika karena pelayanan dan suasananya nyaman, sarta makanan banyak variasinya. Tetapi hotel santika di ceribon ini jauh dari hotel santika yang lainnya. Terutama di lokasi lobby banyak nyamuk dan makanan kurang variasi sehingga membosankan, apalagi engga ada nobarnya, Ach kecewa.",Diulas 413 minggu lalu
https://www.traveloka.com/id-id/user/review/consumption/HOTEL/GENERAL/71859,13,14,"Kamarnya tidak kedap. Terdengar ribut dari lantai di atasnya. Variasi sarapan sedikit, mobil dicucikan",Diulas 414 minggu lalu
https://www.traveloka.com/id-id/user/review/consumption/HOTEL/GENERAL/71859,13,15,Hotel bersih dan luas. kolam renang bersih,Diulas 414 minggu lalu
https://www.traveloka.com/id-id/user/review/consumption/HOTEL/GENERAL/71859,13,16,Jam 8 pagi stall sarapan sudah banyak yang habis and tidak diisi ulang,Diulas 414 minggu lalu
https://www.traveloka.com/id-id/user/review/consumption/HOTEL/GENERAL/71859,13,17,"Kamarnya sangat bersih, rapi dan pemandangannya bagus. Toiletnya pasti bersih. Staf sangat membantu dan menyenangkan. Makanannya enak dan bervariasi.",Diulas 414 minggu lalu
https://www.traveloka.com/id-id/user/review/consumption/HOTEL/GENERAL/71859,13,18,"Fasilitas oke, hanya saja gedung sudah agak tua, cat kamar agak usang dan partisi antar kamar menggunakan gypsum, Terakhir menginap disana kamar sebelah selalu mengetuk-mengetuk partisi kamar sehingga sangat mengganggu. Sehingga telepon ke resepsionis untuk menegur penghuni kamar sebelah.",Diulas 415 minggu lalu
https://www.traveloka.com/id-id/user/review/consumption/HOTEL/GENERAL/71859,13,19,"Pelayanannya ramah, tempatnya nyaman, lokasi strategis.",Diulas 415 minggu lalu
https://www.traveloka.com/id-id/user/review/consumption/HOTEL/GENERAL/71859,13,20,"Bersih, nyaman, ramah, mobil bersih.",Diulas 415 minggu lalu
https://www.traveloka.com/id-id/user/review/consumption/HOTEL/GENERAL/71859,13,21,"Hotel yang dari dahulu selalu membuat nyaman suasananya, kebersihannya top.",Diulas 415 minggu lalu
https://www.traveloka.com/id-id/user/review/consumption/HOTEL/GENERAL/71859,13,22,"Lokasi strategis di pusat kota Cirebon, pelayanan bagus, kebersihan terjaga.",Diulas 415 minggu lalu
https://www.traveloka.com/id-id/user/review/consumption/HOTEL/GENERAL/71859,13,23,"Hotel tua dan seram, mistis, sarapan standar, kamar kotor.",Diulas 415 minggu lalu
https://www.traveloka.com/id-id/user/review/consumption/HOTEL/GENERAL/71859,13,24,Lokasi Strategis dan pelayanannya bagus.,Diulas 416 minggu lalu
https://www.traveloka.com/id-id/user/review/consumption/HOTEL/GENERAL/71859,13,25,"Kamar bersih, nyaman, pelayanan ramah, hanya 1 yg kurang tidak ada tv cable kartun untuk anak-anak",Diulas 416 minggu lalu
https://www.traveloka.com/id-id/user/review/consumption/HOTEL/GENERAL/71859,13,26,"Nyaman, sejuk lokasinya dan strategis lokasinya.",Diulas 416 minggu lalu
https://www.traveloka.com/id-id/user/review/consumption/HOTEL/GENERAL/71859,13,27,"Hotel bersih, pelayanan ramah, sahur cukup variasi.",Diulas 416 minggu lalu
https://www.traveloka.com/id-id/user/review/consumption/HOTEL/GENERAL/71859,13,28,"Konstan servicenya dari 10 tahun yang lalu sampai sekarang, good job.",Diulas 417 minggu lalu
https://www.traveloka.com/id-id/user/review/consumption/HOTEL/GENERAL/71859,13,29,Santika hotel memberikan layanan dan kenyamanan serasa di rumah sendiri.,Diulas 417 minggu lalu
https://www.traveloka.com/id-id/user/review/consumption/HOTEL/GENERAL/71859,13,30,"Tempatnya cukup strategis, kamar bersih dan rapi. Recommended bagi yang bawa keluarga.",Diulas 419 minggu lalu
https://www.traveloka.com/id-id/user/review/consumption/HOTEL/GENERAL/71859,13,31,"Stafnya sangat ramah, kamar dan kolam renangnya bersih, dan ramah keluarga banget.",Diulas 419 minggu lalu
https://www.traveloka.com/id-id/user/review/consumption/HOTEL/GENERAL/71859,13,32,"Hotelnya walaupun lama tapi sangat terawat, mulai dari pintu masuk, securitynya ramah sekali sampai lobby, welcome drink langsung tersedia. Semua pegawainya ramah dan helpful, kamarnya bersih, cukup tenang, enak banget buat istirahat, kolam renangnya juga bersih, aman buat anak-anak, kaporitnya juga tidak terlalu menyengat. Makanannya enak, apalagi paket barbeque malamnya keren banget, harganya juga terjangkau. Satu lagi, pas mau check-out masukin barang ke mobil, ternyata mobil sudah dicuciin. Overall, keren banget nih hotel. Terima kasih management Hotel Santika, terimakasih Traveloka.",Diulas 420 minggu lalu
https://www.traveloka.com/id-id/user/review/consumption/HOTEL/GENERAL/71859,13,33,"Lokasi di tengah kota, nyaman, bersih, cocok untuk liburan keluarga, ada kolam berenang dan playground, makanannya juga variatif. Puas.",Diulas 421 minggu lalu
https://www.traveloka.com/id-id/user/review/consumption/HOTEL/GENERAL/71859,13,34,Tempat yang bagus untuk keluarga juga,Diulas 421 minggu lalu
https://www.traveloka.com/id-id/user/review/consumption/HOTEL/GENERAL/71859,13,35,"Bangunan, fasilitas, pelayanan dan makanannya oke, recommended deh untuk liburan bersama keluarga.",Diulas 421 minggu lalu
https://www.traveloka.com/id-id/user/review/consumption/HOTEL/GENERAL/71859,13,36,"Menyenangkan, terima kasih mobilnya dicuciin kalau ke Cirebon lagi kita menginap di santika lagi?",Diulas 422 minggu lalu
https://www.traveloka.com/id-id/user/review/consumption/HOTEL/GENERAL/71859,13,37,"Nyaman, pelayanan baik, rapi, dan bersih.",Diulas 422 minggu lalu
https://www.traveloka.com/id-id/user/review/consumption/HOTEL/GENERAL/71859,13,38,"Pelayan ramah, sarapan oke, hotel nyaman, kolam renang bersih, pagi sebelum check out mobil sudah dicuci bersih. Terimakasih Hotel Santika.",Diulas 422 minggu lalu
https://www.traveloka.com/id-id/user/review/consumption/HOTEL/GENERAL/71859,13,39,"Hotelnya bagus, kamar oke, breakfast standar.",Diulas 422 minggu lalu
https://www.traveloka.com/id-id/user/review/consumption/HOTEL/GENERAL/71859,13,40,Hotel yang bagus. Santika selalu bisa diandalkan.,Diulas 423 minggu lalu
https://www.traveloka.com/id-id/user/review/consumption/HOTEL/GENERAL/71859,14,1,"Kamar hotel baik, cukup besar dan nyaman. Toilet bersih dan luas. Breakfast cukup OK.",Diulas 423 minggu lalu
https://www.traveloka.com/id-id/user/review/consumption/HOTEL/GENERAL/71859,14,2,"selalu tetap di sini jika saya pergi ke Cirebon, semuanya baik kecuali wi-fi, koneksi buruk",Diulas 423 minggu lalu
https://www.traveloka.com/id-id/user/review/consumption/HOTEL/GENERAL/71859,14,3,"Makanan enak, kamar nyaman, pelayanan ramah cuma sayang WiFi internetnya benar-benar mengecewakan padahal sinyal hp di dalam kamar sangat susah.",Diulas 423 minggu lalu
https://www.traveloka.com/id-id/user/review/consumption/HOTEL/GENERAL/71859,14,4,Pelayanan sangat bagus. Ruangan bersih dan makanan juga enak,Diulas 424 minggu lalu
https://www.traveloka.com/id-id/user/review/consumption/HOTEL/GENERAL/71859,14,5,"Secara keseluruhan bagus, hanya saja variasi menu sarapan perlu ditambah.",Diulas 425 minggu lalu
https://www.traveloka.com/id-id/user/review/consumption/HOTEL/GENERAL/71859,14,6,Suasana nyaman. AC kamar butuh waktu lama untuk dingin. Pelayanan cepat dan ramah. Breakfast enak.,Diulas 425 minggu lalu
https://www.traveloka.com/id-id/user/review/consumption/HOTEL/GENERAL/71859,14,7,Menu sarapan paginya tdk ada yg selera...😂😭,Diulas 425 minggu lalu
https://www.traveloka.com/id-id/user/review/consumption/HOTEL/GENERAL/71859,14,8,"Cukup memuaskan. Lokasi strategis, service oke, check-in dan check-out tidak pake lama. Bangunan hotel model lama (tua), lift kecil dan panas, pool cukup besar dan tidak panas (banyak pohon), breakfast nothing special, kamar cukup luas (deluxe) tapi agak berisik dari tetangga sebelah dan atas. Overall oke lah",Diulas 425 minggu lalu
https://www.traveloka.com/id-id/user/review/consumption/HOTEL/GENERAL/71859,14,9,"Kamar bersih, kolam renang bersih. Pelayanan ramah. Semua oke",Diulas 425 minggu lalu
https://www.traveloka.com/id-id/user/review/consumption/HOTEL/GENERAL/71859,14,10,"Nyaman, makanan oke, staff ramah.",Diulas 425 minggu lalu
https://www.traveloka.com/id-id/user/review/consumption/HOTEL/GENERAL/71859,14,11,"Lupa mencantumkan non smoking room, dan sepertinya malahan mendapatkan sebaliknya karena ada tercium bau rokok.",Diulas 425 minggu lalu
https://www.traveloka.com/id-id/user/review/consumption/HOTEL/GENERAL/71859,14,12,"Good, pelayanan ang prima dengan staff yg sangat ramah",Diulas 426 minggu lalu
https://www.traveloka.com/id-id/user/review/consumption/HOTEL/GENERAL/71859,14,13,"Proses cek in lancar, lobi hotel mengagumkan dg hiasan lampu menggantung, kamar msh enak walaupun dg tambahan ekstra bed, kmr mandi cukup luas, kaca divider panjang jadi kmr mandi bisa tetap kering, kolam renang nya luaaaas, airnya bersih, anak2 sangat sukaaaaaa, makanan room service enak, makanan sarapan buffet lumayan, ikan acar kuning agak asin, karyawan ramah dan sopan, selamat Santika Cirebon semoga hotel terawat selalu...",Diulas 426 minggu lalu
https://www.traveloka.com/id-id/user/review/consumption/HOTEL/GENERAL/71859,14,14,Pelayanan dan fasilitas memuaskan,Diulas 427 minggu lalu
https://www.traveloka.com/id-id/user/review/consumption/HOTEL/GENERAL/71859,14,15,Cukup memuaskan. tapi saluran pembuangan airnya agak buntu di wastafelnya maupun di ruang mandinya. yang lainnya the best.,Diulas 430 minggu lalu
https://www.traveloka.com/id-id/user/review/consumption/HOTEL/GENERAL/71859,14,16,"Hotelnya nyaman, terjangkau tempatnya dan terima kasih buat para staf, saya dapat kado kue tart.",Diulas 430 minggu lalu
https://www.traveloka.com/id-id/user/review/consumption/HOTEL/GENERAL/71859,14,17,"Sangat memuaskan pelayanan sana gat baik, kamar juga bagus, bersih dan terawat, makanannya juga enak, membuat liburan kel tambah semangat terutama anak-anak, recommended banget.",Diulas 431 minggu lalu
https://www.traveloka.com/id-id/user/review/consumption/HOTEL/GENERAL/71859,14,18,"Bersih, nyaman, makanan enak.",Diulas 431 minggu lalu
https://www.traveloka.com/id-id/user/review/consumption/HOTEL/GENERAL/71859,14,19,"Kolam luas, walaupun hotel lama tapi bersih dan terawat.",Diulas 434 minggu lalu
https://www.traveloka.com/id-id/user/review/consumption/HOTEL/GENERAL/71859,14,20,Overall ok. Happy menginap di Santika Cirebon.,Diulas 435 minggu lalu
https://www.traveloka.com/id-id/user/review/consumption/HOTEL/GENERAL/71859,14,21,"Ramah, bersih walaupun sudah usia matang. Environmentnya layaknya dirumah sendiri.",Diulas 436 minggu lalu
https://www.traveloka.com/id-id/user/review/consumption/HOTEL/GENERAL/71859,14,22,"Semuanya oke kecuali ketika saya menitipkan asip di freezer hotel yang katanya bisa dan ternyata begitu diambil asipnya mencair, dengan alasan freezernya bukan untuk membekukan. Harusnya semua freezer bisa buat beku ya, kalau tidak buat beku bukan freezer namanya.",Diulas 436 minggu lalu
https://www.traveloka.com/id-id/user/review/consumption/HOTEL/GENERAL/71859,14,23,"Kolam renang luas dapat free pengantaran ke stasiun kereta api. Breakfastnya enak. Kamar aja yang tidak terlalu luas, dengan harga segitu ya no welcome drink ya, tapi ada snack di kamar.",Diulas 436 minggu lalu
https://www.traveloka.com/id-id/user/review/consumption/HOTEL/GENERAL/71859,14,24,Menyenangkan dan memuaskan serta unik,Diulas 436 minggu lalu
https://www.traveloka.com/id-id/user/review/consumption/HOTEL/GENERAL/71859,14,25,"Menyenangkan. Fasilitas lengkap, bahkan yang menyenangkan saat kamar pesanan saya penuh saya mendapatkan upgrade kamar tanpa biaya tambahan.",Diulas 437 minggu lalu
https://www.traveloka.com/id-id/user/review/consumption/HOTEL/GENERAL/71859,14,26,"Cukup memuaskan, dalam hal pelayanan dll, bersiaplah untuk shalat.",Diulas 437 minggu lalu
https://www.traveloka.com/id-id/user/review/consumption/HOTEL/GENERAL/71859,14,27,"Pelayanan yang baik Hotel yang bagus. Kami senang tinggal di sini. Terima kasih, Santika Cirebon.",Diulas 437 minggu lalu
https://www.traveloka.com/id-id/user/review/consumption/HOTEL/GENERAL/71859,14,28,"Hotel bagus, bersih dan makanannya enak.",Diulas 437 minggu lalu
https://www.traveloka.com/id-id/user/review/consumption/HOTEL/GENERAL/71859,14,29,"Beruntung dapat upgrade room, namun WiFi di lantai 5 tidak bagus",Diulas 437 minggu lalu
https://www.traveloka.com/id-id/user/review/consumption/HOTEL/GENERAL/71859,14,30,"Paling mengesankan, saat pagi hendak meninggalkan mobil, mobil itu sudah dibersihkan. Meski sederhana, sangat efektif.",Diulas 438 minggu lalu
https://www.traveloka.com/id-id/user/review/consumption/HOTEL/GENERAL/71859,14,31,"Pelayanan sangat memuaskan, service cepat. Sempat tertinggal ktp di lobby, kemudian pihak hotel mengirimkan kembali ke saya via salah satu jasa pengiriman. And that’s what i called service excellence. Saya pasti akan kembali ke Santika jika berkunjung ke cirebon.",Diulas 438 minggu lalu
https://www.traveloka.com/id-id/user/review/consumption/HOTEL/GENERAL/71859,14,32,Acara golden goal party seru..,Diulas 438 minggu lalu
https://www.traveloka.com/id-id/user/review/consumption/HOTEL/GENERAL/71859,14,33,"Menginap di kamar deluxe suite saat malam pergantian tahun. Kelebihan suasana hotel adem dan tradisional, kolam renang cukup luas dan dalam, ada kolam anaknya juga, makanan cukup beragam dan rasanya enak, petugas ramah dan sigap membantu tamu. Kekurangan kamar full karpet dan terasa masih ada debu (karena ternyata kami mendapat kamar non-smoking), sofa keras dan hairdryer sudah waktunya diganti, bathtub whirlpool juga terasa ""old""nya, suara bising seperti mesin hairdryer atau exhaust fan sepanjang hari yang entah darimana datangnya. Next akan mencoba kamar yang tidak pakai karpet",Diulas 438 minggu lalu
https://www.traveloka.com/id-id/user/review/consumption/HOTEL/GENERAL/71859,14,34,"Kamar nyaman, kamar mandi bersih handuknya wangi dan lembut meski kelihatan bukan handuk baru, pegawainya ramah-ramah. Hanya saja swkt sarapan mungkin karena tamu banyak mknannya cepat habis meski baru jam 8.30.",Diulas 438 minggu lalu
https://www.traveloka.com/id-id/user/review/consumption/HOTEL/GENERAL/71859,14,35,"Pelayanan kamar ok, room bersih minta handuk dan sandal tambahan diakomodir, recommend deh, sukses selalu untuk Santika dan Traveloka.",Diulas 438 minggu lalu
https://www.traveloka.com/id-id/user/review/consumption/HOTEL/GENERAL/71859,14,36,"Hotelnya kelihatan sudah tua, menu breakfast sedikit pilihannya",Diulas 439 minggu lalu
https://www.traveloka.com/id-id/user/review/consumption/HOTEL/GENERAL/71859,14,37,"Awalnya sempat mengecewakan, karena sudah pukul 14.00 wib kami tidak bisa check in, begitu juga dengan tamu yang lain. Alasan dari pihak hotel karena sedang peak dan rata-rata tamu check out di atas jam 12.00. Alasan yang menurut saya tidak masuk akal. Mereka mengatakan kamar akan siap pukul 15.00. Tp setelah saya complain dan meminta kompensasi, kamar saya siap di pukul 14.30 dan naik kelas. Breakfast dan fasilitas yang lain standar santika grup. Hanya lift yang tidak ada AC membuat nilai dari hotel ini turun lagi. Kebanyang bagaimana sekian orang kumpul di ruangan lift yang tidak gitu gede. Tanpa pendingin udara sama sekali.",Diulas 439 minggu lalu
https://www.traveloka.com/id-id/user/review/consumption/HOTEL/GENERAL/71859,14,38,"Hotel santika itu nyaman, kolam renang bersih, pelayanan ramah, cuma makanan di hotel kurang pas, untuk makanan tradisional seperti nasi jamblang rasanya jauh dari mang dul , lontong opornya keras, bubur ayam dengan kuah yang gak enak, mohon diperhatikan, agar konsumen tetap mau datang kembali, thanks",Diulas 439 minggu lalu
https://www.traveloka.com/id-id/user/review/consumption/HOTEL/GENERAL/71859,14,39,Ya kalau hotel santika halaman nya luas jadi kita bisa jongging treak di pagi hari sebelum breakfast,Diulas 440 minggu lalu
https://www.traveloka.com/id-id/user/review/consumption/HOTEL/GENERAL/71859,14,40,"Menyenangkan menginap di santika cirebon, next akan kesini lagi",Diulas 440 minggu lalu
https://www.traveloka.com/id-id/user/review/consumption/HOTEL/GENERAL/71859,15,1,Hotel bersih dan bagus. Salah satu yang terbaik di Cirebon.,Diulas 442 minggu lalu
https://www.traveloka.com/id-id/user/review/consumption/HOTEL/GENERAL/71859,15,2,Secara keseluruhan sudah bagus tapi harga mahal,Diulas 442 minggu lalu
https://www.traveloka.com/id-id/user/review/consumption/HOTEL/GENERAL/71859,15,3,"Penginapan agak tua, banyak serangga, tetapi makanan dan servis oke.",Diulas 443 minggu lalu
https://www.traveloka.com/id-id/user/review/consumption/HOTEL/GENERAL/71859,15,4,Lokasinya strategis...kamar oke...,Diulas 444 minggu lalu
https://www.traveloka.com/id-id/user/review/consumption/HOTEL/GENERAL/71859,15,5,Cukup puas dengan kebersihan dan fadilitas hotel,Diulas 444 minggu lalu
https://www.traveloka.com/id-id/user/review/consumption/HOTEL/GENERAL/71859,15,6,"Hotel baik, layanan ramah, kolam renang bersih, sarapan oke.",Diulas 444 minggu lalu
https://www.traveloka.com/id-id/user/review/consumption/HOTEL/GENERAL/71859,15,7,"Penerimaan hangat, suasana yang hebat, makanan enak.",Diulas 444 minggu lalu
https://www.traveloka.com/id-id/user/review/consumption/HOTEL/GENERAL/71859,15,8,Sangat baik suasana dan fasilitasnya,Diulas 444 minggu lalu
https://www.traveloka.com/id-id/user/review/consumption/HOTEL/GENERAL/71859,15,9,"Saya menyukai suasana yang tenang, adem dan tidak gersan, banyak pohon, bunga, sesuai dengan konsep saya",Diulas 445 minggu lalu
https://www.traveloka.com/id-id/user/review/consumption/HOTEL/GENERAL/71859,15,10,"Hotelnya nyaman, lebih nyaman jika ada bathtub di kamar",Diulas 445 minggu lalu
https://www.traveloka.com/id-id/user/review/consumption/HOTEL/GENERAL/71859,15,11,"Santika Cirebon, hotel terbaik di Cirebon.",Diulas 445 minggu lalu
https://www.traveloka.com/id-id/user/review/consumption/HOTEL/GENERAL/71859,15,12,"Lokasinya oke, fasilitas baik, pelayanannya juga oke",Diulas 446 minggu lalu
https://www.traveloka.com/id-id/user/review/consumption/HOTEL/GENERAL/71859,15,13,"Oke, tempatnya bersih, pelayanannya bagus.",Diulas 446 minggu lalu
https://www.traveloka.com/id-id/user/review/consumption/HOTEL/GENERAL/71859,15,14,Sekeluarga senang bermalam di hotel Santika Cirebon. Pelayannya bagus.,Diulas 446 minggu lalu
https://www.traveloka.com/id-id/user/review/consumption/HOTEL/GENERAL/71859,15,15,"Agak mengecewakan saat breakfast, dimana jam breakfast 05-10 am dan pada saat kami breakfast jam 8.00, hampir semua makanan masih sedikit dan pada saat kami tanya kok tidak di tambah,karena ada yang tidak masuk. Untuk kebersihan, pelayanan dan kenyaman cukup memuaskan.",Diulas 447 minggu lalu
https://www.traveloka.com/id-id/user/review/consumption/HOTEL/GENERAL/71859,15,16,"Posisi di tengah kota, dekat kalau mau kemana mana",Diulas 448 minggu lalu
https://www.traveloka.com/id-id/user/review/consumption/HOTEL/GENERAL/71859,15,17,"Lokasi strategis, good food, great view walaupun ambil type room yang standart tapi viewnya swimming pool yang adem. Kalau ke Cirebon bakal ke Santika lagi deh",Diulas 448 minggu lalu
https://www.traveloka.com/id-id/user/review/consumption/HOTEL/GENERAL/71859,15,18,Oke untuk liburan keluarga.....,Diulas 448 minggu lalu
https://www.traveloka.com/id-id/user/review/consumption/HOTEL/GENERAL/71859,15,19,Walaupun hotel yang di bangun sudah cukup lama namun perawatan sangat bagus. Kolam renang airnya agak hangat sehingga saya yang membawa anak kecil bisa nyaman berenang agak lama tanpa kedinginan.,Diulas 448 minggu lalu
https://www.traveloka.com/id-id/user/review/consumption/HOTEL/GENERAL/71859,15,20,Walaupun hotel yang di bangun sudah cukup lama namun perawatan sangat bagus. Kolam renang airnya agak hangat sehingga saya yang membawa anak kecil bisa nyaman berenang agak lama tanpa kedinginan.,Diulas 448 minggu lalu
https://www.traveloka.com/id-id/user/review/consumption/HOTEL/GENERAL/71859,15,21,Baik makanannya enak ramah.,Diulas 449 minggu lalu
https://www.traveloka.com/id-id/user/review/consumption/HOTEL/GENERAL/71859,15,22,"Bagus, makanannya enak dan ramah.",Diulas 449 minggu lalu
https://www.traveloka.com/id-id/user/review/consumption/HOTEL/GENERAL/71859,15,23,pelayanan cepat...lokasi strategis..kolam renangnya bersih bgt.,Diulas 449 minggu lalu
https://www.traveloka.com/id-id/user/review/consumption/HOTEL/GENERAL/71859,15,24,"Staf ramah, hotel bersih dan nyaman, kolam bersih, menu breakfast kurang variasi.",Diulas 449 minggu lalu
https://www.traveloka.com/id-id/user/review/consumption/HOTEL/GENERAL/71859,15,25,"Cinta konsep outdoor, lokasi strategis, layanan hebat, makanan enak!",Diulas 449 minggu lalu
https://www.traveloka.com/id-id/user/review/consumption/HOTEL/GENERAL/71859,15,26,"Layanan yang baik, kamar yang besar",Diulas 449 minggu lalu
https://www.traveloka.com/id-id/user/review/consumption/HOTEL/GENERAL/71859,15,27,Hanya kamar pas waktu menginap kuncinya agak sulit di buka,Diulas 449 minggu lalu
https://www.traveloka.com/id-id/user/review/consumption/HOTEL/GENERAL/71859,15,28,Semua baik. Walaupun hotel tua tapi pelayanannya baik,Diulas 449 minggu lalu
https://www.traveloka.com/id-id/user/review/consumption/HOTEL/GENERAL/71859,15,29,"Walaupun bangunan tua, namun masih terasa mewahnya, apalagi di zamannya. Menu makananny top, kopi klothoknya rekomen banget",Diulas 450 minggu lalu
https://www.traveloka.com/id-id/user/review/consumption/HOTEL/GENERAL/71859,15,30,Lokasi strategis. Relax nyaman,Diulas 450 minggu lalu
https://www.traveloka.com/id-id/user/review/consumption/HOTEL/GENERAL/71859,15,31,"Sangat cocok untuk liburan keluarga, makanan tradisionalnya luar biasa.",Diulas 450 minggu lalu
https://www.traveloka.com/id-id/user/review/consumption/HOTEL/GENERAL/71859,15,32,"Temaptnya nyaman, asri dan pelayanannya ramah",Diulas 450 minggu lalu
https://www.traveloka.com/id-id/user/review/consumption/HOTEL/GENERAL/71859,15,33,Liburan keluarga yang menyenangkan.,Diulas 450 minggu lalu
https://www.traveloka.com/id-id/user/review/consumption/HOTEL/GENERAL/71859,15,34,"Nyaman, dan good service.. thanks",Diulas 451 minggu lalu
https://www.traveloka.com/id-id/user/review/consumption/HOTEL/GENERAL/71859,15,35,recommended untuk berlibur bersama keluarga. anak-anak saya suka sekali kolam renang nya. Sarapan pagi nya menu nya lengkap dan enak,Diulas 451 minggu lalu
https://www.traveloka.com/id-id/user/review/consumption/HOTEL/GENERAL/71859,15,36,"Nyaman, bersih tapi breakfastnya kurang variatif. Terima kasih",Diulas 451 minggu lalu
https://www.traveloka.com/id-id/user/review/consumption/HOTEL/GENERAL/71859,15,37,Secara keseluruhan itu tinggal yang menyenangkan bagi saya. Namun Anda harus bersiap untuk tidak stabilnya koneksi internet. Berharap mereka melakukan sesuatu untuk memperbaiki diri,Diulas 451 minggu lalu
https://www.traveloka.com/id-id/user/review/consumption/HOTEL/GENERAL/71859,15,38,"Bersih, nyaman, pelayanan ramah dan sarapan nya enak",Diulas 452 minggu lalu
https://www.traveloka.com/id-id/user/review/consumption/HOTEL/GENERAL/71859,15,39,Tempat yang bagus untuk tinggal dan bersantai.,Diulas 452 minggu lalu
https://www.traveloka.com/id-id/user/review/consumption/HOTEL/GENERAL/71859,15,40,Bagus. Saya suka tinggal di santika selama liburan keluarga saya Sabtu lalu. Anak-anak saya menikmati berenang dan menghabiskan berjam-jam di sana. Kami tidur sangat nyenyak dan akhirnya menu cukup beragam untuk sarapan pagi. Suka,Diulas 452 minggu lalu
https://www.traveloka.com/id-id/user/review/consumption/HOTEL/GENERAL/71859,16,1,Bersih pelayanannya ramah lokasi strategis makanan juga enak,Diulas 452 minggu lalu
https://www.traveloka.com/id-id/user/review/consumption/HOTEL/GENERAL/71859,16,2,"Hotel yang menyenangkan untuk liburan keluarga. Tidak bising walaupun di tengah kota. Hotelnya luas, bangunan lama namun nyaman. Semua fasilitas ok. Menu makanan seperti cakwe dan bolang baling dan bumbu kacang lengko tidak enak, menu asam manis terlalu asin. Kue-kue dan pastry enak. Menu lain pas semua. Terutama pisang goreng dan aneka sayur. Kami senang menginap di hotel ini.",Diulas 452 minggu lalu
https://www.traveloka.com/id-id/user/review/consumption/HOTEL/GENERAL/71859,16,3,Hotel yang sangat bagus di kawasan strategis,Diulas 452 minggu lalu
https://www.traveloka.com/id-id/user/review/consumption/HOTEL/GENERAL/71859,16,4,"Memuaskan, breakfast bervariasi enak, bisa direkomendasikan ke teman",Diulas 452 minggu lalu
https://www.traveloka.com/id-id/user/review/consumption/HOTEL/GENERAL/71859,16,5,Semua pelayanan bagus,Diulas 453 minggu lalu
https://www.traveloka.com/id-id/user/review/consumption/HOTEL/GENERAL/71859,16,6,"Santika Cirebon, pelayanan cepat, makanan enak, ramah dan kamar bersih.",Diulas 453 minggu lalu
https://www.traveloka.com/id-id/user/review/consumption/HOTEL/GENERAL/71859,16,7,Pelayanan cepat dan petugas ramah.,Diulas 453 minggu lalu
https://www.traveloka.com/id-id/user/review/consumption/HOTEL/GENERAL/71859,16,8,Keramahtamahan yang bagus. Kami akan kembali.,Diulas 453 minggu lalu
https://www.traveloka.com/id-id/user/review/consumption/HOTEL/GENERAL/71859,16,9,Mantap dan bagus sekali dan myaman,Diulas 453 minggu lalu
https://www.traveloka.com/id-id/user/review/consumption/HOTEL/GENERAL/71859,16,10,"Suasana nyaman kamar luas dan bersih anak anak senang kolam renang besar, pertugas hotel ramah dan sangat membantu pasti akan kembali lagi kesini",Diulas 453 minggu lalu
https://www.traveloka.com/id-id/user/review/consumption/HOTEL/GENERAL/71859,16,11,Pelayanannya ok dengan harga yang reasonable,Diulas 453 minggu lalu
https://www.traveloka.com/id-id/user/review/consumption/HOTEL/GENERAL/71859,16,12,"Menginap 2 malam bersama keluarga, menyenangkan, hanya saja tamu kamar di atas saya berisik sekali, istirahat malam terganggu, selain itu semuanya memuaskan,",Diulas 453 minggu lalu
https://www.traveloka.com/id-id/user/review/consumption/HOTEL/GENERAL/71859,16,13,"Lokasi strategis, nyaman, makanan enak dan beragam",Diulas 453 minggu lalu
https://www.traveloka.com/id-id/user/review/consumption/HOTEL/GENERAL/71859,16,14,dekat ke mana-mana. Pelayanan baik,Diulas 455 minggu lalu
https://www.traveloka.com/id-id/user/review/consumption/HOTEL/GENERAL/71859,16,15,"keseluruhan bagus ... bersih, nyaman, berbagai sarapan",Diulas 455 minggu lalu
https://www.traveloka.com/id-id/user/review/consumption/HOTEL/GENERAL/71859,16,16,Secara keseluruhan oke.,Diulas 455 minggu lalu
https://www.traveloka.com/id-id/user/review/consumption/HOTEL/GENERAL/71859,16,17,Santika luar biasa! Lain kesempatan ingin menginap di Santika Cirebon lagi :),Diulas 455 minggu lalu
https://www.traveloka.com/id-id/user/review/consumption/HOTEL/GENERAL/71859,16,18,"Hotel sangat recommended, pelayanan cukup baik & bersih.",Diulas 455 minggu lalu
https://www.traveloka.com/id-id/user/review/consumption/HOTEL/GENERAL/71859,16,19,"Pengalaman menyenangkan menginap di Santika Cirebon...Lokasi,Fasilitas dan keramahan petugasnya...menu Sarapan bervariasi.. recommended hotel di cirebon",Diulas 456 minggu lalu
https://www.traveloka.com/id-id/user/review/consumption/HOTEL/GENERAL/71859,16,20,Senang dan tingkatkan pelayannya.,Diulas 456 minggu lalu
https://www.traveloka.com/id-id/user/review/consumption/HOTEL/GENERAL/71859,16,21,Pengalaman hebat tinggal di Santika Cirebon. Akan tinggal lagi di tempat lain.,Diulas 456 minggu lalu
https://www.traveloka.com/id-id/user/review/consumption/HOTEL/GENERAL/71859,16,22,Kamarnya bersih dan menu breakfastnya lumayan enak-enak,Diulas 456 minggu lalu
https://www.traveloka.com/id-id/user/review/consumption/HOTEL/GENERAL/71859,16,23,"Bersih, nyaman dan pelayanan cepat",Diulas 456 minggu lalu
https://www.traveloka.com/id-id/user/review/consumption/HOTEL/GENERAL/71859,16,24,"Menyenangkan dan nyaman bersama anak-anak menginap disini.. letak strategis dekat mall, fasilitas memuaskan..",Diulas 456 minggu lalu
https://www.traveloka.com/id-id/user/review/consumption/HOTEL/GENERAL/71859,16,25,"Semuanya bagus, tapi WiFi punya koneksi yang buruk",Diulas 456 minggu lalu
https://www.traveloka.com/id-id/user/review/consumption/HOTEL/GENERAL/71859,16,26,"Overall bagus semua dan nyaman hanya karena dapat room paling ujung wifi tidak bisa,signal hp susah. tempat strategis lingkungannya sejuk dan rapi",Diulas 456 minggu lalu
https://www.traveloka.com/id-id/user/review/consumption/HOTEL/GENERAL/71859,16,27,"Hotelnya bagus, fasilitasnya juga lengkap. Mengesankan.",Diulas 457 minggu lalu
https://www.traveloka.com/id-id/user/review/consumption/HOTEL/GENERAL/71859,16,28,"Ini adalah hotel yang nyaman, sangat dianjurkan",Diulas 457 minggu lalu
https://www.traveloka.com/id-id/user/review/consumption/HOTEL/GENERAL/71859,16,29,"Pelayanan baik, ramah dan cepat",Diulas 457 minggu lalu
https://www.traveloka.com/id-id/user/review/consumption/HOTEL/GENERAL/71859,16,30,Makanannya masih di bawah santika2 yang lain...,Diulas 457 minggu lalu
https://www.traveloka.com/id-id/user/review/consumption/HOTEL/GENERAL/71859,16,31,"Hotelnya bersih dan nyaman, cocok untuk urusan bisnis dan liburan keluarga.",Diulas 457 minggu lalu
https://www.traveloka.com/id-id/user/review/consumption/HOTEL/GENERAL/71859,16,32,Hotelnya asri...pelayanan bagus...ramah,Diulas 457 minggu lalu
https://www.traveloka.com/id-id/user/review/consumption/HOTEL/GENERAL/71859,16,33,"hotel bagus, bersih, sarapan enak ..",Diulas 457 minggu lalu
https://www.traveloka.com/id-id/user/review/consumption/HOTEL/GENERAL/71859,16,34,Pelayanan dan breakfast sudah ok tetapi untuk kamar kurang memuaskan karena pintu kamar mandi agak susah di tutup dan di depan kamar mandi selang AC nya bocor jadi airnya menetes ke lantai,Diulas 457 minggu lalu
https://www.traveloka.com/id-id/user/review/consumption/HOTEL/GENERAL/71859,16,35,Oke cukup baik dan nyaman untuk saya,Diulas 458 minggu lalu
https://www.traveloka.com/id-id/user/review/consumption/HOTEL/GENERAL/71859,16,36,"Hotel lama, dengan harga yang mirip udah bisa dapat hotel yang lebih cozy..",Diulas 458 minggu lalu
https://www.traveloka.com/id-id/user/review/consumption/HOTEL/GENERAL/71859,16,37,"Baik, kebersihan kamar perlu ditingkatkan. Thanks",Diulas 459 minggu lalu
https://www.traveloka.com/id-id/user/review/consumption/HOTEL/GENERAL/71859,16,38,Good hotel for vacation. Lokasi strategis.,Diulas 460 minggu lalu
https://www.traveloka.com/id-id/user/review/consumption/HOTEL/GENERAL/71859,16,39,Lumayan bersih hotelnya staffnya ramah dan sarapannya banyak jajanan pasar,Diulas 460 minggu lalu
https://www.traveloka.com/id-id/user/review/consumption/HOTEL/GENERAL/71859,16,40,"Sangat baik, bagus, bahkan pesanan diupgrade tanpa biaya tambah",Diulas 460 minggu lalu
https://www.traveloka.com/id-id/user/review/consumption/HOTEL/GENERAL/71859,17,1,Hotel nyaman dengan bentuk gedung yang terbuka. Kamar bersih namun penerangan lampu kurang.,Diulas 460 minggu lalu
https://www.traveloka.com/id-id/user/review/consumption/HOTEL/GENERAL/71859,17,2,Sip. Pelayanan Sesuai dengan harganya,Diulas 460 minggu lalu
https://www.traveloka.com/id-id/user/review/consumption/HOTEL/GENERAL/71859,17,3,"Walaupun hotelnya tua tapi masih sangat terawat, lokasinya strategis dekat dengan pusat kota dan mall. menu breakfast variatif dan rasanya enak. bagian terbaiknya ketika menginap dengan keluarga adalah area kolam renang bersih dan luas.",Diulas 460 minggu lalu
https://www.traveloka.com/id-id/user/review/consumption/HOTEL/GENERAL/71859,17,4,Besar kolam renang dan sarapan,Diulas 460 minggu lalu
https://www.traveloka.com/id-id/user/review/consumption/HOTEL/GENERAL/71859,17,5,"Hotelnya walau kuno tapi tetap modern. Pelayanan sangat baik. Check in cepat. Kamar nyaman, staff rumah dan baik.makanan variasinya banyak dan tidak kekurangan walau kami breakfast agak terlambat. Betah deh. kalau ke cirebon lagi. pasti kesini",Diulas 461 minggu lalu
https://www.traveloka.com/id-id/user/review/consumption/HOTEL/GENERAL/71859,17,6,"Hotel Santika Cirebon recommend untuk menginap dengan membawa keluarga (kakek, nenek dan anak2). Petugas nya juga ramah-ramah.",Diulas 461 minggu lalu
https://www.traveloka.com/id-id/user/review/consumption/HOTEL/GENERAL/71859,17,7,"Makanannya gak enak, kurang variasi. Rata-rata asin.",Diulas 461 minggu lalu
https://www.traveloka.com/id-id/user/review/consumption/HOTEL/GENERAL/71859,17,8,"Nice ruangan, layanan besar, bagus, besar dan bersih kolam renang. Kami berenang di malam hari dan itu bagus",Diulas 461 minggu lalu
https://www.traveloka.com/id-id/user/review/consumption/HOTEL/GENERAL/71859,17,9,Senang tinggal di sini. Berenang bagus Ada banyak pilihan untuk sarapan pagi.,Diulas 462 minggu lalu
https://www.traveloka.com/id-id/user/review/consumption/HOTEL/GENERAL/71859,17,10,Lobby terkesan asri dan lapang.,Diulas 463 minggu lalu
https://www.traveloka.com/id-id/user/review/consumption/HOTEL/GENERAL/71859,17,11,"Butuh renovasi, liftnya buruk tapi kolam renangnya bagus",Diulas 463 minggu lalu
https://www.traveloka.com/id-id/user/review/consumption/HOTEL/GENERAL/71859,17,12,Kenyamanan tempat tinggal. Besar!,Diulas 463 minggu lalu
https://www.traveloka.com/id-id/user/review/consumption/HOTEL/GENERAL/71859,17,13,Recommended banget deh. Tempat strategis top.,Diulas 463 minggu lalu
https://www.traveloka.com/id-id/user/review/consumption/HOTEL/GENERAL/71859,17,14,"Hotelnya nyaman, sarapan lengkap, puas deh.",Diulas 463 minggu lalu
https://www.traveloka.com/id-id/user/review/consumption/HOTEL/GENERAL/71859,17,15,Hotel strategis di tengah kota dengan nuasa klasik dan pemandangan bagus.,Diulas 464 minggu lalu
https://www.traveloka.com/id-id/user/review/consumption/HOTEL/GENERAL/71859,17,16,Walaupun bangunan relatif tua namun kamar dan fasilitas lain telah direnovasi hingga tetap terasa nyaman.,Diulas 464 minggu lalu
https://www.traveloka.com/id-id/user/review/consumption/HOTEL/GENERAL/71859,17,17,Ada nyamuk dan malamnya ada bunyi gluduk2 di atas kamar,Diulas 464 minggu lalu
https://www.traveloka.com/id-id/user/review/consumption/HOTEL/GENERAL/71859,17,18,"pelayanan khas Santika, namun kondisi hotel yang sudah tua sehingga banyak hal yang kurang optimal .. dan perlu diperbaharui....",Diulas 464 minggu lalu
https://www.traveloka.com/id-id/user/review/consumption/HOTEL/GENERAL/71859,17,19,Tingkatkan alternative menu kuliner indonesia untuk break fast,Diulas 464 minggu lalu
https://www.traveloka.com/id-id/user/review/consumption/HOTEL/GENERAL/71859,17,20,"Hotel yang bagus, kolam renang yang bagus, staf yang ramah.",Diulas 465 minggu lalu
https://www.traveloka.com/id-id/user/review/consumption/HOTEL/GENERAL/71859,17,21,"Lumayan, Sarapan tidak hangat Dan dingin",Diulas 465 minggu lalu
https://www.traveloka.com/id-id/user/review/consumption/HOTEL/GENERAL/71859,17,22,"Tidak seperti hotel santika lainnya, hotel ini bangunannya cukup lama. Jadi diluar ekspektasi",Diulas 465 minggu lalu
https://www.traveloka.com/id-id/user/review/consumption/HOTEL/GENERAL/71859,17,23,"Ruang lobi sangat bagus, tempat parkir yang luas, layanan terbaik.",Diulas 465 minggu lalu
https://www.traveloka.com/id-id/user/review/consumption/HOTEL/GENERAL/71859,17,24,"Hanya butuh tempat untuk beristirahat selama &quot;mudik&quot;, sangat hebat terutama untuk &quot;sahur&quot;. Lalu kami check out di pagi hari. Terima kasih Santika.",Diulas 465 minggu lalu
https://www.traveloka.com/id-id/user/review/consumption/HOTEL/GENERAL/71859,17,25,Hotel bersih makanannya variatif pokoknya ok,Diulas 465 minggu lalu
https://www.traveloka.com/id-id/user/review/consumption/HOTEL/GENERAL/71859,17,26,"Tempat strategis, parkiran luas, kamar bersih...good",Diulas 466 minggu lalu
https://www.traveloka.com/id-id/user/review/consumption/HOTEL/GENERAL/71859,17,27,"Bersih dan nyaman, perlu dipertahankan.",Diulas 466 minggu lalu
https://www.traveloka.com/id-id/user/review/consumption/HOTEL/GENERAL/71859,17,28,Hotel yang sangat bagus. Tempat parkir bisa lebih baik.,Diulas 466 minggu lalu
https://www.traveloka.com/id-id/user/review/consumption/HOTEL/GENERAL/71859,17,29,ramah-ramah dan ada nya shuttle dapat mempermudah ke csb dan grage mall,Diulas 466 minggu lalu
https://www.traveloka.com/id-id/user/review/consumption/HOTEL/GENERAL/71859,17,30,"Hotel bersih, strategis, breakfast ok, helpful staff.",Diulas 466 minggu lalu
https://www.traveloka.com/id-id/user/review/consumption/HOTEL/GENERAL/71859,17,31,"Semuanya bagus, hanya hotelnya sudah lama.",Diulas 466 minggu lalu
https://www.traveloka.com/id-id/user/review/consumption/HOTEL/GENERAL/71859,17,32,"Hotel ini sangat tua, tapi tidak apa-apa.",Diulas 466 minggu lalu
https://www.traveloka.com/id-id/user/review/consumption/HOTEL/GENERAL/71859,17,33,Kamar hotel bersih dan pelayanan yang ramah. Tempat strategis.,Diulas 467 minggu lalu
https://www.traveloka.com/id-id/user/review/consumption/HOTEL/GENERAL/71859,17,34,"seperti di rumah sendiri, homi...",Diulas 467 minggu lalu
https://www.traveloka.com/id-id/user/review/consumption/HOTEL/GENERAL/71859,17,35,Murah dan nyaman tempat tinggal.,Diulas 467 minggu lalu
https://www.traveloka.com/id-id/user/review/consumption/HOTEL/GENERAL/71859,17,36,Menginap kali ke 2. Suasana tenang.,Diulas 467 minggu lalu
https://www.traveloka.com/id-id/user/review/consumption/HOTEL/GENERAL/71859,17,37,Sejauh ini tempat yang bagus untuk menginap. Layanannya ok,Diulas 467 minggu lalu
https://www.traveloka.com/id-id/user/review/consumption/HOTEL/GENERAL/71859,17,38,Ok kamarnya sesuai expectation,Diulas 468 minggu lalu
https://www.traveloka.com/id-id/user/review/consumption/HOTEL/GENERAL/71859,17,39,Tolong kamarnya diperbaiki. Agak tua. Coba lampunya agak lebih terang,Diulas 468 minggu lalu
https://www.traveloka.com/id-id/user/review/consumption/HOTEL/GENERAL/71859,17,40,Nyaman dan bersih. Makanan ok.,Diulas 468 minggu lalu
https://www.traveloka.com/id-id/user/review/consumption/HOTEL/GENERAL/71859,18,1,"Fasilitas dan layanan yang sangat baik, makanan baik-baik saja.",Diulas 468 minggu lalu
https://www.traveloka.com/id-id/user/review/consumption/HOTEL/GENERAL/71859,18,2,"Banyak waktu selalu menginap di hotel ini, semua fasilitasnya sangat nyaman.",Diulas 468 minggu lalu
https://www.traveloka.com/id-id/user/review/consumption/HOTEL/GENERAL/71859,18,3,"Bagus, liftnya sudah lama, air panas kurang panas.",Diulas 468 minggu lalu
https://www.traveloka.com/id-id/user/review/consumption/HOTEL/GENERAL/71859,18,4,"Nyaman dan nyaman, bagus untuk liburan keluarga.",Diulas 469 minggu lalu
https://www.traveloka.com/id-id/user/review/consumption/HOTEL/GENERAL/71859,18,5,Reservasi sangat baik. Ramah. Kamar mandi oke bgt. Makanan enak dan variatif,Diulas 469 minggu lalu
https://www.traveloka.com/id-id/user/review/consumption/HOTEL/GENERAL/71859,18,6,"Hotel bersih, lengkap dan makanan enak.",Diulas 469 minggu lalu
https://www.traveloka.com/id-id/user/review/consumption/HOTEL/GENERAL/71859,18,7,"Santika selalu memberikan pelayanan maksimal kepada para tamu. Seperti dua malam kami habiskan, mobil kami dicuci oleh Hotel. Terletak di pusat kota menjadikan hotel ini bisa diakses dengan berbagai cara. Makanannya begitu lezat dan begitu banyak makanan tradisional yang mereka sediakan. Kami bersenang-senang di Santika Cirebon dan akan kembali lagi ke hotel ini.",Diulas 469 minggu lalu
https://www.traveloka.com/id-id/user/review/consumption/HOTEL/GENERAL/71859,18,8,Mantap banget bisa menginap di Hotel Santika.,Diulas 469 minggu lalu
https://www.traveloka.com/id-id/user/review/consumption/HOTEL/GENERAL/71859,18,9,"Bagus buat aktivitas keluarga, pool nya bagus, ada fasilitas fitnesnya, makanannya enak, kalau ke cirebon lagi pasti balik lagi ke santika",Diulas 469 minggu lalu
https://www.traveloka.com/id-id/user/review/consumption/HOTEL/GENERAL/71859,18,10,"Tempat yang bagus untuk liburan, tempat strategis dan hiburan sepenuhnya. Keluarga saya sangat senang disana dan begitu banyak pilihan makanan dan minuman disana.",Diulas 469 minggu lalu
https://www.traveloka.com/id-id/user/review/consumption/HOTEL/GENERAL/71859,18,11,"Lokasi hotel 800 M dari Grage Mall. Hotelnya asri banget dan nyaman. Makanannya variatif. Kolam renang besar dan luas, ada saunanya juga. Overall nyaman buat keluarga.",Diulas 469 minggu lalu
https://www.traveloka.com/id-id/user/review/consumption/HOTEL/GENERAL/71859,18,12,"Bersih, nyaman, fasilitas lengkap menu makan pagi lengkap.",Diulas 469 minggu lalu
https://www.traveloka.com/id-id/user/review/consumption/HOTEL/GENERAL/71859,18,13,"Tempat yang baik, sarapan yang baik dan fasilitas yang baik.",Diulas 469 minggu lalu
https://www.traveloka.com/id-id/user/review/consumption/HOTEL/GENERAL/71859,18,14,"Sangat memuaskan pelayanannya, kebersihan, kenyamanan dan makannya.",Diulas 470 minggu lalu
https://www.traveloka.com/id-id/user/review/consumption/HOTEL/GENERAL/71859,18,15,"Fasilitasnya lengkap, dan lokasinya strategis.",Diulas 470 minggu lalu
https://www.traveloka.com/id-id/user/review/consumption/HOTEL/GENERAL/71859,18,16,"Overall ok, pelayanan memuaskan, harga bersaing dengan selevelnya.",Diulas 470 minggu lalu
https://www.traveloka.com/id-id/user/review/consumption/HOTEL/GENERAL/71859,18,17,Pelayanan memuaskan. Stafnya ramah dan helpfull. Lingkungan nyaman hanya air kolam renang banyak banget kaporitnya sehingga baunya sangat menyengat walaupun sudah keramas.,Diulas 470 minggu lalu
https://www.traveloka.com/id-id/user/review/consumption/HOTEL/GENERAL/71859,18,18,Hotelnya bersih dan pelayanan cukup memuaskan,Diulas 470 minggu lalu
https://www.traveloka.com/id-id/user/review/consumption/HOTEL/GENERAL/71859,18,19,"Hotelnya enak, nyaman dan bersih, makanannya juga enak.",Diulas 470 minggu lalu
https://www.traveloka.com/id-id/user/review/consumption/HOTEL/GENERAL/71859,18,20,"Pelayanan bagus, ada Fasilitas antar jemput sehingga sangat membantu buat para tamu yang tidak naik kendaraan pribadi.",Diulas 470 minggu lalu
https://www.traveloka.com/id-id/user/review/consumption/HOTEL/GENERAL/71859,18,21,"Kamar hotelnya cukup tua, berbau apek mungkin dari furniture dan AC nya. Pelayanan cukup baik tapi sayangnya receptionist tidak mengingat pesan saya di malam hari untuk pagi",Diulas 470 minggu lalu
https://www.traveloka.com/id-id/user/review/consumption/HOTEL/GENERAL/71859,18,22,"Liburan bareng keluarga kecil, pelayanan ramah, makanan kecil murah dan bisa makan di kolam renang juga, kamar nyaman.",Diulas 471 minggu lalu
https://www.traveloka.com/id-id/user/review/consumption/HOTEL/GENERAL/71859,18,23,"Lokasi dekat dengan kota, bersih dan ramah, suana hotel tenang dan pelayanan yang baik. Membuat tamu nyaman tinggal di hotel",Diulas 471 minggu lalu
https://www.traveloka.com/id-id/user/review/consumption/HOTEL/GENERAL/71859,18,24,"Cukup puas menginap sama kluarga, terutama menu makana empal dan kari kambing muda plus surabi enak",Diulas 471 minggu lalu
https://www.traveloka.com/id-id/user/review/consumption/HOTEL/GENERAL/71859,18,25,Hotel tua tapi masih tempat yang bagus untuk tinggal,Diulas 471 minggu lalu
https://www.traveloka.com/id-id/user/review/consumption/HOTEL/GENERAL/71859,18,26,Hotel yang bagus dan bagus untuk hotel bintang 3,Diulas 471 minggu lalu
https://www.traveloka.com/id-id/user/review/consumption/HOTEL/GENERAL/71859,18,27,"Sangat puas, menjadi tertarik untuk menginap lagi.",Diulas 471 minggu lalu
https://www.traveloka.com/id-id/user/review/consumption/HOTEL/GENERAL/71859,18,28,"Dari masuk mobil-keluar mobil semua karyawan ramah, kamar okeh, fasilitas okeh, sarapan okeh. Harga yang pantas untuk semuanya. Pasti balik lagi ke HS.",Diulas 471 minggu lalu
https://www.traveloka.com/id-id/user/review/consumption/HOTEL/GENERAL/71859,18,29,Semuanya baik-baik saja... Tapi air panasnya tidak berfungsi dengan baik.,Diulas 471 minggu lalu
https://www.traveloka.com/id-id/user/review/consumption/HOTEL/GENERAL/71859,18,30,"Hotel lama tapi terawat, bersih. Makanan variasi & rasa enak semua. Pelayanan sangat ramah.. kolam bersih , pokoknya puas... Thanks Santika",Diulas 471 minggu lalu
https://www.traveloka.com/id-id/user/review/consumption/HOTEL/GENERAL/71859,18,31,Overall great..tingkatkan kebersihan dalam kamar,Diulas 471 minggu lalu
https://www.traveloka.com/id-id/user/review/consumption/HOTEL/GENERAL/71859,18,32,Hotel yang nyaman dan tenang and homey,Diulas 472 minggu lalu
https://www.traveloka.com/id-id/user/review/consumption/HOTEL/GENERAL/71859,18,33,"Kolam renangnya bagus dan bersih, lokasi strategis",Diulas 473 minggu lalu
https://www.traveloka.com/id-id/user/review/consumption/HOTEL/GENERAL/71859,18,34,"Lokasi hotel sangat strategis pinggir jalan raya besar & makanannya juga cukup enak, selera dengan kita semua. Sangat recommended yang akan liburan di kota Cirebon.",Diulas 473 minggu lalu
https://www.traveloka.com/id-id/user/review/consumption/HOTEL/GENERAL/71859,18,35,"Kamar nyaman, makanan OK sekali",Diulas 473 minggu lalu
https://www.traveloka.com/id-id/user/review/consumption/HOTEL/GENERAL/71859,18,36,Selalu senang tinggal di sini,Diulas 473 minggu lalu
https://www.traveloka.com/id-id/user/review/consumption/HOTEL/GENERAL/71859,18,37,Hotel di tengah kota dengan suasana yang nyaman dan pelayanan yang ramah.,Diulas 474 minggu lalu
https://www.traveloka.com/id-id/user/review/consumption/HOTEL/GENERAL/71859,18,38,Mengesankan meskipun tempat tidur tunggal ini merupakan hasil penggabungan dua tempat tidur kembar.,Diulas 474 minggu lalu
https://www.traveloka.com/id-id/user/review/consumption/HOTEL/GENERAL/71859,18,39,"Penampilan hotel masih ok, kebersihan memuaskan, service sangat memuaskan",Diulas 474 minggu lalu
https://www.traveloka.com/id-id/user/review/consumption/HOTEL/GENERAL/71859,18,40,Tempat yang nyaman untuk bisnis.,Diulas 474 minggu lalu
https://www.traveloka.com/id-id/user/review/consumption/HOTEL/GENERAL/71859,19,1,"Pelayanan hotel santika cirebon memuaskan, staff ramah dan siap membantu, untuk kebersihan bagus meskipun hotel relatif kuno, kolam renang baik, untuk breakfast menu yang ditawarkan biasa, Lokasi hotel sangat srategis...overall pelayanan hotel santika Cirebon memuaskan.",Diulas 474 minggu lalu
https://www.traveloka.com/id-id/user/review/consumption/HOTEL/GENERAL/71859,19,2,"Hotel santika oke banget pokoknya... Liburan jadi semakin menyenangkan... Kebersihan, pelayanan nya memuaskan.",Diulas 474 minggu lalu
https://www.traveloka.com/id-id/user/review/consumption/HOTEL/GENERAL/71859,19,3,Pelayanan cukup bagus. Hanya perlu diperhatikan perlengkapan kamar. Di kamar kami kran shower untuk memilih shower. Tidak berfungsi alias rusak,Diulas 474 minggu lalu
https://www.traveloka.com/id-id/user/review/consumption/HOTEL/GENERAL/71859,19,4,Bukan yang pertamakali stay disantika...dan selalu menyenangkan,Diulas 474 minggu lalu
https://www.traveloka.com/id-id/user/review/consumption/HOTEL/GENERAL/71859,19,5,Kamarnya nyaman dan ada barbeque night jadi tidak perlu keluar untuk cari makan.,Diulas 474 minggu lalu
https://www.traveloka.com/id-id/user/review/consumption/HOTEL/GENERAL/71859,19,6,"Hotel bersih, nyaman, sarapan juga enak, saran di ruang sarapan dipasang TV ya.",Diulas 474 minggu lalu
https://www.traveloka.com/id-id/user/review/consumption/HOTEL/GENERAL/71859,19,7,Santika Cirebon juaraa daah..!,Diulas 475 minggu lalu
https://www.traveloka.com/id-id/user/review/consumption/HOTEL/GENERAL/71859,19,8,"pelayanan ramah, kamar bersih dan lega, sarapan yang variatif, plus kolam renang dan wifi yang kenceng",Diulas 475 minggu lalu
https://www.traveloka.com/id-id/user/review/consumption/HOTEL/GENERAL/71859,19,9,"Makanannya enak, pokoknya sipLah",Diulas 475 minggu lalu
https://www.traveloka.com/id-id/user/review/consumption/HOTEL/GENERAL/71859,19,10,Sesuai dengan foto yang ada di Traveloka,Diulas 475 minggu lalu
https://www.traveloka.com/id-id/user/review/consumption/HOTEL/GENERAL/71859,19,11,untuk kamar saya suka karena cukup luas dan bersih,Diulas 475 minggu lalu
https://www.traveloka.com/id-id/user/review/consumption/HOTEL/GENERAL/71859,19,12,Kualitas layanan yang memuaskan dan keramahannya,Diulas 475 minggu lalu
https://www.traveloka.com/id-id/user/review/consumption/HOTEL/GENERAL/71859,19,13,Pelayanan ramah tetutama petugas renangnya..,Diulas 475 minggu lalu
https://www.traveloka.com/id-id/user/review/consumption/HOTEL/GENERAL/71859,19,14,Ruangan itu benar-benar bersih dan nyaman,Diulas 475 minggu lalu
https://www.traveloka.com/id-id/user/review/consumption/HOTEL/GENERAL/71859,19,15,"Nyaman, enak dan dekat dengan pusat kota",Diulas 475 minggu lalu
https://www.traveloka.com/id-id/user/review/consumption/HOTEL/GENERAL/71859,19,16,"Overall bagus, pelayanan ramah, kamar bersih, sarapan banyak menu, lokasi strategis, harga bersaing. Mantap..",Diulas 475 minggu lalu
https://www.traveloka.com/id-id/user/review/consumption/HOTEL/GENERAL/71859,19,17,"Nyaman, menu breakfast bervariasi. Saluran pembuangan air di kamar mandi tidak lancar, jadi air menggenang.",Diulas 476 minggu lalu
https://www.traveloka.com/id-id/user/review/consumption/HOTEL/GENERAL/71859,19,18,"Pelayanan memuaskan, lokasi dekat kemana-mana, hanya saja AC kama kurang dingin.",Diulas 476 minggu lalu
https://www.traveloka.com/id-id/user/review/consumption/HOTEL/GENERAL/71859,19,19,"Menyenangkan, nyaman dan strategis.",Diulas 476 minggu lalu
https://www.traveloka.com/id-id/user/review/consumption/HOTEL/GENERAL/71859,19,20,"Hotel yang bagus, puas.",Diulas 476 minggu lalu
https://www.traveloka.com/id-id/user/review/consumption/HOTEL/GENERAL/71859,19,21,Nyaman...Ga mengecewakan deh..thanks,Diulas 476 minggu lalu
https://www.traveloka.com/id-id/user/review/consumption/HOTEL/GENERAL/71859,19,22,Tempat makan kurang besar. Stand makan ada di luar dan dalam. kalau mau ambil makan yang di luar harus keluar masuk resto.,Diulas 476 minggu lalu
https://www.traveloka.com/id-id/user/review/consumption/HOTEL/GENERAL/71859,19,23,Baik dan memuaskan serta pelayanan memuaskan.,Diulas 477 minggu lalu
https://www.traveloka.com/id-id/user/review/consumption/HOTEL/GENERAL/71859,19,24,"AC kurang berfungsi, panas, sudah panggil teknisi hanya diliat.",Diulas 477 minggu lalu
https://www.traveloka.com/id-id/user/review/consumption/HOTEL/GENERAL/71859,19,25,"Ramah, bersih dan sarapannya ok banget karena banyak pilihan.",Diulas 477 minggu lalu
https://www.traveloka.com/id-id/user/review/consumption/HOTEL/GENERAL/71859,19,26,"Pelayanan bagus, parkir luas, mobil dicuci.",Diulas 478 minggu lalu
https://www.traveloka.com/id-id/user/review/consumption/HOTEL/GENERAL/71859,19,27,Tempat tinggal yang baik untuk keluarga,Diulas 478 minggu lalu
https://www.traveloka.com/id-id/user/review/consumption/HOTEL/GENERAL/71859,19,28,"hotel besar, bersih dan dekat dengan toko belanja",Diulas 478 minggu lalu
https://www.traveloka.com/id-id/user/review/consumption/HOTEL/GENERAL/71859,19,29,"Hotel lama tapi masih bagus terutama kolam renang airnya tidak dingin. Sarapan biasa saja, pelayanann ramah dan ok. Kalau ke Cirebon pasti menginap di Santika lagi.",Diulas 478 minggu lalu
https://www.traveloka.com/id-id/user/review/consumption/HOTEL/GENERAL/71859,19,30,Mantaap.. akses mudah. Makanan enak..,Diulas 478 minggu lalu
https://www.traveloka.com/id-id/user/review/consumption/HOTEL/GENERAL/71859,19,31,Hotel dan stafnya menyenangkan,Diulas 479 minggu lalu
https://www.traveloka.com/id-id/user/review/consumption/HOTEL/GENERAL/71859,19,32,"Semuanya ok, hanya makanannya menurut saya rasanya biasa saja",Diulas 479 minggu lalu
https://www.traveloka.com/id-id/user/review/consumption/HOTEL/GENERAL/71859,19,33,"Ragam makanan, baik ruangan, interior perlu ditingkatkan.",Diulas 479 minggu lalu
https://www.traveloka.com/id-id/user/review/consumption/HOTEL/GENERAL/71859,19,34,"Tempatnya enak banget, walau bangunan jadul tp sangat terawat. Tempat nya asri and makanannya enak banget. Hanya sedikit ada bau kurang sedap d toilet kamar, tp so far oke banget. Thanks santika.",Diulas 479 minggu lalu
https://www.traveloka.com/id-id/user/review/consumption/HOTEL/GENERAL/71859,19,35,Nyaman dan suasana tenang banget.,Diulas 479 minggu lalu
https://www.traveloka.com/id-id/user/review/consumption/HOTEL/GENERAL/71859,19,36,check-in cepat dan pelayanan ramah,Diulas 480 minggu lalu
https://www.traveloka.com/id-id/user/review/consumption/HOTEL/GENERAL/71859,19,37,"Sangat memuaskan, lokasi ditengah kota banyak kuliner yang dekat hotel, naik becak bisa",Diulas 480 minggu lalu
https://www.traveloka.com/id-id/user/review/consumption/HOTEL/GENERAL/71859,19,38,"Secara keseluruhan bagus, saya akan menginap di hotel santika lagi jika saya pergi ke Cirebon.",Diulas 480 minggu lalu
https://www.traveloka.com/id-id/user/review/consumption/HOTEL/GENERAL/71859,19,39,Santika selalu besar seperti biasa. makanan juga bagus.,Diulas 481 minggu lalu
https://www.traveloka.com/id-id/user/review/consumption/HOTEL/GENERAL/71859,19,40,"Senang tinggal di Hotel Santika Cirebon. Keamanan terjamin. Miobil dicuci bersih. Wifi kuat. Ada sedikit usul: Welcome drink tidak perlu ditanyakan lebih dahulu oleh tamu. Terlihat tamu-tamu yang merokok di lobby sambil duduk-duduk di sofa, bahkan di depan lift yang sedikit banyak mengganggu tamu yang lain, pelayanan omelette pada sarapan pagi harus tunggu agak lama.Terima kasih.",Diulas 481 minggu lalu
https://www.traveloka.com/id-id/user/review/consumption/HOTEL/GENERAL/71859,20,1,"hotel nya asri, bersih, staf ramah, kolam renang besar dan bersih, makanan enak dan kamar luas",Diulas 482 minggu lalu
https://www.traveloka.com/id-id/user/review/consumption/HOTEL/GENERAL/71859,20,2,"Bersih, tenang dan makanannya enak",Diulas 482 minggu lalu
https://www.traveloka.com/id-id/user/review/consumption/HOTEL/GENERAL/71859,20,3,"Bagus dan murah,sangat ditekomendasikan",Diulas 482 minggu lalu
https://www.traveloka.com/id-id/user/review/consumption/HOTEL/GENERAL/71859,20,4,Semua staf sangat ramah dan membantu,Diulas 482 minggu lalu
https://www.traveloka.com/id-id/user/review/consumption/HOTEL/GENERAL/71859,20,5,staf nya ramah ramah menu sarapan sangat bervariasi,Diulas 483 minggu lalu
https://www.traveloka.com/id-id/user/review/consumption/HOTEL/GENERAL/71859,20,6,Bagus dan saya suka ini hotel terima kasih,Diulas 483 minggu lalu
https://www.traveloka.com/id-id/user/review/consumption/HOTEL/GENERAL/71859,20,7,"Hotel besar dan layanan, cinta sarapan dan restoran dan hotel atmosfer",Diulas 483 minggu lalu
https://www.traveloka.com/id-id/user/review/consumption/HOTEL/GENERAL/71859,20,8,"Hotel oke, staff ramah, sarapan variatif",Diulas 483 minggu lalu
https://www.traveloka.com/id-id/user/review/consumption/HOTEL/GENERAL/71859,20,9,Santika adalah hotel terbaik di Cirebon,Diulas 483 minggu lalu
https://www.traveloka.com/id-id/user/review/consumption/HOTEL/GENERAL/71859,20,10,"Saya pesan 2 kamar yang executive dan suite, yang kamar executive sempat masuk air dari jendela karena hujan tapi cepat diatasi setelah kami telepon room service, kamarnya yang suite bagus dan luas, cuma closet dan bathtubnya sudah lama tidak diganti warnanya kusam, hairdryernya juga copot pas mau digunakan, wifinya kenceng, sarapannya variatif, kolam renangnya luas, tapi sayang petugas penjaga kolam renangnya seperti kurang bersahabat, overall bagus.",Diulas 483 minggu lalu
https://www.traveloka.com/id-id/user/review/consumption/HOTEL/GENERAL/71859,20,11,Saya dalam perjalanan pekerjaan saya overall bagus semua....,Diulas 483 minggu lalu
https://www.traveloka.com/id-id/user/review/consumption/HOTEL/GENERAL/71859,20,12,"bersih, nyaman, Dan makanan yang baik.",Diulas 483 minggu lalu
https://www.traveloka.com/id-id/user/review/consumption/HOTEL/GENERAL/71859,20,13,"Bagus dan nyaman ..., mudah untuk menemukan hotel dan dekat dengan supermarket",Diulas 483 minggu lalu
https://www.traveloka.com/id-id/user/review/consumption/HOTEL/GENERAL/71859,20,14,Sangat nyaman dan tempatnya strategis,Diulas 484 minggu lalu
https://www.traveloka.com/id-id/user/review/consumption/HOTEL/GENERAL/71859,20,15,"Fasilitas kamar mandi kurang memuaskan...bau, air AC menetes menyebabkan kamar menj licin",Diulas 484 minggu lalu
https://www.traveloka.com/id-id/user/review/consumption/HOTEL/GENERAL/71859,20,16,"Fasilitas kamar mandi kurang memuaskan....bau dan air AC menetes, shgg kamar menjadi licin",Diulas 484 minggu lalu
https://www.traveloka.com/id-id/user/review/consumption/HOTEL/GENERAL/71859,20,17,"Kolam renang bagus & luas. Cocok untuk anak2 karena tidak dalam. Breakfast enak & bervariasi & ada makanan tradisional Cirebon nya (nasi jamblang?). Cuma yang kecewa, waktu masuk agak kaget dikasih ruangan yang, smooking room.   . Terasa bangeut bau rokok menyengat. Padahal bawa anak kecil, minta diganti kamar; tapi tidak bisa & petugas hotel hanya menyemprotkan pewangi ruangan. Ya sudahlah.....",Diulas 484 minggu lalu
https://www.traveloka.com/id-id/user/review/consumption/HOTEL/GENERAL/71859,20,18,"Kamar bersih, cukup luas, lingkungan bersih, makanan cukup bervariasi, tersedia menu khas Cirebon",Diulas 484 minggu lalu
https://www.traveloka.com/id-id/user/review/consumption/HOTEL/GENERAL/71859,20,19,Terima kasih atas keramahannya.,Diulas 484 minggu lalu
https://www.traveloka.com/id-id/user/review/consumption/HOTEL/GENERAL/71859,20,20,"Sangat memuaskan, pasti menginap disini lagi kalau ke Cirebon",Diulas 485 minggu lalu
https://www.traveloka.com/id-id/user/review/consumption/HOTEL/GENERAL/71859,20,21,"Hotel yang bagus di Cirebon, worth it.",Diulas 485 minggu lalu
https://www.traveloka.com/id-id/user/review/consumption/HOTEL/GENERAL/71859,20,22,"Overall ok, di 305 AC tidak bisa disetting suhunya tolong di repair, mobil dicucikan oke.",Diulas 486 minggu lalu
https://www.traveloka.com/id-id/user/review/consumption/HOTEL/GENERAL/71859,20,23,Harga wajar karena layanan dan fasilitas,Diulas 486 minggu lalu
https://www.traveloka.com/id-id/user/review/consumption/HOTEL/GENERAL/71859,20,24,Totally pelayanan dari santika ok...,Diulas 486 minggu lalu
https://www.traveloka.com/id-id/user/review/consumption/HOTEL/GENERAL/71859,20,25,"Bagus, nyaman dan bersih, lokasi strategis di tengah kota",Diulas 486 minggu lalu
https://www.traveloka.com/id-id/user/review/consumption/HOTEL/GENERAL/71859,20,26,"Sangat memuaskan, pertahankan terus..",Diulas 486 minggu lalu
https://www.traveloka.com/id-id/user/review/consumption/HOTEL/GENERAL/71859,20,27,Kamarnya cukup lega dan nyaman hanya saja liftnya kecil dan lambat,Diulas 486 minggu lalu
https://www.traveloka.com/id-id/user/review/consumption/HOTEL/GENERAL/71859,20,28,Semua baik kecuali makanannya tidak begitu enak.,Diulas 486 minggu lalu
https://www.traveloka.com/id-id/user/review/consumption/HOTEL/GENERAL/71859,20,29,menikmati hotel dekat untuk di mana-mana tempat,Diulas 487 minggu lalu
https://www.traveloka.com/id-id/user/review/consumption/HOTEL/GENERAL/71859,20,30,"Pelayanan, kebersihan dan fasilitasnya ok",Diulas 487 minggu lalu
https://www.traveloka.com/id-id/user/review/consumption/HOTEL/GENERAL/71859,20,31,Baik untuk liburan bersama keluarga.,Diulas 488 minggu lalu
https://www.traveloka.com/id-id/user/review/consumption/HOTEL/GENERAL/71859,20,32,"Fasilitas, pelayanan bagus, harga reasonable.",Diulas 488 minggu lalu
https://www.traveloka.com/id-id/user/review/consumption/HOTEL/GENERAL/71859,20,33,Layanan besar .. makanan yang baik .. tepat di kota tapi di sekitar hotel tenang dan nyaman.,Diulas 488 minggu lalu
https://www.traveloka.com/id-id/user/review/consumption/HOTEL/GENERAL/71859,20,34,Hotel ini rata-rata. Lokasi yang baik. Sarapan adalah rata-rata.,Diulas 488 minggu lalu
https://www.traveloka.com/id-id/user/review/consumption/HOTEL/GENERAL/71859,20,35,Kamar dan interior hotel membutuhkan renovasi penyebab itu tidak tampak kenyamanan ..,Diulas 488 minggu lalu
https://www.traveloka.com/id-id/user/review/consumption/HOTEL/GENERAL/71859,20,36,Terimakasih traveloka terimakasih santika bisnis saya lancar siip...,Diulas 488 minggu lalu
https://www.traveloka.com/id-id/user/review/consumption/HOTEL/GENERAL/71859,20,37,"Overall, ok untuk liburan keluarga",Diulas 489 minggu lalu
https://www.traveloka.com/id-id/user/review/consumption/HOTEL/GENERAL/71859,20,38,"Lokasi strategis & nyaman, kebersihan dan rasa makanan perlu ditingkatkan.",Diulas 490 minggu lalu
https://www.traveloka.com/id-id/user/review/consumption/HOTEL/GENERAL/71859,20,39,"Oke, bila berlibur ke cirebon pasti menginap di santika lagi.",Diulas 490 minggu lalu
https://www.traveloka.com/id-id/user/review/consumption/HOTEL/GENERAL/71859,20,40,Versi lama dengan dipertahankan Hotel,Diulas 490 minggu lalu
https://www.traveloka.com/id-id/user/review/consumption/HOTEL/GENERAL/71859,21,1,"Santika Cirebon tempatnya ok untuk liburan baik untuk orang tua ataupun anak anak, fasilitas ok dan juga strategis lokasinya",Diulas 490 minggu lalu
https://www.traveloka.com/id-id/user/review/consumption/HOTEL/GENERAL/71859,21,2,Semuanya baik-baik saja... kecuali makanan adalah media.,Diulas 490 minggu lalu
https://www.traveloka.com/id-id/user/review/consumption/HOTEL/GENERAL/71859,21,3,Kenyamanan & pelayanannya bagus.,Diulas 490 minggu lalu
https://www.traveloka.com/id-id/user/review/consumption/HOTEL/GENERAL/71859,21,4,Pelayannya ramah-ramah..hotel rekomended,Diulas 490 minggu lalu
https://www.traveloka.com/id-id/user/review/consumption/HOTEL/GENERAL/71859,21,5,"Lokasi bagus, mudah mencari. Servis bagus, kamar luas, kolam renang luas, so far semua ok.",Diulas 491 minggu lalu
https://www.traveloka.com/id-id/user/review/consumption/HOTEL/GENERAL/71859,21,6,Recommended. Fasilitas lengkap. Lokasi di kota.,Diulas 491 minggu lalu
https://www.traveloka.com/id-id/user/review/consumption/HOTEL/GENERAL/71859,21,7,Hotel tua yang sangat terawat dan terus ada inovasi serta renovasi.,Diulas 491 minggu lalu
https://www.traveloka.com/id-id/user/review/consumption/HOTEL/GENERAL/71859,21,8,Late breakfast jam 10. Kami masih dilayani dengan baik bahkan masih ditawarkan makanan yg belum siap saji…,Diulas 491 minggu lalu
https://www.traveloka.com/id-id/user/review/consumption/HOTEL/GENERAL/71859,21,9,"Itu hebat, staf sangat ramah.",Diulas 491 minggu lalu
https://www.traveloka.com/id-id/user/review/consumption/HOTEL/GENERAL/71859,21,10,Suka sekali berenang malam di hotel ini airnya hangat....,Diulas 492 minggu lalu
https://www.traveloka.com/id-id/user/review/consumption/HOTEL/GENERAL/71859,21,11,Hotel yang nyaman untuk beristirahat,Diulas 493 minggu lalu
https://www.traveloka.com/id-id/user/review/consumption/HOTEL/GENERAL/71859,21,12,"Keluarga Hotel terbaik di crb ... dekat mall (Ramayana), jalan makanan (Gunungsari) ..... kolam renang yang bagus, makanan yang baik!",Diulas 493 minggu lalu
https://www.traveloka.com/id-id/user/review/consumption/HOTEL/GENERAL/71859,21,13,"Pelayanan cukup baik, menu makan cukup, kenyamanan hotel cukup terasa buat keluarga.",Diulas 494 minggu lalu
https://www.traveloka.com/id-id/user/review/consumption/HOTEL/GENERAL/71859,21,14,Sangat menyenangkan menginap di Santika cirebon..semua ok terutama makanannya. Mobil tiap pagi dicucikan juga..mantap,Diulas 494 minggu lalu
https://www.traveloka.com/id-id/user/review/consumption/HOTEL/GENERAL/71859,21,15,Makan malam dengan ikan bakar dan sate...murah meriah dan enakk...,Diulas 494 minggu lalu
https://www.traveloka.com/id-id/user/review/consumption/HOTEL/GENERAL/71859,21,16,"Pelayanan'y cukup baik.bersih,nyaman.",Diulas 495 minggu lalu
https://www.traveloka.com/id-id/user/review/consumption/HOTEL/GENERAL/71859,21,17,Proses check-in mudah dan tidak menunggu lama. Pelayanan sangat ramah. Parkir memadai dan mobil dicuci. Lokasi strategis dekat dengan restoran. Makanan di hotel variatif dan enak. Kami akan senang untuk kembali lagi. Terima kasih.,Diulas 495 minggu lalu
https://www.traveloka.com/id-id/user/review/consumption/HOTEL/GENERAL/71859,21,18,"Ruangan ini cukup kuno, tapi bersih.",Diulas 496 minggu lalu
https://www.traveloka.com/id-id/user/review/consumption/HOTEL/GENERAL/71859,21,19,Ini menyenangkan dan santai untuk vacatation saya dengan keluarga,Diulas 498 minggu lalu
https://www.traveloka.com/id-id/user/review/consumption/HOTEL/GENERAL/71859,21,20,Bersih dan nyaman. layanan bagus.,Diulas 498 minggu lalu
https://www.traveloka.com/id-id/user/review/consumption/HOTEL/GENERAL/71859,21,21,"Pelayanannya bagus banget, hotelnya nyaman",Diulas 499 minggu lalu
https://www.traveloka.com/id-id/user/review/consumption/HOTEL/GENERAL/71859,21,22,"sarapannya enak, lokasi mudah dijangkau",Diulas 500 minggu lalu
https://www.traveloka.com/id-id/user/review/consumption/HOTEL/GENERAL/71859,21,23,"Yang paling suka, kolam renangnya sangat nyaman, air didalamnya pas bgt tidak dingin, sangat pas mengajak anak-anak ke hotel ini, smua pelayanan jg baik dan ramah, makanan jg pas, satu yg kurang kamar msh ada sedikit debu di ujung meja dan sela2 sofa.",Diulas 501 minggu lalu
https://www.traveloka.com/id-id/user/review/consumption/HOTEL/GENERAL/71859,21,24,"Semua baik dan menyenangkan, akan kembali lagi.",Diulas 501 minggu lalu
https://www.traveloka.com/id-id/user/review/consumption/HOTEL/GENERAL/71859,21,25,"Secara keseluruhan memuaskan, terima kasih atas kue ulang tahunnya",Diulas 501 minggu lalu
https://www.traveloka.com/id-id/user/review/consumption/HOTEL/GENERAL/71859,21,26,"Pelayanan ramah, sarapan memuaskan, kolam renangnya asik .",Diulas 502 minggu lalu
https://www.traveloka.com/id-id/user/review/consumption/HOTEL/GENERAL/71859,21,27,Personel melayani sepenuh hati,Diulas 502 minggu lalu
https://www.traveloka.com/id-id/user/review/consumption/HOTEL/GENERAL/71859,21,28,"Kami menginap di kamar 422 dan 423. Crew reception ramah dan helpfull, kamar tercium bau tidak enak, air panas di kamar mandi tidak keluar, bising dari kamar lain/dari luar kamar terdengar sehingga mengganggu istirahat. Sarapan banyak pilihan, bubur dengan aneka toppingnya dipujikan.....",Diulas 502 minggu lalu
https://www.traveloka.com/id-id/user/review/consumption/HOTEL/GENERAL/71859,21,29,menyenangkan bisa menginap di hotel santika cirebon,Diulas 503 minggu lalu
https://www.traveloka.com/id-id/user/review/consumption/HOTEL/GENERAL/71859,21,30,layanan yang baik di lokasi terbaik.,Diulas 504 minggu lalu
https://www.traveloka.com/id-id/user/review/consumption/HOTEL/GENERAL/71859,21,31,Cukup nyaman...lokasi strategis dekat kuliner.,Diulas 504 minggu lalu
https://www.traveloka.com/id-id/user/review/consumption/HOTEL/GENERAL/71859,21,32,Sangat nyaman tinggal di hotel ini.,Diulas 504 minggu lalu
https://www.traveloka.com/id-id/user/review/consumption/HOTEL/GENERAL/71859,21,33,"Ruangan ini bagus dan bersih. Air hangat di kolam renang baik. Sangat mudah untuk pergi ke mana pun, mencari makanan.",Diulas 505 minggu lalu
https://www.traveloka.com/id-id/user/review/consumption/HOTEL/GENERAL/71859,21,34,"Semuanya oke, hanya makanan kurang banyak dan kurang enak.",Diulas 505 minggu lalu
https://www.traveloka.com/id-id/user/review/consumption/HOTEL/GENERAL/71859,21,35,"Parkir mobil luas, dekat dengan pusat keramaian dan layanan memuaskan...👍",Diulas 505 minggu lalu
https://www.traveloka.com/id-id/user/review/consumption/HOTEL/GENERAL/71859,21,36,pelayanan yang baik dan tempat yang nyaman untuk perjalanan bisnis.,Diulas 505 minggu lalu
https://www.traveloka.com/id-id/user/review/consumption/HOTEL/GENERAL/71859,21,37,Pelayanan cukup baik kamar hotel cukup nyaman,Diulas 505 minggu lalu
https://www.traveloka.com/id-id/user/review/consumption/HOTEL/GENERAL/71859,21,38,"Ramah, informatif, sangat membantu dan cukup nyaman",Diulas 506 minggu lalu
https://www.traveloka.com/id-id/user/review/consumption/HOTEL/GENERAL/71859,21,39,"Hotel yang luar biasa, sangat direkomendasikan.",Diulas 506 minggu lalu
https://www.traveloka.com/id-id/user/review/consumption/HOTEL/GENERAL/71859,21,40,"Kolamnya nyaman, airnya hangat. Hotel lama tapi masih terawat",Diulas 506 minggu lalu
https://www.traveloka.com/id-id/user/review/consumption/HOTEL/GENERAL/71859,22,1,"Suasana tradisional yang masih terasa dan lokasi yang strategis, namun pilihan menu restoran, serta ketersediaan makanan saat sarapan sangat kurang, sering makanan kosong/habis.",Diulas 507 minggu lalu
https://www.traveloka.com/id-id/user/review/consumption/HOTEL/GENERAL/71859,22,2,Sangat memuaskan menginap di Hotel Santika.,Diulas 507 minggu lalu
https://www.traveloka.com/id-id/user/review/consumption/HOTEL/GENERAL/71859,22,3,Pelayanan yang nyaman serta staf hotel yang ramah.,Diulas 509 minggu lalu
https://www.traveloka.com/id-id/user/review/consumption/HOTEL/GENERAL/71859,22,4,"pelayanan yang baik, makanan yang terjangkau, lokasi yang besar.",Diulas 509 minggu lalu
https://www.traveloka.com/id-id/user/review/consumption/HOTEL/GENERAL/71859,22,5,"Cukup bagus dan memuaskan, makanan juga oke.",Diulas 509 minggu lalu
https://www.traveloka.com/id-id/user/review/consumption/HOTEL/GENERAL/71859,22,6,Semua baik-baik saja. Ini direkomendasikan untuk semua anggota keluarga yang ingin menghabiskan liburan di Cirebon.,Diulas 510 minggu lalu
https://www.traveloka.com/id-id/user/review/consumption/HOTEL/GENERAL/71859,22,7,Saya suka hotel dengan nuansa alami.,Diulas 510 minggu lalu
https://www.traveloka.com/id-id/user/review/consumption/HOTEL/GENERAL/71859,22,8,Staf yang ramah dan kamar yang nyaman.,Diulas 510 minggu lalu
https://www.traveloka.com/id-id/user/review/consumption/HOTEL/GENERAL/71859,22,9,"layanan yang sangat baik, makanan yang baik, suasana yang nyaman.",Diulas 511 minggu lalu
https://www.traveloka.com/id-id/user/review/consumption/HOTEL/GENERAL/71859,22,10,Saya dan keluarga merasa nyaman dan senang menginap di Hotel Santika Cirebon,Diulas 512 minggu lalu
https://www.traveloka.com/id-id/user/review/consumption/HOTEL/GENERAL/71859,22,11,"Bagus dan nyaman, pelayanannya cepat dan ramah",Diulas 512 minggu lalu
https://www.traveloka.com/id-id/user/review/consumption/HOTEL/GENERAL/71859,22,12,Memuaskan pelayanan bagus. Tingkatkan.,Diulas 512 minggu lalu
https://www.traveloka.com/id-id/user/review/consumption/HOTEL/GENERAL/71859,22,13,"Oke banget, nyaman dan sarapannya mantap.",Diulas 512 minggu lalu
https://www.traveloka.com/id-id/user/review/consumption/HOTEL/GENERAL/71859,22,14,"Sarapannya enak sekali makanan khas cirebon, lokasi sangat strategis, dekat kemana2.",Diulas 512 minggu lalu
https://www.traveloka.com/id-id/user/review/consumption/HOTEL/GENERAL/71859,22,15,Cukup baik dan tidak mengecewakan,Diulas 512 minggu lalu
https://www.traveloka.com/id-id/user/review/consumption/HOTEL/GENERAL/71859,22,16,"Bagus dan nyaman kamar, makanan lezat, dan memiliki fasilitas yang lengkap. Sangat memuaskan.",Diulas 513 minggu lalu
https://www.traveloka.com/id-id/user/review/consumption/HOTEL/GENERAL/71859,22,17,Pelayanannya memuaskan dan ramah.,Diulas 513 minggu lalu
https://www.traveloka.com/id-id/user/review/consumption/HOTEL/GENERAL/71859,22,18,Hotel yang bagus untuk liburan.,Diulas 513 minggu lalu
https://www.traveloka.com/id-id/user/review/consumption/HOTEL/GENERAL/71859,22,19,"saya member sejak 6 th yang lalu,js sudah sangat cocok dari 6 th yang lalu",Diulas 513 minggu lalu
https://www.traveloka.com/id-id/user/review/consumption/HOTEL/GENERAL/71859,22,20,"Hotel yang bagus walau berstatus bintang 3 terutama dalam penyajian makanan khas daerah Cirebon, apalagi lokasi hotel yang berada di tengah kota.",Diulas 513 minggu lalu
https://www.traveloka.com/id-id/user/review/consumption/HOTEL/GENERAL/71859,22,21,Keluarga saya memiliki waktu yang tepat ketika tinggal di hotel ini dan kami akan kembali lagi untuk masa yang akan datang.,Diulas 513 minggu lalu
https://www.traveloka.com/id-id/user/review/consumption/HOTEL/GENERAL/71859,22,22,"Hotelnya bagus, bersih dan nyaman. Pelayanan juga cepat dan memuaskan. Sarapan pagi menu khas cirebon dan enak. Wifinya lelet tapi overall sangat memuaskan.",Diulas 513 minggu lalu
https://www.traveloka.com/id-id/user/review/consumption/HOTEL/GENERAL/71859,22,23,"Bangunan lama, tapi bersih dan pelayanan ramah",Diulas 515 minggu lalu
https://www.traveloka.com/id-id/user/review/consumption/HOTEL/GENERAL/71859,22,24,Kamar deluxe suite  benar-benar lega dan luas. Good.,Diulas 515 minggu lalu
https://www.traveloka.com/id-id/user/review/consumption/HOTEL/GENERAL/71859,22,25,Secara keseluruhan baik tapi air panas dan dingin perlu diperbaiki harus seimbang.,Diulas 517 minggu lalu
https://www.traveloka.com/id-id/user/review/consumption/HOTEL/GENERAL/71859,22,26,"Dekat dengan pusat pertokoan, sejuk, sunyi, ada kolam renangnya yang bening dan yang pasti hotelnya old style.",Diulas 518 minggu lalu
https://www.traveloka.com/id-id/user/review/consumption/HOTEL/GENERAL/71859,22,27,"Membersihkan kamar, lokasi strategis",Diulas 519 minggu lalu
https://www.traveloka.com/id-id/user/review/consumption/HOTEL/GENERAL/71859,22,28,"Gedung sudah tua, urgent lift harus diganti, lift macet saat ada karyawan di dalamnya, besides that overall is good.",Diulas 522 minggu lalu
https://www.traveloka.com/id-id/user/review/consumption/HOTEL/GENERAL/71859,22,29,"Segala sesuatu baik sarapan, kolam renang, pandangan, ruang",Diulas 522 minggu lalu
https://www.traveloka.com/id-id/user/review/consumption/HOTEL/GENERAL/71859,22,30,"Strategis, nyaman, bersih dan pelayanan baik",Diulas 523 minggu lalu
https://www.traveloka.com/id-id/user/review/consumption/HOTEL/GENERAL/71859,22,31,Sangat nyaman dan pelayanannya sangat memuaskan. Anak saya suka sosis tidak ada dalam menu sarapan tapi ketika pelayan restoran mendengar keinginan anak kami. pelayan tersebut lgs menawarkannya. anak saya senang sekali. Mksh hotel santika,Diulas 523 minggu lalu
https://www.traveloka.com/id-id/user/review/consumption/HOTEL/GENERAL/71859,22,32,Tidak banyak waktu untuk menjelajahi seluruh hotel. tapi saya percaya kota nya yang membuat saya merasa benar-benar puas. tq.,Diulas 523 minggu lalu
https://www.traveloka.com/id-id/user/review/consumption/HOTEL/GENERAL/71859,22,33,"Hotel yang nyaman untuk keluarga,tidak berisik, kolam renang yang cukup besar. Overall puas, namun perlu ditingkatkan kualitas breakfastnya.",Diulas 524 minggu lalu
https://www.traveloka.com/id-id/user/review/consumption/HOTEL/GENERAL/71859,22,34,Secara keseluruhan oke...kalo main ke cirebon saya akan menginap disi ni....,Diulas 524 minggu lalu
https://www.traveloka.com/id-id/user/review/consumption/HOTEL/GENERAL/71859,22,35,"Kamar nya luas, tapi perabot nya jadul. Sayang, lift nya hanya dua, dan kecil. Air panas nya agak lama keluarnya.",Diulas 524 minggu lalu
https://www.traveloka.com/id-id/user/review/consumption/HOTEL/GENERAL/71859,22,36,Pelayanan baik dan sopan. tempatnya tenang dan aman. breakfast cukup variasi dan cukup enak.,Diulas 525 minggu lalu
https://www.traveloka.com/id-id/user/review/consumption/HOTEL/GENERAL/71859,22,37,"Lantai kamar agak kotor, tetapi setelah minta housekeeping unjuk dibersihkan, semuanya ok. Variasi breakfast lumayan komplet dan enak.",Diulas 525 minggu lalu
https://www.traveloka.com/id-id/user/review/consumption/HOTEL/GENERAL/71859,22,38,Pelayanan dan keramahan harus dapat ditingkatkan lagi,Diulas 526 minggu lalu
https://www.traveloka.com/id-id/user/review/consumption/HOTEL/GENERAL/71859,22,39,"Memuaskan untuk liburan keluarga, very recommended",Diulas 527 minggu lalu
https://www.traveloka.com/id-id/user/review/consumption/HOTEL/GENERAL/71859,22,40,"Kolam renangnya hangat enak dipake renang pagi hari, pelyanan memuaskan, fasilitas asik, variasi makanan kurang selera",Diulas 528 minggu lalu
https://www.traveloka.com/id-id/user/review/consumption/HOTEL/GENERAL/71859,23,1,"Pelayanan dari karyawan hotel sangat ramah, dan sangat membantu.",Diulas 528 minggu lalu
https://www.traveloka.com/id-id/user/review/consumption/HOTEL/GENERAL/71859,23,2,"Hotel bagus dan lokasi, kamar dan staf",Diulas 530 minggu lalu
https://www.traveloka.com/id-id/user/review/consumption/HOTEL/GENERAL/71859,23,3,Baik.. nyaman untuk istirahst setelah lelah berkeliling cirebon.. tidak bising.,Diulas 530 minggu lalu
https://www.traveloka.com/id-id/user/review/consumption/HOTEL/GENERAL/71859,23,4,Hotel yang sangat baik dan layanan juga semua karyawan panas sangat sopan. Memiliki kolam renang yang bersih juga,Diulas 530 minggu lalu
https://www.traveloka.com/id-id/user/review/consumption/HOTEL/GENERAL/71859,23,5,"1. Kami mendapatkan kamar untuk smoker. Udara kamar agak bau rokok 2. Kami juga mendapatkan kamar twins bed. Pd saat bed digeser didempetkan, ada beberapa sampah bgkus makanan di kolong bed",Diulas 530 minggu lalu
https://www.traveloka.com/id-id/user/review/consumption/HOTEL/GENERAL/71859,23,6,"Pilih Kamar non smooking di lantai 3, ruangan lebih nyaman ...",Diulas 531 minggu lalu
https://www.traveloka.com/id-id/user/review/consumption/HOTEL/GENERAL/71859,23,7,"Nice view, dan terus memberikan pelayanan yang terbaik",Diulas 533 minggu lalu
https://www.traveloka.com/id-id/user/review/consumption/HOTEL/GENERAL/71859,23,8,Hotel bagus dan lokasi. Nyaman dan menyenangkan,Diulas 534 minggu lalu
https://www.traveloka.com/id-id/user/review/consumption/HOTEL/GENERAL/71859,23,9,"Lokasi dekat pusat kota, kamar cukup lega, kolam renang dan fasilitas memuaskan, makanan cukup variatif",Diulas 534 minggu lalu
https://www.traveloka.com/id-id/user/review/consumption/HOTEL/GENERAL/71859,23,10,Anak anak suka skali.......bebas berenang dan deket kulineran nasi jamblang dan empal gentong,Diulas 535 minggu lalu
https://www.traveloka.com/id-id/user/review/consumption/HOTEL/GENERAL/71859,23,11,Nyaman bersih ramah ke cirebon pasti kesini lagi,Diulas 535 minggu lalu
https://www.traveloka.com/id-id/user/review/consumption/HOTEL/GENERAL/71859,23,12,Breakfast nya banyak variasinya dan semuanya enak. Kolam renangnya menyenangkan.,Diulas 535 minggu lalu
https://www.traveloka.com/id-id/user/review/consumption/HOTEL/GENERAL/71859,23,13,Wifi sering lost dan TV gambarnya agak buram,Diulas 535 minggu lalu
https://www.traveloka.com/id-id/user/review/consumption/HOTEL/GENERAL/71859,23,14,Overall bagus..hanya restoran terpisah jauh room. beda gedung,Diulas 535 minggu lalu
https://www.traveloka.com/id-id/user/review/consumption/HOTEL/GENERAL/71859,23,15,"All out ok. Ada 1 yang kurang,, wifi nya jelek banget",Diulas 535 minggu lalu
https://www.traveloka.com/id-id/user/review/consumption/HOTEL/GENERAL/71859,23,16,Lokasi hotel santika berada di pusat kota sehingga memudahkan segala urusan bisnis maupun kuliner kota cirebon yang tersebar disekitar hotel santika.,Diulas 536 minggu lalu
https://www.traveloka.com/id-id/user/review/consumption/HOTEL/GENERAL/71859,23,17,Bersih dan nyaman. Cocok untuk keluarga.,Diulas 536 minggu lalu
https://www.traveloka.com/id-id/user/review/consumption/HOTEL/GENERAL/71859,23,18,"Bagus. Begitu check-in, cepat dilayani dan diberikan welcome drink. Sayang, kunci kamar agak seret, jadi rada susah untuk membuka pintu kamar nya. Breakfast enak, banyak pilihan makanan.",Diulas 536 minggu lalu
https://www.traveloka.com/id-id/user/review/consumption/HOTEL/GENERAL/71859,23,19,layanan nyaman dan bagus,Diulas 536 minggu lalu
https://www.traveloka.com/id-id/user/review/consumption/HOTEL/GENERAL/71859,23,20,Pelayanan dari front desk kurang memuaskan karena pelayanannya lambat.,Diulas 536 minggu lalu
https://www.traveloka.com/id-id/user/review/consumption/HOTEL/GENERAL/71859,23,21,"Secara umum memuaskan, mungkin akan lebih menambah nilai tentang kota Cirebon/ trade mark nya kuliner adalah tahu gejrot untuk bisa ditambah pojok tahu gejrot di restaurantnya. Ini akan menolong sekali bg wisatawan yang dr luarkota. Untuk lebih bisa menikmatinya karena untuk mencari diluar hotel sedikit kesulitan. Untuk air panaa di kamar 516 mungkin ada sedikit masalah. karena tidak bisa langsung dipergunakan.",Diulas 536 minggu lalu
https://www.traveloka.com/id-id/user/review/consumption/HOTEL/GENERAL/71859,23,22,"Siip dah, makan pagi juga asek - anak anak berenang nya puas",Diulas 536 minggu lalu
https://www.traveloka.com/id-id/user/review/consumption/HOTEL/GENERAL/71859,23,23,Sangat mengesankan deh pokoknya,Diulas 536 minggu lalu
https://www.traveloka.com/id-id/user/review/consumption/HOTEL/GENERAL/71859,23,24,Sangat Memuaskan Pelayanannya.,Diulas 537 minggu lalu
https://www.traveloka.com/id-id/user/review/consumption/HOTEL/GENERAL/71859,23,25,"Pelayanan Cukup baik, cuma kebersihan sekarang sudah mulai menurun dibandingkan sebelumnya. Sprei yang sobek, Gordyn yang rusak, sebaiknya maintenance lebih diperbaiki lagi. Overall masih cukup baik.",Diulas 537 minggu lalu
https://www.traveloka.com/id-id/user/review/consumption/HOTEL/GENERAL/71859,23,26,"Hotelnya cukup bersih, pelayannya ramah-ramah, breakfastnya enak!!",Diulas 537 minggu lalu
https://www.traveloka.com/id-id/user/review/consumption/HOTEL/GENERAL/71859,23,27,"Dari dulu sampai skg belom pernah kecewa kalau menginap di santika, dr pelayanan yang ramah makanan yang enak dan beragam sampai kenyamanan yang terjamin.. thanx santika thanx traveloka",Diulas 537 minggu lalu
https://www.traveloka.com/id-id/user/review/consumption/HOTEL/GENERAL/71859,23,28,Suasana yang tenang Dan sejuk serta nyaman. Cocok untuk keluarga.,Diulas 537 minggu lalu
https://www.traveloka.com/id-id/user/review/consumption/HOTEL/GENERAL/71859,23,29,"Lumayan bersih, makanan cukup enak, hanya wifi yang sering trouble, over all bagus",Diulas 537 minggu lalu
https://www.traveloka.com/id-id/user/review/consumption/HOTEL/GENERAL/71859,23,30,"Hotelnya bersih, affordable price, pelayanan juga ramah, variasi sarapan kurang, rasa makanan bisa diperbaiki seperti std nya santika",Diulas 537 minggu lalu
https://www.traveloka.com/id-id/user/review/consumption/HOTEL/GENERAL/71859,23,31,Bagus untuk anak-anak liburan keluarga bahagia,Diulas 537 minggu lalu
https://www.traveloka.com/id-id/user/review/consumption/HOTEL/GENERAL/71859,23,32,"AC di kamar saya menginap tidak dingin. Makanan enak, staf yang ramah. Kami se kel puas. Trimakasih Santika Cirebon",Diulas 538 minggu lalu
https://www.traveloka.com/id-id/user/review/consumption/HOTEL/GENERAL/71859,23,33,"Kami memesan 2 kamar untuk liburan keluarga di Cirebon. Hotelnya nyaman, letaknya strategis dekat dengan lokasi yang kami inginkan. Pelayanannya ramah, breakfast menyajikan makanan khas Cirebon. Yang mungkin perlu diperbaiki ketika kami keluar atau masuk tidak ada penjaga/security di depan. Dan mungkin perlu ditambah layanan tambahan untuk mobil tamu bisa dicuci. Terima kasih",Diulas 538 minggu lalu
https://www.traveloka.com/id-id/user/review/consumption/HOTEL/GENERAL/71859,23,34,"Hotel lama yang tetap terjaga kebersihannya, breakfast makanan indonesianya ok banget.",Diulas 538 minggu lalu
https://www.traveloka.com/id-id/user/review/consumption/HOTEL/GENERAL/71859,23,35,"Sopan dan sangat ramah, bersih meskipun gedungnya cukup tua.",Diulas 538 minggu lalu
https://www.traveloka.com/id-id/user/review/consumption/HOTEL/GENERAL/71859,23,36,"Makanan kurang enak, pegawai tidak cekatan .",Diulas 539 minggu lalu
https://www.traveloka.com/id-id/user/review/consumption/HOTEL/GENERAL/71859,23,37,"Puas dengan pelayannya, enak sarapannya, nyaman kolamnya, dekat ke tempat kuliner, pokoknya sip dech...makasih ya..",Diulas 539 minggu lalu
https://www.traveloka.com/id-id/user/review/consumption/HOTEL/GENERAL/71859,23,38,"Cukup puas, kolam renangnya terutama membuat anak2 senang betah di hotel, namun wifi tidak bekerja dengan baik, signal poor, dan pelayanan sarapan sudah baik siy hanya perlu ditingkatkan, spy tidak terlalu lam me refile makanan",Diulas 540 minggu lalu
https://www.traveloka.com/id-id/user/review/consumption/HOTEL/GENERAL/71859,23,39,Seperti hotel2 yang lain. perlengkapan di kamar mandi hrsnya sebelum tamu masuk di cek dulu,Diulas 540 minggu lalu
https://www.traveloka.com/id-id/user/review/consumption/HOTEL/GENERAL/71859,23,40,Menu sarapan terbatas..datang jam 8. 30 beberapa menu sudah habis,Diulas 540 minggu lalu
https://www.traveloka.com/id-id/user/review/consumption/HOTEL/GENERAL/71859,24,1,Hotel yang bagus dengan baik Indonesia sarapan. Planty ruang untuk parkir. Kolam renang untuk dewasa dan anak. Udara terbuka dengan pemandangan ke hotel sekitarnya ineach lantai.,Diulas 540 minggu lalu
https://www.traveloka.com/id-id/user/review/consumption/HOTEL/GENERAL/71859,24,2,AC sudah di suhu 16 tetap tidak terasa bahkan di malam hari. Pegawai di tempat breakfast hanya menawarkan teh dan kopi ke tamu orang asing. Orang lokal seperti kami harus meminta. Santika cirebon sangat mengecewakan. Jauh sekali dibandingkan santika yogyakarta.,Diulas 540 minggu lalu
https://www.traveloka.com/id-id/user/review/consumption/HOTEL/GENERAL/71859,24,3,"Hotelnya bagus, kamarnya lumayan luas dan sarapannya oke.",Diulas 541 minggu lalu
https://www.traveloka.com/id-id/user/review/consumption/HOTEL/GENERAL/71859,24,4,"Hotel yang nyaman, suka karena tempat makan pagi dekat dengan kolam renang",Diulas 541 minggu lalu
https://www.traveloka.com/id-id/user/review/consumption/HOTEL/GENERAL/71859,24,5,"Ketika check-in, ruangan masih kotor, lantai berpasir, panggil housekeeping sampai 4 kali tidak datang datang, lama sekali. Mohon service ditingkatkan",Diulas 541 minggu lalu
https://www.traveloka.com/id-id/user/review/consumption/HOTEL/GENERAL/71859,24,6,"Pelayanan, makanan dan kolam renang ok. Hanya saja sepertinya AC di kamar bawah bermasalah, lantai kamar saya yang posisinya di atas AC kamar bawah selalu dingin dan berembun. Ketika itu saya menempati kamar 311.",Diulas 541 minggu lalu
https://www.traveloka.com/id-id/user/review/consumption/HOTEL/GENERAL/71859,24,7,Secara keseluruhan Layanan Exelence dekat Masjid Al Falah di sekitar 120meter sangat baik untuk menjaga berjamaah Sholat tepat waktu AC telah anoying suara,Diulas 541 minggu lalu
https://www.traveloka.com/id-id/user/review/consumption/HOTEL/GENERAL/71859,24,8,Kurangnya cuma tidak ada hair dryer di kamar,Diulas 542 minggu lalu
https://www.traveloka.com/id-id/user/review/consumption/HOTEL/GENERAL/71859,24,9,"Kamar bersih, pegawai ramah dan selalu memberikan greeting ke tamu, makanan banyak pilihan. Semuanya memuaskan. Mungkin ada beberapa kekurangan seperti flush kloset sempat mati dan air panas tidak panas, tapi semua itu segera diatasi oleh pihak hotel dan masih di toleransi. Terima kasih Traveloka dan Santika Cirebon.",Diulas 542 minggu lalu
https://www.traveloka.com/id-id/user/review/consumption/HOTEL/GENERAL/71859,24,10,Sarapan yang baik dan dekat dengan daerah kota,Diulas 542 minggu lalu
https://www.traveloka.com/id-id/user/review/consumption/HOTEL/GENERAL/71859,24,11,Sangat menyenangkan.. dari breakfast sampai check-out sangat baik pelayanannya..,Diulas 542 minggu lalu
https://www.traveloka.com/id-id/user/review/consumption/HOTEL/GENERAL/71859,24,12,Wifi di kamar kurang memuaskan,Diulas 542 minggu lalu
https://www.traveloka.com/id-id/user/review/consumption/HOTEL/GENERAL/71859,24,13,"Hotel nya bagus, staff nya ramah. anak2 saya merasa nyaman di hotel santika cirebon",Diulas 542 minggu lalu
https://www.traveloka.com/id-id/user/review/consumption/HOTEL/GENERAL/71859,24,14,"Saya menghargai sekali ada layanan car wash. mengingat saya datang dari perjalanan jauh, hal ini sangat membantu.",Diulas 542 minggu lalu
https://www.traveloka.com/id-id/user/review/consumption/HOTEL/GENERAL/71859,24,15,"Hotelnya pelayannanya ramah. Meski kesan tuanya sangat kental. Kamar juga terlihat tua, tapi airnya bagus, kencang, bersih. Kolam renang juga OK buat anak-anak. WIFInya mati hidup mati hidup. Twin bed nya kecil empet2an deh. Paling berkesan adalah service mencuci/membersihkan mobilnya. Pagi2 kami kaget mobil sudah kinclong, ternyata bagian dari layanan Santika. So impressive :)",Diulas 542 minggu lalu
https://www.traveloka.com/id-id/user/review/consumption/HOTEL/GENERAL/71859,24,16,Hotel santika Cirebon Oke Banget,Diulas 542 minggu lalu
https://www.traveloka.com/id-id/user/review/consumption/HOTEL/GENERAL/71859,24,17,- Front office (petugas malam) kurang simpatik. Kamar deluxe dan 1 tingkat di atasnya tidak berbeda jauh fasilitasnya.,Diulas 542 minggu lalu
https://www.traveloka.com/id-id/user/review/consumption/HOTEL/GENERAL/71859,24,18,Hotel yang bagus dan convinient tinggal,Diulas 542 minggu lalu
https://www.traveloka.com/id-id/user/review/consumption/HOTEL/GENERAL/71859,24,19,Overall oke tapi kualitas wifi (speed access) perlu ditingkatkan,Diulas 542 minggu lalu
https://www.traveloka.com/id-id/user/review/consumption/HOTEL/GENERAL/71859,24,20,Untuk pelayanan okk lah.. tapi untuk acara malam tahun barunya membosankan bngtt acaranya.. Sampai2 sebelum acr meja2 udah banyak yang kosong. Smg acr d tahun depan dapat lebih baik lagi..,Diulas 542 minggu lalu
https://www.traveloka.com/id-id/user/review/consumption/HOTEL/GENERAL/71859,24,21,"Servicenya Ramah, dan cepat. mungkin untuk arena bermain anak agak dirawat, karena kemarin kondisinya ada mainan anak tetapi bawahnya becek mungkin habis hujan, sehingga anak2 tidak bisa bermain. Dan perlu area agak luas dan nyaman untuk tempat bermainnya.",Diulas 542 minggu lalu
https://www.traveloka.com/id-id/user/review/consumption/HOTEL/GENERAL/71859,24,22,"Saya suka sekali dengan hotel ini, hotelnya sudah lama tapi masih terawat. Layanannya GREAT, yang luar biasa adalah saat masuk hotel mobil kotor karena perjalanan, besok pagi mobil sudah bersih. Kamar oke, sarapan enak, kolam renang nyaman, karyawan sangat sopan. Pasti balik lagi ke hotel ini",Diulas 542 minggu lalu
https://www.traveloka.com/id-id/user/review/consumption/HOTEL/GENERAL/71859,24,23,"Saya senang karena menu sarapan paginya cukup bervariasi, menyediakan makanan khas cirebon dan tradisional, kolam renangnya juga bagus",Diulas 542 minggu lalu
https://www.traveloka.com/id-id/user/review/consumption/HOTEL/GENERAL/71859,24,24,Tidur pulas tidak inget fasilitas,Diulas 543 minggu lalu
https://www.traveloka.com/id-id/user/review/consumption/HOTEL/GENERAL/71859,24,25,Menu sarapan memuaskan. Lokasi hotel relatif dekat dengan pusat keramaian,Diulas 543 minggu lalu
https://www.traveloka.com/id-id/user/review/consumption/HOTEL/GENERAL/71859,24,26,Menu breakfast nya bervariasi. kamar tidur dan swimming poolnya standart. dekat kemana2. hanya saja wifi nya kurang cepat dan sering putus. untuk libur keluarga saya rekomendasikan.,Diulas 543 minggu lalu
https://www.traveloka.com/id-id/user/review/consumption/HOTEL/GENERAL/71859,24,27,"Hotel menyenangkan, banyak fasilitas yang dapat dipakai keluarga seperti kolam renang dan sauna, lobby nyaman, pelayanan cepat..... Utk makanan / sarapan cukup beragam, ada makanan khas Cirebon nasi jamblang... usul : makanan khas cirebon diperbanyak",Diulas 543 minggu lalu
https://www.traveloka.com/id-id/user/review/consumption/HOTEL/GENERAL/71859,24,28,"Kulkas rusak, kontrol AC rusak,",Diulas 543 minggu lalu
https://www.traveloka.com/id-id/user/review/consumption/HOTEL/GENERAL/71859,24,29,"Hotel strategis di tengah kota Cirebon. Interiornya lama, tapi staff hotel helpful, suasana nyaman, kolam renang luas, menu sarapan beragam.",Diulas 543 minggu lalu
https://www.traveloka.com/id-id/user/review/consumption/HOTEL/GENERAL/71859,24,30,"Senang dan makanannya enak, para pegawainya ramah2 dan respon nya cepat kalau kita meminta bantuan, sejauh ini tidak ada kekurangan dalam hal pelayanan, hanya saja fasilitas hotel perlu di poles sedikit2 agar terlihat lebih modern dan receptionist design interiornya harus di renov tuh",Diulas 543 minggu lalu
https://www.traveloka.com/id-id/user/review/consumption/HOTEL/GENERAL/71859,24,31,"Hotel yang bagus, bersih, nyaman kolam renang. Dekat banyak lokasi yang menarik",Diulas 543 minggu lalu
https://www.traveloka.com/id-id/user/review/consumption/HOTEL/GENERAL/71859,24,32,Hotelnya bersih.. fasilitas semuanya baik.. makanan baik.. sejauh ini Santika Cirebon belum pernah mengecewakan..,Diulas 544 minggu lalu
https://www.traveloka.com/id-id/user/review/consumption/HOTEL/GENERAL/71859,24,33,Semuanya oke banget kecuali wifi,Diulas 544 minggu lalu
https://www.traveloka.com/id-id/user/review/consumption/HOTEL/GENERAL/71859,24,34,"Hotel lama tapi masih terawat baik, tapi lift nya terlihat tua dan agak ngeri. Makanan nya enak.",Diulas 544 minggu lalu
https://www.traveloka.com/id-id/user/review/consumption/HOTEL/GENERAL/71859,24,35,Pelayanan mmenyenangkan dan lobby nya nyaman untuk bercengkrama.. keamananpun baik. parkirnya yang kurang luas...,Diulas 544 minggu lalu
https://www.traveloka.com/id-id/user/review/consumption/HOTEL/GENERAL/71859,24,36,"Sangat memuaskan, kolam renang bersih, kamar bersih, mobil dicucikan. thanks hotel santika",Diulas 545 minggu lalu
https://www.traveloka.com/id-id/user/review/consumption/HOTEL/GENERAL/71859,24,37,Sangat nyaman! Direkomendasikan. !,Diulas 546 minggu lalu
https://www.traveloka.com/id-id/user/review/consumption/HOTEL/GENERAL/71859,24,38,"+ Lokasinya bagus + Kolam renang + Kamarnya luas, bersih, dan nyaman - Wifi kurang bagus",Diulas 546 minggu lalu
https://www.traveloka.com/id-id/user/review/consumption/HOTEL/GENERAL/71859,24,39,Sangat memuaskan dan liburan keluarga jadi berkesan,Diulas 546 minggu lalu
https://www.traveloka.com/id-id/user/review/consumption/HOTEL/GENERAL/71859,24,40,Pengalaman dan tempat yang sangat bagus.,Diulas 547 minggu lalu
https://www.traveloka.com/id-id/user/review/consumption/HOTEL/GENERAL/71859,25,1,Semua ok cuma kran kamar mandi perlu perbaikan karena ada rembesan,Diulas 547 minggu lalu
https://www.traveloka.com/id-id/user/review/consumption/HOTEL/GENERAL/71859,25,2,"Secara keseluruhan hotel nyaman dan bersih, sarapan enak, hanya internet wifi sangat lambat dan siaran TV sempat terganggu namun hanya sebentar dan sudah normal kembali",Diulas 547 minggu lalu
https://www.traveloka.com/id-id/user/review/consumption/HOTEL/GENERAL/71859,25,3,Hotel yang nyaman untuk keluarga,Diulas 548 minggu lalu
https://www.traveloka.com/id-id/user/review/consumption/HOTEL/GENERAL/71859,25,4,Pagi2 mobil kami sudah bersih di cuci thanks santika,Diulas 548 minggu lalu
https://www.traveloka.com/id-id/user/review/consumption/HOTEL/GENERAL/71859,25,5,Sangat bagus dengan harga yang wajar. Dengan dekorasi etnik dan unik.,Diulas 548 minggu lalu
https://www.traveloka.com/id-id/user/review/consumption/HOTEL/GENERAL/71859,25,6,"Hotel nyaman, bersih, makanan nya enak2",Diulas 549 minggu lalu
https://www.traveloka.com/id-id/user/review/consumption/HOTEL/GENERAL/71859,25,7,"Tempat yang bagus, pelayanan yang baik karena kami bisa check-in lebih awal.",Diulas 550 minggu lalu
https://www.traveloka.com/id-id/user/review/consumption/HOTEL/GENERAL/71859,25,8,"Bagus, dari dulu tidak berubah",Diulas 550 minggu lalu
https://www.traveloka.com/id-id/user/review/consumption/HOTEL/GENERAL/71859,25,9,"Cukup memuaskan..kamar bersih, sarapan enak, dan kolam renang bersih, mobil dicuci..Hotel Santika sejauh ini tidak pernah mengecewakan..",Diulas 551 minggu lalu
https://www.traveloka.com/id-id/user/review/consumption/HOTEL/GENERAL/71859,25,10,"Hotel bersih, wifi jelek di kamar",Diulas 551 minggu lalu
https://www.traveloka.com/id-id/user/review/consumption/HOTEL/GENERAL/71859,25,11,"Sangat nyaman, bersih dan fasilitas lengkap",Diulas 551 minggu lalu
https://www.traveloka.com/id-id/user/review/consumption/HOTEL/GENERAL/71859,25,12,Kolam renang cukup nyaman buat anak2 renang,Diulas 552 minggu lalu
https://www.traveloka.com/id-id/user/review/consumption/HOTEL/GENERAL/71859,25,13,"Tempat strategis, layanan memuaskan, sarapan enak dan harga terjangkau. keluarga puas dan akan menginap lagi bila ke Cirebon..pertahankan layanan prima.",Diulas 552 minggu lalu
https://www.traveloka.com/id-id/user/review/consumption/HOTEL/GENERAL/71859,25,14,Oke. Baik untuk liburan keluarga. Terima kasih,Diulas 554 minggu lalu
https://www.traveloka.com/id-id/user/review/consumption/HOTEL/GENERAL/71859,25,15,Pelayanannya cukup memuaskan. Lingkungannya asri.,Diulas 554 minggu lalu
https://www.traveloka.com/id-id/user/review/consumption/HOTEL/GENERAL/71859,25,16,"No Western Food, Kamar kecil padahal untuk deluxe di tempat lain besar, Fasilitas cuci gratis pagi mobil sudah bersih ok.",Diulas 554 minggu lalu
https://www.traveloka.com/id-id/user/review/consumption/HOTEL/GENERAL/71859,25,17,"Setiap saya ke Cirebon saya selalu menginap di hotel ini dan selalu jatuh cinta dengan suasananya, makanannya, servis, fasilitas, semua sangat memuaskan. Hotel yang membuat kita 'feels like home' seperti ini yang saya cari.",Diulas 555 minggu lalu
https://www.traveloka.com/id-id/user/review/consumption/HOTEL/GENERAL/71859,25,18,Anak-anak merasa nyaman menginap di sini.,Diulas 555 minggu lalu
https://www.traveloka.com/id-id/user/review/consumption/HOTEL/GENERAL/71859,25,19,"Hotel nyaman, walaupun sudah cukup tua ( perabot) terutama toilet di lobby. untuk kamar 315 tolong bagian bawah bed dibersihkan.",Diulas 556 minggu lalu
https://www.traveloka.com/id-id/user/review/consumption/HOTEL/GENERAL/71859,25,20,"Bersih, lokasi Sayangnya fitnes center tidak bisa dipakai buat tamu.",Diulas 557 minggu lalu
https://www.traveloka.com/id-id/user/review/consumption/HOTEL/GENERAL/71859,25,21,Dengan traveloka check-in verry simple. terus menu sarapan pagi banyak macamnya..kolam renang bersih. cuma jaringan wifi lemot. tapi keseluruhan jempol deh...,Diulas 557 minggu lalu
https://www.traveloka.com/id-id/user/review/consumption/HOTEL/GENERAL/71859,25,22,Pelayanan sangat ramah dan sarananya lengkap,Diulas 557 minggu lalu
https://www.traveloka.com/id-id/user/review/consumption/HOTEL/GENERAL/71859,25,23,"Pelayanan memuaskan, lokasi strategis, nyaman, makanan bervariasi",Diulas 558 minggu lalu
https://www.traveloka.com/id-id/user/review/consumption/HOTEL/GENERAL/71859,25,24,Nice.. tempat yang nyaman untuk beristirahat..,Diulas 558 minggu lalu
https://www.traveloka.com/id-id/user/review/consumption/HOTEL/GENERAL/71859,25,25,"Recomemded lah buat yang lagi liburan dicirebon Kamarnya luas adem, kolam renang bersih, pelayanannya juga oke Thanks traveloka",Diulas 558 minggu lalu
https://www.traveloka.com/id-id/user/review/consumption/HOTEL/GENERAL/71859,25,26,"Pemandangan menakjubkan, makanan lezat, dan kamar yang nyaman.",Diulas 558 minggu lalu
https://www.traveloka.com/id-id/user/review/consumption/HOTEL/GENERAL/71859,25,27,Overall is good..Sangat memuaskan..Saya member santika sejak lama,Diulas 559 minggu lalu
https://www.traveloka.com/id-id/user/review/consumption/HOTEL/GENERAL/71859,25,28,Tempat sempurna dan hotel yang direkomendasikan,Diulas 560 minggu lalu
https://www.traveloka.com/id-id/user/review/consumption/HOTEL/GENERAL/71859,25,29,"Fasilitas kamar sangat oke, view nya juga bagus.. dan desain hotelnya yang klasik..adem..memberikan pelayanan hotel yang sangat baik.",Diulas 561 minggu lalu
https://www.traveloka.com/id-id/user/review/consumption/HOTEL/GENERAL/71859,25,30,"Hotel bagus...bersih, rapi...untuk sayang fasilitas play groundnya untuk anak"" tidak ada",Diulas 561 minggu lalu
https://www.traveloka.com/id-id/user/review/consumption/HOTEL/GENERAL/71859,25,31,"Dekat pusat kota, walaupun hotel bersih tapi TV terlalu kecil",Diulas 562 minggu lalu
https://www.traveloka.com/id-id/user/review/consumption/HOTEL/GENERAL/71859,25,32,"Kebersihan kamar ok tapi kebersihan di kamar mandi tamu di lobby sangat buruk juga bau. Lokasi hotel di tengah kota dekat dengan tempat makan. Kolam renang besar. Tidak ada hair dryer dikamar, ketika minta ke house keeping habis.",Diulas 562 minggu lalu
https://www.traveloka.com/id-id/user/review/consumption/HOTEL/GENERAL/71859,25,33,"Kamar yang bersih dan cukup nyaman walaupun dengan furnitur lama. Saya memesan kamar non-smoking tapi tidak dikabulkan, dan itu sedikit mengganggu buat saya.",Diulas 562 minggu lalu
https://www.traveloka.com/id-id/user/review/consumption/HOTEL/GENERAL/71859,25,34,Service yang luar biasa. Hotel tua tapi dijaga sekali. Good job,Diulas 563 minggu lalu
https://www.traveloka.com/id-id/user/review/consumption/HOTEL/GENERAL/71859,25,35,"Dua kali menginap disini selalu menyenangkan, service bagus, anak-anak senang",Diulas 563 minggu lalu
https://www.traveloka.com/id-id/user/review/consumption/HOTEL/GENERAL/71859,25,36,"Lokasi strategis, pelayanan memuaskan & staff nya ramah",Diulas 563 minggu lalu
https://www.traveloka.com/id-id/user/review/consumption/HOTEL/GENERAL/71859,25,37,"Breakfast nya enak, kolam renang besar. Anak anak sangat menyukai. Hanya hotel memerlukan major renovasi untuk lebih mengkilap.",Diulas 563 minggu lalu
https://www.traveloka.com/id-id/user/review/consumption/HOTEL/GENERAL/71859,25,38,"Kamarnya bersih, menu sarapannya enak dan lengkap dengan makanan khas Cirebonnya. Barang kami ada yang ketinggalan diberitahu sewaktu kami menyelesaikan penyerahan kunci.",Diulas 564 minggu lalu
https://www.traveloka.com/id-id/user/review/consumption/HOTEL/GENERAL/71859,25,39,Kolam renang yang bersih dan taman yang asri,Diulas 564 minggu lalu
https://www.traveloka.com/id-id/user/review/consumption/HOTEL/GENERAL/71859,25,40,"Semuanya sudah lebih baik, semuanya bagus. Semoga terus dijaga dengan baik.",Diulas 564 minggu lalu
https://www.traveloka.com/id-id/user/review/consumption/HOTEL/GENERAL/71859,26,1,Lokasi strategis dan makan okay,Diulas 565 minggu lalu
https://www.traveloka.com/id-id/user/review/consumption/HOTEL/GENERAL/71859,26,2,"Awalnya saya menginap di quinta hotel tapi kemudian dirubah secara cuma-cuma sama traveloka akrena kesalahan sistem jadi kami dapat menginap di santika tanpa perlu biaya tambahan, keep up the good job traveloka!",Diulas 565 minggu lalu
https://www.traveloka.com/id-id/user/review/consumption/HOTEL/GENERAL/71859,26,3,Sangatmemuaskan dan mengesankan,Diulas 565 minggu lalu
https://www.traveloka.com/id-id/user/review/consumption/HOTEL/GENERAL/71859,26,4,"Kolam renang bersih, sarapan enak. Tempat tidur nyaman dan bersih",Diulas 565 minggu lalu
https://www.traveloka.com/id-id/user/review/consumption/HOTEL/GENERAL/71859,26,5,"Hotelnya nyaman, kolam renang menyenangkan buat anak kecil. Walaupun saat sarapan terasa crowded sehingga pelayanan kurang maksimal namun overall santika cirebon memuaskan",Diulas 565 minggu lalu
https://www.traveloka.com/id-id/user/review/consumption/HOTEL/GENERAL/71859,26,6,"Makanan pagi bervariasi tapi untuk rasa makanannya sedikit kurang di banding dengan rasa makanan dengan pesan makanan dari room service, kebersihan sangat bagus, lokasi hotel sangat bagus (strategis), keramahan sangat bagus",Diulas 565 minggu lalu
https://www.traveloka.com/id-id/user/review/consumption/HOTEL/GENERAL/71859,26,7,"Hotel bagus, bersih, makanan enak",Diulas 565 minggu lalu
https://www.traveloka.com/id-id/user/review/consumption/HOTEL/GENERAL/71859,26,8,Berlibur bersama keluarga.. Sangat cocok menginap disini.. untuk variasi makanan tolong diperbanyak. Selebihnya dipertahankan.,Diulas 566 minggu lalu
https://www.traveloka.com/id-id/user/review/consumption/HOTEL/GENERAL/71859,26,9,Wifii mantapzz.. pelayanan ramah dan ngga ribet.,Diulas 566 minggu lalu
https://www.traveloka.com/id-id/user/review/consumption/HOTEL/GENERAL/71859,26,10,Sudah sejak lama saya berlangganan hotel ini. sayang setelah bertahun tahun belum ada pembaruan dari segi furniture ataupun dekorasi kamar...jadi monoton sejak anak saya balita sampai sekarang sma...gitu2 aja suasana kamarnya...,Diulas 566 minggu lalu
https://www.traveloka.com/id-id/user/review/consumption/HOTEL/GENERAL/71859,26,11,Cozy Dan baik ... bagus untuk perjalanan singkat ... mal closeby dan lain-lain cullinair,Diulas 566 minggu lalu
https://www.traveloka.com/id-id/user/review/consumption/HOTEL/GENERAL/71859,26,12,"Hampir setiap lebaran menginap di Santika, pelayanannya ramah, hanya saja sewaktu check-in telat karena kamar belum dibersihkan hingga jm 14:00, tetapi langsung diberikan kamar pengganti.",Diulas 566 minggu lalu
https://www.traveloka.com/id-id/user/review/consumption/HOTEL/GENERAL/71859,26,13,"Kamar cukup luas dan Bersih, ada sahur lagi",Diulas 567 minggu lalu
https://www.traveloka.com/id-id/user/review/consumption/HOTEL/GENERAL/71859,26,14,Santika Hotel Cirebon adalah yang terbaik,Diulas 567 minggu lalu
https://www.traveloka.com/id-id/user/review/consumption/HOTEL/GENERAL/71859,26,15,Salah satu terbaik Hotel di cirebon,Diulas 567 minggu lalu
https://www.traveloka.com/id-id/user/review/consumption/HOTEL/GENERAL/71859,26,16,Saya puas dengan pelayanan di Santika Hotel Cirebon. Kolam renang bersih. Makanan variatif dan enak. Ke Grage mall bisa dengan jalan kaki sekitar 15 menit,Diulas 567 minggu lalu
https://www.traveloka.com/id-id/user/review/consumption/HOTEL/GENERAL/71859,26,17,"Awalnya, saat smp hotel dicuekin. Mungkin karena tampang lusuh (barusan nyampe dr jogja), cuma pake kaos oblong + sandal jepit pula. hehehehe. Tapi setelah check-in, kami ambil barang-barang, staf langsung menghampiri dan mengantar ke kamar. Kamar cukup luas, dapat yang pool view. Anak2 saya cukup senang. Kolam renangnya bersih, makanan lumayan enak.",Diulas 567 minggu lalu
https://www.traveloka.com/id-id/user/review/consumption/HOTEL/GENERAL/71859,26,18,"Harga reasonable, makanan cukup variatif, dan lokasi juga ok",Diulas 568 minggu lalu
https://www.traveloka.com/id-id/user/review/consumption/HOTEL/GENERAL/71859,26,19,"Hotelnya bersih, pelayanan ok banget",Diulas 568 minggu lalu
https://www.traveloka.com/id-id/user/review/consumption/HOTEL/GENERAL/71859,26,20,"Pelayanannya oke, kamar bersih, cuma breakfastnya agak kurang. tapi overall okk...",Diulas 568 minggu lalu
https://www.traveloka.com/id-id/user/review/consumption/HOTEL/GENERAL/71859,26,21,Tidurnya nyenyak nyaman dan makanan enak,Diulas 568 minggu lalu
https://www.traveloka.com/id-id/user/review/consumption/HOTEL/GENERAL/71859,26,22,Pelayanan dan kondisi kamar sangat memuaskan,Diulas 568 minggu lalu
https://www.traveloka.com/id-id/user/review/consumption/HOTEL/GENERAL/71859,26,23,Suasana hotel yang asri. Kolam renang bersih. Breakfast menu kurang variatif.,Diulas 568 minggu lalu
https://www.traveloka.com/id-id/user/review/consumption/HOTEL/GENERAL/71859,26,24,Pelayanan memuaskan dan suasana hotel nyaman.,Diulas 568 minggu lalu
https://www.traveloka.com/id-id/user/review/consumption/HOTEL/GENERAL/71859,26,25,Pelayanan memuaskan tapi sayangnya tidak ada karcis parkir untuk pengunjung. Mohon diperhatikan untuk keamanan para pengunjung sehingga tidak sembarang orang bisa keluar masuk.,Diulas 568 minggu lalu
https://www.traveloka.com/id-id/user/review/consumption/HOTEL/GENERAL/71859,26,26,"Kamarnya bersih, lingkungan sekitar tenang (bukan dekat mall), pelayanan CS dan F/O memuaskan terutama petugas reservasi bernama Bayu.",Diulas 569 minggu lalu
https://www.traveloka.com/id-id/user/review/consumption/HOTEL/GENERAL/71859,26,27,"Kamar bersih, pelayanan bagus, dan lingkungan yang sangat baik.",Diulas 570 minggu lalu
https://www.traveloka.com/id-id/user/review/consumption/HOTEL/GENERAL/71859,26,28,Anak2 merasa nyaman.. Semuanya ok.,Diulas 570 minggu lalu
https://www.traveloka.com/id-id/user/review/consumption/HOTEL/GENERAL/71859,26,29,Itu Bagus. Aku punya seseorang dari hotel yang menawarkan untuk menuangkan saya minum selama sarapan saya.,Diulas 571 minggu lalu
https://www.traveloka.com/id-id/user/review/consumption/HOTEL/GENERAL/71859,26,30,Nyaman menginap di Hotel Santika,Diulas 572 minggu lalu
https://www.traveloka.com/id-id/user/review/consumption/HOTEL/GENERAL/71859,26,31,"Hotel yang bagus dengan lokasi yang bagus. fasilitas yang dipunyai oke punya, dan yang paling oke lagi menu sarapan yang sangat banyak.",Diulas 572 minggu lalu
https://www.traveloka.com/id-id/user/review/consumption/HOTEL/GENERAL/71859,26,32,"(-)Kamarnya berdebu, dan makanannya tidak enak tempat fitness dan kolam renang bagus",Diulas 573 minggu lalu
https://www.traveloka.com/id-id/user/review/consumption/HOTEL/GENERAL/71859,26,33,Tempat yang nyaman untuk liburan keluarga dengan jadwal yang tidak terlalu padat,Diulas 576 minggu lalu
https://www.traveloka.com/id-id/user/review/consumption/HOTEL/GENERAL/71859,26,34,"Hotel yang nyaman, dimulai dengan staff hotel yang ramah, kamar bersih, menu makan pagi bervariatif dan enak.",Diulas 577 minggu lalu
https://www.traveloka.com/id-id/user/review/consumption/HOTEL/GENERAL/71859,26,35,"Hotel sangat baik, bersih & nyaman. Pelayanan juga prima. Lokasi meskipun tidak tepat di tengah kota tapi akses sangat mudah dengan angkutan umum. Perlu diperhatikan menu sarapan khususnya lokal/tradisional. Entah kenapa saat saya menginap ada pojok khusus pecel, tapi sayurnya seperti terlalu matang. Kurang membangkitkan selera. Harap diperhatikan supaya standar penyajian sama seperti hidangan umum atau kontinental.",Diulas 580 minggu lalu
https://www.traveloka.com/id-id/user/review/consumption/HOTEL/GENERAL/71859,26,36,"Saya sampai di hotel pukul 23.30. Dengan alasan bahwa telah terjadi kesalahan sistem sehingga di Traveloka masih open book padahal hotel sudah penuh, akhirnya saya di oper ke hotel P. recepsonisnya sih bilang kalau nanti hotelnya kurang cocok sampaikan aja ke yang antar biar bisa dicarikan hotel lain, tapi karena sudah tengah malam dan badan lelah karena perjalanan jauh, akhirnya saya terima hotel tersebut, yang ternyata standarnya menurut saya masih dibawah hotel Santika",Diulas 580 minggu lalu
https://www.traveloka.com/id-id/user/review/consumption/HOTEL/GENERAL/71859,26,37,Overall bagus...cuma mungkin dkasih musik dikoridor...biar tidak kesan sepi banget,Diulas 581 minggu lalu
https://www.traveloka.com/id-id/user/review/consumption/HOTEL/GENERAL/71859,26,38,Saya kecewa tidak dapat kamar di hotel santika padahal sudah bayar,Diulas 581 minggu lalu
https://www.traveloka.com/id-id/user/review/consumption/HOTEL/GENERAL/71859,26,39,"Hotel kenangan 12 th yang lalu, sayang kamar sudah agak ketinggalan zaman. Saran...perlu ada modernisasi kamar supaya tambah baik nilainya.",Diulas 581 minggu lalu
https://www.traveloka.com/id-id/user/review/consumption/HOTEL/GENERAL/71859,26,40,"Toilet Umum Lantai dasar kotor, tolong diperhatikan",Diulas 581 minggu lalu
https://www.traveloka.com/id-id/user/review/consumption/HOTEL/GENERAL/71859,27,1,"Kamar nyaman, lokasi oke, kolam renang bagus, staff ramah, dan suasana tenang. Hanya makanannya yang agak kurang.",Diulas 583 minggu lalu
https://www.traveloka.com/id-id/user/review/consumption/HOTEL/GENERAL/71859,27,2,"Hotel bersih, nyaman, kolam renang ok, pelayanan ok, namun TV dikamar superior kurang besar",Diulas 583 minggu lalu
https://www.traveloka.com/id-id/user/review/consumption/HOTEL/GENERAL/71859,27,3,"Over all hotel bersih nyaman, padahal di awal saya sempat ragu karena santika hotel yang sudah lama khawatir kondisi kamar dan sekitarnya tidak nyaman, tapi ternyata malah memuaskan. kolam renangnya juga bersih anak2 saya merasa senang selama berasa disana.
hanya saja untuk variasi sarapan kuranv dan rasanya biasa saja.
satu menu yang enak yaitu empang gentongnya saja. Lainnya standar.",Diulas 583 minggu lalu
https://www.traveloka.com/id-id/user/review/consumption/HOTEL/GENERAL/71859,27,4,"Kamarnya bersih dan nyaman, View langsung ke kolam renang.
sarapannya juga banyak variasinya",Diulas 589 minggu lalu
https://www.traveloka.com/id-id/user/review/consumption/HOTEL/GENERAL/71859,27,5,Kolam renang yang jernih bersih dengan lingkungan sekeliling yang asri menjadi daya tarik Santika Cirebon. Untuk variasi makanan saat breakfast cukup banyak namun saat habis sayangnya kurang cepat ditambah lagi. Pelayanan cukup ramah.,Diulas 591 minggu lalu
https://www.traveloka.com/id-id/user/review/consumption/HOTEL/GENERAL/71859,27,6,"Cukup menyenangkan, saya liburan bersama keluarga. Sayangnya connected room terbatas, dan untuk bangunan serta facility beberapa harus diremajakan.
Staff ramah, kolam renang bersih, taman bermain anak tidak terawat. Makanan variatif tapi rasanya kurang istimewa.",Diulas 592 minggu lalu
https://www.traveloka.com/id-id/user/review/consumption/HOTEL/GENERAL/71859,27,7,"Petugasnya Ramah2 & Baik, Hotel dekat dengan Stasiun, Kamar bagus, Kamar mandinya bersih, sarapannya enak,
Kolam renang bagus.",Diulas 592 minggu lalu
https://www.traveloka.com/id-id/user/review/consumption/HOTEL/GENERAL/71859,27,8,Secara umum hotelnya menyenangkan. Yang kurang adalah petugas hotel kurang cepat membereskan sisa makanan room service sehingga bertumpuk di depan kamar pengunjung. Handuk kolam renang harus segera diperbarui karena sudah banyak yang sobek dan warnanya pudar.,Diulas 592 minggu lalu
https://www.traveloka.com/id-id/user/review/consumption/HOTEL/GENERAL/71859,27,9,"Top dan cukup memuaskan, makanan harus lebih bervariasi dan air panas kurang berfungsi.",Diulas 592 minggu lalu
https://www.traveloka.com/id-id/user/review/consumption/HOTEL/GENERAL/71859,27,10,"Makanannya parah. Menu utama hambar, buah tidak ada yang manis, minuman seperti jus hambar, nasi jamblang tidak ada rasa, kacau.",Diulas 593 minggu lalu
https://www.traveloka.com/id-id/user/review/consumption/HOTEL/GENERAL/71859,27,11,Check-in menjelang maghrib tidak memberikan kesempatan pd kami untuk berkeliling hotel. Adik saya yang merekomendasi hotel ini hanya menyarankan untuk sabar menunggu sarapan esok hari Ternyata menu sarapan menggugah selera dan rasanya lezat. Favorit kami menu nasi jamblang lebih enak dr nasi jamblang Mang Doell yang terkenal itu,Diulas 594 minggu lalu
https://www.traveloka.com/id-id/user/review/consumption/HOTEL/GENERAL/71859,27,12,Pelayanan ramah kamar bersih dan makanan paginyx enak,Diulas 594 minggu lalu
https://www.traveloka.com/id-id/user/review/consumption/HOTEL/GENERAL/71859,27,13,"Bersih, pelayanan ramah dan memuaskan, makanan enak enak, lokasi nyaman dan strategis.",Diulas 594 minggu lalu
https://www.traveloka.com/id-id/user/review/consumption/HOTEL/GENERAL/71859,27,14,"Sudah bagus pelayanannya, kolam renangnya juga bersih dan nyaman, kamarnya pun nyaman tetapi waktu itu saya tidak bisa tidur karena kamar atas sangatlah berisik, saya berada di lantai 2 kamar 206. Terima kasih.",Diulas 594 minggu lalu
https://www.traveloka.com/id-id/user/review/consumption/HOTEL/GENERAL/71859,27,15,"Hotel yang nyaman, tenang, bersih, pelayanan ramah dan cepat, yang luar biasa adalah mobil tamu semua dicuci bersih
Terimakasih Santika Hotel Cirebon",Diulas 594 minggu lalu
https://www.traveloka.com/id-id/user/review/consumption/HOTEL/GENERAL/71859,27,16,"LOKASI STRATEGIS, RATE TERJANGKAU, ARSITEK BANGUNAN UNIK.",Diulas 595 minggu lalu
https://www.traveloka.com/id-id/user/review/consumption/HOTEL/GENERAL/71859,27,17,"12 tahun lalu kami menginap disini. setelah 12 tahun, masih terawat dengan baik. wastafel masih bisa dibersihkan lebih bersih.",Diulas 595 minggu lalu
https://www.traveloka.com/id-id/user/review/consumption/HOTEL/GENERAL/71859,27,18,"Kami pesan kamar twin, tapi belum siap jam 1 kami tiba, jadi nunggu dulu sampai sekitar jam 2. Lalu masuk dapat kamar tapi bau asap rokok. Agak petang baru dapat kamar pengganti yang nggak ada bau rokok. Rupanya belum dipisahkan antara smoking room dan non smoking. Selebihnya oke saja...",Diulas 595 minggu lalu
https://www.traveloka.com/id-id/user/review/consumption/HOTEL/GENERAL/71859,27,19,"Kebersihan linennya, khususnya sarung bantal, tidak seperti umumnya di hotel santika lain. Sepertinya tidak selalu diganti ketika tamu baru masuk ke hotel.",Diulas 595 minggu lalu
https://www.traveloka.com/id-id/user/review/consumption/HOTEL/GENERAL/71859,27,20,"Pelayanan (semua petugas mulai dari customer service/ front liner, room boy, dll) sangat baik. Membersihkan semua kendaraan terutama mobil adalah pelayanan yang membuat saya kagum. Hanya saja kamar yang saya tempati, sepertinya tempat pembuangan air bekas mandinya ""mungkin"" mampet. Secara keseluruhan saya sekeluarga puas menginap di hotel Santika Cirebon. Terima kasih",Diulas 595 minggu lalu
https://www.traveloka.com/id-id/user/review/consumption/HOTEL/GENERAL/71859,27,21,"Posisi hotel yang jauh dari keramaian namun dekat dengan pusat kota sangat cocok untuk berlibur, suasana hotel yang tradisional dengan sarapan khas Indonesia yang lezat sangat memanjakan mata dan lidah saya. Saya dengan senang hati akan kembali lagi ke hotel Santika Cirebon :)",Diulas 595 minggu lalu
https://www.traveloka.com/id-id/user/review/consumption/HOTEL/GENERAL/71859,27,22,Tempatnya dekat dengan pusat kota dan wisata kuliner. makanannya cukup enak.,Diulas 595 minggu lalu
https://www.traveloka.com/id-id/user/review/consumption/HOTEL/GENERAL/71859,27,23,"Recommended hotel in Cirebon. Dekat dengan kota, mudah akses ke luar kota. Good traditional breakfast.",Diulas 597 minggu lalu
https://www.traveloka.com/id-id/user/review/consumption/HOTEL/GENERAL/71859,27,24,"Tempat tidurnya sangat nyaman, makanannya ok banget, dan suasana sangat tenang.",Diulas 598 minggu lalu
https://www.traveloka.com/id-id/user/review/consumption/HOTEL/GENERAL/71859,27,25,Makanan enak. Yang tradisional besar seperti gentong empal dan jamblang nasi.,Diulas 598 minggu lalu
https://www.traveloka.com/id-id/user/review/consumption/HOTEL/GENERAL/71859,27,26,"Makanan cukup baik penyajiannya. Suasana hotel baik, hiburan di lobby cukup baik, fasilitas kamar cukup baik.",Diulas 598 minggu lalu
