url,page,review_index,teks_ulasan,tanggal
https://www.traveloka.com/id-id/user/review/consumption/HOTEL/GENERAL/71951,1,1,Sungguh pengalaman yang luar biasa mengunjungi hotel ini. Alangkah baiknya jika saya bisa datang ke sini suatu hari nanti.,Diulas 1 minggu lalu
https://www.traveloka.com/id-id/user/review/consumption/HOTEL/GENERAL/71951,1,2,"Staf hotel ramah dan cepat tanggap. Hotelnya asri dan nyaman. Kamar mandi bersih, handuknya wangi.",Diulas 2 minggu lalu
https://www.traveloka.com/id-id/user/review/consumption/HOTEL/GENERAL/71951,1,3,"Staff hotel yang sangat ramah, proses check in juga cepat, lokasi strategis, sarapan beragam, sangat dekat dengan mal.",Diulas 4 minggu lalu
https://www.traveloka.com/id-id/user/review/consumption/HOTEL/GENERAL/71951,1,4,Staff hotel sangat ramah dan proses check in & check out cepat... Kamar bersih dan luas... Sarapan pagi banyak pilihan dan enak... Dekat tempat makanan dan BIP... Terima kasih...,Diulas 4 minggu lalu
https://www.traveloka.com/id-id/user/review/consumption/HOTEL/GENERAL/71951,1,5,"Kalau nyari hotel selalu Santika karena pasti service-nya excellent, kamar wangi, semua fasilitas bisa berfungsi dengan baik, dan makanannya enak semua. Kolam renangnya juga besar dan dalam jadi puas renangnya.",Diulas 5 minggu lalu
https://www.traveloka.com/id-id/user/review/consumption/HOTEL/GENERAL/71951,1,6,Staff hotel sangat ramah dan breakfast-nya enak 🙂,Diulas 7 minggu lalu
https://www.traveloka.com/id-id/user/review/consumption/HOTEL/GENERAL/71951,1,7,"Baru-baru ini saya berkesempatan menginap di hotel ini, dan memang benar-benar hotel klasik. Meskipun merupakan properti yang sudah lama berdiri dan telah teruji oleh waktu, hotel ini berhasil mempertahankan suasana yang indah dan ramah. Hotel ini memiliki pesona dan keanggunan tertentu yang seringkali kurang dimiliki oleh hotel-hotel modern yang lebih baru. Namun, yang paling berkesan dari kunjungan saya adalah pelayanannya. Saya ingin memberikan pujian khusus kepada Jovita, yang membuat pengalaman saya benar-benar tak terlupakan. Profesionalisme dan keramahannya luar biasa; dia melakukan lebih dari yang diharapkan untuk memastikan semuanya sempurna.",Diulas 7 minggu lalu
https://www.traveloka.com/id-id/user/review/consumption/HOTEL/GENERAL/71951,1,8,"Para stafnya ramah, dan kamarnya bersih serta nyaman.",Diulas 7 minggu lalu
https://www.traveloka.com/id-id/user/review/consumption/HOTEL/GENERAL/71951,1,9,Tolong dipertahankan yang sudah baik...,Diulas 8 minggu lalu
https://www.traveloka.com/id-id/user/review/consumption/HOTEL/GENERAL/71951,1,10,"Tempat strategis, mau ke mana-mana dekat",Diulas 8 minggu lalu
https://www.traveloka.com/id-id/user/review/consumption/HOTEL/GENERAL/71951,1,11,"Terletak strategis di pusat kota Bandung. Menu sarapannya cukup baik untuk hotel kelas ini. Kamarnya cukup luas. Namun, kamar mandinya mudah basah.",Diulas 9 minggu lalu
https://www.traveloka.com/id-id/user/review/consumption/HOTEL/GENERAL/71951,1,12,Berkesan & akan kembali ke sana lagi jika ke Bandung,Diulas 13 minggu lalu
https://www.traveloka.com/id-id/user/review/consumption/HOTEL/GENERAL/71951,1,13,"Hotel yang dekat dengan pusat kota, mau ke mana-mana juga dekat, breakfast bervariasi, hanya pancuran kamar mandinya saja yang sedikit bermasalah ketika berwudu, tapi overall semua oke.",Diulas 14 minggu lalu
https://www.traveloka.com/id-id/user/review/consumption/HOTEL/GENERAL/71951,1,14,Selalu nyaman dengan Santika Bandung. Terbaik,Diulas 15 minggu lalu
https://www.traveloka.com/id-id/user/review/consumption/HOTEL/GENERAL/71951,1,15,Nyaman dan staff hotel sangat ramah,Diulas 15 minggu lalu
https://www.traveloka.com/id-id/user/review/consumption/HOTEL/GENERAL/71951,1,16,"Lokasi dekat BIP dan Riau Junction, aneka kuliner dan pinggir jalan utama. Terdapat playground dan pool. Kamar luas dan bersih. Parkiran luas dan aman. Makanan enak dan bervariasi.",Diulas 15 minggu lalu
https://www.traveloka.com/id-id/user/review/consumption/HOTEL/GENERAL/71951,1,17,"Lokasi hotel istimewa, dekat ke mana-mana. Staff-nya ramah-ramah. Luas kamarnya cukup luas.",Diulas 17 minggu lalu
https://www.traveloka.com/id-id/user/review/consumption/HOTEL/GENERAL/71951,1,18,Lokasi strategis dan dekat ke mana-mana,Diulas 18 minggu lalu
https://www.traveloka.com/id-id/user/review/consumption/HOTEL/GENERAL/71951,1,19,Lokasi sangat bagus & mudah untuk mencapai tempat lain di Bandung.,Diulas 18 minggu lalu
https://www.traveloka.com/id-id/user/review/consumption/HOTEL/GENERAL/71951,1,20,Sy review jujur utk kamar 222.ranjangnya berisik bunyi tiap kali kita gerak.Dan kamar ini seperti kita tdr disamping trotoar berisik parah.masalahnya dibandung juga masih banyak yg pakai motor dgn knalpot yg sdh dilarang.jadi seperti tdr ditrack balap liar.hampir jam 12 malam ga bisa tdr akhirnya sy minta dipindahkan kekamar yg lebih tdk berisik.dr pihak hotel akhirnya upgrade kekamar yg lumayan senyap terimakasih utk staff hotel yg gercep 🙏.yg tadi ud bete parah akhirnya terobati krn bisa tidur lelap.dan untuk sarapan juga oke banyak pilihan hanya saja utk kopi tdk enak.kalau lokasi santika ini oke banget lokasinya dekat kemana-mana dan persis didepan hotel ada yogyamart.,Diulas 19 minggu lalu
https://www.traveloka.com/id-id/user/review/consumption/HOTEL/GENERAL/71951,1,21,"Saya kebetulan dapat kamar di lantai 3 dan menghadap ke jalan Raya, malam hari tdk bisa tidur karena ada balap liar yg motornya meraung2, sebetulnya bisa di atasi kalau ada kerja sama dgn aparat ke amanan setempat.",Diulas 19 minggu lalu
https://www.traveloka.com/id-id/user/review/consumption/HOTEL/GENERAL/71951,1,22,"staff ramah, lokasi sangat strategis. Sarapan biasa saja. Dinding bangunan karena warna catnya putih, jadi kelihatan banyak kotoran burung, seperti kurang maintanance. Kamar bersih tetapi kursi seperti rotan yg ada bantalnya itu banyak tungaunya. Hari 1 terasa gatal duduk disitu dan gak mengira itu tungau. Pas hari berikutnya lihat paha merah2 sudah semua, gatal dan bekas gigitan tungau bikin kasar dan jadi noda2 bekas luka digigit serangga. Sebaiknya pihak hotel mengganti kursinya.",Diulas 20 minggu lalu
https://www.traveloka.com/id-id/user/review/consumption/HOTEL/GENERAL/71951,1,23,"Menyenangkan menginap di sini, staf sangat ramah, bersih dan rapi.",Diulas 20 minggu lalu
https://www.traveloka.com/id-id/user/review/consumption/HOTEL/GENERAL/71951,1,24,"Lokasi ada di pusat Kota Bandung. Nyaman, bersih, dan tenang.",Diulas 22 minggu lalu
https://www.traveloka.com/id-id/user/review/consumption/HOTEL/GENERAL/71951,1,25,"Staf ramah, makanan enak, parkiran luas",Diulas 22 minggu lalu
https://www.traveloka.com/id-id/user/review/consumption/HOTEL/GENERAL/71951,1,26,Ok sebagai hotel business trip,Diulas 27 minggu lalu
https://www.traveloka.com/id-id/user/review/consumption/HOTEL/GENERAL/71951,1,27,"Ini kedua kali nya staycation dengan keluarga, lokasi strategis di depan jalan besar dan dekat sekali dengan BIP dan Riau Junction. Staff hotel ramah, area hotel bersih tetapi di pilar2 terlihat banyak kotoran hewan (mungkin kelelawar, karena saya lihat berseliweran di dalam hotel yang semi outdoor). Saya dapat kamar lt 3 paling ujung, kamar bersih, tetapi selimut/bed cover saya lihat ada noda lumayan mengganggu berwarna coklat, bathroom amenities lengkap dan rapih. Di pagi hari lumayan kaget sewaktu buka gorden ada beberapa kelelawar bergelantungan di pinggir jendela.
Menu sarapan variatif dan selalu enak!",Diulas 29 minggu lalu
https://www.traveloka.com/id-id/user/review/consumption/HOTEL/GENERAL/71951,1,28,Staff hotel sangat ramah semua dan sangat membantu saat check-in dan check-out.,Diulas 31 minggu lalu
https://www.traveloka.com/id-id/user/review/consumption/HOTEL/GENERAL/71951,1,29,Security jangan membedakan layanan antara taksi dan mobil pribadi.,Diulas 31 minggu lalu
https://www.traveloka.com/id-id/user/review/consumption/HOTEL/GENERAL/71951,1,30,bagus ramah cuma perlu penyegaran supaya terlihat lbh fresh hotelnya,Diulas 31 minggu lalu
https://www.traveloka.com/id-id/user/review/consumption/HOTEL/GENERAL/71951,1,31,"Sebenarnya sedari kecil saya selalu menginap di Hotel Santika, tapi yang Yogyakarta. Santika Bandung baru 2 kali, tapi saya suka dengan ambience-nya. Terima kasih.",Diulas 32 minggu lalu
https://www.traveloka.com/id-id/user/review/consumption/HOTEL/GENERAL/71951,1,32,"semuanya sangat baik kecuali air shower di kamar mandi.. airnya kecil, pengaturan panas-dinginnya sulit dan TV nya belum smart TV..",Diulas 32 minggu lalu
https://www.traveloka.com/id-id/user/review/consumption/HOTEL/GENERAL/71951,1,33,"Untuk kamar ok lumayan aja untuk hotel yang ambience nya masih jadul hehe, toh saya juga menginap dgn check in sudah malam, dan pagi nya sudah check out lagi. Memilih di sini karena lokasi nya strategis dan dekat dengan lokasi yang ingin saya tuju. Saat breakfast varian makanan cukup banyak, tapi untuk rasa biasa saja. Terima kasih Santika Bandung.",Diulas 33 minggu lalu
https://www.traveloka.com/id-id/user/review/consumption/HOTEL/GENERAL/71951,1,34,Semua mantap although not younger so all is comfortable... Terima kasih Santika,Diulas 35 minggu lalu
https://www.traveloka.com/id-id/user/review/consumption/HOTEL/GENERAL/71951,1,35,"Selalu senang setiap menginap di hotel Santika di manapun. Di Bandung, di Yogyakarta, bahkan di Jakarta, saya selalu merasa nyaman. Semua stafnya ramah. Terima kasih dan sukses selalu.",Diulas 36 minggu lalu
https://www.traveloka.com/id-id/user/review/consumption/HOTEL/GENERAL/71951,1,36,"Service bagus,  pelayanan ramah, hanya tampilan hotel masih terkesan oldies walau tetap nyaman",Diulas 38 minggu lalu
https://www.traveloka.com/id-id/user/review/consumption/HOTEL/GENERAL/71951,1,37,Stafnya ramah dan membantu.,Diulas 38 minggu lalu
https://www.traveloka.com/id-id/user/review/consumption/HOTEL/GENERAL/71951,1,38,Kerenlah... Makanannya juga banyak pilihan & ada rasanya...,Diulas 38 minggu lalu
https://www.traveloka.com/id-id/user/review/consumption/HOTEL/GENERAL/71951,1,39,"Staff ramah, lingkungan ok, kamar luas dan bersih, menu sarapan bervariasi, sangat nyaman & menyenangkan menginap di Hotel Santika",Diulas 39 minggu lalu
https://www.traveloka.com/id-id/user/review/consumption/HOTEL/GENERAL/71951,1,40,"Pesan hotel ini sudah last minute banget karena gak kepikiran akan extend 😭👍. Eh, ternyata lokasinya dekeet venue acara kerjaan. Alhamdulillaaah takdir Allah gak ada yang jelek! 😭🙏 walaupun dapatnya dengan harga lumayan karena pesan pas weekend 🥹🤌 Santika pasti bagus gak sih soalnya hotel sudah senior mereka pasti juga sudah improve dengan perkembangan zaman 🥹 Lokasi hotelnya strategis, staf ramah-ramah dan helpfulll, padahal aku mode backpacker tapi mau bawain tas aku yang tidak seberapa itu 👍👍 Kamar oke, bersih tidak bau tidak kotor, tapi tidak kedap suara 🙃🙋‍♀️, wifi kenceng, kamar mandi oke, air panas berfungsi tapi gak ada hair dryer 😂 Sarapan aku suka!!! banyak variasi dan enaak!! 😭👍 Oya, ada kids activity juga masak-masak apa hias cupcakes lupa, pokoknya buat Ayah Bunda yang bawa anak bisa ikutan. Overall, it's good and recommended for staayyy!",Diulas 40 minggu lalu
https://www.traveloka.com/id-id/user/review/consumption/HOTEL/GENERAL/71951,2,1,"Nyaman kamarnya walau old, strategis ke mana-mana dekat, pokoknya nyaman lah",Diulas 40 minggu lalu
https://www.traveloka.com/id-id/user/review/consumption/HOTEL/GENERAL/71951,2,2,Senang sekali menginap di hotel ini,Diulas 41 minggu lalu
https://www.traveloka.com/id-id/user/review/consumption/HOTEL/GENERAL/71951,2,3,Tempatnya bagus dan dekat dengan pusat perbelanjaan BIP.,Diulas 44 minggu lalu
https://www.traveloka.com/id-id/user/review/consumption/HOTEL/GENERAL/71951,2,4,Nyaman dan menyenangkan dengan berbagai fasilitas terbaik,Diulas 45 minggu lalu
https://www.traveloka.com/id-id/user/review/consumption/HOTEL/GENERAL/71951,2,5,Staf sangat bersih dan ramah.,Diulas 45 minggu lalu
https://www.traveloka.com/id-id/user/review/consumption/HOTEL/GENERAL/71951,2,6,"Staff ramah, kamar luas, nyaman, bersih, lokasi sangat strategis.",Diulas 45 minggu lalu
https://www.traveloka.com/id-id/user/review/consumption/HOTEL/GENERAL/71951,2,7,Lokasi hotel yang berdekatan dengan Yogya. Setiap ke Santika pasti selalu menyempatkan olahraga,Diulas 46 minggu lalu
https://www.traveloka.com/id-id/user/review/consumption/HOTEL/GENERAL/71951,2,8,Walaupun hotel tua tapi kebersihan dan kenyamanan msh ok.Tapi untuk sarapan nya kurang banyak variasinya dan rasanya kurang.,Diulas 47 minggu lalu
https://www.traveloka.com/id-id/user/review/consumption/HOTEL/GENERAL/71951,2,9,"Strategis sekali tempat-nya di pusat kota Bandung, mau ke mal cukup jalan kaki sudah sampai. Suasana hotel-nya suka banget, cool, adem, udara-nya segar karena plafon-nya yang tinggi jadi udara-nya gak sumpek, next time mampir lagi untuk yang ke-3 kali-nya, untuk breakfast-nya enak variasi makanan-nya cukup, kalau di tambah lagi mungkin bisa lebih baik.",Diulas 48 minggu lalu
https://www.traveloka.com/id-id/user/review/consumption/HOTEL/GENERAL/71951,2,10,"Pesan kamar 3room semuanya bersih dan nyaman. Suasana hotel yg sejuk, posisi hotel yg strategis memudahkan kita beraktifitas. Kolam renang yg ramah dengan anak. Keramahan staff yang siap membantu dan senyumnya. Terima kasih.",Diulas 48 minggu lalu
https://www.traveloka.com/id-id/user/review/consumption/HOTEL/GENERAL/71951,2,11,"Saya memesan hotel selama 3 malam, tetapi pengalamannya sangat buruk. Pada hari pertama, AC di kamar saya tidak dingin—saya tidak tahu apakah AC-nya rusak atau memang sudah sangat tua. Keesokan paginya, saya minta pindah kamar, tetapi staf mengatakan akan mengecek AC saja, dan akhirnya meminta saya untuk tetap di kamar yang sama. Selain itu, sarapannya biasa saja—tidak ada yang istimewa. Kemudian pada sore hari di hari kedua, saat saya sedang rapat daring, listrik di kamar saya tiba-tiba padam. Saya memutuskan untuk check out sehari lebih awal. Pastinya bukan pengalaman menginap yang menyenangkan dan saya tidak akan kembali lagi.",Diulas 49 minggu lalu
https://www.traveloka.com/id-id/user/review/consumption/HOTEL/GENERAL/71951,2,12,"Lokasi strategis. kamar luas, old tapi terawat. Tapi sayang kamar superior yang dekat ke jalan riau/sumatera terlalu berisik oleh suara lalu lalang kendaraan dan suasana parkiran dari mall. Mungkin manajemen harus pasang extra peredam suara?. Akhirnya saya putuskan tukar tambah ke kamar executive yg posisinya di belakang. Kamarnya lebih luas lagi, ada ruang tv dan duduk2, lebih nyaman untuk beristirahat. Karyawannya cukup ramah, sarapan cukup variasi, ada menu tradisional jawa barat nya.",Diulas 51 minggu lalu
https://www.traveloka.com/id-id/user/review/consumption/HOTEL/GENERAL/71951,2,13,"Staff cukup ramah dan helpful, namun bangunan terasa kuno. Lantai kamar kurang bersih, telapak kaki jadi kotor kalau tidak pakai sandal dari hotel, dan di malam hari kamar mandinya bau, makanan juga biasa saja. Sebetulnya senang ya menginap di Santika, tapi sayang kualitasnya selalu menurun dari tahun ke tahun dibandingkan dengan 10-12 tahun yang lalu. Tapi overall tempatnya oke untuk istirahat dan dekat sekali dengan berbagai tempat makan dan tempat belanja, jadi masih cukup nyaman dan menyenangkan untuk dijadikan opsi menginap.",Diulas 53 minggu lalu
https://www.traveloka.com/id-id/user/review/consumption/HOTEL/GENERAL/71951,2,14,"Nyaman, menyenangkan dan petugas yang ramah terhadap tamu",Diulas 53 minggu lalu
https://www.traveloka.com/id-id/user/review/consumption/HOTEL/GENERAL/71951,2,15,"Tempat sangat strategis, recommended untuk keluarga.",Diulas 59 minggu lalu
https://www.traveloka.com/id-id/user/review/consumption/HOTEL/GENERAL/71951,2,16,"Staf ramah, dekat dengan lokasi mal dan Yogya, akses hotel cukup mudah dicapai dan tidak kesulitan untuk mencari makanan di luar.",Diulas 60 minggu lalu
https://www.traveloka.com/id-id/user/review/consumption/HOTEL/GENERAL/71951,2,17,"Hotel bagus... Dekat ke pusat kuliner dan mal... Makanan lebih variatif lagi, kalau bisa ada gehu, bala-bala, cireng, combro dadakan, aneka bubur... Makanan khas Sunda... Pokoknya hotel rekomendasi 😍👍",Diulas 60 minggu lalu
https://www.traveloka.com/id-id/user/review/consumption/HOTEL/GENERAL/71951,2,18,"lokasi strategis ke mana2 dekat. Petugas ramah semua, kamar bersih.
Terimakasih untuk semua kesan yg baik.
Ada fasilitas peminjaman seped utk berkeliling, tp sy tdk sempat menikmati Krn padatnya acara.",Diulas 61 minggu lalu
https://www.traveloka.com/id-id/user/review/consumption/HOTEL/GENERAL/71951,2,19,"lokasi strategis, dan pelayanan yg ramah membuat kita ingin balik stay lg disini kalo ke bandung..",Diulas 62 minggu lalu
https://www.traveloka.com/id-id/user/review/consumption/HOTEL/GENERAL/71951,2,20,"staff nya sangat ramah, fasilitasnya sangat bagus dan nyaman",Diulas 65 minggu lalu
https://www.traveloka.com/id-id/user/review/consumption/HOTEL/GENERAL/71951,2,21,"Terima kasih atas keramahan semua staf, semua keluarga senang menginap 2 malam di Santika Merdeka Bandung, terutama kamar keluarga, besar dan nyaman. Kerja bagus tim 👍🏻 akan kembali lagi kalau ada acara lagi.",Diulas 66 minggu lalu
https://www.traveloka.com/id-id/user/review/consumption/HOTEL/GENERAL/71951,2,22,Excellent. Kota Bandung sangat menyenangkan apalagi bisa stay di Hotel Santika.,Diulas 67 minggu lalu
https://www.traveloka.com/id-id/user/review/consumption/HOTEL/GENERAL/71951,2,23,"Nyaman, lokasi strategis, receptionist nya ramah banget",Diulas 67 minggu lalu
https://www.traveloka.com/id-id/user/review/consumption/HOTEL/GENERAL/71951,2,24,"Hotel sangat strategis di kota deket dari mana-mana, bersih, makanannya lumayan enak, staffnya ramah. Top",Diulas 67 minggu lalu
https://www.traveloka.com/id-id/user/review/consumption/HOTEL/GENERAL/71951,2,25,"Stafnya ramah, tempat tidurnya nyaman, dan banyak tempat makan di sekitar lokasi",Diulas 69 minggu lalu
https://www.traveloka.com/id-id/user/review/consumption/HOTEL/GENERAL/71951,2,26,"Staff hotel ramah banget, breakfast enak dan banyak pol variasinya. Sesuai sama harganya sih, mau ke Braga juga dekat. Hotelnya adem.",Diulas 69 minggu lalu
https://www.traveloka.com/id-id/user/review/consumption/HOTEL/GENERAL/71951,2,27,ramah pelayanan cepat. soon pasti balik lg,Diulas 70 minggu lalu
https://www.traveloka.com/id-id/user/review/consumption/HOTEL/GENERAL/71951,2,28,staff hotel sangat ramah dan sangat membantu,Diulas 72 minggu lalu
https://www.traveloka.com/id-id/user/review/consumption/HOTEL/GENERAL/71951,2,29,hotel.bagus..bersih.stretegis dan pelayanan ramah. very recomended,Diulas 73 minggu lalu
https://www.traveloka.com/id-id/user/review/consumption/HOTEL/GENERAL/71951,2,30,"Sebelum menginap di Santika, menurut review orang-orang makanannya enak. Setelah saya coba sendiri, ternyata memang enak banget. Anak-anak saya juga memuji-muji makanannya.",Diulas 73 minggu lalu
https://www.traveloka.com/id-id/user/review/consumption/HOTEL/GENERAL/71951,2,31,"Bagus, recommended lah. Lokasi di tengah kota, sarapan ok, petugas ramah dan sigap. Kamar cukup luas, interior bagus. Harga terjangkau",Diulas 74 minggu lalu
https://www.traveloka.com/id-id/user/review/consumption/HOTEL/GENERAL/71951,2,32,"Hotel lama tapi masih sangat bagus, kamar bersih, service-nya sangat baik, overall sangat baik. Dekat ke mana-mana.",Diulas 74 minggu lalu
https://www.traveloka.com/id-id/user/review/consumption/HOTEL/GENERAL/71951,2,33,"Hotelnya bersih dan nyaman, lokasi strategis.",Diulas 76 minggu lalu
https://www.traveloka.com/id-id/user/review/consumption/HOTEL/GENERAL/71951,2,34,"Suka dengan lokasinya, mau ke supermarket atau mal tinggal nyebrang saja. Ke mana-mana juga dekat. Sarapan-nya enak-enak. Staff ramah dan helpful.",Diulas 76 minggu lalu
https://www.traveloka.com/id-id/user/review/consumption/HOTEL/GENERAL/71951,2,35,"banyak pilihan makanan, kebanyakan tradisional. Wedang jahe adalah satu-satunya makanan unik yang saya temukan di hotel",Diulas 77 minggu lalu
https://www.traveloka.com/id-id/user/review/consumption/HOTEL/GENERAL/71951,2,36,Secara keseluruhan bagus. Sayangnya di area lobby dekat resto tidak bebas rokok.,Diulas 78 minggu lalu
https://www.traveloka.com/id-id/user/review/consumption/HOTEL/GENERAL/71951,2,37,1 kamar tidak ada shower air panas dan TV mati,Diulas 79 minggu lalu
https://www.traveloka.com/id-id/user/review/consumption/HOTEL/GENERAL/71951,2,38,"Menginap di sini lokasi strategis dan bagus, hotel terawat hanya saja makanan kurang variasi. Sosis harus request dulu baru disediakan. Lalu, coffee latte harus bayar. Selebihnya sih ya bagus. Semoga makanan lebih variasi dan lengkap, terima kasih!",Diulas 79 minggu lalu
https://www.traveloka.com/id-id/user/review/consumption/HOTEL/GENERAL/71951,2,39,"Menginap di Executive Room. Nyaman, lega, dan bersih. Harga bersahabat. Sarapan oke. Lokasi strategis dekat ke Jalan Riau yang banyak FO dan cafe. Parkiran cukup luas.",Diulas 80 minggu lalu
https://www.traveloka.com/id-id/user/review/consumption/HOTEL/GENERAL/71951,2,40,"Sayang area merokok sangat berdekatan dengan yang bebas rokok, sebaiknya diberi sekat yang tidak tembus asap rokok, thanks.",Diulas 80 minggu lalu
https://www.traveloka.com/id-id/user/review/consumption/HOTEL/GENERAL/71951,3,1,Menyenangkan... hanya perlu tambahan untuk pengering rambut.,Diulas 81 minggu lalu
https://www.traveloka.com/id-id/user/review/consumption/HOTEL/GENERAL/71951,3,2,Staf Jovita baik dan ramah. Kamar berbau lembap saat awal masuk kamar. Lantai kamar mandi licin.,Diulas 82 minggu lalu
https://www.traveloka.com/id-id/user/review/consumption/HOTEL/GENERAL/71951,3,3,"Staff hotel yang ramah, dekat ke mana-mana, hanya perlu renovasi kamar karena sudah tua.",Diulas 83 minggu lalu
https://www.traveloka.com/id-id/user/review/consumption/HOTEL/GENERAL/71951,3,4,Staf hotel kelewat ramah dan makannannya enak-enak.,Diulas 86 minggu lalu
https://www.traveloka.com/id-id/user/review/consumption/HOTEL/GENERAL/71951,3,5,Staf hotel ramah banget. Sarapan banyak pilihan dan rasanya enak-enak semua.,Diulas 87 minggu lalu
https://www.traveloka.com/id-id/user/review/consumption/HOTEL/GENERAL/71951,3,6,"Bangunan sudah tua, tetapi di dalam kamar cukup nyaman dan breakfast nikmat. Lokasi sangat strategis. Namun, di hotel ini tidak ada kids club. Meskipun demikian, di sekitar hotel banyak taman/hutan kota sebagai destinasi main anak.",Diulas 87 minggu lalu
https://www.traveloka.com/id-id/user/review/consumption/HOTEL/GENERAL/71951,3,7,Ramah tamah. Lokasi strategis.,Diulas 88 minggu lalu
https://www.traveloka.com/id-id/user/review/consumption/HOTEL/GENERAL/71951,3,8,Stafnya sangat sopan dan membantu. Kami menghargai layanan yang mengantar kami ke stasiun kereta tanpa harus menunggu lama. Makanannya juga enak. Kamarnya sangat bersih dan nyaman.,Diulas 88 minggu lalu
https://www.traveloka.com/id-id/user/review/consumption/HOTEL/GENERAL/71951,3,9,Makan tidak variatif dan rasanya pun kurang enak.,Diulas 89 minggu lalu
https://www.traveloka.com/id-id/user/review/consumption/HOTEL/GENERAL/71951,3,10,"Pengalaman menginap di sini sangat berkesan. Insya Allah, lain kali ke Bandung, saya akan menginap di sini lagi. Terima kasih kepada staf yang ramah.",Diulas 92 minggu lalu
https://www.traveloka.com/id-id/user/review/consumption/HOTEL/GENERAL/71951,3,11,"Hotelnya dan kamarnya bersih, pelayanan cepat dan ramah, lokasi sangat strategis, makanan banyak variasinya serta enak.",Diulas 93 minggu lalu
https://www.traveloka.com/id-id/user/review/consumption/HOTEL/GENERAL/71951,3,12,"Saya sering menginap disini, saya paling suka kalau ada jahe panas di malam hari (tapi kalau saya ke sana, saya berharap jahe disajikan di minuman lain (saya tidak suka). Saya hanya menyarankan memperbarui menu dan sarapan beragam, yang lainnya baik-baik saja",Diulas 95 minggu lalu
https://www.traveloka.com/id-id/user/review/consumption/HOTEL/GENERAL/71951,3,13,"Lokasi strategis. Hotel ini tidak mendukung area bebas rokok karena di area koridor/lift, banyak orang yang merokok.",Diulas 96 minggu lalu
https://www.traveloka.com/id-id/user/review/consumption/HOTEL/GENERAL/71951,3,14,Selalu happy nginap di hotel santika.,Diulas 96 minggu lalu
https://www.traveloka.com/id-id/user/review/consumption/HOTEL/GENERAL/71951,3,15,Very strategic! Gampang berjalan ke BIP dan riau junction.,Diulas 98 minggu lalu
https://www.traveloka.com/id-id/user/review/consumption/HOTEL/GENERAL/71951,3,16,Bersih nyaman strategis aman senang.,Diulas 101 minggu lalu
https://www.traveloka.com/id-id/user/review/consumption/HOTEL/GENERAL/71951,3,17,"Lokasi Bagus, Fasilitas Bagus, dan Makanan Sarapan Enak.",Diulas 102 minggu lalu
https://www.traveloka.com/id-id/user/review/consumption/HOTEL/GENERAL/71951,3,18,"Hotelnya strategis banget tengah kota Bandung, deket ke tempat” kuliner juga. Mungkin karena bangunan tua, saya merasa kurang nyaman. Pertama masuk lobby jujur ada hawa” ga enak, terus setelah masuk kamar ada serangga dan ubin lantai beberapa retak, door locknya patah. Saya langsung checkout dan cari hotel lain. Mungkin bisa ditingkatkan maintenancenya.",Diulas 105 minggu lalu
https://www.traveloka.com/id-id/user/review/consumption/HOTEL/GENERAL/71951,3,19,Ramah banget staff n semuanya. Makanan enakk,Diulas 105 minggu lalu
https://www.traveloka.com/id-id/user/review/consumption/HOTEL/GENERAL/71951,3,20,Saya senang menginap di Santika Jalan Sumatra karena breakfast-nya enak dan lokasi strategis dekat dengan kuliner. Bonusnya adalah bisa pinjam sepeda yang disediakan oleh hotel.,Diulas 106 minggu lalu
https://www.traveloka.com/id-id/user/review/consumption/HOTEL/GENERAL/71951,3,21,Layanan baik dan kamar bersih. Nyaman untuk perjalanan dinas. Thanks for good services. 😇🙏,Diulas 107 minggu lalu
https://www.traveloka.com/id-id/user/review/consumption/HOTEL/GENERAL/71951,3,22,"Semuanya sangat baik, makanan, pelayanan, fasilitas yang disediakan.",Diulas 108 minggu lalu
https://www.traveloka.com/id-id/user/review/consumption/HOTEL/GENERAL/71951,3,23,"Lokasi strategis, ruangan bersih, staf ramah meskipun sayang menu bf variasinya saat menginap kurang baik dibandinf memiliki daerah lain. Secara keseluruhan bagus sih.",Diulas 108 minggu lalu
https://www.traveloka.com/id-id/user/review/consumption/HOTEL/GENERAL/71951,3,24,"Saya menginap 2 malam dengan berbeda-beda kelas kamar, hari pertama di kamar superior sangat memuaskan kamar bersih, kamar mandi bersih wangi, AC dingin sejuk dan u sarapan hari pertama enak-enak semua. Untuk hari kedua di kamar delux yang harganya lebih tinggi, tetapi saya mendapat kamar yang kurang memuaskan dari kamar mandi licin (belum disikat) dan terdapat uap bau yang kurang sedap, dan AC kurang dingin. Sarapan hari kedua tetap enak-enak semua.",Diulas 109 minggu lalu
https://www.traveloka.com/id-id/user/review/consumption/HOTEL/GENERAL/71951,3,25,"Waktu jalan-jalan ke Bandung, selalu setia menginap di Santika. Hotelnya nyaman dan pelayanannya ramah.",Diulas 110 minggu lalu
https://www.traveloka.com/id-id/user/review/consumption/HOTEL/GENERAL/71951,3,26,"Lokasinya oke sangat strategis, sudah sering menginap di sini dari dulu, rekomen lah.",Diulas 113 minggu lalu
https://www.traveloka.com/id-id/user/review/consumption/HOTEL/GENERAL/71951,3,27,"Dinding kamar ada beberapa bagian yang perlu dicat ulang. Toiletnya bisa dibersihkan sedikit, meskipun sudah tua.",Diulas 115 minggu lalu
https://www.traveloka.com/id-id/user/review/consumption/HOTEL/GENERAL/71951,3,28,"Kamar yg dipesan bau rokok, pengap. Akhirnya diberikan kamar baru yang lebih kecil dari yang dipesan. Makanan enak, kru ramah.",Diulas 115 minggu lalu
https://www.traveloka.com/id-id/user/review/consumption/HOTEL/GENERAL/71951,3,29,"Menginap sehari di Hotel Santika Bandung sangat berkesan, walaupun bangunan lama tapi kamar bersih dan nyaman, sarapan enak dan dekat dengan pusat perbelanjaan.",Diulas 117 minggu lalu
https://www.traveloka.com/id-id/user/review/consumption/HOTEL/GENERAL/71951,3,30,"Lokasi strategis dkt mall bip, suasana nyaman dan paling suka kalo malam ada minuman bandrex (jahe panas), cuma furniture hotelnya sudah jadul dan lama, terutama interior kamar sudah harus di upgrade (beberapa lantai, meja, lemari sudah rusak), ac kamar sprtinya harus diupgrade biar lebih dingin lagi. Internet di beberapa nomor kamar tertentu kadang lemot sekali.",Diulas 118 minggu lalu
https://www.traveloka.com/id-id/user/review/consumption/HOTEL/GENERAL/71951,3,31,"Pengalaman tidur yang buruk karena terlalu banyak suara bising dari jalan utama, dan ada kecoa di kamar mandi.",Diulas 119 minggu lalu
https://www.traveloka.com/id-id/user/review/consumption/HOTEL/GENERAL/71951,3,32,"Jendela tidak kedap suara sehingga semua suara dari jalan utama mengganggu tidur saya di malam hari, ada kecoa di kamar mandi.",Diulas 119 minggu lalu
https://www.traveloka.com/id-id/user/review/consumption/HOTEL/GENERAL/71951,3,33,"Pegawai ramah ikhkas, makanan nusantara semua enak dan ada rasanyaa.",Diulas 119 minggu lalu
https://www.traveloka.com/id-id/user/review/consumption/HOTEL/GENERAL/71951,3,34,Saat check in petugas hotel agak lama menginput atau memprosesnya.,Diulas 121 minggu lalu
https://www.traveloka.com/id-id/user/review/consumption/HOTEL/GENERAL/71951,3,35,Menyenangkan dan nyaman semua crewnya ramah.,Diulas 121 minggu lalu
https://www.traveloka.com/id-id/user/review/consumption/HOTEL/GENERAL/71951,3,36,"Saya sudah request smoking room namun pas saya check in malam, not available.",Diulas 122 minggu lalu
https://www.traveloka.com/id-id/user/review/consumption/HOTEL/GENERAL/71951,3,37,"Dear Santika Hotel Bandung, terima kasih. Ini pertama kalinya saya menginap di Hotel Santika Bandung, secara keseluruhan hotel tua tapi perawatan dan maintenance bagus banget. Resepsionis sangat membantu, kamar bersih, fasilitas bagus, sarapan (belum sempat mencoba). Lokasi strategis, banyak kuliner di seberang hotel. Saran: Hand dryer bisa ditambahkan di setiap kamar. Terima kasih.",Diulas 123 minggu lalu
https://www.traveloka.com/id-id/user/review/consumption/HOTEL/GENERAL/71951,3,38,"Sangat nyaman, dekat dengan tempat keramaian dan tidak sepi.",Diulas 125 minggu lalu
https://www.traveloka.com/id-id/user/review/consumption/HOTEL/GENERAL/71951,3,39,Lokasi strategis dan hotel bersih.,Diulas 126 minggu lalu
https://www.traveloka.com/id-id/user/review/consumption/HOTEL/GENERAL/71951,3,40,"Bagus, nyaman, sarapan enak, parkir luas, pegawai baik.",Diulas 126 minggu lalu
https://www.traveloka.com/id-id/user/review/consumption/HOTEL/GENERAL/71951,4,1,Tersedia pinjam sepeda di lobby hotel mantap.,Diulas 127 minggu lalu
https://www.traveloka.com/id-id/user/review/consumption/HOTEL/GENERAL/71951,4,2,"Dengan harga 856rb sekian, ga worth it. Kamarnya berdebu banget, bau apek jadi ga bisa tidur semalaman. Sperai banyak bercak, lampu remang-remang … plusnya staf ramah, pelayanan baik.",Diulas 128 minggu lalu
https://www.traveloka.com/id-id/user/review/consumption/HOTEL/GENERAL/71951,4,3,"Lokasi dekat dengan BIP, Gramedia, dan BEC. Meski bernuansa hotel lama tapi tetap nyaman digunakan dan tidak berisik.",Diulas 128 minggu lalu
https://www.traveloka.com/id-id/user/review/consumption/HOTEL/GENERAL/71951,4,4,Mohon untuk pemeliharaan lift nya untuk di perhatikan supaya dapat memberikan rasa nyaman dan aman saat menggunakannya 🙏.,Diulas 128 minggu lalu
https://www.traveloka.com/id-id/user/review/consumption/HOTEL/GENERAL/71951,4,5,"Hotelnya nyaman, dekat BIP dan Jogja, bersih, sarapannya enak 😍.",Diulas 129 minggu lalu
https://www.traveloka.com/id-id/user/review/consumption/HOTEL/GENERAL/71951,4,6,"Proses check-in cepat, kamar & kamar mandi super bersih, staf ramah, dan harga tidak terlalu mahal. Saya akan sangat merekomendasikannya kepada keluarga dan teman saya.",Diulas 130 minggu lalu
https://www.traveloka.com/id-id/user/review/consumption/HOTEL/GENERAL/71951,4,7,"Hotel bagus dan bersih di tengah Kota Bandung, dekat dengan bip mall, lokasi ramai. Makanannya enak, sesuai ekspektasi kami. Hanya saja sangat disayangkan kamar executive kami tidak terlalu dingin, atau karena ruangan yang terlalu besar atau karena cuaca yang cukup panas untuk kota bandung.",Diulas 130 minggu lalu
https://www.traveloka.com/id-id/user/review/consumption/HOTEL/GENERAL/71951,4,8,Lokasi yang strategis dekat dengan mall.,Diulas 133 minggu lalu
https://www.traveloka.com/id-id/user/review/consumption/HOTEL/GENERAL/71951,4,9,"Satu-satunya yang saya keluhkan adalah AC-nya, seperti tidak berfungsi sama sekali. Fasilitas, kebersihan, keramahtamahan staf 👍.",Diulas 133 minggu lalu
https://www.traveloka.com/id-id/user/review/consumption/HOTEL/GENERAL/71951,4,10,"Semua menyenangkan, hanya satu pengalaman mengerikan karena lift tiba-tiba mati beserta lampu nya dan saya sendiri di dalam nya lumayan terjebak 5 menit. Mudah-mudahan bisa menjadi perhatian untuk pihak hotel, takut nya hal tersebut terjadi pada anak-anak yang naik lift.",Diulas 133 minggu lalu
https://www.traveloka.com/id-id/user/review/consumption/HOTEL/GENERAL/71951,4,11,"Walaupun hotel lama tapi cukup bersih dan nyaman, sarapan cukup bervaruasi dan lokasi strategis.",Diulas 134 minggu lalu
https://www.traveloka.com/id-id/user/review/consumption/HOTEL/GENERAL/71951,4,12,"Seru bisa liburan di hotel Santika, dekat segala tempat. Mantap.",Diulas 135 minggu lalu
https://www.traveloka.com/id-id/user/review/consumption/HOTEL/GENERAL/71951,4,13,"Letaknya strategis dekat dengan pusat perbelanjaan dan food court. Tidak jauh dari beberapa kawasan terkenal tempat orang berkumpul selama akhir pekan. Pengalaman pertama: tidak bisa mendapatkan kamar tidur king size yang diharapkan seperti yang dipesan di aplikasi. Dengan senyum yang terlatih, staf check-in menawarkan kamar dengan tempat tidur twin ""sesuai ketersediaan"". Tidak bisa berdebat dengan itu. Kami sudah lelah setelah berjalan-jalan beberapa jam di mall. Hal yang dipelajari: Apa yang kita lihat di Traveloka tidak selalu seperti yang kita dapatkan dari hotel. Berikutnya: ruangannya sendiri bersih dan rapi. Tidak ada keluhan untuk ini. ACnya keren. TV berfungsi. Kotak aman berfungsi. Kulkas kecil berfungsi. Air kolam renangnya jernih. Sarapannya biasa saja. Direkomendasikan bagi siapapun yang ingin menjelajahi kawasan pusat kota Bandung.",Diulas 135 minggu lalu
https://www.traveloka.com/id-id/user/review/consumption/HOTEL/GENERAL/71951,4,14,Hotel yang agak tua tapi layak. Dekat dengan pusat perbelanjaan dan jajanan kaki lima. Sarapannya enak.,Diulas 136 minggu lalu
https://www.traveloka.com/id-id/user/review/consumption/HOTEL/GENERAL/71951,4,15,Saya merasa sangat puas dengan servis dan pelayanan bagus. Dan waktu check in gak lama.,Diulas 136 minggu lalu
https://www.traveloka.com/id-id/user/review/consumption/HOTEL/GENERAL/71951,4,16,"Lokasi yang sempurna. Para stafnya ramah dan membantu. Ruangan itu kuno tapi bersih dan nyaman. Makanannya biasa saja. Banyak variasi makanan indonesia, tapi mungkin perlu menambahkan beberapa makanan standar internasional sebagai penetralisir makanan Indonesia yang pedas dan berat.",Diulas 137 minggu lalu
https://www.traveloka.com/id-id/user/review/consumption/HOTEL/GENERAL/71951,4,17,Saya mendapatkan hotel yang sesuai dengan yang diinginkan.,Diulas 140 minggu lalu
https://www.traveloka.com/id-id/user/review/consumption/HOTEL/GENERAL/71951,4,18,Perlu pembarauan lagi untuk fasilitas dan akomodasi hotelnya.,Diulas 145 minggu lalu
https://www.traveloka.com/id-id/user/review/consumption/HOTEL/GENERAL/71951,4,19,Saya sukapelayanannya. Karyawannya murah senyum dan mudah diakses. Kamar cukup luas. Air panas ok. Sarapan pagi cukup enak mungkin perlu ditambah variannya aja.,Diulas 145 minggu lalu
https://www.traveloka.com/id-id/user/review/consumption/HOTEL/GENERAL/71951,4,20,Recommended. Pelayanannya sangat baik. Terima kasih.,Diulas 146 minggu lalu
https://www.traveloka.com/id-id/user/review/consumption/HOTEL/GENERAL/71951,4,21,"Sudah 2 kali nginap di sini. Pelayanan bagus, kamar bersih, proses check in dan ceck out cepat, suasana hotel cocok untuk istirahat.",Diulas 146 minggu lalu
https://www.traveloka.com/id-id/user/review/consumption/HOTEL/GENERAL/71951,4,22,"Staff cukup ramah, tunggu kamar 90 menit setelah perjalanan yang cukup jauh sangat tidak menyenangkan. Malam serasa tidur dipinggir jalan karena jendela yang tidak kedap sama sekali dan tercium bau sampah dikoridor.",Diulas 146 minggu lalu
https://www.traveloka.com/id-id/user/review/consumption/HOTEL/GENERAL/71951,4,23,"Hotel dekat dengan mall dan braga, lokasi cukup strategis, kamar bersih kamar mandi juga cukup bersih. Perlu diperhatikan untuk manajemen: 1. Lift agak kasar tiap berhenti di tiap lantai, mungkin karena lift tua. 2. Toilet dan kamar ganti di kolam renang agak singup dan kotor. Overall selain dua atas cukup bagus. Terima kasih Santika.",Diulas 150 minggu lalu
https://www.traveloka.com/id-id/user/review/consumption/HOTEL/GENERAL/71951,4,24,"Makanan enak variatif, kamar bersih, nyaman. parkiran luas dibasement, dekat dng BIP jadi tinggal jalan kaki kalo mau ngemol.",Diulas 150 minggu lalu
https://www.traveloka.com/id-id/user/review/consumption/HOTEL/GENERAL/71951,4,25,"Pelayanannya sangat menyenangkan, terutama bagian restorasi. Dan hotel terletak pada tempat yang strategis dekat dengan pusat keramaian dan pusat jajan.",Diulas 152 minggu lalu
https://www.traveloka.com/id-id/user/review/consumption/HOTEL/GENERAL/71951,4,26,"Keramahtamahan yang luar biasa dari staf. Cuma hotelnya sudah tua. Sarapan begitu begitu, kurangnya pilihan. Ada yang salah dengan kolam mereka, adik perempuan saya pergi berenang dan gatal-gatal sesudahnya.",Diulas 152 minggu lalu
https://www.traveloka.com/id-id/user/review/consumption/HOTEL/GENERAL/71951,4,27,"Rasa makanan kurang enak, pelayanan resepsionis kurang, pukul 14 belum siap check in, harus nunggu sebentar, pukul 11.30 sudah ditelpon mengingatkan check out. Beberapa tahun lalu pernah nginap di sini, dulu pelayanannya lebih oke, mobil yang nginap dibersihkan. Untuk kali ini, mobil tidak dibersihkan, kali ini ada penurunan kualitas, tidak akan nginap di sini lagi.",Diulas 153 minggu lalu
https://www.traveloka.com/id-id/user/review/consumption/HOTEL/GENERAL/71951,4,28,"Lokasi hotel sangat strategis, kamar bersih dan rapi, petugas hotel cekatan, baik dan ramah, makanan cukup baik, kolam renang bersih dan secara keseluruhan menginap di hotel ini nyaman.",Diulas 155 minggu lalu
https://www.traveloka.com/id-id/user/review/consumption/HOTEL/GENERAL/71951,4,29,"Untuk pelayanan customer service cukup bagus, semua bagian FOnya melayani dengan friendly, untuk bangunan karena bangunan lama sepertinya perlu beberapa di update, seperti pintu kamar mandi ada yang dimakan rayap, dan sebagainya, untuk makanan sangat perlu ditingkatkan lagi baik dari sisi varian dan terlebih masalah rasa makanan, agak sedikit kecewa, tapi mudah-mudahan ke depannya akan lebih baik lagi.",Diulas 156 minggu lalu
https://www.traveloka.com/id-id/user/review/consumption/HOTEL/GENERAL/71951,4,30,The best room dari beberapa hotel Santika yang pernah saya kunjungi.,Diulas 158 minggu lalu
https://www.traveloka.com/id-id/user/review/consumption/HOTEL/GENERAL/71951,4,31,"Lokasi di pusat kota, fasilitas oke, makanannya enak-enak juga.",Diulas 159 minggu lalu
https://www.traveloka.com/id-id/user/review/consumption/HOTEL/GENERAL/71951,4,32,"Pilih kamar superior dikasih kamar deluxe, katanya lagi ada promo, terima kasih yaa.",Diulas 159 minggu lalu
https://www.traveloka.com/id-id/user/review/consumption/HOTEL/GENERAL/71951,4,33,Selalu recommended nginep di hotel santika 👍.,Diulas 160 minggu lalu
https://www.traveloka.com/id-id/user/review/consumption/HOTEL/GENERAL/71951,4,34,"Penerimaan sangat membantu dan sopan sayangnya cuaca hangat dan tanpa AC di area lobi. Ruangan itu bersih tapi keran lama di wastafel dan shower membuatnya sulit untuk dioperasikan. Menu sarapan prasmanan memang tidak sebanyak dua tahun lalu. Disebutkan secara khusus ke stasiun telur, memesan telur setengah matang yang tidak pernah datang sampai kami selesai ... layanan yang buruk.",Diulas 161 minggu lalu
https://www.traveloka.com/id-id/user/review/consumption/HOTEL/GENERAL/71951,4,35,"Hotel yang tidak usah diragukan soal kenyamanannya, staff hotel sangat ramah, selalu menyapa kemanapun berjalan di area hotel. Makanannya oke, bervariasi, restorannya agak sempit, sepertinya tidak bisa mengakomodir tamu yang membeludak jika peak season seperti lebaran. Area parkir mobil cukup besar dan di basement semua jadinya mobil aman tidak kena hujan dan panas. Oh ya, lokasinya sangat amat strategis, dekat persimpangan keramaian arah BIP dan BEC, depan depanan sama Riau Junction, makanan pinggir jalan banyak, top lokasinya. Hanya saja mungkin bisa dipikirkan lagi untuk direvitalisasi hotelnya karena terlihat dari luar bangunannya sudah terlihat tua.",Diulas 167 minggu lalu
https://www.traveloka.com/id-id/user/review/consumption/HOTEL/GENERAL/71951,4,36,"Ruangan itu OK, tapi tampak seperti kamar tua. Perlu direnovasi agar terlihat baru lagi dan memenuhi harga.",Diulas 168 minggu lalu
https://www.traveloka.com/id-id/user/review/consumption/HOTEL/GENERAL/71951,4,37,"Kamar 242 Colokan listrik masak cuma 1 lubang di meja, sejak sejak pandemi menu sarapan pilihan dikit dan monoton.",Diulas 169 minggu lalu
https://www.traveloka.com/id-id/user/review/consumption/HOTEL/GENERAL/71951,4,38,1. Pelayanan HK tidak 24 jam.-Permintaan ganti bed cover jm 22.00 dilayani oleh security dan engineering. 2. Pengembalian id card saat cek in tidak dilakukan oleh staff receptionis/hotel melainkan dititipkan kepada rekan kerja saya yang bertamu.,Diulas 169 minggu lalu
https://www.traveloka.com/id-id/user/review/consumption/HOTEL/GENERAL/71951,4,39,"Kamar luas, lokasi strategis hanya terganggu sama bunyi kata resepsionis suara untuk menghalau kelelawaran, tapi itu cukup mengganggu kenyamanan. Sepertinya karyawan hotel sudah terbiasa dengan bunyi tersebut.",Diulas 171 minggu lalu
https://www.traveloka.com/id-id/user/review/consumption/HOTEL/GENERAL/71951,4,40,"Model bangunan hotel klasik, mungkin bagi kurang suka model hotel lama menjadi kurang nyaman, menu makanan yang tersedia kurang beragam, namun untuk lokasi hotel cukup strategis dekat dengan Mall.",Diulas 171 minggu lalu
https://www.traveloka.com/id-id/user/review/consumption/HOTEL/GENERAL/71951,5,1,"Tingkat kenyamanan sangat kecewa, sbb mndpt kamar di pojok plg atas (no good view).",Diulas 172 minggu lalu
https://www.traveloka.com/id-id/user/review/consumption/HOTEL/GENERAL/71951,5,2,"Sekian kalinya menginap di Hotel Santika selalu berkesan. Liburan singkat bersama keluarga yang sangat menyenangkan. Melalui aplikasi  selalu jadi pilihan yang tepat, apalagi didukung dengan paylater yang selalu memudahkan dalam bertransaksi dalam mewujudkan impian bersama keluarga tercinta. Terima kasih agen online, terima kasih paylater, dan terima kasih Hotel Santika Bandung.",Diulas 172 minggu lalu
https://www.traveloka.com/id-id/user/review/consumption/HOTEL/GENERAL/71951,5,3,"Pertama datang terasa seperti hotel klasik, setelah masuk terlihat kualitas Santika. Kamar bersih termasuk di bawah meja, tidak berdebu, AC sentral dan tetap dingin, parkiran cukup dan terhubung ke lantai kamar, lokasi sangat strategis, sarapan standar. Sedikit minus, air kadang ga stabil. Puas dan merekomendasikan hotel ini.",Diulas 172 minggu lalu
https://www.traveloka.com/id-id/user/review/consumption/HOTEL/GENERAL/71951,5,4,"Kamarnya lumayan luas, kamar mandi juga luas tapi untuk hair dryer tidak disediakan.",Diulas 173 minggu lalu
https://www.traveloka.com/id-id/user/review/consumption/HOTEL/GENERAL/71951,5,5,Good old vibes. Saran: Sarapan ready lebih pagi (06.00 AM) dan makanan tidak hangat.,Diulas 174 minggu lalu
https://www.traveloka.com/id-id/user/review/consumption/HOTEL/GENERAL/71951,5,6,"Kami menyewa executive room tapi AC tidak nyala sama sekali. Beberapa kali diperbaiki tapi tidak bisa malah kami diberi tawaran untuk tidur dengan kipas angin sepanjang malam. Kami meminta kamar baru dengan AC yang lebih dingin malam itu tapi staff hotel bilang tidak bisa dengan alasan kamar full. Tapi anehnya pagi-pagi jam 7, mereka menelepon ke kamar saya dan menawarkan pindah kamar tapi saya tolak karena saya sudah merasa kecewa dan tidak fit untuk pindah kamar pagi itu akibat baru bisa tidur jam 5 subuh di kamar panas itu. Entah apa betul malam itu memang kamar full atau sengaja membiarkan saya dan keluarga tidur dengan kipas angin. Mereka juga menawarkan kompliment untuk free breakfast dan late check out. Betul-betul pengalaman terburuk. Saya beberapa kali menginap di hotel ini dan tidak pernah ada masalah. Tapi sungguh tega terhadap customer. Seharusnya mereka menawarkan kami kamar yang lebih memadai. Harusnya mereka tidak perlu menjual kamar kalau memang kamarnya bermasalah. Dan tidak bisa memberikan solusi yang lebih baik. Semoga manajemen hotel bisa lebih tanggap atas keluhan customer ke depannya.",Diulas 174 minggu lalu
https://www.traveloka.com/id-id/user/review/consumption/HOTEL/GENERAL/71951,5,7,"Hotel yang menyenangkan, menu sarapan lengkap, pelayanan ramah, hotel bersih dan berada di pusat kota Bandung, dekat kemana-mana.",Diulas 174 minggu lalu
https://www.traveloka.com/id-id/user/review/consumption/HOTEL/GENERAL/71951,5,8,"Hotel lama, yang direnovasi kembali, strategis lokasinya pas seberang Riau Junction. Sarapan skor 60.",Diulas 175 minggu lalu
https://www.traveloka.com/id-id/user/review/consumption/HOTEL/GENERAL/71951,5,9,Menyenangkan karyawan hotel ramah ramah. The best service. Pokoknya kalo ke Bandung nginap di sini lagi InsyaAllah.,Diulas 177 minggu lalu
https://www.traveloka.com/id-id/user/review/consumption/HOTEL/GENERAL/71951,5,10,350 Extra bed 350 350 ribu. Tapi pelayanannya luar biasa ramah. Terima kasih.,Diulas 177 minggu lalu
https://www.traveloka.com/id-id/user/review/consumption/HOTEL/GENERAL/71951,5,11,"Lokasi strategis, nyaman, kamarnya luas, tersedia pula kolam renang. Ditambah sarapannya enak-enak ada rebusan dan jamu. Nice.",Diulas 177 minggu lalu
https://www.traveloka.com/id-id/user/review/consumption/HOTEL/GENERAL/71951,5,12,Mantap banget hotelnya. Sampe kita diperpanjang lagi nginap di sini. Pokoknya recommended banget untuk keluarga. Fasilitas komplit. Area bersih. Tempatnya pun nyaman 🤩😘. Untuk room nya pun nyaman dan bersih 😘🤩,Diulas 177 minggu lalu
https://www.traveloka.com/id-id/user/review/consumption/HOTEL/GENERAL/71951,5,13,"Kamar bersih dan sangat luas, pelayanannya ramah, sarapan enak, lokasi sangat strategis. Overall sangat oke untuk stay di santika.",Diulas 177 minggu lalu
https://www.traveloka.com/id-id/user/review/consumption/HOTEL/GENERAL/71951,5,14,Staff ramah. Tidak terlalu penuh jadi nyaman. Dekat kemana mana.,Diulas 177 minggu lalu
https://www.traveloka.com/id-id/user/review/consumption/HOTEL/GENERAL/71951,5,15,Nyaman untuk harga yang ekonomis.,Diulas 178 minggu lalu
https://www.traveloka.com/id-id/user/review/consumption/HOTEL/GENERAL/71951,5,16,"Saya menginap di sini selama dua malam dan kami memesan 2 kamar dengan pintu penghubung. Kamar cukup luas untuk dua orang, tempat tidurnya bagus dan bersih. Sarapannya juga enak, silakan cicipi dan minum Jamu saat Anda menginap di Hotel Santika, mereka benar2 enak.",Diulas 178 minggu lalu
https://www.traveloka.com/id-id/user/review/consumption/HOTEL/GENERAL/71951,5,17,Hotel bersih dan nyaman. Staff ramah.,Diulas 180 minggu lalu
https://www.traveloka.com/id-id/user/review/consumption/HOTEL/GENERAL/71951,5,18,"Kamarnya bersih, makanan rata-rata, stafnya ramah. Lebih suka lantai bawah karena lebih terang dan tidak seram. Kolam renangnya sangat dingin.",Diulas 181 minggu lalu
https://www.traveloka.com/id-id/user/review/consumption/HOTEL/GENERAL/71951,5,19,"Lokasinya strategis, di tengah kota. Dengan harga yang tidak murah, kondisi hotel (termasuk kamar) sudah selayaknya direnovasi. Satu hal yang saya kurang sreg, ada live music di ground floor, hingga malam. Cukup mengganggu untuk kami yang ingin segera istirahat/tidur. Staff sangat membantu dan ramah.",Diulas 183 minggu lalu
https://www.traveloka.com/id-id/user/review/consumption/HOTEL/GENERAL/71951,5,20,"Saya suka tempat ini. Sangat nyaman karena terletak di pusat kota. Kamarnya bersih dan luas, makanannya enak. Secara keseluruhan saya puas.",Diulas 184 minggu lalu
https://www.traveloka.com/id-id/user/review/consumption/HOTEL/GENERAL/71951,5,21,"Kamar standar, makanan enak, parkir lumayan, swimming pool walau tidak air hangat.",Diulas 185 minggu lalu
https://www.traveloka.com/id-id/user/review/consumption/HOTEL/GENERAL/71951,5,22,Kamar tidak sesuai dengan harga. Hotel berisik sekali. Bener-bener tidak nyaman.,Diulas 186 minggu lalu
https://www.traveloka.com/id-id/user/review/consumption/HOTEL/GENERAL/71951,5,23,"Kamarnya bersih, tapi acnya panaass. Sarapannya kurang enak, gak banyak pilihan. Liftnya bikin pusing karena setiap turun pasti bunyi-bunyideg-bunyi-bunyidegmungkin lift lama.",Diulas 186 minggu lalu
https://www.traveloka.com/id-id/user/review/consumption/HOTEL/GENERAL/71951,5,24,"Pelayanan buruk. Jasa antar ke stasiun tidak jelas, hampir terlambat gara-gara mereka tidak koordinasi, supir malah bela diri tidak ada kabar. Not rekomend ini hotel. Hotel lama, makanan biasa aja.",Diulas 189 minggu lalu
https://www.traveloka.com/id-id/user/review/consumption/HOTEL/GENERAL/71951,5,25,Semoga bangunan dan fasilitasnya diupgrade. Untuk hunian keluarga cukup nyaman.,Diulas 191 minggu lalu
https://www.traveloka.com/id-id/user/review/consumption/HOTEL/GENERAL/71951,5,26,"Hotelnya bersih, trus staf nya juga helpful, cumaa yaa memang berasa banget vibe hotel tuanya, tapi terawat kok dan bersih. Kemaren ada barang ketinggalan, dan stafnya langsung kabarin cepet,",Diulas 192 minggu lalu
https://www.traveloka.com/id-id/user/review/consumption/HOTEL/GENERAL/71951,5,27,"Minta kamar conecting door sampai check out conecting doornya tidak dibuka, sarapannya nasi goreng terlalu asin, variasi menunya kurang, kamarnya sepertinya perlu di vakum lebih sering, baunya seperti pengap. Staf nya semuanya ramah.",Diulas 194 minggu lalu
https://www.traveloka.com/id-id/user/review/consumption/HOTEL/GENERAL/71951,5,28,"Kamar cukup untuk 2 dewasa dan 1 anak, cukup bersih dan tidak bau. Kondisi beberapa area sudah perlu diperbaiki, plafond rusak dan kotor. Breakfast biasa aja.",Diulas 198 minggu lalu
https://www.traveloka.com/id-id/user/review/consumption/HOTEL/GENERAL/71951,5,29,Selalu menyenangkan staycation di dini. Paket lengkap&terbaik.,Diulas 198 minggu lalu
https://www.traveloka.com/id-id/user/review/consumption/HOTEL/GENERAL/71951,5,30,"Hotel yang sederhana, namun ramah. Lokasi strategis di jantung Kota, dekat kemana mana. Dikelilingi Mal dan cafe & resto. Cocok buat yang suka jalan kaki keliling kota.",Diulas 199 minggu lalu
https://www.traveloka.com/id-id/user/review/consumption/HOTEL/GENERAL/71951,5,31,Hotel sangat strategis lokasinya dengan harga yang terjangkau.,Diulas 200 minggu lalu
https://www.traveloka.com/id-id/user/review/consumption/HOTEL/GENERAL/71951,5,32,"Secara umum saya merasakan puas dengan pelayanan di hotel ini, walaupun ada beberapa hal yang bisa di tingkatkan. Pada hari pertama saya kaget dengan menu yang rasakan,""asin""tetapi dihari kedua rasanya sudah nyaman di lidah, hehehe. Kebersihan ruangan, pelayanan ruangan, top markotop! Appreciate about it.",Diulas 200 minggu lalu
https://www.traveloka.com/id-id/user/review/consumption/HOTEL/GENERAL/71951,5,33,Kamar tidak kedap suara dan terlalu dingin meskipun tanpa menyalakan AC. Restoran terlalu berangin.,Diulas 201 minggu lalu
https://www.traveloka.com/id-id/user/review/consumption/HOTEL/GENERAL/71951,5,34,"Hotelnya strategis, deket mau kemana-mana. Walaupun hotelnya agak tua, tapi rapih dan bersih. Staffnya ramah-ramah. Menu sarapannya enak, walapun pilihan roti dan snack nya agak sedikit. Kolam renang bersih, tapi toiletnya agak jauh dan turun kebawah plus licin.",Diulas 204 minggu lalu
https://www.traveloka.com/id-id/user/review/consumption/HOTEL/GENERAL/71951,5,35,"Old hotel with great location. Hotel dekat dengan 2 mall. Breakfast kurang sebaik standard Santika pada umumnya, nasi gorengnya asin, sosis untuk anak-anak harus minta, tidak ada waffle. Happy karena request semua terpenuhi, 4 kamar dengan connecting door. Kamar luas, nyaman, bersih, AC dingin. Hanya sayang di kamar tidak ada hair dryer, tidak ada handuk tangan, tidak ada handuk kecil. Rain shower juga kayak gerimis saja. Pinggir sekitar kolam renang sangat licin wajib extra hati-hati terutama untuk anak-anak. Hotel perlu revitalisasi supaya lebih pantas menjadi Hotel Santika group.",Diulas 204 minggu lalu
https://www.traveloka.com/id-id/user/review/consumption/HOTEL/GENERAL/71951,5,36,Hotelnya nyaman. Lokasi strategis. Staff ramah.,Diulas 204 minggu lalu
https://www.traveloka.com/id-id/user/review/consumption/HOTEL/GENERAL/71951,5,37,Dekat dengan rumah sakit Limijati yang menjadi tujuan saya berobat ke dokter.,Diulas 205 minggu lalu
https://www.traveloka.com/id-id/user/review/consumption/HOTEL/GENERAL/71951,5,38,"Untuk old hotel, fasilitasnya cukup baik, tpt tidur dan kamar mandi bersih, kolam renang dan tpt gym juga bersih, breakfast ok, terima kasih santika 😊.",Diulas 205 minggu lalu
https://www.traveloka.com/id-id/user/review/consumption/HOTEL/GENERAL/71951,5,39,"Bangunan hotel lama, tapi masih tertata rapih, asri dan bersih. Fasilitas kamar cukup lengkap, hanya tidak disediakan hair dryer. Kamar dan kamar mandi bersih dan nyaman. Kolam renang meskipun ukurannya terbilang kecil, tapi cukup baik untuk sekedar refreshing dan olahraga dan ph airnya juga cukup baik, meskipun mata jadi perih dan merah karena lupa membawa kacamata renang. Cukup disayangkan kamar ganti dan toilet lumayan jauh dan mesti turun tangga, harus berhati-berhati terutama anak-anak supaya tidak terjatuh karena lantai licin. Tidak ada petugas yang stand by untuk menjaga, sehingga tamu ketika perlu handuk harus mencari petugas hotel dulu. Disediakan juga fasilitas treadmil juga cukup baik, meskipun lokasinya di pojok dan penerangan sangat kurang. Breakfast makanannya enak dan variasinya juga cukup banyak.",Diulas 208 minggu lalu
https://www.traveloka.com/id-id/user/review/consumption/HOTEL/GENERAL/71951,5,40,"Ini yang ke 2 x saya menginap di Hotel Santika Bandung, kali ini saya menginap bersama keluarga, saya pesan 2 kamar deluxe di lantai 1, so far puas meskipun tidak bisa bersebelahan dengan kamar anak saya. Untuk breakfast ada kemajuan cukup banyak ragamnya dan ada rasa untuk makanan. Kolam renang cukup bersih hanya ada keramik yang lepas mungkin dari pihak management Hotel Santika Bandung untuk segera perbaiki karena cukup berbahaya jadi tajam. Saran dan masukan saya untuk keramik lantai kamar mandi itu sangat licin kalau bisa dialasi karpet anti slip, saya dan suami hampir terpeleset jatuh.",Diulas 208 minggu lalu
https://www.traveloka.com/id-id/user/review/consumption/HOTEL/GENERAL/71951,6,1,"Sarapan baik, pegawai baik, cepet tanggap hanya maitanance hotelnya udah tua jadi semoga ada peremajaan di pintu gagang toilet dan showernya dan peralatan mandi lainnya. Semoga ada peremajaan toilet. Sukses.",Diulas 208 minggu lalu
https://www.traveloka.com/id-id/user/review/consumption/HOTEL/GENERAL/71951,6,2,"Saya & keluarga senang menginap disini walaupun hanya untuk liburan singkat. Kamarnya bersih dan rapi, didesinfeksi sebelum kami check-in & keramahan yang luar biasa. Sarapan Sarapannya enak dan segar. Kami akan kembali lagi.",Diulas 209 minggu lalu
https://www.traveloka.com/id-id/user/review/consumption/HOTEL/GENERAL/71951,6,3,"Untuk kamar dan lain sebagainya okelah ya, parkir gratis untuk tamu tanpa cap dan lain-lain. Air panas lancar, TV, kasur dan kamar mandi bersih. Hanya saja variasi sarapan yang kurang, bagi yang akan menginap di sini lebih baik ambil kamar saja tidak usah dengan sarapan.",Diulas 210 minggu lalu
https://www.traveloka.com/id-id/user/review/consumption/HOTEL/GENERAL/71951,6,4,Hotel baru dibersihkan jam 14.30 sehingga saya harus menunggu.,Diulas 211 minggu lalu
https://www.traveloka.com/id-id/user/review/consumption/HOTEL/GENERAL/71951,6,5,Kamar bersih dan nyaman. Para staff juga sangat helpful dan friendly. Dari segi lokasi juga one of the best karena pas di tengah kota.,Diulas 211 minggu lalu
https://www.traveloka.com/id-id/user/review/consumption/HOTEL/GENERAL/71951,6,6,"Sebenarnya senang menginap disini, tapi saya sudah booking untuk 2 kamar king bed, kemudian pihak hotel hanya memberi saya 1 kamar king bed, dan 1 kamar twin bed. Hotel mengatakan ketika Anda memesan melalui aplikasi online, diharapkan mendapatkan kamar yang berbeda. Mereka menyarankan kami untuk memesan langsung kepada mereka jika kami ingin mendapatkan kamar yang sama dengan yang dipesan.",Diulas 212 minggu lalu
https://www.traveloka.com/id-id/user/review/consumption/HOTEL/GENERAL/71951,6,7,"Hotelnya sudah tua, furniture & TVnya juga tua, showernya sudah pd rusak. Satu-satunya yang masih memiliki standar hotel santika hanya keramahan staffnya, sisanya shocking kalau ini hotel santika.",Diulas 212 minggu lalu
https://www.traveloka.com/id-id/user/review/consumption/HOTEL/GENERAL/71951,6,8,"Staf luar biasa, suasana luar biasa. Mereka sangat mengikuti protokol kesehatan dengan baik. Kami pasti akan tinggal di sana lagi. Bravo!",Diulas 216 minggu lalu
https://www.traveloka.com/id-id/user/review/consumption/HOTEL/GENERAL/71951,6,9,"Alhamdulillah dapat harga murah untuk pesan kamar di aplikasi ini. Pelayanannya baik, staff hotelnya ramah banget, lokasi strategis, akses cepat jika mau ke mall, dan makanan rasanya enak. Terima kasih untuk seluruh staff hotelnya.",Diulas 218 minggu lalu
https://www.traveloka.com/id-id/user/review/consumption/HOTEL/GENERAL/71951,6,10,"Pelayanannya bagus, kamar bersih, sarapan makanan enak.",Diulas 218 minggu lalu
https://www.traveloka.com/id-id/user/review/consumption/HOTEL/GENERAL/71951,6,11,"Ini Hotel Santika paling jelek yang pernah saya inapi. Udah request kamar yang non smoking tapi dikasih kamar yang smoking. Padahal pada umumnya di hotel lain, tanpa request pun default nya akan dikasih non smoking. Payah!",Diulas 218 minggu lalu
https://www.traveloka.com/id-id/user/review/consumption/HOTEL/GENERAL/71951,6,12,Ini tidak begitu bagus. Kamar mandi di kamar kami kurang air. Serius tidak nyaman. Saya mencoba menelepon operator 3 kali tetapi tidak ada jawaban. Tidak responsif. Jangan pernah datang ke hotel ini lagi.,Diulas 220 minggu lalu
https://www.traveloka.com/id-id/user/review/consumption/HOTEL/GENERAL/71951,6,13,"Saya nginep 2 malem di kamar 363, malam pertama lancar pas hari sabtunya pagi hari air kotor dan banyak kotoran serta air menjadi kecil di shower serta air saat mandi air panas semua tidak ada air dinginnya, jam 10.30 mati listrik dan air tidak ngalir selama 1 jam sampai cek out air mengalis sangat kecil. Saat sarapan petugas di tiap makanan kurang sehingga harus menunggu saat mau ambil makanan karena dialas oleh petugas.",Diulas 220 minggu lalu
https://www.traveloka.com/id-id/user/review/consumption/HOTEL/GENERAL/71951,6,14,Memiliki staycation di sini selama 2 malam dan sangat menikmati. Kami akan kembali untuk menginap! Terima kasih.,Diulas 221 minggu lalu
https://www.traveloka.com/id-id/user/review/consumption/HOTEL/GENERAL/71951,6,15,"Lokasi strategis, cukup bersih, hanya sarapan masih kurang rasanya.",Diulas 221 minggu lalu
https://www.traveloka.com/id-id/user/review/consumption/HOTEL/GENERAL/71951,6,16,"Lokasi strategis, fasilitas yang cukup lengkap, seluruh staff sangat ramah, kamar bersih dan harum.",Diulas 221 minggu lalu
https://www.traveloka.com/id-id/user/review/consumption/HOTEL/GENERAL/71951,6,17,Sarapannya enak-enak kamarnya bersih nyaman apalagi pas masuk lift wangi banget insyaallah ada rejeki balik lagi ke sini bye bandung.,Diulas 221 minggu lalu
https://www.traveloka.com/id-id/user/review/consumption/HOTEL/GENERAL/71951,6,18,"Kamar bagus, makanan lumayan bervariasi, pelayanan ramah cuma AC kamar kurang dingin dan saya gatal di gigit binatang sepertinya dari selimut yang kurang bersih. Thanks.",Diulas 221 minggu lalu
https://www.traveloka.com/id-id/user/review/consumption/HOTEL/GENERAL/71951,6,19,"Menginap di Hotel Santika (dimana saja) selalu menyenangkan, fully kindness and homely services. From check-in hingga check-out selalu merasa nyaman dan secure. Terima kasih Santika Hotel.",Diulas 222 minggu lalu
https://www.traveloka.com/id-id/user/review/consumption/HOTEL/GENERAL/71951,6,20,"Kamar hotel bersih dan penerapan prokes baik, cuma karena pandemi jadi makanan kurang lengkap tapi masakan cukup enak, pelayanan baik dan ramah.",Diulas 223 minggu lalu
https://www.traveloka.com/id-id/user/review/consumption/HOTEL/GENERAL/71951,6,21,"Saya nginap 2 hari tgl 26 dan 27 bersama suami, tgl 26 nginap saya dapet di lantai 3, kondisi kamar agak mengecewakan dari lampu kamar mandi yang mati, AC tidak dingin dan lampu yang di ranjang yang tidak bisa dimatikan. Tanggal 27 saya pindah kamar dapat di lantai 1 dekat dengan kolam renang, kondisi kamar memuaskan dari ac yang dingin, kamar bersih, lampu juga berfungsi dengan baik hanya air yang keluar di shower sangat kecil. So far saya puas dengan pelayanannya meskipun awalnya kecewa. Saya ucapkan terima kasih kpd Bapak Abi bagian front Office untuk kamar yang di upgrade dan mau mendengarkan keluhan saya. Saya akan datang kembali menginap di Hotel Santika bersama kel, lebih ditingkatkan lagi kebersihan, keramahan dan pelayanan lebih baik lagi. Terima kasih.",Diulas 225 minggu lalu
https://www.traveloka.com/id-id/user/review/consumption/HOTEL/GENERAL/71951,6,22,Kamar hotelnya bersih semoga di tingkat kan terus biar yang nginep tambah betah … makasih.,Diulas 227 minggu lalu
https://www.traveloka.com/id-id/user/review/consumption/HOTEL/GENERAL/71951,6,23,Nyaman bersih deket kemana mana … walau hotel lama tapi Ok lah buat bawa keluarga 👍🏽.,Diulas 228 minggu lalu
https://www.traveloka.com/id-id/user/review/consumption/HOTEL/GENERAL/71951,6,24,"Hotel bersih, nyaman, pegawainya ramah, sarapan bisa di antar ke kamar.",Diulas 229 minggu lalu
https://www.traveloka.com/id-id/user/review/consumption/HOTEL/GENERAL/71951,6,25,Lokasi bagus kamar kurang bersih sudah. Kuni gurden sobek-sobek tidak enak dipandang mats.,Diulas 230 minggu lalu
https://www.traveloka.com/id-id/user/review/consumption/HOTEL/GENERAL/71951,6,26,"Pelayanan bagus, hotel sesuai ekspektasi untuk staycation, tapi sarapannya tidak recommended.",Diulas 230 minggu lalu
https://www.traveloka.com/id-id/user/review/consumption/HOTEL/GENERAL/71951,6,27,"Itu bagus. Kamar bersih, tempat tidur nyaman, staf sangat membantu. Lokasi strategis. Sarapan yang enak. Pasti akan memesan kamar lagi di masa depan.",Diulas 231 minggu lalu
https://www.traveloka.com/id-id/user/review/consumption/HOTEL/GENERAL/71951,6,28,"Pertama kali nyoba nginep di sini, excellent, kamar luas, pelayanan ramah, protokol kesehatan nya benar ' dijaga, next time pasti kesini lagi.",Diulas 233 minggu lalu
https://www.traveloka.com/id-id/user/review/consumption/HOTEL/GENERAL/71951,6,29,"Check In cepat mudah tanpa deposit. Kamar bersih, Cukup Luas, dan Rapi. Breakfast standar seperti hotel lainnya. Lokasi strategis. Pool kecil, berada di lantai. 1.",Diulas 235 minggu lalu
https://www.traveloka.com/id-id/user/review/consumption/HOTEL/GENERAL/71951,6,30,Saya sangat kecewa karena yang saya pesan adalah deluxe queen tapi ternyata saya sudah mendapatkan twin bed yang dimodifikasi seperti queen bed (1 bed) dan tidak ada informasi kepada saya sebelumnya. Saya menyadari ketika saya bangun di pagi hari. Sarapannya kurang variatif,Diulas 237 minggu lalu
https://www.traveloka.com/id-id/user/review/consumption/HOTEL/GENERAL/71951,6,31,"Keseluruhan oke lah. Tp sepertinya hotel sudah harus melakukan renovasi, dibeberapa bagian sudah terlihat usang dan kusam. Kalo bisa diminalisir penggunaan plastik. Untuk makan enak juga.",Diulas 238 minggu lalu
https://www.traveloka.com/id-id/user/review/consumption/HOTEL/GENERAL/71951,6,32,"Baguss dekat kemana-mana fasilitas terbaik, makan enak.",Diulas 238 minggu lalu
https://www.traveloka.com/id-id/user/review/consumption/HOTEL/GENERAL/71951,6,33,"Tidak seperti yang dibayangkan, kok serasa berbeda dengan Hotel Santika yang lainnya ya. Kamar sih bersih, tapi AC agak jadul, udah sett dingin tapi masih aga gerah juga, kamar mandi showernya kecil banget keluar airnya. Terus airnya lama banget buat panasnya. Kolam renang bagus ada buat area anak kecil, tapi sayang banget, bau kaporitnya nyengat banget. Sarapan lumayan, meski ga banyak pilihan tapi masih agak oke lah.",Diulas 239 minggu lalu
https://www.traveloka.com/id-id/user/review/consumption/HOTEL/GENERAL/71951,6,34,"Pelayanan ramah dan fast respon. Nyaman banget ga terlalu rame padahal lagi weekend dan prokes juga bagus, lokasi juga dekat dengan restoran, pusat belanja, swalayan, apotek dan rumah sakit jadi tenang buat aku yang bawa baby.",Diulas 239 minggu lalu
https://www.traveloka.com/id-id/user/review/consumption/HOTEL/GENERAL/71951,6,35,Kebersihan kuranh sekali. Parkir roda 4 tidak di awasi hingga mobil lain parkir menghalang kendaraan kami sehingga tidak bisa ke luar. List customer macet.,Diulas 239 minggu lalu
https://www.traveloka.com/id-id/user/review/consumption/HOTEL/GENERAL/71951,6,36,Kolam renang lumayan enak sarapan all you can eat meskipun pandemi banyak hotel ala carte interior perlu cat ulang supaya makin bagus.,Diulas 239 minggu lalu
https://www.traveloka.com/id-id/user/review/consumption/HOTEL/GENERAL/71951,6,37,"Proses cek in mudah, fasilitas biasa saja.",Diulas 239 minggu lalu
https://www.traveloka.com/id-id/user/review/consumption/HOTEL/GENERAL/71951,6,38,"Semua hal yang tidak nyaman di hotel ini sebenernya hanya karena hotel ini hotel dalam bangunan dan fasilitas tua. Harusnya dengan mengetahui hal tersebut, dibutuhkan maintenance ekstra agar semua fasilitas tetap memenuhi standar QC. Air panas yang tidak panas, selimut yang “terbelah” dua, AC yang kurang dingin, kualitas dan ukuran TV yang tidak sesuai jarak pandang, jumlah staff sedikit dan tidak responsif mengingat hotelnya lumayan besar, semua hal sebetulnya sudah disebutkan oleh pengunjung lain lewat review, jadi ya sudah lah ya. Long story short, not recommended.",Diulas 240 minggu lalu
https://www.traveloka.com/id-id/user/review/consumption/HOTEL/GENERAL/71951,6,39,"Untuk kamar nya nyaman dan bersih, namun untuk saran saja, sebaik nya menu sarapannya lebih variatif, menu nya sangat tidak memuaskan.",Diulas 241 minggu lalu
https://www.traveloka.com/id-id/user/review/consumption/HOTEL/GENERAL/71951,6,40,Makanan sarapan sangat buruk kebanyakan dari mereka terlalu asin dan tidak segar.,Diulas 241 minggu lalu
https://www.traveloka.com/id-id/user/review/consumption/HOTEL/GENERAL/71951,7,1,Staf nya ramah bisa sepedaan juga mknanya enak ada rasa cuma pelayanan buburnya mba-mbanya lupa anter sampai tunggu lama.,Diulas 241 minggu lalu
https://www.traveloka.com/id-id/user/review/consumption/HOTEL/GENERAL/71951,7,2,"Kamarnya panas, makanannya buruk.",Diulas 243 minggu lalu
https://www.traveloka.com/id-id/user/review/consumption/HOTEL/GENERAL/71951,7,3,"Hotel tua. Terlalu lama untuk check-in, buang hampir 45 menit untuk menyiapkan kamar. Ruangan itu luas tapi kotor.",Diulas 244 minggu lalu
https://www.traveloka.com/id-id/user/review/consumption/HOTEL/GENERAL/71951,7,4,Hotel dengan konsep terbuka. Nyaman dan lokasi strategis. Hanya breakfast kurang varian saja. Selebihnya bagus👍 trimakasih Hotel Santika Bandung🙏,Diulas 245 minggu lalu
https://www.traveloka.com/id-id/user/review/consumption/HOTEL/GENERAL/71951,7,5,"Tempatnya nyaman, dekat kemana-mana. Menu breakfastnya lumayan enak cuma macamnya dikit.",Diulas 246 minggu lalu
https://www.traveloka.com/id-id/user/review/consumption/HOTEL/GENERAL/71951,7,6,"Saya menginap di tanggal 3 Sept kamar 363 & 362, ciri khas & kelebihan dari beberapa hotel santika di indonesia yang pernah saya inapi adalah menu breakfast yang variatif dengan taste di atas rata-rata. Tapi ternyata berbeda dengan santika yang ada di jalan sumatera Bandung. Saran saya lebih baik room rate disesuaikan asal tidak mengorbankan ciri khas Santika tadi.",Diulas 246 minggu lalu
https://www.traveloka.com/id-id/user/review/consumption/HOTEL/GENERAL/71951,7,7,Pelayanan ramah dan bersih. Hotel keadaan sepi dan terlihat variasi makanan tidak sebanyak dulu tapi rasa tetap terjaga seperti santika biasanya. Wajar namanya lagi pandemi:”) semoga Indonesia bisa segera pulih.,Diulas 247 minggu lalu
https://www.traveloka.com/id-id/user/review/consumption/HOTEL/GENERAL/71951,7,8,"Pelayanan bagus, ruangan sesuai yang diminta.",Diulas 247 minggu lalu
https://www.traveloka.com/id-id/user/review/consumption/HOTEL/GENERAL/71951,7,9,"Tempat yang bagus untuk staycation, dekat dari kantor depan, restoran dan lain-lain.",Diulas 247 minggu lalu
https://www.traveloka.com/id-id/user/review/consumption/HOTEL/GENERAL/71951,7,10,"Dari segi harga cukup mahal. Karena namanya sekelas santika. Tp breakfast nya rasanya kurang banget, kurang variasi, di kamar tidak ada hairdryer, sikat gigi nya keras. Penerangan kurang. Masih banyak yang harus di tingkatkan.",Diulas 250 minggu lalu
https://www.traveloka.com/id-id/user/review/consumption/HOTEL/GENERAL/71951,7,11,"Libur bersama keluarga di bandung, suasana lobby sepi, penerangan sudah dikurangi, tidak ada security di pintu lobby, bellboy atau housekeeping di panggil untuk pick up bawaan, check in cepat petugas FO ramah dan membantu. Kamar luas, bersih, bathroom bersih dan amenities lengkap, channel TV lengkap, breakfast baik enak semua, tersedia masker di kamar tapi tidak ada pemeriksaan suhu tubuh di pintu masuk lobby, prokes tidak ada. Petugas kurang housekeeping dan engineering kurang familier, check out sangat cepat, overall good hanya ada sentuhan Hotel Santika yang biasanya luar biasa terasa sedikit hilang. Sukses terus Hotel Santika Bandung.",Diulas 250 minggu lalu
https://www.traveloka.com/id-id/user/review/consumption/HOTEL/GENERAL/71951,7,12,"Sangat bersih, sarapan fantastis, tidak ramai, lokasi sempurna. Direkomendasikan.",Diulas 258 minggu lalu
https://www.traveloka.com/id-id/user/review/consumption/HOTEL/GENERAL/71951,7,13,"Kebetulan pesan yang 24 hours stay, nice banget. Tanpa deposit. Kamar oke, di kasih view yang menghadap jalan lagi, nice. Staff nya ramah dan helpful. Sayangnya cuma di sarapan aja yang menurut saya kurang banyak variannya. Selebihnya, oke. Good place.",Diulas 260 minggu lalu
https://www.traveloka.com/id-id/user/review/consumption/HOTEL/GENERAL/71951,7,14,Beberapa kali menginap di sini dan selalu ada hal yang mengesankan.,Diulas 260 minggu lalu
https://www.traveloka.com/id-id/user/review/consumption/HOTEL/GENERAL/71951,7,15,"Lokasi strategis, kamar nyaman, kolam renang bersih, petugas ramah dan sarapan dengan rasa yang pas.",Diulas 260 minggu lalu
https://www.traveloka.com/id-id/user/review/consumption/HOTEL/GENERAL/71951,7,16,"Lokasi hotel strategis, dekat Mall & perbelanjaan distro. Pelayanan memuaskan & ramah.",Diulas 261 minggu lalu
https://www.traveloka.com/id-id/user/review/consumption/HOTEL/GENERAL/71951,7,17,"Deket ke outlet, toserba dan sekitaran banyak tempat kuliner.",Diulas 264 minggu lalu
https://www.traveloka.com/id-id/user/review/consumption/HOTEL/GENERAL/71951,7,18,"Akomodasi sesuai deskripsi, lokasi strategis.",Diulas 265 minggu lalu
https://www.traveloka.com/id-id/user/review/consumption/HOTEL/GENERAL/71951,7,19,Lokasi bagus dekat pusat perbelanjaan,Diulas 267 minggu lalu
https://www.traveloka.com/id-id/user/review/consumption/HOTEL/GENERAL/71951,7,20,"Suka sama santika bandung karena tidak inoor2 banget hotelnya (?) pandemi kaya gini jadi takut kalau di bangunan ac sentral, bangunan santika punya sirkulasi udara yg bagus menurut saya. breakfast buffet tapi diambilin sama staf hotel dan chefnya. makanannya enak enak, saya suka, suami pun suka 😁 fasilitas hotel cukup bagus, kolam renang luas dan sepi jadi anak dan suami saya bisa berenang sembari nunggu saya keliling kota bandung karena urusan kerjaan. kebersihan lumayan ya meski di sprei ada noda yg keliatannya ga bisa hilang tapi jadi bikin agak worry.",Diulas 268 minggu lalu
https://www.traveloka.com/id-id/user/review/consumption/HOTEL/GENERAL/71951,7,21,"Tempat tidur dan bed linennya bersih, cuma sayangnya kami mendapat kamar mandi dengan shower yg sudah rusak sehingga air yg keluar kecil sekali, untungnya teknisi standby dan memasang shower yg baru. Secara keseluruhan hotelnya sudah terlihat perlu diremajakan.",Diulas 268 minggu lalu
https://www.traveloka.com/id-id/user/review/consumption/HOTEL/GENERAL/71951,7,22,"Hotel yang sempurna untuk liburan keluarga. Namun, menu sarapan banyak berubah selama pandemi. Saya berharap ini akan kembali normal untuk menikmati set menu tradisional mereka yang terkenal.",Diulas 268 minggu lalu
https://www.traveloka.com/id-id/user/review/consumption/HOTEL/GENERAL/71951,7,23,"Pelayanan cepat dan baik, staffnya semua ramah, sangat dijaga untuk kebersihannya. Makanan cukup variatif. Selalu suka menginap di Hotel Santika.",Diulas 268 minggu lalu
https://www.traveloka.com/id-id/user/review/consumption/HOTEL/GENERAL/71951,7,24,"Tempat strategis, deket 2 mall, mau cari makanan gampang. cuma kamar mandinya, air panas nya lama panas. air shower kecil. selebihnya oke.",Diulas 268 minggu lalu
https://www.traveloka.com/id-id/user/review/consumption/HOTEL/GENERAL/71951,7,25,"Pelayanan ramah, check in mudah tanpa deposit, breakfast banyak aneka makan rasanya rumayan, cuma di room-nya kurang stop kontak untuk charger , shower air kurang alirannya , tapi nyaman untuk tidur AC dingin + free renang.",Diulas 269 minggu lalu
https://www.traveloka.com/id-id/user/review/consumption/HOTEL/GENERAL/71951,7,26,salah satu hotel dengan kualitas rasa makanan terbaik..sampai bandung pagi dibantu oleh receptionist untuk early check-in,Diulas 269 minggu lalu
https://www.traveloka.com/id-id/user/review/consumption/HOTEL/GENERAL/71951,7,27,"Kamarnya nyaman, kolam renang bersih.",Diulas 269 minggu lalu
https://www.traveloka.com/id-id/user/review/consumption/HOTEL/GENERAL/71951,7,28,Sabun dan sampo tidak tersedia. Shower air kurang bagus aliran airnya.,Diulas 269 minggu lalu
https://www.traveloka.com/id-id/user/review/consumption/HOTEL/GENERAL/71951,7,29,Kami memesan 2 kamar. AC di kedua kamar tidak berfungsi dengan baik. Terasa panas. Kondisi toilet di salah satu kamar kami tidak dibersihkan.,Diulas 269 minggu lalu
https://www.traveloka.com/id-id/user/review/consumption/HOTEL/GENERAL/71951,7,30,Rekomended sekali menginap disini Pelayanan ramah check in gampang breakfast enak kamar nyaman dan luas dan bener-bener ada di pusat kota kemana2 gampang,Diulas 272 minggu lalu
https://www.traveloka.com/id-id/user/review/consumption/HOTEL/GENERAL/71951,7,31,"Hotel ini sangat pas untuk yang mau staycation di tengah kota Bandung. Akses kemana2 juga gampang. Pelayanan staff-nya ramah banget, sarapannya enak, bersih 👍",Diulas 272 minggu lalu
https://www.traveloka.com/id-id/user/review/consumption/HOTEL/GENERAL/71951,7,32,Terimakasih karena sudah upgread kamar saya sebelumnya saya request deluxe yg 1 single bed ternyata dikasi eksekutif.,Diulas 273 minggu lalu
https://www.traveloka.com/id-id/user/review/consumption/HOTEL/GENERAL/71951,7,33,"Lokasi super sempurna, staf hotel super ramah, menu dan rasa sarapan sangat enak. Hal-hal yang perlu ditingkatkan di hotel ini: - Masalah air panas khususnya pada sore hari - Suhu AC yang tidak stabil. Tapi secara keseluruhan sangat luar biasa.",Diulas 273 minggu lalu
https://www.traveloka.com/id-id/user/review/consumption/HOTEL/GENERAL/71951,7,34,"nyaman, bersih, lokasinya strategis banget",Diulas 274 minggu lalu
https://www.traveloka.com/id-id/user/review/consumption/HOTEL/GENERAL/71951,7,35,"Eksteriornya meskipun tampilan Hotel Jadul tapi tidak creepy,malah cenderung unik dgn sirkulasi udara bandung jd membuat sejuk. Interior untuk kamar cukup luas dgn tampilan jadulnya mulai dari saklar lampu dan beberapa ornamennya. Bathroom nah ini kran wastafel nya rusak padhal lagi"" kran nya unik,air shower kurang deras. Staff FO kurang sapa agak jutek dibandingkan dgn staff sarapan dan security nya.. Sarapan menu tidak banyak Santika di Bali,mungkin lagi covid19.. Dan makanannya diambilin.. So Far Hotel nya nyaman dan bagus.. Ohya lift nya unik juga sama dgn interior dan eksterior hotel yg mungkin modern dijamanya dan kesini kalau bisa bawa hasil test rapidgen..",Diulas 274 minggu lalu
https://www.traveloka.com/id-id/user/review/consumption/HOTEL/GENERAL/71951,7,36,"hotelnya nyaman ,bersih, makanannya juga enak,kemana2 deket,,, pegawai hotelnya ramah...tentunya bakal balik lagi menginap disini.",Diulas 275 minggu lalu
https://www.traveloka.com/id-id/user/review/consumption/HOTEL/GENERAL/71951,7,37,"Salah satu hotel andalan kami setiap kali mengunjungi Bandung. Pelayanan yg bagus, sarapan juga diatas rata² menjadikan hotel. Ini salah satu yg terbaik di kelasnya. Bangunan boleh jadul, tapi utk lokasi saya pikir ini salah satu juaranya, siapa tau nanti di renovasi dengan semangat kekinian ya. oh ya, brand Santika di kota mana saja saya menginap, tetap mewakili kenyamanan dan ketenangan.",Diulas 276 minggu lalu
https://www.traveloka.com/id-id/user/review/consumption/HOTEL/GENERAL/71951,7,38,"Kamarnya bersih, suasana luar biasa",Diulas 277 minggu lalu
https://www.traveloka.com/id-id/user/review/consumption/HOTEL/GENERAL/71951,7,39,"Hotel di tengah kota Bandung dgn bangunan khas Santika yg homy, luas, terbuka sehingga tdk pengap. Kamar disiapkan sesuai pesanan, pelayanan prima dipraktekan dgn baik.",Diulas 280 minggu lalu
https://www.traveloka.com/id-id/user/review/consumption/HOTEL/GENERAL/71951,7,40,"Sebenarnya hotel ini bagus dari sisi arsitekturnya, cuma kurang perawatannya, Sehingga terlihat sekali hotel lamanya dan kebersihan lingkungan hotel juga kurang bersih, debunya banyak menempel di dinding lingkungan kamar.",Diulas 281 minggu lalu
https://www.traveloka.com/id-id/user/review/consumption/HOTEL/GENERAL/71951,8,1,Lokasi strategis dengan harga terjangkau,Diulas 282 minggu lalu
https://www.traveloka.com/id-id/user/review/consumption/HOTEL/GENERAL/71951,8,2,"Hotel tidak seperti yang saya harapkan. Saya meminta staf untuk mengambil handuk untuk berenang. tapi butuh waktu lama untuk datang sampai saya pergi ke resepsionis dua kali untuk mengingatkan. Kebersihan di kamar bagus. Saya kurang puas dengan restorannya, yang saya tahu kali ini sedang pandemi meja makan harus tetap rapi dengan vas kecil di tengahnya agar tampilan estetiknya seperti biasa, tidak seperti makan di food court mall. Tidak banyak variasi makanan.",Diulas 282 minggu lalu
https://www.traveloka.com/id-id/user/review/consumption/HOTEL/GENERAL/71951,8,3,"sangat menyenangkan. makanannya enak, kamar bersih.. kalau semalam mah kurang",Diulas 283 minggu lalu
https://www.traveloka.com/id-id/user/review/consumption/HOTEL/GENERAL/71951,8,4,"Kamar bagus 👍🏻👏🏻 Saya dapat harga 670 untuk kamar tipe eksekutif. Jika saya ke Bandung lagi, hotel ini akan menjadi pilihan prioritas saya.",Diulas 283 minggu lalu
https://www.traveloka.com/id-id/user/review/consumption/HOTEL/GENERAL/71951,8,5,"Menginap selama situasi pandemi. Santika melayani kami dengan akomodasi yang bersih. Handuknya dilapisi plastik, dan mereka juga memberi kami masker gratis di setiap kamar. Terima kasih atas layanan Santika.",Diulas 284 minggu lalu
https://www.traveloka.com/id-id/user/review/consumption/HOTEL/GENERAL/71951,8,6,Hotel ini untuk stand by beberapa hari pas.,Diulas 286 minggu lalu
https://www.traveloka.com/id-id/user/review/consumption/HOTEL/GENERAL/71951,8,7,Kamarnya bersih dan luas. Layanan in-house yang sangat penuh perhatian dan staf yang ramah. Lokasi strategis dekat Mall Bandung Indah Plaza.,Diulas 286 minggu lalu
https://www.traveloka.com/id-id/user/review/consumption/HOTEL/GENERAL/71951,8,8,"Kamar jadul, resepsionis jutek lambat pelayanan ketika check-in, semua gelas di kamar diganti gelas kertas dan gelas plastik, Sarapan sangat tidak direkomendasikan, tidak lagi-lagi deh menginap disini, mengecewakan.",Diulas 286 minggu lalu
https://www.traveloka.com/id-id/user/review/consumption/HOTEL/GENERAL/71951,8,9,Lebih dekat dengan tempat populer: distro dan factory outlet,Diulas 287 minggu lalu
https://www.traveloka.com/id-id/user/review/consumption/HOTEL/GENERAL/71951,8,10,"Layanan bagus dan petugas ramah, lokasi di pusat kota.",Diulas 287 minggu lalu
https://www.traveloka.com/id-id/user/review/consumption/HOTEL/GENERAL/71951,8,11,"Semuanya bagus kecuali faktor liftnya yang jedak jedug kalau berhenti, tapi gpp deh karena makanan sarapannya enak sekali.",Diulas 288 minggu lalu
https://www.traveloka.com/id-id/user/review/consumption/HOTEL/GENERAL/71951,8,12,"Hotelnya cukup bagus, cocok untuk staycation. Dekat sama mal seberangan persis (riau junction mal) dan bandung indah plaza di sebelah hotel jadi tidak susah cari makanan. Cuma agak berisik suara kendaraan saja pas malam hari, selebihnya oke lah.",Diulas 288 minggu lalu
https://www.traveloka.com/id-id/user/review/consumption/HOTEL/GENERAL/71951,8,13,"Tidak seperti santika yang saya kenal dulu kamarnya bau tidak enak, tidak betah duduk di kamar. sarapannya tidak seperti santika dulu.",Diulas 288 minggu lalu
https://www.traveloka.com/id-id/user/review/consumption/HOTEL/GENERAL/71951,8,14,AC kamar kurang dingin padahal sudah info ke resepsionis.,Diulas 290 minggu lalu
https://www.traveloka.com/id-id/user/review/consumption/HOTEL/GENERAL/71951,8,15,"Hotel tua, tetapi masih cukup nyaman. Kolam renang agak kurang safety. Karena lantai licin seperti jarang dibersihkan. karyawan sangat sedikit, sehingga seperti di hotel tanpa penghuni. makanan, ehm, kertiauwnya amis, Karena itu jadi selera sarapan hilang.",Diulas 290 minggu lalu
https://www.traveloka.com/id-id/user/review/consumption/HOTEL/GENERAL/71951,8,16,"Awesome old hotel, orang orang hotelnya selalu ramah dan siap membantu, dan bisa pinjam sepeda juga buat jalan jalan mingu pagi di Bandung.",Diulas 292 minggu lalu
https://www.traveloka.com/id-id/user/review/consumption/HOTEL/GENERAL/71951,8,17,Lokasi hotel strategis dekat dengan pusat kota.,Diulas 292 minggu lalu
https://www.traveloka.com/id-id/user/review/consumption/HOTEL/GENERAL/71951,8,18,Hotel ini cocok untuk keluarga dengan anak-anak yang masih kecil. Lokasinya enak dekat dengan mal dan pusat jajan.,Diulas 293 minggu lalu
https://www.traveloka.com/id-id/user/review/consumption/HOTEL/GENERAL/71951,8,19,Ini memang perjalananan untuk liburan keluarga dan sekalian ulgthun anak saya yang ke 13 jadi kita rayakan disana. Oh saya cuma berharapa untuk kedepan sarapan bisa ditambah lagi orangnya 3 orang perkamar karena saya menginap disini pesan 3 kamar orangnya banyak makalum keluarga besar. Thanks santika saya dan keluarga tidak bosan kesana.,Diulas 294 minggu lalu
https://www.traveloka.com/id-id/user/review/consumption/HOTEL/GENERAL/71951,8,20,"Selalu menjadi tempat favorit menginap ketika ke bandung, pelayanannya ramah desan hangat, lokasi strategis.",Diulas 296 minggu lalu
https://www.traveloka.com/id-id/user/review/consumption/HOTEL/GENERAL/71951,8,21,"Staff hotel ramah. Ketika kami hendak check-out, mereka mengizinkan kami untuk check-out lebih lambat karena kami masih ada tamu pada hari itu sebelum kembali ke Jakarta.",Diulas 297 minggu lalu
https://www.traveloka.com/id-id/user/review/consumption/HOTEL/GENERAL/71951,8,22,"Dekat dengan pusat kota. meskipun bangunan lama tapi kebersihan dan interior di kamar, toilet maupun lobby sangat oke. lift basement sedang rusak. Semoga menu breakfast makin variatif, terima kasih.",Diulas 297 minggu lalu
https://www.traveloka.com/id-id/user/review/consumption/HOTEL/GENERAL/71951,8,23,Batal menginap tidak bisa refund uang tidak kembali.,Diulas 299 minggu lalu
https://www.traveloka.com/id-id/user/review/consumption/HOTEL/GENERAL/71951,8,24,"Kami masuk hotel jam 17.30 tapi begitu check-in menunggunya lama, sarapan pagi menu tidak variasi, liftnya rusak.",Diulas 300 minggu lalu
https://www.traveloka.com/id-id/user/review/consumption/HOTEL/GENERAL/71951,8,25,"Shower air kecil sekali sehingga mandi lama dan setelan air panas dengan air dingin rusak, menu breakfast minimalis tidak seperti hotel bintang 3 lainnya, variasi makanan sedikit sekali dan sudah dingin tidak hangat/panas.",Diulas 301 minggu lalu
https://www.traveloka.com/id-id/user/review/consumption/HOTEL/GENERAL/71951,8,26,Tempatnya nyaman parkir luas.,Diulas 301 minggu lalu
https://www.traveloka.com/id-id/user/review/consumption/HOTEL/GENERAL/71951,8,27,"Kamar oke, namun breakfast kurang.",Diulas 302 minggu lalu
https://www.traveloka.com/id-id/user/review/consumption/HOTEL/GENERAL/71951,8,28,"Bangunan hotelnya sudah tua, lift dekat fornt office agak menakutkan, ketika hendak naik atau stop bergetar membuat takut.",Diulas 303 minggu lalu
https://www.traveloka.com/id-id/user/review/consumption/HOTEL/GENERAL/71951,8,29,"Staffnya ramah-ramah. lokasi strategis, dekat dengan bip dan kawasan riau (seberang yogya riau). Hotelnya menerapkan protokol kesehatan dengan baik. Semua towel dikamar di bungkus plastik dan bersih, gelas-gelas kaca dan kopi diganti dengan yang disposable, sarapan pagi dibagi per-kloter, Pas check-in bisa pilih mau kloter mana. Menu juga sudah buffet tapi sangat higienis (makanannya variasi menu lebih sedikit tapi rasa oke) sayang banget fasilitas hotel bisa dibilang sudah usang. Liftnya tua banget, dan lama. pesan kamar deluxe, tapi rada creepy karena pencahayaan dan jendela menghadap atap rumah tua/atap hotel yang usang. Malam-malam sempat dengar seperti jendela di ketok beberapa kali (positif saja sih, mungkin burung).",Diulas 303 minggu lalu
https://www.traveloka.com/id-id/user/review/consumption/HOTEL/GENERAL/71951,8,30,"Tinggal 2 malam di sini selama Covid, semua protokol kesehatan disiapkan dengan sangat baik. Bahkan 2 masker wajah tersedia gratis di kamar. Kamar bersih dan bersih. Lokasi prima, dekat ke mana-mana.",Diulas 304 minggu lalu
https://www.traveloka.com/id-id/user/review/consumption/HOTEL/GENERAL/71951,8,31,"Lokasi strategis, hotelnya lama jadi perabot-perabotnya lama, bau lift harum, kamar saya tidak ada sakelar untuk stop lampu tidur, Jadi terpaksa dibuka lampunya, toilet agak mampet, air tidak panas di pagi hari, sudah saya laporkan, untuk ke parkiran terpaksa lewat tangga, Saran sebelum tidur dicek dulu yang saya tulis di atas, saya cuma menginap 1 malam jadi saya laporkan pada saat check-out. saya ditelepon setelah di luar, Tanggapan hotel baik, kamar saya di upgrade ke lebih besar tanpa dipungut biaya tambahan, kamar anak tidak diupgrade.",Diulas 306 minggu lalu
https://www.traveloka.com/id-id/user/review/consumption/HOTEL/GENERAL/71951,8,32,Kamar besar. nyaman. Lokasi strategis.,Diulas 307 minggu lalu
https://www.traveloka.com/id-id/user/review/consumption/HOTEL/GENERAL/71951,8,33,"Selama situasi pandemi, Santika memastikan bahwa akomodasi mereka bersih seperti yang diharapkan dari label menginap bersih Traveloka. Mereka mengatakan kepada kami bahwa meskipun hotel-hotel lain berusaha mengakomodasi lebih dari 50% kapasitas, Santika berusaha untuk menjaga peraturan dan mengikuti wewenang pemerintah dalam protokol19. Tn. Gelen dari resepsionis meningkatkan kamar kami menjadi tipe mewah. kamarnya sangat nyaman, luas, semuanya bagus. Terima kasih Santika, pasti akan merekomendasikan ini kepada semua orang.",Diulas 307 minggu lalu
https://www.traveloka.com/id-id/user/review/consumption/HOTEL/GENERAL/71951,8,34,"Di hotel H***** untuk breakfast di saji di resto mulai dari pukul 06.00 - 10.00 & boleh mandi di kolam renang. Untuk HS, hal tersebut belom di perbolehkan. Padahal areanya sama2 di kota bandung! Walaupun promo harga masih beda jauh dengan hotel-hotel sekelasnya.",Diulas 307 minggu lalu
https://www.traveloka.com/id-id/user/review/consumption/HOTEL/GENERAL/71951,8,35,"Lokasi strategis,cuma di masa pandemi untuk sarapan nya kurang memuaskan",Diulas 307 minggu lalu
https://www.traveloka.com/id-id/user/review/consumption/HOTEL/GENERAL/71951,8,36,"Breakfast sangat mengecewakan, tidak buffet. makanan dingin, rasa tidak jelas. Lebih baik menjual room only dari pada incl breakfast tapi mengecewakan.",Diulas 309 minggu lalu
https://www.traveloka.com/id-id/user/review/consumption/HOTEL/GENERAL/71951,8,37,Toilet macet sehingga membuat kesel.,Diulas 310 minggu lalu
https://www.traveloka.com/id-id/user/review/consumption/HOTEL/GENERAL/71951,8,38,Resepsionis itu tidak terlalu baik. Tanpa senyum dan tidak menyapa kami. Kamarnya bagus tapi makanannya tidak terlalu bagus,Diulas 325 minggu lalu
https://www.traveloka.com/id-id/user/review/consumption/HOTEL/GENERAL/71951,8,39,Kamar sesuai harapan tapi ada sedikit masukan saja kalau bisa untuk lantai kamar diberikan karpet. Tapi untuk semuanya bagus dan puas saya.,Diulas 325 minggu lalu
https://www.traveloka.com/id-id/user/review/consumption/HOTEL/GENERAL/71951,8,40,"Tempat sangat strategis dekat dengan pusat berbelanjaan dan factory outlet yang terkenal di Bandung. Di sekitar hotel banyak makanan yang the best, bakal balik lagi lagi.",Diulas 325 minggu lalu
https://www.traveloka.com/id-id/user/review/consumption/HOTEL/GENERAL/71951,9,1,"kami tiba pada pukul 1.30 siang, diharapkan untuk check-in pukul 2.00 siang tapi kami harus menunggu sampai jam 3 sore untuk menyiapkan kamar, staf kantor depan tidak ramah, perlu perbaikan lebih lanjut ...",Diulas 326 minggu lalu
https://www.traveloka.com/id-id/user/review/consumption/HOTEL/GENERAL/71951,9,2,"Hotel santika adalah pilihan utama saya saat berkunjung kemana pun. Harga dan kualitas menjadi pertimbangan utama. Kemarin adalah pertama kalinya setelah 4 tahun saya tidak menginap di Santika. Saya heran dengan kualitas pelayanannya yang berkurang drastis. Apakah memang setelah 4tah ini santika menurunkan standar kualitasnya, Atau hanya santika bandung yang kualitasnya tidak memuaskan (karena ini pertama kalinya saya menginap di santika Bandung). Dimulai dengan resepsionis yang kurang ramah saat saya check-in. Lalu pada keesokan harinya ada dua tikus di area lantai kamar saya. Diperparah saat saya buka kapmesin ada satu tikus lagi dalam kap mesin saya. Kualitas makanan agak jauh dari santika biasanya. Kamar mandi lembab. terakhir, hotel tersebut merupakan area macet, Dan tidak ada sekuriti yang stand by untuk membantu tamu masuk hotel menembus kemacetan.",Diulas 326 minggu lalu
https://www.traveloka.com/id-id/user/review/consumption/HOTEL/GENERAL/71951,9,3,"Kamar luas dan nyaman, petugas ramah, sarapan lengkap, lokasi strategis.",Diulas 326 minggu lalu
https://www.traveloka.com/id-id/user/review/consumption/HOTEL/GENERAL/71951,9,4,"Hotelnya nyaman. Pertama datang dilayani ramah oleh Pak Gellen : pelayanan cepat dan dapat free upgrde kamar di depan kolam renang pula. Senangnya. Kolam renang bersih, kamar bersih. Pada saat sarapan juga dapat pelayanan yang baik, dengan variasi makanan yg baik dan rasa yang enak. Hotel Santika 👍",Diulas 327 minggu lalu
https://www.traveloka.com/id-id/user/review/consumption/HOTEL/GENERAL/71951,9,5,"Tempatnya nyaman dekat dengan tempat kuliner dan mal, jadi kalau bosan di hotel bisa jalan kaki ke tempat kuliner sekitar hotel.",Diulas 328 minggu lalu
https://www.traveloka.com/id-id/user/review/consumption/HOTEL/GENERAL/71951,9,6,"Kamar bersih, staf ramah dan menyenangkan.",Diulas 328 minggu lalu
https://www.traveloka.com/id-id/user/review/consumption/HOTEL/GENERAL/71951,9,7,"Peroses check-in kurang efektif, terlalu lama menunggu.",Diulas 330 minggu lalu
https://www.traveloka.com/id-id/user/review/consumption/HOTEL/GENERAL/71951,9,8,Pelayanan tidak ramah dan saya menunggu untuk bisa check-in sd pukul 3 sore tanpa ada followup secara inisiatif dari receptionist jadi harus berkali-kali tanya apakah kamar sudah ready atau belum dengan alasan hotel sudah penuh,Diulas 331 minggu lalu
https://www.traveloka.com/id-id/user/review/consumption/HOTEL/GENERAL/71951,9,9,Apa karena nginepnya pas hari kerja ya. Jadi hampir semua makanan rasanya ala kadarnya.,Diulas 332 minggu lalu
https://www.traveloka.com/id-id/user/review/consumption/HOTEL/GENERAL/71951,9,10,Staffnya ramah 👍 dan dikasih upgrade kamar sama staff front office an. Gelen karna kamar penuh. thankyou ya 🙏,Diulas 332 minggu lalu
https://www.traveloka.com/id-id/user/review/consumption/HOTEL/GENERAL/71951,9,11,Masalah di check-in sudah jam 3 tapi kamar belum ready semua.,Diulas 333 minggu lalu
https://www.traveloka.com/id-id/user/review/consumption/HOTEL/GENERAL/71951,9,12,Bed/matras dan bantal sangat comfortable; kebersihan kamar dan kamar mandi juga baik; hanya saja handle/kran untuk shower air panas dan dingin kendor sehingga susah untuk pengaturannya (sudah kami laporkan ke receptionist waktu check-out); semoga segera diperbaiki.,Diulas 333 minggu lalu
https://www.traveloka.com/id-id/user/review/consumption/HOTEL/GENERAL/71951,9,13,"Pelayanan front office sangat tidak memuaskan. Saat check-in harus tunggu lebih dari 1 jam, padahal booking dan bayar sudah dari jauh-jauh hari sebelumnya.",Diulas 333 minggu lalu
https://www.traveloka.com/id-id/user/review/consumption/HOTEL/GENERAL/71951,9,14,"Kamar bersih dan lega, makannya banyak pilihan jadi puas banget.",Diulas 334 minggu lalu
https://www.traveloka.com/id-id/user/review/consumption/HOTEL/GENERAL/71951,9,15,"Pelayanan ramah, kamar bagus dan luas.",Diulas 334 minggu lalu
https://www.traveloka.com/id-id/user/review/consumption/HOTEL/GENERAL/71951,9,16,Terima kasih kami senang sekali.,Diulas 334 minggu lalu
https://www.traveloka.com/id-id/user/review/consumption/HOTEL/GENERAL/71951,9,17,hotel tua perlu renovasi,Diulas 335 minggu lalu
https://www.traveloka.com/id-id/user/review/consumption/HOTEL/GENERAL/71951,9,18,1. kamar bersih dan nyaman. 2. kolam renang bersih. 3. breakfrast cukup lengkap dan enak.,Diulas 335 minggu lalu
https://www.traveloka.com/id-id/user/review/consumption/HOTEL/GENERAL/71951,9,19,"Lokasi bagus, strategis di pusat keramaian tapi menu sarapan standar-standar saja tidak ada yang spesial.. Kamar lumayan tapi sprei dan bed covernya sangat kaku dan keras tidak lembut. Dan yang hebatnya penggunaan wifi dibatasi, tidak full time dan ketika ditanyakan pada frontdesk responnya kurang memuaskan. So far lumayan lah, tapi dengan rate yang ditawarkan sepertinya next time saya pilih hotel lain saja",Diulas 337 minggu lalu
https://www.traveloka.com/id-id/user/review/consumption/HOTEL/GENERAL/71951,9,20,"Saya memesan Santika karena kelihatannya bagus di foto, tapi sayangnya, ini cukup menipu. Santika terletak di sebuah bangunan tua, dengan fasilitas tua. Tapi saya tidak menyalahkan mereka, itu terjadi pada sebagian besar pemesanan hotel. Dari segi lokasi, saya suka bahwa Santika sangat dekat dengan semua tempat makanan yang ingin saya kunjungi. Sarapan adalah baik-baik saja, tidak ada yang istimewa tapi tidak ada yang buruk. Kamar bersih dan cukup biasa. Apa yang saya sukai tentang ruangan adalah bahwa ketika Anda mengeluarkan kunci kartu dari slotnya, listrik segera padam, tanpa penundaan, dan tidak dapat dijangkau dari pintu. Sekali lagi, ini bisa dimengerti karena ini adalah fasilitas lama, tetapi mereka setidaknya bisa memperbarui sistem ini karena agak menjengkelkan untuk keluar dalam kegelapan. Secara keseluruhan, saya pikir staf sangat ramah dan membantu, yang merupakan nilai tambah dari hotel ini. Jika Anda mencari hotel yang terjangkau, saya akan merekomendasikan Santika, tetapi sedikit menurunkan harapan Anda. Saya mengharapkan lebih banyak fasilitas modern melihat foto-foto itu, jadi saya tidak puas. Tetapi jika saya mengharapkan bangunan tua dengan fasilitas lama, saya akan mengatakan Santika pantas 4/5 karena masih terawat dengan baik untuk usia bangunannya.",Diulas 338 minggu lalu
https://www.traveloka.com/id-id/user/review/consumption/HOTEL/GENERAL/71951,9,21,"Kamarnya bagus. Jika saya perlu berkomentar tentang tidak ada rak handuk di kamar mandi (biasanya dipasang di atas toilet / WC di mana rumah tangga biasanya menyimpan handuk bersih dan terlipat di sana, saya pikir ini lebih baik daripada menggantung handuk bersih di pintu kamar mandi) , tapi semuanya baik. Bukan masalah besar. Inilah kisah saya (tidak terkait dengan rak handuk). Saya memesan 2 jenis kamar. kamar eksekutif melalui traveloka dan kamar deluxe melalui tur saya. Pengalaman check in tidak memuaskan saya. Sebelum kedatangan saya, saya melakukan 2 kali kontak ke tim kantor depan untuk membantu permintaan saya untuk kedua kamar yang saya pesan untuk ditempatkan di lantai yang sama. Karena saya bepergian dengan keluarga, kamar kedua adalah untuk ibu saya, bayi saya yang berumur 7 bulan, dan pengasuhnya. Saya perlu (tentu saja) dekat dengan mereka. Panggilan pertama yang saya lakukan pada hari sebelumnya dan panggilan kedua yang saya lakukan pada malam sebelum kedatangan saya, untuk memastikan permintaan dan pengaturan saya diatur dengan baik. Saya lupa nama staf yang menerima telepon saya. Panggilan pertama saya diterima oleh staf wanita, dan panggilan kedua saya diterima oleh staf pria. Keduanya adalah staf kantor depan. Staf laki-laki bahkan memberikan solusi untuk meletakkan kamar saya tidak hanya di lantai yang sama tetapi juga menghubungkan. Jujur saya merasa baik sejauh ini. Saya tiba jam 13.30. Saya datang ke meja depan dan tidak ada kamar saya yang siap. Lebih buruk lagi, ternyata mereka meletakkan kamar saya di lantai yang berbeda. Lantai 1 dan 3. (??) Saya kemudian memberi tahu mereka bahwa ini telah diminta 2 kali dan saya bahkan memastikan pada malam sebelumnya. Mereka dengan tegas meminta mereka untuk meletakkan kamar saya di lantai yang sama dan paling tidak saling berdekatan. Di sini saya mempertanyakan di mana kamar terhubung yang disarankan oleh staf laki-laki pada malam sebelumnya (??), mengapa Anda melanggar apa yang Anda sarankan? Memahami bahwa waktu check-in adalah pukul 14.00 tetapi 3 tamu check-in dengan mudah setelah saya, mendapatkan kamar mereka langsung. Ketika saya bertanya lagi ke FO, dia mengatakan kamar saya belum siap karena saya meminta untuk mengubah kamar berada di lantai yang sama. (??) Saya kemudian memberi tahu mereka lagi bahwa saya telah memintanya lebih awal. Saya memastikan sendiri pada malam sebelumnya. Dan seorang wanita di meja depan memberi tahu saya bahwa ketika pengaturan telah dibuat, tim rumah tangga sedang istirahat sholat Jumat. (??) Saya tidak begitu mengerti jawaban (atau alasan) apa yang dia coba jelaskan kepada saya, masih saya harus menunggu sekitar 20-30 menit untuk menyiapkan kamar saya. Setelah kamar siap, mereka hanya memberi saya 1 kartu kunci untuk setiap kamar. Ketika saya meminta kartu kedua, mereka meminta deposit. Pada malam hari, ketika saya akan pergi keluar, saya datang ke staf laki-laki di meja depan, bertanya mengapa kami hanya mendapat 1 kartu kunci dan dia menjawab karena kamar hotel penuh dan ditempati (??). Jawaban (atau alasan) lain yang benar-benar di luar dugaan saya karena Santika Hotel Group. Anda tidak memiliki cukup kartu kunci? Bagaimana Anda menangani hunian penuh pada pemesanan akhir pekan grup / keluarga sebelumnya? Atau apakah ini adalah rumah penuh akhir pekan pertama Anda yang baru saja Anda alami sepanjang waktu hotel Anda beroperasi? Kamar untuk 2 orang, ini adalah standar. Anda lebih baik memberikan 2 kartu kunci untuk setiap penghuni. Itu saran. Sebagai tamu, saya perlu alasan untuk memberikan penjelasan. Selama penjelasannya bisa dimengerti dan logis, saya tidak akan menulis kata-kata yang panjang dan panjang ini. Saya kemudian mengembalikannya kepada Anda, manajemen Santika sayang, apa yang akan Anda lakukan jika Anda berada di posisi saya? Saya pikir layanan semacam ini perlu ditingkatkan. Di atas segalanya, saya dapat memuji kesopanan staf Anda meskipun mereka mungkin tidak memberikan penjelasan secara rasional. Secara keseluruhan, saya menginap 2 malam di samping pengalaman itu.",Diulas 338 minggu lalu
https://www.traveloka.com/id-id/user/review/consumption/HOTEL/GENERAL/71951,9,22,"Booking via aplikasi kamar twin bed, untuk 2 dewasa dan 2 anak (umur 1 tahun dan 6 tahun), Dalam pembayaran sudah termasuk sarapan untuk 1 anak (2 dewasa, 1 anak, balita free) dengan menambah sekian dari harga kamar. Pada saat check-in, kamar twin bed tidak tersedia, dan sarapan hanya untuk 2 dewasa, jadi masih harus bayar tambahan sarapan untuk anak. Walaupun dapat upgrade jenis kamar, tetap pengalaman yang kurang memuaskan dari sisi service dan sistem aplikasi.",Diulas 339 minggu lalu
https://www.traveloka.com/id-id/user/review/consumption/HOTEL/GENERAL/71951,9,23,Pesanan tidak sepenuhnya terpenuhi.,Diulas 340 minggu lalu
https://www.traveloka.com/id-id/user/review/consumption/HOTEL/GENERAL/71951,9,24,"hotel terlihat warisan dari luar dan dalam, kerugiannya adalah jenis kamar tidak ditampilkan di aplikasi. kualitas sarapan perlu ditingkatkan mengingat harga untuk satu orang cukup mahal.",Diulas 340 minggu lalu
https://www.traveloka.com/id-id/user/review/consumption/HOTEL/GENERAL/71951,9,25,Kamar nyaman dan lokasi dekat dengan tempat penjual jajanan.,Diulas 340 minggu lalu
https://www.traveloka.com/id-id/user/review/consumption/HOTEL/GENERAL/71951,9,26,"Hotel tidak terlalu jauh dengan kota. Servis bagus, kebersihan untuk kamar bagus. Untuk sarapan mohon lebih variatif bila tinggal lebih lama.",Diulas 341 minggu lalu
https://www.traveloka.com/id-id/user/review/consumption/HOTEL/GENERAL/71951,9,27,"Staf hotel pada saat kedatangan tidak terlalu ramah atau membantu dan hanya ingin memberikan 1 kunci untuk 2 orang sampai diminta. Pancuran overhead bocor malam ketika dan semua keran (shower ad hand basin) longgar membuat penyesuaian sulit serta mematikan. Untuk kredit mereka, mereka sangat membantu dalam mengelola checkout terlambat kami.",Diulas 343 minggu lalu
https://www.traveloka.com/id-id/user/review/consumption/HOTEL/GENERAL/71951,9,28,"Interior kurang bersih, shower tidak lancar, breakfast mengecewakan, hotel kelihatan tua dan horor. Semua diluar ekspektasi. Butuh renovasi total.",Diulas 343 minggu lalu
https://www.traveloka.com/id-id/user/review/consumption/HOTEL/GENERAL/71951,9,29,"Staf tidak memberitahu perihal kolam renang yang sedang tidak bisa dipakai pada saat sebelum saya booking, setelah booking dan sedang proses check in sy baru tahu ada tulisan dekat lift bahwa sedang perbaikan kolam renangnya, tidak bisa dibatalkan jg. staf bilang baru hr ini tidak bs dipakai, tp pas ke kamar ada kertas pemberitahuan bahwa sudah bbrp hari perbaikannya, saya bawa anak jd penting bgt kolam renangnya. sarapan kurang variasi dan rasanya kurang bumbu, terlalu biasa.",Diulas 347 minggu lalu
https://www.traveloka.com/id-id/user/review/consumption/HOTEL/GENERAL/71951,9,30,"Tempat menginap yang strategis dekat pusat keramaian, pelayanan ramah dan menu sarapan variatif.",Diulas 348 minggu lalu
https://www.traveloka.com/id-id/user/review/consumption/HOTEL/GENERAL/71951,9,31,"Kami menggunakan 2 kamar tidur (Deluxe King dan Executive Deluxe King) yang luas, tempat tidur / bantal yang sangat nyaman, shower / kamar mandi bersih. Staf sangat ramah dan membantu. Bagi mereka yang mengemudi; ruang parkir di gedung luas dan mudah diakses (tidak seperti banyak hotel baru lainnya). Meskipun hotel telah ada cukup lama, mereka sangat terawat dengan baik. Ada 2 mal tepat di seberang jalan dan banyak restoran, kafe, dan FO dalam jarak berjalan kaki.",Diulas 348 minggu lalu
https://www.traveloka.com/id-id/user/review/consumption/HOTEL/GENERAL/71951,9,32,"Lokasinya sangat dekat dengan pusat perbelanjaan Bandung indah Plaza dan Bandung electronic centre, sarapannya rasanya masih kurang. Check innya agak lama, pesan 1 ranjang besar dikasihnya ranjang twin yang di gabung, padahal pesan hotelnya 5 hari yang lalu.",Diulas 349 minggu lalu
https://www.traveloka.com/id-id/user/review/consumption/HOTEL/GENERAL/71951,9,33,"Saya sangat puas bermalam di hotel Santika, pelayanan yang sangat ramah dari seluruh staf. Oke banget dan dekat kemana-mana.",Diulas 349 minggu lalu
https://www.traveloka.com/id-id/user/review/consumption/HOTEL/GENERAL/71951,9,34,Sarapannya tidak memenuhi ekspektasi.,Diulas 349 minggu lalu
https://www.traveloka.com/id-id/user/review/consumption/HOTEL/GENERAL/71951,9,35,Mohon resepsionis diperbaiki kinerjanya karena check-in dan check-out lama.,Diulas 349 minggu lalu
https://www.traveloka.com/id-id/user/review/consumption/HOTEL/GENERAL/71951,9,36,"Ada masalah privasi. Pihak ketiga yang meminta tanpa sepengetahuan dan izin kami. Hotel memberikan daftar tamu kepada vendor mereka (3 pihak) tanpa izin kami. Selain itu, kami juga tidak suka prasmanan untuk sarapan, makanannya hambar dan dingin dan tidak enak.",Diulas 351 minggu lalu
https://www.traveloka.com/id-id/user/review/consumption/HOTEL/GENERAL/71951,9,37,"Pengalaman kami menghabiskan malam di Santika Bandung sangat menyenangkan. Ruangan itu luas, sangat bersih, dan terawat dengan baik (untuk hotel tua). Lokasi yang strategis dan entah bagaimana kami selalu berhasil mendapatkan tempat parkir yang nyaman. Check in dan out cepat dan mudah. Satu-satunya kekhawatiran saya adalah area restoran yang agak terlalu kecil, tidak ada banyak meja dan semua penuh, juga tidak banyak pilihan menu dengan begitu rasa. Secara keseluruhan, masih senang tinggal di sini.",Diulas 352 minggu lalu
https://www.traveloka.com/id-id/user/review/consumption/HOTEL/GENERAL/71951,9,38,"Lokasinya dekat kemana-mana, meskapun bangunan tua tapi sangat terawat.",Diulas 354 minggu lalu
https://www.traveloka.com/id-id/user/review/consumption/HOTEL/GENERAL/71951,9,39,Kualitas property terjaga baik. Service dan makanan baik. Layanan staff cukup baik. Lokasi strategis dekat pusat keramaian. Overall cukup baik.,Diulas 356 minggu lalu
https://www.traveloka.com/id-id/user/review/consumption/HOTEL/GENERAL/71951,9,40,"Kenyamanan kurang karena pada jam 12 tepat saat akan check-out, kamar sudah di gedor oleh petugas, Padahal kita sedang sholat dan sudah siap untuk check-out.",Diulas 358 minggu lalu
https://www.traveloka.com/id-id/user/review/consumption/HOTEL/GENERAL/71951,10,1,"Hotel dekat kemana-kemana, mau kuliner ataupun shopping hanya beberapa meter saja! Hanya untuk sarapan pagi kurang variatif serta menunya itu-itu saja selama saya menginap 2 malam disana, tolong ditingkatkan rasanya. Terima kasih.",Diulas 358 minggu lalu
https://www.traveloka.com/id-id/user/review/consumption/HOTEL/GENERAL/71951,10,2,Hotel ini sudah ketinggalan zaman yang berada di bawah harapan. Udara AC berbau aneh. Kurangnya sirkulasi udara. Sarapannya tidak enak.,Diulas 361 minggu lalu
https://www.traveloka.com/id-id/user/review/consumption/HOTEL/GENERAL/71951,10,3,"Staffnya ramah, masakan enak.",Diulas 361 minggu lalu
https://www.traveloka.com/id-id/user/review/consumption/HOTEL/GENERAL/71951,10,4,"Kamar luas, dekat kemana-mana.",Diulas 361 minggu lalu
https://www.traveloka.com/id-id/user/review/consumption/HOTEL/GENERAL/71951,10,5,"Secara keseluruhan oke, hanya sarung bantal dan sepreinya sudah lama kali ya, perlu diganti dengan yang lebih baru. Makanan saat sarapan oke, pelayanan juga oke.",Diulas 361 minggu lalu
https://www.traveloka.com/id-id/user/review/consumption/HOTEL/GENERAL/71951,10,6,"Wow, dapat upgrade kamar dari superior ke executive suite gratis, stafnya ramah-ramah. mobil juga dicuci. Untuk breakfast makanannya banyak dan taste good cuma agak lama refill makananya, overall good worth it.",Diulas 361 minggu lalu
https://www.traveloka.com/id-id/user/review/consumption/HOTEL/GENERAL/71951,10,7,"Hotel favorite keluarga saya, cocok buat keluarga, sarapannya enak, ruang luas, anak-anak suka.",Diulas 362 minggu lalu
https://www.traveloka.com/id-id/user/review/consumption/HOTEL/GENERAL/71951,10,8,Menginap di liburan lebaran bersama keluarga dan puas dengan Santika. Lokasi strategis dan breakfastnya banyak pilihan.,Diulas 362 minggu lalu
https://www.traveloka.com/id-id/user/review/consumption/HOTEL/GENERAL/71951,10,9,"Hotel tua, lokasi strategis, kamar bersih, lantai bersih tak berdebu, special request saya untuk kasih surprise bapak yang sedang ulang tahun dikasih kue dan kartu ucapan, bapak saya senang sekali, hotel dekat BIP, yogya, Jalan riau, dekat dengan fo yang berjejer, jalan kaki di sekitar hotel juga trotoarnya ramah pejalan kaki. Terima kasih hotel santika.",Diulas 362 minggu lalu
https://www.traveloka.com/id-id/user/review/consumption/HOTEL/GENERAL/71951,10,10,AC kamar bermasalah (kurang dingin).,Diulas 363 minggu lalu
https://www.traveloka.com/id-id/user/review/consumption/HOTEL/GENERAL/71951,10,11,"Lokasi strategis. Di tengah kota. Di kawasan elite. Saya sempat mencoba jalan pagi di sekitar hotel. Sangat menyenangkan. Kamar bersih, walau mulai kelihatah menua. Proses check in dan check out sangat cepat.",Diulas 363 minggu lalu
https://www.traveloka.com/id-id/user/review/consumption/HOTEL/GENERAL/71951,10,12,Tempatnya cukup nyaman dan bersih.,Diulas 363 minggu lalu
https://www.traveloka.com/id-id/user/review/consumption/HOTEL/GENERAL/71951,10,13,"Hotel ini sangat pas buat liburan keluarga karena posisi ditengah-tengah jadi deket sama factory outlet, swalayan jadi kemana"" tidak perlu repot bawa kendaraan pribadi, yg hobby olah raga pas banget buat olah raga jalan kaki, pokoknya nnggak nyesal lah 🖒🖒",Diulas 363 minggu lalu
https://www.traveloka.com/id-id/user/review/consumption/HOTEL/GENERAL/71951,10,14,Sangat memuaskan dan menyenangkan.,Diulas 363 minggu lalu
https://www.traveloka.com/id-id/user/review/consumption/HOTEL/GENERAL/71951,10,15,"Nice hotel (samalah standart santika) nyari hotel penuh semua. Ada santika, yang exrcutive. Bus3t kamarnya bak raja diraja. Hahahaha",Diulas 363 minggu lalu
https://www.traveloka.com/id-id/user/review/consumption/HOTEL/GENERAL/71951,10,16,Sangat terlambat check-in dan kamar bau.,Diulas 363 minggu lalu
https://www.traveloka.com/id-id/user/review/consumption/HOTEL/GENERAL/71951,10,17,"Hotel yang sangat strategis, tempatnya dekat dengan BIP dan Jogya Riau Junction. Pelayanannya oke dan bisa request guling juga. Minusnya hanya Wi-Fi yang kurang stabil dan menu sahurnya kurang variasi tapi pas Idul Fitri breakfast sangat baik.",Diulas 364 minggu lalu
https://www.traveloka.com/id-id/user/review/consumption/HOTEL/GENERAL/71951,10,18,"Hotelnya sudah lama sih, dari kamar tidur kedengaran suara mobil motor di jalanan. Karena memang dekat dan lokasi ramai, lokasi dekat kemana-mana. Pelayanan hotel bagus dan cepat.",Diulas 364 minggu lalu
https://www.traveloka.com/id-id/user/review/consumption/HOTEL/GENERAL/71951,10,19,"kamarnya luas, kamar &amp; kamar mandinya sangat bersih, stafnya ramah &amp; membantu, lokasinya dekat dengan pusat perbelanjaan, pasti akan kembali lagi untuk menginap di sini lagi😉",Diulas 364 minggu lalu
https://www.traveloka.com/id-id/user/review/consumption/HOTEL/GENERAL/71951,10,20,"Pelayanan ramah, bersih dan strategis banget.",Diulas 364 minggu lalu
https://www.traveloka.com/id-id/user/review/consumption/HOTEL/GENERAL/71951,10,21,"Hotel tua tapi perawatannya bagus dan masih bagus, dengan banyak area ruang terbuka. Lokasi strategis dan kamar bagus, bersih, dan luas.",Diulas 364 minggu lalu
https://www.traveloka.com/id-id/user/review/consumption/HOTEL/GENERAL/71951,10,22,Hotel lama namun interior telah diperbaharui dan kamar luas.,Diulas 366 minggu lalu
https://www.traveloka.com/id-id/user/review/consumption/HOTEL/GENERAL/71951,10,23,"Lokasi nyaman, dekat dengan pusat perbelanjaan, pegawai ramah, makanan enak, semoga fasilitas lebih ditingkatkan lagi.",Diulas 366 minggu lalu
https://www.traveloka.com/id-id/user/review/consumption/HOTEL/GENERAL/71951,10,24,Posisi hotel ini sangat strategis ada di tengah kota untuk kondisi kamarnya tidak seluas yang di santika sukabumi terus untuk bednya juga tidak seperti di santika Sukabumi untuk pelayanan memang konsepnya lain dari receptionisnya untuk menu sepertinya kurang beragam dibandingkan dengan sukabumi secara overall oke.,Diulas 368 minggu lalu
https://www.traveloka.com/id-id/user/review/consumption/HOTEL/GENERAL/71951,10,25,"Menyenangkan, nyaman, lokasi strategis, makan pagi banyak pilihan harga sesuai dengan fasilitas.",Diulas 368 minggu lalu
https://www.traveloka.com/id-id/user/review/consumption/HOTEL/GENERAL/71951,10,26,"Hotel dengan bangunan lama, sarapan lengkap, kamar luas, dekat ke mal, hanya pas lokasinya di belakang mal.",Diulas 369 minggu lalu
https://www.traveloka.com/id-id/user/review/consumption/HOTEL/GENERAL/71951,10,27,"Lokasi strategis, pelayanan baik, kamarnya keren, variasi menu sarapan juga banyak dan kolam renang bersih. Cocok untuk liburan.",Diulas 370 minggu lalu
https://www.traveloka.com/id-id/user/review/consumption/HOTEL/GENERAL/71951,10,28,Kayanya hotel lama ya tapi terus diperbaharui bikin nyaman dan males pulang jadi extend sampai jam 4,Diulas 370 minggu lalu
https://www.traveloka.com/id-id/user/review/consumption/HOTEL/GENERAL/71951,10,29,"Makanan enak, lokasi bagus &amp; fasilitas bagus",Diulas 370 minggu lalu
https://www.traveloka.com/id-id/user/review/consumption/HOTEL/GENERAL/71951,10,30,"Kamarnya bagus, stafnya juga ramah, tetapi sarapannya mengecewakan. Saya menemukan banyak pilihan menu, tetapi tidak ada yang cukup enak",Diulas 371 minggu lalu
https://www.traveloka.com/id-id/user/review/consumption/HOTEL/GENERAL/71951,10,31,"Sarapannya enak terutama ayam goreng serundeng. Check-in cepat, kamar bersih.",Diulas 371 minggu lalu
https://www.traveloka.com/id-id/user/review/consumption/HOTEL/GENERAL/71951,10,32,"hotel tua tapi bagus, dekat plaza Bandung Indah, mudah untuk berbelanja dan mencari makanan.",Diulas 371 minggu lalu
https://www.traveloka.com/id-id/user/review/consumption/HOTEL/GENERAL/71951,10,33,"Saya tidak menghitung berapa banyak saya memesan Hotel ini tetapi pengalaman yang luar biasa seperti biasa, bahkan untuk bangunan tua mereka. Lokasinya berada di Pusat Kota Bandung, dekat dengan hampir semua yang kami butuhkan. Tidak ada masalah besar karena kekurangan makanan. Wifi sangat bagus, kamar nyaman, dan semua kru sangat rendah hati. Ada sedikit perubahan tentang sarapan mereka, tidak terlalu enak sejak saya tinggal tahun lalu. Tapi tidak apa-apa, akan ada alasan lain untuk menginap di Santika Bandung.",Diulas 372 minggu lalu
https://www.traveloka.com/id-id/user/review/consumption/HOTEL/GENERAL/71951,10,34,"Recommended hotel, pelayanan oke, kamar oke, makanan variatif. Ada swimming pool yang asik buat anak dan tempat treatmill untuk orang tuanya.",Diulas 372 minggu lalu
https://www.traveloka.com/id-id/user/review/consumption/HOTEL/GENERAL/71951,10,35,Hotel ini sangat bagus dan natural sekali terutama untuk kebersihannya sangat terjaga. saya suksarapan paginya enak. karyawannya ramah semua. Pertahankan ya.,Diulas 373 minggu lalu
https://www.traveloka.com/id-id/user/review/consumption/HOTEL/GENERAL/71951,10,36,"Kelas kamar saya diupgrade oleh hotel santika, terima kasih.",Diulas 375 minggu lalu
https://www.traveloka.com/id-id/user/review/consumption/HOTEL/GENERAL/71951,10,37,Untungnya mendapat ruang upgrade ke kamar eksekutif. Ruangan itu nyaman. Fasilitasnya juga lengkap. Sarapan juga lezat dengan banyak variasi f &amp; b. Staf juga sopan dan baik. Kerja bagus!,Diulas 377 minggu lalu
https://www.traveloka.com/id-id/user/review/consumption/HOTEL/GENERAL/71951,10,38,"Hotel ini sangat pas buat liburan di Bandung. Dekat pusat perbelanjaan, makanan kamar yang bagus dan nyaman.",Diulas 379 minggu lalu
https://www.traveloka.com/id-id/user/review/consumption/HOTEL/GENERAL/71951,10,39,"Pelayannya bagus, dan karyawannya ramah ramah.",Diulas 379 minggu lalu
https://www.traveloka.com/id-id/user/review/consumption/HOTEL/GENERAL/71951,10,40,"Menu makanan kurang bagus, ketersediaan kurang.",Diulas 379 minggu lalu
https://www.traveloka.com/id-id/user/review/consumption/HOTEL/GENERAL/71951,11,1,"Jika anda mau pesan kamar pastikan contoh gambar kamarnya. Kalau anda hanya lihat di profil bisa kecewa, kecewa dan kecewa. Gak sesuai yang kita mau. setelah check-in baru tahu deh. Dalamnya ternyata 😅😅😅😅😨😨😨",Diulas 379 minggu lalu
https://www.traveloka.com/id-id/user/review/consumption/HOTEL/GENERAL/71951,11,2,"Lokasi sangat strategis depan riau junctio dan bip, sarapan variatif dan staf yang ramah.",Diulas 380 minggu lalu
https://www.traveloka.com/id-id/user/review/consumption/HOTEL/GENERAL/71951,11,3,"Hotel yang nyaman dan sejuk karena banyak pepohonan rindang. Fasilitas juga bagus. Apalagi sarapan dengan menu yang sangat bervariasi, suakses terus hotel santika bandung.",Diulas 380 minggu lalu
https://www.traveloka.com/id-id/user/review/consumption/HOTEL/GENERAL/71951,11,4,"Hotel Santika memang hotel lama dibandingkan banyak boutique hotel di Bandung. Namun kualitas yang ditawarkan tidak usang. Kamar di Hotel Santika termasuk kamar luas, dengan kasur ukuran king size, dan bahkan ketika kami menambahkan extra bed, kamar tidak terasa sesak. Hanya saja kami mengalami kesulitan menemukan switch lampu tidur (untuk dimatikan) pada malam hari. Kamar mandi dan sarapan standar namun baik. Harga sangat sesuai dengan apa yang ditawarkan.",Diulas 381 minggu lalu
https://www.traveloka.com/id-id/user/review/consumption/HOTEL/GENERAL/71951,11,5,"Saya senang tinggal di Santika. Nyaman, bersih, sangat layanan",Diulas 381 minggu lalu
https://www.traveloka.com/id-id/user/review/consumption/HOTEL/GENERAL/71951,11,6,"Makanan waktu sarapan kurang lengkap, dan tidak dalam kondisi siap disantap, karena sudah dingin, sedangkan waktu makan adalah pagi hari.",Diulas 382 minggu lalu
https://www.traveloka.com/id-id/user/review/consumption/HOTEL/GENERAL/71951,11,7,Lokasi hotel di tengah kota dekat mal Jogya Riau juncarta dan bip. Walau hotel lama tapi masih lumayan nyaman. Cuma sprei dan selimut agak kurang cerah warnanya alias sudah kumel. Sarapan banyak menunya. Mau jajan atau makan siang tinggal nyebrang ada foodcourt di yogya junction. Pokoknya enak deh.,Diulas 382 minggu lalu
https://www.traveloka.com/id-id/user/review/consumption/HOTEL/GENERAL/71951,11,8,Saya sudah berkali-kali mengunjungi hotel ini dan pelayanan yang diberikan selalu baik. Tidak sabar untuk kembali menginap di hotel ini.,Diulas 382 minggu lalu
https://www.traveloka.com/id-id/user/review/consumption/HOTEL/GENERAL/71951,11,9,"Hotel yang bagus dan di sebelah factory outlet. Staf meja depan memberi saya upgrade gratis tipe kamar ke eksekutif, itu adalah tawaran hebat 👍👍 akan merekomendasikan hotel ini kepada orang lain.",Diulas 382 minggu lalu
https://www.traveloka.com/id-id/user/review/consumption/HOTEL/GENERAL/71951,11,10,"Saya diminta untuk menginap di kamar bebas rokok. Dan mereka memberi saya di ruang merokok, meskipun Mereka upgrade ke kamar eksekutif karena ada kelompok mengambil kamar deluxe saya. Kolam renang dalam renovasi dan untuk 3D2N saya menginap, tidak dapat menggunakan kolam renang. Cahaya di ruangan itu begitu gelap. Perlu menginstal lebih banyak cahaya di ruangan yang sangat besar.",Diulas 382 minggu lalu
https://www.traveloka.com/id-id/user/review/consumption/HOTEL/GENERAL/71951,11,11,"Hotelnya remang-remang kelihatan banget hotel tua, staff resepsionist kurang ramah (terutama staff laki-laki shift sore hari jumat 25 Januari 2019) judes banget.",Diulas 382 minggu lalu
https://www.traveloka.com/id-id/user/review/consumption/HOTEL/GENERAL/71951,11,12,Menu breakfast sangat mengecewakan.,Diulas 383 minggu lalu
https://www.traveloka.com/id-id/user/review/consumption/HOTEL/GENERAL/71951,11,13,"Lokasi hotel strategis sekali, di depan hotel ada Riau Juction dan Bandung Indah Plaza sehingga jika ingin ke mall cukup jalan kaki, kamar bersih, pelayanannya ramah, wifi kencang, mobil ada yang cuciin. Menu breakfast banyak jajanan pasar, ciloknya enak lho.",Diulas 384 minggu lalu
https://www.traveloka.com/id-id/user/review/consumption/HOTEL/GENERAL/71951,11,14,"Pelayanan yang berada di hotel kurang tanggap, seperti pergantian seprai dan selimut kamar dimana ketika kami meminta pergantian selimut dan seprai yang seharusnya bisa dilakukan setiap hari namun, Hal tersebut tidak bisa dilakukan dikarenakan kamar hotel penuh dan pihak hotel hanya memberi selimut sedang. seharusnya meskipun kamar penuh, Pihak hotel bisa menyiapkan porsi selimut dan seprai yang pas untuk para tamu. Mengingat kami menginap di hotel santika 4 hari 3 malam dan seharusnya bisa dilakukan pergantian selimut serta sprai. WiFi hotel juga agak error di hari-hari terakhir kami menginap. WiFi seharusnya bisa lancar hingga kami check-out. Semoga pihak hotel bisa memperbaiki layanan yang ada.",Diulas 384 minggu lalu
https://www.traveloka.com/id-id/user/review/consumption/HOTEL/GENERAL/71951,11,15,"Kamar enak, makanan banyak, sesuai dengan foto.",Diulas 385 minggu lalu
https://www.traveloka.com/id-id/user/review/consumption/HOTEL/GENERAL/71951,11,16,"Hotel lama dengan kondisi yang masih baik, berada di tengah kota dekat dengan segala macam atraksi yang sering dikunjungin.",Diulas 385 minggu lalu
https://www.traveloka.com/id-id/user/review/consumption/HOTEL/GENERAL/71951,11,17,Pelayanan yang sangat ramah dan cepat dalam melayani permintaan/kebutuhan selama menginap yang diberikan oleh seluruh staf hotel dan membuat nyaman. Hanya saja variasi menu sarapan perlu ditambahkan/ditingkatkan lagi good job and very recommended for to stay on this hotel.,Diulas 386 minggu lalu
https://www.traveloka.com/id-id/user/review/consumption/HOTEL/GENERAL/71951,11,18,Lokasi hotel bagus tetapi rasa makanan perlu ditingkatkan. Keramahan staf sangat bagus,Diulas 386 minggu lalu
https://www.traveloka.com/id-id/user/review/consumption/HOTEL/GENERAL/71951,11,19,"Kami datang ke hotel pada tanggal 28 Desember, jam 3.30 sore menunggu kamar sudah siap sebelum kami berangkat untuk agenda lain, tapi itu belum siap. Kami kembali lagi ke hotel setelah menyelesaikan agenda sebelumnya pada 29 Desember 00.15 dalam kondisi sangat lelah, kelelahan, dan dengan 2 anak sudah tidur, apa yang terjadi adalah kunci kamar adalah kesalahan, bayangkan kita semua harus kembali ke resepsionis meminta bantuan dan ya mereka menemukan kuncinya adalah kesalahan. Lanjutkan dengan kekecewaan adalah ketika AC ditemukan bermasalah, semua ini benar-benar berantakan. Mereka mengatakan semua kamar penuh, tetapi ketika saya mendorong mereka maka mereka menawarkan kamar lain dalam standar yang sama, sangat sulit bagi saya untuk memahami tentang sentris pelanggan mereka ketika mereka melihat dan menyadari bahwa kami berada dalam masalah dan mereka mengatakan tidak ada ruangan lain pada saat pertama kali kami bertanya, kami memutuskan untuk tidak mengambil kamar lain karena anak-anak sudah tidur dan koper sudah disimpan. Tidak hanya itu, teleponnya juga rusak, jadi kami harus berjalan ke resepsionis untuk bertanya kepada mereka tentang AC di kamar kami, dan tidak ada solusi yang bisa mereka lakukan. Jadi, kami tidur di kamar yang panas, dengan kunci kesalahan, telepon rusak, washtafel bocor, dan tidak ditawarkan untuk ruang pertukaran pada saat pertama kali mereka mendengar masalah kami. Sekarang jam 01.43 pagi, dan kami sulit tidur di kamar yang tidak nyaman ini. Saya ingin uang saya kembali, tolong jawab saya salam, pelanggan yang tidak bahagia.",Diulas 387 minggu lalu
https://www.traveloka.com/id-id/user/review/consumption/HOTEL/GENERAL/71951,11,20,"bersih, luas, dan staf yang ramah",Diulas 387 minggu lalu
https://www.traveloka.com/id-id/user/review/consumption/HOTEL/GENERAL/71951,11,21,"Waktu ke bandung dalam rangka urusan bisnis, saya sengaja menyempatkan diri menginap pula semalam di hotel santika. Hotel yang nyaman, Mulai dari kamar, kebersihan serta makanan semuanya baik. Lokasinya yang di terletak di pusat kota memudahkan untuk kemana-mana.",Diulas 388 minggu lalu
https://www.traveloka.com/id-id/user/review/consumption/HOTEL/GENERAL/71951,11,22,"Keluarga ramah, masih bagus dan terawat dengan baik.",Diulas 388 minggu lalu
https://www.traveloka.com/id-id/user/review/consumption/HOTEL/GENERAL/71951,11,23,Keramahtamahan yang luar biasa dan sarapan yang cukup enak.,Diulas 389 minggu lalu
https://www.traveloka.com/id-id/user/review/consumption/HOTEL/GENERAL/71951,11,24,"Dekat dengan Bip Mal, tinggal menyeberang, lokasi strategis.",Diulas 389 minggu lalu
https://www.traveloka.com/id-id/user/review/consumption/HOTEL/GENERAL/71951,11,25,"Menginap di sini menyenangkan dan terasa nyaman. Semua serasa di rumah. Walaupun interior terkesan tidak sebanding dengan hotel tematik saat ini namun justru terasa homey, letak hotel strategis, ruangan nyaman tidak berbau dan AC dingin. Makanan perlu ditingkatkan rasanya namun untuk variasi sudah baik. Saya tertarik merasakan kenyamanan hotel ini lagi.",Diulas 390 minggu lalu
https://www.traveloka.com/id-id/user/review/consumption/HOTEL/GENERAL/71951,11,26,"Selalu puas menginap disini, kamar luas, AC dingin, air dan kamar mandi pun bersih. Dekat dengan tempat belanja dan nongkrong. Untuk makanan cukup karena menawarkan beberapa macam makanan khas Bandung.",Diulas 390 minggu lalu
https://www.traveloka.com/id-id/user/review/consumption/HOTEL/GENERAL/71951,11,27,"Meski bukan hotel baru, tapi bersih terawat. Lokasi dekat kemana-mana. Pelayanan ramah.",Diulas 390 minggu lalu
https://www.traveloka.com/id-id/user/review/consumption/HOTEL/GENERAL/71951,11,28,"Untuk kamarnya luas, tapi lantainya dingin sekali, menu sarapannya variatif dan enak.",Diulas 391 minggu lalu
https://www.traveloka.com/id-id/user/review/consumption/HOTEL/GENERAL/71951,11,29,"Termasuk hotel lama, kamarnya cukup luas, breakfastnya cukup lumayan.",Diulas 392 minggu lalu
https://www.traveloka.com/id-id/user/review/consumption/HOTEL/GENERAL/71951,11,30,"Kamarnya bersih, pelayanannya ramah, menu makanan banyak.",Diulas 392 minggu lalu
https://www.traveloka.com/id-id/user/review/consumption/HOTEL/GENERAL/71951,11,31,"Tempat nyaman, strategis dan makanannya enak.",Diulas 392 minggu lalu
https://www.traveloka.com/id-id/user/review/consumption/HOTEL/GENERAL/71951,11,32,Hotel yang sangat bagus dengan staf yang efisien dan ramah ... dekat restoran dan factory outlet.,Diulas 392 minggu lalu
https://www.traveloka.com/id-id/user/review/consumption/HOTEL/GENERAL/71951,11,33,"Hotelnya horor angker, jam 1 malam ada yang telpon ke kamar dengan nada nakut-nakutin. Pas ditanya ke front office siapa yang telpon mereka tidak bisa kasih penjelasan, tidak bakal menginap disana lagi, seram.",Diulas 392 minggu lalu
https://www.traveloka.com/id-id/user/review/consumption/HOTEL/GENERAL/71951,11,34,"Walaupun hotel sudah lama namun kamar sudah terupdate menjadi lebih baru, makanan enak semua, dekat dari fasilitas perbelanjaan dan kuliner.",Diulas 394 minggu lalu
https://www.traveloka.com/id-id/user/review/consumption/HOTEL/GENERAL/71951,11,35,"Suasana hotel tenang meski bangunan bukan seperti hotel-hotel baru yang modern, menyenangkan untuk liburan.",Diulas 394 minggu lalu
https://www.traveloka.com/id-id/user/review/consumption/HOTEL/GENERAL/71951,11,36,"Sangat memberikan kenyamanan, versus dan privacy.",Diulas 394 minggu lalu
https://www.traveloka.com/id-id/user/review/consumption/HOTEL/GENERAL/71951,11,37,"Meskipun fisik hotel ini keliatan agak tua, namun fasilitasnya cukup modern. Sarapan cukup bervariasi dan standar dengan hotel bintang 3 lainnya, staff-nya ramah, lokasi sangat strategis, dekat dengan dua mal.",Diulas 394 minggu lalu
https://www.traveloka.com/id-id/user/review/consumption/HOTEL/GENERAL/71951,11,38,Breakfast menu terbatas dan kurang ada rasa.,Diulas 395 minggu lalu
https://www.traveloka.com/id-id/user/review/consumption/HOTEL/GENERAL/71951,11,39,Lokasinya strategis dan nyaman.,Diulas 395 minggu lalu
https://www.traveloka.com/id-id/user/review/consumption/HOTEL/GENERAL/71951,11,40,"Andalan, kalau mau cari hotel dengan standar pelayanan yang terjamin bagus dan bisa dipastikan makannya enak-enak",Diulas 395 minggu lalu
https://www.traveloka.com/id-id/user/review/consumption/HOTEL/GENERAL/71951,12,1,"hotel yang bagus, dekat dari mana saja",Diulas 396 minggu lalu
https://www.traveloka.com/id-id/user/review/consumption/HOTEL/GENERAL/71951,12,2,Lokasi pusat kota dan dekat sama pusat perbelanjaan.,Diulas 397 minggu lalu
https://www.traveloka.com/id-id/user/review/consumption/HOTEL/GENERAL/71951,12,3,"Menyenangkan, bahkan ketika kamar yang pesan ternyata telah habis, management hotel memberikan kamar kepada saya dengan kelas kamar yang lebih tinggi. Privasi terjaga. Luar biasa. Terima kasih Santika. Jelas akan menjadi pilihan berikutnya ketika singgah di Bandung. Salam.",Diulas 397 minggu lalu
https://www.traveloka.com/id-id/user/review/consumption/HOTEL/GENERAL/71951,12,4,"Lokasi strategis, hotel nyaman dan bersih. Kualitas sarapan harus ditingkatkan sesuai kelas hotel santika. Dan baru kali ini saya menginap di hotel, pas mau check-out mobil sudah dicuci oleh pihak hotel (pelayanan oke).",Diulas 398 minggu lalu
https://www.traveloka.com/id-id/user/review/consumption/HOTEL/GENERAL/71951,12,5,"Menginap semalam di hotel santika bersama keluarga, menyenangkan karena hotelnya bersih, ada kolam renangnya, aman untuk anak-anak, lokasinya strategis, dekat kemana-mana, mobil dibersihkan, mantap.",Diulas 398 minggu lalu
https://www.traveloka.com/id-id/user/review/consumption/HOTEL/GENERAL/71951,12,6,"Lokasi strategis, kamar cukup baik, makanan cukup variatif, petugas check-in dan out cepat.",Diulas 399 minggu lalu
https://www.traveloka.com/id-id/user/review/consumption/HOTEL/GENERAL/71951,12,7,"Kamar diupgrade ke executive room tanpa biaya tambahan, jadi lebih nyaman. Kendaraan dicuciin setiap hari. makanan enak. mudah cari makan. Pelayanan ramah, check-in jam 1/2 1 pagi dan sudah ditunggu (disambut).",Diulas 399 minggu lalu
https://www.traveloka.com/id-id/user/review/consumption/HOTEL/GENERAL/71951,12,8,"hotel bagus, bersih, dekat dengan area perbelanjaan atau mal. saran, sering periksa baterai tv jarak jauh dan mandi, tidak semua fungsi bekerja. juga saya tidak menemukan lampu tombol, saya tidak bisa mematikannya ...",Diulas 400 minggu lalu
https://www.traveloka.com/id-id/user/review/consumption/HOTEL/GENERAL/71951,12,9,"Pelayanan baik, ada kendala WiFi langsung ditawarkan teknisi ke kamar. Surprise mobil di parkiran dicuci. Customer fokus banget.",Diulas 401 minggu lalu
https://www.traveloka.com/id-id/user/review/consumption/HOTEL/GENERAL/71951,12,10,"Stndar makan biasa saja, makanan rumahan banget dengan rasa yang biasa saja.",Diulas 401 minggu lalu
https://www.traveloka.com/id-id/user/review/consumption/HOTEL/GENERAL/71951,12,11,"Wastafel kamar mandi bocor, pesan non smoking dikasih smoking, makan pagi kurang varian etc.",Diulas 402 minggu lalu
https://www.traveloka.com/id-id/user/review/consumption/HOTEL/GENERAL/71951,12,12,Hotel yang sangat nyaman dan lokasi yang sangat strategis.,Diulas 402 minggu lalu
https://www.traveloka.com/id-id/user/review/consumption/HOTEL/GENERAL/71951,12,13,Nyaman di lokasi strategis. Tidak ada makanan MSG (luar biasa!). Tapi saya mendapatkan kamar di sudut dengan wastafel bocor sehingga airnya mudah menyebar.,Diulas 402 minggu lalu
https://www.traveloka.com/id-id/user/review/consumption/HOTEL/GENERAL/71951,12,14,"Kamar bagus, sarapan pagi terlalu standard untuk bintang 3 dengan harga segitu, tapi nilai positifnya mobil kita dicucikan oleh pihak hotel, nice.",Diulas 404 minggu lalu
https://www.traveloka.com/id-id/user/review/consumption/HOTEL/GENERAL/71951,12,15,Makanannya kurang ada rasa dan waktu proses check-in disuruh nunggu 30 menit padahal jam check-in sudah jam 16.00.,Diulas 404 minggu lalu
https://www.traveloka.com/id-id/user/review/consumption/HOTEL/GENERAL/71951,12,16,Pelayanannya sangat ramah. Untuk makanan lumayan bervariasi dan rasanya cukup. Saya pesan kamar superior tapi karena penuh di upgrade ke executive. Puas pelayanan disini dan next untuk liburan bisa kesini lagi.,Diulas 406 minggu lalu
https://www.traveloka.com/id-id/user/review/consumption/HOTEL/GENERAL/71951,12,17,"Hotelnya bersih, hanya saja suasana di dalam kamar agak terkesan hotel lama, tapi service-nya betul betul mantab. Mobil di parkiran hotel dibuat kinclong, terima kasih santika.",Diulas 408 minggu lalu
https://www.traveloka.com/id-id/user/review/consumption/HOTEL/GENERAL/71951,12,18,Pelayanan ramah tapi makanannya kok sekarang kurang oke ya putunya keras.,Diulas 410 minggu lalu
https://www.traveloka.com/id-id/user/review/consumption/HOTEL/GENERAL/71951,12,19,"Ini sebenarnya hotel yang bagus. dekat dari pusat perbelanjaan. staf yang baik masalah hanya dengan sarapan. sarapan, tidak banyak variasi.",Diulas 410 minggu lalu
https://www.traveloka.com/id-id/user/review/consumption/HOTEL/GENERAL/71951,12,20,"(+) hotel bintang 3 tapi harga bintang 4. Terlalu mahal dengan harga kamar rp. 820.000 dan extra bed rp. 550.000 dengan fasilitas kamar dan tempat tidur seperti itu. Recepsionist tidak ramah, terlalu jaim, saya diacuhkan, di bilang kamarnya masih on progress. Setelah menunggu cukup lama belum di proses juga, padahal semua adm sudah saya penuhi termasuk bayar extra bed untuk 2 malam. Lalu saya tanyakan kembali baru diproses dan di kasih kunci, di kasig kamar paling ujung pojok tanpa bisa lihat pemandangan apapun, apa seperti itu jika menginap di hotel santika bandung melalui aplikasi? Hotel lain tidak pernah seperti itu. Breakfast standar bintang 3 and ++) untuk pelayanan yang lainnya cukup ramah, mobil di cuci, lokasi dekat mal.",Diulas 410 minggu lalu
https://www.traveloka.com/id-id/user/review/consumption/HOTEL/GENERAL/71951,12,21,"Menu sarapan pagi variatif, bersih, ada pengantaran tamu ke Bandara",Diulas 411 minggu lalu
https://www.traveloka.com/id-id/user/review/consumption/HOTEL/GENERAL/71951,12,22,Sangat memuaskan baik dari pelayanan maupun sarananya.,Diulas 411 minggu lalu
https://www.traveloka.com/id-id/user/review/consumption/HOTEL/GENERAL/71951,12,23,"Ini hotel yang bagus, saya suka, terus bekerja dengan baik",Diulas 411 minggu lalu
https://www.traveloka.com/id-id/user/review/consumption/HOTEL/GENERAL/71951,12,24,"1. Layanan bagus .. Parkir mudah dan mobil dicuci 2. Kamar mandi/closet (kamar 352) agak bau, mungkin krn saluran pembuangan kurang baik 3. Lokasi strategis, dekat pusat perbelanjaan",Diulas 412 minggu lalu
https://www.traveloka.com/id-id/user/review/consumption/HOTEL/GENERAL/71951,12,25,"Hotel itu agak tua. Mereka harus mengecat ulang bangunan itu segera.
Ruangan lebih diperbarui.
Sarapan memiliki banyak pilihan makanan Indonesia.",Diulas 412 minggu lalu
https://www.traveloka.com/id-id/user/review/consumption/HOTEL/GENERAL/71951,12,26,semuanya baik-baik saja. Saya dulu tinggal di sini sejak lama. staf sangat ramah dan sarapan memiliki suasana Jawa Barat yang kuat dengan instrumen tradisional sunda di latar belakang. itu hal yang sangat indah! Aku suka hotel ini dan pasti akan kembali lagi ke sana: D,Diulas 412 minggu lalu
https://www.traveloka.com/id-id/user/review/consumption/HOTEL/GENERAL/71951,12,27,"Alhamdulillah sangat cocok sebagai tempat melepas lelah sehabis rutinitas sehari-hari, disertai dengan Pelayanan yang sangat friendly dan sangat ramah. Insya Allah menjadi tempat yang direkomendasikan untuk akomodasi/tempat menginap.",Diulas 413 minggu lalu
https://www.traveloka.com/id-id/user/review/consumption/HOTEL/GENERAL/71951,12,28,"Check-in cepat, pelayanan bagus, karyawan ramah, lokasi sangat strategis (dekat dengan mal-minimarket-pusat kota), kolam renang bersih nyaman untuk anak and dewasa, setiap hari mobil dicuci bersih. Kami menginap selama 3 malam, puas sekali.",Diulas 413 minggu lalu
https://www.traveloka.com/id-id/user/review/consumption/HOTEL/GENERAL/71951,12,29,"Ini kedua kalinya saya menginap di Hotel Santika Bandung. Pelayanan baik dan ramah, kamar juga bersih, Menu breakfast yang enak dan banyak pilihan serta lokasi yang strategis banget membuat saya dan keluarga menjadikan Hotel Santika sebagai pilihan.",Diulas 413 minggu lalu
https://www.traveloka.com/id-id/user/review/consumption/HOTEL/GENERAL/71951,12,30,"Kami sekeluarga menginap 2 malam di santika, menurut kami untuk ukaran kamar luas, staf ramah, mobil di cuci (jadi kinclong terus), Kolam renang untuk anaknya lumayan besar, makanan oke, Hanya untuk kamar kami di 348 WC-nya agak bau apek apakah karena exhaustnya tidak nyala, untuk yang lainnya bagus banget.",Diulas 413 minggu lalu
https://www.traveloka.com/id-id/user/review/consumption/HOTEL/GENERAL/71951,12,31,"Lokasi bagus dan beragam makanan sarapan. Pertahankan dan terus tingkatkan untuk mempertahankan pesaing.
Meski area parkir cukup besar, masih menjadi masalah jika Anda kembali ke hotel larut malam.",Diulas 414 minggu lalu
https://www.traveloka.com/id-id/user/review/consumption/HOTEL/GENERAL/71951,12,32,Staf hotel kurang ramah-ramah. Makanan tidak enak,Diulas 415 minggu lalu
https://www.traveloka.com/id-id/user/review/consumption/HOTEL/GENERAL/71951,12,33,"Kamarnya bau pengap, tempat air Putih di restorannya ada lumut di kerannya. Kecewa banget. Soalnya aku bawa bayi pastikan minum air putih. Bangunannya tua Dan tidak terawat, sayang sekali menejemennya",Diulas 415 minggu lalu
https://www.traveloka.com/id-id/user/review/consumption/HOTEL/GENERAL/71951,12,34,"Sahur banyak variasinya, makanannya enak. Bangun pagi, mobil sudah bersih. Cuma ada piring didepan kamar yang saya lewati dari awal check-in sampai check-out belum di ambil.",Diulas 415 minggu lalu
https://www.traveloka.com/id-id/user/review/consumption/HOTEL/GENERAL/71951,12,35,Tempatnya nyaman. Makanannya oke. Stafnya ramah.,Diulas 417 minggu lalu
https://www.traveloka.com/id-id/user/review/consumption/HOTEL/GENERAL/71951,12,36,Mantap. Sangat mudah buat wisata keluarga.,Diulas 417 minggu lalu
https://www.traveloka.com/id-id/user/review/consumption/HOTEL/GENERAL/71951,12,37,Hotel Santika terletak di pusat restoran dan toko-toko suvenir. Staf yang ramah dan ruang kebersihan sangat baik. Kolam renangnya sangat bersih. Kolam sangat bersih. Terima kasih...,Diulas 419 minggu lalu
https://www.traveloka.com/id-id/user/review/consumption/HOTEL/GENERAL/71951,12,38,"Lokasi sangat strategis di tengah pusat perbelanjaan kota Bandung, menu sarapan bervariasi dan bagi anda yang membawa kendaraan mobil akan mendapatan cuci gratis.",Diulas 419 minggu lalu
https://www.traveloka.com/id-id/user/review/consumption/HOTEL/GENERAL/71951,12,39,Lokasi strategis dekat dengan pusat kota,Diulas 419 minggu lalu
https://www.traveloka.com/id-id/user/review/consumption/HOTEL/GENERAL/71951,12,40,"Sebanding dengan nama besar dan pemain lama di bidangnya, lokasi strategis, pelayanan ramah",Diulas 420 minggu lalu
https://www.traveloka.com/id-id/user/review/consumption/HOTEL/GENERAL/71951,13,1,"Kamarnya bersih dan besar, lokasinya bagus tapi responsnya sangat lambat. Saya sudah memesan tempat tidur tambahan dan kita harus menunggu sampai 30 menit untuk mendapatkan tempat tidur. Sarapan perlu lebih ditingkatkan untuk variasi dan rasa",Diulas 420 minggu lalu
https://www.traveloka.com/id-id/user/review/consumption/HOTEL/GENERAL/71951,13,2,"Fantastic food variance, kamarnya nyaman!",Diulas 421 minggu lalu
https://www.traveloka.com/id-id/user/review/consumption/HOTEL/GENERAL/71951,13,3,"Makanan sangat lengkap, lokasi strategis dan pelayanannya memuaskan, saat saya kerjakan tugas sampai larut malam walau cuma pesan kopi tetap nyaman",Diulas 422 minggu lalu
https://www.traveloka.com/id-id/user/review/consumption/HOTEL/GENERAL/71951,13,4,itu adalah pengalaman yang luar biasa. Saya meninggalkan ponsel saya yang lain di kamar dan mencapai bandara. Danang dan Shinta mengatur untuk mengantarkan telepon ke bandara lagi. terima kasih kepada mereka dan pengurus rumah tangga yang memiliki kejujuran dan mengembalikannya. secara keseluruhan itu tetap baik.,Diulas 422 minggu lalu
https://www.traveloka.com/id-id/user/review/consumption/HOTEL/GENERAL/71951,13,5,Kamar bersih dan pelayanan baik.,Diulas 422 minggu lalu
https://www.traveloka.com/id-id/user/review/consumption/HOTEL/GENERAL/71951,13,6,"Kamarnya bersih, mantap, dekat kemana-mana.",Diulas 423 minggu lalu
https://www.traveloka.com/id-id/user/review/consumption/HOTEL/GENERAL/71951,13,7,"Walaupun sudah cukup berumur, lokasi cukup strategis fasilitas masih cukup terawat.",Diulas 424 minggu lalu
https://www.traveloka.com/id-id/user/review/consumption/HOTEL/GENERAL/71951,13,8,"Great Hotel. Lokasinya pas, dekat dengan FO dan kafe restoran. Kamarnya luas, bersih. Kamar mandinya bersih. Pelayannya ramah, security-nya ramah. Mobil dicuci. Sarapannya enak banget. Walau hotel tua tapi memang reputasi bintang lima-nya tidak bohong. Terima kasih Hotel Santika. Terima kasih Traveloka.",Diulas 424 minggu lalu
https://www.traveloka.com/id-id/user/review/consumption/HOTEL/GENERAL/71951,13,9,"Bagus, bersih, staff ramah.",Diulas 424 minggu lalu
https://www.traveloka.com/id-id/user/review/consumption/HOTEL/GENERAL/71951,13,10,Saya merasa nyaman dengan keluarga pelayanan dan servisnya sangat baik serta menu makanan yang beragam juga enak semua sangat menyukainya.,Diulas 424 minggu lalu
https://www.traveloka.com/id-id/user/review/consumption/HOTEL/GENERAL/71951,13,11,Hotelnya bagus dan bersi.. Nyaman untuk istirahat dengan kolam renangnya yg bersih dan pelayanannya yang ramah dan baik cepat tanggap bila ada keluhan costumer-nya letaknya pun sangat strategis di kota Bandung.,Diulas 424 minggu lalu
https://www.traveloka.com/id-id/user/review/consumption/HOTEL/GENERAL/71951,13,12,Lokasi strategis...breakfast banyak pilihan.,Diulas 424 minggu lalu
https://www.traveloka.com/id-id/user/review/consumption/HOTEL/GENERAL/71951,13,13,"Hotel tua, tapi sangat bagus dan luas. Sementara hotel lain minimalis (sempit), hotel ini luas di area umum seperti di restoran.",Diulas 425 minggu lalu
https://www.traveloka.com/id-id/user/review/consumption/HOTEL/GENERAL/71951,13,14,terima kasih untuk kamar yang nyaman dan layanan yang luar biasa,Diulas 425 minggu lalu
https://www.traveloka.com/id-id/user/review/consumption/HOTEL/GENERAL/71951,13,15,Keluarga saya selalu menginap di hotel ini setiap kali kami mengunjungi Bandung. Kami menyukai getaran dan dekat dengan BIP.,Diulas 425 minggu lalu
https://www.traveloka.com/id-id/user/review/consumption/HOTEL/GENERAL/71951,13,16,lokasi strategis dekat dengan BIP dan Riau Junction,Diulas 425 minggu lalu
https://www.traveloka.com/id-id/user/review/consumption/HOTEL/GENERAL/71951,13,17,Hotel yg bagus dan bersih dg kolam renang yg bersih dan terawat ruangan kamar yg baik dan bersih juga kamar mandi yg bagus serta pelayanannya yg sangat ramah dan baik,Diulas 425 minggu lalu
https://www.traveloka.com/id-id/user/review/consumption/HOTEL/GENERAL/71951,13,18,"Lokasi strategis dekat kemana-mana. Pelayanan terbaik, terima kasih.",Diulas 426 minggu lalu
https://www.traveloka.com/id-id/user/review/consumption/HOTEL/GENERAL/71951,13,19,Bagus kok hotelnya bersih makanan enak dan bervariasi bagus deh recomended banget,Diulas 426 minggu lalu
https://www.traveloka.com/id-id/user/review/consumption/HOTEL/GENERAL/71951,13,20,"Saya menginap dalam rangka liburan keluarga di weekend di kamar 356. Hotel dengan rate kamar yang cukup tinggi di Bandung tidak worth it dengan pelayanan yang didapat. Beberapa kekurangan yang harus ditingkatkan oleh manajemen. Bangunan lama: AC model lama sehingga udara tidak fresh Di kamar banyak nyamuk dan debu, mungkin karena void langsung berhub dengan outdoor;Gorden banyak noda-handuk pinggirannya banyak yang sobek. Sarapan untuk anak berumur 8 tahun kena charge.",Diulas 426 minggu lalu
https://www.traveloka.com/id-id/user/review/consumption/HOTEL/GENERAL/71951,13,21,"Posisinya strategis, tenang dan nyaman.",Diulas 427 minggu lalu
https://www.traveloka.com/id-id/user/review/consumption/HOTEL/GENERAL/71951,13,22,"masih seperti hotel lama dengan beberapa moderenisasi. Tapi pelayanan dan fasilitas tetap kekinian. suasana nyaman, bersih, dan sarapannya enak.",Diulas 427 minggu lalu
https://www.traveloka.com/id-id/user/review/consumption/HOTEL/GENERAL/71951,13,23,Utk hotel bintang 3 santika termasuk cukup mahal dibandung. Tp pelayanan oke dan lokasi strategis. Kamar kami di upgrade dan kami sgt senang.,Diulas 428 minggu lalu
https://www.traveloka.com/id-id/user/review/consumption/HOTEL/GENERAL/71951,13,24,Lokasi sangat strategis. Cuma perlu diperbaiki pengaturan air panas dan dingin di shower yg tidak stabil,Diulas 428 minggu lalu
https://www.traveloka.com/id-id/user/review/consumption/HOTEL/GENERAL/71951,13,25,Hotelnya nyaman dan cocok untuk keluarga yang membawa anak-anak.,Diulas 429 minggu lalu
https://www.traveloka.com/id-id/user/review/consumption/HOTEL/GENERAL/71951,13,26,Selamat pagi. pengalaman saya meniginap di hotel santika bandung kamar bagus bersih dan nyaman pelayanan sangat bagus kolam renang bagus cuma menu breakfastnya saja menunya kurang sekali terima kasih.,Diulas 430 minggu lalu
https://www.traveloka.com/id-id/user/review/consumption/HOTEL/GENERAL/71951,13,27,Kamar bagus. makanan tidak recommended,Diulas 430 minggu lalu
https://www.traveloka.com/id-id/user/review/consumption/HOTEL/GENERAL/71951,13,28,"Kamar bersih pelayanan bagus, makanan untuk breakfast rasanya kurang enak.",Diulas 431 minggu lalu
https://www.traveloka.com/id-id/user/review/consumption/HOTEL/GENERAL/71951,13,29,"Overall memuaskan, pelayanan baik.",Diulas 431 minggu lalu
https://www.traveloka.com/id-id/user/review/consumption/HOTEL/GENERAL/71951,13,30,"Staff hotel ramah , dekat dengan factory outlet dan mobil setiap pagi selalu di cuci .",Diulas 431 minggu lalu
https://www.traveloka.com/id-id/user/review/consumption/HOTEL/GENERAL/71951,13,31,"Hotel lumayan bagus walaupun dengan bangunan tua, makanan kurang bervariasi, jam 8.30 omelet sudah habis. Nilai plusnya pada saat akan check out mobil sudah dicuci bersih dan kamar luas. Thanks to Santika Hotel.",Diulas 431 minggu lalu
https://www.traveloka.com/id-id/user/review/consumption/HOTEL/GENERAL/71951,13,32,"Pelayanannya sangat memuaskan. Kamar bersih, bahkan mobil pun bersih, lokasi sangat strategis, kemana-mana dekat.",Diulas 432 minggu lalu
https://www.traveloka.com/id-id/user/review/consumption/HOTEL/GENERAL/71951,13,33,"Makanan bervariasi, check in check out cepat",Diulas 432 minggu lalu
https://www.traveloka.com/id-id/user/review/consumption/HOTEL/GENERAL/71951,13,34,"Nyaman, kamar luas, pelayanan bagus, dekat dengan pusat perbelanjaan.",Diulas 433 minggu lalu
https://www.traveloka.com/id-id/user/review/consumption/HOTEL/GENERAL/71951,13,35,"Resepsionis nya ramah, proses check in lancar. Menu makannya variatif. Dekat dengan factory outlet dan tempat makan.",Diulas 434 minggu lalu
https://www.traveloka.com/id-id/user/review/consumption/HOTEL/GENERAL/71951,13,36,"Pelayanan baik, menu sarapan enak.",Diulas 434 minggu lalu
https://www.traveloka.com/id-id/user/review/consumption/HOTEL/GENERAL/71951,13,37,"Saya pesan 3 room, buat 8 orang termasuk infant dan toodler, kamarnya bagus, toiletnya bagus meskipun tidak ada bath tub tapi oke lah, kolam renang standar, makanan paginya tadi nya kita sudah excited karena duh bagus banget tatananya dan lain-lain , tapi pas dicobain agak kurang taste nya (mungkin karena saya biasa makan micin). Ini cocok makananya untuk orang tua yang diet dan bule bule karena meskipun tampaknya pedas tapi tidak pedas sama sekali kok, hotelnya terkesan old school tapi sangat nyaman semua pegawai sangat ramah dan membantu, saya sangat menikmati kunjungan saya di hotel Santika.",Diulas 434 minggu lalu
https://www.traveloka.com/id-id/user/review/consumption/HOTEL/GENERAL/71951,13,38,"Sangat menyenangkan, kamar bersih dan cukup luas, kolam renang dan tempat fitnes ok, lokasi dekat dengan mall dan beberapa factory outlet. Menu breakfast variatif dan lumayan enak.",Diulas 435 minggu lalu
https://www.traveloka.com/id-id/user/review/consumption/HOTEL/GENERAL/71951,13,39,Kenyamanan dan tempat yang cocok untuk tinggal sementara di Bandung,Diulas 435 minggu lalu
https://www.traveloka.com/id-id/user/review/consumption/HOTEL/GENERAL/71951,13,40,Santika buat saya tidak pernah mengecewakan.,Diulas 435 minggu lalu
https://www.traveloka.com/id-id/user/review/consumption/HOTEL/GENERAL/71951,14,1,Cukup baik. berjalan dengan baik. tempat cukup strategis untuk berlibur,Diulas 435 minggu lalu
https://www.traveloka.com/id-id/user/review/consumption/HOTEL/GENERAL/71951,14,2,"1. Tampilan kamar -&gt; atap bangunan lain (ditinggalkan?) Sedikit seram. 2. Tidak ada lift yang langsung menuju area parkir di ruang bawah tanah, kami harus menggunakan lift lain dan tangga untuk turun. 3. Proses check-in agak lambat meskipun aku terlambat check-in.",Diulas 436 minggu lalu
https://www.traveloka.com/id-id/user/review/consumption/HOTEL/GENERAL/71951,14,3,"Menyenangkan, di upgrade ke executive room, kamar luas, tetap terawat",Diulas 436 minggu lalu
https://www.traveloka.com/id-id/user/review/consumption/HOTEL/GENERAL/71951,14,4,"Hotelnya bersih, pelayanannya sangat ramah, sarapan juga sangat variatif. Malah mobil kami juga ikut dicuci.",Diulas 436 minggu lalu
https://www.traveloka.com/id-id/user/review/consumption/HOTEL/GENERAL/71951,14,5,"Terima kasih atas upgrade kamarnya, dikarenakan ada kesalahan di pihak hotel, kami dapat kamar yang di upgrade dari deluxe ke junior suite. Terima kasih atas pelayanannya",Diulas 436 minggu lalu
https://www.traveloka.com/id-id/user/review/consumption/HOTEL/GENERAL/71951,14,6,"Suasana menyenangkan, variasi breakfast banyak ada kedai tradisionalnya, namun cenderung beberapa jenis makanan tidak segar/ kering/keras , dingin sehingga rasanya menjadi berkurang.",Diulas 437 minggu lalu
https://www.traveloka.com/id-id/user/review/consumption/HOTEL/GENERAL/71951,14,7,"Tempat strategis, di tengah Kota Bandung. Breakfast banyak pilihan. Kolam renang cukup lah buat anak.",Diulas 437 minggu lalu
https://www.traveloka.com/id-id/user/review/consumption/HOTEL/GENERAL/71951,14,8,Sarapan pagi kurang beragam mengingat hotel ini adalah jaringan santika.,Diulas 437 minggu lalu
https://www.traveloka.com/id-id/user/review/consumption/HOTEL/GENERAL/71951,14,9,"Tidak ada keluhan soal kamar, walaupun makanan biasa2.",Diulas 437 minggu lalu
https://www.traveloka.com/id-id/user/review/consumption/HOTEL/GENERAL/71951,14,10,Hotel yang bagus dan bagus untuk liburan keluarga.,Diulas 437 minggu lalu
https://www.traveloka.com/id-id/user/review/consumption/HOTEL/GENERAL/71951,14,11,"Hotel tua dengan perawatan yang baik sehingga hotel terlihat masih bagus dan terpelihara dengan baik, dekat dengan masjid tentara dan beberapa pusat perbelanjaan. Sarapan varian yang berlimpah dan lezat, kamar bersih dan nyaman. Sebagai saran mungkin sedikit kolam renang plus fasilitas ramah anak, seperti slide kecil atau tempat bermain akan menjadi lebih baik.",Diulas 437 minggu lalu
https://www.traveloka.com/id-id/user/review/consumption/HOTEL/GENERAL/71951,14,12,"Tempat yang mengagumkan, posisi strategis, makanan yang bagus dan variant.",Diulas 437 minggu lalu
https://www.traveloka.com/id-id/user/review/consumption/HOTEL/GENERAL/71951,14,13,"Nyaman, asri, sejuk, fasilitas cukup lengkap, makanan enak, akses kemana-mana dekat, dan pas pulang ternyata mobil dicuciin. senangnya.",Diulas 437 minggu lalu
https://www.traveloka.com/id-id/user/review/consumption/HOTEL/GENERAL/71951,14,14,"Bangunan tua namun tetap nyaman dan sangat terawat, kamar tidak sesuai pesanan saya order untuk king size namun nyatanya twin dijadikan satu tapi tidak masalah lah buat saya, namun kamar sangat bersih dan sangat nyaman menyenangkan banget sudah memang top sudah santika. Pelayanan oke banget, petugasnya ramah dan welcome banget, cepat tanggap. Untuk breakfast makannnya enak, pilihan banyak variasinya. Menginap disini bisa dapat cuci mobil, tau tau besok paginya mobil kinclong dan bersih. Ada yang nyuciin, asikkk jadi tidak kotor. Kalau ke bandung, santika oke banget untuk jadi pilihan menginap saya kembali nantinya.",Diulas 437 minggu lalu
https://www.traveloka.com/id-id/user/review/consumption/HOTEL/GENERAL/71951,14,15,Pelayananya sangat baik dan memuaskan,Diulas 437 minggu lalu
https://www.traveloka.com/id-id/user/review/consumption/HOTEL/GENERAL/71951,14,16,"Telah menjadi pelanggan setia sejak tahun 2000an. Tinggal itu baik. Lokasinya luar biasa karena sangat dekat dengan jebakan turis BIP dan factory outlet Jalan Riau / Martadinata. Namun, hotel ini belum berusia sangat baik. Fasilitasnya hanya OK sekarang. Kecepatan WiFi kurang. Sarapan menyisakan ruang besar untuk perbaikan. Contohnya: memerintahkan telur rebus, mereka datang sebagai telur berair yang tidak sedap; Memerintahkan telur rebus, mereka datang sebagai telur rebus. Mereka mungkin perlu mengkalibrasi ulang timer telur mereka.",Diulas 437 minggu lalu
https://www.traveloka.com/id-id/user/review/consumption/HOTEL/GENERAL/71951,14,17,"Pelayan ramah dan makanan enak, variatif",Diulas 437 minggu lalu
https://www.traveloka.com/id-id/user/review/consumption/HOTEL/GENERAL/71951,14,18,"Breakfastnya lengkap dengan menu masakan tradisional, cuma sayangnya anak umur 10 tahun dihitung dewasa. Pelayanan petugasnya ramah dan perhatian dengan pengunjung, sempat barang ada yang ketinggalan, belum lama meninggalkan hotel langsung dihubungi petugas hotel.",Diulas 437 minggu lalu
https://www.traveloka.com/id-id/user/review/consumption/HOTEL/GENERAL/71951,14,19,"Food and beverage services-nya buruk sekali. Sendok, garpu, gelas tidak tersaji di meja. Air mineral habis berkali-kali, harus menunggu isi ulang.",Diulas 438 minggu lalu
https://www.traveloka.com/id-id/user/review/consumption/HOTEL/GENERAL/71951,14,20,Lokasi strategis. Makanan enak,Diulas 438 minggu lalu
https://www.traveloka.com/id-id/user/review/consumption/HOTEL/GENERAL/71951,14,21,Semuanya baik. Hanya perlu perbaikan pada menu sarapan saja. Tapi untuk 3 bintang mungkin itu oke. Saya mendapat hadiah Tahun Baru yang mengejutkan dari Santika Hotel. Terima kasih.,Diulas 438 minggu lalu
https://www.traveloka.com/id-id/user/review/consumption/HOTEL/GENERAL/71951,14,22,"Karyawan yang ramah, anak senang karena ada kolam renangnya dan makanan hotel saat breakfast yang variatif terumata makanan tradisionalnya.",Diulas 438 minggu lalu
https://www.traveloka.com/id-id/user/review/consumption/HOTEL/GENERAL/71951,14,23,"Kolam renang oke, yang tidak ok breakfastnya, kemahalan nambah buat anak  dan tidak worth it. Terasa ruangan perlu direnovasi, maintenance kurang. Bed kekecilan.",Diulas 438 minggu lalu
https://www.traveloka.com/id-id/user/review/consumption/HOTEL/GENERAL/71951,14,24,Bagus dan bagus juga miss Cindy (FO) sangat bagus,Diulas 438 minggu lalu
https://www.traveloka.com/id-id/user/review/consumption/HOTEL/GENERAL/71951,14,25,"Hotel besar, di lokasi yang sangat strategis, relatif di bawah harga, makanan enak. Akan ada di sana dalam kesempatan lain pasti.",Diulas 439 minggu lalu
https://www.traveloka.com/id-id/user/review/consumption/HOTEL/GENERAL/71951,14,26,"Lokasi hotel ini sangat bagus, di antara hotel tertua di Bandung, sudah sekitar 20 tahun jika tidak salah, perlu renovasi renovasi besar.",Diulas 439 minggu lalu
https://www.traveloka.com/id-id/user/review/consumption/HOTEL/GENERAL/71951,14,27,"Old fashioned hotel tapi terpelihara dengan baik. Lokasi yang strategis, di samping mal BIP dan hanya berjarak ratusan meter ke Taman Lalu Lintas.",Diulas 439 minggu lalu
https://www.traveloka.com/id-id/user/review/consumption/HOTEL/GENERAL/71951,14,28,"Pelayanannya baik, parkiran mobil aman",Diulas 439 minggu lalu
https://www.traveloka.com/id-id/user/review/consumption/HOTEL/GENERAL/71951,14,29,"Pada saat mau breakfast makanan habis, mohon untuk ditingkatkan.",Diulas 439 minggu lalu
https://www.traveloka.com/id-id/user/review/consumption/HOTEL/GENERAL/71951,14,30,"Kebersihan kamar kurang, pelayan kurang ramah, makanan asin, saat chek in kami menunggu sangat lama sekali untuk persiapan kamar",Diulas 439 minggu lalu
https://www.traveloka.com/id-id/user/review/consumption/HOTEL/GENERAL/71951,14,31,Sangat puas pelayanan sangat puas makanan sangat banyak.,Diulas 439 minggu lalu
https://www.traveloka.com/id-id/user/review/consumption/HOTEL/GENERAL/71951,14,32,"Kamar bersih,kamat mandi wangi,hotelnya strategis untuk jalan-jalan kemana saja,makanan2 restonya enak dan banyak variasi menu nya senang bisa berkenalan.dgn chef dani dan tanya2 tentang masakan2 di hotel santika ,staf2 hotel nya helpful,spa nya enak saya waktu itu di terapi dengan mba eva. Senang nya menginap di santika sampai saya extand lagi spy puas untuk mencicipi hidangan di restoran nya. Sukses selalu y santika,jika ke bandung lagi pasti saya akan menginap di sana lagi",Diulas 439 minggu lalu
https://www.traveloka.com/id-id/user/review/consumption/HOTEL/GENERAL/71951,14,33,"Hotel dengan lokasi yang sangat strategis, deket tempat makan, tempat nongkrong dan tempat belanja.",Diulas 440 minggu lalu
https://www.traveloka.com/id-id/user/review/consumption/HOTEL/GENERAL/71951,14,34,"Untuk hotel bintang 3, hotel ini termasuk yang baik. Sangat responsif dalam soal pelayanan",Diulas 440 minggu lalu
https://www.traveloka.com/id-id/user/review/consumption/HOTEL/GENERAL/71951,14,35,"Check in check out cepat. Kamar mandi oke. Hanya saja sarung bantal dan sprei tidak putih bersih. Kamar juga tidak wangi. Lift tidak bisa turun ke area parkiran. Sarapannya standar. Lokasinya didepan hotel ada mall Yogya, di sekitar banyak factory outlet.",Diulas 440 minggu lalu
https://www.traveloka.com/id-id/user/review/consumption/HOTEL/GENERAL/71951,14,36,"Makan enak, tidur enak tapi ruang rapat terlalu dekat dengan tempat makan jadi rapat tidak konsen.",Diulas 441 minggu lalu
https://www.traveloka.com/id-id/user/review/consumption/HOTEL/GENERAL/71951,14,37,"Pelayanan sangat baik, makanan enak, dapat angkutan gratis ke bandara. Terima kasih Santika Bandung.",Diulas 441 minggu lalu
https://www.traveloka.com/id-id/user/review/consumption/HOTEL/GENERAL/71951,14,38,"Sangat strategis, makanan enak, staf sangat ramah dan cepat tanggap, kamar dan kamar mandi sangat luas, selalu menyenangkan di Santika.",Diulas 441 minggu lalu
https://www.traveloka.com/id-id/user/review/consumption/HOTEL/GENERAL/71951,14,39,Tidak nyesel menginap disini karena pelayanannya baik dan perawatan kamarnya bagus,Diulas 441 minggu lalu
https://www.traveloka.com/id-id/user/review/consumption/HOTEL/GENERAL/71951,14,40,Dekat dengan area perbelanjaan.,Diulas 441 minggu lalu
https://www.traveloka.com/id-id/user/review/consumption/HOTEL/GENERAL/71951,15,1,"Hotel ini hanya besar hampir dalam segala hal! Meskipun bangunannya cukup tua namun kebersihannya bagus, makanannya bagus seperti hotel santika lainnya dan saya mendapat kamar tepat di depan kolam renang, yang sangat bagus. Ukuran ruangannya juga besar dengan ukuran tempat tidur king. Secara keseluruhan, itu bagus untuk tinggal di sini dan pasti akan kembali!",Diulas 441 minggu lalu
https://www.traveloka.com/id-id/user/review/consumption/HOTEL/GENERAL/71951,15,2,"Hotelnya nyaman, bersih, deket dengan pusat perbelanjaan jalan cihampelas, dago.",Diulas 441 minggu lalu
https://www.traveloka.com/id-id/user/review/consumption/HOTEL/GENERAL/71951,15,3,"hotel tua tapi bersih, makanannya enak dan variatif, tapi kolam renangnya dining banget",Diulas 441 minggu lalu
https://www.traveloka.com/id-id/user/review/consumption/HOTEL/GENERAL/71951,15,4,"Hotelnya nyaman strategis,petugas2nya mulai dari front office,house keeping,room service sampai kitchen nya ramah dan menyenangkan,menu2 makanan breakfast-nya enak-enak semua setiap hari ganti menu masakannya, chef dani nya ramah dan baik serta tidak pelit ilmu tentang kuliner yang dimasaknya,spa nya mantap saya dilayani oleh mba eva pijetannya bisa bikin rilex dan tidur pulas,arsitekturnya bagus tropis banyak ruang hijau terbuka nyaman dan tetap sejuk lobby dan lift nya harum aromaterapi,kolam renang dan fitnes nya bersih,kebetulan saya menginap di kamar yang mengadap ke arah riau junctin nyaman sekali sampai saya extand 1 hari lagi. kamar tidur dan kamar mandi bersih sekali jadi saya dan suami puas sekali menginap di hotel santika bandung ini next kunjungan selanjutnya kita akan kesini lagi ,sukses selalu untuk Santika Bandung dan kami akan merekomendasikan hotel ini untuk keluarga/teman/sahabat/ kolega kami",Diulas 441 minggu lalu
https://www.traveloka.com/id-id/user/review/consumption/HOTEL/GENERAL/71951,15,5,Menyenangkan. makanan enak. mobil saya dicuci,Diulas 441 minggu lalu
https://www.traveloka.com/id-id/user/review/consumption/HOTEL/GENERAL/71951,15,6,"Lokasi strategis, sangat bersih dan nyaman. Pelayanan ramah dan cepat. Breakfast enak dan banyak menunya. Saya puas.",Diulas 442 minggu lalu
https://www.traveloka.com/id-id/user/review/consumption/HOTEL/GENERAL/71951,15,7,"Letaknya sangat strategis, pelayanannya sangat baik n kamarnya nyaman",Diulas 442 minggu lalu
https://www.traveloka.com/id-id/user/review/consumption/HOTEL/GENERAL/71951,15,8,oke banget deh.. AC dingin banget kamar okeey pelayanan okeey.. cuma kamar mandinya pintunya agak maceet yang ditempat shower dan showernya kayanya perlu diganti..,Diulas 442 minggu lalu
https://www.traveloka.com/id-id/user/review/consumption/HOTEL/GENERAL/71951,15,9,Bagus kamarnya dan kebersihan hotel dan kamar cukup baik,Diulas 442 minggu lalu
https://www.traveloka.com/id-id/user/review/consumption/HOTEL/GENERAL/71951,15,10,"Makanan sangat variatif, lokasi hotel sangat strategis. dekat pusat.belanja.dan kuliner juga.",Diulas 442 minggu lalu
https://www.traveloka.com/id-id/user/review/consumption/HOTEL/GENERAL/71951,15,11,"Hotelnya sih udah cukup tua keliahatan dari bangunannya. Tp kamarnya gede, sarapannya banyak pilihan, orang-orang hotelnya ramah-ramah apalagi deket sma fo yang di jalan riau.",Diulas 442 minggu lalu
https://www.traveloka.com/id-id/user/review/consumption/HOTEL/GENERAL/71951,15,12,"Tempatnya bersih dan nyaman, menu sarapan banyak, pokoknya top lah hotel santika.",Diulas 442 minggu lalu
https://www.traveloka.com/id-id/user/review/consumption/HOTEL/GENERAL/71951,15,13,"Sangat nyaman untuk liburan keluarga, lokasi sangat strategis di tengah kota, nyaman, pelayanan sangat ramah. Pilihan makanan breakfast lengkap. Ok banget deh..",Diulas 442 minggu lalu
https://www.traveloka.com/id-id/user/review/consumption/HOTEL/GENERAL/71951,15,14,"Nyaman sekali menginap disini. Fasilitas ok, kebersihan serta keramahan pelayanan ok. recommended pokoknya. Thank you!",Diulas 442 minggu lalu
https://www.traveloka.com/id-id/user/review/consumption/HOTEL/GENERAL/71951,15,15,"Hotelnya nyaman, fasilitas cukup lengkap, pelayanannya bagus, dan service memuaskan.",Diulas 442 minggu lalu
https://www.traveloka.com/id-id/user/review/consumption/HOTEL/GENERAL/71951,15,16,Santika adalah nostalgia masa lalu ketika saya kecil ketika saya selama 7 tahun tinggal di Hotel Soeti. Semoga Santika Bandung tetap jaya!,Diulas 442 minggu lalu
https://www.traveloka.com/id-id/user/review/consumption/HOTEL/GENERAL/71951,15,17,"seperti kebanyakan hotel santika yang lain, pelayanan bagus dan breakfast yang bervariasi. meskipun bangunan lama tp tetap terjaga kebersihannya, akan lebih nyaman kalau fasilitas televisi diperbarui",Diulas 442 minggu lalu
https://www.traveloka.com/id-id/user/review/consumption/HOTEL/GENERAL/71951,15,18,"Hotel dengan lokasi strategis dekat pusat perbelanjaan, FO dan kuliner.. bangunan udah lama tetapi kebersihan nya terjaga..makanan enak, banyak macamnya..kemarin bisa check in lebih awal dan dapat upgrade room yang lebih besar, saran nya lobby di atas mungkin diberi hiasan agar tidak terlalu kosong.",Diulas 442 minggu lalu
https://www.traveloka.com/id-id/user/review/consumption/HOTEL/GENERAL/71951,15,19,Pelayanannya exellent dan bersih,Diulas 442 minggu lalu
https://www.traveloka.com/id-id/user/review/consumption/HOTEL/GENERAL/71951,15,20,Semua oke. Kamar juga free upgrade karena bawa anak kecil. AC sempat mati tp teknisi cepat datang dan cepat diperbaiki. Thanks Santika! Senang sekali bisa menginap disini 😊,Diulas 443 minggu lalu
https://www.traveloka.com/id-id/user/review/consumption/HOTEL/GENERAL/71951,15,21,"Orang baik, tempat yang bagus, dan makanan enak",Diulas 443 minggu lalu
https://www.traveloka.com/id-id/user/review/consumption/HOTEL/GENERAL/71951,15,22,Cukup memuaskan dalam segala hal,Diulas 443 minggu lalu
https://www.traveloka.com/id-id/user/review/consumption/HOTEL/GENERAL/71951,15,23,Perlu ditingkatkan banyak. Renovasi menjadi lebih menarik,Diulas 443 minggu lalu
https://www.traveloka.com/id-id/user/review/consumption/HOTEL/GENERAL/71951,15,24,Sangat bagus dan layanannya sangat bagus,Diulas 444 minggu lalu
https://www.traveloka.com/id-id/user/review/consumption/HOTEL/GENERAL/71951,15,25,"Menu breakfast banyak ragamnya, lengkap, hotel bersih dan nyaman.",Diulas 444 minggu lalu
https://www.traveloka.com/id-id/user/review/consumption/HOTEL/GENERAL/71951,15,26,Semuanya bagus. cukup nyaman untuk tinggal masuk,Diulas 444 minggu lalu
https://www.traveloka.com/id-id/user/review/consumption/HOTEL/GENERAL/71951,15,27,"Hotel dengan lokasi yang sangat ok. Dekat kalau mau kuliner , wisata belanja . Disediakan city map, koran gratis, mobil dicuci... Benar benar ok pelayanannya. Untuk yang baru pertama menginap di Bandung (kaya saya) sudah paling ok pilih hotel ini. Dua jempol dah.",Diulas 444 minggu lalu
https://www.traveloka.com/id-id/user/review/consumption/HOTEL/GENERAL/71951,15,28,Tidak buruk...,Diulas 444 minggu lalu
https://www.traveloka.com/id-id/user/review/consumption/HOTEL/GENERAL/71951,15,29,"Makanan ok, banyak variasi dan cukup enak",Diulas 444 minggu lalu
https://www.traveloka.com/id-id/user/review/consumption/HOTEL/GENERAL/71951,15,30,lokasi hotel nya strategis dekat dengan mall bip dan riau juction sehingga tidak sulit untuk mencari makan. walaupun hotel nya sudah cukup tua namun kebersihan nya terjaga. untuk sarapan pagi menu nya sangat beragam.,Diulas 444 minggu lalu
https://www.traveloka.com/id-id/user/review/consumption/HOTEL/GENERAL/71951,15,31,"Pelayanan yang ramah, sapaan hangat dari setiap kru, dekat dengan pusat perbelanjaan. Worthy af!!",Diulas 444 minggu lalu
https://www.traveloka.com/id-id/user/review/consumption/HOTEL/GENERAL/71951,15,32,Lokasi bagus. Bersebelahan dengan pusat perbelanjaan dan warung makan.,Diulas 444 minggu lalu
https://www.traveloka.com/id-id/user/review/consumption/HOTEL/GENERAL/71951,15,33,"Hotel ini sangat nyaman untuk aktivitas anda, terutama bagi pebisnis.",Diulas 445 minggu lalu
https://www.traveloka.com/id-id/user/review/consumption/HOTEL/GENERAL/71951,15,34,"Hotel lama yang letaknya strategis di belakang bandung indah plaza, dekat juga dengan kuliner sepanjang jalan riau",Diulas 445 minggu lalu
https://www.traveloka.com/id-id/user/review/consumption/HOTEL/GENERAL/71951,15,35,"Alhamdulillah, ini memuaskan dan sesuai harapan.",Diulas 445 minggu lalu
https://www.traveloka.com/id-id/user/review/consumption/HOTEL/GENERAL/71951,15,36,"Good location, breakfastnya banyak variasi, kurangnya washtafel sempat mampet jadi buat menggenang",Diulas 445 minggu lalu
https://www.traveloka.com/id-id/user/review/consumption/HOTEL/GENERAL/71951,15,37,"Hotel lama perlu direnovasi, kami mendapat free upgrade menjadi kamar executive jadi lebih luas ada ruang tamu terpisah.",Diulas 445 minggu lalu
https://www.traveloka.com/id-id/user/review/consumption/HOTEL/GENERAL/71951,15,38,"Secara keseluruhan bagus, lokasi bagus (dekat persimpangan BIP dan riau), kolam renang bersih, ruangan besar, cuci mobil gratis dengan layanan hotel.",Diulas 445 minggu lalu
https://www.traveloka.com/id-id/user/review/consumption/HOTEL/GENERAL/71951,15,39,Ini adalah hotel yang bagus untuk liburan keluarga dan sarapan yang baik,Diulas 445 minggu lalu
https://www.traveloka.com/id-id/user/review/consumption/HOTEL/GENERAL/71951,15,40,Santika the best buat liburan keluarga,Diulas 445 minggu lalu
https://www.traveloka.com/id-id/user/review/consumption/HOTEL/GENERAL/71951,16,1,Waktu datang parkir basement penuh namun langsung di bantu.,Diulas 445 minggu lalu
https://www.traveloka.com/id-id/user/review/consumption/HOTEL/GENERAL/71951,16,2,"Nyaman dan puas, bersih serta pelayanan yang bagus, untuk makanan juga enak enak.",Diulas 445 minggu lalu
https://www.traveloka.com/id-id/user/review/consumption/HOTEL/GENERAL/71951,16,3,"Suhu kamar dingin sekali walaupun sudah dimatikan AC, ternyata masih ada udara masuk dari celah jendela kamar 103. Selain itu tidak ada masalah. sangat baik",Diulas 445 minggu lalu
https://www.traveloka.com/id-id/user/review/consumption/HOTEL/GENERAL/71951,16,4,"Di tengah kota,startegis, bersih, pelayanan bagus, cuma lift dan beberapa bagian perlu di permodern. Saya akan menginap disana lagi.",Diulas 445 minggu lalu
https://www.traveloka.com/id-id/user/review/consumption/HOTEL/GENERAL/71951,16,5,"Dekat dengan pusat perbelanjaan, tempat yang bagus",Diulas 445 minggu lalu
https://www.traveloka.com/id-id/user/review/consumption/HOTEL/GENERAL/71951,16,6,Lokasinya di pusat kota & dekat dengan BIP. Sangat mudah untuk akses kemanapun mengingat Bandung sekarang sudah rawan macet,Diulas 446 minggu lalu
https://www.traveloka.com/id-id/user/review/consumption/HOTEL/GENERAL/71951,16,7,"Lokasi strategis, breakfast enak, cuma room, kurang bersih.",Diulas 446 minggu lalu
https://www.traveloka.com/id-id/user/review/consumption/HOTEL/GENERAL/71951,16,8,"Kamar bagus, banyak pilihan makanan dan pelayanannya ramah.",Diulas 446 minggu lalu
https://www.traveloka.com/id-id/user/review/consumption/HOTEL/GENERAL/71951,16,9,Bersih dan sarapan banyak variasinya,Diulas 446 minggu lalu
https://www.traveloka.com/id-id/user/review/consumption/HOTEL/GENERAL/71951,16,10,Hotelnya nyaman walau sudah agak tua. Mungkin kalau direnovasi akan lebih baik. selebihnya ok.,Diulas 446 minggu lalu
https://www.traveloka.com/id-id/user/review/consumption/HOTEL/GENERAL/71951,16,11,Sarapannya tolong diperhatikan. Masa jam 9 udah banyak yang kosong makannya,Diulas 446 minggu lalu
https://www.traveloka.com/id-id/user/review/consumption/HOTEL/GENERAL/71951,16,12,"Officernya ramah, makanannya selalu enak",Diulas 446 minggu lalu
https://www.traveloka.com/id-id/user/review/consumption/HOTEL/GENERAL/71951,16,13,"Hotel yang bersih dan nyaman, hanya bentuk bangunan lama saja. Menu sarapan variatif dan sesuai dengan lidah orang jawa.",Diulas 447 minggu lalu
https://www.traveloka.com/id-id/user/review/consumption/HOTEL/GENERAL/71951,16,14,cukup menyenangkan..sayang dapat kamar pohok jauh dari lift,Diulas 447 minggu lalu
https://www.traveloka.com/id-id/user/review/consumption/HOTEL/GENERAL/71951,16,15,A nice ruangan dan lokasi yang besar. Makanan sudah besar. Tidak sabar untuk mengunjungi Santika lagi.,Diulas 447 minggu lalu
https://www.traveloka.com/id-id/user/review/consumption/HOTEL/GENERAL/71951,16,16,"Sarapan sangat oke, sangat menyenangkan",Diulas 447 minggu lalu
https://www.traveloka.com/id-id/user/review/consumption/HOTEL/GENERAL/71951,16,17,Kalau ke bandung saya dan keluarga selalu menginap di hotel santika.pelayanan nya bagus dan sangat memuaskan.staf hotel nya juga ramah-ramah banget 😊breakfast nya juga enak. Recommended dech,Diulas 447 minggu lalu
https://www.traveloka.com/id-id/user/review/consumption/HOTEL/GENERAL/71951,16,18,Hanya apa yang saya butuhkan Lokasi yang besar,Diulas 447 minggu lalu
https://www.traveloka.com/id-id/user/review/consumption/HOTEL/GENERAL/71951,16,19,"Lokasi hotel berada di jalan yang ramai. Awalnya saya kaget gedungnya sudah cukup tua dibanding Hotel Santika di kampung halaman saya. Aku merokok kamar karena tidak merokok ruangan itu tidak tersedia sehingga baunya tidak enak, tapi setelah perawatan udara terasa segar. Ruangannya besar, bersih meski tak ada pemandangan di jendelaku. Saya suka kolam renang, tapi airnya sangat dingin. Makanannya bervariasi dan lezat. Saya akan mempertimbangkan hotel ini ketika saya perlu untuk tinggal lagi.",Diulas 447 minggu lalu
https://www.traveloka.com/id-id/user/review/consumption/HOTEL/GENERAL/71951,16,20,perlu segera direnovasi..harga 800 rb..ga sesuai ..room condition!,Diulas 448 minggu lalu
https://www.traveloka.com/id-id/user/review/consumption/HOTEL/GENERAL/71951,16,21,Hotel yang bagus dengan kamar yang luas dan lingkungan yang hijau. Senang kembali,Diulas 448 minggu lalu
https://www.traveloka.com/id-id/user/review/consumption/HOTEL/GENERAL/71951,16,22,"Saya hanya mengeluh Sirloin Steak yang aku memesan untuk menengah-baik, berubah menjadi sangat baik dimasak dan sangat keras steak.",Diulas 448 minggu lalu
https://www.traveloka.com/id-id/user/review/consumption/HOTEL/GENERAL/71951,16,23,"Layanan CS, kafe serta parkir sangat memuaskan",Diulas 448 minggu lalu
https://www.traveloka.com/id-id/user/review/consumption/HOTEL/GENERAL/71951,16,24,"Kamar baik, permintaan yang ditulis di website diakomodir, nyaman, strategis.",Diulas 448 minggu lalu
https://www.traveloka.com/id-id/user/review/consumption/HOTEL/GENERAL/71951,16,25,"Hotel yang nyaman, saya mendapat ruangan besar, dekat supermarket dan Anda bisa menemukan makanan jalanan 24 jam.",Diulas 448 minggu lalu
https://www.traveloka.com/id-id/user/review/consumption/HOTEL/GENERAL/71951,16,26,Recommended! pasti akan menginap lagi di sana,Diulas 448 minggu lalu
https://www.traveloka.com/id-id/user/review/consumption/HOTEL/GENERAL/71951,16,27,"Nyaman, lokasi paling strategis. Mau kemana-mana mudah",Diulas 448 minggu lalu
https://www.traveloka.com/id-id/user/review/consumption/HOTEL/GENERAL/71951,16,28,Kualitas pelayanan baik dan menjadi pengalaman yang menyenangkan. Hanya saja disayangkan di restoran area smoking sangat dekat dengan non smoking jadi cukup mengganggu.,Diulas 448 minggu lalu
https://www.traveloka.com/id-id/user/review/consumption/HOTEL/GENERAL/71951,16,29,Pengalaman bagus tapi bangunannya sudah tua.,Diulas 449 minggu lalu
https://www.traveloka.com/id-id/user/review/consumption/HOTEL/GENERAL/71951,16,30,Saya enjoy menginap di hotel ini,Diulas 449 minggu lalu
https://www.traveloka.com/id-id/user/review/consumption/HOTEL/GENERAL/71951,16,31,"Tempatnya stategis dekat dengan pusat belanja, mall, kuliner dan bersih",Diulas 449 minggu lalu
https://www.traveloka.com/id-id/user/review/consumption/HOTEL/GENERAL/71951,16,32,Nyaman dan Bersih. Cocok untuk Keluarga,Diulas 449 minggu lalu
https://www.traveloka.com/id-id/user/review/consumption/HOTEL/GENERAL/71951,16,33,Oke hotelnya nyaman di tengah kota.,Diulas 450 minggu lalu
https://www.traveloka.com/id-id/user/review/consumption/HOTEL/GENERAL/71951,16,34,"Hotel sangat baik, pelayanan ramah, yang utama lokasi sangat strategis hanya beberapa meter ke BIP mall.",Diulas 451 minggu lalu
https://www.traveloka.com/id-id/user/review/consumption/HOTEL/GENERAL/71951,16,35,Oke untuk rekreasi dan belanja,Diulas 451 minggu lalu
https://www.traveloka.com/id-id/user/review/consumption/HOTEL/GENERAL/71951,16,36,"Nyaman dan strategis, harga affordable.",Diulas 451 minggu lalu
https://www.traveloka.com/id-id/user/review/consumption/HOTEL/GENERAL/71951,16,37,Hotel bersih.. pelayanan ramah.. dan keluarga cukup puas.. kemungkinan liburan mendatang kembali ke hotel Santika... Thank you..,Diulas 452 minggu lalu
https://www.traveloka.com/id-id/user/review/consumption/HOTEL/GENERAL/71951,16,38,Cukup bagus pelayanannya lumayanlah,Diulas 452 minggu lalu
https://www.traveloka.com/id-id/user/review/consumption/HOTEL/GENERAL/71951,16,39,Awalnya saya ditempatkan di kamar yang paling ujung yang jauh dari lift. Membuat saya berpikir apa karena saya belum pernah ke santika jadi diperlakukan seperti ini. Menurut front linenya yang bertugas memblok kamar bagi para tamu adalah bagian reservasinya. Untuk kolam renangnya airnya dingin dan tempat ganti bajunya masih harus naik turun tangga. Shower bilasnya airnya kayak hujan gerimis. Kalau dari parkiran ke lobby ada lift tapi kalau dari lobby ke parkiran harus lewat tangga karena liftnya tidak bisa ke parkiran basement walaupun di liftnya ada tombol basementnya. Aneh kan? Lokasinya dan makanannya lumayan lah.,Diulas 452 minggu lalu
https://www.traveloka.com/id-id/user/review/consumption/HOTEL/GENERAL/71951,16,40,Upgrade ruangan sangat menyenangkan. Terima kasih,Diulas 452 minggu lalu
https://www.traveloka.com/id-id/user/review/consumption/HOTEL/GENERAL/71951,17,1,"Lokasi strategis dan kapasitas parkir luas. Mobil yang diparkir diberikan service car cleaning. Kolam renang cukup luas dan cocok untuk keluarga. Kamarnya leluasa dan nyaman, suasana hotelnya sejuk.",Diulas 452 minggu lalu
https://www.traveloka.com/id-id/user/review/consumption/HOTEL/GENERAL/71951,17,2,Dari makan pagi siang hingga malam kurang variasi dalam pemilihan menu,Diulas 452 minggu lalu
https://www.traveloka.com/id-id/user/review/consumption/HOTEL/GENERAL/71951,17,3,"Lokasi sangat pas di bandung pusat, jadi untuk akses perjalanan sangat oke.",Diulas 453 minggu lalu
https://www.traveloka.com/id-id/user/review/consumption/HOTEL/GENERAL/71951,17,4,"Cukup baik. Lokasi terbaik, nyaman.",Diulas 453 minggu lalu
https://www.traveloka.com/id-id/user/review/consumption/HOTEL/GENERAL/71951,17,5,"Tempat nyaman, privacy ok, acces dekat FO dan mall.",Diulas 454 minggu lalu
https://www.traveloka.com/id-id/user/review/consumption/HOTEL/GENERAL/71951,17,6,"Ini adalah ke-3 kalinya kami tinggal di hotel ini. Cukup tua tapi bersih dan nyaman, dan pelayanan yang baik selama check-in dan out, lokasi strategis di tengah kota. Pasti akan kembali lagi.",Diulas 454 minggu lalu
https://www.traveloka.com/id-id/user/review/consumption/HOTEL/GENERAL/71951,17,7,"Hotelnya nyaman dan sejuk, lokasinya strategis.",Diulas 455 minggu lalu
https://www.traveloka.com/id-id/user/review/consumption/HOTEL/GENERAL/71951,17,8,"nyaman, bersih ...",Diulas 455 minggu lalu
https://www.traveloka.com/id-id/user/review/consumption/HOTEL/GENERAL/71951,17,9,"Hotel yang bagus, pelayanan yang baik, menu sarapan yang luar biasa, dekat pusat perbelanjaan",Diulas 455 minggu lalu
https://www.traveloka.com/id-id/user/review/consumption/HOTEL/GENERAL/71951,17,10,"Menyenangkan, lokasi hotel di tengah kota.",Diulas 455 minggu lalu
https://www.traveloka.com/id-id/user/review/consumption/HOTEL/GENERAL/71951,17,11,"Pelayanan, kebersihan, kenyamanan, lokasi dan sarapan paginya serta kolam renangnya cukup memuaskan",Diulas 455 minggu lalu
https://www.traveloka.com/id-id/user/review/consumption/HOTEL/GENERAL/71951,17,12,Kamar Superior ditingkatkan ke kamar Executive ...,Diulas 455 minggu lalu
https://www.traveloka.com/id-id/user/review/consumption/HOTEL/GENERAL/71951,17,13,Hotel tua tapi secara keseluruhan bagus untuk menginap,Diulas 455 minggu lalu
https://www.traveloka.com/id-id/user/review/consumption/HOTEL/GENERAL/71951,17,14,Dekat dengan Rs borromeus. Dan ada kolam renang,Diulas 456 minggu lalu
https://www.traveloka.com/id-id/user/review/consumption/HOTEL/GENERAL/71951,17,15,"Kamar, fasilitas, dan makanan yang sangat bagus.",Diulas 456 minggu lalu
https://www.traveloka.com/id-id/user/review/consumption/HOTEL/GENERAL/71951,17,16,"Semua staff hotel ramah dan helpful. Makanan juga oke, banyak disediakan makanan daerah di buffet breakfast. Kekurangan hanya hotel sudah tua",Diulas 456 minggu lalu
https://www.traveloka.com/id-id/user/review/consumption/HOTEL/GENERAL/71951,17,17,Nyaman dan tempat strategis di tengah kota.,Diulas 456 minggu lalu
https://www.traveloka.com/id-id/user/review/consumption/HOTEL/GENERAL/71951,17,18,"Sepertinya hotel ini cukup tua, terlihat dari model bangunan gedung dan lift. Kamar cukup luas, nyaman, saya menginap 2 malam, tapi sayang ada nyamuk lumayan banyak saat malam yang pertama. Makanan lumayan enak, cukup tinggi harganya untuk hotel bintang 3, namun lokasi bagus, dekat kemana-mana.",Diulas 456 minggu lalu
https://www.traveloka.com/id-id/user/review/consumption/HOTEL/GENERAL/71951,17,19,Keseluruhan semuanya baik. Jaga pekerjaan bagus,Diulas 457 minggu lalu
https://www.traveloka.com/id-id/user/review/consumption/HOTEL/GENERAL/71951,17,20,Recommended buat kegiatan bisnis karena dekat dengan pusat keramaian,Diulas 457 minggu lalu
https://www.traveloka.com/id-id/user/review/consumption/HOTEL/GENERAL/71951,17,21,Dekat dengan Masjid dan pusat keramaian cocok banget buat singgah,Diulas 457 minggu lalu
https://www.traveloka.com/id-id/user/review/consumption/HOTEL/GENERAL/71951,17,22,Memuaskan Dan nyaman Di juga kenyamanan nya,Diulas 457 minggu lalu
https://www.traveloka.com/id-id/user/review/consumption/HOTEL/GENERAL/71951,17,23,"Makanannya biasa saja, tidak seperti makanan hotel",Diulas 457 minggu lalu
https://www.traveloka.com/id-id/user/review/consumption/HOTEL/GENERAL/71951,17,24,Hotel yang bagus dengan pelayanan yang baik.,Diulas 457 minggu lalu
https://www.traveloka.com/id-id/user/review/consumption/HOTEL/GENERAL/71951,17,25,"Tempat tidurnya keras, padahal tempatnya bagus.",Diulas 457 minggu lalu
https://www.traveloka.com/id-id/user/review/consumption/HOTEL/GENERAL/71951,17,26,Besar. nyaman. strategis. kenyamanan. Pelayanan yang baik,Diulas 457 minggu lalu
https://www.traveloka.com/id-id/user/review/consumption/HOTEL/GENERAL/71951,17,27,Sangat nyaman dan dekat dengan pusat perbelanjaan,Diulas 457 minggu lalu
https://www.traveloka.com/id-id/user/review/consumption/HOTEL/GENERAL/71951,17,28,Bagus tapi ACnya tidak cukup keren,Diulas 457 minggu lalu
https://www.traveloka.com/id-id/user/review/consumption/HOTEL/GENERAL/71951,17,29,Nyamaaannn buat liburan keluarga,Diulas 457 minggu lalu
https://www.traveloka.com/id-id/user/review/consumption/HOTEL/GENERAL/71951,17,30,Kelebihan: 1. Lokasi hotel strategis untuk kulineri. 2. Menu sarapan cukup bervariasi. Kekurangan: 1. Sandal kamar kanan semua. 2. Shower kloset bocor parah.,Diulas 457 minggu lalu
https://www.traveloka.com/id-id/user/review/consumption/HOTEL/GENERAL/71951,17,31,Hotelnya cukup bersih & nyaman,Diulas 457 minggu lalu
https://www.traveloka.com/id-id/user/review/consumption/HOTEL/GENERAL/71951,17,32,Lokasi strategis dan staf yang ramah,Diulas 457 minggu lalu
https://www.traveloka.com/id-id/user/review/consumption/HOTEL/GENERAL/71951,17,33,"Hari pertama sarapan, pas nunggu lift mau balik ke kamar, eeeehh begitu lift kebuka, di dalem lift ada tray makanan dan galon kosong diatasnya yang tidak berpenghuni 😂😂 Itu tray tidak ada yang megang/jagain.. Akhirnya gue yang narik itu tray keluar lift supaya gue dan anak gue bisa masuk.. Heu😂",Diulas 458 minggu lalu
https://www.traveloka.com/id-id/user/review/consumption/HOTEL/GENERAL/71951,17,34,Secara keseluruhan tempat yang baik untuk perjalanan apapun,Diulas 458 minggu lalu
https://www.traveloka.com/id-id/user/review/consumption/HOTEL/GENERAL/71951,17,35,Dekat dengan objek perbelanjaan dan menyenangkan,Diulas 458 minggu lalu
https://www.traveloka.com/id-id/user/review/consumption/HOTEL/GENERAL/71951,17,36,bersih pelayanan bagus kendaraan di cuci,Diulas 458 minggu lalu
https://www.traveloka.com/id-id/user/review/consumption/HOTEL/GENERAL/71951,17,37,Tingkatkan mutu pelayanan terus,Diulas 458 minggu lalu
https://www.traveloka.com/id-id/user/review/consumption/HOTEL/GENERAL/71951,17,38,Bagus dan nyaman untuk dengan keluarga,Diulas 458 minggu lalu
https://www.traveloka.com/id-id/user/review/consumption/HOTEL/GENERAL/71951,17,39,Lokasi bagus dan pelayanan yang baik,Diulas 458 minggu lalu
https://www.traveloka.com/id-id/user/review/consumption/HOTEL/GENERAL/71951,17,40,"Lokasi sangat strategis, akses mudah ke banyak area perbelanjaan",Diulas 459 minggu lalu
https://www.traveloka.com/id-id/user/review/consumption/HOTEL/GENERAL/71951,18,1,Great tingkatkan mutu pelayanan,Diulas 459 minggu lalu
https://www.traveloka.com/id-id/user/review/consumption/HOTEL/GENERAL/71951,18,2,bagus tapi ..parkirnya agak sempit,Diulas 459 minggu lalu
https://www.traveloka.com/id-id/user/review/consumption/HOTEL/GENERAL/71951,18,3,"Ternyata realitanya kamar superior tidak ada bathtub. Selebihnya oke, kamar cukup bersih, nyaman, lokasi strategis, kolam renang nyaman untuk anak-anak, sarapan variatif hanya sayang tidak ada noodle station. Proses cek in dan cek out sangat cepat. Hanya saja pihak hotel membedakan tamu asing dan tamu domestik. Ketika saya cek in tidak dapat cold towel atau welcome drink, tapi kemudian datang bis berisi bule-bule, mereka langsung menyiapkan cold towel dan welcome drink. Payah deh.",Diulas 459 minggu lalu
https://www.traveloka.com/id-id/user/review/consumption/HOTEL/GENERAL/71951,18,4,"Sangat memuaskan dari segala hal utamanya ada tim pembersih kendaraan,selama saya menginap belum ada kendaraan di bersihkan",Diulas 459 minggu lalu
https://www.traveloka.com/id-id/user/review/consumption/HOTEL/GENERAL/71951,18,5,Strategis dan dekat kota. Pelayanan perlu ditingkatkan.,Diulas 459 minggu lalu
https://www.traveloka.com/id-id/user/review/consumption/HOTEL/GENERAL/71951,18,6,"Tempat yang bagus, Anda harus mencoba.",Diulas 459 minggu lalu
https://www.traveloka.com/id-id/user/review/consumption/HOTEL/GENERAL/71951,18,7,Hotel sekolah tua tapi semuanya baik-baik saja,Diulas 459 minggu lalu
https://www.traveloka.com/id-id/user/review/consumption/HOTEL/GENERAL/71951,18,8,"Cukup bagus, nyaman, cukup bersih",Diulas 460 minggu lalu
https://www.traveloka.com/id-id/user/review/consumption/HOTEL/GENERAL/71951,18,9,Hotel legendaris Hotel ini sangat oke meski sudah berumur 30 tahun,Diulas 460 minggu lalu
https://www.traveloka.com/id-id/user/review/consumption/HOTEL/GENERAL/71951,18,10,"Semua faktor sangat baik, terutama lokasi yang berada di pusat kota",Diulas 460 minggu lalu
https://www.traveloka.com/id-id/user/review/consumption/HOTEL/GENERAL/71951,18,11,"Lokasi strategis, pelayanan ramah dan cepat.",Diulas 460 minggu lalu
https://www.traveloka.com/id-id/user/review/consumption/HOTEL/GENERAL/71951,18,12,"Lokasi yang besar, makanan yang baik, bagus kesepakatan",Diulas 461 minggu lalu
https://www.traveloka.com/id-id/user/review/consumption/HOTEL/GENERAL/71951,18,13,Menu sarapan variatif dan enak. kolam renang nyaman.,Diulas 461 minggu lalu
https://www.traveloka.com/id-id/user/review/consumption/HOTEL/GENERAL/71951,18,14,"Good hotel, suasana enak, makanan enak, hanya kolam renang airnya dingin banget, overall semua oke!",Diulas 461 minggu lalu
https://www.traveloka.com/id-id/user/review/consumption/HOTEL/GENERAL/71951,18,15,Hotelnya nyaman seperti santika pada umumnya.,Diulas 461 minggu lalu
https://www.traveloka.com/id-id/user/review/consumption/HOTEL/GENERAL/71951,18,16,"Menyenangkan, lokasi strategis",Diulas 461 minggu lalu
https://www.traveloka.com/id-id/user/review/consumption/HOTEL/GENERAL/71951,18,17,"Lokasinya mantap, pegawainya ramah, mobil tiap pagi dicuciin...gratis lagi...",Diulas 461 minggu lalu
https://www.traveloka.com/id-id/user/review/consumption/HOTEL/GENERAL/71951,18,18,Saya merekomendasikan untuk menginap di sini.,Diulas 461 minggu lalu
https://www.traveloka.com/id-id/user/review/consumption/HOTEL/GENERAL/71951,18,19,"Kami sangat senang menginap di Santika, Kamarnya bersih, sarapannya enak dan banyak variasinya, anak-anak juga senang bisa berenang sepuasnya, wifi kencang, staffnya ramah-ramah, bahkan kami ditolong ketika mobil kami mengalami sedikit kendala. Terima kasih Hotel Santika atas pelayanannya yang excellent!",Diulas 461 minggu lalu
https://www.traveloka.com/id-id/user/review/consumption/HOTEL/GENERAL/71951,18,20,Perlu mengecat ulang pandangan depan dan ruang pintu juga mengecat ulang dan menyentuh dengan pencahayaan untuk mengekspos lobi dan bangunan juga,Diulas 461 minggu lalu
https://www.traveloka.com/id-id/user/review/consumption/HOTEL/GENERAL/71951,18,21,"Hotel arsitektur tahun 70 namun terawat dengan baik, makanan enak, kebersihan baik dan pelayanan ramah",Diulas 462 minggu lalu
https://www.traveloka.com/id-id/user/review/consumption/HOTEL/GENERAL/71951,18,22,"Lokasi strategis, pelayanan sangat ramah, bersih, kamar standard, tidak ada sofanya.",Diulas 462 minggu lalu
https://www.traveloka.com/id-id/user/review/consumption/HOTEL/GENERAL/71951,18,23,"Secara keseluruhan ok, dari kenyamanan, pelayanan, kebersihan, lokasi, hanya saja masalah makanan ya, mungkin karena padatnya tamu hotel sehingga kalau sudah jam 09,00 wib makanannya beberapa kosong. Semoga ke depan semakin ditingkatkan utntuk Hotel Santika Bandung. Karena saya pelanggan setia Hotel Santika yang ada di Indonesia.",Diulas 462 minggu lalu
https://www.traveloka.com/id-id/user/review/consumption/HOTEL/GENERAL/71951,18,24,Enak dan nyaman terutama makanannya yang dari dulu ngga pernah berubah,Diulas 462 minggu lalu
https://www.traveloka.com/id-id/user/review/consumption/HOTEL/GENERAL/71951,18,25,"Kebersihan dan kenyamanan cukup, lokasi strategis dengan pusat wisata di tengah kota.",Diulas 462 minggu lalu
https://www.traveloka.com/id-id/user/review/consumption/HOTEL/GENERAL/71951,18,26,"Tua tapi bagus, mahal tapi worthed, pelayanan bagus, direkomendasikan.",Diulas 462 minggu lalu
https://www.traveloka.com/id-id/user/review/consumption/HOTEL/GENERAL/71951,18,27,Ramah petugasnya dan mudah proses cek in/ out nya,Diulas 463 minggu lalu
https://www.traveloka.com/id-id/user/review/consumption/HOTEL/GENERAL/71951,18,28,Pelayanan ramah dan memuaskan.,Diulas 463 minggu lalu
https://www.traveloka.com/id-id/user/review/consumption/HOTEL/GENERAL/71951,18,29,"Hotel ini sangat bagus dan bersih, layanannya sangat bagus.",Diulas 463 minggu lalu
https://www.traveloka.com/id-id/user/review/consumption/HOTEL/GENERAL/71951,18,30,"Makanannya beragam, kamar bersih, kamar mandi bersih.",Diulas 463 minggu lalu
https://www.traveloka.com/id-id/user/review/consumption/HOTEL/GENERAL/71951,18,31,"kondisi hotel yang tenang, tempat yang cukup strategis, dan saya rasa menyenangkan bisa menginap di hotel santika",Diulas 463 minggu lalu
https://www.traveloka.com/id-id/user/review/consumption/HOTEL/GENERAL/71951,18,32,"Bangunan hotel sudah menua, dengan pintu2 room yang sudah hadul. Dengan rate yang ada, sudah tidak sesuai lagi, disamperin itu hampir tengah malam ada anak yang teriak menangis sampai lama dibiarkan saja. Sehingga amat mengganggu istirahat.",Diulas 463 minggu lalu
https://www.traveloka.com/id-id/user/review/consumption/HOTEL/GENERAL/71951,18,33,Memuaskan dan selalu ingin kembali. Tempatnya jg strategis. Tp sayangnya wifi nya lelet,Diulas 463 minggu lalu
https://www.traveloka.com/id-id/user/review/consumption/HOTEL/GENERAL/71951,18,34,Kami sangat menikmati menginap di HS Bandung.,Diulas 464 minggu lalu
https://www.traveloka.com/id-id/user/review/consumption/HOTEL/GENERAL/71951,18,35,Pelayanan reservasi cepat. Hotel nyaman banget,Diulas 464 minggu lalu
https://www.traveloka.com/id-id/user/review/consumption/HOTEL/GENERAL/71951,18,36,AC terlalu dingin dan kontrol temperatur tidak berfungsi. Mengantri lama di Resepsionis.,Diulas 464 minggu lalu
https://www.traveloka.com/id-id/user/review/consumption/HOTEL/GENERAL/71951,18,37,Suasana tenang dan enak. Makan sarapan enak dan khas sunda. Cuma bangunan memang bangunan lama tapi tetep enak koq. Sayang pas nelpon pinjem hair dryer buat istri sampai check out tidak di kasih2.,Diulas 464 minggu lalu
https://www.traveloka.com/id-id/user/review/consumption/HOTEL/GENERAL/71951,18,38,"Telat cek in nya, harus menunggu lagi lebih sejam..walaupun saya dapat satu kamar yg di up grade tanpa tambahan biaya, ttp kamarnya bau apek, sptnya kamarnya jarang ditempati. Makan pagi sih banyak variasi hanya rasanya kurang. Lokasi bagus karena sepanjang jalan itu banyak fo dan restourant.",Diulas 464 minggu lalu
https://www.traveloka.com/id-id/user/review/consumption/HOTEL/GENERAL/71951,18,39,Hotel tua tapi masih nyaman Mudah untuk berbelanja lokasi yang besar,Diulas 464 minggu lalu
https://www.traveloka.com/id-id/user/review/consumption/HOTEL/GENERAL/71951,18,40,Walaupun gedung lama tapi bersih dan nyaman dan strategis,Diulas 464 minggu lalu
https://www.traveloka.com/id-id/user/review/consumption/HOTEL/GENERAL/71951,19,1,Overalll sesuai ekspektasi....,Diulas 464 minggu lalu
https://www.traveloka.com/id-id/user/review/consumption/HOTEL/GENERAL/71951,19,2,Kami suka hotel ini karena pelayanannya memuaskan dan makanannya enak...,Diulas 464 minggu lalu
https://www.traveloka.com/id-id/user/review/consumption/HOTEL/GENERAL/71951,19,3,Hotel yang bagus dan lokasinya yang bagus di Bandung,Diulas 464 minggu lalu
https://www.traveloka.com/id-id/user/review/consumption/HOTEL/GENERAL/71951,19,4,Sangat nyaman bahkan untuk bayi saya yang berumur 8 bulan.,Diulas 464 minggu lalu
https://www.traveloka.com/id-id/user/review/consumption/HOTEL/GENERAL/71951,19,5,"Lokasi strategis,sesuai harapan",Diulas 464 minggu lalu
https://www.traveloka.com/id-id/user/review/consumption/HOTEL/GENERAL/71951,19,6,"Menyenangkan menginap di hotel santika, bersih, pelayanan memuaskan, ramah, pilihan menu sarapan bervariasi, dekat pusat keramaian di bandung, cukup berjalan kaki kita bisa sampai di beberapa destinasi hiburan, dan wisata kuliner, jadi tidak perlu tenggelam di kemacetan bandung",Diulas 464 minggu lalu
https://www.traveloka.com/id-id/user/review/consumption/HOTEL/GENERAL/71951,19,7,"Sampai di hotel dapat info kamar di-upgrade karena yang di telah booking habis. Dapat kamar luas, kamar mandi bagus, receptionist ramah, pelayanan bagus, breakfast enak (anak-anak suka).",Diulas 464 minggu lalu
https://www.traveloka.com/id-id/user/review/consumption/HOTEL/GENERAL/71951,19,8,"Menginap bersama keluarga, puas dan menyenangkan. Next Time akan menginap lagi di Santika jika ke Bandung. Semoga sukses selalu dan pelayanan tetap di maintenance dan ditingkatkan terus.",Diulas 465 minggu lalu
https://www.traveloka.com/id-id/user/review/consumption/HOTEL/GENERAL/71951,19,9,Lokasi strategis dan ok untuk liburan keluarga.,Diulas 465 minggu lalu
https://www.traveloka.com/id-id/user/review/consumption/HOTEL/GENERAL/71951,19,10,Menu makanan perlu ditingkatkan.,Diulas 465 minggu lalu
https://www.traveloka.com/id-id/user/review/consumption/HOTEL/GENERAL/71951,19,11,"Pengalaman yang menyenangkan bisa menginap di hotel santika bandung, semoga di lain waktu bisa menginap lagi",Diulas 465 minggu lalu
https://www.traveloka.com/id-id/user/review/consumption/HOTEL/GENERAL/71951,19,12,"Lokasi strategis,kamar nyaman,staf ramah",Diulas 465 minggu lalu
https://www.traveloka.com/id-id/user/review/consumption/HOTEL/GENERAL/71951,19,13,"Hotelnya pelayanannya baik,dekat dengan mall juga mencari makan nga susah,",Diulas 465 minggu lalu
https://www.traveloka.com/id-id/user/review/consumption/HOTEL/GENERAL/71951,19,14,"Bagus, cuci mobilnya jangan sampai dihilangkan karena itu salah satu selling point.",Diulas 465 minggu lalu
https://www.traveloka.com/id-id/user/review/consumption/HOTEL/GENERAL/71951,19,15,Tempatnya nyaman dan makanan enak,Diulas 466 minggu lalu
https://www.traveloka.com/id-id/user/review/consumption/HOTEL/GENERAL/71951,19,16,"Koneksi wifi kurang kencang, sehingga agak sulit untuk melakukan pekerjaan kantor dari jarak jauh. Mohon agar ditambah bandwidth-nya.",Diulas 466 minggu lalu
https://www.traveloka.com/id-id/user/review/consumption/HOTEL/GENERAL/71951,19,17,Sayangnya sarapannya kurang bagus,Diulas 466 minggu lalu
https://www.traveloka.com/id-id/user/review/consumption/HOTEL/GENERAL/71951,19,18,Cukup bersih dan strategis letaknya.,Diulas 466 minggu lalu
https://www.traveloka.com/id-id/user/review/consumption/HOTEL/GENERAL/71951,19,19,"Kebersihan yang adil, hotel tua tapi lokasinya cukup dekat dari kota",Diulas 466 minggu lalu
https://www.traveloka.com/id-id/user/review/consumption/HOTEL/GENERAL/71951,19,20,"Strategis, tinggal jalan kaki ke mall BIP, tapi lantai kamarnya masih belum dilapisi karpet",Diulas 466 minggu lalu
https://www.traveloka.com/id-id/user/review/consumption/HOTEL/GENERAL/71951,19,21,Hotel besar dan lokasi bagus Sangat bagus,Diulas 466 minggu lalu
https://www.traveloka.com/id-id/user/review/consumption/HOTEL/GENERAL/71951,19,22,"Tempat strategis, staff ramah.",Diulas 466 minggu lalu
https://www.traveloka.com/id-id/user/review/consumption/HOTEL/GENERAL/71951,19,23,Bersih dan lokasinya strategis.,Diulas 466 minggu lalu
https://www.traveloka.com/id-id/user/review/consumption/HOTEL/GENERAL/71951,19,24,Bangunan nya sudah cukup tua tapi terawat dengan baik...,Diulas 467 minggu lalu
https://www.traveloka.com/id-id/user/review/consumption/HOTEL/GENERAL/71951,19,25,Hotel yang nyaman dan fasilitas yang memuaskan dan kamar luas,Diulas 467 minggu lalu
https://www.traveloka.com/id-id/user/review/consumption/HOTEL/GENERAL/71951,19,26,"Overall, semuanya keren. Kamar nyaman, Makanan bervariasi dan lokasi yang super strategis. Hanya saja untuk sekedar saran, sepertinya harus ada sedikit pembaharuan di bagian kamar.",Diulas 467 minggu lalu
https://www.traveloka.com/id-id/user/review/consumption/HOTEL/GENERAL/71951,19,27,"Pelayanan yang sangat bagus dan tidak mengecewakan, kolam renang yang bersih dan kamar yang sangat nyaman.",Diulas 467 minggu lalu
https://www.traveloka.com/id-id/user/review/consumption/HOTEL/GENERAL/71951,19,28,"Lokasi hotel bersih, bagus. Makanannya begitu enak. Aku upgrade ke kamar Eksekutif, itu sangat bagus.",Diulas 467 minggu lalu
https://www.traveloka.com/id-id/user/review/consumption/HOTEL/GENERAL/71951,19,29,Memuaskan....apalagi dapat room dekat kolam renang....anak senang,Diulas 467 minggu lalu
https://www.traveloka.com/id-id/user/review/consumption/HOTEL/GENERAL/71951,19,30,"Perlu upgrade fasilitas di ruangan, terutama tempat tidur (harus diganti). Tapi pelayanan front office itu bagus.",Diulas 467 minggu lalu
https://www.traveloka.com/id-id/user/review/consumption/HOTEL/GENERAL/71951,19,31,"Kamar bagus, luas, cari makanan gampang dekat dengan mall BIP dan RJM.",Diulas 467 minggu lalu
https://www.traveloka.com/id-id/user/review/consumption/HOTEL/GENERAL/71951,19,32,Tetap mempertahankan pelayanan yang memuaskan saat ini,Diulas 467 minggu lalu
https://www.traveloka.com/id-id/user/review/consumption/HOTEL/GENERAL/71951,19,33,"Lokasinya sangat strategis, di pusat kota. Prosedur check in mudah dan cepat. Kebersihan kamar dan lingkungan cukup baik. Menu breakfast sangat bervariasi.",Diulas 468 minggu lalu
https://www.traveloka.com/id-id/user/review/consumption/HOTEL/GENERAL/71951,19,34,Aku merasa senang tinggal di sini karena lokasinya sangat direkomendasikan dan strategis!,Diulas 468 minggu lalu
https://www.traveloka.com/id-id/user/review/consumption/HOTEL/GENERAL/71951,19,35,"Bagus pelayanannya dan juga tempatnya yang strategis, cuma satu yang bikin kita agak kecewa, bed harusnya king, tapi dikasih twin yang cuma digeserkan menjadi satu, overall bagus.",Diulas 468 minggu lalu
https://www.traveloka.com/id-id/user/review/consumption/HOTEL/GENERAL/71951,19,36,"Klasik, nyaman, dan makanannya enak! XD",Diulas 468 minggu lalu
https://www.traveloka.com/id-id/user/review/consumption/HOTEL/GENERAL/71951,19,37,pelayanannya bagus dan juga lokasi yang strategis,Diulas 468 minggu lalu
https://www.traveloka.com/id-id/user/review/consumption/HOTEL/GENERAL/71951,19,38,"Nyaman, berada di lokasi yang strategis dekat dengan beberapa tempat belanja. Kolam renangnya bersih. Beberapa makanan ada yang kurang terasa bumbunya seperti kurang garam, tapi selebihnya menunya ok.",Diulas 468 minggu lalu
https://www.traveloka.com/id-id/user/review/consumption/HOTEL/GENERAL/71951,19,39,"Bersih, ramah, kamar luas, strategis.",Diulas 469 minggu lalu
https://www.traveloka.com/id-id/user/review/consumption/HOTEL/GENERAL/71951,19,40,"Pelayanan memuaskan, makanan enak Dan resepsionisnya sangat ramah. Juga tersedia pengantaran me bandara Dan station kereta api.",Diulas 469 minggu lalu
https://www.traveloka.com/id-id/user/review/consumption/HOTEL/GENERAL/71951,20,1,"Kamar dan kolam renangnya enak, untuk wifi turun naik dan untuk sarapan kurang enak serta semuanya pada dingin, untuk mandi air panasnya tidak stabil, kadang dingin sendiri, kadang panas banget itu air, beda banget dengan Santika yang di Petamburan, hanya saja di Santika Bandung dapat cuci mobil secara gratis.",Diulas 469 minggu lalu
https://www.traveloka.com/id-id/user/review/consumption/HOTEL/GENERAL/71951,20,2,"Pelayanannya memuaskan, ramah dan sopan dan juga suasananya cukup nyaman.",Diulas 469 minggu lalu
https://www.traveloka.com/id-id/user/review/consumption/HOTEL/GENERAL/71951,20,3,"Bersih, nyaman, pelayanan bagus.",Diulas 469 minggu lalu
https://www.traveloka.com/id-id/user/review/consumption/HOTEL/GENERAL/71951,20,4,"Cukup memuaskan, karena lokasi strategis.",Diulas 469 minggu lalu
https://www.traveloka.com/id-id/user/review/consumption/HOTEL/GENERAL/71951,20,5,Hotel santika emang memuaskan Selalu memberikan yang terbaik,Diulas 469 minggu lalu
https://www.traveloka.com/id-id/user/review/consumption/HOTEL/GENERAL/71951,20,6,Pelayanan yang sangat baik dan sopan santun,Diulas 469 minggu lalu
https://www.traveloka.com/id-id/user/review/consumption/HOTEL/GENERAL/71951,20,7,"Itu adalah pengalaman yang menyenangkan, ditambah satu poin untuk mobil dicuci di pagi hari! Pertahankan!",Diulas 469 minggu lalu
https://www.traveloka.com/id-id/user/review/consumption/HOTEL/GENERAL/71951,20,8,"Kamar dan fasilitas lainnya sangat memuaskan, namun kesiapan makanan pada saat breakfast perlu lebih ditingkatkan.",Diulas 469 minggu lalu
https://www.traveloka.com/id-id/user/review/consumption/HOTEL/GENERAL/71951,20,9,"Begitu banyak pilihan untuk sarapan seperti lima mulai hotel, hanya besar. Mungkin saya akan kembali berlibur di Bandung",Diulas 470 minggu lalu
https://www.traveloka.com/id-id/user/review/consumption/HOTEL/GENERAL/71951,20,10,"Enak, kalo mau cari makan deket banget, banyak tempat makan.",Diulas 470 minggu lalu
https://www.traveloka.com/id-id/user/review/consumption/HOTEL/GENERAL/71951,20,11,"Enak, nyaman, tenang ,tidak hiruk pikuk",Diulas 470 minggu lalu
https://www.traveloka.com/id-id/user/review/consumption/HOTEL/GENERAL/71951,20,12,"Sangat dekat kemana-mana, semua memuaskan, makanan enak cuma sayang ada nyamuk yang berterbangan dikamar..",Diulas 470 minggu lalu
https://www.traveloka.com/id-id/user/review/consumption/HOTEL/GENERAL/71951,20,13,Udara sekitar hotel masih segar untuk bisa jalan pagi,Diulas 470 minggu lalu
https://www.traveloka.com/id-id/user/review/consumption/HOTEL/GENERAL/71951,20,14,"Hotel sangat strategis, pelayanan ramah dan mobil parkir dibersihkan setiap pagi. Terima kasih Hotel Santika",Diulas 470 minggu lalu
https://www.traveloka.com/id-id/user/review/consumption/HOTEL/GENERAL/71951,20,15,overall okelah.menu sarapan enak,Diulas 470 minggu lalu
https://www.traveloka.com/id-id/user/review/consumption/HOTEL/GENERAL/71951,20,16,Tidak ada hairdryer yang menurut saya itu perlu ditambahkan,Diulas 470 minggu lalu
https://www.traveloka.com/id-id/user/review/consumption/HOTEL/GENERAL/71951,20,17,"* Makanan dingin, kurang lengkap dan rasa kurang enak. Harap ditingkatkan. * Wastafel tidak lancar",Diulas 470 minggu lalu
https://www.traveloka.com/id-id/user/review/consumption/HOTEL/GENERAL/71951,20,18,Puas. Hotelnya bersih dan harum.,Diulas 471 minggu lalu
https://www.traveloka.com/id-id/user/review/consumption/HOTEL/GENERAL/71951,20,19,"Pelayanan bagus , lokasi strategis makanan juga bervariasi , kenyaman aj dikamar agak terganggu karena sebelah seperti ruangan penampungan air atau apa...jadi kedengaran suara air mengalir dari pipa",Diulas 471 minggu lalu
https://www.traveloka.com/id-id/user/review/consumption/HOTEL/GENERAL/71951,20,20,"Staf ramah, lokasi sangat strategis. Hotel agak tua tetapi masih bersih tidak berdebu.",Diulas 471 minggu lalu
https://www.traveloka.com/id-id/user/review/consumption/HOTEL/GENERAL/71951,20,21,Makanannya menurut saya enak dan lezat.,Diulas 471 minggu lalu
https://www.traveloka.com/id-id/user/review/consumption/HOTEL/GENERAL/71951,20,22,"Saya memesan hotel ini sekitar 2 jam sebelum tiba di Bandung, mendapat kode promosi juga, dengan segala fasilitasnya, kolam renang, wifi, dan makanan varian yang lezat untuk sarapan pagi, ini adalah pengalaman yang sangat menyenangkan untuk tinggal di hotel ini dengan harga ...",Diulas 471 minggu lalu
https://www.traveloka.com/id-id/user/review/consumption/HOTEL/GENERAL/71951,20,23,Tempat yang bagus untuk tinggal di bandung.,Diulas 472 minggu lalu
https://www.traveloka.com/id-id/user/review/consumption/HOTEL/GENERAL/71951,20,24,Sangat memuaskan sekali di hotel santika,Diulas 472 minggu lalu
https://www.traveloka.com/id-id/user/review/consumption/HOTEL/GENERAL/71951,20,25,Pelayanan dan fasilitas baik. Terima kasih Traveloka.,Diulas 472 minggu lalu
https://www.traveloka.com/id-id/user/review/consumption/HOTEL/GENERAL/71951,20,26,Ok tp hotelnya perlu di renovasi,Diulas 472 minggu lalu
https://www.traveloka.com/id-id/user/review/consumption/HOTEL/GENERAL/71951,20,27,Secara umum ok. Cuma lantai keramiknya sepertinya masih ada bau seperti minyak tanah.,Diulas 472 minggu lalu
https://www.traveloka.com/id-id/user/review/consumption/HOTEL/GENERAL/71951,20,28,Sangat menyenangkan rekomenadasi untuk kunjungan berikut,Diulas 472 minggu lalu
https://www.traveloka.com/id-id/user/review/consumption/HOTEL/GENERAL/71951,20,29,Menginap 3 malam. Pagi kedua pelayan mungkin kelupaan untuk mengantar omlet yang telah dipesan. Pagi ketiga langsung disiapkan setelah saya menuliskan kesan bagaimana breakfast nya (melalui form yang memang ditawarin). Namun pada pagi ketiga ganti buah yang katanya juga mau diantarkan tidak diantarkan juga. Secara overall oke banget. Bukan hal besar. Yang penting gym dan kolam renang bersih.,Diulas 472 minggu lalu
https://www.traveloka.com/id-id/user/review/consumption/HOTEL/GENERAL/71951,20,30,"Hotel dengan lokasi yang strategis, kamar bersih dan nyaman",Diulas 472 minggu lalu
https://www.traveloka.com/id-id/user/review/consumption/HOTEL/GENERAL/71951,20,31,Bangunannya bagus dan bersih tapi sudah tua.,Diulas 473 minggu lalu
https://www.traveloka.com/id-id/user/review/consumption/HOTEL/GENERAL/71951,20,32,Pelayanan sangat baik dan memuaskan,Diulas 473 minggu lalu
https://www.traveloka.com/id-id/user/review/consumption/HOTEL/GENERAL/71951,20,33,"Dekat dengan area perbelanjaan di wilayah Riau, jika Anda ingin pergi ke BIP, cukup menyeberang jalan saja.",Diulas 473 minggu lalu
https://www.traveloka.com/id-id/user/review/consumption/HOTEL/GENERAL/71951,20,34,layanan besar dan kamar yang baik ...,Diulas 473 minggu lalu
https://www.traveloka.com/id-id/user/review/consumption/HOTEL/GENERAL/71951,20,35,"Sarapan pagi banyak jenisnya, kurang berani bumbu. Karena saya sering menginap di santika yang lain baru dibanding makannya tidak berani bumbu.",Diulas 473 minggu lalu
https://www.traveloka.com/id-id/user/review/consumption/HOTEL/GENERAL/71951,20,36,Sangat bagus untuk tamu yang ingin menikmati Bandung,Diulas 474 minggu lalu
https://www.traveloka.com/id-id/user/review/consumption/HOTEL/GENERAL/71951,20,37,Pelayanan yang baik dan tempat. mengagumkan,Diulas 474 minggu lalu
https://www.traveloka.com/id-id/user/review/consumption/HOTEL/GENERAL/71951,20,38,"Makanan bersih kurang beragam, semua makanan kebanyakan manis.",Diulas 474 minggu lalu
https://www.traveloka.com/id-id/user/review/consumption/HOTEL/GENERAL/71951,20,39,"Hotelnya bagus dan strategis, pelayanannya oke.",Diulas 474 minggu lalu
https://www.traveloka.com/id-id/user/review/consumption/HOTEL/GENERAL/71951,20,40,kecewa sedikit karena saat check in pukul 15.30 wib kamar masih belum siap dan terpaksa harus menunggu untuk dibersihkan terlebih dahulu,Diulas 474 minggu lalu
https://www.traveloka.com/id-id/user/review/consumption/HOTEL/GENERAL/71951,21,1,"Sangat memuaskan, walaupun bangunan cukup tua, namun pelayan dan kebersihan hotel ini sangat terjaga.",Diulas 474 minggu lalu
https://www.traveloka.com/id-id/user/review/consumption/HOTEL/GENERAL/71951,21,2,hotel besar lokasi yang baik dan staf yang ramah,Diulas 474 minggu lalu
https://www.traveloka.com/id-id/user/review/consumption/HOTEL/GENERAL/71951,21,3,Tingkatkan pelayanan lagi dan lagi,Diulas 474 minggu lalu
https://www.traveloka.com/id-id/user/review/consumption/HOTEL/GENERAL/71951,21,4,Tempat strategis dan nyaman deket pusat perbelanjaaan,Diulas 474 minggu lalu
https://www.traveloka.com/id-id/user/review/consumption/HOTEL/GENERAL/71951,21,5,Sangat puas. Terima kasih atas pelayanannya,Diulas 475 minggu lalu
https://www.traveloka.com/id-id/user/review/consumption/HOTEL/GENERAL/71951,21,6,pengalaman yang baik di Santika Hotel,Diulas 475 minggu lalu
https://www.traveloka.com/id-id/user/review/consumption/HOTEL/GENERAL/71951,21,7,"nyaman, tempat yang strategis, dan membantu staf",Diulas 475 minggu lalu
https://www.traveloka.com/id-id/user/review/consumption/HOTEL/GENERAL/71951,21,8,Nyaman buat liburan keluarga dan dekat dengan tempat kuliner.,Diulas 475 minggu lalu
https://www.traveloka.com/id-id/user/review/consumption/HOTEL/GENERAL/71951,21,9,"Hotelnya ok. Strategis, and kamar mandinya baru ya.",Diulas 476 minggu lalu
https://www.traveloka.com/id-id/user/review/consumption/HOTEL/GENERAL/71951,21,10,"Hotelnya bersih, nyaman, pelayanan baik dan memuaskan. It's very good !",Diulas 476 minggu lalu
https://www.traveloka.com/id-id/user/review/consumption/HOTEL/GENERAL/71951,21,11,"Lokasinya strategis, dekat dengan mini market dan factory outlet.",Diulas 476 minggu lalu
https://www.traveloka.com/id-id/user/review/consumption/HOTEL/GENERAL/71951,21,12,"hotel yg nyaman krn minta kamar pas depan Kolam renang, jadi anak2 ngga terlalu jauh untuk menuju ke kolam. Namun pas keesokan harinya dari pagi hingga siang ngga bisa istirahat krn ada perbaikan di kamar sebelahnya :( akhirnya kita early check out ... but over all ok kok",Diulas 476 minggu lalu
https://www.traveloka.com/id-id/user/review/consumption/HOTEL/GENERAL/71951,21,13,Sangat bagus & memuaskan..thanks..,Diulas 476 minggu lalu
https://www.traveloka.com/id-id/user/review/consumption/HOTEL/GENERAL/71951,21,14,"Saya kebetulan member di santika grup, dan setiap ke bandung mayoritas kami stay di santika, lokasinya strategis, ramah dan nyaman.",Diulas 476 minggu lalu
https://www.traveloka.com/id-id/user/review/consumption/HOTEL/GENERAL/71951,21,15,Sangat memuaskan dan perlu ditingkatkan untuk informasi kenderan hotel untuk antar jemput penghuni ke airport/ station hall. Terima kasih.,Diulas 476 minggu lalu
https://www.traveloka.com/id-id/user/review/consumption/HOTEL/GENERAL/71951,21,16,Kamarnya luas dan fasilitas di dalamnya lengkap. Ada kolam renangnya juga. Berikutnya akan berkunjung kembali kesini.,Diulas 476 minggu lalu
https://www.traveloka.com/id-id/user/review/consumption/HOTEL/GENERAL/71951,21,17,"Bagus, tenang, bersih, nyaman, oke.",Diulas 477 minggu lalu
https://www.traveloka.com/id-id/user/review/consumption/HOTEL/GENERAL/71951,21,18,"Oke, kebetulan bisa connecting door and no complain.",Diulas 477 minggu lalu
https://www.traveloka.com/id-id/user/review/consumption/HOTEL/GENERAL/71951,21,19,Sarapannya mengecewakan..tidak ada yang enak,Diulas 477 minggu lalu
https://www.traveloka.com/id-id/user/review/consumption/HOTEL/GENERAL/71951,21,20,"Bagus, nyaman dan tidak ada masalah",Diulas 477 minggu lalu
https://www.traveloka.com/id-id/user/review/consumption/HOTEL/GENERAL/71951,21,21,Setiap ke Bandung sudah pasti menginap disini.. dekat kemana-mana. terimakasih traveloka,Diulas 477 minggu lalu
https://www.traveloka.com/id-id/user/review/consumption/HOTEL/GENERAL/71951,21,22,Hotelnya baik cuma di kasih kamar paling pojok paling belakang.,Diulas 477 minggu lalu
https://www.traveloka.com/id-id/user/review/consumption/HOTEL/GENERAL/71951,21,23,"tenang, bersih dan juga minimalis",Diulas 478 minggu lalu
https://www.traveloka.com/id-id/user/review/consumption/HOTEL/GENERAL/71951,21,24,"makanan enak, kolam renang bagus, lokasi strategis, lingkungan nyaman",Diulas 479 minggu lalu
https://www.traveloka.com/id-id/user/review/consumption/HOTEL/GENERAL/71951,21,25,Lain kali ke bandung pasti kesini lagi...,Diulas 479 minggu lalu
https://www.traveloka.com/id-id/user/review/consumption/HOTEL/GENERAL/71951,21,26,"Tempat yang bersih, nyaman dan menyenangkan.",Diulas 479 minggu lalu
https://www.traveloka.com/id-id/user/review/consumption/HOTEL/GENERAL/71951,21,27,"Hotel yang nyaman dengan pelayanan yang memuaskan, bisa pinjam alat sholat dan sajadahnya juga. mungkin kalau menginap sini lagi harus bawa steker tambahan karena letak steker nya sulit dijangkau dan di sebelah kasur tidak ada. untuk yang lain okee..",Diulas 480 minggu lalu
https://www.traveloka.com/id-id/user/review/consumption/HOTEL/GENERAL/71951,21,28,Cukup memuaskan untuk menginap di santika hotel,Diulas 480 minggu lalu
https://www.traveloka.com/id-id/user/review/consumption/HOTEL/GENERAL/71951,21,29,Pilihan tepat Untuk beristrahat.,Diulas 480 minggu lalu
https://www.traveloka.com/id-id/user/review/consumption/HOTEL/GENERAL/71951,21,30,Interior kamar kurang fresh butuh penyegeran.,Diulas 480 minggu lalu
https://www.traveloka.com/id-id/user/review/consumption/HOTEL/GENERAL/71951,21,31,"Hotel bagus, pelayanannya juga baik, breakfast enak",Diulas 481 minggu lalu
https://www.traveloka.com/id-id/user/review/consumption/HOTEL/GENERAL/71951,21,32,"Ok, lokasi yang baik .. pelayanan yang baik ..",Diulas 481 minggu lalu
https://www.traveloka.com/id-id/user/review/consumption/HOTEL/GENERAL/71951,21,33,AC terlalu dingin dan controller di kamarku tampaknya tidak bekerja,Diulas 481 minggu lalu
https://www.traveloka.com/id-id/user/review/consumption/HOTEL/GENERAL/71951,21,34,Aku benar-benar puas dengan layanan! Menu sarapan juga lezat. Terima kasih Hotel Santika Bandung,Diulas 482 minggu lalu
https://www.traveloka.com/id-id/user/review/consumption/HOTEL/GENERAL/71951,21,35,"Hotelnya nyaman, servis memuaskan, lokasi ideal",Diulas 482 minggu lalu
https://www.traveloka.com/id-id/user/review/consumption/HOTEL/GENERAL/71951,21,36,"Hotel bagus, urusan bisnis sekalian liburan beserta keluarga, karena dekat dengan Jalan Riau.",Diulas 482 minggu lalu
https://www.traveloka.com/id-id/user/review/consumption/HOTEL/GENERAL/71951,21,37,"Itu besar, staf cukup membantu.",Diulas 483 minggu lalu
https://www.traveloka.com/id-id/user/review/consumption/HOTEL/GENERAL/71951,21,38,"Hotelnya bagus, bersih, lokasi hotel di tengah kota dan strategis, kolam renangnya juga bersih, dekat dengan mall, letaknya dipusat kota dan menyenangkan.",Diulas 483 minggu lalu
https://www.traveloka.com/id-id/user/review/consumption/HOTEL/GENERAL/71951,21,39,"Hotel yang bagus, di jalan Riau bandung, dekat dengan Riau Junction dan BIP Dan dapat upgrade kamar menjadi Executive.. Bravo nice",Diulas 483 minggu lalu
https://www.traveloka.com/id-id/user/review/consumption/HOTEL/GENERAL/71951,21,40,Lokasi hotel di tengah kota dan strategis,Diulas 483 minggu lalu
https://www.traveloka.com/id-id/user/review/consumption/HOTEL/GENERAL/71951,22,1,"Sudah dua kali nginep di Santika, hotelnya sudah lama tapi cukup bersih. Pelayanan cepat dan ramah, love the swimming pool! Kolam tdk besar tp cukup dalam, sampai 2 meter, dan bersih. Lokasi strategis, kemana-mana dekat.",Diulas 483 minggu lalu
https://www.traveloka.com/id-id/user/review/consumption/HOTEL/GENERAL/71951,22,2,"hotelnya bersih, kolam renangnya juga bersih, dekat dengan mall, letaknya dipusat kota dan menyenangkan yang cukupmobil dicucikan hanya saja menu breakfastnya kurang beragam jadi kalau menginap lebih dari sehari jadi membosankan",Diulas 483 minggu lalu
https://www.traveloka.com/id-id/user/review/consumption/HOTEL/GENERAL/71951,22,3,"Nyaman walaupun hotel tua tapi tetap bersih..kolam berenangnya buat anak anak ada atapnya jadi anak anak bebas berenang tanpa takut hitam dan kena hujan,minta bantuan cepat responnya..anak2 saya sampai tidak mau paling nambah dari rencana 2 malam akhirnya jadi 5 malam",Diulas 484 minggu lalu
https://www.traveloka.com/id-id/user/review/consumption/HOTEL/GENERAL/71951,22,4,pelayanan sangat memuaskan. sayangnya saluran air di kamar mandi terkadang timbul bau yang tidak sedap,Diulas 484 minggu lalu
https://www.traveloka.com/id-id/user/review/consumption/HOTEL/GENERAL/71951,22,5,Puas sangat puas..anak-anak betah sampai nambah nambah hari nginepnya..kolam renangnya ok..kmi pasti kembali menginap disini,Diulas 484 minggu lalu
https://www.traveloka.com/id-id/user/review/consumption/HOTEL/GENERAL/71951,22,6,"Secara keseluruhan saya dan keluarga saya senang tinggal di hotel ini, lokasi strategis sangat dekat dengan semua tempat sejuk di Bandung",Diulas 484 minggu lalu
https://www.traveloka.com/id-id/user/review/consumption/HOTEL/GENERAL/71951,22,7,lokasi yang baik dan strategis di jantung kota bandung,Diulas 484 minggu lalu
https://www.traveloka.com/id-id/user/review/consumption/HOTEL/GENERAL/71951,22,8,Nyaman... pelayanan ramah.. ok..,Diulas 484 minggu lalu
https://www.traveloka.com/id-id/user/review/consumption/HOTEL/GENERAL/71951,22,9,"Lokasi hotel strategis, salah satu rujukan hotel bagus di pusat Kota Bandung.",Diulas 485 minggu lalu
https://www.traveloka.com/id-id/user/review/consumption/HOTEL/GENERAL/71951,22,10,Lokasi ok tapi makanan perlu lebih bervariasi.,Diulas 485 minggu lalu
https://www.traveloka.com/id-id/user/review/consumption/HOTEL/GENERAL/71951,22,11,Sangat menyenangkan dan staff yang ramah-ramah.,Diulas 485 minggu lalu
https://www.traveloka.com/id-id/user/review/consumption/HOTEL/GENERAL/71951,22,12,"Over all oke banget dan ditambah lagi pd saat check out menuju parkiran di basement, mobil sudah dicuci bersih, padahal tidak ada request untuk cuci mobil Terima kasih santika bandung",Diulas 485 minggu lalu
https://www.traveloka.com/id-id/user/review/consumption/HOTEL/GENERAL/71951,22,13,Baik bersih pelayanan untuk kebersihan kendaraan baik hanya parkir terlallu sempit,Diulas 486 minggu lalu
https://www.traveloka.com/id-id/user/review/consumption/HOTEL/GENERAL/71951,22,14,Tempatnya yang nyaman dan strategis untuk pergi kemana-mana di sekitar kota,Diulas 486 minggu lalu
https://www.traveloka.com/id-id/user/review/consumption/HOTEL/GENERAL/71951,22,15,Kamar sangar bersih dan nyaman. Posisi sangat strategis,Diulas 486 minggu lalu
https://www.traveloka.com/id-id/user/review/consumption/HOTEL/GENERAL/71951,22,16,Overall sangat memuaskan dibanding hotel yang sekelas lainnya,Diulas 486 minggu lalu
https://www.traveloka.com/id-id/user/review/consumption/HOTEL/GENERAL/71951,22,17,Bagus. Sangat recommended sekali. Makanan lokal punya enak jg...,Diulas 487 minggu lalu
https://www.traveloka.com/id-id/user/review/consumption/HOTEL/GENERAL/71951,22,18,kamarnya nyaman namun variasi breakfastnya kurang,Diulas 487 minggu lalu
https://www.traveloka.com/id-id/user/review/consumption/HOTEL/GENERAL/71951,22,19,Oke dan tidak pretensius. TOP banget!,Diulas 487 minggu lalu
https://www.traveloka.com/id-id/user/review/consumption/HOTEL/GENERAL/71951,22,20,1. Kenyamanan dan perlengkapan kamar hotel kurang memuaskan. 2. Adanya tambahan acara hiburan mengecewakan.tamu yang hadir.,Diulas 487 minggu lalu
https://www.traveloka.com/id-id/user/review/consumption/HOTEL/GENERAL/71951,22,21,"Bagus, bersih dan sangat strategis",Diulas 487 minggu lalu
https://www.traveloka.com/id-id/user/review/consumption/HOTEL/GENERAL/71951,22,22,"Lokasi Strategis, Value for Money, Bersih",Diulas 487 minggu lalu
https://www.traveloka.com/id-id/user/review/consumption/HOTEL/GENERAL/71951,22,23,Lokasinya di pusat kota sehingga memudahkan kami untuk ke FO maupun mall.,Diulas 487 minggu lalu
https://www.traveloka.com/id-id/user/review/consumption/HOTEL/GENERAL/71951,22,24,"Tempatnya bersih,letaknya dekat dengan pusat perbeanjaan",Diulas 488 minggu lalu
https://www.traveloka.com/id-id/user/review/consumption/HOTEL/GENERAL/71951,22,25,"Tempatnya strategis, enak kalau cari makan gampang, deket mall jogja dan BIP.",Diulas 488 minggu lalu
https://www.traveloka.com/id-id/user/review/consumption/HOTEL/GENERAL/71951,22,26,"Alhamdulillah ga salah pilih hotel, pelayanan ramah memuaskan, kebersihan hotel top. Makanannya enak dan selangkah aja kalo mau cari makan ke mall, tinggal nyebrang. Love love Santika!",Diulas 488 minggu lalu
https://www.traveloka.com/id-id/user/review/consumption/HOTEL/GENERAL/71951,22,27,"Saya diminta menunggu check in sampai jam 4 sore, padahal jam 2 siang saya seharusnya sudah bisa check in.",Diulas 488 minggu lalu
https://www.traveloka.com/id-id/user/review/consumption/HOTEL/GENERAL/71951,22,28,Hotel yang bagus di pusat kota,Diulas 488 minggu lalu
https://www.traveloka.com/id-id/user/review/consumption/HOTEL/GENERAL/71951,22,29,"Saya minta one king bed, yang di dapat kasur dua digabung jadi satu",Diulas 488 minggu lalu
https://www.traveloka.com/id-id/user/review/consumption/HOTEL/GENERAL/71951,22,30,Hotelnya bersih dan pelayanannya baik.,Diulas 488 minggu lalu
https://www.traveloka.com/id-id/user/review/consumption/HOTEL/GENERAL/71951,22,31,Itu baik untuk tinggal di sini yang lokasi dekat dengan jalan Riau.,Diulas 488 minggu lalu
https://www.traveloka.com/id-id/user/review/consumption/HOTEL/GENERAL/71951,22,32,"Lokasi strategis, menu breakfast cukup variasi, kamar nyaman and petugas ramah. Sepadan dengan harganya. Sayangnya Wi-Fi tidak berfungsi baik.",Diulas 489 minggu lalu
https://www.traveloka.com/id-id/user/review/consumption/HOTEL/GENERAL/71951,22,33,"Pelayanannya baik, stafnya ramah kepada anak-anak, makanannya lumayan. Kamar dan kamar mandi dibersihkan dengan baik.",Diulas 489 minggu lalu
https://www.traveloka.com/id-id/user/review/consumption/HOTEL/GENERAL/71951,22,34,Saya rawa Dan kembali ke hotel Santika,Diulas 489 minggu lalu
https://www.traveloka.com/id-id/user/review/consumption/HOTEL/GENERAL/71951,22,35,order kamar king bed trnyata kamar twin share didempetin kasurnya. jadi kasurnya agak legok di tengah. sdgkan saya bawa anak bayi yg hrus tidur di tengah,Diulas 489 minggu lalu
https://www.traveloka.com/id-id/user/review/consumption/HOTEL/GENERAL/71951,22,36,"Para karyawannya ramah dan selalu tersenyum, saya terkesan. Semoga selalu lebih baik lagi untuk kedepannya. Sukses selalu",Diulas 489 minggu lalu
https://www.traveloka.com/id-id/user/review/consumption/HOTEL/GENERAL/71951,22,37,Biasa saja. untuk breakfast agak kurang macam menunya.,Diulas 489 minggu lalu
https://www.traveloka.com/id-id/user/review/consumption/HOTEL/GENERAL/71951,22,38,"Gymnya terlalu kecil, kualitas makan malamnya tdk sepadan harga.",Diulas 489 minggu lalu
https://www.traveloka.com/id-id/user/review/consumption/HOTEL/GENERAL/71951,22,39,"Masakannya enak, petugas ramah",Diulas 489 minggu lalu
https://www.traveloka.com/id-id/user/review/consumption/HOTEL/GENERAL/71951,22,40,kamarnya lumayan bersih. tempatnya strategis. makanannya enak.,Diulas 489 minggu lalu
https://www.traveloka.com/id-id/user/review/consumption/HOTEL/GENERAL/71951,23,1,Pelayanan dan fasilitasnya memuaskan. Makanan dan lokasi dekat dengan pusat kota. Parkiran juga Ok.,Diulas 489 minggu lalu
https://www.traveloka.com/id-id/user/review/consumption/HOTEL/GENERAL/71951,23,2,"Oke bgt, lokasi strategis, homey banget.",Diulas 489 minggu lalu
https://www.traveloka.com/id-id/user/review/consumption/HOTEL/GENERAL/71951,23,3,Cukup memuaskan. Akan menginap kembali dalam waktu dekat pada tahun ini.,Diulas 489 minggu lalu
https://www.traveloka.com/id-id/user/review/consumption/HOTEL/GENERAL/71951,23,4,Hal ini bagus kecuali mereka mengubah bak mandi mereka dengan shower. Sarapan juga bagus. Keseluruhan baik,Diulas 489 minggu lalu
https://www.traveloka.com/id-id/user/review/consumption/HOTEL/GENERAL/71951,23,5,Hotel yang nyaman dan strategis untuk liburan keluarga,Diulas 489 minggu lalu
https://www.traveloka.com/id-id/user/review/consumption/HOTEL/GENERAL/71951,23,6,"Oldies ... perlu grading untuk bersaing dengan orang lain; tempat tidur, lembar, handuk, lampu, dan interior. Kamar mandi adalah lebih baik dari sebelumnya, bersih dan cerah. Bagus kolam renang layanan cuci Dan mobil.",Diulas 489 minggu lalu
https://www.traveloka.com/id-id/user/review/consumption/HOTEL/GENERAL/71951,23,7,"Hotel yang bersih,nyaman, makanan enak, lokasi strategis , kolam renang juga bersih.",Diulas 489 minggu lalu
https://www.traveloka.com/id-id/user/review/consumption/HOTEL/GENERAL/71951,23,8,"Hotelnya sudah tua. Request Minta good view, non smoking room. Malah semua diberikan kebalikan. AC nya panas.Informasi Dari reseption juga kaga lengkap.tentang dari Parkiran Mobil ternyata bisa Naik lift ke lantai kamar.Tidak hanya lewat tangga.",Diulas 490 minggu lalu
https://www.traveloka.com/id-id/user/review/consumption/HOTEL/GENERAL/71951,23,9,Ini kali kedua saya dan keluarga menginap di Hotel Santika. Bali dan Bandung. Kamar hotel luas. Lokasinya strategis. Kolamnya bagus ada untuk anak. Cm rasa makanan pada saat breakfast kurang. Pilihannya jg kurang. tp keseluruhan nya ok. Thanks traveloka.,Diulas 490 minggu lalu
https://www.traveloka.com/id-id/user/review/consumption/HOTEL/GENERAL/71951,23,10,"Lokasi yag strategis, recepcionist dan para petugas yang ramah.",Diulas 490 minggu lalu
https://www.traveloka.com/id-id/user/review/consumption/HOTEL/GENERAL/71951,23,11,Memuaskan dan dekat kemana-mana,Diulas 490 minggu lalu
https://www.traveloka.com/id-id/user/review/consumption/HOTEL/GENERAL/71951,23,12,"Dapat kamar yang pas depan kolam renang, jadi ank pun senang dan happy banget sampai tidak mau pulang. Sarapan nya juga enak, recommended buat liburan keluarga.",Diulas 490 minggu lalu
https://www.traveloka.com/id-id/user/review/consumption/HOTEL/GENERAL/71951,23,13,Secara keseluruhan warna dinding terlihat hotel tua yang tidak ada GC rutin. Banyak plafon bekas bocoran yang menghitam apalagi diruang makan. Menu sarapan yang hatus selalu di minta karena penyajian kembali menu yang habis selalu telat. Kecepatan petugas membersihkan piring kotor diatas meja juga mengecewakan.,Diulas 490 minggu lalu
https://www.traveloka.com/id-id/user/review/consumption/HOTEL/GENERAL/71951,23,14,Fasilitas memuaskan dan sarapan pagi juga memuaskan.lokasi dekat dengan outlet2,Diulas 491 minggu lalu
https://www.traveloka.com/id-id/user/review/consumption/HOTEL/GENERAL/71951,23,15,"Great...nyaman, dan strategis makanan juga enak",Diulas 491 minggu lalu
https://www.traveloka.com/id-id/user/review/consumption/HOTEL/GENERAL/71951,23,16,"Kebersihan oke, tempat strategis dekat kemana2, pelayanan oke.",Diulas 491 minggu lalu
https://www.traveloka.com/id-id/user/review/consumption/HOTEL/GENERAL/71951,23,17,"Receptionist yang ramah, pelayanan yang cepat. Kamar cukup bagus hanya saja sprei kurang bersih dan saluran toilet yang tidak mengalir sehingga air tergenang.",Diulas 491 minggu lalu
https://www.traveloka.com/id-id/user/review/consumption/HOTEL/GENERAL/71951,23,18,"Hotelnya bersih, pelayanan memuaskan, lokasi sangat strategis. Cuma sayang tidak ada makanan bayi ya.",Diulas 491 minggu lalu
https://www.traveloka.com/id-id/user/review/consumption/HOTEL/GENERAL/71951,23,19,Kamar dan lift yang mulai termakan zaman. Kurang nyaman,Diulas 491 minggu lalu
https://www.traveloka.com/id-id/user/review/consumption/HOTEL/GENERAL/71951,23,20,"Puas tinggal di Santika, Kamar nya luas, Breakfastnya enak menunya komplit, lokasi di tengah kota. saya stay dengan anak2 dan kamar kami persis di depan kolam renang... so they happy during stay at Santika :) saran saja mungkin interior perlu diupgrade :)",Diulas 492 minggu lalu
https://www.traveloka.com/id-id/user/review/consumption/HOTEL/GENERAL/71951,23,21,Baek pelayanan na dan makanan na juga enak dan dekat kmna2...Trima kasih hotel santika nnti mau kesana lagi blibur bersama klrg.,Diulas 492 minggu lalu
https://www.traveloka.com/id-id/user/review/consumption/HOTEL/GENERAL/71951,23,22,Variasi makanan kurang dengan harga sekarang,Diulas 492 minggu lalu
https://www.traveloka.com/id-id/user/review/consumption/HOTEL/GENERAL/71951,23,23,"Bagus, mantap dan luar biasa hotelnya.",Diulas 492 minggu lalu
https://www.traveloka.com/id-id/user/review/consumption/HOTEL/GENERAL/71951,23,24,Lokasi strategis di pusat kota Bandung.,Diulas 492 minggu lalu
https://www.traveloka.com/id-id/user/review/consumption/HOTEL/GENERAL/71951,23,25,"Hotel favorit saya, lokasi ditengah kota, pergi kemanapun mudah...",Diulas 492 minggu lalu
https://www.traveloka.com/id-id/user/review/consumption/HOTEL/GENERAL/71951,23,26,"Sangat memuaskan, ingin berlibur kesini lagi",Diulas 492 minggu lalu
https://www.traveloka.com/id-id/user/review/consumption/HOTEL/GENERAL/71951,23,27,deket dari pusat kota dan pilihan makanannya enak-enak,Diulas 493 minggu lalu
https://www.traveloka.com/id-id/user/review/consumption/HOTEL/GENERAL/71951,23,28,Sangat menyenangkan dan dekat dengan pusat perbelanjaan.,Diulas 493 minggu lalu
https://www.traveloka.com/id-id/user/review/consumption/HOTEL/GENERAL/71951,23,29,"Hotel bagus, pelayanan memuaskan, sarapan enak. Anak2 puas berenang, dan mobil dicuci..sangat berkesan",Diulas 493 minggu lalu
https://www.traveloka.com/id-id/user/review/consumption/HOTEL/GENERAL/71951,23,30,"Mantap, top, bersih, nyaman, dekat pusat kota.",Diulas 493 minggu lalu
https://www.traveloka.com/id-id/user/review/consumption/HOTEL/GENERAL/71951,23,31,hotel yang bagus ... untuk perjalanan bisnis,Diulas 494 minggu lalu
https://www.traveloka.com/id-id/user/review/consumption/HOTEL/GENERAL/71951,23,32,Hotelnya strategis sama pusat perbelanjaan. Mau ke BIP tinggal jalan kaki. Ke riau junction tinggal nyebrang. Hotelnya juga enak. Kolamnya bersih.,Diulas 494 minggu lalu
https://www.traveloka.com/id-id/user/review/consumption/HOTEL/GENERAL/71951,23,33,"Lokasi sangat strategis, dekat dengan BIP dan Yogya Riau Junction.. Kamarnya bersih. namun sedikit kecewa, pertama, saya memesan kamar superior room king, yg saya dapati adalah kamar dengan kasur double bed yang digabungkan.. kedua, saat breakfast, saya menemukan serangga mirip kumbang di dalam kuah bumbu kacang lotek. mungkin kedepan agar lebih teliti lagi dlm pembuatan dan penyajian makanan.",Diulas 495 minggu lalu
https://www.traveloka.com/id-id/user/review/consumption/HOTEL/GENERAL/71951,23,34,Cukup baik dengan fasilitas standar hotel berbintang,Diulas 495 minggu lalu
https://www.traveloka.com/id-id/user/review/consumption/HOTEL/GENERAL/71951,23,35,"Letak hotel dekat kemana-mana, cukup strategis",Diulas 495 minggu lalu
https://www.traveloka.com/id-id/user/review/consumption/HOTEL/GENERAL/71951,23,36,"Secara umum ok, letaknya strategis..",Diulas 495 minggu lalu
https://www.traveloka.com/id-id/user/review/consumption/HOTEL/GENERAL/71951,23,37,Saya ingin menginap kembali di Hotel Santika Bandung.,Diulas 495 minggu lalu
https://www.traveloka.com/id-id/user/review/consumption/HOTEL/GENERAL/71951,23,38,"Akomodasi. Ruangan itu baik, tetapi ada banyak perbaikan ruang untuk itu.",Diulas 496 minggu lalu
https://www.traveloka.com/id-id/user/review/consumption/HOTEL/GENERAL/71951,23,39,Lokasi yang besar dan makan juga.,Diulas 496 minggu lalu
https://www.traveloka.com/id-id/user/review/consumption/HOTEL/GENERAL/71951,23,40,"Itu bagus untuk memiliki pengalaman dengan Santika. Sementara itu, beberapa aspek yang perlu diperbaiki. Terima kasih.",Diulas 497 minggu lalu
https://www.traveloka.com/id-id/user/review/consumption/HOTEL/GENERAL/71951,24,1,"Tempatnya baik, kasurnya ok-lah, BERSIH. Namun makanannya, perlu ditingkatkan mutunya.",Diulas 497 minggu lalu
https://www.traveloka.com/id-id/user/review/consumption/HOTEL/GENERAL/71951,24,2,"Lokasi dekat BIP, sarapan banyak menu yang habis dan tidak segera diisi kembali. Gelas untuk teh maupun kopi habis juga tidak segera disediakan.",Diulas 498 minggu lalu
https://www.traveloka.com/id-id/user/review/consumption/HOTEL/GENERAL/71951,24,3,"Asap rokok dimana-mana. Layanan spa/massage yang mengecewakan, tidak sesuai dengan yang ditawarkan.",Diulas 498 minggu lalu
https://www.traveloka.com/id-id/user/review/consumption/HOTEL/GENERAL/71951,24,4,hotelnya dekat dengan universitas pasundan,Diulas 499 minggu lalu
https://www.traveloka.com/id-id/user/review/consumption/HOTEL/GENERAL/71951,24,5,Antri check out nya lama banget,Diulas 499 minggu lalu
https://www.traveloka.com/id-id/user/review/consumption/HOTEL/GENERAL/71951,24,6,Lagi lagi hotel di bandung memberikan kesan istimewa tidak salah deh milih hotel santika bandung saya bisa belanja soalnya dekat dengan distro disto yang dekat dengan hotel Mohon kedepannya bisa lebih di tingkatkan lagi soal pelayanannya biar menjadi tempat destinasi menginap di kota bandung,Diulas 500 minggu lalu
https://www.traveloka.com/id-id/user/review/consumption/HOTEL/GENERAL/71951,24,7,"Oke, ini sangat cocok untuk pusat perbelanjaan.",Diulas 501 minggu lalu
https://www.traveloka.com/id-id/user/review/consumption/HOTEL/GENERAL/71951,24,8,Pelayanannya bagus dibangunin pagi-pagi dibungkusin sarapan dan diantar ke bandara,Diulas 501 minggu lalu
https://www.traveloka.com/id-id/user/review/consumption/HOTEL/GENERAL/71951,24,9,bagus ... sangat nyaman ... thanks santika,Diulas 502 minggu lalu
https://www.traveloka.com/id-id/user/review/consumption/HOTEL/GENERAL/71951,24,10,Lokasi strategis di tengah kota Bandung,Diulas 502 minggu lalu
https://www.traveloka.com/id-id/user/review/consumption/HOTEL/GENERAL/71951,24,11,Aku berada di perjalanan bisnis tetapi disertai dengan keluarga saya. Itu bagus untuk mencapai kedua tujuan untuk bisnis dan keluarga waktu.,Diulas 502 minggu lalu
https://www.traveloka.com/id-id/user/review/consumption/HOTEL/GENERAL/71951,24,12,Layanan sangat baik terutama penerimaan,Diulas 503 minggu lalu
https://www.traveloka.com/id-id/user/review/consumption/HOTEL/GENERAL/71951,24,13,"It's Ok.. saya suka santika... cuma pas saya masuk kamar kok di dekat kamar mandi bau kaki ya, saya kira kaki saya ternyata bukan... tapi pelayanan bagus kok pada ramah.. cuma waktu breakfast pelayan nya agak jutek, apa karena saya tamu anak muda, karena saya liat pada yang lanjut usia ramah ke saya agak jaim jaim para pelayan resto nya... terima kasih semoga kritikan nya membantu.",Diulas 504 minggu lalu
https://www.traveloka.com/id-id/user/review/consumption/HOTEL/GENERAL/71951,24,14,Pesen deluxe king tapi dapatnya twin. Makanan kurang rasanya.,Diulas 504 minggu lalu
https://www.traveloka.com/id-id/user/review/consumption/HOTEL/GENERAL/71951,24,15,"Semua sangat memuaskan hanya breakfastnya mengecewakan, banyak sajian yang isinya hanya piring kosong karena sudah habis tapi tidak direfill kembali",Diulas 505 minggu lalu
https://www.traveloka.com/id-id/user/review/consumption/HOTEL/GENERAL/71951,24,16,"Dekat dengan FO, tempat makan, pusat perbelanjaan, cocok untuk keluarga dengan anak-anak.",Diulas 505 minggu lalu
https://www.traveloka.com/id-id/user/review/consumption/HOTEL/GENERAL/71951,24,17,"Pelayanannya cepat dan ramah, lokasi strategis, petugas di area kolam renangnya sigap dan langsung menyiapkan handuk, yang terpenting menu sarapanny variatif dan rasanya sangat enak.",Diulas 505 minggu lalu
https://www.traveloka.com/id-id/user/review/consumption/HOTEL/GENERAL/71951,24,18,"Santika Hotel memberikan suasana nyaman, bersih, dan service yang baik.",Diulas 506 minggu lalu
https://www.traveloka.com/id-id/user/review/consumption/HOTEL/GENERAL/71951,24,19,"Hotelnya nyaman, seperti suasana rumah, sarapannya enak dan banyak pilihan, tetapi menurut saya makanan yang disajikan kurang rasa, tidak asin dan rasanya hambar.",Diulas 506 minggu lalu
https://www.traveloka.com/id-id/user/review/consumption/HOTEL/GENERAL/71951,24,20,"Lokasi strategis, kamar nyaman, breakfast variasi makanan banyak namun rasa agak hambar, dan pelayanan yg ramah, sip pokoknya.",Diulas 506 minggu lalu
https://www.traveloka.com/id-id/user/review/consumption/HOTEL/GENERAL/71951,24,21,"tempat yang bagus untuk perjalanan keluarga, dan mungkin akan kembali ke tempat ini jika kita memiliki rencana perjalanan ke Bandung. dan terutama parkir layanan mereka sangat ramah dan layanan mereka untuk memberikan gratis membersihkan mobil Anda layanan besar",Diulas 507 minggu lalu
https://www.traveloka.com/id-id/user/review/consumption/HOTEL/GENERAL/71951,24,22,"Menyenangkan, bersih, sarapan bervariasi dan enak.",Diulas 507 minggu lalu
https://www.traveloka.com/id-id/user/review/consumption/HOTEL/GENERAL/71951,24,23,Bau asap rokok dari kamar lain adalah banyak.,Diulas 507 minggu lalu
https://www.traveloka.com/id-id/user/review/consumption/HOTEL/GENERAL/71951,24,24,"Menyenangkan untuk bawa keluarga, sayangnya tempat parkir kurang luas.",Diulas 508 minggu lalu
https://www.traveloka.com/id-id/user/review/consumption/HOTEL/GENERAL/71951,24,25,"Saya menginap 2 malam di hotel ini bersama suami dan anak saya yang masih balita dengan letak kamar dekat kolam renang. Pengalaman saya kemarin, pelayanan staff nya memuaskan dan ramah2. Serta lokasi hotelnya sangat strategis. Dekat dengan berbagai pusat perbelanjaan maupun tempat makan. Ini yang menjadi nilai tambah bagi hotel bagi saya. Namun menurut saya kekurangannya adalah view kamar menghadap dan berdekatan sekali dengan gedung sebelahnya sehingga kami merasa kurang nyaman saat membuka tirai kamar. Semoga hotel ini bisa lebih baik dan bisa jadi santika premier.",Diulas 508 minggu lalu
https://www.traveloka.com/id-id/user/review/consumption/HOTEL/GENERAL/71951,24,26,"Nyaman, lokasi strategis, ada kolam renang yang cukup representatif dan sarapan yang banyak pilihan.",Diulas 508 minggu lalu
https://www.traveloka.com/id-id/user/review/consumption/HOTEL/GENERAL/71951,24,27,"Overall pelayanan di hotel santika memuaskan, menu breakfast yang disediakan beragam, enak dan traditional foodnya juga sedap, kolam renang juga nyaman, hotel santika juga menyediakan kolam anak yang kedalaman kolamnya cukup buat balita berenang, staff hotel ramah, dan sigap melayani permintaan kami, kamarnya juga nyaman dan besar, pokoknya recommended deh.",Diulas 509 minggu lalu
https://www.traveloka.com/id-id/user/review/consumption/HOTEL/GENERAL/71951,24,28,Sebuah hotel yang sangat kenyamanan. Kami puas untuk tinggal di Santika.,Diulas 509 minggu lalu
https://www.traveloka.com/id-id/user/review/consumption/HOTEL/GENERAL/71951,24,29,"Kebersihan oke dan makanan pun enak, lokasi dekat kmn2.",Diulas 509 minggu lalu
https://www.traveloka.com/id-id/user/review/consumption/HOTEL/GENERAL/71951,24,30,Lokasi yang baik.,Diulas 510 minggu lalu
https://www.traveloka.com/id-id/user/review/consumption/HOTEL/GENERAL/71951,24,31,Kamarnya bersih dan lokasi hotel strategis.,Diulas 510 minggu lalu
https://www.traveloka.com/id-id/user/review/consumption/HOTEL/GENERAL/71951,24,32,Hotel yang bagus di Bandung - bersih dan hangat.,Diulas 510 minggu lalu
https://www.traveloka.com/id-id/user/review/consumption/HOTEL/GENERAL/71951,24,33,"Hotel lama tapi bersih, hanya AC kurang dingin.",Diulas 510 minggu lalu
https://www.traveloka.com/id-id/user/review/consumption/HOTEL/GENERAL/71951,24,34,Hotel Santika bagus dan bersih serta strategis tapi perlu mengganti handuk2nya karena sudah agak kusam.,Diulas 511 minggu lalu
https://www.traveloka.com/id-id/user/review/consumption/HOTEL/GENERAL/71951,24,35,"Lokasi strategis, mall dekat, akses angkutan umum mudah, sarapan oke.",Diulas 511 minggu lalu
https://www.traveloka.com/id-id/user/review/consumption/HOTEL/GENERAL/71951,24,36,Cukup enak karena ditengah kota...mhn ditingkatkan lagi kebersihannya,Diulas 511 minggu lalu
https://www.traveloka.com/id-id/user/review/consumption/HOTEL/GENERAL/71951,24,37,Rasa dari masakan lokalnya kurang,Diulas 512 minggu lalu
https://www.traveloka.com/id-id/user/review/consumption/HOTEL/GENERAL/71951,24,38,Fasilitas lengkap & pelayanannya memuaskan.,Diulas 512 minggu lalu
https://www.traveloka.com/id-id/user/review/consumption/HOTEL/GENERAL/71951,24,39,Cukup memuaskan lokasi dekat pusat perbelanjaan,Diulas 512 minggu lalu
https://www.traveloka.com/id-id/user/review/consumption/HOTEL/GENERAL/71951,24,40,"selalu terasa menyenangkan menginap di Hotel Santika Bandung. Kamarnya, makanannya, kolam renangnya yang pasti lokasinya deket banget sama BIP dan wisata di jalan Riau.",Diulas 512 minggu lalu
https://www.traveloka.com/id-id/user/review/consumption/HOTEL/GENERAL/71951,25,1,perawatan minimal. Bersih. Fasilitas.,Diulas 512 minggu lalu
https://www.traveloka.com/id-id/user/review/consumption/HOTEL/GENERAL/71951,25,2,Dari dulu santika memang juara,Diulas 513 minggu lalu
https://www.traveloka.com/id-id/user/review/consumption/HOTEL/GENERAL/71951,25,3,"Hotelnya nyaman, tetapi lokasi agak kurang karena bersebelahan dengan tempat pembuangan sampah.",Diulas 513 minggu lalu
https://www.traveloka.com/id-id/user/review/consumption/HOTEL/GENERAL/71951,25,4,"So far ok, lebih di tingkatkan lagi dari sisi keramahannya.",Diulas 513 minggu lalu
https://www.traveloka.com/id-id/user/review/consumption/HOTEL/GENERAL/71951,25,5,Besar untuk sebuah hotel bintang 3 di tengah-tengah kota.,Diulas 513 minggu lalu
https://www.traveloka.com/id-id/user/review/consumption/HOTEL/GENERAL/71951,25,6,Pelayanan yang baik dan dekat dengan tempat yang ramai.,Diulas 513 minggu lalu
https://www.traveloka.com/id-id/user/review/consumption/HOTEL/GENERAL/71951,25,7,"Check in jam 14.00 tapi kamar masih belum siap, begitu dapat kamar sekitar jam 15.00 posisi kamar paling ujung padahal check in paling awal. Kamar kondisinya standard saja padahal saya pilih Deluxe. Break fast menu masih seperti beberapa tahun lalu saya pernah nginap. Sprei dan handuk lebih sering kondisi sudah sering pakai bukan braind new. So far keluarga enjoy saja. Terima kasih",Diulas 513 minggu lalu
https://www.traveloka.com/id-id/user/review/consumption/HOTEL/GENERAL/71951,25,8,"Hotel bersih, karyawan ramah, makanan cukup bervariasi dan enak.",Diulas 513 minggu lalu
https://www.traveloka.com/id-id/user/review/consumption/HOTEL/GENERAL/71951,25,9,"Layanan tersebut adalah tidak begitu baik, karena saya check-in di 2 pm dan aku punya kamar pada 4 sore, setelah 2 jam menunggu",Diulas 513 minggu lalu
https://www.traveloka.com/id-id/user/review/consumption/HOTEL/GENERAL/71951,25,10,"Hotel bersih, pelayanannya bagus",Diulas 513 minggu lalu
https://www.traveloka.com/id-id/user/review/consumption/HOTEL/GENERAL/71951,25,11,Lokasi baik di pusat outlet kota dan dekat pabrik terlalu,Diulas 513 minggu lalu
https://www.traveloka.com/id-id/user/review/consumption/HOTEL/GENERAL/71951,25,12,"Menyenangkan dapat menginap di hotel yang bersih, nyaman, dan pelayanannya ramah....",Diulas 513 minggu lalu
https://www.traveloka.com/id-id/user/review/consumption/HOTEL/GENERAL/71951,25,13,Rata-rata hotel - tidak baru. Perlu perbaikan.,Diulas 513 minggu lalu
https://www.traveloka.com/id-id/user/review/consumption/HOTEL/GENERAL/71951,25,14,"Asri, lokasi strategis untuk shopping dan kuliner",Diulas 515 minggu lalu
https://www.traveloka.com/id-id/user/review/consumption/HOTEL/GENERAL/71951,25,15,"Saya terkejut ketika, untuk pertama kalinya, aku melangkah ke hotel ini. Hotel tampak tua tidak baru. lobi tampak berbeda sedikit dari apa yang saya lihat dalam gambar. Tapi terima kasih Tuhan. Kamar saya cukup baik, lebih baik daripada yang saya harapkan setelah apa yang saya lihat sebelumnya. Makanan yang juga baik. Kolam itu bersih. Dan lokasi yang titik penjualan - sangat sangat dekat ke tempat belanja dan factory outlet. Nah, secara keseluruhan, ini bukan yang buruk, tapi tidak benar-benar memuaskan juga.",Diulas 515 minggu lalu
https://www.traveloka.com/id-id/user/review/consumption/HOTEL/GENERAL/71951,25,16,Tidak buruk untuk perjalanan bisnis,Diulas 515 minggu lalu
https://www.traveloka.com/id-id/user/review/consumption/HOTEL/GENERAL/71951,25,17,"Lokasi Strategis, deket dengan wisata kuliner, FO",Diulas 515 minggu lalu
https://www.traveloka.com/id-id/user/review/consumption/HOTEL/GENERAL/71951,25,18,Kamar yang bagus dan sangat berkomitmen pada pemesanan kamar.....,Diulas 515 minggu lalu
https://www.traveloka.com/id-id/user/review/consumption/HOTEL/GENERAL/71951,25,19,Saya memiliki pengalaman yang baik di hotel santika bandung. Hotel layanan yang sangat baik. Kamar bersih dan nyaman.,Diulas 516 minggu lalu
https://www.traveloka.com/id-id/user/review/consumption/HOTEL/GENERAL/71951,25,20,"Secara keseluruhan, ini adalah hotel yang bagus dan nyaman dengan harga terjangkau di daerah yang sangat strategis.",Diulas 516 minggu lalu
https://www.traveloka.com/id-id/user/review/consumption/HOTEL/GENERAL/71951,25,21,"Lokasi di pusat kota bandung, kemana-mana dekat.",Diulas 516 minggu lalu
https://www.traveloka.com/id-id/user/review/consumption/HOTEL/GENERAL/71951,25,22,Bersih dan baik staf. Dekat dengan factory outlet,Diulas 516 minggu lalu
https://www.traveloka.com/id-id/user/review/consumption/HOTEL/GENERAL/71951,25,23,"Memuaskan, semakin di tingkatkan pelayanannya supaya semakin lebih baik. Thanks Santika Bandung untuk pelayanannya.",Diulas 516 minggu lalu
https://www.traveloka.com/id-id/user/review/consumption/HOTEL/GENERAL/71951,25,24,Untuk kamar ok bersih dan rapi. Kolam renang juga bersih. Hanya makanan saja dari segi item cukup tapi dari segi rasa masih kurang. Ada yang sudah keras masih disajikan. Tingal diperbaiki makanannya saja.,Diulas 516 minggu lalu
https://www.traveloka.com/id-id/user/review/consumption/HOTEL/GENERAL/71951,25,25,Ketika masuk sprei masih terlihat kusut ..,Diulas 516 minggu lalu
https://www.traveloka.com/id-id/user/review/consumption/HOTEL/GENERAL/71951,25,26,Sangat nyaman dan dekat dengan lokasi yang saya tuju.,Diulas 516 minggu lalu
https://www.traveloka.com/id-id/user/review/consumption/HOTEL/GENERAL/71951,25,27,"Makanan enak. sayang hotel sudah cukup tua, ada cecak di kamar saya. staff ramah dan cukup helpful. overall menyenangkan.",Diulas 516 minggu lalu
https://www.traveloka.com/id-id/user/review/consumption/HOTEL/GENERAL/71951,25,28,"Hotel yang bersih dan makanan yang enak, senang jika bisa menginap lagi disana.",Diulas 517 minggu lalu
https://www.traveloka.com/id-id/user/review/consumption/HOTEL/GENERAL/71951,25,29,"Sangat bagus, bersih, nyaman, ramah ..",Diulas 517 minggu lalu
https://www.traveloka.com/id-id/user/review/consumption/HOTEL/GENERAL/71951,25,30,Recommended banget Hotel Santika Bandung.,Diulas 517 minggu lalu
https://www.traveloka.com/id-id/user/review/consumption/HOTEL/GENERAL/71951,25,31,"Lokasi yang baik: Dekat hampir segala sesuatu; kuliner, factory outlet / Apakah agak tua tapi masih dipertahankan dalam kondisi yang baik. Pilihan untuk akhir pekan bersama keluarga.",Diulas 517 minggu lalu
https://www.traveloka.com/id-id/user/review/consumption/HOTEL/GENERAL/71951,25,32,"Lokasi dekat factory outlet, kamar dan breakfast kurang ok",Diulas 517 minggu lalu
https://www.traveloka.com/id-id/user/review/consumption/HOTEL/GENERAL/71951,25,33,"Staf sangat membantu, hotel bersih dan makanannya enak, lokasi dekat dengan pusat perbelanjaan.",Diulas 518 minggu lalu
https://www.traveloka.com/id-id/user/review/consumption/HOTEL/GENERAL/71951,25,34,Hotelnya nyaman dan lokasi strategis hanya sayang saluran air keluar kamar mandi bocor dan mudah banjir,Diulas 518 minggu lalu
https://www.traveloka.com/id-id/user/review/consumption/HOTEL/GENERAL/71951,25,35,Staf sangat baik dan sopan. Kamar bersih. Sarapan memiliki banyak varietas. Lokasi sangat bagus untuk berbelanja.,Diulas 518 minggu lalu
https://www.traveloka.com/id-id/user/review/consumption/HOTEL/GENERAL/71951,25,36,"Nyaman, recommended, next kalau ke Bandung menginap di Santika lagi.",Diulas 518 minggu lalu
https://www.traveloka.com/id-id/user/review/consumption/HOTEL/GENERAL/71951,25,37,Sangat memuaskan bersih dan makanannya banyak,Diulas 518 minggu lalu
https://www.traveloka.com/id-id/user/review/consumption/HOTEL/GENERAL/71951,25,38,Sangat nyaman dan menyenangkan. Lokasinya sangat strategis.,Diulas 518 minggu lalu
https://www.traveloka.com/id-id/user/review/consumption/HOTEL/GENERAL/71951,25,39,Sangat nyaman dan menyenangkan. Lokasinya sangat strategis.,Diulas 518 minggu lalu
https://www.traveloka.com/id-id/user/review/consumption/HOTEL/GENERAL/71951,25,40,Nyaman dan akses ketempat yang lain dekat,Diulas 518 minggu lalu
https://www.traveloka.com/id-id/user/review/consumption/HOTEL/GENERAL/71951,26,1,Sangat bagus untuk menginap di hotel Santika,Diulas 518 minggu lalu
https://www.traveloka.com/id-id/user/review/consumption/HOTEL/GENERAL/71951,26,2,"Lokasi sangat strategis, Pelayanan Ramah,cepat, room bersih dan nyaman, AC sangat baik. Overall Ok.Thanks juga buat traveloka, kinerjanya sangat cepat dan profesional..",Diulas 519 minggu lalu
https://www.traveloka.com/id-id/user/review/consumption/HOTEL/GENERAL/71951,26,3,Lokasi yang strategis.. menu sarapan yang beragam (namun makanan sudah dingin jika tidak ikut makan pada saat sahur)..,Diulas 519 minggu lalu
https://www.traveloka.com/id-id/user/review/consumption/HOTEL/GENERAL/71951,26,4,"Santika Hotel memberikan layanan baik, lokasi di pusat kota dan pusat belanja pakaian dan oleh-oleh khas Bandung. Staff yang ramah dan kebersihan ruangan yang sangat baik.",Diulas 519 minggu lalu
https://www.traveloka.com/id-id/user/review/consumption/HOTEL/GENERAL/71951,26,5,"Bagus, makanan dan lokasi strategis",Diulas 519 minggu lalu
https://www.traveloka.com/id-id/user/review/consumption/HOTEL/GENERAL/71951,26,6,"Pelayanan baik dan ramah, pokoknya excellent service.",Diulas 519 minggu lalu
https://www.traveloka.com/id-id/user/review/consumption/HOTEL/GENERAL/71951,26,7,"Tempat ini sangat cocok untuk keluarga. Terletak di tengah kota yang ramai, mudah untuk pergi ke mana saja.",Diulas 519 minggu lalu
https://www.traveloka.com/id-id/user/review/consumption/HOTEL/GENERAL/71951,26,8,Dekat dengan pusat keramaian dan staf cukup membantu.,Diulas 519 minggu lalu
https://www.traveloka.com/id-id/user/review/consumption/HOTEL/GENERAL/71951,26,9,"Hotel nyaman, sarapan enak banyak variasi. Lokasi strategis dekat ke daerah Riau dan Dago.",Diulas 519 minggu lalu
https://www.traveloka.com/id-id/user/review/consumption/HOTEL/GENERAL/71951,26,10,Lokasi yang sangat strategis dengan pusat perbelanjaan yaitu BIP dan Riau Junction. Layanan bangun sahur juga ada dan makanan untuk sahurnya cukup variatif dengan rasa yang pas dengan lidah,Diulas 519 minggu lalu
https://www.traveloka.com/id-id/user/review/consumption/HOTEL/GENERAL/71951,26,11,"Menyenangkan, ramah pelayanan dan bersih kamarnya.",Diulas 519 minggu lalu
https://www.traveloka.com/id-id/user/review/consumption/HOTEL/GENERAL/71951,26,12,"Bersih, nyaman, aman, dan strategis lokasinya. Mantap!",Diulas 519 minggu lalu
https://www.traveloka.com/id-id/user/review/consumption/HOTEL/GENERAL/71951,26,13,"Sudah lama tidak menginap di hotel ini, tetapi pelayanan dan kenyamanan tetap sama, hotel terawat dengan baik dan hommy walau ditengah lokasi yang cukup ramai",Diulas 519 minggu lalu
https://www.traveloka.com/id-id/user/review/consumption/HOTEL/GENERAL/71951,26,14,"Pelayanannya baik dan ramah, lokasi di pusat kota jadi gampang kemana-mana. Thanks.",Diulas 519 minggu lalu
https://www.traveloka.com/id-id/user/review/consumption/HOTEL/GENERAL/71951,26,15,Bagus & bersih parkir juga nyaman,Diulas 520 minggu lalu
https://www.traveloka.com/id-id/user/review/consumption/HOTEL/GENERAL/71951,26,16,"Hotelnya sudah tua kesannya kurang perawatan, lobby untuk dropp off terlalu sempit",Diulas 520 minggu lalu
https://www.traveloka.com/id-id/user/review/consumption/HOTEL/GENERAL/71951,26,17,Lokasi strategis dan dekat dengan keramaian.,Diulas 520 minggu lalu
https://www.traveloka.com/id-id/user/review/consumption/HOTEL/GENERAL/71951,26,18,Terima kasih untuk layanan. pelayanan yang baik!,Diulas 520 minggu lalu
https://www.traveloka.com/id-id/user/review/consumption/HOTEL/GENERAL/71951,26,19,Kamar bersih dan lokasi strategis,Diulas 520 minggu lalu
https://www.traveloka.com/id-id/user/review/consumption/HOTEL/GENERAL/71951,26,20,"pengalaman yang baik, makanan lezat",Diulas 520 minggu lalu
https://www.traveloka.com/id-id/user/review/consumption/HOTEL/GENERAL/71951,26,21,"Enak hotelnya,lokasi strategis,kamar nyaman dan bersih. Pasti kembali lg ke hotel ini.",Diulas 521 minggu lalu
https://www.traveloka.com/id-id/user/review/consumption/HOTEL/GENERAL/71951,26,22,"Posisi baik dekat dengan segala sesuatu, kenyamanan dan kinerja staf yang baik ... Hanya di fitur pada ruangan dengan bak mandi tidak tersedia lagi.",Diulas 521 minggu lalu
https://www.traveloka.com/id-id/user/review/consumption/HOTEL/GENERAL/71951,26,23,"Tempatnya strategis, nyaman, kemana-mana lebih mudah.",Diulas 521 minggu lalu
https://www.traveloka.com/id-id/user/review/consumption/HOTEL/GENERAL/71951,26,24,Itu besar tinggal di Hotel Santika Bandung. Saya akan tinggal di sana lagi lain kali saya pergi ke Bandung.,Diulas 521 minggu lalu
https://www.traveloka.com/id-id/user/review/consumption/HOTEL/GENERAL/71951,26,25,Secara keseluruhan baik dan nyaman banget.,Diulas 521 minggu lalu
https://www.traveloka.com/id-id/user/review/consumption/HOTEL/GENERAL/71951,26,26,"Nice hotel, thank you Santika. Lokasi strategis banget",Diulas 521 minggu lalu
https://www.traveloka.com/id-id/user/review/consumption/HOTEL/GENERAL/71951,26,27,"Itu bagus untuk tinggal di Santika, layanan awesome, strategi lokasi tidak jauh dari FO Riau",Diulas 521 minggu lalu
https://www.traveloka.com/id-id/user/review/consumption/HOTEL/GENERAL/71951,26,28,kualitas lokasi yang sempurna dari layanan dan keramahan yang sangat baik.,Diulas 521 minggu lalu
https://www.traveloka.com/id-id/user/review/consumption/HOTEL/GENERAL/71951,26,29,"Bagus dan nyaman, serta lokasinya sangat strategis di tengah kota sehingga memudahkan kita beraktivitas.",Diulas 521 minggu lalu
https://www.traveloka.com/id-id/user/review/consumption/HOTEL/GENERAL/71951,26,30,"Semua fasilitas sudah ok, cuma perlu ditambah hair drair, TV plasma yang agak gedean, fasilitas antar jemput bandara atau station",Diulas 521 minggu lalu
https://www.traveloka.com/id-id/user/review/consumption/HOTEL/GENERAL/71951,26,31,Memuaskan. Makanan enak. Di pusat kota,Diulas 521 minggu lalu
https://www.traveloka.com/id-id/user/review/consumption/HOTEL/GENERAL/71951,26,32,"Amazing ini hotel, luarnya classic, dalamnya nyaman banget.",Diulas 521 minggu lalu
https://www.traveloka.com/id-id/user/review/consumption/HOTEL/GENERAL/71951,26,33,Lokasi strategis dan recommended,Diulas 521 minggu lalu
https://www.traveloka.com/id-id/user/review/consumption/HOTEL/GENERAL/71951,26,34,"Semuanya baik di sini. Harga yang cukup mahal untuk tiga bintang-hotel, tapi mereka menawarkan lebih dari 3 layanan bintang. Baik fasilitas, layanan, dan lokasi strategis.",Diulas 521 minggu lalu
https://www.traveloka.com/id-id/user/review/consumption/HOTEL/GENERAL/71951,26,35,"Lokasi strategis, deket BIP and BEC. Breakfast cukup lah. Kamar bersih. Sudah 2x menginap disini. Thank you Traveloka!",Diulas 522 minggu lalu
https://www.traveloka.com/id-id/user/review/consumption/HOTEL/GENERAL/71951,26,36,"Deluxe room besar, tempat tidur yang nyaman, dan pemandangan kolam renang.",Diulas 522 minggu lalu
https://www.traveloka.com/id-id/user/review/consumption/HOTEL/GENERAL/71951,26,37,Staff ramah..bersih..lokasi strategis..makanan enak,Diulas 522 minggu lalu
https://www.traveloka.com/id-id/user/review/consumption/HOTEL/GENERAL/71951,26,38,"Pemandangan dan makanan yang mengagumkan, bahagia ...",Diulas 522 minggu lalu
https://www.traveloka.com/id-id/user/review/consumption/HOTEL/GENERAL/71951,26,39,"Bagus, tempatnya strategis di pusat kota dan dekat ke Distro & FO",Diulas 523 minggu lalu
https://www.traveloka.com/id-id/user/review/consumption/HOTEL/GENERAL/71951,26,40,semua nilai 7 - 8 kecuali staf pelayan resto (penerima tamu) lubang ramah,Diulas 523 minggu lalu
https://www.traveloka.com/id-id/user/review/consumption/HOTEL/GENERAL/71951,27,1,"Bepergian dengan keluarga. secara keseluruhan bagus, anak-anak senang bisa maen di kolam renang. Kekurangan mungkin letak toilet dan ruang ganti di kolam renang yang tidak representatif. kecil, dan kurang bersih.",Diulas 523 minggu lalu
https://www.traveloka.com/id-id/user/review/consumption/HOTEL/GENERAL/71951,27,2,"Kondisi hotel bersih, parkir luas, pelayanan baik dan ramah. Fasilitas kamar mandi baik. AC dapat diatur tingkat dinginnya, tidak seperti hotel lain yang walaupun sudah di turun / naikkan suhunya tetapi tidak ada pengaruh. Recommended.",Diulas 523 minggu lalu
https://www.traveloka.com/id-id/user/review/consumption/HOTEL/GENERAL/71951,27,3,"Hotel bagus, baik makanan, baik perhotelan",Diulas 523 minggu lalu
https://www.traveloka.com/id-id/user/review/consumption/HOTEL/GENERAL/71951,27,4,"Baik, bagus, bersih hanya kamar kurang kedap suara agak mengganggu istirahat",Diulas 524 minggu lalu
https://www.traveloka.com/id-id/user/review/consumption/HOTEL/GENERAL/71951,27,5,Lokasi cukup strategis dengan acara kami. Saat breakfast ada beberapa makanan yang sudah habis dan tidak segera di refill,Diulas 524 minggu lalu
https://www.traveloka.com/id-id/user/review/consumption/HOTEL/GENERAL/71951,27,6,"Lokasi hotel sangat strategis, mau cari makan apa aja tinggal jalan kaki, dekat FO, jadi puas buat belanja di Bandung",Diulas 524 minggu lalu
https://www.traveloka.com/id-id/user/review/consumption/HOTEL/GENERAL/71951,27,7,"Good hotel, tapi saat check in tidak ada welcome drink",Diulas 524 minggu lalu
https://www.traveloka.com/id-id/user/review/consumption/HOTEL/GENERAL/71951,27,8,"Lokasinya sangat strategis, pelayanan bagus,hanya saja menu sarapan kurang bervariasi",Diulas 524 minggu lalu
https://www.traveloka.com/id-id/user/review/consumption/HOTEL/GENERAL/71951,27,9,"Puas selama menginap di santika dari keseluruhan mulai dr pelayanan sampai kebersihan, cuma untuk kedepannya menu breakfastnya lebih bervariasi lagi",Diulas 524 minggu lalu
https://www.traveloka.com/id-id/user/review/consumption/HOTEL/GENERAL/71951,27,10,Dekat dengan tempat shoping dan tempat rekreasi kuliner Lembang,Diulas 524 minggu lalu
https://www.traveloka.com/id-id/user/review/consumption/HOTEL/GENERAL/71951,27,11,"Kesan bahwa ini hotel lama terasa sekali, peralatan/perabotan cukup namun disajikan minimalis, misalnya meja tamu sebaiknya ada asesorisnya seperti bunga atau hiasan",Diulas 525 minggu lalu
https://www.traveloka.com/id-id/user/review/consumption/HOTEL/GENERAL/71951,27,12,"So far so good. Hanya saja saya dapt info baru, jika telah book dan tulis request ke traveloka, kita harus confirm lagi ke pihak hotel. Request saya tidak di notice by pihak hotel namun team hotel Santika sangat membantu dan akhirnya diberikan pelayanan yang baik. Untuk makanan sudah ok, tambah variasi menunya saja. Thanks Traveloka. and thanks hotel Santika.",Diulas 525 minggu lalu
https://www.traveloka.com/id-id/user/review/consumption/HOTEL/GENERAL/71951,27,13,"Tidak ada larangan merokok, sehinggatamu bisa sembarangan merokok di restaurant dan lobby, tidak nyaman dengan kondisi seperti itu",Diulas 525 minggu lalu
https://www.traveloka.com/id-id/user/review/consumption/HOTEL/GENERAL/71951,27,14,"Menyenangkan, strategis, balik lagi.",Diulas 525 minggu lalu
https://www.traveloka.com/id-id/user/review/consumption/HOTEL/GENERAL/71951,27,15,"Kecuali makanannya, semua ok dan bagus",Diulas 525 minggu lalu
https://www.traveloka.com/id-id/user/review/consumption/HOTEL/GENERAL/71951,27,16,"Pelayanannya bagus, kamar tidur dan kamar mandi bersih. Apalagi makanannya enak.",Diulas 526 minggu lalu
https://www.traveloka.com/id-id/user/review/consumption/HOTEL/GENERAL/71951,27,17,"Letaknya yang strategis, dekat ke FO dan pelayanan staff hotel sangat baik.",Diulas 527 minggu lalu
https://www.traveloka.com/id-id/user/review/consumption/HOTEL/GENERAL/71951,27,18,"Makanan Sarapan nya kurang lengkap, jam 8 pagi sudah banyak yang kosong. floor drain shower kamar 367 mampet",Diulas 527 minggu lalu
https://www.traveloka.com/id-id/user/review/consumption/HOTEL/GENERAL/71951,27,19,Tempatnya menyenangkan terutama kolam renangnya .. buat anak2 betah bermain air ...,Diulas 528 minggu lalu
https://www.traveloka.com/id-id/user/review/consumption/HOTEL/GENERAL/71951,27,20,"Hotelnya bagus, layanan ok dan lokasinya strategis",Diulas 529 minggu lalu
https://www.traveloka.com/id-id/user/review/consumption/HOTEL/GENERAL/71951,27,21,Lokasi hotel yang dekat dengan shopping area & tempat kuliner,Diulas 530 minggu lalu
https://www.traveloka.com/id-id/user/review/consumption/HOTEL/GENERAL/71951,27,22,"Seperti Santika hotel pada umumnya, hanya agar ada improve : wifi dikamar lambat/lemot. Variant jus dalam menu breakfast kurang komplit dibanding Santika yang lain.",Diulas 530 minggu lalu
https://www.traveloka.com/id-id/user/review/consumption/HOTEL/GENERAL/71951,27,23,Hotelnya kotor dan tidak terawat,Diulas 530 minggu lalu
https://www.traveloka.com/id-id/user/review/consumption/HOTEL/GENERAL/71951,27,24,So far so good..deket mana mana..tinggal jalan kaki kalau males ketemu macet kota bandung.,Diulas 530 minggu lalu
https://www.traveloka.com/id-id/user/review/consumption/HOTEL/GENERAL/71951,27,25,"Sangat menyenangkan, anak dan cucu sangat senang, ramah, view lokasi dan desain arsitek hotel sangat memperhatikan ruang terbuka",Diulas 530 minggu lalu
https://www.traveloka.com/id-id/user/review/consumption/HOTEL/GENERAL/71951,27,26,Tempat yang bagus dan pelayanan yang baik ..,Diulas 530 minggu lalu
https://www.traveloka.com/id-id/user/review/consumption/HOTEL/GENERAL/71951,27,27,Comfortable pelayanannya baik,Diulas 531 minggu lalu
https://www.traveloka.com/id-id/user/review/consumption/HOTEL/GENERAL/71951,27,28,"Lokasi yang center, pelayanan ok, makanan kurang variasi khas jawa barat jadi kurang sip, harga sesuai pelayanan..",Diulas 531 minggu lalu
https://www.traveloka.com/id-id/user/review/consumption/HOTEL/GENERAL/71951,27,29,"Baik, saya senang tinggal di sini. Saya yakin kalian akan menyukainya baik. semuanya bagus.",Diulas 532 minggu lalu
https://www.traveloka.com/id-id/user/review/consumption/HOTEL/GENERAL/71951,27,30,Hotel Santika sangat bagus servicesnya dan saya sering menginap di Group Santika,Diulas 533 minggu lalu
https://www.traveloka.com/id-id/user/review/consumption/HOTEL/GENERAL/71951,27,31,"Pertama masuk mobil tidak ada staff yang sambut, proses check-in cepat, tapi saat mau menurunkan barang tidak ada staff yang ready.. disarankan naik lift belakang tapi kondisi lift agak menakutkan karena tua & tidak mau naik / turun walau sudah tekan tombol lantai.. masuk kamar kurang sreg karena gelap, sampai sulit melihat takaran obat untuk anak"", kamar mandi old furniture sekali, wastafel agak tersumbat.. sarapan biasa saja, anak diatas 5 tahun kena charge.. kolam renang anak cukup oke karena tertutup tidak kena panas.. saat check-out, bell boy meninggalkan bagasi kami begitu saja, mau masukan ke mobil pun harus meminta bantuan lagi.. tidak berminat untuk kembali lagi.. thanks..",Diulas 533 minggu lalu
https://www.traveloka.com/id-id/user/review/consumption/HOTEL/GENERAL/71951,27,32,"Bagus, bersih, namun pelayanan kurang memuaskan. Contoh waktu check-in dan check-out tidak ada personil yang datang menawarkan bantuan untuk membantu membawakan koper. Sapaan petugas setiap bertemu tamu kurang.",Diulas 534 minggu lalu
https://www.traveloka.com/id-id/user/review/consumption/HOTEL/GENERAL/71951,27,33,"Bagus, memuaskan dan kalau ke Bandung lagi lebih baik menginap disini.",Diulas 534 minggu lalu
https://www.traveloka.com/id-id/user/review/consumption/HOTEL/GENERAL/71951,27,34,"Bagus sekali, nyaman menginap disana",Diulas 535 minggu lalu
https://www.traveloka.com/id-id/user/review/consumption/HOTEL/GENERAL/71951,27,35,Happy masih banyak area kebuka tanoa AC dimana2 Perlu up grade perbaikan cat dan perabotan,Diulas 536 minggu lalu
https://www.traveloka.com/id-id/user/review/consumption/HOTEL/GENERAL/71951,27,36,Lokasi strategis namun untuk tamu yang bukan bertujuan untuk belanja di sekitar hotel malah menyengsarakan karena macet keluar masuk hotel Fasilitas dan kondisi kamar biasa saja tidak ada yang istimewa sebenarnya tidak sesuai dengan harganya,Diulas 536 minggu lalu
https://www.traveloka.com/id-id/user/review/consumption/HOTEL/GENERAL/71951,27,37,Staf yang ramah pada saat melakukan konfirmasi kedatangan dan meminta untuk penjemputan di stasiun dilakukan dengan baik. Pelayanan kamar yang cepat. semoga kedepan lebih baik lagi,Diulas 536 minggu lalu
https://www.traveloka.com/id-id/user/review/consumption/HOTEL/GENERAL/71951,27,38,Old bangunan dan ruang peralatan. Banyak hal yang harus dilakukan untuk meremajakan dan membuat mor confortable ..,Diulas 536 minggu lalu
https://www.traveloka.com/id-id/user/review/consumption/HOTEL/GENERAL/71951,27,39,Sangat cocok untuk keluarga Hotel,Diulas 537 minggu lalu
https://www.traveloka.com/id-id/user/review/consumption/HOTEL/GENERAL/71951,27,40,Nyaman lokasi bagus bersih top,Diulas 537 minggu lalu
https://www.traveloka.com/id-id/user/review/consumption/HOTEL/GENERAL/71951,28,1,"Terlalu ribut, dari atas kamar sangat mengganggu bunyi air (mungkin toilet). Dari depan kamar sangat jelas suara terdengar. Sepertinya tidak ada kedap suara. Makanan untuk serapan sangat tidak enak, tidak rekomen. Sory",Diulas 537 minggu lalu
https://www.traveloka.com/id-id/user/review/consumption/HOTEL/GENERAL/71951,28,2,"Hotel dengan bangunan dan interior tua. Cukup bersih, lokasi great.",Diulas 537 minggu lalu
https://www.traveloka.com/id-id/user/review/consumption/HOTEL/GENERAL/71951,28,3,Hotelnya berlokasi strategis...layanannya direkomendasikan...luar biasa,Diulas 538 minggu lalu
https://www.traveloka.com/id-id/user/review/consumption/HOTEL/GENERAL/71951,28,4,Selalu menginap di Hotel Santika saat ke Bandung. Pelayanan sangat ramah dan kamar saya selalu di upgrate,Diulas 538 minggu lalu
https://www.traveloka.com/id-id/user/review/consumption/HOTEL/GENERAL/71951,28,5,Kesan pertama sepertinya Hotel yang sudah cukup tua. Fasilitas yang cukup lengkap dan terjaga perawatannya.,Diulas 538 minggu lalu
https://www.traveloka.com/id-id/user/review/consumption/HOTEL/GENERAL/71951,28,6,Memuaskan sampai malas keluar,Diulas 538 minggu lalu
https://www.traveloka.com/id-id/user/review/consumption/HOTEL/GENERAL/71951,28,7,Nice Place. tempatnya terbuka dan asri.,Diulas 538 minggu lalu
https://www.traveloka.com/id-id/user/review/consumption/HOTEL/GENERAL/71951,28,8,"Makanan nya kurang enak, fasilitas room nya oke",Diulas 539 minggu lalu
https://www.traveloka.com/id-id/user/review/consumption/HOTEL/GENERAL/71951,28,9,"Pengalaman liburan yang menyenangkan, thanks santika",Diulas 539 minggu lalu
https://www.traveloka.com/id-id/user/review/consumption/HOTEL/GENERAL/71951,28,10,"Kamar hotel besar, bersih dan nyaman. Tapi mohon Receptionist harus lebih ramah khususnya malam Hari.",Diulas 539 minggu lalu
https://www.traveloka.com/id-id/user/review/consumption/HOTEL/GENERAL/71951,28,11,Dengan rate 660rb saya cukup puas dengan pelayanan hotel ini,Diulas 539 minggu lalu
https://www.traveloka.com/id-id/user/review/consumption/HOTEL/GENERAL/71951,28,12,Saya DAPAT meng-upgrade KAMAR KE Deluxe mungkin berhubung hearts masa renovasi interior. Berharap untuk lain gratis di masa depan.,Diulas 539 minggu lalu
https://www.traveloka.com/id-id/user/review/consumption/HOTEL/GENERAL/71951,28,13,Ramah nyaman makanannya enak and lokasi pas banget,Diulas 539 minggu lalu
https://www.traveloka.com/id-id/user/review/consumption/HOTEL/GENERAL/71951,28,14,Pelayanan yang cukup baik dan staf yang ramah. Hanya makanan yang rasanya biasa saja...semoga ke depan lebih enak dan berkualitas.,Diulas 539 minggu lalu
https://www.traveloka.com/id-id/user/review/consumption/HOTEL/GENERAL/71951,28,15,Kamarnya bersih pelayanannya juga ramah,Diulas 539 minggu lalu
https://www.traveloka.com/id-id/user/review/consumption/HOTEL/GENERAL/71951,28,16,Kamarnya luas dan nyaman. Hotelnya bagus,Diulas 539 minggu lalu
https://www.traveloka.com/id-id/user/review/consumption/HOTEL/GENERAL/71951,28,17,"Lokasi strategis, pelayanan memuaskan.",Diulas 539 minggu lalu
https://www.traveloka.com/id-id/user/review/consumption/HOTEL/GENERAL/71951,28,18,"Nyaman, bersih, akses mudah, strategis",Diulas 539 minggu lalu
https://www.traveloka.com/id-id/user/review/consumption/HOTEL/GENERAL/71951,28,19,"Sangat menyenangkan, pelayanan prima, ruangan besar, semua serba enak di hotel ini, apalagi compliment yang tidak biasa, mobil tamu yang menginap dicucikan, keren",Diulas 540 minggu lalu
https://www.traveloka.com/id-id/user/review/consumption/HOTEL/GENERAL/71951,28,20,Kamarnya besar makanannya enak service bagus,Diulas 540 minggu lalu
https://www.traveloka.com/id-id/user/review/consumption/HOTEL/GENERAL/71951,28,21,"Tempat terbaik untuk tinggal di Bandung, saya pribadi merekomendasikan hotel ini untuk Anda karena hotel ini berada di tempat strategis (di kota jantung bandung)",Diulas 540 minggu lalu
https://www.traveloka.com/id-id/user/review/consumption/HOTEL/GENERAL/71951,28,22,"Lokasi yang sangat baik, kebersihan yang baik tapi varian dari sarapan perlu ditingkatkan",Diulas 540 minggu lalu
https://www.traveloka.com/id-id/user/review/consumption/HOTEL/GENERAL/71951,28,23,Menikmati tinggal di sana dekat dengan hot spot di Bandung,Diulas 540 minggu lalu
https://www.traveloka.com/id-id/user/review/consumption/HOTEL/GENERAL/71951,28,24,Untuk sarapan pagi kurang bervariasi,Diulas 540 minggu lalu
https://www.traveloka.com/id-id/user/review/consumption/HOTEL/GENERAL/71951,28,25,"Memuaskan, menyenangkan, semuanya berjalan sesuai dengan yang direncanakan.",Diulas 540 minggu lalu
https://www.traveloka.com/id-id/user/review/consumption/HOTEL/GENERAL/71951,28,26,"Lokasi bagus walaupun hotel lama tapi terawat, hanya saja hairdryer tidak built in di kamar mandi, refill breakfast agak lama padahal tidak musim liburan. Selain itu pelayanan hotel bagus, harus siap di renov untuk bersaing dengan hotel sekitar karena secara lokasi sudah menjanjikan",Diulas 540 minggu lalu
https://www.traveloka.com/id-id/user/review/consumption/HOTEL/GENERAL/71951,28,27,Kami senang karena lokasi hotel dekat pusat perbelanjaan,Diulas 540 minggu lalu
https://www.traveloka.com/id-id/user/review/consumption/HOTEL/GENERAL/71951,28,28,"Kamarnya kaya kelas melati sangat2 mengecewakan, lift jadul dan kemarin sebelah kamar saya ada pekerjaan bangunan jadi rada berisik dan kotor, jauh sekali seperti santika dijkt tetapi lokasi sangat strategis",Diulas 541 minggu lalu
https://www.traveloka.com/id-id/user/review/consumption/HOTEL/GENERAL/71951,28,29,"Seperti: Kamar luas dan bersih. Pencahayaan cukup terang. Sarapan adalah baik-baik saja. Dislike: aku sedang memeriksa pada 10:00. Porter tidak pada posisi siap, sebaliknya ia sedang tidur di atas meja penerimaan. Hanya ada 1 resepsionis pada waktu itu, ia memeriksa kami, begitu cepat dan memberi kami sedikit ucapan atau penjelasan tentang sarapan, check-out, dll Jetwasher / toilet di kamar saya bocor. Saya pikir itu hanya kecil bocor, ternyata di pagi hari kamar mandi saya sangat basah.",Diulas 541 minggu lalu
https://www.traveloka.com/id-id/user/review/consumption/HOTEL/GENERAL/71951,28,30,"+ dekat dengan bip, riau junction, FO. Breakfastnya oke, kamar luas, parkir luas, nyaman. KM harus direnov",Diulas 541 minggu lalu
https://www.traveloka.com/id-id/user/review/consumption/HOTEL/GENERAL/71951,28,31,"Kami disambut oleh Ibu Ana resepsionis yang ramah dan diberikan kamar sesuai dengan permintaan khusus lami melalui Traveloka, pelayanan room service cukup baik dan cepat. Hanya saja masakan dan di restoran agak kurang rasanya.",Diulas 541 minggu lalu
https://www.traveloka.com/id-id/user/review/consumption/HOTEL/GENERAL/71951,28,32,"Lokasi strategis dekat kemana saja, Breakfast dengan menu yang berfariasi setiap hari dan pelayanan yang ramah",Diulas 541 minggu lalu
https://www.traveloka.com/id-id/user/review/consumption/HOTEL/GENERAL/71951,28,33,"Kamarnya sudah lama tapi masih enak untuk menginap, bersih dan sarapannya variatif. Thank you Traveloka",Diulas 541 minggu lalu
https://www.traveloka.com/id-id/user/review/consumption/HOTEL/GENERAL/71951,28,34,Pelayanan yang ramah membuat liburan kami makin menyenangkan.,Diulas 541 minggu lalu
https://www.traveloka.com/id-id/user/review/consumption/HOTEL/GENERAL/71951,28,35,"Lokasi Strategis, kamar nyaman.",Diulas 542 minggu lalu
https://www.traveloka.com/id-id/user/review/consumption/HOTEL/GENERAL/71951,28,36,Pelayanan yang ramah membuat kami betah dari awalnya menginap 1mlm menjadi 3mlm. Salut Tetap Pertahankan Ya. Syukron,Diulas 542 minggu lalu
https://www.traveloka.com/id-id/user/review/consumption/HOTEL/GENERAL/71951,28,37,Pelayanan yang ramah serta memuaskan.,Diulas 542 minggu lalu
https://www.traveloka.com/id-id/user/review/consumption/HOTEL/GENERAL/71951,28,38,Lift dari lantai basement bermasalah,Diulas 542 minggu lalu
https://www.traveloka.com/id-id/user/review/consumption/HOTEL/GENERAL/71951,28,39,"Hotel yang sangat direkomendasikan baik untuk urusan bisnis terlebih untuk urusan keluarga. Kamar luas, pelayanan cepat, harga sesuai dengan kualitas dan bersaing, kebersihan terjaga. Cuma saran untuk staff yang menanyakan kamar nomor berapa untuk sarapan jangan terlalu kaku mengikuti aturan toh kemampuan manusia untuk makan seberapa banyak sih, saya pikir itu saja yang perlu di training lagi staff nya...",Diulas 542 minggu lalu
https://www.traveloka.com/id-id/user/review/consumption/HOTEL/GENERAL/71951,28,40,Pelayanan baik dan fasilitas cukup memuaskan,Diulas 542 minggu lalu
https://www.traveloka.com/id-id/user/review/consumption/HOTEL/GENERAL/71951,29,1,"Bagus dan memuaskan, pelayanan yang sangat baik.",Diulas 542 minggu lalu
https://www.traveloka.com/id-id/user/review/consumption/HOTEL/GENERAL/71951,29,2,"(minus state) untuk kategori executif - suasana kamar kesan jadulnya tidak sesuai dengan ekspektasi gambar kamar elegant yang ditampilkan pantas saja picture bathroom tidak ditampilkan karena tidak enak dipandang untuk ukuran hotel semewah santika (mungkin perlu rehab dan perbaikan suasana). lift barang saya gunakan untuk ke kamar dan lorong perjalanannya tidak seindah dengan lobby dan kesan hotel berbintang (positif state) kesan pertama service yang memuaskan, ramah dan sopan bahasa dan jamuan yang diberikan serasa berkelas Kamar luas kategori executif seperti yang diharap, real 32 m2, cocok untuk keluarga yang mempunyai anak kecil suka berlarian Kolam renang terlihat menarik dan sangat nyaman untuk bersantai duduk disekitarnya Tempat breakfast elegant dan menawan, selera makan disini cukup bergairah dengan menu yang variatif dan terservice dengan baik parkir luas dan tidak masalah lebih dari 1 mobil letak hotel strategis untuk pusat perbelanjaan di bandung",Diulas 542 minggu lalu
https://www.traveloka.com/id-id/user/review/consumption/HOTEL/GENERAL/71951,29,3,"Pelayanan dan kenyamanan memuaskan, tapi memang hotel yang sudah cukup tua.",Diulas 542 minggu lalu
https://www.traveloka.com/id-id/user/review/consumption/HOTEL/GENERAL/71951,29,4,Booking hotel sudah dilakukan 5bln sebelumnya..namun saat check-in tidak bisa mendapatkan kamar sesuai pesanan..baru mendapatkan upgrade kamar setelah saya komplain..itupun hanya 2 kamar dari 3 kamar yang saya pesan..breakfast sangat sedikit pilihan menu..dan banyak yang sudah habis padahal baru jam 9 pagi,Diulas 542 minggu lalu
https://www.traveloka.com/id-id/user/review/consumption/HOTEL/GENERAL/71951,29,5,Lokasi hotel bagus baik pelayanan yang baik,Diulas 542 minggu lalu
https://www.traveloka.com/id-id/user/review/consumption/HOTEL/GENERAL/71951,29,6,"Pelayanan Bagus. Awalnya sempat ada mis komunikasi, tetapi pihak hotel selang 15 menit langsung mengkomunikasikan dan permohonan maaf",Diulas 542 minggu lalu
https://www.traveloka.com/id-id/user/review/consumption/HOTEL/GENERAL/71951,29,7,"Rata-rata Saya selalu menikmati saya tinggal di Santika Hotel. Hotel Santika Bandung memberikan pelayanan yang baik selama saya tinggal 28-30 Desember 2015. Ada beberapa hal yang perlu hotel untuk secara serius ditingkatkan. Salah satu perbaikan adalah standar sarapan melayani, selama saya tinggal makanan yang disajikan cukup beragam namun sebagian besar melayani piring kosong selama beberapa waktu. Fasilitas ruangan adalah faktor lain yang perlu ditingkatkan, koneksi kabel TV miskin dalam kualitas dan untuk sekali koneksi adalah off. Sprei juga memiliki noda di atasnya dan ini cukup menjengkelkan. Wastafel juga tidak dalam kondisi yang baik. Terakhir namun tidak sedikit adalah cleaning service mobil mereka, saya percaya mereka harus mempertimbangkan untuk menghapus kebijakan atau untuk benar-benar membuat layanan pembersihan mobil yang serius. Saat itu tidak membantu karena meninggalkan goresan pada mobil kami. Berharap mereka dapat meningkatkan layanan mereka.",Diulas 543 minggu lalu
https://www.traveloka.com/id-id/user/review/consumption/HOTEL/GENERAL/71951,29,8,"Lokasi sangat strategis di tengah area wisata belanja, kebersihan kamar, kolam renang sangat terjaga, liburan yang menyenangkan",Diulas 543 minggu lalu
https://www.traveloka.com/id-id/user/review/consumption/HOTEL/GENERAL/71951,29,9,Kamar yang di berikan tidak sesuai pemesanan yang tercantum pada traveloka.,Diulas 543 minggu lalu
https://www.traveloka.com/id-id/user/review/consumption/HOTEL/GENERAL/71951,29,10,"Hotel yang bagus, terletak dekat semua outlet Pabrik.",Diulas 543 minggu lalu
https://www.traveloka.com/id-id/user/review/consumption/HOTEL/GENERAL/71951,29,11,"Itu besar tinggal, kami pemesanan menit terakhir.",Diulas 544 minggu lalu
https://www.traveloka.com/id-id/user/review/consumption/HOTEL/GENERAL/71951,29,12,Biasa aja tidak ada yang istimewa,Diulas 545 minggu lalu
https://www.traveloka.com/id-id/user/review/consumption/HOTEL/GENERAL/71951,29,13,Cukup baik dan lokasi strategis,Diulas 545 minggu lalu
https://www.traveloka.com/id-id/user/review/consumption/HOTEL/GENERAL/71951,29,14,Lokasi Strategis untuk kuliner atau berbelanja dengan waktu yang singkat,Diulas 546 minggu lalu
https://www.traveloka.com/id-id/user/review/consumption/HOTEL/GENERAL/71951,29,15,"pelayanannya lama, hotelnya sepi.",Diulas 546 minggu lalu
https://www.traveloka.com/id-id/user/review/consumption/HOTEL/GENERAL/71951,29,16,"Harga bagus, pelayanan bagus, lokasi bagus.",Diulas 546 minggu lalu
https://www.traveloka.com/id-id/user/review/consumption/HOTEL/GENERAL/71951,29,17,Lokasi bagus dan kamar nyaman.,Diulas 546 minggu lalu
https://www.traveloka.com/id-id/user/review/consumption/HOTEL/GENERAL/71951,29,18,"Weekend lalu bersama istri dan anak yang masih berumur 3 tahun berlibur dibandung dan menginap di SANTIKA, overall bagus hotelnya cozy, sangat bersih, pelayanan juga ok. memang standar hotel santika bias dipercaya. dan 1 lagi yang membuat saya pilih santika. lokasinya sangat-sangat strategis dari pusat kota",Diulas 546 minggu lalu
https://www.traveloka.com/id-id/user/review/consumption/HOTEL/GENERAL/71951,29,19,"Staf baik & membantu; tampilan hotelnya perlu renovasi; makanannya ngga seperti Santika lain, makanan terbatas padahal tamu sedikit, dan rasanya kurang. kalau bookong via Traveloka atau onlien sejenis dapatnya kamar yang sisa, view jelek, minta double dikasih twin.",Diulas 546 minggu lalu
https://www.traveloka.com/id-id/user/review/consumption/HOTEL/GENERAL/71951,29,20,Lokasinya sangat strategis dekat mall.,Diulas 547 minggu lalu
https://www.traveloka.com/id-id/user/review/consumption/HOTEL/GENERAL/71951,29,21,Anak anak ku senang dan aksesnya dekat kemana,Diulas 547 minggu lalu
https://www.traveloka.com/id-id/user/review/consumption/HOTEL/GENERAL/71951,29,22,Pengalaman yang menyenangkan untuk liburan keluarga.,Diulas 547 minggu lalu
https://www.traveloka.com/id-id/user/review/consumption/HOTEL/GENERAL/71951,29,23,Fasilitas room perlu diremajakan spy lebih fresh..,Diulas 547 minggu lalu
https://www.traveloka.com/id-id/user/review/consumption/HOTEL/GENERAL/71951,29,24,"Hotel yang terletak di tengah kota dan sangat dekat dengan tempat shopping di jalan riau, kolam renang yang bersih dan kamar yang luas. kemarin pas pesan via traveloka kamar superior dan ternyata ketika check-in pihak hotel meng upgrade ke deluxe karena superior telah penuh. kamar deluxe langsung dekat dengan kolam renang. menu sarapan khas dengan asian food akan tetapi perlu ditambah menu yang lebih banyak.",Diulas 547 minggu lalu
https://www.traveloka.com/id-id/user/review/consumption/HOTEL/GENERAL/71951,29,25,Kamar cukup lega tapi sepertinya perlu renovasi di beberapa bagian,Diulas 547 minggu lalu
https://www.traveloka.com/id-id/user/review/consumption/HOTEL/GENERAL/71951,29,26,Nyaman dan bersih kamarnya. ketak hotel juga strategis,Diulas 547 minggu lalu
https://www.traveloka.com/id-id/user/review/consumption/HOTEL/GENERAL/71951,29,27,"Pokoknya, keluarga saya puas, amin.",Diulas 547 minggu lalu
https://www.traveloka.com/id-id/user/review/consumption/HOTEL/GENERAL/71951,29,28,"Sangat mengecewakan. Sarapan sama sekali tidak enak. Tidak layak hotel santika yang namanya tersohor breakfastna bnr bnr buruk. Dari segi rasa buruk, variasi juga kurang. Tidak akan kembali ke hotel santika Bandung lagi.",Diulas 547 minggu lalu
https://www.traveloka.com/id-id/user/review/consumption/HOTEL/GENERAL/71951,29,29,"Secara keseluruhan, pengalaman menginap cukup baik. Namun, hotel ini sudah tua dan perlu direnovasi. Keunggulan hotel ini adalah lokasinya yang strategis, dengan supermarket dan restoran tepat di depannya.",Diulas 547 minggu lalu
https://www.traveloka.com/id-id/user/review/consumption/HOTEL/GENERAL/71951,29,30,Lokasi strategis dan dekat dengan FO,Diulas 549 minggu lalu
https://www.traveloka.com/id-id/user/review/consumption/HOTEL/GENERAL/71951,29,31,Hotel bagus di lokasi yang strategis.,Diulas 549 minggu lalu
https://www.traveloka.com/id-id/user/review/consumption/HOTEL/GENERAL/71951,29,32,"Hotel yang bagus, pelayanan yang baik, dan lokasi yang strategis.",Diulas 549 minggu lalu
https://www.traveloka.com/id-id/user/review/consumption/HOTEL/GENERAL/71951,29,33,Hotel yang sangat bagus dan tempat yang menyenangkan untuk berlibur.,Diulas 549 minggu lalu
https://www.traveloka.com/id-id/user/review/consumption/HOTEL/GENERAL/71951,29,34,"Kamarnya nyaman, AC sangat dingin..brrr, sarapan mantap",Diulas 549 minggu lalu
https://www.traveloka.com/id-id/user/review/consumption/HOTEL/GENERAL/71951,29,35,"Saya memesan tempat tidur ukuran king, tetapi ternyata mereka hanya menggabungkan dua tempat tidur single menjadi satu. Setiap kali saya ingin menyalakan lampu baca, saya harus sedikit mendorong tempat tidur karena saklarnya tertutup oleh tempat tidur. Sarapan biasa saja. Mereka kekurangan staf. Kamarnya bagus, tetapi kamar mandi perlu direnovasi, terutama pada kusen pintu. Air di kolam renang terlalu dingin.",Diulas 549 minggu lalu
https://www.traveloka.com/id-id/user/review/consumption/HOTEL/GENERAL/71951,29,36,"Menyenangkan menginap di Santika, selain bersih dan nyaman, juga lokasinya strategis...",Diulas 549 minggu lalu
https://www.traveloka.com/id-id/user/review/consumption/HOTEL/GENERAL/71951,29,37,"Kamar bagus, tempat nyaman dan dekat dengan mal BIP...makanan enak...staf ramah...secara keseluruhan pelayanan sangat baik.",Diulas 549 minggu lalu
https://www.traveloka.com/id-id/user/review/consumption/HOTEL/GENERAL/71951,29,38,Pelayanan bagus dan dekat kl mau belanja ke outlet,Diulas 549 minggu lalu
https://www.traveloka.com/id-id/user/review/consumption/HOTEL/GENERAL/71951,29,39,Saya cukup puas menginap di hotel ini..kamar cukup bersih dan fasilitas cukup komplit. dengan keramahan para karyawan/i. Trims,Diulas 549 minggu lalu
https://www.traveloka.com/id-id/user/review/consumption/HOTEL/GENERAL/71951,29,40,Pelayanan staf hotel perlu ditingkatkan...mereka kurang responsif dan kurang membantu.,Diulas 550 minggu lalu
https://www.traveloka.com/id-id/user/review/consumption/HOTEL/GENERAL/71951,30,1,Hotel bergaya lama namun tetap berkelas. Nyaman. Lokasi di pusat kota. Luar biasa dan menakjubkan...,Diulas 550 minggu lalu
https://www.traveloka.com/id-id/user/review/consumption/HOTEL/GENERAL/71951,30,2,Hotel yang paling layak buat liburan bersama keluarga..,Diulas 550 minggu lalu
https://www.traveloka.com/id-id/user/review/consumption/HOTEL/GENERAL/71951,30,3,"Ini hotel yang bagus, pelayanannya baik.",Diulas 550 minggu lalu
https://www.traveloka.com/id-id/user/review/consumption/HOTEL/GENERAL/71951,30,4,Mau belanja tinggal jalan kaki. Breakfast makanan lokal pilihannya banyak dan menarik. Sayangnya tidak ada hair dryer saja. Overall okay. Rencana akan menginap lagi di grup hotel santika,Diulas 551 minggu lalu
https://www.traveloka.com/id-id/user/review/consumption/HOTEL/GENERAL/71951,30,5,"Kesan selama menginap di santika Bandung sangat luar biasa. Lokasi strategis, dapat upgrade kamar bebas tanpa biaya. Penjemputan dan pengantaran ke bandara juga free. Kebersihan dan kenyamanan sangat oke banget. Dan sarapanny awesome. Next ke bandung pasti menginap disini. Untuk sarannha internet wifi ditingkatkan lagi kualitasnya, biar tidak bolak balik login.",Diulas 551 minggu lalu
https://www.traveloka.com/id-id/user/review/consumption/HOTEL/GENERAL/71951,30,6,"Saya suka menginap di hotel ini, pesan dari Traveloka room yang superior ternyata kamar mandinya ada bathtubnya..proses check-in cepat dan makanan lumayan variatif menurut saya. terus tingkatkan kualitas pelayanannya hotel santika bandung.",Diulas 551 minggu lalu
https://www.traveloka.com/id-id/user/review/consumption/HOTEL/GENERAL/71951,30,7,"Menyenangkan, lokasi-room ( kebetulan superior )-breakfast-all crew/staff semua oke, semoga selalu dijaga-dipertahankan-dikembangkan semua nya. sehat-sukses selalu u all crew/staff dan Hotel Santika.",Diulas 551 minggu lalu
https://www.traveloka.com/id-id/user/review/consumption/HOTEL/GENERAL/71951,30,8,Memuaskan untuk letaknya karena sangat strategis dan untuk pelayanan cukup memuaskan. hanya kepuasan kamar mandi yang agak kurang,Diulas 551 minggu lalu
https://www.traveloka.com/id-id/user/review/consumption/HOTEL/GENERAL/71951,30,9,Lokasinya strategis dan fasilitas kolam renangnya oke buat anak juga bisa.,Diulas 551 minggu lalu
https://www.traveloka.com/id-id/user/review/consumption/HOTEL/GENERAL/71951,30,10,Komentar kami semua bagus.. cuma view kamar saat itu mengapa dikasihi kamar yang menghadap tempat sampah di seberang jalan..,Diulas 552 minggu lalu
https://www.traveloka.com/id-id/user/review/consumption/HOTEL/GENERAL/71951,30,11,"Lokasi sangat strategis, gampang cari tempat makan di sekitar hotel",Diulas 552 minggu lalu
https://www.traveloka.com/id-id/user/review/consumption/HOTEL/GENERAL/71951,30,12,Baik kamar dan layanan. Dan lokasi strategis ...,Diulas 552 minggu lalu
https://www.traveloka.com/id-id/user/review/consumption/HOTEL/GENERAL/71951,30,13,"1. Bangunan sudah terlalu Tua, terutama kamar mandi. 2. TV terlalu kecil.",Diulas 553 minggu lalu
https://www.traveloka.com/id-id/user/review/consumption/HOTEL/GENERAL/71951,30,14,"Untuk hotel bintang 3, Santika Bandung cukup memuaskan. Letaknya dekat sekali dengan FO. Variasi menu sarapan cukup banyak. Ukuran tempat tidur yang besar cukup membuat saya senang karena saya membawa bayi. Hanya saja ketika check-in saya harus menunggu sekitar 20 menit karena kamar belum siap. Kolam renangnya terlalu banyak menggunakan kaporit dan kurang bersih. AC di kamar temperaturnya tidak bisa diatur sehingga anak saya kedinginan. Channel TV nya beberapa tidak jelas. Lampu kamar berwarna kuning dan kurang banyak sehingga suasanya kamar terlalu gelap. Diluar semua itu, menyenangkan bermalam di Santika Bandung",Diulas 553 minggu lalu
https://www.traveloka.com/id-id/user/review/consumption/HOTEL/GENERAL/71951,30,15,"Lokasi strategis, 20 thn yang lalu saat bertugas saya menginap di sini...dan saat ini tidak byak perubahan di interior dan exterior hotel, breakfast lumayan walau tidak istimewa",Diulas 553 minggu lalu
https://www.traveloka.com/id-id/user/review/consumption/HOTEL/GENERAL/71951,30,16,"Nyaman, pelayanan bagus. Cuma koneksi wifi aja lambat.",Diulas 553 minggu lalu
https://www.traveloka.com/id-id/user/review/consumption/HOTEL/GENERAL/71951,30,17,Nice place...terutama deket dengan FO...hehehe,Diulas 553 minggu lalu
https://www.traveloka.com/id-id/user/review/consumption/HOTEL/GENERAL/71951,30,18,Pelayanan nya baik.. Karyawan nya ramah.. Kamar bersih dan dekat mall kalau mau beli-beli.,Diulas 553 minggu lalu
https://www.traveloka.com/id-id/user/review/consumption/HOTEL/GENERAL/71951,30,19,Semua ok. Cuma WIFI di kamar sangat sangat lemooot...,Diulas 553 minggu lalu
https://www.traveloka.com/id-id/user/review/consumption/HOTEL/GENERAL/71951,30,20,Untuk dari segi kenyamanan dan lokasi sangat membantu dan memuaskan. tapi kebetulan kamar mandi nya agak bau apakah kebetulan atau tidaknya. untuk yang lainnya sangat memuaskan.,Diulas 553 minggu lalu
https://www.traveloka.com/id-id/user/review/consumption/HOTEL/GENERAL/71951,30,21,Nyaman dan pelayanan bagus lokasi mudah dijangkau,Diulas 553 minggu lalu
https://www.traveloka.com/id-id/user/review/consumption/HOTEL/GENERAL/71951,30,22,Sangat nyaman bagi saya dan keluarga.,Diulas 554 minggu lalu
https://www.traveloka.com/id-id/user/review/consumption/HOTEL/GENERAL/71951,30,23,"Cukup memuaskan, nyaman dan lokasi strategis",Diulas 554 minggu lalu
https://www.traveloka.com/id-id/user/review/consumption/HOTEL/GENERAL/71951,30,24,Sudah oke. kamar bersih. pelayanan oke,Diulas 554 minggu lalu
https://www.traveloka.com/id-id/user/review/consumption/HOTEL/GENERAL/71951,30,25,"Lokasi bagus. kebersihan dalam kamar untuk tempat tidur ok, lantai kotor demikian juga dengan toilet di lobby. Ada suara berisik karena ada maintenance di kamar sebelah. Makanan kurang berkwalitas. Pelayanan ok, namun sayang barang saya yang tertinggal tidak segera diinformasikan, karena saya juga menyadarinya sesudah sampai di jakarta di sore hari.",Diulas 555 minggu lalu
https://www.traveloka.com/id-id/user/review/consumption/HOTEL/GENERAL/71951,30,26,"Kesan sangat puas karena letak hotel strategis, kami juga mendapatkan pelayanan antar jemput di bandara.. bahkan kami terkesan karena pihak hotel juga mengantarkan kami sekeluarga ke trans studio selain juga pihak hotel menyediakan voucher trans studio sehingga sangat menghemat waktu kami tanpa perlu lama mengantri di tiket counter trans studio. overall very recommended",Diulas 555 minggu lalu
https://www.traveloka.com/id-id/user/review/consumption/HOTEL/GENERAL/71951,30,27,"Bagus, pelayanan super ramah, lokasi dekat kemana mana, cuma hotel santika yang tersohor namanya dan harga bintang sayang tidak ada bisnis centre nya",Diulas 555 minggu lalu
https://www.traveloka.com/id-id/user/review/consumption/HOTEL/GENERAL/71951,30,28,"Tempat yang bagus, membersihkan kamar. Hanya layanan WiFi ini kadang-kadang sulit untuk mengakses di dalam ruangan.",Diulas 555 minggu lalu
https://www.traveloka.com/id-id/user/review/consumption/HOTEL/GENERAL/71951,30,29,Hotel nyaman yang bernuansa klasik,Diulas 556 minggu lalu
https://www.traveloka.com/id-id/user/review/consumption/HOTEL/GENERAL/71951,30,30,"Dapat upgrade kamar ke junior suite karena tipe kamar yang di booking habis, nice services, good meals, friendly staff.",Diulas 556 minggu lalu
https://www.traveloka.com/id-id/user/review/consumption/HOTEL/GENERAL/71951,30,31,"Sudah beberapa kali menginap di Santika Bandung, tidak pernah mengecewakan. Salahsatu dr beberapa hotel yang memberikan pelayanan cuci mobil selama menginap. Jempol.",Diulas 556 minggu lalu
https://www.traveloka.com/id-id/user/review/consumption/HOTEL/GENERAL/71951,30,32,Layanannya sangat baik dengan personality yang ramah.,Diulas 557 minggu lalu
https://www.traveloka.com/id-id/user/review/consumption/HOTEL/GENERAL/71951,30,33,Kamar mandi bau tidak sedap. kamar tidak sesuai pesanan. tempat bagus. makanan bagus,Diulas 557 minggu lalu
https://www.traveloka.com/id-id/user/review/consumption/HOTEL/GENERAL/71951,30,34,Lokasi nya strategis banget buat liburan keluarga,Diulas 557 minggu lalu
https://www.traveloka.com/id-id/user/review/consumption/HOTEL/GENERAL/71951,30,35,"Hotel bersih, petugas ramah, dekat gedung mohammad toha tempat acara keluarga. Hanya saya lupa buat catatan butuh king size bed saat pesan di traveloka, dan petugas membuat solusi join bed saat saya konfirmasi 1 hari sebelum kedatangan, hasilnya bagus juga.",Diulas 558 minggu lalu
https://www.traveloka.com/id-id/user/review/consumption/HOTEL/GENERAL/71951,30,36,"Lokasi cukup strategic, cuma dalam hotel dan toiletnya dah tua sekali, sepertinya renovasi per kamar still ongoing",Diulas 558 minggu lalu
https://www.traveloka.com/id-id/user/review/consumption/HOTEL/GENERAL/71951,30,37,"Tempat yang strategis untuk tujuan berbelanja. ""Ookini""",Diulas 559 minggu lalu
https://www.traveloka.com/id-id/user/review/consumption/HOTEL/GENERAL/71951,30,38,"Ruangan besar, Wifi Cepat. Lokasi Oke",Diulas 559 minggu lalu
https://www.traveloka.com/id-id/user/review/consumption/HOTEL/GENERAL/71951,30,39,"Kondisi kamar bersih, penerangan masih kurang",Diulas 559 minggu lalu
https://www.traveloka.com/id-id/user/review/consumption/HOTEL/GENERAL/71951,30,40,Secara keseluruhan sangat bagus meskipun hotelnya termasuk hotel lama. Yang perlu diperbaiki adalah di area bath room yang perlu diperhatikan keran dan hair dryer yang relatif tidak berguna karena anginnya lemah,Diulas 560 minggu lalu
https://www.traveloka.com/id-id/user/review/consumption/HOTEL/GENERAL/71951,31,1,Menyenangkan dan nemuaskan selama menginap di hotel,Diulas 561 minggu lalu
https://www.traveloka.com/id-id/user/review/consumption/HOTEL/GENERAL/71951,31,2,"Baru sampai front desk kami sudah dikecewakan, diinfokan bhw kamar superior yang kami booking tidak ada yang single bed, semuanya twin. tentu kami menolak karena beberapa hari sebelum berangkat saya sudah konfirmasi & pihak hotel sudah mengiyakan ada. setelah menunggu beberapa lama akhirnya kami dapat kamar yang sesuai. begitu masuk kamar 222 ternyata tv-nya kecil sekali & channelnya juga kurang lengkap, ditambah lagi begitu suami saya mau nonton pertandingan bola liga Inggris sinyal TV swasta lokal diacak. most of all, pelayanan cukup tapi agak kecewa dengan kejadian2 diatas tadi.",Diulas 561 minggu lalu
https://www.traveloka.com/id-id/user/review/consumption/HOTEL/GENERAL/71951,31,3,"Ramah, nyaman hanya terlalu bebas untuk smoking :(",Diulas 562 minggu lalu
https://www.traveloka.com/id-id/user/review/consumption/HOTEL/GENERAL/71951,31,4,Menyenangkan dan nyaman serta dekat dengan pusat keramaian,Diulas 562 minggu lalu
https://www.traveloka.com/id-id/user/review/consumption/HOTEL/GENERAL/71951,31,5,Makanan yang disajikan oke banget.. lokasinya juga sangat strategis.,Diulas 562 minggu lalu
https://www.traveloka.com/id-id/user/review/consumption/HOTEL/GENERAL/71951,31,6,"Sangat menyenangkan, mudah dijangkau, dekat dengan pusat perbelanjaan",Diulas 562 minggu lalu
https://www.traveloka.com/id-id/user/review/consumption/HOTEL/GENERAL/71951,31,7,"Bersih, Breakfast dan Service OK",Diulas 563 minggu lalu
https://www.traveloka.com/id-id/user/review/consumption/HOTEL/GENERAL/71951,31,8,"Hotelnya nyaman, air kolam renangnya pun tidak bikin sakit mata karena kebanyakan kaporit",Diulas 563 minggu lalu
https://www.traveloka.com/id-id/user/review/consumption/HOTEL/GENERAL/71951,31,9,"Pelayanan baik, sarapan enak, servis ramah",Diulas 563 minggu lalu
https://www.traveloka.com/id-id/user/review/consumption/HOTEL/GENERAL/71951,31,10,"Lokasi mudah dijangkau, kamar bersih dan harum.",Diulas 563 minggu lalu
https://www.traveloka.com/id-id/user/review/consumption/HOTEL/GENERAL/71951,31,11,"Salah satu hotel terbaik yang pernah kita tinggalin, 4 hari disana sangat nyaman, airport transfer, breakfast, kebersihan, pelayanan room service yang cepat dan sigap. Jika ke Bandung lagi, Santika akan jadi pilihan utama kita lagi - Daniel, Berlian & Sydney -",Diulas 563 minggu lalu
https://www.traveloka.com/id-id/user/review/consumption/HOTEL/GENERAL/71951,31,12,Lokasi strategis gampang jangkau daerah lain yang akan dikunjugin,Diulas 564 minggu lalu
https://www.traveloka.com/id-id/user/review/consumption/HOTEL/GENERAL/71951,31,13,"Saya sekeluarga sudah beberapa kali bermalam diSantika, selain lokasinya strategis dekat dari mana-mana, pelayanannya juga memuaskan, sarapan paginya enak pilihannya cukup baik dan enak-enak. next trip ke Bandung sepertinya kita disana lagi",Diulas 564 minggu lalu
https://www.traveloka.com/id-id/user/review/consumption/HOTEL/GENERAL/71951,31,14,"Bermalam di Hotel Santika Bandung,, pegawai nya ramah-ramah,, pelayanan bagus,, bersih banget,, saya menginap bersama anak dan istri saya,, pada saat check-in kamar dengan tempat tidur ukuran King telah terisi semua kamarnya,, namun oleh pihak hotel di usahakan bagaimana caranya agar kami sekeluarga mendapatkan kamar dengan tempat tidur ukuran King,, mengenai breakfast/sarapan pagi menunya banyak sekali namun sayang pelayanan dari pegawai restoran untuk breakfast/sarapan pagi kurang tanggap dan sigap,, karena setelah kami selesai menyantap makanan alat makan yang telah kami gunakan tidak secepatnya diambil oleh para pegawai serta penyediaan kopi dan teh oleh pelayan tidak cepat. terima kasih traveloka,, harga kamarnya murah banget dari pada harga publish dari pihak hotel.",Diulas 564 minggu lalu
https://www.traveloka.com/id-id/user/review/consumption/HOTEL/GENERAL/71951,31,15,MEMUASKAN AND EVERYTHING IS GOOD,Diulas 564 minggu lalu
https://www.traveloka.com/id-id/user/review/consumption/HOTEL/GENERAL/71951,31,16,"Saya sudah dua kali menginap di Santika Bandung karena lokasi yang strategis. Lokasi berada di belakang mall BIP, sehingga tidak perlu bermobil untuk ke mall. Dan tidak jauh dari deretan FO Jl Riau (RE Martadinata), bisa berjalan kaki. Kolam renang terdiri dari 2 kolam, kolam anak sedalam 80 cuma dan kolam dewas sedalam 1, 25 - 1, 5 m. Pilihan sarapan bervariasi, dan tersedia menu khas Indonesia (tradisional). Walau kamar terkesan 'tua', namun kebersihannya terjaga dengan baik.",Diulas 564 minggu lalu
https://www.traveloka.com/id-id/user/review/consumption/HOTEL/GENERAL/71951,31,17,"Breakfast rasanya flat, order room service, nasgornya lebih enak dari breakfast. Harusnya dapat kamar deluxe, tapi malah di downgrade ke superior karena alasan deluxe fully booked untuk kamar yang 1 bed dan no smoking room. Sayang banget, padahal ini favorit hotel saya setiap ke bandung sampai kejadian kemarin. ( Definitely not coming back.",Diulas 564 minggu lalu
https://www.traveloka.com/id-id/user/review/consumption/HOTEL/GENERAL/71951,31,18,"Hotel ini berada d tengah kota yang ramai, untuk santai saya rasa kurang karena lalu lintas d sana padat. Hotel sudah tua, banyak nyamuk. Dan kamar bau rokok. Untuk pelayanan baik.",Diulas 565 minggu lalu
https://www.traveloka.com/id-id/user/review/consumption/HOTEL/GENERAL/71951,31,19,"Wah, baru pertama menginap disantika bandung, awalnya ragu karena hotel lama tapi ternyata semua ok, saya concern di kebersihan tetapi yang saya temukan ok banget, kolam renangnya ok banget untuk hotel sekelas anak saya senang berenang disini. yang agak minus sedikit mungkin di pendingin ruangan karena walau saya matikan tetap dingin, mungkin karena AC central. Untuk pelayan top banget sangat ramah dan informatif dari security, penjaga kolam renang sampai dengan front desk, tolong dipertahankan ini.",Diulas 565 minggu lalu
https://www.traveloka.com/id-id/user/review/consumption/HOTEL/GENERAL/71951,31,20,Hotel yang nyaman untuk keluarga dengan pelayanan super (mobil pagi2 sudah dicuci) hanya kualitas sarapan perlu ditingkatkan,Diulas 565 minggu lalu
https://www.traveloka.com/id-id/user/review/consumption/HOTEL/GENERAL/71951,31,21,Hotel cukup bersih walaupun bangun an tua tapi coffe shop banyak nyamuk dan tidak nyaman untuk duduk lama. cs yang lelaki saat saya minta pass wifi TIDAK RAMAH,Diulas 565 minggu lalu
https://www.traveloka.com/id-id/user/review/consumption/HOTEL/GENERAL/71951,31,22,"Hotelnya bersih, lokasi sangat strategis dekat dengan fo dan mall",Diulas 565 minggu lalu
https://www.traveloka.com/id-id/user/review/consumption/HOTEL/GENERAL/71951,31,23,Walaupaun sudah lama. Kebersihan tetap terjaga. Pelayanan bagus,Diulas 565 minggu lalu
https://www.traveloka.com/id-id/user/review/consumption/HOTEL/GENERAL/71951,31,24,Hotel Santika berlokasi sangat strategis di kota Bandung. Dekat kemana mana dan bersih ..,Diulas 566 minggu lalu
https://www.traveloka.com/id-id/user/review/consumption/HOTEL/GENERAL/71951,31,25,"Good service, cocok untuk liburan keluarga.",Diulas 566 minggu lalu
https://www.traveloka.com/id-id/user/review/consumption/HOTEL/GENERAL/71951,31,26,Hotel tua tapi pelayanan tetap oke dan cepat,Diulas 566 minggu lalu
https://www.traveloka.com/id-id/user/review/consumption/HOTEL/GENERAL/71951,31,27,Lokasi yang strategis dan pelayanan dari staf yang ramah,Diulas 566 minggu lalu
https://www.traveloka.com/id-id/user/review/consumption/HOTEL/GENERAL/71951,31,28,Makanan breakfast tidak sesuai dengan standar hotel bintang 4 hampir sama dengan sajian makanan untuk hotel bintang 1,Diulas 566 minggu lalu
https://www.traveloka.com/id-id/user/review/consumption/HOTEL/GENERAL/71951,31,29,"Sangat memuaskan, karena hotel tua, rasanya perlu direnovasi agar lebih modern",Diulas 566 minggu lalu
https://www.traveloka.com/id-id/user/review/consumption/HOTEL/GENERAL/71951,31,30,Selalu menjdi rumah kedua saat dibandung. nyaman dan strategis,Diulas 566 minggu lalu
https://www.traveloka.com/id-id/user/review/consumption/HOTEL/GENERAL/71951,31,31,Stafnya sangat tanggap Dan ramah,Diulas 566 minggu lalu
https://www.traveloka.com/id-id/user/review/consumption/HOTEL/GENERAL/71951,31,32,Exellent layanan yang baik makanan dan nyaman,Diulas 566 minggu lalu
https://www.traveloka.com/id-id/user/review/consumption/HOTEL/GENERAL/71951,31,33,"Seru, fun dan yang penting anak2 nyaman",Diulas 566 minggu lalu
https://www.traveloka.com/id-id/user/review/consumption/HOTEL/GENERAL/71951,31,34,"Makanannya sangat tidak variatif khususnya menu buat anak kecil, bath up nya tidak bisa dibuang airnya bekas pakai.",Diulas 566 minggu lalu
https://www.traveloka.com/id-id/user/review/consumption/HOTEL/GENERAL/71951,31,35,"Lokasi sangat strategis, interior yang apik, staf hotel sangat ramah, kamar nyaman dengan view jalan Riau, makanan enak. Hotel dengan bagunan lama namun rapih & bersih.",Diulas 567 minggu lalu
https://www.traveloka.com/id-id/user/review/consumption/HOTEL/GENERAL/71951,31,36,"Breakfast nya ok, dan lahan parkir tersedia, tempat dekat dengan outlet, thanks",Diulas 567 minggu lalu
https://www.traveloka.com/id-id/user/review/consumption/HOTEL/GENERAL/71951,31,37,"Layanannya sangat Hangat dan Ramah. Kami sekeluarga tidak dapat datang menginap sesuai waktu bookingan ( terlambat 1 malam di karenakan bandara ngurah rai di tutup karena erupsi gunung raung. Kami menyampaikan keadaan ini kepada Hotel Santika, dan bookingan 1 malam tersebut, di ganti dengan voucher menginap yang dapat di gunakan di lain waktu. Terima Kasih Bu Anna dan Pak Candra atas layanannya yang prima.",Diulas 567 minggu lalu
https://www.traveloka.com/id-id/user/review/consumption/HOTEL/GENERAL/71951,31,38,"Hotel yang dekat dengan BIP, FO di jl. Riau, Riau junction.",Diulas 567 minggu lalu
https://www.traveloka.com/id-id/user/review/consumption/HOTEL/GENERAL/71951,31,39,Menu sahur lengkap dan lezat.,Diulas 567 minggu lalu
https://www.traveloka.com/id-id/user/review/consumption/HOTEL/GENERAL/71951,31,40,"Saya merasa nyaman menginap di Santika Bandung. Kamar oke, staf dan kru hotel semua ramah. Menu breakfast sangat oke, enak. Ketenangan hotel oke, buat istirahat sangat menenangkan. Mau jalan and shopping juga asyik, mall deket tinggal jalan kaki. Mau kemana2 deket, tinggal ngangkot atau naik taksi. Strategislah pokoknya. Kapan2 saya pengen menginap di santika lagi.",Diulas 568 minggu lalu
https://www.traveloka.com/id-id/user/review/consumption/HOTEL/GENERAL/71951,32,1,"Memuaskan untuk kenersihan, kenyamanan dan lolasi...",Diulas 568 minggu lalu
https://www.traveloka.com/id-id/user/review/consumption/HOTEL/GENERAL/71951,32,2,Ramah simpel Dekat kemana mana,Diulas 568 minggu lalu
https://www.traveloka.com/id-id/user/review/consumption/HOTEL/GENERAL/71951,32,3,"Berada di pusat kota sehingga gampang ke mana-mana, pelayanan hotel sangat memuaskan.",Diulas 568 minggu lalu
https://www.traveloka.com/id-id/user/review/consumption/HOTEL/GENERAL/71951,32,4,Ta'jilnya tidak dibatasi hanya 2 org/kmr,Diulas 568 minggu lalu
https://www.traveloka.com/id-id/user/review/consumption/HOTEL/GENERAL/71951,32,5,"Untuk ukuran bintang 3, hotel ini sudah lumayan baik, hanya saja kesan tua yang terlihat di dalam hotel tidak bisa dipungkiri. Kamar termurah (superior) menggunakan bath-tub. Kolam renang sangat unik & menarik karena efek biru tua yang muncul dari lantai (dimana2 kan biru muda). Makanan lengkap & bervariatif. Dan yang paling Saya sukai adalah lokasinya yang sangat sangat strategis.",Diulas 569 minggu lalu
https://www.traveloka.com/id-id/user/review/consumption/HOTEL/GENERAL/71951,32,6,"Semua memuaskan...kamar makanan tempat parkir & lokasinya, mobil pun di cuci hebat & tops dah. Sukses terus buat Santika & Traveloka. Salam",Diulas 569 minggu lalu
https://www.traveloka.com/id-id/user/review/consumption/HOTEL/GENERAL/71951,32,7,Hotel yang masih terawat baik.. terima kasih...,Diulas 569 minggu lalu
https://www.traveloka.com/id-id/user/review/consumption/HOTEL/GENERAL/71951,32,8,"Memiliki fasilitas kolam renang, pelayanan staff baik dan ramah, lokasi yang strategis, konsep dan suasana hotel yang terbuka memberikan kenyamanan",Diulas 570 minggu lalu
https://www.traveloka.com/id-id/user/review/consumption/HOTEL/GENERAL/71951,32,9,Suka dengan bentuk arsitektur bangunanya,Diulas 570 minggu lalu
https://www.traveloka.com/id-id/user/review/consumption/HOTEL/GENERAL/71951,32,10,Untuk kebersihan kamar mandi dan rasa makanan lebih di tingkatkan,Diulas 570 minggu lalu
https://www.traveloka.com/id-id/user/review/consumption/HOTEL/GENERAL/71951,32,11,Cukup baik untuk liburan singkat,Diulas 570 minggu lalu
https://www.traveloka.com/id-id/user/review/consumption/HOTEL/GENERAL/71951,32,12,Kamar bersih Dan breakfast ok. Pelayanan baik.,Diulas 570 minggu lalu
https://www.traveloka.com/id-id/user/review/consumption/HOTEL/GENERAL/71951,32,13,Pelayanan yang sangat baik tetapi sebuah bangunan tua yang,Diulas 571 minggu lalu
https://www.traveloka.com/id-id/user/review/consumption/HOTEL/GENERAL/71951,32,14,Kamar luas dan bersih. Staff ramah. dekat dengan riau. Pokoknya recommended deh..,Diulas 571 minggu lalu
https://www.traveloka.com/id-id/user/review/consumption/HOTEL/GENERAL/71951,32,15,Nilai yang sepadan dengan harganya...,Diulas 571 minggu lalu
https://www.traveloka.com/id-id/user/review/consumption/HOTEL/GENERAL/71951,32,16,1. Kebersihan OK 2. Lokasi strategis 3. pelayanan ramah dan baik 4. Harga relatif terjangkau dan sesuai dengan keunggulan yang didapatkan oleh tamu hotel,Diulas 571 minggu lalu
https://www.traveloka.com/id-id/user/review/consumption/HOTEL/GENERAL/71951,32,17,"Lokasi cukup baik, nyaman dan sangat ramah",Diulas 571 minggu lalu
https://www.traveloka.com/id-id/user/review/consumption/HOTEL/GENERAL/71951,32,18,Kami menginap 2 malam di hotel Santika. Selama disana keluarga saya merasa senang.,Diulas 573 minggu lalu
https://www.traveloka.com/id-id/user/review/consumption/HOTEL/GENERAL/71951,32,19,"Pelayanannya baik dan hotelnya nyaman, dekat dengan mana saja",Diulas 573 minggu lalu
https://www.traveloka.com/id-id/user/review/consumption/HOTEL/GENERAL/71951,32,20,"Hotel yang menyenangkan, staff yang ramah dan dekat dengan pusat kota. Tapi sayang kecewa dengan breakfastnya. Tidak banyak pilihan dan makanan lokal nya tidak fresh.",Diulas 573 minggu lalu
https://www.traveloka.com/id-id/user/review/consumption/HOTEL/GENERAL/71951,32,21,"Baik, baik layanan, sangat dirawat di rumah sakit, kolam renang swimmimg cukup. Makanan sudah besar",Diulas 574 minggu lalu
https://www.traveloka.com/id-id/user/review/consumption/HOTEL/GENERAL/71951,32,22,"Staff ramah, kamar bagus, pilihan sarapan memuaskan",Diulas 574 minggu lalu
https://www.traveloka.com/id-id/user/review/consumption/HOTEL/GENERAL/71951,32,23,"Lokasi sangat strategis, dekat dengan mall, restaurant dan factory outlets hanya dengan berjalan kaki. Banyak pilihan menu breakfast, staff sangat ramah, kamar bersih & nyaman. Kids pool nya besar. Recommended!",Diulas 575 minggu lalu
https://www.traveloka.com/id-id/user/review/consumption/HOTEL/GENERAL/71951,32,24,Staf sangat membantu dan pengertian sekali. Lokasi hotel strategis juga breakfast yang variatif.,Diulas 575 minggu lalu
https://www.traveloka.com/id-id/user/review/consumption/HOTEL/GENERAL/71951,32,25,"First time kami pakai traveloka, sangat mmbantu di tengah kpadatan jadwa, Santika Hotel design lama tapi masih nyaman, dan lokasi strategis, kamar luas homey, breakfast banyak variasinya, good staff dan fasilitas lengkap.",Diulas 576 minggu lalu
https://www.traveloka.com/id-id/user/review/consumption/HOTEL/GENERAL/71951,32,26,"Menyenangkan, ramah, bersih, respon cepat, dekat kemana-mana",Diulas 576 minggu lalu
https://www.traveloka.com/id-id/user/review/consumption/HOTEL/GENERAL/71951,32,27,"Baik pilihan sarapan khusus untuk Indonesia makanan,",Diulas 576 minggu lalu
https://www.traveloka.com/id-id/user/review/consumption/HOTEL/GENERAL/71951,32,28,"Respon reservasi sangat lambat, Email berhari-hari tidak dibalas untuk mengkonfirmasikan bed type yang saya request.",Diulas 577 minggu lalu
https://www.traveloka.com/id-id/user/review/consumption/HOTEL/GENERAL/71951,32,29,"Kamar bersih, luas..lokasinya dekat mall, mkanan enak2 ala indonesia raya",Diulas 577 minggu lalu
https://www.traveloka.com/id-id/user/review/consumption/HOTEL/GENERAL/71951,32,30,"Hotel terlihat tua, kebersihan cukup, kolam renang yang menyenangkan, lokasi sangat strategis overall nice hotel",Diulas 577 minggu lalu
https://www.traveloka.com/id-id/user/review/consumption/HOTEL/GENERAL/71951,32,31,Kamar ok Breakfast ok Fasilitas hotel ok Saya baru ngeh ternyata ada airport transfer FREE (antar&jemput)llumayan tuh buat menghemat ongkos taxi :D Sedikit kecewanya di kamar mandi. pembungan airnya sedikit kurang lancar & shower di bathtube agak susah penggunaannya (kamar 105) Overall very good for us :D Bravo !,Diulas 577 minggu lalu
https://www.traveloka.com/id-id/user/review/consumption/HOTEL/GENERAL/71951,32,32,Pelayanan bagus...kebetulan ortu Saya perlu kursi dorong. oleh karyawan hotel Santika kursi roda di pinjamkan sampai kami cek aout ..thanks ya,Diulas 577 minggu lalu
https://www.traveloka.com/id-id/user/review/consumption/HOTEL/GENERAL/71951,32,33,"Hotel nya bagus meskipun bangunan lama, pegawainya ramah dan sopan. kamar bersih. siaran TV kabel banyak pilihan. breakfast nya enak dan banyak macamnya...puas dan recommend menginap di santika bandung...Thanks traveloka atas diskon nya..transaksi mudah dan cepat. traveloka memang pas untuk kita...",Diulas 578 minggu lalu
https://www.traveloka.com/id-id/user/review/consumption/HOTEL/GENERAL/71951,32,34,"Hotelnya bangunan lama, tapi pelayanan dan breakfastnya enak. Berada ditengah kota jadi dekat mau kemana-mana.",Diulas 579 minggu lalu
https://www.traveloka.com/id-id/user/review/consumption/HOTEL/GENERAL/71951,32,35,"Bersih, hotel lama tapi tetap baik, sangat dekat daerah belanja.",Diulas 579 minggu lalu
https://www.traveloka.com/id-id/user/review/consumption/HOTEL/GENERAL/71951,32,36,"Hotelnya bagus, pegawai-pegawainya ramah, makanannya enak, lokasi strategis. Setelah sampai baru tahu ternyata diperbolehkan merokok di dalam hotel. Untung pesan kamar non-smoking jadi di kamar tidak bau rokok.",Diulas 579 minggu lalu
https://www.traveloka.com/id-id/user/review/consumption/HOTEL/GENERAL/71951,32,37,"Semua bagus, tapi untuk penyediaan stock sarapan kurang bagus, makanan habis dak diisi lagi. Saran untuk tamu...sarapan jangan sampai kesiangan .",Diulas 579 minggu lalu
https://www.traveloka.com/id-id/user/review/consumption/HOTEL/GENERAL/71951,32,38,Sudah baik tetapi kasur twin ukuranya kecil tidak seperti hotel lain,Diulas 580 minggu lalu
https://www.traveloka.com/id-id/user/review/consumption/HOTEL/GENERAL/71951,32,39,"Ruangan hotel cukup bersih, walaupun hotelnya umurnya sudah cukup lama, untuk menu sarapan pagi juga cukup enak",Diulas 580 minggu lalu
https://www.traveloka.com/id-id/user/review/consumption/HOTEL/GENERAL/71951,32,40,"Hotel favorit kami, pelayanannya sangat ramah dan helpful. breakfast juga banyak pilihan dan rasanya enak. Terima kasih Pak Agil ( Supervisor ) yang cepat menanggapi rekuest dari kami. Lokasi sangat strategis, wisata kuliner juga mudah sekali didapat.",Diulas 581 minggu lalu
https://www.traveloka.com/id-id/user/review/consumption/HOTEL/GENERAL/71951,33,1,Tempat yang sangat baik dan sangat dekat pusat daerah factory outlet,Diulas 581 minggu lalu
https://www.traveloka.com/id-id/user/review/consumption/HOTEL/GENERAL/71951,33,2,Alhamdulillaah kami sekeluarga mngucapkan terima kasih untuk pelayanan yang luat biada dan fasilitas yang memuaskan. breakfast nya lezat..yang outstanding mobil kita juga dicuci gratis. trims traveloka..,Diulas 581 minggu lalu
https://www.traveloka.com/id-id/user/review/consumption/HOTEL/GENERAL/71951,33,3,Kamar mandi pd kamar yang saya pesan old design..bath tube..toillet wastafel perlu diganti. to new design,Diulas 582 minggu lalu
https://www.traveloka.com/id-id/user/review/consumption/HOTEL/GENERAL/71951,33,4,AC kamar dan breakfastnya bagus. Lokasi sangat dekat dengan outlet dan supermarket yogya.,Diulas 582 minggu lalu
https://www.traveloka.com/id-id/user/review/consumption/HOTEL/GENERAL/71951,33,5,Kamar cukup nyaman.. Pelayanan agak kurang pada saat di restoran.. Mungkin karena jam sibuk atau kurang pelayan nya. untuk makanan cukup baik. Lahan parkir sempit ya Tapi overall oke lah..,Diulas 582 minggu lalu
https://www.traveloka.com/id-id/user/review/consumption/HOTEL/GENERAL/71951,33,6,"Kamarnya nyaman, pelayanannya bagus dan ramah-ramah. Sarapan paginya enak dan banyak variant. Poolnya bagus. Dekat dengan mall dan pusat factory outlet.",Diulas 583 minggu lalu
https://www.traveloka.com/id-id/user/review/consumption/HOTEL/GENERAL/71951,33,7,"Pelayanannya memuaskan, kolam renangnya bersih, anak-anak pun senang bisa berenang",Diulas 583 minggu lalu
https://www.traveloka.com/id-id/user/review/consumption/HOTEL/GENERAL/71951,33,8,"Hotel yang strategis, lumayan nyaman, nuansa sunda sangat terasa, breakfast lumayan komplet walaupun stoknya kelihatan limited, mobil dicuci walaupun hasilnya kurang bersih. Tidak ada petugas yang membantu mengatur lalu lintas ketika keluar hotel.",Diulas 583 minggu lalu
https://www.traveloka.com/id-id/user/review/consumption/HOTEL/GENERAL/71951,33,9,"Kalau ke bandung, saya lebih suka menginap di santika, alesan utama sih strategis dan deket ke BIP dan FO di riau/ R. E. Martadinata, untuk makanan, di belakang BIP juga banyak bingits.",Diulas 583 minggu lalu
https://www.traveloka.com/id-id/user/review/consumption/HOTEL/GENERAL/71951,33,10,"Tempat menarik deket dengan FO tinggal jalan kaki, pelayanan oke!
pertama datang senang karena dikasih kamar gedean tapi pas buat tidur bednya gg nyaman, dan ternyata it double bed dijadikan singlebed, setelah komplain langsung tanggap & dipindah kamar tapi agak kecilan.",Diulas 584 minggu lalu
https://www.traveloka.com/id-id/user/review/consumption/HOTEL/GENERAL/71951,33,11,"Menyenangkan, dekat ke tempat2 belanja dan makan. Tak terlupakan. Harganya juga ok by traveloka. Mantap.",Diulas 584 minggu lalu
https://www.traveloka.com/id-id/user/review/consumption/HOTEL/GENERAL/71951,33,12,Menyenangkan.. lokasi k mana2 dekat dan breakfast mantaaap,Diulas 585 minggu lalu
https://www.traveloka.com/id-id/user/review/consumption/HOTEL/GENERAL/71951,33,13,"Hotel tergolong hotel lama, makanan dari segi taste kurang memuaskan.
Yang paling mengecewakan, saya booking 2 room untuk keluarga. Minta pick up service di airport. Sehari sebelumnya saya konfirmasi untuk pickup, semua sudah settled. Pas datang, kami menunggu 1 jam, kami telefon ke hotel mobil masih akan diberangkatkan. Karena lama, akhirnya kami terpaksa naik taxi Rp. 130.000 (padahal dekat). Sungguh menyesal memilih hotel ini.",Diulas 586 minggu lalu
https://www.traveloka.com/id-id/user/review/consumption/HOTEL/GENERAL/71951,33,14,"Layanan ini OK, tapi hotel seperti asrama (bangunan tua). Sarapan yang baik.",Diulas 587 minggu lalu
https://www.traveloka.com/id-id/user/review/consumption/HOTEL/GENERAL/71951,33,15,Hotel bagus dengan lokasi yang sangat strategis dan dekat Riau factory outlet dan juga restaurant dengan hidangan yang cocok dengan keluarga kami.,Diulas 588 minggu lalu
https://www.traveloka.com/id-id/user/review/consumption/HOTEL/GENERAL/71951,33,16,"Makanan standart, pelayanan lumayan. sangat recommended buat yang hobby jalan jalan karena penginapan sangat strategis dekat kemanapun",Diulas 588 minggu lalu
https://www.traveloka.com/id-id/user/review/consumption/HOTEL/GENERAL/71951,33,17,"Hotelnya bersih, nyaman, lokasinya yang sangat strategis dekat dengan FO dan mall2..",Diulas 588 minggu lalu
https://www.traveloka.com/id-id/user/review/consumption/HOTEL/GENERAL/71951,33,18,Terdapat kekurangan untuk kamar superior tvnya terlalu kecil. Exhaust perlu diperbanyak untuk kamar smooking.,Diulas 588 minggu lalu
https://www.traveloka.com/id-id/user/review/consumption/HOTEL/GENERAL/71951,33,19,"Hotel yang letaknya strategis, cocok untuk yang suka jalan kota",Diulas 589 minggu lalu
https://www.traveloka.com/id-id/user/review/consumption/HOTEL/GENERAL/71951,33,20,"Secara umum hotelnya bagus namun memerlukan sedikit perbaikan interior lama yang sudah terlihat tua seperti lift penumpang, atap bangunan luar, dan terutama toilet kamar. Kondisi kamar sangat nyaman namun interior toiletnya sudah terlihat tua.",Diulas 589 minggu lalu
https://www.traveloka.com/id-id/user/review/consumption/HOTEL/GENERAL/71951,33,21,"Hotelnya dekat dengan pusat perbelanjaan dan FO, oleh karena itu saya menginap disini untuk yang kedua kalinya.. staff yang ramah dan suasana hotel yang nyaman membuat anak-anak saya betah menginap disini.",Diulas 590 minggu lalu
https://www.traveloka.com/id-id/user/review/consumption/HOTEL/GENERAL/71951,33,22,"Hotel dengan posisi yang sangat strategis dan menurut saya sangat nyaman. Dr sisi pelayanan front office, petugas parkir dan layanan sarapan semuanya ramah & sigap. Jika ada kesempatan saya pasti akan kembali menginap disana lagi.",Diulas 591 minggu lalu
https://www.traveloka.com/id-id/user/review/consumption/HOTEL/GENERAL/71951,33,23,"Cek in/out cepet dan baik.. pelayanan bagus, breakfast banyak pilihan. cuma sayang spek kamar ada yang tidak sesuai sama review.. so far bagus lah, semoga bisa balik lagi k sini",Diulas 591 minggu lalu
https://www.traveloka.com/id-id/user/review/consumption/HOTEL/GENERAL/71951,33,24,Dapat kamar di lantai 3 dekat ruang room service yang mana di pagi hari sangat berisik.,Diulas 591 minggu lalu
https://www.traveloka.com/id-id/user/review/consumption/HOTEL/GENERAL/71951,33,25,"Pelayanannya memuaskan, staffnya ramah-ramah, makanannya enak, highly recommended hotel,,",Diulas 591 minggu lalu
https://www.traveloka.com/id-id/user/review/consumption/HOTEL/GENERAL/71951,33,26,Dapat kamar pojok dekat ruang room service yang mana dipagi hari sangat berisik.,Diulas 591 minggu lalu
https://www.traveloka.com/id-id/user/review/consumption/HOTEL/GENERAL/71951,33,27,"Ini pertama kalinya saya ke hotel ini. Saya terkesan dengan layout hotel yang unik dari loby hingga semi private swimming pool. Plus dekatnya dengan pusat FO membuat saya sangat menikmati liburan. Kamar tergolong rapi dan terawat hanya harus di update sehingga lebih ekslusif. Sarapan paginya beragam dan sangat enak, saya sangat menikmati setiap santapan yang disajikan. Keep work hard for santika hotel bandung",Diulas 592 minggu lalu
https://www.traveloka.com/id-id/user/review/consumption/HOTEL/GENERAL/71951,33,28,"Letaknya strategis, kamarnya luas dan breakfast yang bervariatif. Rekomen untuk keperluan bisnis maupun berlibur dengan keluarga.",Diulas 592 minggu lalu
https://www.traveloka.com/id-id/user/review/consumption/HOTEL/GENERAL/71951,33,29,Secara umum lumayan. tapi waktu check-in jam 14.00 mesti nunggu setengah jam. hotel udah kelihatan tua,Diulas 592 minggu lalu
https://www.traveloka.com/id-id/user/review/consumption/HOTEL/GENERAL/71951,33,30,"Saya sudah sering menginap di hotel ini, menurut saya, hotel santika sangat strategis letaknya. Ke BIP dan ke FO di riau tinggal jalan kaki saja...",Diulas 592 minggu lalu
https://www.traveloka.com/id-id/user/review/consumption/HOTEL/GENERAL/71951,33,31,Kamar bersih dan sarapan lengkap. Dekat dengan pusat perbelanjaan dan pusat keramaian.,Diulas 593 minggu lalu
https://www.traveloka.com/id-id/user/review/consumption/HOTEL/GENERAL/71951,33,32,"Hotel keluarga, pelayanan sangat cepat, sarapan nikmat, lokasi strategis dekat untuk belanja",Diulas 594 minggu lalu
https://www.traveloka.com/id-id/user/review/consumption/HOTEL/GENERAL/71951,33,33,"Tempat nyaman untuk berlibur, menu sarapan paginya sagat enak",Diulas 594 minggu lalu
https://www.traveloka.com/id-id/user/review/consumption/HOTEL/GENERAL/71951,33,34,"Makanannya enak banget, lokasi hotel strategis, cocok buat keluarga berlibur ada kolamnya. thanks santika",Diulas 594 minggu lalu
https://www.traveloka.com/id-id/user/review/consumption/HOTEL/GENERAL/71951,33,35,Dekorasi mungkin perlu dibenahi jadi lebih nampak meriah.,Diulas 595 minggu lalu
https://www.traveloka.com/id-id/user/review/consumption/HOTEL/GENERAL/71951,33,36,"Service baik, crew hotel ramah dan dapat diandalkan.",Diulas 595 minggu lalu
https://www.traveloka.com/id-id/user/review/consumption/HOTEL/GENERAL/71951,33,37,"Menu sarapan payah, itu ke itu saja, ada yang tidak dipanasi. Pelayannya lamban",Diulas 595 minggu lalu
https://www.traveloka.com/id-id/user/review/consumption/HOTEL/GENERAL/71951,33,38,"Untuk sekelas hotel lama, Santika masih sangat baik. Letaknya strategis dekat Jl. Riau, dekat Bandung Indah Plaza, dekat Dago, namun akses menuju hotel sangat padat/macet. Overall baik, kamar bersih, makanan enak, karyawan ramah dan cekatan.",Diulas 595 minggu lalu
https://www.traveloka.com/id-id/user/review/consumption/HOTEL/GENERAL/71951,33,39,"Hotelnya mantap, pelayanan luar biasa, dan harganya sangat masuk akal! Pasti akan menginap disini lagi!",Diulas 595 minggu lalu
https://www.traveloka.com/id-id/user/review/consumption/HOTEL/GENERAL/71951,33,40,"Proses check-in dan check-out cepat, lokasi dekat Bandung Indah Plaza",Diulas 595 minggu lalu
https://www.traveloka.com/id-id/user/review/consumption/HOTEL/GENERAL/71951,34,1,"Secara umum cukup baik. kamar, kebersihan dan layanan baik. cuma saat pulang, kami ketinggalan barang di kamar. Okey itu kelalaian kami. cuma untuk kebaikan ke depan perlu ditingkatkan kejujuran dan niat baik dari staff terhadap klaim barang yang tertinggal.",Diulas 595 minggu lalu
https://www.traveloka.com/id-id/user/review/consumption/HOTEL/GENERAL/71951,34,2,"Barang saya sempet tertinggal di Hotel, tapi akhirnya dikirim oleh pihak Hotel ke Alamat Kami, terima kasih kami ucapkan ke Pihak Manajemen Hotel",Diulas 596 minggu lalu
https://www.traveloka.com/id-id/user/review/consumption/HOTEL/GENERAL/71951,34,3,Hotel yang nyaman dan bagus untuk liburan keluarga. Tepat berada di area pusat kota membuat kemudahan bagi kita untuk berpergian ke beberapa tempat wisata yang menjadi favorit untuk dikunjungi.,Diulas 596 minggu lalu
https://www.traveloka.com/id-id/user/review/consumption/HOTEL/GENERAL/71951,34,4,"Hotel Santika sungguh sangat menyenangakan untuk keluarga saya. Terletak di kota Bandung, Hotel ini merupakan tempat yang ideal bagi kami yang ingin berjalan-jalan di kota Bandung. Dari sini, Kami dapat menikmati akses yang mudah ke semua tempat. Hotel ini dekat dengan Trans Studio Bandung, theme park terbesar di dunia, dan Trans Studio Mall (dahulu Bandung Supermall) membuat hotel ini memiliki pesona yang luar biasa. Hotel ini dapat ditempuh dalam waktu 40 menit berkendara dari Bandara Internasional Husein Sastranegara dan 30 menit dari Stasiun kereta api. Overall menyenangkan.",Diulas 596 minggu lalu
https://www.traveloka.com/id-id/user/review/consumption/HOTEL/GENERAL/71951,34,5,"Baik, tetapi hotel perlu direnovasi. Pelayanan kurang.",Diulas 596 minggu lalu
https://www.traveloka.com/id-id/user/review/consumption/HOTEL/GENERAL/71951,34,6,"Hotel yang nyaman Dan bersih, lokasi dekat ke pusat kota dan menu sarapannya variatif banyak pilihan. Kami suka menunya.",Diulas 597 minggu lalu
https://www.traveloka.com/id-id/user/review/consumption/HOTEL/GENERAL/71951,34,7,"Breakfast kurang pelayan, meja banyak yang belum dibersihkan.",Diulas 597 minggu lalu
https://www.traveloka.com/id-id/user/review/consumption/HOTEL/GENERAL/71951,34,8,"Hotel dengan lokasi strategis, model bangunan dan kamar bentuk lama namun tetap nyaman, pelayanan cepat dan ramah, sarapan lumayan, namun tidak se-variatif Hotel Santika di kota lain.",Diulas 597 minggu lalu
https://www.traveloka.com/id-id/user/review/consumption/HOTEL/GENERAL/71951,34,9,"Pelayanannya bagus, kamar juga bersih, pokoknya recommended banget dah.",Diulas 597 minggu lalu
https://www.traveloka.com/id-id/user/review/consumption/HOTEL/GENERAL/71951,34,10,"Check-in is the best part, karena cepat sekali dan ramah pelayanan nya. Kamar cukup bersih dan bagus, tetapi saya sangat kecewa dengan kamar mandi yang kurang bersih (tepatnya kurang dibersihkan). Karena saya risih, saya membersihkan sendiri ternyata masih bisa lebih bersih dari pada room service hotelnya. Bagian toilet dan wastafel kurang bersih, ini penting sekali.",Diulas 597 minggu lalu
https://www.traveloka.com/id-id/user/review/consumption/HOTEL/GENERAL/71951,34,11,Kami minta banyak hal dalam pelayanan dan hotel membantu dengan baik.,Diulas 598 minggu lalu
https://www.traveloka.com/id-id/user/review/consumption/HOTEL/GENERAL/71951,34,12,"Kamar baik, luas dan bersih. Kekurangannya adalah: sarapan pagi, menunya tiap pagi sama dan kurang banyak pilihan dan makanannya kurang enak. Layanan di restoran kurang ramah dan lamban. Dalam dua hari menginap saya langsung bosan. Beda sekali dengan Hotel Santika di kota lain, Surabaya misalnya.",Diulas 598 minggu lalu
https://www.traveloka.com/id-id/user/review/consumption/HOTEL/GENERAL/71951,34,13,"Secara general good, terutama adalah lokasi sangat dekat dengan pusat kota Bandung",Diulas 600 minggu lalu
https://www.traveloka.com/id-id/user/review/consumption/HOTEL/GENERAL/71951,34,14,"Hotel lama yang cukup nyaman dan bersih. Lokasi strategis, dekat banyak fo dan tempat makan",Diulas 600 minggu lalu
https://www.traveloka.com/id-id/user/review/consumption/HOTEL/GENERAL/71951,34,15,Letak strategis dan breakfastnya enak. check-in berjalan lancar dan cukup cepat dilayani,Diulas 601 minggu lalu
https://www.traveloka.com/id-id/user/review/consumption/HOTEL/GENERAL/71951,34,16,"Nice hotel, suasana tenang seperti di rumah sendiri. Sarapan pagi juga enak.",Diulas 603 minggu lalu
https://www.traveloka.com/id-id/user/review/consumption/HOTEL/GENERAL/71951,34,17,"Hotel yang sangat strategis, pelayanannya ramah, kamarnya nyaman, harga memadai. Apabila kita datang menggunakan kendaraan, servis sudah termasuk kendaraaan di cuci, definitely want to come back",Diulas 607 minggu lalu
