url,page,review_index,teks_ulasan,tanggal
https://www.traveloka.com/id-id/user/review/consumption/HOTEL/GENERAL/240423,1,1,"Mudah akses ke Botani Conventions, kebetulan ada acara di situ",Diulas 2 minggu lalu
https://www.traveloka.com/id-id/user/review/consumption/HOTEL/GENERAL/240423,1,2,"Lokasi dekat mal, kuliner banyak, hotel bersih, asiklah",Diulas 4 minggu lalu
https://www.traveloka.com/id-id/user/review/consumption/HOTEL/GENERAL/240423,1,3,"Salah satu hotel favorit anak-anak, apalagi kalau di weekday.. Kolam renang serasa punya sendiri 🤭. Nyaman, menyenangkan, staff yang ramah, makanan yang sesuai selera anak-anak saya. Terima kasih Santika Hotel Bogor.",Diulas 4 minggu lalu
https://www.traveloka.com/id-id/user/review/consumption/HOTEL/GENERAL/240423,1,4,"Lokasi sangat strategis, akses ke mal langsung tanpa harus keluar hotel, ke lokasi wisata yang lain juga tidak jauh, staff-nya ramah dan yang paling penting kamar-nya nyaman banget. Sangat direkomendasikan sekali.",Diulas 5 minggu lalu
https://www.traveloka.com/id-id/user/review/consumption/HOTEL/GENERAL/240423,1,5,"Kamarnya bersih dan rapi. Service-nya juga oke. Area kolam renangnya bagus, dan nuansanya sejuk. Makanannya oke dan variasinya banyak. Strategis lokasinya, dan menyatu dengan Mal Botani Square.",Diulas 5 minggu lalu
https://www.traveloka.com/id-id/user/review/consumption/HOTEL/GENERAL/240423,1,6,"Nyaman tinggal di Hotel Santika, salah satu dekat mal Botani Square, cari makan minum gampang.",Diulas 5 minggu lalu
https://www.traveloka.com/id-id/user/review/consumption/HOTEL/GENERAL/240423,1,7,Saya benar-benar menikmati masa menginap yang luar biasa di Hotel Santika Bogor.,Diulas 6 minggu lalu
https://www.traveloka.com/id-id/user/review/consumption/HOTEL/GENERAL/240423,1,8,"Hotel di tengah kota, kamar dan toilet bersih, kamar lumayan besar, variasi makanan serta rasa ok.",Diulas 6 minggu lalu
https://www.traveloka.com/id-id/user/review/consumption/HOTEL/GENERAL/240423,1,9,"Tempatnya enak, kamarnya nyaman, staf dan security-nya juga ramah, dekat dengan mal. Next kita nginep di sini lagi.",Diulas 6 minggu lalu
https://www.traveloka.com/id-id/user/review/consumption/HOTEL/GENERAL/240423,1,10,"Staff hotel ramah, makanan enak",Diulas 7 minggu lalu
https://www.traveloka.com/id-id/user/review/consumption/HOTEL/GENERAL/240423,1,11,"Sangat menyenangkan menginap di Santika Bogor. Kamarnya bersih, AC dingin, air kencang dan heater berfungsi dengan baik. Staff sangat friendly.",Diulas 7 minggu lalu
https://www.traveloka.com/id-id/user/review/consumption/HOTEL/GENERAL/240423,1,12,"Santika Bogor berlokasi di dekat Kebun Raya yang ikonik, dengan cuaca dan pemandangan yang bagus, menjadikannya tempat yang paling indah untuk bersantai dan berolahraga pagi.",Diulas 7 minggu lalu
https://www.traveloka.com/id-id/user/review/consumption/HOTEL/GENERAL/240423,1,13,"Sudah langganan jika berkunjung ke Bogor selalu menggunakan akomodasi ini, luaaar biasa menyenangkan.",Diulas 8 minggu lalu
https://www.traveloka.com/id-id/user/review/consumption/HOTEL/GENERAL/240423,1,14,"Staf hotel ramah, hotel bersih, lokasi strategis, proses check-in dan check-out mudah.",Diulas 8 minggu lalu
https://www.traveloka.com/id-id/user/review/consumption/HOTEL/GENERAL/240423,1,15,"Selama saya menginap meski cuma semalam, tapi sangat berkesan akan keramahan pelayanan staf hotelnya, kamar dan fasilitas wangi/harum, serta makanan sarapan pagi yang enak dan bervariasi. Lain kali meski di tempat lain selain di Bogor, Santika Hotel layak untuk jadi rekomendasi.",Diulas 8 minggu lalu
https://www.traveloka.com/id-id/user/review/consumption/HOTEL/GENERAL/240423,1,16,Old hotel.. Jadi flat aja.. Cuma menang ada akses langsung ke mal,Diulas 8 minggu lalu
https://www.traveloka.com/id-id/user/review/consumption/HOTEL/GENERAL/240423,1,17,"Pelayanan bagus, staff ramah, suasana hotel nyaman. Mantap👍",Diulas 8 minggu lalu
https://www.traveloka.com/id-id/user/review/consumption/HOTEL/GENERAL/240423,1,18,"Nyaman, terkoneksi dengan pusat perbelanjaan, senang menggunakan akomodasi ini.",Diulas 8 minggu lalu
https://www.traveloka.com/id-id/user/review/consumption/HOTEL/GENERAL/240423,1,19,"Staf ramah, hotel nempel mal dan ada masjid IPB di dalam kompleks hotel dan mal. Jadi lebih mudah salat di masjid. Dekat Tugu Kujang dan akses tol juga.",Diulas 9 minggu lalu
https://www.traveloka.com/id-id/user/review/consumption/HOTEL/GENERAL/240423,1,20,"Saya beberapa kali menginap di sini karena memang lokasinya strategis. Ramadhan kali ini saya dan keluarga coba menginap lagi di sini, pengen merasakan sensasi makan sahur. Tapi kali ini agak kecewa. Variasi makanan sahur yang kurang bervariasi, ditambah lagi sejak pagi di kamar ada yang ketok-ketok di atas kamar yang cukup mengganggu sehingga mengganggu tidur kami dan keluarga. Yang berbeda di menginap kali ini adanya layanan valet mobil untuk parkir. Sangat membantu untuk kami dan keluarga gak kesusahan cari parkiran di mal.",Diulas 11 minggu lalu
https://www.traveloka.com/id-id/user/review/consumption/HOTEL/GENERAL/240423,1,21,"Nyaman, akses mudah, nyari makan sebelah mal, satpamnya helpful.",Diulas 12 minggu lalu
https://www.traveloka.com/id-id/user/review/consumption/HOTEL/GENERAL/240423,1,22,Dapat upgrade gratis dari kamar superior ke eksekutif,Diulas 12 minggu lalu
https://www.traveloka.com/id-id/user/review/consumption/HOTEL/GENERAL/240423,1,23,"Lokasinya strategis, kamar cukup luas. Ada beberapa kendala tapi segera ditangani oleh pihak hotelnya. Terima kasih untuk cake-nya ya..",Diulas 13 minggu lalu
https://www.traveloka.com/id-id/user/review/consumption/HOTEL/GENERAL/240423,1,24,Sangat memuaskan untuk tempat bersih dan makanan juga enak.,Diulas 13 minggu lalu
https://www.traveloka.com/id-id/user/review/consumption/HOTEL/GENERAL/240423,1,25,"Hotel mendekati sempurna... Variasi sarapan saja yang perlu ditingkatkan, crew hotel sangat baik dan ramah.",Diulas 14 minggu lalu
https://www.traveloka.com/id-id/user/review/consumption/HOTEL/GENERAL/240423,1,26,"Bisa early check-in, tapi pas mau masuk kartunya ga bisa dipakai dan nunggu 15 menit petugas. Kamarnya luas, sofanya empuk bisa buat tidur. Kamar mandi luas, ruang shower dan closet terpisah, ada bidetnya. Ada kulkasnya, TV lengkap, Wi-Fi di semua area bagus. Ada brankas, bantal, selimut, meja kerja super luas. Kolam renang ada buat anak dan bersih. Makanan variasi, bersih, pelayanan cepat. Lift super kecil, kalau bawa stroller 2 liftnya cepat nutup. Semoga next ada playground mini untuk anak. Dapat kamar di lantai 6 dan kalau sore dapat view sunset gunung bagus sekali.",Diulas 14 minggu lalu
https://www.traveloka.com/id-id/user/review/consumption/HOTEL/GENERAL/240423,1,27,"Keren sih, dapat pujian kue ulang tahun, stafnya ramah pol",Diulas 17 minggu lalu
https://www.traveloka.com/id-id/user/review/consumption/HOTEL/GENERAL/240423,1,28,Tempat yang bagus dan mudah diakses ke mal.,Diulas 18 minggu lalu
https://www.traveloka.com/id-id/user/review/consumption/HOTEL/GENERAL/240423,1,29,"Penerangan kurang banget , sofa , kursi kotor , kamar kusam , hair dryer tidak ada ( harus request tapi pas hari itu dibilang tidak ada , habis dipakai kamar lain ) , AC berisik .  Overall kurang nyaman dengan harga yang didapat saat itu .",Diulas 18 minggu lalu
https://www.traveloka.com/id-id/user/review/consumption/HOTEL/GENERAL/240423,1,30,Pelayanan buruk. Staf tidak terlalu membantu. Banyak masalah saat check-in.,Diulas 18 minggu lalu
https://www.traveloka.com/id-id/user/review/consumption/HOTEL/GENERAL/240423,1,31,"Senang staycation di sini, anak-anak puas dengan fasilitas serta nyambung dengan mal Botani Square",Diulas 18 minggu lalu
https://www.traveloka.com/id-id/user/review/consumption/HOTEL/GENERAL/240423,1,32,Sy seneng nginep dsini krn berdekatan dgn mall dan deket dgn kebun raya Bogor jd kita bisa olah raga muterin istana Bogor,Diulas 18 minggu lalu
https://www.traveloka.com/id-id/user/review/consumption/HOTEL/GENERAL/240423,1,33,"Cocok untuk staycation keluarga, gedung 1 di Bogor Mall Citycenter.",Diulas 19 minggu lalu
https://www.traveloka.com/id-id/user/review/consumption/HOTEL/GENERAL/240423,1,34,Ok banget dekat dengan mal dan pintu tol Bogor,Diulas 20 minggu lalu
https://www.traveloka.com/id-id/user/review/consumption/HOTEL/GENERAL/240423,1,35,"Overall bagus, oke, baik, dalam segala hal.",Diulas 20 minggu lalu
https://www.traveloka.com/id-id/user/review/consumption/HOTEL/GENERAL/240423,1,36,"Langganan ke sini tiap ke Bogor, keren. Check in cepat, check out juga cepat.",Diulas 20 minggu lalu
https://www.traveloka.com/id-id/user/review/consumption/HOTEL/GENERAL/240423,1,37,"Sangat nyaman, akses ke mal-nya mudah, secara keseluruhan Hotel Santika Botani Square sangat memuaskan.",Diulas 21 minggu lalu
https://www.traveloka.com/id-id/user/review/consumption/HOTEL/GENERAL/240423,1,38,"Staf hotel ramah, check in mudah, dekat masjid untuk jumatan",Diulas 21 minggu lalu
https://www.traveloka.com/id-id/user/review/consumption/HOTEL/GENERAL/240423,1,39,"Dapat hadiah voucher menginap lagi dari Santika pas acara tahun baru.. Seruu acaranya, kamarnya nyaman banget dan bersih.. Pokoknya jadi langganan keluarga. ⭐⭐⭐⭐⭐",Diulas 21 minggu lalu
https://www.traveloka.com/id-id/user/review/consumption/HOTEL/GENERAL/240423,1,40,"Kamar luas, bersih, lokasi strategis, staff ramah.",Diulas 21 minggu lalu
https://www.traveloka.com/id-id/user/review/consumption/HOTEL/GENERAL/240423,2,1,"Senang sekali menginap di HS ini. Tinggal turun kalau mau ke mal, harganya juga terjangkau.",Diulas 21 minggu lalu
https://www.traveloka.com/id-id/user/review/consumption/HOTEL/GENERAL/240423,2,2,"Selama menginap mendapatkan kesan baik. Keramahan petugas dirasakan semenjak di resepsionis, petugas yang membantu parkir, petugas yang membersihkan kamar, hingga petugas di eksekutif lounge saat periode free snacks.",Diulas 21 minggu lalu
https://www.traveloka.com/id-id/user/review/consumption/HOTEL/GENERAL/240423,2,3,Recommended buat liburan dengan keluarga,Diulas 21 minggu lalu
https://www.traveloka.com/id-id/user/review/consumption/HOTEL/GENERAL/240423,2,4,"Suasana enak, ada jalur khusus untuk langsung ke mal, mantap.",Diulas 22 minggu lalu
https://www.traveloka.com/id-id/user/review/consumption/HOTEL/GENERAL/240423,2,5,Staf hotel sangat ramah dan suasana hotel sangat nyaman.,Diulas 22 minggu lalu
https://www.traveloka.com/id-id/user/review/consumption/HOTEL/GENERAL/240423,2,6,pasti memilih santika kembali,Diulas 22 minggu lalu
https://www.traveloka.com/id-id/user/review/consumption/HOTEL/GENERAL/240423,2,7,"Lokasi strategis, petugas ramah-ramah",Diulas 23 minggu lalu
https://www.traveloka.com/id-id/user/review/consumption/HOTEL/GENERAL/240423,2,8,"Nyaman, bersih, pelayanan baik, dan mantap",Diulas 23 minggu lalu
https://www.traveloka.com/id-id/user/review/consumption/HOTEL/GENERAL/240423,2,9,Salah satu pilihan hotel saat menginap,Diulas 24 minggu lalu
https://www.traveloka.com/id-id/user/review/consumption/HOTEL/GENERAL/240423,2,10,"pelayanan jelek sekali tidak mewadahi, tidak boleh rame"" berisik saat jam malam, mending di buat asrama aja ya kan",Diulas 26 minggu lalu
https://www.traveloka.com/id-id/user/review/consumption/HOTEL/GENERAL/240423,2,11,Sudah 4x menginap di sini.... Tidak pernah kecewa dan sangat memuaskan..... Mal sangat dekat,Diulas 27 minggu lalu
https://www.traveloka.com/id-id/user/review/consumption/HOTEL/GENERAL/240423,2,12,"Staff hotel ramah dan lokasinya bagus dekat Kebun Raya Bogor, mal, dan tempat makan.",Diulas 28 minggu lalu
https://www.traveloka.com/id-id/user/review/consumption/HOTEL/GENERAL/240423,2,13,"dpt kamar di executive queen. dgn bawa 2 anak. udh paham banget kl utk sarapan anak2 bayar .  sy menginap di lt 10. dpt fasilitas semacam snack utk sore hari. tp yg agak kurang enak perkataan stafnya. pada saat mau ambil makanan, sy di ingatkan kl makanan hanya utk 2 org aja. duuuhhh, mbak. sy jg tau diri. ga mgkin ngabisin semua snack yg ada. mskipun sy bawa anak2. sy sdh biasa ko kl utk sarapan jg hrs bayar.",Diulas 28 minggu lalu
https://www.traveloka.com/id-id/user/review/consumption/HOTEL/GENERAL/240423,2,14,"Bersih, nyaman, dekat ke mal, keren",Diulas 30 minggu lalu
https://www.traveloka.com/id-id/user/review/consumption/HOTEL/GENERAL/240423,2,15,"Alhamdulillah ini, sudah yang kesekian kalinya saya dan keluarga menginap di sini. Hotel yang lokasinya sangat strategis, bersih, nyaman, semua staff mulai dari resepsionis, waiters, house keeping staff, staff yang jaga kolam renang dan sport area, serta security-nya semuanya ramah dan very help full. Kolam renang-nya juga nyaman. Breakfast Buffet menu-nya juga bervariasi. Thank you Santika Hotel Bogor.",Diulas 30 minggu lalu
https://www.traveloka.com/id-id/user/review/consumption/HOTEL/GENERAL/240423,2,16,"Staf hotel ramah saat check in, perlu bantuan & check out. Kamar luas ada sofa panjang",Diulas 30 minggu lalu
https://www.traveloka.com/id-id/user/review/consumption/HOTEL/GENERAL/240423,2,17,"bagus banget buat liburan, rekreasi melepaskan penat",Diulas 30 minggu lalu
https://www.traveloka.com/id-id/user/review/consumption/HOTEL/GENERAL/240423,2,18,tingkatkan kebersihan lingkungan kamar dan area tempat tidur,Diulas 30 minggu lalu
https://www.traveloka.com/id-id/user/review/consumption/HOTEL/GENERAL/240423,2,19,"Lokasi strategis, ukuran kamar sangat memuaskan, kelengkapan fasilitas oke, apalagi nyambung dengan Botani Square. Keluhan saya hanya kepada lift yang lambat dan membuang waktu.",Diulas 31 minggu lalu
https://www.traveloka.com/id-id/user/review/consumption/HOTEL/GENERAL/240423,2,20,"Kamar luas, breakfast bagus, makanan enak. Pelayanan bagus.",Diulas 32 minggu lalu
https://www.traveloka.com/id-id/user/review/consumption/HOTEL/GENERAL/240423,2,21,"Pertama kali menginap di Santika Bogor, sangat senang dengan lokasi nya. berada di pusat kota dengan kemudahan akses kemana-mana. Bersebelahan dengan mall sangat mengakomodir bagi kami yg senang jajan dan eksplor kuliner. Family Friendly, seluruh staff ramah. Sangat Reccommended dan pasti akan balik lagi.",Diulas 32 minggu lalu
https://www.traveloka.com/id-id/user/review/consumption/HOTEL/GENERAL/240423,2,22,Hampir tiap bulan menginap di sini. Semuanya benar-benar oke bangettt,Diulas 33 minggu lalu
https://www.traveloka.com/id-id/user/review/consumption/HOTEL/GENERAL/240423,2,23,"Menurut sy interior kamar harus di upgrade, lokasi sudah bagus 1 area dgn mall, semoga hotelnya bisa upgrade ke bintang 4 ya. Ada harga ada kualitas.",Diulas 34 minggu lalu
https://www.traveloka.com/id-id/user/review/consumption/HOTEL/GENERAL/240423,2,24,"Akses ke mal gampang, hotelnya bersih, pelayanan-nya sigap. Selalu jadi favorit untuk menginap di hotel ini, pilihan yang tepat untuk keluarga.",Diulas 35 minggu lalu
https://www.traveloka.com/id-id/user/review/consumption/HOTEL/GENERAL/240423,2,25,Menyenangkan buat santai di Kota Bogor,Diulas 35 minggu lalu
https://www.traveloka.com/id-id/user/review/consumption/HOTEL/GENERAL/240423,2,26,"Terima kasih, lain waktu menginap di sana lagi",Diulas 35 minggu lalu
https://www.traveloka.com/id-id/user/review/consumption/HOTEL/GENERAL/240423,2,27,"Lokasi yang sangat strategis di pusat kota, dekat ke kebun raya, tempat-tempat makanan, mal, dan pintu tol.",Diulas 35 minggu lalu
https://www.traveloka.com/id-id/user/review/consumption/HOTEL/GENERAL/240423,2,28,Asyik.. Tempat nyaman di tengah kota,Diulas 35 minggu lalu
https://www.traveloka.com/id-id/user/review/consumption/HOTEL/GENERAL/240423,2,29,"lokasi strategis, servisnya jg bagus.
hanya makanan kurang variatif",Diulas 36 minggu lalu
https://www.traveloka.com/id-id/user/review/consumption/HOTEL/GENERAL/240423,2,30,"Akses ke Mal Botani dekat, anak-anak suka kolam renang.",Diulas 36 minggu lalu
https://www.traveloka.com/id-id/user/review/consumption/HOTEL/GENERAL/240423,2,31,"Staf hotel ramah, ruang kamar luas dan bersih.",Diulas 37 minggu lalu
https://www.traveloka.com/id-id/user/review/consumption/HOTEL/GENERAL/240423,2,32,Staff hotel ramah dan fast response..😍,Diulas 37 minggu lalu
https://www.traveloka.com/id-id/user/review/consumption/HOTEL/GENERAL/240423,2,33,Menyenangkan & pelayanan bagus,Diulas 40 minggu lalu
https://www.traveloka.com/id-id/user/review/consumption/HOTEL/GENERAL/240423,2,34,"Puas secara keseluruhan, baik kamar, pelayanan, makanan, kebersihan, ada fasilitas renang, gym, dekat dengan mal dan tempat wisata dan kuliner lainnya.",Diulas 40 minggu lalu
https://www.traveloka.com/id-id/user/review/consumption/HOTEL/GENERAL/240423,2,35,Nyaman menginap di sini... Dekat kalau ke Botani Square...,Diulas 40 minggu lalu
https://www.traveloka.com/id-id/user/review/consumption/HOTEL/GENERAL/240423,2,36,Enjoy menginap di sini untuk istirahat karena sering ada acara di mal Botani,Diulas 41 minggu lalu
https://www.traveloka.com/id-id/user/review/consumption/HOTEL/GENERAL/240423,2,37,"Harga masih affordable, ramah di kantong tapi fasilitas-nya worthed. Kamar luas dan tinggal selangkah ke mal, lokasi strategis jadi mau keliling Bogor pun enak. Parkiran mudah di bagian depan mal.",Diulas 41 minggu lalu
https://www.traveloka.com/id-id/user/review/consumption/HOTEL/GENERAL/240423,2,38,"Nyaman tempatnya, kalau ke mal sebelahan..👍",Diulas 41 minggu lalu
https://www.traveloka.com/id-id/user/review/consumption/HOTEL/GENERAL/240423,2,39,"Cukup nyaman, tidak banyak yang bisa dilakukan di hotel ini. Mungkin hanya untuk tidur saja. Tapi lokasinya sangat dekat dengan BTM, di sebelahnya. Parkirnya lumayan.",Diulas 42 minggu lalu
https://www.traveloka.com/id-id/user/review/consumption/HOTEL/GENERAL/240423,2,40,"Hotel Santika Bogor adalah pilihan utama saya setiap kali saya melakukan perjalanan bisnis ke Kota Bogor. Lokasinya sungguh strategis—tepat di jantung kota, dengan akses mudah ke jalan tol, terhubung langsung dengan Botani Square Mall, dan tepat di seberang Kebun Raya Bogor. Sungguh lokasi yang sempurna.

Ukuran kamarnya standar, tetapi cukup nyaman untuk dua orang. Pilihan makanannya beragam, dan semua yang saya coba lezat.

Secara keseluruhan, saya sangat merekomendasikan Hotel Santika Bogor untuk menginap bisnis maupun liburan.",Diulas 42 minggu lalu
https://www.traveloka.com/id-id/user/review/consumption/HOTEL/GENERAL/240423,3,1,"Hotel Santika Bogor adalah pilihan utama saya setiap kali saya melakukan perjalanan bisnis ke Kota Bogor. Lokasinya sungguh strategis—tepat di jantung kota, dengan akses mudah ke jalan tol, terhubung langsung dengan Botani Square Mall, dan tepat di seberang Kebun Raya Bogor. Sungguh lokasi yang sempurna.

Ukuran kamarnya standar, tetapi cukup nyaman untuk dua orang. Pilihan makanannya beragam, dan semua yang saya coba lezat.

Secara keseluruhan, saya sangat merekomendasikan Hotel Santika Bogor untuk menginap bisnis maupun liburan.",Diulas 42 minggu lalu
https://www.traveloka.com/id-id/user/review/consumption/HOTEL/GENERAL/240423,3,2,"Hotel-nya nyaman, pelayananannya oke, makanannya enak... Ahhhh terbaik",Diulas 42 minggu lalu
https://www.traveloka.com/id-id/user/review/consumption/HOTEL/GENERAL/240423,3,3,"Pelayanan bagus, kamar yang bersih, dekat dengan bus DAMRI, jadi ketika baru sampai dari bandara malam hari pun, gampang mencapai hotel, tinggal tarik koper trolley, jalan kaki sedikit, sampai deh...",Diulas 42 minggu lalu
https://www.traveloka.com/id-id/user/review/consumption/HOTEL/GENERAL/240423,3,4,Cukup memudahkan karena connect dengan Botani...,Diulas 43 minggu lalu
https://www.traveloka.com/id-id/user/review/consumption/HOTEL/GENERAL/240423,3,5,"Staf hotel ramah semua, dekat dengan mal, dan makanan lumayan bervariasi dan enak semua.",Diulas 43 minggu lalu
https://www.traveloka.com/id-id/user/review/consumption/HOTEL/GENERAL/240423,3,6,check out jam 12 tapi dari jam 11 kartu akses sudah tidak dapat digunakan sehingga menyulitkan tamu,Diulas 44 minggu lalu
https://www.traveloka.com/id-id/user/review/consumption/HOTEL/GENERAL/240423,3,7,"Hotelnya sangat bagus. Proses check-in dan check-out cepat. Sarapannya enak dan banyak pilihan, mulai dari Barat hingga tradisional. Sangat dekat dengan pusat kota dan Botani Square, tetapi ternyata cukup tenang. Mereka menyediakan camilan gratis (kue, camilan tradisional, dan kopi) untuk kamar eksekutif di sore hari.
Kekurangannya adalah:
1. Tidak ada saluran internasional di TV.
2. Bau di aula eksekutif sangat menyengat. Seperti ada yang busuk.
3. Air panas tidak mengalir dengan baik.",Diulas 45 minggu lalu
https://www.traveloka.com/id-id/user/review/consumption/HOTEL/GENERAL/240423,3,8,"Sudah beberapa kali menginap di Santika Hotel Bogor. Sejauh ini kemudahan akses saat cek in dengan pelayanan staff yang ramah, serta koneksi ke mal untuk pemenuhan keperluan dan kebutuhan selama menginap. Keramahan staff dan berkomunikasi dengan baik. Semoga bisa terus dipertahankan dan ditingkatkan. Terima kasih atas pelayanan yang baik ini.",Diulas 45 minggu lalu
https://www.traveloka.com/id-id/user/review/consumption/HOTEL/GENERAL/240423,3,9,"Nyaman bangeett beberapa kali menginap di sini.
Staff-nya sangat ramah, kamarnya luas, ada sofanya juga.

Sarapannya bervariasi, yang recommended omeletnya.

Saat registrasi juga fleksibel, tanpa diminta deposit.

Kereen deh, terima kasih Santika..",Diulas 45 minggu lalu
https://www.traveloka.com/id-id/user/review/consumption/HOTEL/GENERAL/240423,3,10,"bersih, bagus dan sangat efektif",Diulas 45 minggu lalu
https://www.traveloka.com/id-id/user/review/consumption/HOTEL/GENERAL/240423,3,11,"hotelnya bersih banget, pelayanan customernya baik, dan buffetnya juga enak saya puas 😀",Diulas 46 minggu lalu
https://www.traveloka.com/id-id/user/review/consumption/HOTEL/GENERAL/240423,3,12,"nice place...pelayanannya bagus, ramah smua, so far oke smua, dengan harga skian pas dengan yg dirasa, sebelumnya dengan harga yg lebih tinggi di hotel lain tidak sebanding dengan yg di sini pelayanan dll. dn pastinya akan ksini lagi next. TRIms Santika hotel Bogor....anak anak sukaaaa disini. pertahankan yaaa",Diulas 47 minggu lalu
https://www.traveloka.com/id-id/user/review/consumption/HOTEL/GENERAL/240423,3,13,"Staff-nya ramah, kamar-nya bersih, ramah buat anak-anak, parkirnya aja paling yang suka penuh.",Diulas 50 minggu lalu
https://www.traveloka.com/id-id/user/review/consumption/HOTEL/GENERAL/240423,3,14,"Pelayanan cepat, staf ramah, lokasi strategis.",Diulas 50 minggu lalu
https://www.traveloka.com/id-id/user/review/consumption/HOTEL/GENERAL/240423,3,15,staff hotel sangat ramah. tempat strategis. breakfast bervariasi dan rasanya enak. recommended buat balik lagi. sukses selalu untuk hotel Santika Bogor.,Diulas 50 minggu lalu
https://www.traveloka.com/id-id/user/review/consumption/HOTEL/GENERAL/240423,3,16,"Staff hotel ramah, lokasi-nya dekat pusat perbelanjaan.",Diulas 52 minggu lalu
https://www.traveloka.com/id-id/user/review/consumption/HOTEL/GENERAL/240423,3,17,"Staff ramah, bersih, nyaman, paket lengkap.",Diulas 52 minggu lalu
https://www.traveloka.com/id-id/user/review/consumption/HOTEL/GENERAL/240423,3,18,"Lokasi sangat strategis yaitu berada di pusat kita dan berdekatan dengan tugu kujang , pintu tol, serta mall (botani square). 
Kamar terawat dengan baik dan pelayanan ramah. Cocok untuk staycation.",Diulas 53 minggu lalu
https://www.traveloka.com/id-id/user/review/consumption/HOTEL/GENERAL/240423,3,19,Proses check-in dan check-out cepat.,Diulas 54 minggu lalu
https://www.traveloka.com/id-id/user/review/consumption/HOTEL/GENERAL/240423,3,20,"Mantap pelayanannya, petugas ramah, dekat kota juga, fasilitas mantap.",Diulas 55 minggu lalu
https://www.traveloka.com/id-id/user/review/consumption/HOTEL/GENERAL/240423,3,21,Enak dekat mall dan transportasi publik.,Diulas 56 minggu lalu
https://www.traveloka.com/id-id/user/review/consumption/HOTEL/GENERAL/240423,3,22,Perlengkapan mandi seperti handuk kurang bersih dan bau kurang sedap,Diulas 56 minggu lalu
https://www.traveloka.com/id-id/user/review/consumption/HOTEL/GENERAL/240423,3,23,"Staff hotel ramah, kamar nyaman, lokasi strategis.",Diulas 56 minggu lalu
https://www.traveloka.com/id-id/user/review/consumption/HOTEL/GENERAL/240423,3,24,"Nilai +: Hotel bagus, dekat pusat kota, kamar bersih, staf hotel ramah, sarapan banyak variasi. Minusnya: Waktu cek in nunggu 40 menit lebih, padahal sudah datang melebihi waktu cek in. Kamar sebelah berisik, sepanjang malam sampai subuh di kamar sebelah ada suara pindah-pindahin kursi. Tidur jadi sangat terganggu.",Diulas 56 minggu lalu
https://www.traveloka.com/id-id/user/review/consumption/HOTEL/GENERAL/240423,3,25,"Staf hotel sangat ramah dan menu breakfast juga banyak pilihan, kebersihan bagus, sedikit diperbaiki handuknya kurang harum, ada sedikit bau apek-nya, selebihnya aman.",Diulas 57 minggu lalu
https://www.traveloka.com/id-id/user/review/consumption/HOTEL/GENERAL/240423,3,26,"Sudah beberapa kali menginap di Santika Bogor, selalu menyenangkan.",Diulas 57 minggu lalu
https://www.traveloka.com/id-id/user/review/consumption/HOTEL/GENERAL/240423,3,27,"Bakalan balik lagi ke sini, 🙏 tetap pertahankan.",Diulas 58 minggu lalu
https://www.traveloka.com/id-id/user/review/consumption/HOTEL/GENERAL/240423,3,28,Hotel diatas mall memang paling enak untuk ajak anak2 menginap,Diulas 58 minggu lalu
https://www.traveloka.com/id-id/user/review/consumption/HOTEL/GENERAL/240423,3,29,Hotel berkualitas sangat baik.,Diulas 59 minggu lalu
https://www.traveloka.com/id-id/user/review/consumption/HOTEL/GENERAL/240423,3,30,luar biasa menginap di hotel ini...,Diulas 59 minggu lalu
https://www.traveloka.com/id-id/user/review/consumption/HOTEL/GENERAL/240423,3,31,"Selalu langganan kalau ke kota manapun nginepnya di Shantika, staff dari mulai security ramah dan helpful, kamar luas, nice view, makanan lumayan, sukses selalu untuk Shantika hotel.",Diulas 59 minggu lalu
https://www.traveloka.com/id-id/user/review/consumption/HOTEL/GENERAL/240423,3,32,"Semua oke, cuma pada saat sarapan pagi petugas kebersihan hanya sedikit jadi untuk pengangkutan piring kotor tidak maksimal.",Diulas 59 minggu lalu
https://www.traveloka.com/id-id/user/review/consumption/HOTEL/GENERAL/240423,3,33,"Pesan dadakan setelah lebaran H+5, alhamdulillah dapat room, biasanya penuh terus. Thanks Santika Bogor.",Diulas 59 minggu lalu
https://www.traveloka.com/id-id/user/review/consumption/HOTEL/GENERAL/240423,3,34,"Lokasi hotel di pusat kota, nempel sama Mal Botani, ini yang memudahkan sekali kalau bawa anak. Proses cekin dan out cepat, staff ramah.",Diulas 59 minggu lalu
https://www.traveloka.com/id-id/user/review/consumption/HOTEL/GENERAL/240423,3,35,"makanan aja yg kurang klo menurut kami ,ada bbrp menu yg sdh tdk sedap

sisanya oke banget😇",Diulas 59 minggu lalu
https://www.traveloka.com/id-id/user/review/consumption/HOTEL/GENERAL/240423,3,36,"Saran, lift diperbesar atau diperbanyak. Sangat sempit dan antre jadinya di jam-jam check-in atau check-out.",Diulas 59 minggu lalu
https://www.traveloka.com/id-id/user/review/consumption/HOTEL/GENERAL/240423,3,37,secara keseluruhan oke dan menyenangkan,Diulas 60 minggu lalu
https://www.traveloka.com/id-id/user/review/consumption/HOTEL/GENERAL/240423,3,38,"Lokasi strategis sebelahan mall, kebun raya tinggal menyeberang. Hanya saat saya datang jam 14.00 kamar belum ready, harus menunggu 1 jam lebih. Tapi semua cukup memuaskan.",Diulas 60 minggu lalu
https://www.traveloka.com/id-id/user/review/consumption/HOTEL/GENERAL/240423,3,39,Desain interior simple tapi membuat ruangan terasa luas. Akses ke Mall Botani Square menjadi nilai tambah Hotel Santika. Staf ramah dan proses check-in serta check-out sangat cepat. Very recommended.,Diulas 61 minggu lalu
https://www.traveloka.com/id-id/user/review/consumption/HOTEL/GENERAL/240423,3,40,"Hotel sangat bagus untuk dikunjungi, gak bosan-bosan. Staf ramah-ramah.",Diulas 61 minggu lalu
https://www.traveloka.com/id-id/user/review/consumption/HOTEL/GENERAL/240423,4,1,Lokasi bagus di pusat kota Bogor.,Diulas 61 minggu lalu
https://www.traveloka.com/id-id/user/review/consumption/HOTEL/GENERAL/240423,4,2,"Lokasi sangat strategis, dekat mal dengan parkiran yang menyatu dengan mal menambah kenyamanan.",Diulas 63 minggu lalu
https://www.traveloka.com/id-id/user/review/consumption/HOTEL/GENERAL/240423,4,3,Selalu seperti kembali ke rumah. Sukses terus Santika.,Diulas 63 minggu lalu
https://www.traveloka.com/id-id/user/review/consumption/HOTEL/GENERAL/240423,4,4,"Staycation yang tidak direncanakan karena mendapatkan gangguan air di beberapa wilayah, jadi kita pilih menginap di hotel Santika sebagai jalan keluar agar kebutuhan salat dan kebersihan bisa terpenuhi, semuanya hampir baik, hanya kekurangannya tidak ada balkon di kamar, semoga bisa menjadi pengembangan selanjutnya.",Diulas 64 minggu lalu
https://www.traveloka.com/id-id/user/review/consumption/HOTEL/GENERAL/240423,4,5,Lokasi hotel strategis dan stafnya ramah.,Diulas 64 minggu lalu
https://www.traveloka.com/id-id/user/review/consumption/HOTEL/GENERAL/240423,4,6,"Kamar sangat nyaman dan pelayanan ramah sekali, tidak pernah nyesel untuk stay di hotel ini. Akses kemana saja dekat . Dan paling enak kalau mau ke mall tinggal turun ke bawah jadi bisa jajan dan blanja tanpa harus pergi jauh dari area hotel",Diulas 64 minggu lalu
https://www.traveloka.com/id-id/user/review/consumption/HOTEL/GENERAL/240423,4,7,"Room luas, bersih, lengkap, ada lemari es kecil, sofa, meja untuk kerja. Pemandangan kota. Bawah mall, banyak makanan",Diulas 65 minggu lalu
https://www.traveloka.com/id-id/user/review/consumption/HOTEL/GENERAL/240423,4,8,"hotel yg dpt langsung akses ke mall pemandngan depan kamarnya indah lokasi staregis, udh jadi hotel langganan tiap kami ke bogor",Diulas 66 minggu lalu
https://www.traveloka.com/id-id/user/review/consumption/HOTEL/GENERAL/240423,4,9,"Aksesnya dekat ke mana-mana. Pintu Kebun Raya juga dekat. Jalan kaki saja sekalian olahraga. Gabung sama mal juga. Potato, kacang merah, omelette bestlah untuk sarapan pagi.",Diulas 66 minggu lalu
https://www.traveloka.com/id-id/user/review/consumption/HOTEL/GENERAL/240423,4,10,"Menu makanan kurang variasi, perlu ditambah sesuai harga menginapnya. Terima kasih",Diulas 66 minggu lalu
https://www.traveloka.com/id-id/user/review/consumption/HOTEL/GENERAL/240423,4,11,sangat nyaman dan strategis lokasinya,Diulas 67 minggu lalu
https://www.traveloka.com/id-id/user/review/consumption/HOTEL/GENERAL/240423,4,12,"Pas di pusat kota, pagi-pagi bisa jalan ke Kebun Raya Bogor, nempel mal Botani Square sehingga variasi makanan banyak, selangkah ke kampus IPB Baranangsiang",Diulas 67 minggu lalu
https://www.traveloka.com/id-id/user/review/consumption/HOTEL/GENERAL/240423,4,13,tempat yang nyaman mau tau seberapa dekat semua nya rekomendasi sih ya selanjutnya nanti dimana lagi,Diulas 68 minggu lalu
https://www.traveloka.com/id-id/user/review/consumption/HOTEL/GENERAL/240423,4,14,Bagus pelayanan sekelas Hotel BIntang 4,Diulas 68 minggu lalu
https://www.traveloka.com/id-id/user/review/consumption/HOTEL/GENERAL/240423,4,15,Lokasinya strategis dan deket pusat kota,Diulas 69 minggu lalu
https://www.traveloka.com/id-id/user/review/consumption/HOTEL/GENERAL/240423,4,16,Menyenangkan...sekali akses mudah ke pusat keramaian Botani square,Diulas 69 minggu lalu
https://www.traveloka.com/id-id/user/review/consumption/HOTEL/GENERAL/240423,4,17,"Menyenangkan sekali menginap di sini, bisa akses langsung ke mall botani",Diulas 69 minggu lalu
https://www.traveloka.com/id-id/user/review/consumption/HOTEL/GENERAL/240423,4,18,"Alhamdulillah, bawa baby harusnya check in jam 2 siang, tetapi diusahakan oleh staff bisa check in jam 1 siang. Ada snack sore yang enak-enak. Staff yang ramah sekali. Terintegrasi dengan mal Botani yang banyaak banget pilihan resto-nya. Sarapan pagi juga bervariasi. Bersih banget kamarnya, sampai sudut jendela saja tidak ada debunya. Kamarnya juga super luas. View-nya pegunungan langsung sangat indah. Hanya kekurangannya kamar tidak kedap suara, dan sedang ada renovasi jadi ketika siang hari beristirahat ada bunyi alat yang masuk ke kamar kami. Insya Allah bakal balik lagi menginap di sini bersama keluarga.",Diulas 69 minggu lalu
https://www.traveloka.com/id-id/user/review/consumption/HOTEL/GENERAL/240423,4,19,"Check-in mudah, lokasi bagus!",Diulas 69 minggu lalu
https://www.traveloka.com/id-id/user/review/consumption/HOTEL/GENERAL/240423,4,20,Hotel yang nyaman langsung akses ke mall,Diulas 70 minggu lalu
https://www.traveloka.com/id-id/user/review/consumption/HOTEL/GENERAL/240423,4,21,"Cukup menyenangkan menginap di hotel ini, lokasinya berada di sebelah mal terbaik di Kota Bogor.",Diulas 70 minggu lalu
https://www.traveloka.com/id-id/user/review/consumption/HOTEL/GENERAL/240423,4,22,"Secara keseluruhan, pengalaman saya menginap cukup memuaskan. Staf hotel sangat ramah dan sigap membantu, lokasinya strategis dekat pusat kota, dan kamar yang saya tempati cukup bersih serta nyaman meskipun ukurannya tidak terlalu luas. Fasilitas seperti Wi-Fi dan meja kerja sangat membantu. Kualitas makanan perlu ditingkatkan agar lebih enak dan bervariasi. Hotel ini cocok untuk perjalanan singkat, dan saya akan mempertimbangkan kembali menginap jika beberapa aspek kecil dapat ditingkatkan.",Diulas 70 minggu lalu
https://www.traveloka.com/id-id/user/review/consumption/HOTEL/GENERAL/240423,4,23,"Menginap di Santika Hotel Bogor sungguh menyenangkan. Lokasinya yang dekat dengan Mal Botani dan Kebun Raya Bogor membuatnya mudah diakses. Keramahan staf dan juga makanan di restorannya yang enak-enak sangat berkesan. Percayakan reservasi/pemesanan kamar lewat app yang terbukti begitu mudah, cepat, dan praktis. One day I'll be back there.",Diulas 70 minggu lalu
https://www.traveloka.com/id-id/user/review/consumption/HOTEL/GENERAL/240423,4,24,Tempat yang bagus untuk menginap bersama keluarga,Diulas 70 minggu lalu
https://www.traveloka.com/id-id/user/review/consumption/HOTEL/GENERAL/240423,4,25,Senang menginap di sini. Staf hotel ramah. Dan sangat membantu.👍,Diulas 71 minggu lalu
https://www.traveloka.com/id-id/user/review/consumption/HOTEL/GENERAL/240423,4,26,"Selalu puas menginap di Santika Bogor, lokasinya strategis, satu atap dengan Botani, kalau mau nge-mall dekat banget. Receptionist yang helpful banget, satpam yang ramah-ramah, kebetulan kemarin kami bisa early check in dengan proses yang mudah. Thanks Santika Bogor.",Diulas 72 minggu lalu
https://www.traveloka.com/id-id/user/review/consumption/HOTEL/GENERAL/240423,4,27,"Lokasi strategis di tengah kota. Dekat mal, terminal, kulineran. Memuaskan.",Diulas 72 minggu lalu
https://www.traveloka.com/id-id/user/review/consumption/HOTEL/GENERAL/240423,4,28,"Family friendly hotel, varian breakfast lumayan banyak, tetapi untuk tempe-nya asem, perlu develop untuk breakfast menu. Tidak ada in room dining service. Great view from room, strategic location. Pool-nya ok, nice service from Security, FO, FB, and HK. Thank you for all good service!!",Diulas 72 minggu lalu
https://www.traveloka.com/id-id/user/review/consumption/HOTEL/GENERAL/240423,4,29,"semuanya bagus tapi kamar kedap suara kurang. Saya terganggu dengan langkah kaki berlari di lantai atas, mungkin anak-anak. Padahal waktu sudah menunjukkan jam 5 pagi..
Yang lainnya baik-baik saja, terima kasih",Diulas 72 minggu lalu
https://www.traveloka.com/id-id/user/review/consumption/HOTEL/GENERAL/240423,4,30,"Saat masuk kamar kami langsung lihat cangkir dan tatakannya masih ada noda kopi, posisi gelas masih telungkup tapi tatakannya jorok banget noda kopi masih ada seperti belum dicuci (ga sempat ke foto) lalu kami lgs minta tukar cangkirnya ke pihak hotel. Yang kedua, seprei-nya juga jorok, ketahuannya pada saat HP anak saya jatuh di sela2 kasur dan pas mau ambil baru keliatan deh ternyata spreinya juga ada noda warna cokelat (foto terlampir). 
Saya sudah sampaikan keluhan ini pada saat check-out. Semoga kedepannya bisa lebih diperhatikan lagi kebersihannya. Yang paling epic sih noda kopi tadi, kok bisa ga sadar kl gelas dan tatakannya kotor dan ada bercak kopi. 
Lastly, sebenarnya makanannya lumayan enak, saya ada request telur rebus 1/2 matang tapi pas dibuka putih telur masih mentah, kuningnya hampir setengah matang, jadi ga bisa kemakan dan udah ga trust maurequestl bikinin lagi. Semoga masukan bermanfaat.",Diulas 72 minggu lalu
https://www.traveloka.com/id-id/user/review/consumption/HOTEL/GENERAL/240423,4,31,"Lokasi oke untuk staycation di dalam kota, akses ke mal dan kebun raya dekat. Kamar cukup luas dengan harga terjangkau.",Diulas 72 minggu lalu
https://www.traveloka.com/id-id/user/review/consumption/HOTEL/GENERAL/240423,4,32,Hotel sangat bagus. Makanan enak. Akses kota dekat.,Diulas 72 minggu lalu
https://www.traveloka.com/id-id/user/review/consumption/HOTEL/GENERAL/240423,4,33,"Staff reception during c. I (23.00 wib-29.12.24) ramah, air yang keluar di shower 'lari' kesana kemari., rice bowl ayam geprek kurang rasa selain pedas, breakfast ga worth it di compare dengan rate kamarnya (800 ribuan via traveloka)> semoga ke depan lebih baik lagi. Terima kasih",Diulas 73 minggu lalu
https://www.traveloka.com/id-id/user/review/consumption/HOTEL/GENERAL/240423,4,34,"Lokasi hotel sangat strategis, benar-benar bersebelahan langsung dengan Mal Botani Square dan ada jalan akses dari hotel langsung ke mal. Letaknya di pusat kota, mau beli oleh-oleh atau sekadar jalan-jalan sambil jajan dan menikmati kota Bogor juga dekat. Kamarnya bagus dan bersih. Makanan-nya juga enak dan lumayan banyak pilihannya. Akses wifi-nya kencang dan aman walaupun kami ada di lantai 7. Anak-anak senang sekali bisa menginap di sini. Sangat rekomen untuk liburan keluarga.",Diulas 73 minggu lalu
https://www.traveloka.com/id-id/user/review/consumption/HOTEL/GENERAL/240423,4,35,"HP anak saya tertinggal di toilet kolam renang saat ganti baju pakai baju renangnya. Sudah berenang pas balik kamar baru sadar HP-nya gak ada di tas dan dicek ke toilet sudah gak ada, saat keluar dari toilet ada karyawan hotel lihat dan bertanya ke anak saya, anak saya menyampaikan bahwa HP-nya tertinggal di toilet sewaktu ganti baju sebelum berenang, ternyata HP-nya ditemukan oleh karyawan hotel dan disimpan, setelah diberitahukan dan dicek HP-nya diantar ke kamar. Terima kasih Hotel Santika Bogor, selain nyaman hotelnya juga aman untuk barang-barang berharga yang tertinggal di tempat umum area hotel 🙏",Diulas 73 minggu lalu
https://www.traveloka.com/id-id/user/review/consumption/HOTEL/GENERAL/240423,4,36,enak dan nyaman..cocok untuk menghangatkan badan bersama keluarga,Diulas 73 minggu lalu
https://www.traveloka.com/id-id/user/review/consumption/HOTEL/GENERAL/240423,4,37,Staff-nya sangat ramah dan sopan. Waktu itu saya datang lebih cepat dari waktu check in dan saya menunggu di ruangan tunggu yang telah disediakan kudapan dan minuman serta movie kids. Hotelnya bersih dan wangi. Akses langsung ke Botani Square. Untuk pemesanan kamar eksekutif diberikan akses eksekutif lounge mulai dari pukul 17.00 sampai pukul 20.00 menyediakan berbagai kudapan dan minuman. Kamarnya bersih dengan view kota Bogor. Fix balik lagi ke sini kalau ke Bogor 😊,Diulas 74 minggu lalu
https://www.traveloka.com/id-id/user/review/consumption/HOTEL/GENERAL/240423,4,38,"Pelayanan sangat baik, kamar bersih, kamar mandi bersih. Recommended",Diulas 74 minggu lalu
https://www.traveloka.com/id-id/user/review/consumption/HOTEL/GENERAL/240423,4,39,"Semua orang ramah. Kamarnya juga luas. Dekat ke mana-mana. Sangat mudah untuk pergi ke mal. Meskipun kami menunggu cukup lama untuk check in, mereka berusaha memberi kami satu kamar untuk beristirahat.",Diulas 74 minggu lalu
https://www.traveloka.com/id-id/user/review/consumption/HOTEL/GENERAL/240423,4,40,"Strategis di jantung kota Bogor, transportasinya mudah, berdampingan mal Botani.",Diulas 75 minggu lalu
https://www.traveloka.com/id-id/user/review/consumption/HOTEL/GENERAL/240423,5,1,Breakfast nya lumayan enak. Lokasinya sangat strategis,Diulas 77 minggu lalu
https://www.traveloka.com/id-id/user/review/consumption/HOTEL/GENERAL/240423,5,2,"Service excellent, makanannya. Bervariasi. Suasana kamar bikin nyaman",Diulas 77 minggu lalu
https://www.traveloka.com/id-id/user/review/consumption/HOTEL/GENERAL/240423,5,3,"Lokasi hotel bagus. Hotel memiliki akses ke pusat perbelanjaan, stafnya ramah dan membantu. Kamarnya baru saja direnovasi, bersih, dan memiliki pencahayaan/suasana yang lebih baik, tetapi sayangnya masih berbau cat. Kamar mandinya menetes dan tidak bisa berhenti sepenuhnya.",Diulas 78 minggu lalu
https://www.traveloka.com/id-id/user/review/consumption/HOTEL/GENERAL/240423,5,4,"Nyaman, udara sejuk, hotel koneksi ke mal, jadi lebih seru, makanan enak, pelayanan parkir sedikit sulit, kasih saja ke petugasnya langsung beres.",Diulas 82 minggu lalu
https://www.traveloka.com/id-id/user/review/consumption/HOTEL/GENERAL/240423,5,5,Menyenangkan. Room: ok. Breakfast: ok. Pool: ok,Diulas 83 minggu lalu
https://www.traveloka.com/id-id/user/review/consumption/HOTEL/GENERAL/240423,5,6,"Santika Bogor tempat menginap yang paling berkesan. Bersih, nyaman, ramah staff-nya. Untuk breakfast banyak variasinya.",Diulas 84 minggu lalu
https://www.traveloka.com/id-id/user/review/consumption/HOTEL/GENERAL/240423,5,7,Makanan enak dan bervariasi.,Diulas 84 minggu lalu
https://www.traveloka.com/id-id/user/review/consumption/HOTEL/GENERAL/240423,5,8,Tempatnya perfect dekat dengan Mall dan akses ke Pintu Toll Jagorawi.,Diulas 87 minggu lalu
https://www.traveloka.com/id-id/user/review/consumption/HOTEL/GENERAL/240423,5,9,Selalu menginap kalo ke bogor dekat mall.,Diulas 87 minggu lalu
https://www.traveloka.com/id-id/user/review/consumption/HOTEL/GENERAL/240423,5,10,"Bagus tempat nya nyaman, banyak kulineran, mau ke mall tinggal turun ke bawah.",Diulas 88 minggu lalu
https://www.traveloka.com/id-id/user/review/consumption/HOTEL/GENERAL/240423,5,11,"Staffnya ramah, kamarnya nyaman, akses langsung ke mall.",Diulas 89 minggu lalu
https://www.traveloka.com/id-id/user/review/consumption/HOTEL/GENERAL/240423,5,12,"Cek in lama, staff kurang responsif & cenderung murung, karena saya cek in re schedule mundur tanggal.",Diulas 89 minggu lalu
https://www.traveloka.com/id-id/user/review/consumption/HOTEL/GENERAL/240423,5,13,"Untuk lobby dan mba yang di lantai 10 executive lounge sangat ramah dan responsif. Tidak recommended untuk pelayanan petugas restaurant. Semua tamu harus waiting list padahal ternyata di dalam area restaurant hotel ada ruangan VIP. Saya menginap di kamar suite room 1001 tapi oleh petugas FO restaurant yang cewek dan yang cowok saya enggak dipersilakan makan di ruang VIP. Makanan dan minuman jam 7.30 banyak yang habis tidak di-refill. Milk dan jamu tidak di-refill, beberapa menu makanan juga enggak direfill. Jujur kecewa banget ceh saya menginap suite room tapi berasa menginap tipe kamar standart room. I'm disappointed, not recommended.",Diulas 90 minggu lalu
https://www.traveloka.com/id-id/user/review/consumption/HOTEL/GENERAL/240423,5,14,Kamar saja kurang kedap suara. Kamar bunyi air kamar mandi sebelah kedengaran.,Diulas 90 minggu lalu
https://www.traveloka.com/id-id/user/review/consumption/HOTEL/GENERAL/240423,5,15,"Overall. Oke, nyaman, lokasi straegis langsung nyambung ke Mall, jadi mudah buat fun dengan keluarga. Nice hotel to stay.",Diulas 91 minggu lalu
https://www.traveloka.com/id-id/user/review/consumption/HOTEL/GENERAL/240423,5,16,"Menginap di Santika Bogor, saya suka menyatu dengan Botani Square Mall, jadi apa-apa mudah.",Diulas 91 minggu lalu
https://www.traveloka.com/id-id/user/review/consumption/HOTEL/GENERAL/240423,5,17,"Langsung akses ke mall botani, kamar sangat luas, sarapan pagi rasa nya enak dan banyak pilihan. Oke semua.",Diulas 92 minggu lalu
https://www.traveloka.com/id-id/user/review/consumption/HOTEL/GENERAL/240423,5,18,"Saya menginap di kamar Superior di Hotel Santika Bogor, kamarnya cukup luas dengan tempat tidur yang nyaman. AC, TV, dan Wi-Fi berfungsi dengan baik. Satu-satunya kekurangannya adalah sedikit masalah pada saluran pembuangan kamar mandi. Salah satu keuntungan terbesar dari hotel ini adalah lokasinya di dalam pusat perbelanjaan besar dan posisinya yang strategis di Bogor. Meskipun berada di dalam mal, hotel ini memiliki kolam renang yang terawat baik dan bersih. Prasmanan sarapan menawarkan berbagai macam hidangan, meskipun beberapa agak terlalu asin. Stafnya ramah dan membantu. Secara keseluruhan, saya memiliki pengalaman menginap yang menyenangkan di Hotel Santika Bogor.",Diulas 93 minggu lalu
https://www.traveloka.com/id-id/user/review/consumption/HOTEL/GENERAL/240423,5,19,"Cuma tidak bisa berengan untuk mlam hari, pdahl enak santai yaa, saran harus di buka 24 jam.",Diulas 94 minggu lalu
https://www.traveloka.com/id-id/user/review/consumption/HOTEL/GENERAL/240423,5,20,Selalu happy di sini dekat kemana mana.,Diulas 94 minggu lalu
https://www.traveloka.com/id-id/user/review/consumption/HOTEL/GENERAL/240423,5,21,Bagus kamar dan breakfastnya.,Diulas 94 minggu lalu
https://www.traveloka.com/id-id/user/review/consumption/HOTEL/GENERAL/240423,5,22,"Lokasi hotel bagus. Ada mall, warung UMKM di sekitar, terminal bus bandara. Pokoknya ok semua. 👏.",Diulas 95 minggu lalu
https://www.traveloka.com/id-id/user/review/consumption/HOTEL/GENERAL/240423,5,23,Hotel yang sering digunakan untuk rapat kantor.,Diulas 96 minggu lalu
https://www.traveloka.com/id-id/user/review/consumption/HOTEL/GENERAL/240423,5,24,Dekat dengan mall untuk belanja dan nyaman.,Diulas 96 minggu lalu
https://www.traveloka.com/id-id/user/review/consumption/HOTEL/GENERAL/240423,5,25,"Staff ramah, dekat dengan mall botani.",Diulas 96 minggu lalu
https://www.traveloka.com/id-id/user/review/consumption/HOTEL/GENERAL/240423,5,26,"Saya menginap 2 malam di hotel ini mengharapkan kenyamanan, mohon maaf kekedapan kamar sangat kurang, berisik sekali dari kamar lain dorong kursi, menjatuhkan pulpen pun terdengar. Makanan tidak direkomendasikan dari citra rasa dan variasi sangat kurang. Jumlah meja kursi non smoking terbatas. Menginap di sini serasa kurang. Lebih baik cari akomodasi lainya di sekitar Bogor. Kelebihan hanya dekat Mall dan staff yang ramah.",Diulas 97 minggu lalu
https://www.traveloka.com/id-id/user/review/consumption/HOTEL/GENERAL/240423,5,27,"Kamarnya luas, bersih, friendly staff, breakfast-nya banyak pilihan dan makanannya enak, anak-anak happy berenang, morning view mountain-nya bagus, dan dekat dari mal Botani Square dekat juga dari permainan Aqua Game, liburan sekolah tahun ini pilihan Hotel Santika is the best.",Diulas 98 minggu lalu
https://www.traveloka.com/id-id/user/review/consumption/HOTEL/GENERAL/240423,5,28,"Staff ramah, hotel bisa langsung connect ke mal, kamar nyaman, menu sarapan banyak dan enak-enak 👍🏻.",Diulas 98 minggu lalu
https://www.traveloka.com/id-id/user/review/consumption/HOTEL/GENERAL/240423,5,29,"Sudah beberapa kali menginap di Hotel Santika Bogor, tempatnya strategis, dekat dengan mal, connecting pula pintu-nya, jadi bila ada kebutuhan bisa cari barang-barang di Mal Botani. The best pokoknya, pelayananannya ramah dan saat parkir kendaraan mobil pun security sangat membantu sekali. Harap dipertahankan pelayananannya ya. Thanks.",Diulas 99 minggu lalu
https://www.traveloka.com/id-id/user/review/consumption/HOTEL/GENERAL/240423,5,30,"Di ruangan kamar, berasa banyak debu, ngeres, badan saya gatel-gatel setiap bangun tidur, tp so far oke yang lain. Tingkatkan ya!",Diulas 99 minggu lalu
https://www.traveloka.com/id-id/user/review/consumption/HOTEL/GENERAL/240423,5,31,"Akses mudah ke mana-mana karena di pusat kota. Langsung terhubung dengan mal Botani. Dekat dengan mesjid. Kami sekeluarga sudah beberapa kali menginap di sini, hotel ini menjadi pilihan untuk staycation keluarga.",Diulas 99 minggu lalu
https://www.traveloka.com/id-id/user/review/consumption/HOTEL/GENERAL/240423,5,32,"Lokasi strategis karena sama dengan Botani Square, staf ramah, kamar bersih, menu sarapan standar. Lift sempit dan saat itu sensor lift untuk buka tutup pintu tidak berfungsi dengan baik, apalagi saat membawa 1 unit stroller bayi dan 1 unit stroller roda 3",Diulas 100 minggu lalu
https://www.traveloka.com/id-id/user/review/consumption/HOTEL/GENERAL/240423,5,33,Sarapan pagi yang beragam dan rasa yang sedap. Lokasi yang menjadi satu dengan pusat perbelanjaan menjadi nilai tambah tersendiri.,Diulas 101 minggu lalu
https://www.traveloka.com/id-id/user/review/consumption/HOTEL/GENERAL/240423,5,34,"Alhamdulillah selalu nyaman, enak makanan-nya, terlebih lokasi-nya sangat mudah, kalau mau ke mal tinggal turun lift aja, hotel favorit deh.",Diulas 101 minggu lalu
https://www.traveloka.com/id-id/user/review/consumption/HOTEL/GENERAL/240423,5,35,Secara keseluruhan sangat memuaskan. Mungkin tempat parkir di hotel kiranya bisa ditambah. Agak sulit mencari tempat parkir saat akhir pekan.,Diulas 101 minggu lalu
https://www.traveloka.com/id-id/user/review/consumption/HOTEL/GENERAL/240423,5,36,"Sarapan enak, kamar bersih, kamar mandi bersih, cuma satu yang kurang nyaman, ukuran lift untuk tamu sangat kecil, baru diisi 5 orang sudah tidak bisa ditambah lagi, sangat krusial pada waktu sarapan pagi, harus menunggu lama.",Diulas 102 minggu lalu
https://www.traveloka.com/id-id/user/review/consumption/HOTEL/GENERAL/240423,5,37,Sangat memuaskan dan selalu ditingkatkan pelayanan serta keramahan staf hotel.,Diulas 103 minggu lalu
https://www.traveloka.com/id-id/user/review/consumption/HOTEL/GENERAL/240423,5,38,Terima kasih atas pelayanan yang baik dan keramahtamahan pegawai.,Diulas 103 minggu lalu
https://www.traveloka.com/id-id/user/review/consumption/HOTEL/GENERAL/240423,5,39,"Lokasi yang strategis bisa langsung akses ke mal dan para staff yang sangat ramah, baik dari security hingga petugas lainnya.",Diulas 103 minggu lalu
https://www.traveloka.com/id-id/user/review/consumption/HOTEL/GENERAL/240423,5,40,Cukup bagus hanya saja lift terlalu kecil dan hanya 2.,Diulas 103 minggu lalu
https://www.traveloka.com/id-id/user/review/consumption/HOTEL/GENERAL/240423,6,1,Staff ramah dan helpful. Makanan breakfast bervariasi.,Diulas 104 minggu lalu
https://www.traveloka.com/id-id/user/review/consumption/HOTEL/GENERAL/240423,6,2,"Melebihi ekspektasi saya! Kamar telah diperbarui dengan desain baru tetapi TV terlalu kecil untuk kamar sebesar ini. Secara keseluruhan, ini adalah hotel transit yang bagus, saya rekomendasikan jika Anda ingin menginap 1 malam di sini.",Diulas 104 minggu lalu
https://www.traveloka.com/id-id/user/review/consumption/HOTEL/GENERAL/240423,6,3,"Hotelnya bagus, lokasinya sangat strategis dan hanya satu blok dari pusat perbelanjaan. Kamarnya cukup luas, menu sarapan yang disediakan cukup lezat. Selanjutnya Anda bisa menginap di sana lagi selama beberapa hari.",Diulas 104 minggu lalu
https://www.traveloka.com/id-id/user/review/consumption/HOTEL/GENERAL/240423,6,4,"Dekat ke mana-mana, staff ramah dan sigap, kamar juga cukup bersih dengan jendela yang bisa dibuka.",Diulas 104 minggu lalu
https://www.traveloka.com/id-id/user/review/consumption/HOTEL/GENERAL/240423,6,5,"So far hotel sih lumayan bagus ya, cuma untuk pelayanannya pas kita baru dateng petugasnya kurang welcome sih, cuma di liatin dan pilih-pilih melayaninya, padahal saya bawa orang tua yang harus di bantu naik ke kursi roda. Tolong di perhatikan lagi mana yang lebih prioritas untuk di layani,",Diulas 104 minggu lalu
https://www.traveloka.com/id-id/user/review/consumption/HOTEL/GENERAL/240423,6,6,"Kondisi kamar rapi dan bersih, pelayanan tim hotel baik. Variasi makanan sarapan baik. Rekomendasi untuk menginap kembali.",Diulas 105 minggu lalu
https://www.traveloka.com/id-id/user/review/consumption/HOTEL/GENERAL/240423,6,7,Menyengkan karena dekat dengan mall.,Diulas 106 minggu lalu
https://www.traveloka.com/id-id/user/review/consumption/HOTEL/GENERAL/240423,6,8,"Sayangnya, pada pemesanan Grab atau GoCar, lokasinya belum spesifik diarahkan ke lobby hotel. Selalu di lobby Mall Botani.",Diulas 106 minggu lalu
https://www.traveloka.com/id-id/user/review/consumption/HOTEL/GENERAL/240423,6,9,"Kamar nyaman, makanan enak, staf ramah, deket banget sama mall.",Diulas 107 minggu lalu
https://www.traveloka.com/id-id/user/review/consumption/HOTEL/GENERAL/240423,6,10,"Staff ramah, kamar tidur dan kamar mandi bersih, gak ada hair dryer di kamar tapi bisa pinjam, untuk air shower juga tidak ada masalah. Good sih.",Diulas 107 minggu lalu
https://www.traveloka.com/id-id/user/review/consumption/HOTEL/GENERAL/240423,6,11,"Liburan singkat yang menyenangkan, sangat direkomendasikan untuk kalian semua. Dan terima kasih juga kepada Riri, Nanda, Chef Aditya dan Pak Rifat.",Diulas 108 minggu lalu
https://www.traveloka.com/id-id/user/review/consumption/HOTEL/GENERAL/240423,6,12,"Kurang sepadan dengan harga yg membayar. Fasilitas kamar kurang sesuai. Beli paket yg sarapan (saya kesiangan call jam 10 infonya udah close) tapi gak ada pengingat. Tidak menyalahkan juga karna kesalahan dari saya, tapi setidaknya dari pihak hotel terima kasih telah memperbaiki apa pun. Kalau ditanya akan menginap disini lagi, saya gak akan balik kesini, lebih baik cari pilihan lain aja.",Diulas 108 minggu lalu
https://www.traveloka.com/id-id/user/review/consumption/HOTEL/GENERAL/240423,6,13,Stafnya sangat ramah. Staf membantu tamu saat gempa bumi kemarin malam. Terima kasih,Diulas 108 minggu lalu
https://www.traveloka.com/id-id/user/review/consumption/HOTEL/GENERAL/240423,6,14,"Santika memiliki standar yang baik di semua kota. Staff ramah dan sangat membantu. Makanan Indonesianya kuat dan enak. Kamar nyaman dan bersih, amenities-nya lengkap. Resepsionis yang membantu check in sangat membantu. Kembali ke rumah, bersama Santika sejak 2010 sampai saat ini. Salam buat semua hotelier Santika.",Diulas 108 minggu lalu
https://www.traveloka.com/id-id/user/review/consumption/HOTEL/GENERAL/240423,6,15,"Akses hotel jadi satu dengan mal, benar-benar staycation, next bakal balik lagi",Diulas 109 minggu lalu
https://www.traveloka.com/id-id/user/review/consumption/HOTEL/GENERAL/240423,6,16,"Bersih dan nyaman, pelayanan juga baik.",Diulas 110 minggu lalu
https://www.traveloka.com/id-id/user/review/consumption/HOTEL/GENERAL/240423,6,17,"Hotelnya bersih & nyaman buat liburan keluarga, dekat dengan Kebun Raya Bogor dan Mal Botani Square (tinggal jalan kaki), dan breakfast cukup enak (hanya perlu antre sedikit) dekat dengan pintu Tol Jagorawi (baik datang maupun pulangnya - tidak kena macet), dekat dengan cafe-cafe bertaraf internasional.",Diulas 110 minggu lalu
https://www.traveloka.com/id-id/user/review/consumption/HOTEL/GENERAL/240423,6,18,(+) Lokasi; Kamar tidur luas; Keramahtamahan; Kebersihan; Menu sarapan. (-) Kedap suara kamar tidur bisa ditingkatkan; Tempat parkir dalam ruangan akan jauh lebih baik; Waktu check-in bisa ditingkatkan.,Diulas 110 minggu lalu
https://www.traveloka.com/id-id/user/review/consumption/HOTEL/GENERAL/240423,6,19,"Staff-nya ramah dan sangat membantu, kamarnya bersih juga. Sangat dekat dengan mal.",Diulas 110 minggu lalu
https://www.traveloka.com/id-id/user/review/consumption/HOTEL/GENERAL/240423,6,20,Pelayanan nya cepat dan staf hotel nya ramah.,Diulas 110 minggu lalu
https://www.traveloka.com/id-id/user/review/consumption/HOTEL/GENERAL/240423,6,21,Pelayanannya ramah dan profesional 👍.,Diulas 111 minggu lalu
https://www.traveloka.com/id-id/user/review/consumption/HOTEL/GENERAL/240423,6,22,Fasilitas bagus dan staf sangat ramah.,Diulas 111 minggu lalu
https://www.traveloka.com/id-id/user/review/consumption/HOTEL/GENERAL/240423,6,23,Menyenangkan dan strategis lokasinya.,Diulas 112 minggu lalu
https://www.traveloka.com/id-id/user/review/consumption/HOTEL/GENERAL/240423,6,24,"Variasi makanan cukup lengkap dan rasanya enak. Staff ramah, kamar bersih dan akses mudah.",Diulas 113 minggu lalu
https://www.traveloka.com/id-id/user/review/consumption/HOTEL/GENERAL/240423,6,25,Sangarya bagu sekali tempat strategis.,Diulas 113 minggu lalu
https://www.traveloka.com/id-id/user/review/consumption/HOTEL/GENERAL/240423,6,26,"Kamar lumayan luas dan variasi sarapan cukup banyak, punya akses ke mal Botas.",Diulas 114 minggu lalu
https://www.traveloka.com/id-id/user/review/consumption/HOTEL/GENERAL/240423,6,27,Kebersihan kamar sangat buruk. 👎.,Diulas 118 minggu lalu
https://www.traveloka.com/id-id/user/review/consumption/HOTEL/GENERAL/240423,6,28,OK. Bersih dan recommended. Namun sayang cari parkirannya sulit. Aksesnya juga sulit. Saya mau parkirkan kendaraan butuh waktu hampir 1 jam. Karena akses jadi satu dengan Mall.,Diulas 118 minggu lalu
https://www.traveloka.com/id-id/user/review/consumption/HOTEL/GENERAL/240423,6,29,"Sangat memuaskan, dari skala 1-10 nilainya 9👌",Diulas 118 minggu lalu
https://www.traveloka.com/id-id/user/review/consumption/HOTEL/GENERAL/240423,6,30,"Tempat yang strategis di kota bogor pelayanan yang ramah mulai dari reception hingga pihak keamanan hotel, sangat recommended buat yang ingin menginap di kota Bogor.",Diulas 118 minggu lalu
https://www.traveloka.com/id-id/user/review/consumption/HOTEL/GENERAL/240423,6,31,"Kamar-kamarnya bagus, cukup besar dan bersih. Sarapannya juga enak dengan banyak pilihan makanan. Stafnya juga ramah dan membantu. Namun, tempat parkir terbatas karena terhubung dengan mal. Secara keseluruhan, kami menikmati menginap di hotel ini. Terima kasih, Hotel Santika.",Diulas 118 minggu lalu
https://www.traveloka.com/id-id/user/review/consumption/HOTEL/GENERAL/240423,6,32,Kamar dan sarapan nya mantap. Semoga makin ditingkatkan lagi pelayanannya.,Diulas 119 minggu lalu
https://www.traveloka.com/id-id/user/review/consumption/HOTEL/GENERAL/240423,6,33,Akomodasi luas dan bersih. Terdapat birthday surprise kalau datang di hari ulang tahun. Excellent.,Diulas 119 minggu lalu
https://www.traveloka.com/id-id/user/review/consumption/HOTEL/GENERAL/240423,6,34,1 jam sebelum check-in ternyata ada masalah dengan kamar yang saya pesan. Untungnya dari pihak hotel bisa menyelesaikan masalahnya dengan baik tanpa merugikan saya. Terima kasih Mbak Dhanu yang mewakili pihak hotel sudah membantu saya. Pelayanannya oke. Sekali lagi terima kasih.,Diulas 119 minggu lalu
https://www.traveloka.com/id-id/user/review/consumption/HOTEL/GENERAL/240423,6,35,Sempat ada masalah 1 jam seblm check in namun bisa diselesaikan dengan baik oleh pihak hotel yang diwakili Mbak Dharu. Makasih Mbak Dharu. Saya kasih bintang 5 untuk Santika.,Diulas 119 minggu lalu
https://www.traveloka.com/id-id/user/review/consumption/HOTEL/GENERAL/240423,6,36,"Hotel langganan saya dan suami serta anak-anak kalau ke Bogor, keren. Ramah dan variasi makanannya banyak.",Diulas 121 minggu lalu
https://www.traveloka.com/id-id/user/review/consumption/HOTEL/GENERAL/240423,6,37,"Kamar hotelnya bersih dan besar. Menu sarapannya juga banyak pilihannya. Stafnya ramah-ramah dan sempat ke spa-nya juga, dan staf spa-nya baik dan ramah.",Diulas 122 minggu lalu
https://www.traveloka.com/id-id/user/review/consumption/HOTEL/GENERAL/240423,6,38,"Hotelnya bersih, makanan enak-enak, lokasi strategis, staff hotelnya ramah.",Diulas 122 minggu lalu
https://www.traveloka.com/id-id/user/review/consumption/HOTEL/GENERAL/240423,6,39,"Pelayanan yang ramah dan nyaman, serta lokasi yang strategis memudahkan transportasi sehingga layak untuk direkomendasikan. Terima kasih",Diulas 124 minggu lalu
https://www.traveloka.com/id-id/user/review/consumption/HOTEL/GENERAL/240423,6,40,"Maaf, susah cari parkir dan sarapannya sudah tidak seperti dulu lagi yang variatif dan rasanya enak.",Diulas 124 minggu lalu
https://www.traveloka.com/id-id/user/review/consumption/HOTEL/GENERAL/240423,7,1,I stayed at room 916. The air conditioner is so noisy. Suara berisik hilang kalau AC nya Sinaloa. Suhunya dan fannya diset ke satu.,Diulas 124 minggu lalu
https://www.traveloka.com/id-id/user/review/consumption/HOTEL/GENERAL/240423,7,2,"Kamar terasa lebih luas daripada di foto! Senangnya! 😃 Dekat mal, di jantung kota.",Diulas 124 minggu lalu
https://www.traveloka.com/id-id/user/review/consumption/HOTEL/GENERAL/240423,7,3,"MasyaAllah, baru pertama kali stay di Hotel Santika Bogor. Tapi pelayanan-nya wajib dikasih bintang 10. Ramah-ramah & gercep semua. Kamar-nya juga bersih. Handuk-nya wangi. Dan terima kasih untuk slice cake-nya. Sukses selalu Hotel Santika 🥰",Diulas 124 minggu lalu
https://www.traveloka.com/id-id/user/review/consumption/HOTEL/GENERAL/240423,7,4,"Hotelnya bagus, dekat dengan mal dengan jalan kaki beberapa langkah. Strategis dan mudah di jangkau, next kalau ke Bogor nginep di sini lagi.",Diulas 124 minggu lalu
https://www.traveloka.com/id-id/user/review/consumption/HOTEL/GENERAL/240423,7,5,"- Karena musim liburan, jadinya lift antre lama. Ruang sarapan penuh. Kolam renang penuh. - Sarapan enak dan variatif.",Diulas 125 minggu lalu
https://www.traveloka.com/id-id/user/review/consumption/HOTEL/GENERAL/240423,7,6,"Kamarnya besar n nyaman untuk stay 1 malam, tp kecewa sama breakfastnya. Ga banyak pilihan makanan dan ga ada daging atau ikan, cuma opor n soto ayam, 1 orang dewasa di charge Rp 155rb sih ga worth it, better sarapan di mall botanical aja 😊.",Diulas 125 minggu lalu
https://www.traveloka.com/id-id/user/review/consumption/HOTEL/GENERAL/240423,7,7,"Nginep di kamar deluxe room, luas banget, sofabed nya juga gede, cukup buat 2 anak tidur, staff ramah kita, kita sampe jam. 11 siang dan. Baru bisa early check in jam. 1, jadi titip barang dan lanjut maksi di Botani, karena hotel ini satu gedung sama Botani, ada akses langsung ke mall di basement, makanan enak, anak di atas 5 yo bayar 78rb buat breakfast, minusnya di lift aja yang cuma 2 dan ukurannya kecil, terus ga kedap suara, jadi suara-suara dari kamar sebelah, lorong, itu kedengeran banget, dari lantai diatasnya juga suara geser-geser kursi/meja berisik banget, cocok buat staycation karena ga perlu keluar dari area hotel.",Diulas 126 minggu lalu
https://www.traveloka.com/id-id/user/review/consumption/HOTEL/GENERAL/240423,7,8,Parkir mudah. Resepsionis ramah dan sangat membantu. Kamar besar dan bersih. Kamar mandi sangat oke. Makan pagi enak. Hotel tersambung dengan mal yang bagus. Belanja dan cari makan mudah. Hotel yang mengesankan.,Diulas 126 minggu lalu
https://www.traveloka.com/id-id/user/review/consumption/HOTEL/GENERAL/240423,7,9,Hotel ternyaman. Semua staff sangat ramah. Piliham hotel yang nyaman untuk berlibur bersama keluarga.,Diulas 126 minggu lalu
https://www.traveloka.com/id-id/user/review/consumption/HOTEL/GENERAL/240423,7,10,"Keluarga sangat senang menginap di sana dengan kamar yang luas, dan makann yang menurut saya luar biasa enak.",Diulas 126 minggu lalu
https://www.traveloka.com/id-id/user/review/consumption/HOTEL/GENERAL/240423,7,11,Mantappu jiwa!,Diulas 126 minggu lalu
https://www.traveloka.com/id-id/user/review/consumption/HOTEL/GENERAL/240423,7,12,"Mintalah tarif tinggi pada saat reservasi, tetapi tidak mendapatkannya.",Diulas 130 minggu lalu
https://www.traveloka.com/id-id/user/review/consumption/HOTEL/GENERAL/240423,7,13,"Hotelnya sangat bagus, Kamarnya sangat memuaskan. Apalagi waktu sarapan pagi. Menu komplit dan enak-enak banget. Pelayanannya juga ramah-ramah dan selalu full senyum maze.😊.",Diulas 130 minggu lalu
https://www.traveloka.com/id-id/user/review/consumption/HOTEL/GENERAL/240423,7,14,Hotel dan layanan yang bagus. Lokasi agak membingungkan.,Diulas 131 minggu lalu
https://www.traveloka.com/id-id/user/review/consumption/HOTEL/GENERAL/240423,7,15,"Recommended untuk staycation di Bogor, kamar luas, bersih, makanan lumayan, sukses selalu Santika Bogor",Diulas 133 minggu lalu
https://www.traveloka.com/id-id/user/review/consumption/HOTEL/GENERAL/240423,7,16,"Tempatnya strategis, kamar bersih, karyawan staf hotelnya ramah. Anak anak pengalaman baru ada bioskop film anak anak di sore hari sangat terhibur. Liburan yang berkesan.",Diulas 134 minggu lalu
https://www.traveloka.com/id-id/user/review/consumption/HOTEL/GENERAL/240423,7,17,Agak horor suasana kamarnya.,Diulas 134 minggu lalu
https://www.traveloka.com/id-id/user/review/consumption/HOTEL/GENERAL/240423,7,18,"Seperti biasa sangat menyenangkan berada di hotel ini, namun kemarin ada satu staff yang sangat menganggu pada saat check out, mereka mengetuk pintu kamar dan menyuruh kami check out karena waktu sudah mau pukul satu siang, padahal kami state di aplikasi late check out jam 1 karena harus ini itu peralatan bayi dan sebagainya, dan yang paling annoying staff tersebut bilang kalau tidak check out pukul 1 akan automatis terkena bill untuk stay selanjutnya, wah saya sangat tidak terima sekali dengan perihal tersebut setelah puluhan kali check in di Santika, ini adalah hal yang paling mengecewakan untuk saya.",Diulas 136 minggu lalu
https://www.traveloka.com/id-id/user/review/consumption/HOTEL/GENERAL/240423,7,19,"Pelayanan baik, staff ramah, kamar bersih.",Diulas 136 minggu lalu
https://www.traveloka.com/id-id/user/review/consumption/HOTEL/GENERAL/240423,7,20,"Lokasi strategis, mudah aksesnya, parkir luas, menyatu dengan parkiran mall, tapi ada tempat khusus untuk tamu hotel, kamar bersih, kamar mandi bersih, makanan enak, cocok untuk piknik keluarga/bisnis.",Diulas 137 minggu lalu
https://www.traveloka.com/id-id/user/review/consumption/HOTEL/GENERAL/240423,7,21,"Hotel bersih, tapi sayang nya variasi makanan kurang, tempat parkir tidak jelas dimana malah gabung dengan mall botani. Waktu tunggu check in lama.",Diulas 137 minggu lalu
https://www.traveloka.com/id-id/user/review/consumption/HOTEL/GENERAL/240423,7,22,"Sebenarnya mau kasih bintang full karena:- Service nya bagus banget.- Pelayanannya ramah banget dan bena-benar helpful.- Definisi tamu adalah raja ya di sini nih.- Paling penting air dan di sini airnya kenceng, water heater berfungsi sangat baik.- Makanan 80 % enak, 20 % biasa aja. Ga mau balik lagi karena:- Sangat tidak cocok untuk yang bawa motor, karena parkiran jauh banget, dan motor sama sekali ga blh lewat lobby. Sedih sih. Padahal aku tinggal di Bogor dan kesini emang cuma mau staycation aja makanya pake motor, eh malah sangat menyusahkan, hotel lain ga begitu lho.- Exhaust fan di kamar mandi mati, jadi kamar mandi becek terus. Mau komplain udah males duluan karena udah lelah banget.- Dan kasurnya bagi aku kurang empuk tapi cukup nyaman kok ☺. Udah sih itu aja, terima kasih banyak ya untuk pelayanan yang sangat bagus 👍🍓.",Diulas 139 minggu lalu
https://www.traveloka.com/id-id/user/review/consumption/HOTEL/GENERAL/240423,7,23,"Kami rombongan menginap di sana. Lokasinya strategis, depan kebun raya dan menyatu dengan mall. Kamarnya luas, ada sofanya juga. Padahal kami pesan kamar yang standar. Pegawainya juga ramah-ramah. Saran saja, kapasitas lift perlu ditambah. Sukses terus Hotel Santika.",Diulas 140 minggu lalu
https://www.traveloka.com/id-id/user/review/consumption/HOTEL/GENERAL/240423,7,24,"Puas nginep di Hotel Santika. Aku suka banget breakfast bervariasi banyak yang enak, mie lamiannya enak, langsung fresh baru. Untuk kamarnya juga luas, bersih, staff sangat ramah-ramah, check in dan check out mudah, hotel ini nyambung sama mall. Depan juga banyak jajanan jadi jangan khawatir gak ada makanan. Bakal nginep lagi yang pasti",Diulas 140 minggu lalu
https://www.traveloka.com/id-id/user/review/consumption/HOTEL/GENERAL/240423,7,25,Kamar dan pelayanan sangat recommended.,Diulas 142 minggu lalu
https://www.traveloka.com/id-id/user/review/consumption/HOTEL/GENERAL/240423,7,26,Hotel ini bagus untuk orang yang ingin merasakan pengalaman menginap di dekat pusat kota.,Diulas 143 minggu lalu
https://www.traveloka.com/id-id/user/review/consumption/HOTEL/GENERAL/240423,7,27,"Hotel nyaman. Sarapannya lengkap dan enak. Ada akses ke mall, jadi gampang cari makanan. Sudah berkali-kali menginap di sini dan Insya Allah jadi prioritas jika berada di Bogor.",Diulas 144 minggu lalu
https://www.traveloka.com/id-id/user/review/consumption/HOTEL/GENERAL/240423,7,28,"Menyenangkan nginap di sini, room nya ada tambahan sofa buat leyeh-leyeh dan menu breakfast nya juga enak. Hotel beraebelahan dengan mal, bisa jalan di sekitar hotel dan mal buat cari makanan lain dan olah raga pagi … next time nginap situ lagi ….",Diulas 146 minggu lalu
https://www.traveloka.com/id-id/user/review/consumption/HOTEL/GENERAL/240423,7,29,Fasilitas kamar mandi showernya sepertinya perlu mantenance ya krena sudah agsk lma jadi kadang miss putar kran atas bawah nyala juga.,Diulas 147 minggu lalu
https://www.traveloka.com/id-id/user/review/consumption/HOTEL/GENERAL/240423,7,30,Saya sangat senang dengan pelayanan dari semua karyawan Hotel Santika Bogor. Mereka semua ramah. Murah senyum dan untuk karyawan yang 1 ini saya lupa namanya😊dia sangat profesional sebagai karyawan di FO dari awal saya check in sampe check out dia menghampiri saya mengobrol bertanya apapun pengalaman buruk yang pernah saya alami menginap di Hotel Santika bulan lalu direspon. Ditanggapi dengan baik dan betul sekali untuk malam ini saya dan kel sangat nyaman dan bisa istirahat dengan baik tanpa ada kebisingan dari tamu lainnya yang tidak punya etika berkali-kali mainkan bel. Suara keras. Merokok dan lain-lainnya. Terima kasih Hotel Santika semoga semuanya pelayanan ramah tamah. Cepat tanggap. Kenyaman. Kebersihan hotel semakin baik.👍.,Diulas 148 minggu lalu
https://www.traveloka.com/id-id/user/review/consumption/HOTEL/GENERAL/240423,7,31,"Kamar dengan fasilitas terbatas, hawa dan bau kamar sangat menyengat. Harus direnovasi ulang.",Diulas 150 minggu lalu
https://www.traveloka.com/id-id/user/review/consumption/HOTEL/GENERAL/240423,7,32,"Kasurnya nyaman, ada sofa bed nya. Bawa anak-anak gak perlu extra bed, cukup tambah breakfast aja. Makanannya enak-enak. Apalagi mie lamiannya. Terus deket ke mall, cuma beberapa langkah lewat pintu dalam hotel, nyaman deh pokoknya. Untuk ke lobby hotel nya harus lewatin lobby mall, terus belok kiri, terus kiri lagi baru ketemu lobby hotel. Jangan lupa stempel karcis mobil biar free pas check out. Oh ya ada welcome drink nya minuman manisan kepala seger dan cemilannya snack-snack 2 macam enak-enak, selain itu bisa sambil nonton mini bioskop. So, secara keseluruhannya nyaman.",Diulas 150 minggu lalu
https://www.traveloka.com/id-id/user/review/consumption/HOTEL/GENERAL/240423,7,33,"Semuanya ramah dan sangat membantu. Buat yang akan menginap ke sini langsung aja masuk parkiran Botani (depan convention hall). Free parkir dengan stempel hotel. Lokasi strategis, ke mall bisa punya akses langsung lewat lantai basement. Bagi orang Jakarta yang ingin pulang, bisa langsung akses toll Jagorawi saat keluar parkir. Makanan lumayan variatif, tersedia kolam renang buat anak. Pagi-pagi bisa olahraga keliling Kebun Raya Bogor.",Diulas 150 minggu lalu
https://www.traveloka.com/id-id/user/review/consumption/HOTEL/GENERAL/240423,7,34,"Fasilitas, kamar, breakfast baik semua. Dipertahankan semuanya lebih baik.",Diulas 151 minggu lalu
https://www.traveloka.com/id-id/user/review/consumption/HOTEL/GENERAL/240423,7,35,Lift hanya muat 4 orang. Memprihatinkan karena menunggu terlalu lama antri untuk bisa masuk lift. Saat itu jam 08.00 sehingga kami terlambat datang ke undangan. Lebih dari 15 menit untuk urusan lift ke parkir. Mencari parkir juga sulit. Ruang breakfast tidak nyaman. Makanan standar kurang update variasi. Wifi juga tidak Lancar. Jalan menuju hotel macet total. Jarak 500. Dari pintu toll ditempuh lebih dari 30 menit. Sangat di bawah ekspektasi kami. Mohon maaf.,Diulas 151 minggu lalu
https://www.traveloka.com/id-id/user/review/consumption/HOTEL/GENERAL/240423,7,36,"Kapasitas lift dan kamar tidak sesuai, sehingga untuk turun naik tamu harus antri super lama, lift harus di tambah atau kapasitasnya harus di tambah, agar tamu tidak kecewa, makanan buffet rasanya sangat biasa dan saat kami breakfast jam 9.30 makan sudah pada habis, tidak di refill lagi. Rasa makanannya pun harus diperbaiki. Pelayanan staff nya bagus sangat ramah. Mohon di pertahankan pelayanan staff nya.",Diulas 151 minggu lalu
https://www.traveloka.com/id-id/user/review/consumption/HOTEL/GENERAL/240423,7,37,Direkomendasikan untuk Hotel Mall di Kota Bogor,Diulas 152 minggu lalu
https://www.traveloka.com/id-id/user/review/consumption/HOTEL/GENERAL/240423,7,38,"Hotel dengan pelayanan terbaik, staff hotel sangat ramah, dan sarapan pun enak 👌.",Diulas 152 minggu lalu
https://www.traveloka.com/id-id/user/review/consumption/HOTEL/GENERAL/240423,7,39,"Kamar bersih, sarapan lumayan, enak karena satu gedung dengan mall botani.",Diulas 152 minggu lalu
https://www.traveloka.com/id-id/user/review/consumption/HOTEL/GENERAL/240423,7,40,"Pelayanan good service dan senyum terutama buat para tamu karena kami datang lumayan jauh pas tiba di lobby kami di sambut baik dan breakfast nya oke. Banyak pilihan dan ada mie lamien nya enak banget, thanks Santika Bogor.",Diulas 154 minggu lalu
https://www.traveloka.com/id-id/user/review/consumption/HOTEL/GENERAL/240423,8,1,"Kamar yang nyaman sekali, dan satu kompleks dengan botani mall jadi anak-anak bisa main di mall juga. Resepsionis dan securitynya ramah-ramah. 😊.",Diulas 155 minggu lalu
https://www.traveloka.com/id-id/user/review/consumption/HOTEL/GENERAL/240423,8,2,"Sangat nyaman dan good servis. Seluruh staff nya sampai security semuanya ramah. Apalagi resepsionis Mba Vani dan Mba siapa lagi, saya lupa namanaya ramah sekali. Puas sekali stay 2 hari di Santika Bogor., Kamar bersih dan seluruh ruangan terawat. Responnya cepat ketika bedcover ada noda sedikit langsung di ganti yang baru. Hanya aja bedcover yang warnanya aga kusam jangan di pakai lagi. Semua makananya enak-enak.👍.",Diulas 155 minggu lalu
https://www.traveloka.com/id-id/user/review/consumption/HOTEL/GENERAL/240423,8,3,"Hotel cukup bagus dan bersih dengan fasilitas lengkap, connecting dengan Botanic Square Mall juga menjadi salah satu keuntungan. Hanya saja kamar kurang kedap sehingga terdengar jika kamar sebelah menyalakan shower kamar mandi maupun menggeser kursi.",Diulas 155 minggu lalu
https://www.traveloka.com/id-id/user/review/consumption/HOTEL/GENERAL/240423,8,4,"Kamarnya cukup luas, bersih, lokasi strategis.",Diulas 155 minggu lalu
https://www.traveloka.com/id-id/user/review/consumption/HOTEL/GENERAL/240423,8,5,"Makanan lumayan enak, tapi harus cepat datang makan pagi mulai jam 06.00 wib kalau terlambat datang pasti gak kebagian. Kebetulan saya dapat hari menginap yang berbarengan dengan peserta pelatihan lainnya. Suasana hotel ribut berisik di atas kamar saya 4 kamar di booking oleh 4 keluarga, suasana gang (jalan) menuju kamar ribut dan berisik dipenuhi suara orang-orang teriak-teriak peserta pelatihan dari luar daerah. Untuk spa dan pijat biasa saja, terapistnya asal mijat saja bukan terapis bersertifikasi tidak sesuai dengan harganya saya pijat seluruh badan 60 menit bayar 300.000. Kolam renang letaknya di dekat restaurant jadi tidak nyaman kalau berenang dilihat orang di restaurant. Kelebihan hotel ini letaknya di atas Mall Botani Bogor jadi kalau mau shopping tinggal jalan kaki ke bawah. Selebihnya biasa saja.",Diulas 156 minggu lalu
https://www.traveloka.com/id-id/user/review/consumption/HOTEL/GENERAL/240423,8,6,"Di kamar hotel berisik dengan suara water heater dan suara dari lantai 10 sangat mengganggu kenyamanan untuk beristirahat di kamar. Padahal kamar saya sudah memilih yang Deluxe Room. Dan tidak ada fasilitas restoran yang bisa di pesan untuk ke kamar hotelnya langsung. Ketika saat memasuki lift juga selalu repot, lift keseringan tertutup saat mau masuk lift.",Diulas 157 minggu lalu
https://www.traveloka.com/id-id/user/review/consumption/HOTEL/GENERAL/240423,8,7,"Cukup puas menginap di Hotel Santika Bogor. Check in lebih cepat diberikan dan kamar bersih, staff ramah-ramah dan yang paling menyenangkan ada koridor khusus ke Mall Botani Square sehingga gak bosan di hotel, sarapan pun makanannya bervariasi dengan quantity yang cukup. Kami sarapan jam 9 pagi masih banyak ketersediaan makanannya. Tidak seperti di hotel lain kalau sarapan jam 9 sudah gak ada apa-apa. Thanks Hotel Santika Bogor dan agen online.",Diulas 157 minggu lalu
https://www.traveloka.com/id-id/user/review/consumption/HOTEL/GENERAL/240423,8,8,"Parikiran hotel menyatu dengan Mall tidak ada parkir khusus. Jadi kalo kbagean basement mall, selamat jalan kaki guys. Staff hotel pun tidak ada yang mengarahkan tempat parkir. 😪.",Diulas 157 minggu lalu
https://www.traveloka.com/id-id/user/review/consumption/HOTEL/GENERAL/240423,8,9,Saya menginap di Hotel Santika untuk staycation dan benar-benar mau ajak keluarga istirahat tapi sangat kecewa saya dapat di lantai 8 dan kebetulan ada rombongan gitu entah dari mana yang jelas benar-benar bikin tamu yang menginap dibuat ga bisa tidur 24 jam mereka semua berisik dan sangat tidak sopan lorong searasa kebakaran dengan semua asap rokok dan para tamu rombongan itu membuka pintu dengan penuh asap rokok yang sangat berbahaya seolah di hotel itu milik rombongan yang saya tidak ketahui dari mana. Bener-bener bikin saya dan keluarga tidak menikmati istirahat di Hotel Santika.,Diulas 157 minggu lalu
https://www.traveloka.com/id-id/user/review/consumption/HOTEL/GENERAL/240423,8,10,Hotel yang bagus dan berlokasi strategis di Bogor.,Diulas 157 minggu lalu
https://www.traveloka.com/id-id/user/review/consumption/HOTEL/GENERAL/240423,8,11,"Kamar nyaman, pelayanan baik sekali. Saran saja untuk tv bisa diupgrade jadi tv internet yaa supaya bisa netflix hehe 😉.",Diulas 157 minggu lalu
https://www.traveloka.com/id-id/user/review/consumption/HOTEL/GENERAL/240423,8,12,Sampe jam 5 sore kamar belum siap.,Diulas 157 minggu lalu
https://www.traveloka.com/id-id/user/review/consumption/HOTEL/GENERAL/240423,8,13,"AC di kamar beberapa kali bermasalah tapi tidak direkomendasikan untuk pindah ke kamar lain, mungkin karena full. Tapi saat itu langsung di tangani, kamar mandi ada bekas gumpalan rambut di saluran pembuangan airnya. Menu breakfast standar hotel.",Diulas 158 minggu lalu
https://www.traveloka.com/id-id/user/review/consumption/HOTEL/GENERAL/240423,8,14,"Fasilitas dan roomnya standar saja, menu resto breakfast standar saja. Satu-satunya kelebihan hotel ini karena letaknya yang menyatu dengan pusat perbelanjaan Botani square.",Diulas 158 minggu lalu
https://www.traveloka.com/id-id/user/review/consumption/HOTEL/GENERAL/240423,8,15,"Seperti biasa, kebersihan Santika is the best 👍🏻.",Diulas 158 minggu lalu
https://www.traveloka.com/id-id/user/review/consumption/HOTEL/GENERAL/240423,8,16,"Hotelnya cocok banget buat keluarga, kamarnya bersih, tempatnya strategis karena akses langsung mall, sarapannya enak-enak, variatif, yang terpenting karyawannya semua ramah-ramah banget, helpful, murah senyum, gak kalah sama satpam BCA, kalo ke Bogor pasti nginep di sini lagi sih",Diulas 159 minggu lalu
https://www.traveloka.com/id-id/user/review/consumption/HOTEL/GENERAL/240423,8,17,"Pelayanan, makanan, room, kolam renang sesual ekspektasi, connecting ke Mall Botani, jadi bisa sambil jalan-jalan ke mall.",Diulas 159 minggu lalu
https://www.traveloka.com/id-id/user/review/consumption/HOTEL/GENERAL/240423,8,18,"Fasilitasnya bagus, pertahankan!",Diulas 159 minggu lalu
https://www.traveloka.com/id-id/user/review/consumption/HOTEL/GENERAL/240423,8,19,Pelayanannya cepat ramah. Nyaman.,Diulas 159 minggu lalu
https://www.traveloka.com/id-id/user/review/consumption/HOTEL/GENERAL/240423,8,20,Lokasi hotel dekat dengan mall dan kebun raya. Staf hotel melayani dengan ramah dan baik. Proses cekin dan cekout cepat. Menu sarapan banyak variasi dan jumlahnya. Rasa juga oke. Kebersihan terjaga dengan baik. Terima kasih ya Santika.,Diulas 160 minggu lalu
https://www.traveloka.com/id-id/user/review/consumption/HOTEL/GENERAL/240423,8,21,"Untuk kamar luas dan nyaman, pelayanan customer service ramah, pelayanan housekeeping bagus. Namun yang kurang dan perlu diperhatikan yaitu pada saat sarapan di tgl 1/5 ada beberapa menu makanan utama yang kurang rasa dan saat saya pesan Nasi Goreng Kampung makan malam dari room service, sangat mengecewakan karena nasi goreng nya dimasak tidak nasi baru namun nasi sisa, ada bulir nasi yang keras, sate sayam dan ayam goreng nya dingin. Mohon selanjutnya diperhatikan ya.",Diulas 160 minggu lalu
https://www.traveloka.com/id-id/user/review/consumption/HOTEL/GENERAL/240423,8,22,"Hotelnya bersih, pelayannya ramah banget dan responsif, sarapannya enak, hotelnya terhubung dengan mall, bikin saya yang staycation 3 malam jadi ga repot buat cuci mata dan cari kulineran, pokoknya puas dan ga kecewa nginap di sini.",Diulas 160 minggu lalu
https://www.traveloka.com/id-id/user/review/consumption/HOTEL/GENERAL/240423,8,23,"Overall bagus semua cuma minus di lampu kamar kurang banyak dibagian tengah, dan handuk yang baunya tidak enak seperti tidak pake pengharum.",Diulas 160 minggu lalu
https://www.traveloka.com/id-id/user/review/consumption/HOTEL/GENERAL/240423,8,24,Hotel bersih sarapan juga sangat enak.,Diulas 160 minggu lalu
https://www.traveloka.com/id-id/user/review/consumption/HOTEL/GENERAL/240423,8,25,"Saya sudah menginap di sini dua kali, dan tempatnya bagus. Tapi yang terbaik adalah, ada Umm Ali di menu sarapan. Umm Ali itulah yang membuat saya ingin menginap di sini lagi 😁.",Diulas 160 minggu lalu
https://www.traveloka.com/id-id/user/review/consumption/HOTEL/GENERAL/240423,8,26,"Lokasi strategis, parkir luas karena jadi satu sama mall, pelayanan baik, sarapan oke tapi agak sedikit berbeda dengan pelayanan di beberapa hotel santika yang pernah saya datangi. Tapi lumayan untuk menghabiskan waktu bersama keluarga.",Diulas 160 minggu lalu
https://www.traveloka.com/id-id/user/review/consumption/HOTEL/GENERAL/240423,8,27,Plus: kamar luas. Ac dingin. Akses ke mall. Staff ramah. Cons: kamar dan lorong gak pake karpet sehingga berisik. Kolam renang kecil dan terlihat kotor.,Diulas 160 minggu lalu
https://www.traveloka.com/id-id/user/review/consumption/HOTEL/GENERAL/240423,8,28,"Hotel bersih, staf ramah, check in mudah, memiliki interkoneksi ke mal, dan tempat parkir luas. Direkomendasikan!",Diulas 161 minggu lalu
https://www.traveloka.com/id-id/user/review/consumption/HOTEL/GENERAL/240423,8,29,"Tempat nyaman, dekat dengan botani square.🙏🥰",Diulas 161 minggu lalu
https://www.traveloka.com/id-id/user/review/consumption/HOTEL/GENERAL/240423,8,30,"Semuanya Luar biasa. Dari Kamar, Breakfast, Kolam renang, Pelayanan staf, Akses Hotel, kemudahan menuju ke Botani Square.",Diulas 161 minggu lalu
https://www.traveloka.com/id-id/user/review/consumption/HOTEL/GENERAL/240423,8,31,Kamar cukup luas. Kolam renang bersih dan staff sangat ramah. Good job.,Diulas 161 minggu lalu
https://www.traveloka.com/id-id/user/review/consumption/HOTEL/GENERAL/240423,8,32,"Good hotel, pelayanannya sangat cepat & rooms nya bersih, semua fasilitas sangat lengkap, swimming pool, gym & loby yang sangat luas.",Diulas 164 minggu lalu
https://www.traveloka.com/id-id/user/review/consumption/HOTEL/GENERAL/240423,8,33,"Menu makan pagi nya harus di tingkatkan. Apa mungkin karena lagi puasa ya, sepertinya kurang menarik untuk menu menunya. Saya kurang tahu kalau hari di luar puasa, karena ini baru sekali bermalam di Santika Bogor.",Diulas 164 minggu lalu
https://www.traveloka.com/id-id/user/review/consumption/HOTEL/GENERAL/240423,8,34,"Lokasi Strategis, mantap ada akses langsung ke Botani Square Mall, Makanan enak, Nyaman, Tapi sepertinya Bed Cover dan Sarung Bantal perlu di buat lebih clean lagi karena ada beberapa spot bercak kotor.",Diulas 164 minggu lalu
https://www.traveloka.com/id-id/user/review/consumption/HOTEL/GENERAL/240423,8,35,"Kamar luas, bersih, wangi & nyaman nuansanya ijo tosca bikin ngga sumpek, kasurnya empuk, bantalnya empuk ada 4, ada sofa panjang yang nyaman juga. Banyak space untuk menaruh barang/makanan. Kamar mandi: Air panas air dinginnya lancar & kecang (puas banget mandinya) handuknya bersih, ada handuk kecil juga. Air mineral di kamar dapet 2, di toilet juga ada 2 jadi gak kehausan. Breakfast nya enak-enak semua terutama live cooking Mie Lamian nya mantap! Petugasnya gercep buat refill makanan yang abis, minusnya resto suka penuh jadi waiting list dulu kalo mau breakfast. Semua staff ramah, yang paling oke kalo telfon ke FO langsung diangkat. Kolam renang luas plus free pinjem handuk besar jadi ga usah bawa dari kamar. Next nginep di Santika Bogor lagi ah. Overall memuaskan (kalo direview semua masih panjang banget).",Diulas 165 minggu lalu
https://www.traveloka.com/id-id/user/review/consumption/HOTEL/GENERAL/240423,8,36,Hotel yang sangat direkomendasikan & keramahan yang baik.,Diulas 165 minggu lalu
https://www.traveloka.com/id-id/user/review/consumption/HOTEL/GENERAL/240423,8,37,"Ruang tunggu check in sangat minim. Dan ada petugas di frontliner wanita yang menurut saya ga ramah, karena saya belum selesai untuk menanyakan kamar saya sudah ready tapi dia langsung ke tamu lain. Gak sopan!",Diulas 166 minggu lalu
https://www.traveloka.com/id-id/user/review/consumption/HOTEL/GENERAL/240423,8,38,"Stafnya ramah, tetapi sayangnya kamar suite berbau rokok yang tidak sesuai dengan preferensi saya. Setelah saya membiarkan jendela terbuka sepanjang hari (berdasarkan rekomendasi staf), saya mulai merasa lebih baik.",Diulas 167 minggu lalu
https://www.traveloka.com/id-id/user/review/consumption/HOTEL/GENERAL/240423,8,39,"Hotel nya bagus, kamarnya lebar, makanan enak, dibawah hotel ada mall yang lengkap banget.",Diulas 167 minggu lalu
https://www.traveloka.com/id-id/user/review/consumption/HOTEL/GENERAL/240423,8,40,"Ketika check in dilayanin receptionis yah yang ramah banget namanya Mas Raka, minta request cake ulang tahun istri eh kebetulan banget bisa doang dibuatin cake jadi gak usah beli lagi di luar dan tulisan ucapan selamat ulang tahun juga keren banget buat istri seneng banget makasih Hotel Santika Bogor. 👍🙏.",Diulas 167 minggu lalu
https://www.traveloka.com/id-id/user/review/consumption/HOTEL/GENERAL/240423,9,1,Menginap akhir pekan yang nyaman dengan istri.,Diulas 167 minggu lalu
https://www.traveloka.com/id-id/user/review/consumption/HOTEL/GENERAL/240423,9,2,"Pelayanan untuk check in cepat, menu untuk sarapan komplit dan enak.",Diulas 169 minggu lalu
https://www.traveloka.com/id-id/user/review/consumption/HOTEL/GENERAL/240423,9,3,Sarapan sangat baik dan layanan kamar juga bagus ... dan kamar tidur bersih.,Diulas 170 minggu lalu
https://www.traveloka.com/id-id/user/review/consumption/HOTEL/GENERAL/240423,9,4,"Lokasi strategis, Kamar luas.",Diulas 171 minggu lalu
https://www.traveloka.com/id-id/user/review/consumption/HOTEL/GENERAL/240423,9,5,Mas mas laundry nya main masuk ke kamar aja padahal masih ada orang.,Diulas 171 minggu lalu
https://www.traveloka.com/id-id/user/review/consumption/HOTEL/GENERAL/240423,9,6,"Hebat, semuanya luar biasa. Check in dan out dengan cepat, sarapan fingerlicking yang melimpah, staf yang sopan dan rendah hati, kamar bersih. Oh ya, mal botani ada di bawah kamarmu. Pasti kami akan kembali!",Diulas 172 minggu lalu
https://www.traveloka.com/id-id/user/review/consumption/HOTEL/GENERAL/240423,9,7,Makanan breakfast ok. Hanya lift nya terlalu kecil. Jadi kalo naik turun saat kondisi hotel ramai. Lama banget.,Diulas 173 minggu lalu
https://www.traveloka.com/id-id/user/review/consumption/HOTEL/GENERAL/240423,9,8,Pelayan yang ramah dan beragam pilihan menu sarapan.,Diulas 173 minggu lalu
https://www.traveloka.com/id-id/user/review/consumption/HOTEL/GENERAL/240423,9,9,"Menginap 3 hari 2 malam. Malam pertama tidur terganggu oleh suara meja, kursi di dorong-dorong dengan suara yang keras. Kadang-kadang ada suara lari-larian atau suara pintu kamar di buka tutup. Malam kedua sudah tidak terlalu terdengar, walaupun sesekali masih ada. Lain waktu kalau menginap lagi mau mencoba di lantai lainnya. Breakfast ok. Terutama mie lamiannya. Akan menginap lagi di santika kalau stay di bogor.",Diulas 173 minggu lalu
https://www.traveloka.com/id-id/user/review/consumption/HOTEL/GENERAL/240423,9,10,"Lokasi nya strategis, ruangannya bersih. Makanannya enak, tapi kalau sering nginap variasinya perlu ditambah atau di ubah periodik.",Diulas 173 minggu lalu
https://www.traveloka.com/id-id/user/review/consumption/HOTEL/GENERAL/240423,9,11,Overall bagus sih. Next time kalau balik lagi mau ke sini nginep lagi,Diulas 176 minggu lalu
https://www.traveloka.com/id-id/user/review/consumption/HOTEL/GENERAL/240423,9,12,Lokasi strategia & cukup bersih.,Diulas 176 minggu lalu
https://www.traveloka.com/id-id/user/review/consumption/HOTEL/GENERAL/240423,9,13,"Hotelnya bersih, makanannya enak, kamarnya nyaman hanya saya kurang kedap suara. Bisa terdengar suara orang berjalan dan ngobrol di lorong dari dalam kamar. Keran yang dibuka, kursi yang digeser dari kamar sebelah juga jelas terdengar sehingga menggangu istirahat.",Diulas 176 minggu lalu
https://www.traveloka.com/id-id/user/review/consumption/HOTEL/GENERAL/240423,9,14,"Semua staff yang saya temui ramah. Terakhir nginep 2 malam, kebersihan kamar dijaga, ketika tamu sarapan kamar langsung dibersihkan. Pas kesana pun okupansinya sedang tinggi jadi sarapan dibagi 4 batch, dan staff membantu mencarikan kursi setiap tamu datang. Good job.",Diulas 176 minggu lalu
https://www.traveloka.com/id-id/user/review/consumption/HOTEL/GENERAL/240423,9,15,"Cukup memuaskan, semoga tetap dijaga pelayanannya.",Diulas 176 minggu lalu
https://www.traveloka.com/id-id/user/review/consumption/HOTEL/GENERAL/240423,9,16,"Stay at Santika Bogor 3 days 2 night, staff dari awal check in-check out helpful, ramah. Saat minta bantuan untuk pindah kamar, langsung dibantu. Kamar deluxe luas ditambah sofa bed yang nyaman. Ada pastry & buah sebagai ganti slice cake untuk ulang tahun saya. Makanan cukup variatif, dan enak (kami membayar charge 50 % untuk anak usia 11 tahun). Kolam renang bersih, karena menginap di week day jadi tidak ramai. Tapi cukup disayangkan saat kami tertinggal barang (1 koper) di hotel, tidak ada permintaan maaf sama sekali dari staff (padahal salah dari staff/bellboy yang meninggalkan koper kami di depan lift). Syukur kami belum sampai kembali ke Jakarta, jadi bisa putar balik ke hotel. Tapi tanpa sedikit pun permintaan maaf akan kelalaian staff? Terselip sedikit kecewa. Tapi tertutupi dengan kenyamanan lainnya yang kami rasakan. Untuk lokasi hotel strategis, ada jalan khusus menuju Botani Square Mall. Dekat dengan terminal bus Damri Baranangsiang, ada soto & siomay anak di lokasi terminal.",Diulas 176 minggu lalu
https://www.traveloka.com/id-id/user/review/consumption/HOTEL/GENERAL/240423,9,17,"Hotelnya bersih, stafnya ramah, akses mudah.",Diulas 177 minggu lalu
https://www.traveloka.com/id-id/user/review/consumption/HOTEL/GENERAL/240423,9,18,"Proses check in cepat. Tas saya yang ketinggalan waktu check in, saat ditanyakan malam hari, disimpan & bisa langsung diambil. Breakfast banyak variasinya. Akan menginap kembali ke sini lagi nantinya.",Diulas 177 minggu lalu
https://www.traveloka.com/id-id/user/review/consumption/HOTEL/GENERAL/240423,9,19,"Lokasi strategis dekat mall hanya akses ke hotel agak membingungkan. Fasilitas semua oke, kamar bersih & wangi, makanan variatif & enak, staff ramah. Tingkatkan terus.",Diulas 177 minggu lalu
https://www.traveloka.com/id-id/user/review/consumption/HOTEL/GENERAL/240423,9,20,"Kamar luas, terang, bersih, dan sarapan bervariasi, oke deh.",Diulas 178 minggu lalu
https://www.traveloka.com/id-id/user/review/consumption/HOTEL/GENERAL/240423,9,21,"Hotel bisa langsung Terhubung ke dalam mall, kamar bersih, air mineral tersedia 4 botol, ac dingin, minus ruang kamar & kamar mandi kurang wangi. Sarapan menu nya bervariasi. Rasanya lumayan. Terima Kasih Hotel Santika Bogor.",Diulas 180 minggu lalu
https://www.traveloka.com/id-id/user/review/consumption/HOTEL/GENERAL/240423,9,22,Pelayanan check-in dan check-out cepat dan efisien. Kamar dan fasilitas oke. Kemana kemana-mana.,Diulas 180 minggu lalu
https://www.traveloka.com/id-id/user/review/consumption/HOTEL/GENERAL/240423,9,23,"Semua bagus, kamar bersih makanan oke, karyawannya ramah, cuma 1 saja saya minta kamar yang bersebelahan karena suami saya stroke jadi agak repot kalau yang bantu kamarnya berjauhan, sudah ditelepon sudah oke tapi ternyata begitu datang tidak seperti yang diinginkan dengan alasan penuh tidak bisa, untung masih 1 lantai jadi it's okelah, cuma ya itu di front office nya yang melayani cowok kurang ramah ya, terkesan jutek, tidak ada senyum sama sekali, tidak seperti yang mbak di sebelahnya melayani dengan sangat ramah, cuma itu aja sih. Anyway saya dan keluarga puas kok menginap di sana, thanks Hotel Santika Bogor.",Diulas 182 minggu lalu
https://www.traveloka.com/id-id/user/review/consumption/HOTEL/GENERAL/240423,9,24,"Harga kamar 1150, kamar seperti kamar budget, seprei kotor, banyak noda, banyak rambut, ac panas, sangat menyesal nginap di sini.",Diulas 182 minggu lalu
https://www.traveloka.com/id-id/user/review/consumption/HOTEL/GENERAL/240423,9,25,"Sengaja saya pesan kamar jauh-jauh hari untuk mendapatkan posisi kamar sesuai keinginan. Yakni tanggal 4 November 2022 untuk menginap di tanggal 18 November 2022. Karena kita memang mau liburan dengan keluarga. Begitu saya transaksi di aplikasi, saya langsung konfirmasi ke resepsionis. Dan terkonfirmasi kamar di lantai 8. Tepatnya 821 dan 823 kalo tidak salah (konekting). Tepat hari H, sebelum berangkat, saya konfirmasi lagi. Dan betul dengan no kamar yang sama. Tapi check in baru bisa jam 2 kata resepsionis. Tepat jam 2.15 kami sampai di hotel, dan resepsionis mengatakan kamar belum ready dan kami di suruh menunggu. Berusah sabar saya coba menunggu. Tapi sudah hampir satu jam belum bisa check in juga, akhirnya saya tanyakan resepsionisnya kembali. Disinilah moment yang membuat saya emosi. Karena reseceptionis menawarkan kamar lain dikarenakan kamar yang kami pesan belum rapi. Saya emosi karena ini merusak suasana liburan kami dan buat saya ini serius. Dan kami masuk kamar dengan lantai yang masih basah. Kesimpulannya, kami kecewa dengan pelayanan hotel.",Diulas 183 minggu lalu
https://www.traveloka.com/id-id/user/review/consumption/HOTEL/GENERAL/240423,9,26,Wifi bagus dan tempat bagus wow.,Diulas 183 minggu lalu
https://www.traveloka.com/id-id/user/review/consumption/HOTEL/GENERAL/240423,9,27,"Check in check out cepat, dapet kamar tidak sesuai expetasi, sepertinya perlu pemugaran udah ga terkesan modern kamarnya, tempat tidur kecil dan bantal guling udah pada hitam-hitam, sprei juga udah buluk, kamar kurang bersih, untuk sarapan tempatnya kecil bukan hari weekend aja terkesan penuh banget saat sarapan, untuk varian sarapan lumayan tapi untuk rasa agak kurang, tapi yang membuat saya tidak berkesan sama sekali sampai jam setengah 8 room service udah ketok-ketokkin pintu-pintu kamar hampir semua diketokin ini mengganggu sekali, hotel yang aneh kayak di asrama aja, satu lagi dapet kamar AC dan kulkasnya berisik, dan juga sama kamar sebelah kedengeran sekali suaranya, nilai plusnya cuma conecting sama Mall Botani Square aja di sini, dan untuk staff ramah.",Diulas 184 minggu lalu
https://www.traveloka.com/id-id/user/review/consumption/HOTEL/GENERAL/240423,9,28,"Menu breakfastnya enak, apalagi yang lamian.",Diulas 184 minggu lalu
https://www.traveloka.com/id-id/user/review/consumption/HOTEL/GENERAL/240423,9,29,"Alhamdulillah hotel nya recommended sekali, petugas hotel sangat membantu, sarapannya lengkap dan bervariasi, kamar luas dan bersih masyaallah, dan hotel terhubung langsung dengan moll botani square, paginya bisa olahraga muterin kebun raya bogor 😊.",Diulas 184 minggu lalu
https://www.traveloka.com/id-id/user/review/consumption/HOTEL/GENERAL/240423,9,30,Semuanya bagus 👌 lokasi bagus.,Diulas 184 minggu lalu
https://www.traveloka.com/id-id/user/review/consumption/HOTEL/GENERAL/240423,9,31,Ramah semua. Pelengkapan dalam kamar lengkap. Berharap pintu kaca di restoran dibuka aja. Susah buka tutup sambil bawa makanan.,Diulas 184 minggu lalu
https://www.traveloka.com/id-id/user/review/consumption/HOTEL/GENERAL/240423,9,32,"Pelayanan memuaskan, kamar mandi sedikit becek karena exhaust tidak berfungsi. Kolam renang cukup ramai dan sempit. Menu breakfast Umm Ali sangat sangat enak.",Diulas 185 minggu lalu
https://www.traveloka.com/id-id/user/review/consumption/HOTEL/GENERAL/240423,9,33,Kali kedua ke sini. Masih keren. Makanannya enak dan variatif banget. Kamar luas dan oke,Diulas 185 minggu lalu
https://www.traveloka.com/id-id/user/review/consumption/HOTEL/GENERAL/240423,9,34,"Saya datang sebelum jam 14:00 tapi check in sudah siap jam 15:30, saya menunggu terlalu lama",Diulas 185 minggu lalu
https://www.traveloka.com/id-id/user/review/consumption/HOTEL/GENERAL/240423,9,35,Dekat pusat keramaian kota Simpang Lima Kota Semarang.,Diulas 185 minggu lalu
https://www.traveloka.com/id-id/user/review/consumption/HOTEL/GENERAL/240423,9,36,"Dekat dengan damri, gak susah lagi kalo mau ke bandra Soetta. Hotelnya bersih, mall dekat, mau jogging tinggal nyebrang ke arah kebon raya bogor.",Diulas 185 minggu lalu
https://www.traveloka.com/id-id/user/review/consumption/HOTEL/GENERAL/240423,9,37,"Terima kasih Santika, kami booking 3 kamar dengan lokasi yang berdekatan dalam 1 lantai. Untuk breakfast ada ruang terbuka sehingga sirkulasi udaranya nyaman. Untuk check in lama sekali sampai mama saya tertidur di sofa, mungkin harus nambah personel ya.",Diulas 186 minggu lalu
https://www.traveloka.com/id-id/user/review/consumption/HOTEL/GENERAL/240423,9,38,"Sambutannya ramah dan cepat, kamar bersih dan semua menu breakfast yang saya coba enak maknyus 👍🙏🏻",Diulas 186 minggu lalu
https://www.traveloka.com/id-id/user/review/consumption/HOTEL/GENERAL/240423,9,39,"Kamar bersih, pelayanan excellent.",Diulas 186 minggu lalu
https://www.traveloka.com/id-id/user/review/consumption/HOTEL/GENERAL/240423,9,40,"Plusnya: pelayanan check in & check out cepat. Kamar sesuai permintaan No smoking & lantai atas. Viewnya kota bogor. Makanan enak dan tersaji lengkap dengan pramusaji yang cepat tanggap, dikasih 30 menit untuk late check out. Toilet kamar, toilet restoran bersih, kamar bersih tidak ada debu dan noda di sprei, AC dingin tidak berisik. Kolam renang juga bersih ada pool anak dan dewasa disediakan handuk ganti di pinggi kolam. Minusnya: kamar tidak kedap suara, suara dari luar kamar dan kamar-kamarnya yang bersebelahan kedengaran. Ada yang lagi karaoke, dorong-dorong meja, lari-larian,",Diulas 186 minggu lalu
https://www.traveloka.com/id-id/user/review/consumption/HOTEL/GENERAL/240423,10,1,"Alhamdulillah kami sekeluarga sangat nyaman menginap di sini. Kamar bersih, sprei bersih, kamar mandi bersih, AC oke, air hangat untuk mandi pun berfungsi dengan baik. Anak ku pun happy karena kolam renangnya bersih dan nyaman. 1 hal aja tadi yang agak sedikit mengganggu. Saya menginap di kamar 912 dan sepertinya kamar sebelah sedang ada renovasi, karena kamarnya agak kurang kedap suara jadi agak berisik suara renovasinya. Untung suara berisiknya sudah agak siang mendekati saat mau check out.",Diulas 186 minggu lalu
https://www.traveloka.com/id-id/user/review/consumption/HOTEL/GENERAL/240423,10,2,"Recommended hotel. One day akan kesini lagi karena satu lokasi sama mall. Yang mager di hotel. Hanya yang kurang di kamar mandi, untuk akses udara kamar mandi tidak ada. Interior hotel kurang menarik, sarapan lumayan.",Diulas 188 minggu lalu
https://www.traveloka.com/id-id/user/review/consumption/HOTEL/GENERAL/240423,10,3,"Pengalaman yang sangat menyenangkan menginap di sini. Staff hotel ramah, cekatan dan helpful. Semua staff sangat menyenangkan. Lingkungan bersih, menu breakfast bervariasi. Semoga terus konsisten memberikan pelayanan khas tanah sunda.",Diulas 188 minggu lalu
https://www.traveloka.com/id-id/user/review/consumption/HOTEL/GENERAL/240423,10,4,"Deket mall, pelayanan baik, ramah dan cepet diurus, pokonya suka dan puas 😍.",Diulas 188 minggu lalu
https://www.traveloka.com/id-id/user/review/consumption/HOTEL/GENERAL/240423,10,5,"Baik untuk kunjungan singkat ke Bogor, lokasi yang sangat nyaman. Anggota staf ramah, kamar bersih dan luas, namun rasa makanan harus ditingkatkan.",Diulas 189 minggu lalu
https://www.traveloka.com/id-id/user/review/consumption/HOTEL/GENERAL/240423,10,6,Overall semua bagus. Mulai dari pelayanan sampe dengan makanan. B'fast nya oke banget. Banyak varian sampe bgung. Thanks santika.,Diulas 189 minggu lalu
https://www.traveloka.com/id-id/user/review/consumption/HOTEL/GENERAL/240423,10,7,Suasananya nyaman dan turun ke bawah langsung ke Botani Square 🙏.,Diulas 189 minggu lalu
https://www.traveloka.com/id-id/user/review/consumption/HOTEL/GENERAL/240423,10,8,Kamar dirapikan setiap hari tanpa kita minta. Hotel terhubung mall.,Diulas 189 minggu lalu
https://www.traveloka.com/id-id/user/review/consumption/HOTEL/GENERAL/240423,10,9,"Alhamdulillah staffnya ramah, kalau ada kesempatan staycation lagi saya akan kesini lagi. Makanan enak sangat bervariasi.",Diulas 190 minggu lalu
https://www.traveloka.com/id-id/user/review/consumption/HOTEL/GENERAL/240423,10,10,"Karena acara kantor, hotel ini sangat membantu bulak balik area Mall Botani Square. Ada connecting dari B2 ke area mallnya (jamnya sesuai operasional mall). Untuk pelayanan dari front office sampai security juwara sih. Untuk makanan sesuai dengan bintangnya.",Diulas 190 minggu lalu
https://www.traveloka.com/id-id/user/review/consumption/HOTEL/GENERAL/240423,10,11,Bagus semua pengalaman menginap di Hotel Santika.,Diulas 190 minggu lalu
https://www.traveloka.com/id-id/user/review/consumption/HOTEL/GENERAL/240423,10,12,"Ukuran kamar luas banget sih oke pokoknya, rapi, nyaman juga stay di sini. Cuma untuk sekedar saran aja yah buat pihak hotel, tolong dikasih karpet dong di tiap kamar gitu, biar lebih kedap karena ini dari kamar ku kedengeran banget segala suara meja di geser dari kamar lain, suara bocah lari, dan lain-lain. Di luar kamar juga kalo lagi ada tamu lain check in atau petugasnya lagi bebersih itu berisik banget sampe dalem kamar. Semoga tersampaikan ya maksud dari saran ini.",Diulas 190 minggu lalu
https://www.traveloka.com/id-id/user/review/consumption/HOTEL/GENERAL/240423,10,13,Sarapannya gak enak untuk hotel 950 ribu permalam.,Diulas 190 minggu lalu
https://www.traveloka.com/id-id/user/review/consumption/HOTEL/GENERAL/240423,10,14,"Hotel ramah keluarga, check in & check out cepat, kamar deluxe nya luas, kamar mandi juga luas, sarapannya banyak variasi, staff ramah & helpful. Bakal balik lagi sih buat liburan. Terkoneksi dengan Mall Botani Square melalui basement. Untuk parkiran akan selalu tersedia untuk tamu hotel 😁",Diulas 192 minggu lalu
https://www.traveloka.com/id-id/user/review/consumption/HOTEL/GENERAL/240423,10,15,"Lokasi strategis di tengah kota Bogor, di bawahnya Mall Botani Square, dekat dengan KRB, dekat kemana-mana, kamar ya luas, ada sofa panjang yang bisa dipake buat extra bed, kamar mandi bersih dan rapi, AC dingin, makanannya enak dan variatif, lengkap restonya juga asik, dekat sama kolam renang, oke, jempol deh.",Diulas 193 minggu lalu
https://www.traveloka.com/id-id/user/review/consumption/HOTEL/GENERAL/240423,10,16,"Proses check in mudah. Gampang jajan ke mol tinggal turun, staf ramah, kamar bersih, breakfast enak. Terima kasih Santika.",Diulas 194 minggu lalu
https://www.traveloka.com/id-id/user/review/consumption/HOTEL/GENERAL/240423,10,17,"Lokasi sangat strategis. Akses ke Mall Botani Square langsung dari lantai basement. Mudah juga jika perlu akses transportasi umum untuk wisata di Kota Bogor. Akses bus DAMRI dari bandara Soeta-Botani Square PP mudah. Pelayanan dari petugas hotel yang luar biasa ramah-cepat-helpful. Menu makanan & minuman di restoran enak. Parkiran mobil luas, leluasa, aman.",Diulas 194 minggu lalu
https://www.traveloka.com/id-id/user/review/consumption/HOTEL/GENERAL/240423,10,18,"Kalo buat staycation oke nih hotel, deket sama mall.",Diulas 194 minggu lalu
https://www.traveloka.com/id-id/user/review/consumption/HOTEL/GENERAL/240423,10,19,Bersih dan nyaman serta pelayanan nya bagus.,Diulas 195 minggu lalu
https://www.traveloka.com/id-id/user/review/consumption/HOTEL/GENERAL/240423,10,20,Hotel yang bersih. Resto cantik. Menu beragam mulai dari suguhan modern hingga jamu tradisional pun tersedia. Selalu Ingin Kembali ke hotel ini.,Diulas 195 minggu lalu
https://www.traveloka.com/id-id/user/review/consumption/HOTEL/GENERAL/240423,10,21,Nyaman dan sarapan pagi yang nikmat.,Diulas 196 minggu lalu
https://www.traveloka.com/id-id/user/review/consumption/HOTEL/GENERAL/240423,10,22,"Staycation bareng bestie, walau cuma satu malam tapi happy. Seneng nginep di sini kamarnya luas, bersih, mau makan atau nyari apa apa tinggal ngesot karena sebelah Mall Botani Square, kolam renang juga bersih tapi kami tidak berenang karena salah satu ada yang haid 😬. Sarapan enak dan banyak pilihan, next pengenlah nginep di sini lagi.",Diulas 197 minggu lalu
https://www.traveloka.com/id-id/user/review/consumption/HOTEL/GENERAL/240423,10,23,"Nice 👌🏽😊 ramah, bersih, sarapannya enak.",Diulas 197 minggu lalu
https://www.traveloka.com/id-id/user/review/consumption/HOTEL/GENERAL/240423,10,24,Sebenarnya menyenangkan ya menginap di sini. Cuma untuk ketersediaan bellboy sepertinya kurang sigap ya. Butuh waktu beberapa menit bahkan 20 menit lebih setelah di telepon untuk membawa barang dari kamar hotel menuju lobby. Tapi untungnya makanan di restonya sangat memuaskan perut saya🥰 jadi itu bukan masalah besar. Tapi semoga lebih ditingkatkan lagi.,Diulas 198 minggu lalu
https://www.traveloka.com/id-id/user/review/consumption/HOTEL/GENERAL/240423,10,25,"Staf sangat membantu, lokasi sangat strategis dan yang terpenting kamarnya bersih.",Diulas 199 minggu lalu
https://www.traveloka.com/id-id/user/review/consumption/HOTEL/GENERAL/240423,10,26,"Sudah 2x nginap di sini, sayang kemaren dapat room yang smoking. Baunya masih terasa walaupun sudah di refresh.",Diulas 199 minggu lalu
https://www.traveloka.com/id-id/user/review/consumption/HOTEL/GENERAL/240423,10,27,"Hotelnya strategis, connecting langsung ke Mall Botani. Makanannya juga variasi banget, enak-enak semua.",Diulas 200 minggu lalu
https://www.traveloka.com/id-id/user/review/consumption/HOTEL/GENERAL/240423,10,28,Suasananya menyenangkan dan keluarga senang.,Diulas 201 minggu lalu
https://www.traveloka.com/id-id/user/review/consumption/HOTEL/GENERAL/240423,10,29,"Pelayanan sangat ramah, kamar luas dan bersih, makanan enak-enak.",Diulas 201 minggu lalu
https://www.traveloka.com/id-id/user/review/consumption/HOTEL/GENERAL/240423,10,30,"Kami sekeluarga menyukai tempat ini, bersih walaupun TV nya kurang besar (room 502), agak berisik saat malam karena sebelah tempat lalu lalang GS bawa trolly. Tangga daruratnya bersih, terang dan tidak curam. Sangat bagus.",Diulas 202 minggu lalu
https://www.traveloka.com/id-id/user/review/consumption/HOTEL/GENERAL/240423,10,31,"Luar biasa, staf ramah dan membantu. Kami akan kembali ke hotel ini ketika kami mengunjungi bogor.",Diulas 202 minggu lalu
https://www.traveloka.com/id-id/user/review/consumption/HOTEL/GENERAL/240423,10,32,"Mau makan sarapan saja mesti waiting list sekitar 15 menit, giliran sudah masuk kursinya kurang 1, memangnya kuda makan sambil berdiri. Akhirnya keluar lagi nunggu tempat yang ready. Pada akhirnya bisa sarapan mesti keluar bolak balik nunggu. #kapok!",Diulas 202 minggu lalu
https://www.traveloka.com/id-id/user/review/consumption/HOTEL/GENERAL/240423,10,33,Akomodasi sangat cocok untuk keluarga.,Diulas 202 minggu lalu
https://www.traveloka.com/id-id/user/review/consumption/HOTEL/GENERAL/240423,10,34,"Staffnya semua ramah ramah bangett, bikin nyaman staycation lama di sini ❤.",Diulas 204 minggu lalu
https://www.traveloka.com/id-id/user/review/consumption/HOTEL/GENERAL/240423,10,35,"Secara keseluruhan bagus, staf hotel sangat bagus .",Diulas 204 minggu lalu
https://www.traveloka.com/id-id/user/review/consumption/HOTEL/GENERAL/240423,10,36,"Posisinya strategis jadi enak mau kemana-mana, deket kemana-mana, hotelnya bersih, servicenya juga bagus, keep up the good work.",Diulas 205 minggu lalu
https://www.traveloka.com/id-id/user/review/consumption/HOTEL/GENERAL/240423,10,37,Overall ok. Staff ramah-ramah. Anak saya juga senang menginap di sini. Minta balik lagi. Terima kasih traveloka dan santika botani square.,Diulas 205 minggu lalu
https://www.traveloka.com/id-id/user/review/consumption/HOTEL/GENERAL/240423,10,38,"AC berisik dan bocor, air ac bleber kemana-mana",Diulas 205 minggu lalu
https://www.traveloka.com/id-id/user/review/consumption/HOTEL/GENERAL/240423,10,39,"Baru kali ini saya menginap di Santika Bogor. Menurut saya nyaman menginap di sini. Walaupun roomnya ga terlalu luas, tetapi desaignnya cukup bagus dan apik juga bersih. Intinya for the next, bakal nginep di sini lagi. Thank u Santika Bogor.",Diulas 206 minggu lalu
https://www.traveloka.com/id-id/user/review/consumption/HOTEL/GENERAL/240423,10,40,"Menyenangkan. Kamar bersih, sarapan oke, dekat dengan mall.",Diulas 206 minggu lalu
https://www.traveloka.com/id-id/user/review/consumption/HOTEL/GENERAL/240423,11,1,"Terbaik di Kota Bogor, karena lokasi nya menyatu dengan mall botani square.",Diulas 207 minggu lalu
https://www.traveloka.com/id-id/user/review/consumption/HOTEL/GENERAL/240423,11,2,"Hotel bersih dan servis bagus wajib untuk direkomendasikan kepada yang lain. Lain waktu hotel ini menjadi tujuan utama kami jika ke Bogor. Seluruh staf ramah dan cekatan. Front office, CS, keseluruhan memberikan pelayan yang sangat baik sopan dan ramah kepada tamu.",Diulas 207 minggu lalu
https://www.traveloka.com/id-id/user/review/consumption/HOTEL/GENERAL/240423,11,3,"Kamar sangat luas, sangat cocok untuk staycation bersama keluarga. Kolam renang bersih, tapi memang tidak besar.",Diulas 207 minggu lalu
https://www.traveloka.com/id-id/user/review/consumption/HOTEL/GENERAL/240423,11,4,"Happy banget menginap disini. Nempel sama Mall. Parkirannya luas. Makanannya enak, macamnya banyak. Sukses selalu Santika Bogor.",Diulas 208 minggu lalu
https://www.traveloka.com/id-id/user/review/consumption/HOTEL/GENERAL/240423,11,5,Secara keseluruhan seperti biasa memenuhi ekspektasi. Mungkin sedikit masukan untuk tayangan televisinya di review kembali karena pas di kamar saya kok tampilannya gak jernih dan sepertinya gak ada tv kabel.,Diulas 209 minggu lalu
https://www.traveloka.com/id-id/user/review/consumption/HOTEL/GENERAL/240423,11,6,"Dua kali menginap di sini, hotel bersih tempatny nyaman, g mengecewakan.",Diulas 209 minggu lalu
https://www.traveloka.com/id-id/user/review/consumption/HOTEL/GENERAL/240423,11,7,First impression yang sangat baik dengan pelayanan yang sangat baik. Hotel nyaman dan bersih. Lokasi strategis conecting dengan mall botani.,Diulas 210 minggu lalu
https://www.traveloka.com/id-id/user/review/consumption/HOTEL/GENERAL/240423,11,8,Pelayanannya ramah & makanannya juga enak. Mau ke mall juga enak tinggal turun ke Botani Square.,Diulas 210 minggu lalu
https://www.traveloka.com/id-id/user/review/consumption/HOTEL/GENERAL/240423,11,9,"Pesan 3 kamar, check in pas di jam 2. Tapi ada 1 kamar tidak ready dan baru ready jam 3. Kan jadi ga bisa langsung istirahat di kamar.",Diulas 210 minggu lalu
https://www.traveloka.com/id-id/user/review/consumption/HOTEL/GENERAL/240423,11,10,"Pelayanan ramah dan sangat membantu. Makanannya enak, dan dekat dengan mall.",Diulas 210 minggu lalu
https://www.traveloka.com/id-id/user/review/consumption/HOTEL/GENERAL/240423,11,11,"Ac kamar ga dingin, di info ke receptionis ga di follow up. Kasur gatel, baunya ga fresh.",Diulas 211 minggu lalu
https://www.traveloka.com/id-id/user/review/consumption/HOTEL/GENERAL/240423,11,12,"Akomodasi ini sangat cocok untuk menikmati weekend di bogor tanpa takut macet karena begitu keluar langsung bisa masuk tol. Saya dapet kamar executive, lumayan luas untuk bawa anak-anak dan makanan di hotel ini sangat memuaskan. Mengedepankan konsep tradisional food from indonesia serta minuman jamu yang wajib banget dilestarikan. Pokoknya recommended banget kalau ke bogor buat nginep disni.",Diulas 211 minggu lalu
https://www.traveloka.com/id-id/user/review/consumption/HOTEL/GENERAL/240423,11,13,Semua pelayanan yang diberikan baik dan fasilitasnya juga baik. Kamar nyaman dan dingin.,Diulas 211 minggu lalu
https://www.traveloka.com/id-id/user/review/consumption/HOTEL/GENERAL/240423,11,14,"Karyawannya ramah-ramah, cuma menu sarapannya kurang, tv sinyalnya kurang bagus, perlu diperbaiki atau diupgrade fasilitas furniturenya.",Diulas 212 minggu lalu
https://www.traveloka.com/id-id/user/review/consumption/HOTEL/GENERAL/240423,11,15,"Kondisi kamar agak lembab, bantal dan spreynya agak bau asem sehingga tidur menjadi tidak nyaman karena kurang bersih. Menu sarapan pagi sangat sedikit ragam lauk nya sehingga kurang tertarik.",Diulas 212 minggu lalu
https://www.traveloka.com/id-id/user/review/consumption/HOTEL/GENERAL/240423,11,16,"Kamar bersih, connecting dengan pertokoan Botani Squere, makanannya enak.",Diulas 212 minggu lalu
https://www.traveloka.com/id-id/user/review/consumption/HOTEL/GENERAL/240423,11,17,"Saya menginap di sini dari tanggal 3 hingga 4 Mei, liburan singkat untuk saya dan suami. Santika Hotels telah menjadi hotel pilihan keluarga saya di kota mana pun kami berada. Dan Santika Bogor melakukan pekerjaan yang sangat baik dalam mempertahankan tamu setia mereka. Kami tinggal di kamar Suite. Kamarnya rapi, rapi, dan harum. Itu juga luas! Namun, gambar-gambar di aplikasi tidak terlalu banyak. Mungkin Anda harus mengubah foto agar sesuai dengan ruangan yang sebenarnya? Cz kamar yang saya tempati (1005) jelas tidak terlihat seperti yang saya lihat di foto mantan tamu. (-) Liftnya tidak begitu luas, saya kira jika Anda ingin pelayan membantu Anda dengan Anda bagasi atau barang lainnya, Anda mungkin perlu naik lift yang berbeda.(-) Menu sarapan. Hah. Silakan mengevaluasi dan datang dengan menu yang lebih baik. Tapi lontong opornya luar biasa. SOROTAN: Layanan, oh Tuhan. Kalau saja saya bisa memberikan 100 bintang untuk keramahan dan layanan di sini, itu STELLAR!😍. Salut buat kalian semua yang sudah bekerja keras selama lebaran. Pasti akan kembali jika saya pernah bepergian ke Bogor lagi.",Diulas 212 minggu lalu
https://www.traveloka.com/id-id/user/review/consumption/HOTEL/GENERAL/240423,11,18,"Pelayanannya sangat baik, lokasi nyambung sama mall botani square, sarapan enak dan banyak macam nya Dan kebersihannya terjamin 👍.",Diulas 212 minggu lalu
https://www.traveloka.com/id-id/user/review/consumption/HOTEL/GENERAL/240423,11,19,Nice & Perfect place to stay in bogor 👌. Pelayanan nya ramah. Special Thanks to * Mas Memet Muhammad * for ur hospitality. 🙏. Yang sangat sigap & sopan melayani kami selama stay di hotel santika bogor.,Diulas 212 minggu lalu
https://www.traveloka.com/id-id/user/review/consumption/HOTEL/GENERAL/240423,11,20,Kamarnya oke bersih nyaman. Pelayanannya bagus banget! Ramahh.,Diulas 212 minggu lalu
https://www.traveloka.com/id-id/user/review/consumption/HOTEL/GENERAL/240423,11,21,"Lokasinya sangat strategis karena terdapat mall botani square disebelahnya sehingga sangat membantu saya dalam menginap di hotel ini, serta pelayanan yang baik dan ramah dari staff hotel. Recommended hotel di bogor.",Diulas 212 minggu lalu
https://www.traveloka.com/id-id/user/review/consumption/HOTEL/GENERAL/240423,11,22,"Kamar sih oke, tp AC kurang dingin, dan makan sahur rasanya agak kurang oke, dan kurang banyak variasinya. Tidak seperti santika yang biasa-biasanya.",Diulas 212 minggu lalu
https://www.traveloka.com/id-id/user/review/consumption/HOTEL/GENERAL/240423,11,23,"Staff ramah, so far so good, lokasi oke deket mall.",Diulas 214 minggu lalu
https://www.traveloka.com/id-id/user/review/consumption/HOTEL/GENERAL/240423,11,24,"Bagus. Kamar bersih, nyaman, pelayanan ramah.",Diulas 214 minggu lalu
https://www.traveloka.com/id-id/user/review/consumption/HOTEL/GENERAL/240423,11,25,"Hotelnya enak. Strategis tempat deket banget ama Botani Square Mall Bogor, tempat parkir nyatu, ada jajanan macam macam. Breakfast makanan indo kebetulan waktu itu. Kolam renang nya di lantai 3. Waktu satang cukup ramai. Kamar dan toilet nya bersih. Nyaman. Staff nya juga pada ramah.",Diulas 217 minggu lalu
https://www.traveloka.com/id-id/user/review/consumption/HOTEL/GENERAL/240423,11,26,"Tempatnya sangat strategis, kamarnya nyaman, langsung nyambung mall. Semua karyawannya ramah ramah. Pasti akan ke sini lagi.",Diulas 217 minggu lalu
https://www.traveloka.com/id-id/user/review/consumption/HOTEL/GENERAL/240423,11,27,"Ini pas banget buat yang rapat di Bogor, ipb cc dan seputaran. Bisa skalian bawa keluarga juga karena nempel sama Mall, jadi gampang juga umbar bocah dan cari makannya.",Diulas 218 minggu lalu
https://www.traveloka.com/id-id/user/review/consumption/HOTEL/GENERAL/240423,11,28,Hotel yang lengkap dengan fasilitas dekat dengan mall jadi ga perlu kemana-mana lagi untuk cari makan n hiburan untuk anak.,Diulas 219 minggu lalu
https://www.traveloka.com/id-id/user/review/consumption/HOTEL/GENERAL/240423,11,29,"Hotelnya bersih. Kamar juga bersih sampai ke kamar mandinya. Semua staff sangat baik, ramah, dan selalu membantu. Puas dan senang sekali menginap di Santika di tambah ada akses langsung ke mall botani. Anak jadi senang. Terima kasih semua staff santika saya menginap tgl 12-13 maret.",Diulas 219 minggu lalu
https://www.traveloka.com/id-id/user/review/consumption/HOTEL/GENERAL/240423,11,30,"Staff ramah, kamar bersih, sarapan enak, kolam renang bagus, dibawahnya ada mall.",Diulas 219 minggu lalu
https://www.traveloka.com/id-id/user/review/consumption/HOTEL/GENERAL/240423,11,31,"Hotel bersih, pelayanan ramah dan paling penting lokasi di dalam mall. Cari makan juga mudah.",Diulas 220 minggu lalu
https://www.traveloka.com/id-id/user/review/consumption/HOTEL/GENERAL/240423,11,32,"Kamar nya bersih dan nyaman, pelayanannya bagus.",Diulas 220 minggu lalu
https://www.traveloka.com/id-id/user/review/consumption/HOTEL/GENERAL/240423,11,33,"Hotel pusat kota Bogor, di depan landmark tugu kujang dan kebun Raya Bogor. Mudah untuk mencari makan atau jajanan karena satu gedung dengan mall botani square. Sarapan cukup bervariasi, namun rasanya so so lah. Pelayanan cukup ramah dan baik. Pemandangan kamar juga cukup bagus menghadap gunung salak. Far far so good.",Diulas 221 minggu lalu
https://www.traveloka.com/id-id/user/review/consumption/HOTEL/GENERAL/240423,11,34,Bagus tapi liftnya sangat kecil. Makanan begitu begitu tapi secara keseluruhan OK.,Diulas 221 minggu lalu
https://www.traveloka.com/id-id/user/review/consumption/HOTEL/GENERAL/240423,11,35,"Pelayanan baik, staff hotel ramah, makananya juga cukup bervariasi. Hanya saja proses check in cukup lama sehingga antrian panjang dan lama menunggu.",Diulas 221 minggu lalu
https://www.traveloka.com/id-id/user/review/consumption/HOTEL/GENERAL/240423,11,36,"Untuk fasilitas kamar yang minim dan makanan di resto yang tidak terlalu lengkap, rasanya jadi kemahalan ratenya. Oiya, untuk kenyamanan bersama, mungkin bisa ditingkatkan pelayanan resto breakfastnya dengan melayani tamu sesuai antrian dan tidak melayani tamu yang menyerobot antrian. Makasih.",Diulas 221 minggu lalu
https://www.traveloka.com/id-id/user/review/consumption/HOTEL/GENERAL/240423,11,37,"Hotel favorite di bogor, hotel bersih, lokasi sangat strategis.",Diulas 222 minggu lalu
https://www.traveloka.com/id-id/user/review/consumption/HOTEL/GENERAL/240423,11,38,Proses Check in-out mudah. Letak hotel dekat dengan Mall. Kamar nya lumayan walaupun sprei dan selimutnya sudah kelihatan usang banyak noda 🙃. Breakfast lumayan rasa n variasinya. Stafnya juga ramah. Kolam renangnya bagus tapi nggak bisa renang karena rame 😆.,Diulas 222 minggu lalu
https://www.traveloka.com/id-id/user/review/consumption/HOTEL/GENERAL/240423,11,39,"Akomodasi sesuai seperti pada gambar, tempat rapi bersih dan nyaman.",Diulas 222 minggu lalu
https://www.traveloka.com/id-id/user/review/consumption/HOTEL/GENERAL/240423,11,40,"Mantap, makanannya enak enak, jos.",Diulas 223 minggu lalu
https://www.traveloka.com/id-id/user/review/consumption/HOTEL/GENERAL/240423,12,1,"Pelayanan nya ramah, sarapan ok banyak pilihan tp kasurnya kaya kasur kapuk, ga empuk 🤭 selebihnya bagus.",Diulas 223 minggu lalu
https://www.traveloka.com/id-id/user/review/consumption/HOTEL/GENERAL/240423,12,2,"Worth it. Sarapan enak, hotel bersih pelayanan baik.",Diulas 224 minggu lalu
https://www.traveloka.com/id-id/user/review/consumption/HOTEL/GENERAL/240423,12,3,Jumlah lift tidak sesuai dengan jumlsh kamar sehingga tamu akan pakai lift harus menunggu lama.,Diulas 224 minggu lalu
https://www.traveloka.com/id-id/user/review/consumption/HOTEL/GENERAL/240423,12,4,"Untuk ke-2x sekeluarga menginap, recommended, terutama room servicenya sangat jujur. Setelah 2 jam check out dari hotel saya baru inget kalung kesehatan MCI saya ketinggalan, saya telp dan besoknya saya ambil lagi ke hotel makasih ya hotel Santika Bogor.",Diulas 224 minggu lalu
https://www.traveloka.com/id-id/user/review/consumption/HOTEL/GENERAL/240423,12,5,"Parkirnya sulit karena harus jalan kaki ke lobby nempel dengan mall botanical, fasilitas lift akses ke kamar hanya ada dua dan kecil tidak memadai tidak seimbang dengan jumlah kamar yang dimiliki jadi agak ngeri ngeri sedap naiknya menunggu lama dan maksimal hanya 5 orang, kamarmya seperti nuansa apartemen persis seperti saya tinggal di apartemen murah, ornamen kamarnya tidak menarik kursinya dekil, jorok. Pencahayaan kamar kurang, gelasnya pun gelas plastik tidak pantas untuk hotel sekelas ini, kolam renangnya kotor butek airnya dan kecil area duduk-duduk outdoor nya juga kurang luas, resturant tempat breakfast suasananya seperti kantin kurang menarik. Saya tidak mau stay di sini lagi. Maaf santika hotel jauh dari ekspetasi kami tidak sesuai dengan yang di harapkan. Sepertinya butuh perbaikan mutu ke depannya.",Diulas 225 minggu lalu
https://www.traveloka.com/id-id/user/review/consumption/HOTEL/GENERAL/240423,12,6,The best lah pokoknya. Nyaman banget.,Diulas 225 minggu lalu
https://www.traveloka.com/id-id/user/review/consumption/HOTEL/GENERAL/240423,12,7,Seperti biasa santika dari dulu selalu ga bikin kecewa. Walau banyak hotel-hotel baru tapi dari dulu tetap santika selalu dihati hehehe. Next pasti ke sini lagi. Really enjoy it.,Diulas 225 minggu lalu
https://www.traveloka.com/id-id/user/review/consumption/HOTEL/GENERAL/240423,12,8,"Hotel cukup bersih pelayanan baik, cuman kesan megahnya kurang, makanan paginya menu biasa.",Diulas 225 minggu lalu
https://www.traveloka.com/id-id/user/review/consumption/HOTEL/GENERAL/240423,12,9,"Ini kedua kalinya saya menginap di sini, memuaskan.",Diulas 225 minggu lalu
https://www.traveloka.com/id-id/user/review/consumption/HOTEL/GENERAL/240423,12,10,"Penyembuhan diri yang fantastis di sini, sangat direkomendasikan.",Diulas 225 minggu lalu
https://www.traveloka.com/id-id/user/review/consumption/HOTEL/GENERAL/240423,12,11,Kamar cukup luas dan menu breakfast lengkap dan enak.,Diulas 226 minggu lalu
https://www.traveloka.com/id-id/user/review/consumption/HOTEL/GENERAL/240423,12,12,"Menginap di suite room, ada small thing yang rusak aja sih tp tidak mempengaruhi kenyamanan, hotel menyatu dengan mall jadinya enak kalo cari makanan. 8 of 10 lah.",Diulas 227 minggu lalu
https://www.traveloka.com/id-id/user/review/consumption/HOTEL/GENERAL/240423,12,13,"Lokasi hotel yang bagus di Bogor. Tempat yang sama dengan Botani Square. Kamarnya bagus, tapi AC-nya agak rusak. Ini menjatuhkan air terus menerus. Kolam renangnya bagus meskipun agak kecil. Staf ramah. Makanannya enak.",Diulas 227 minggu lalu
https://www.traveloka.com/id-id/user/review/consumption/HOTEL/GENERAL/240423,12,14,"Datang pada pukul 17:15 langsung check in, namun kamar request yang diminta di lantai atas belum ready dan harus menunggu, jadi saya ambil yang di lantai 5 saja daripada harus menunggu lama. Kamar bersih dan wangi, handuk yang kurang 1 pun tidak lama setelah kami masuk kamar segera diantar. Semua petugas/pegawai di hotel sangat ramah dan selalu menyapa tamu, good job. Sarapan pagi rasanya cukup enak dan menunya cukup bervariasi. Kolam renang walaupun tidak begitu luas namun saya dan anak merasa nyaman menggunakannya, handuk di kolam pun tersedia banyak. Menyenangkan sekali staycation di Hotel Santika Bogor ini. Terima kasih.",Diulas 227 minggu lalu
https://www.traveloka.com/id-id/user/review/consumption/HOTEL/GENERAL/240423,12,15,"Menginap di sini saat ada gempa bumi, petugas hotel dengan tenang dan sigap mengarahkan tamu hotel untuk evakuasi melalui tangga darurat. Ada petugas di tiap lantai yang mengarahkan dan menenangkan tamu supaya tidak panik.",Diulas 228 minggu lalu
https://www.traveloka.com/id-id/user/review/consumption/HOTEL/GENERAL/240423,12,16,"A good hotel for staycation, dekat kemana-mana. Kalo pun tidak kemana-mana jalan ke bawah udah mall yang ada segala macam makanan. Ga kemana-mana juga udah ada kolam renang buat anak-anak.",Diulas 228 minggu lalu
https://www.traveloka.com/id-id/user/review/consumption/HOTEL/GENERAL/240423,12,17,"Semua baik, proses check in cepat, kebersihan ok, sarapan sejauh ini baik. Perlu ditingkatkan: wifi lambat, saluran tv tidak cukup jelas, kenop shower rusak, ada noda di bantal di sofa.",Diulas 228 minggu lalu
https://www.traveloka.com/id-id/user/review/consumption/HOTEL/GENERAL/240423,12,18,Keluar masuk kamar harus mencium bau masakan. Kamar sebelah terlalu berisik dan terdengar sangat jelas di kamar saya. Nilai plus nya saya suka karena terdapat extra sofa di setiap kamar.,Diulas 229 minggu lalu
https://www.traveloka.com/id-id/user/review/consumption/HOTEL/GENERAL/240423,12,19,Makanannya tidak enak. Ikannya enek dan tidak kering. Wali keringnpun keras. Gak ada ayam goreng atau nuggett atau udang. Menunya rasanya enekin banget mau muntah.,Diulas 229 minggu lalu
https://www.traveloka.com/id-id/user/review/consumption/HOTEL/GENERAL/240423,12,20,"Petugas sangat ramah dan helpful, prokes ketat tetap jalan, jadi merasa aman dan nyaman.",Diulas 229 minggu lalu
https://www.traveloka.com/id-id/user/review/consumption/HOTEL/GENERAL/240423,12,21,"Hotel dengan letak strategis, connecting ke botanical mall. Staff ramah. Tapi beberapa fasilitas kamar perlu diperhatikan, gelas minum tamu terbuat dari gelas plastik yang kalau diisi air panas tidak akan kuat. Dan sprei yang perlu diganti karena banyak noda. Menu breakfast bervariasi, tapi kurang rasa.",Diulas 229 minggu lalu
https://www.traveloka.com/id-id/user/review/consumption/HOTEL/GENERAL/240423,12,22,"Menyenangkan menginap di hotel ini, kebersihan, pelayanan sangat baik dan makanan enak. Berdekatan dengan mall dan fasilitas publik lainnya.",Diulas 229 minggu lalu
https://www.traveloka.com/id-id/user/review/consumption/HOTEL/GENERAL/240423,12,23,Prokesnya oke banget 👍. Dan satu gedung dengan mall jadi kalau malas keluar yah tinggal makan di mall.,Diulas 229 minggu lalu
https://www.traveloka.com/id-id/user/review/consumption/HOTEL/GENERAL/240423,12,24,"Pelayanannya baik sekali, ramah semua dan kamar bagus ✨ good job!",Diulas 229 minggu lalu
https://www.traveloka.com/id-id/user/review/consumption/HOTEL/GENERAL/240423,12,25,"Ga rekomen stay di sini, petugas nya ga pengalaman.",Diulas 229 minggu lalu
https://www.traveloka.com/id-id/user/review/consumption/HOTEL/GENERAL/240423,12,26,"Hotel yang bagus untuk liburan akhir pekan, tepat di sebelah Botani Square, jadi Anda tidak perlu repot dengan tempat parkir 😁",Diulas 230 minggu lalu
https://www.traveloka.com/id-id/user/review/consumption/HOTEL/GENERAL/240423,12,27,"Di handuk masih ada helaian rambut, di kasurpun ada helaian rambut. Dental kit hanya dapet 1, parkiran ga diksh tau kalau tiket parkirnya harus dicap, alhasil bayar parkir mall 40rb. Makanan rasanya kurang dan kurang variatif, kamar kurang kedap suara jadi berisik suara kamar sebelah. Kayanya cukup sekali aja ke santika hehe thank you.",Diulas 230 minggu lalu
https://www.traveloka.com/id-id/user/review/consumption/HOTEL/GENERAL/240423,12,28,Kemana-mana-mana! Udah itu aja.,Diulas 230 minggu lalu
https://www.traveloka.com/id-id/user/review/consumption/HOTEL/GENERAL/240423,12,29,"Posisi hotel strategis, namun akses masuk menuju hotel yang sulit, karena harus melalui Mall Botani Square, staff hotel ramah, menu breakfast banyak namun untuk harga yang saya bayarkan rasa nya masih kurang, & untuk mengambil breakfast dibatasi (diambilkan oleh staff hotel).",Diulas 231 minggu lalu
https://www.traveloka.com/id-id/user/review/consumption/HOTEL/GENERAL/240423,12,30,Menu makan standar kurang vatiatif.,Diulas 231 minggu lalu
https://www.traveloka.com/id-id/user/review/consumption/HOTEL/GENERAL/240423,12,31,"Kamarnya cukup luas, cuma rasa masakan aja kurang enak rasanya,",Diulas 231 minggu lalu
https://www.traveloka.com/id-id/user/review/consumption/HOTEL/GENERAL/240423,12,32,"Kamar bersih, seru menginap di santika 👍🏻, tapi saran saja, untuk sarapan mending ambil sendiri, tapi di kasih sarung tangan, thanks 👍🏻.",Diulas 232 minggu lalu
https://www.traveloka.com/id-id/user/review/consumption/HOTEL/GENERAL/240423,12,33,"Hanya dua lift sempit yang tersedia untuk seluruh bangunan, yang sayangnya membutuhkan waktu yang cukup lama untuk naik dan turun. Sarapannya oke.",Diulas 232 minggu lalu
https://www.traveloka.com/id-id/user/review/consumption/HOTEL/GENERAL/240423,12,34,"Selalu menyenangkan bisa staycation di sini, spot terbaik untuk menginap. Lokasi strategis, kamar sangat bersih dan nyaman, stafnya ramah semuanya 👍.",Diulas 233 minggu lalu
https://www.traveloka.com/id-id/user/review/consumption/HOTEL/GENERAL/240423,12,35,"Kamar yang cukup luas. Tapi di sayangkan ac d kamar bocor. Sarapan terkesan biasa aja. Mungkin kalo di bandingkan dengan hotel yang memiliki tarif yang sama, ini hotel di urutan bawah. But its ok lahh. Semoga kelak di perbaikin kekurangan nya. Karena lokasi hotel cukup strategis.",Diulas 234 minggu lalu
https://www.traveloka.com/id-id/user/review/consumption/HOTEL/GENERAL/240423,12,36,"Kamar bersih, kolam renang bersih, makanan lumayan enak, protokol covid, pelayanan cukup baik, staf ramah dan membantu, hanya minta handuk tambahan agak lama, cukup menyenangkan.",Diulas 234 minggu lalu
https://www.traveloka.com/id-id/user/review/consumption/HOTEL/GENERAL/240423,12,37,"Kamar luas, bersih, hanya saja kran shower jika digunakan berisik mengganggu kenyamanan. Terima kasih simple cake nya untuk anakku. Makanan nya enak semua. Kolam renang bersih. Staff nya ramah ramah. Hotel strategis. Thank you santika.",Diulas 234 minggu lalu
https://www.traveloka.com/id-id/user/review/consumption/HOTEL/GENERAL/240423,12,38,Kamar bersih. Paling top untuk kebersihan nya. Senang sekali.,Diulas 236 minggu lalu
https://www.traveloka.com/id-id/user/review/consumption/HOTEL/GENERAL/240423,12,39,Cocok buat liburan keluarga dan pelayanan yang memuaskan.,Diulas 236 minggu lalu
https://www.traveloka.com/id-id/user/review/consumption/HOTEL/GENERAL/240423,12,40,Tempat menginap yang luar biasa dan menyenangkan.,Diulas 238 minggu lalu
https://www.traveloka.com/id-id/user/review/consumption/HOTEL/GENERAL/240423,13,1,Lokasi sangat bagus. Di jantung kota bogor.,Diulas 238 minggu lalu
https://www.traveloka.com/id-id/user/review/consumption/HOTEL/GENERAL/240423,13,2,Lokasi jelas strategis. Protokol kesehatannya juga baik dan yang penting anak Happy.,Diulas 238 minggu lalu
https://www.traveloka.com/id-id/user/review/consumption/HOTEL/GENERAL/240423,13,3,"Ac nya mati hidup terus tiap 15menit. Sudah panggil teknisi katanya tidak ada masalah dengan Ac nya tapi sudah 16 drajat gerah sekali. Service lama, minta handuk dan order makan cukup lama datangnya 1 jam. Tidak di infokan terkait parkir, karena menyatu dengan mall. Dan harus bayar 90rb. Harusnya dari awal di info untuk di daftarkan parkir. Cukup sekali & terima kasih.",Diulas 238 minggu lalu
https://www.traveloka.com/id-id/user/review/consumption/HOTEL/GENERAL/240423,13,4,Kasurnya agak bau tidak wangi.,Diulas 239 minggu lalu
https://www.traveloka.com/id-id/user/review/consumption/HOTEL/GENERAL/240423,13,5,Great! Breakfast nya juga enak enak ❤.,Diulas 240 minggu lalu
https://www.traveloka.com/id-id/user/review/consumption/HOTEL/GENERAL/240423,13,6,"Lokasinya yang strategis dan sangat mudah dijangkau dari manapun karena dekat dengan Terminal Baranangsiang, Exit Tol dan juga bersebelahan dengan Mall Botani Square. Hanya satu hal saja yang cukup mengganggu saya adalah kualitas kamar dan makanannya, kok sepertinya bukan ciri khas Santika Hotel yang pernah saya kenal.",Diulas 240 minggu lalu
https://www.traveloka.com/id-id/user/review/consumption/HOTEL/GENERAL/240423,13,7,"Lokasi yang strategis menjadikan hotel ini pilihan untuk staycation keluarga kami. Hotel yang menyatu dengan mal dan dengan akses masuk khusus dari hotel ke mal membuat sangat nyaman. Saat kami menginap, sedang ada renovasi. Namun, hal ini tidak terlalu mengganggu. Ruang kamar memang kurang kedap suara. Tapi masih terbilang cukup nyaman. Kebersihan hotel baik. Apresiasi untuk tim cleaning service hotel yang gerak cepat untuk memastikan kamar kami bersih. Menu sarapan saat kondisi prokes cukup memadai, ruang makan tidak terlalu besar dan ada pembagian jadwal sarapan.",Diulas 240 minggu lalu
https://www.traveloka.com/id-id/user/review/consumption/HOTEL/GENERAL/240423,13,8,"Staf hotelnya ramah. Senang, pesan kamar superior eh dapat upgrade kamar eksekutif. Cukup luas untuk batita main-main. View Gunung Salak dan Gn Gede Pangrango. Menu buffet sarapan diambilkan oleh petugas sehingga lebih terjaga dalam situasi pandemi seperti ini. Lokasi strategis, bisa ke kebun raya jalan kaki:)",Diulas 241 minggu lalu
https://www.traveloka.com/id-id/user/review/consumption/HOTEL/GENERAL/240423,13,9,"Pelayanan ramah dan tempat strategis, makanan overall enak.",Diulas 242 minggu lalu
https://www.traveloka.com/id-id/user/review/consumption/HOTEL/GENERAL/240423,13,10,"Wifi internet lemot, tv kurang besar dan gbr tidak jernih, room service sangat lambat (minta selimut sampai 3 kali baru diberi), lift juga lambat banget dan juga ukyrannya kecil (gak bisa jaga jarak). Untuk nama bwsar Santika Hotel mengecewakan.",Diulas 242 minggu lalu
https://www.traveloka.com/id-id/user/review/consumption/HOTEL/GENERAL/240423,13,11,"Luas, memiliki jalur penghubung bawah tanah ke mal sehingga akses mudah, staf juga sangat membantu.",Diulas 243 minggu lalu
https://www.traveloka.com/id-id/user/review/consumption/HOTEL/GENERAL/240423,13,12,"Pemandangan pegunungan, adem, sejuk, harga terjangjau.",Diulas 243 minggu lalu
https://www.traveloka.com/id-id/user/review/consumption/HOTEL/GENERAL/240423,13,13,"Kamar yang sangat luas, bersih, dan interior rapi, cocok untuk staycation dan WFH.",Diulas 243 minggu lalu
https://www.traveloka.com/id-id/user/review/consumption/HOTEL/GENERAL/240423,13,14,Semuanya bagus dan puas tapi wifi nya doang yang kadang lemot banget di lantai 6 nya ga tapi semuanya puas banget makanannya di wc ada kecoa juga kecil itu aja sih makasih.,Diulas 243 minggu lalu
https://www.traveloka.com/id-id/user/review/consumption/HOTEL/GENERAL/240423,13,15,"Peralatan mandi tidak lengkap untuk 2 orang, yang tersedia hanya untuk satu orang. Saat sarapan pagi pelayan untuk mengambilkan makanan hilang-hilangan terus, tidak standby, sehingga harus menunggu pelayan datang dan antrian menjadi panjang. Pelayan juga tidak ramah. Semoga ke depannya lebih diperbaiki service nya.",Diulas 244 minggu lalu
https://www.traveloka.com/id-id/user/review/consumption/HOTEL/GENERAL/240423,13,16,"Pelayanan ramah, cepat dan di tengah kota. Nhaman.",Diulas 245 minggu lalu
https://www.traveloka.com/id-id/user/review/consumption/HOTEL/GENERAL/240423,13,17,"Standar sih, tapi makannya kurang.",Diulas 245 minggu lalu
https://www.traveloka.com/id-id/user/review/consumption/HOTEL/GENERAL/240423,13,18,"Hotel overpriced dengan pelayanan bintang 3 yang ditawarkan. Lokasi strategis di kompleks IPB samping pintu tol dari Jakarta. Lobby dan daerah publiknya kurang menarik secara desain. Kamar bersih, seprei dan handuk bersih, hangat, dan wangi. Makanan bervariasi, tp rasanya perlu ditingkatkan. Pelayanan semua staf bagus dan ramah. Pengalaman berenang menyenangkan di kolam renang besar dan panjang. Yang agak mengganggu adalah suara-suara yang tembus ke kamar seperti suara langkah kaki orang di luar, suara air dari pipa kamar sebelah, dan gesekan kursi yang digeser sangat terdengar jelas.",Diulas 245 minggu lalu
https://www.traveloka.com/id-id/user/review/consumption/HOTEL/GENERAL/240423,13,19,"Itu adalah ketiga atau keempat kalinya saya menginap di hotel ini, semuanya selalu hebat. Namun kali ini, saya membuat kesalahan ketika meminta dua kamar yang terhubung tanpa menyebutkan bahwa kamar-kamar tersebut seharusnya bebas asap rokok juga, karena saya bepergian dengan istri dan anak perempuan saya. Jadi kami mendapat dua kamar yang terhubung untuk merokok. Berharap dan berharap staf hotel berpikir bahwa jika seseorang meminta dua kamar yang terhubung, dia mungkin bepergian dengan keluarga dan seharusnya disediakan kamar bebas asap rokok, tetapi itu tidak terjadi. Yang terpenting, semuanya selalu baik-baik saja, terutama keramahan semua staf, terima kasih",Diulas 246 minggu lalu
https://www.traveloka.com/id-id/user/review/consumption/HOTEL/GENERAL/240423,13,20,"Kamarnya bagus, breakfast nya oke, lokasi strategis, menyatu dengan mall.",Diulas 246 minggu lalu
https://www.traveloka.com/id-id/user/review/consumption/HOTEL/GENERAL/240423,13,21,Kekurangan yang bisa diperbaiki:- kedap suara antar kamar perlu ditambah karena cukup terdengar geser properti kamar.- sarapan lebih variatif dan gelas minuman volume nya diperbesar. Jadi tidak perlu bolak balik hanya sekedar air putih.,Diulas 246 minggu lalu
https://www.traveloka.com/id-id/user/review/consumption/HOTEL/GENERAL/240423,13,22,"Prokesnya mantap. Kamar, kolam renang lobby dan lain-lain bagus. Pelayanannya juga ramah. Ok pokoknya",Diulas 246 minggu lalu
https://www.traveloka.com/id-id/user/review/consumption/HOTEL/GENERAL/240423,13,23,"Kamar bersih namun sayang saat tiba belum ada Handuk. AC nya kurang dingin, makanannya lumayan lezat, pelayanannya cukup baik. Bisa jadi rekomen untuk stay.",Diulas 246 minggu lalu
https://www.traveloka.com/id-id/user/review/consumption/HOTEL/GENERAL/240423,13,24,"Kamarnya luas dan nyaman, menu breakfast bervariasi dan enak, pelayanannya ramah, enak nginap di sini",Diulas 246 minggu lalu
https://www.traveloka.com/id-id/user/review/consumption/HOTEL/GENERAL/240423,13,25,Enak nyaman bersih cuma sarapan kurang variatif.,Diulas 248 minggu lalu
https://www.traveloka.com/id-id/user/review/consumption/HOTEL/GENERAL/240423,13,26,Tempat nya bersih dan pelayanan baik sekali.,Diulas 249 minggu lalu
https://www.traveloka.com/id-id/user/review/consumption/HOTEL/GENERAL/240423,13,27,"Prokes benar-benar di jalankan di sini, staff ramah semuanya, next stay di sini lagi ah.",Diulas 249 minggu lalu
https://www.traveloka.com/id-id/user/review/consumption/HOTEL/GENERAL/240423,13,28,"Hotel ini sangat bersih dan nyaman. Pelayanan mulai security sampai cleaning service sangat memprihatikan pencegahan penyebaran pandemic Covid 19. Hotel ini sangat strategis, terutama dekat dengan Pool DAMRI, langsung bergabung dengan pusat pembelajaan (Botanical Square).",Diulas 256 minggu lalu
https://www.traveloka.com/id-id/user/review/consumption/HOTEL/GENERAL/240423,13,29,"Kondisi kamar, cukup baik, bahkan untuk hotel, makanannya juga gak kalah enak sama Santika yang lian, lokasi juga pas tengah kota, bisa jalan pagi di samping kebon raya Bogor. Overall. 8,6 deh kalo menurut saya.",Diulas 257 minggu lalu
https://www.traveloka.com/id-id/user/review/consumption/HOTEL/GENERAL/240423,13,30,"Kamar nyaman, sarapan enak dan tempatnya dekat pusat pertokoan.",Diulas 257 minggu lalu
https://www.traveloka.com/id-id/user/review/consumption/HOTEL/GENERAL/240423,13,31,"Lokasi strategis, value yang ditawarkan sangat bagus, pelayanan ramah.",Diulas 257 minggu lalu
https://www.traveloka.com/id-id/user/review/consumption/HOTEL/GENERAL/240423,13,32,"Kamarnya enak (deluxe). Sofa bednya besar jadi bisa dipakai tidur juga. Protokol kesehatan oke. Tp sarapannya agak chaos, banyak makanan yang habis lama direfill, bahkan untuk mengambil minum dan sereal aja harus ngantri lama dan antriannya pun ga jelas 🥲 sayang banget padahal makanannya enak-enak. Jumlah petugas yang ada kurang bisa mengakomodir banyaknya tamu. Sebaiknya ditambah lagi petugasnya, agar lebih nyaman. Terima kasih.",Diulas 257 minggu lalu
https://www.traveloka.com/id-id/user/review/consumption/HOTEL/GENERAL/240423,13,33,"Semuanya oke, next balik lagi kesini😍😍",Diulas 257 minggu lalu
https://www.traveloka.com/id-id/user/review/consumption/HOTEL/GENERAL/240423,13,34,"Pesanan kamar tidak sesuai, kamar tidak tersedia dengan type yang dipesan minta single bed dapet nya twin.",Diulas 257 minggu lalu
https://www.traveloka.com/id-id/user/review/consumption/HOTEL/GENERAL/240423,13,35,Pelayanan sangat ramah sekali dan nyaman,Diulas 257 minggu lalu
https://www.traveloka.com/id-id/user/review/consumption/HOTEL/GENERAL/240423,13,36,Kebersihan dan pelayanannya oke. Hanya menu sarapan gak banyak pilihan tapi rasa lumayan.,Diulas 258 minggu lalu
https://www.traveloka.com/id-id/user/review/consumption/HOTEL/GENERAL/240423,13,37,"Kamar bersih dan nyaman, pas sarapan banyak menu yang belum ready. Pelayannya juga cuman 1 dan yang minta makan banyak. Selebihnya sih okee",Diulas 258 minggu lalu
https://www.traveloka.com/id-id/user/review/consumption/HOTEL/GENERAL/240423,13,38,"Pelayanannya bagus. Fasilitas lengkap, sayang cuma semalem nginepnya lain kali mau lamaan lagi, thank you",Diulas 258 minggu lalu
https://www.traveloka.com/id-id/user/review/consumption/HOTEL/GENERAL/240423,13,39,"Room bersih dan luas. Sempat di bantu room service namanya Mas Mamad, sabar dan telaten sekali. Kolam renang bersih. Breakfast standart, sayangnya anak kecil dikenakan charge 65rb padahal cuma makan kokocrunch. Sedikit lama nunggu di resepsionis.",Diulas 258 minggu lalu
https://www.traveloka.com/id-id/user/review/consumption/HOTEL/GENERAL/240423,13,40,"Saya cek in jm 5 sore kamar belum ready masih harus nunggu lagi stengah jm, gerah mau mandi karena habis prjlnan jauh handuk br dateng 1jm kemudian, itupun beberapa kali d minta, dengan alasan belum d keringkan, fslitas kamar tidak sesuai dengan harga kamar 800rb, cankir semuanya dari  plstik, pesen troli d recep tidak dateng harus d knfrms ulang, pilihan brekfast tidak banyak, sbnarnya mau st minggu, karena tidak nyaman hanya st hari sj d saya pindah hotel, sangat-sangat kecewa, saya hanya berbagi pengalaman saya st hari d hotel tersebut.",Diulas 258 minggu lalu
https://www.traveloka.com/id-id/user/review/consumption/HOTEL/GENERAL/240423,14,1,Kamarnya besar ac nya dingin airnya deras kamar mandinya kolam renang air nya jernih dan bubur ayam nya enak hotelnya gabung dengan mall di basemen kapan-kapan nginep lagi di sini dengan cucu-cucu,Diulas 258 minggu lalu
https://www.traveloka.com/id-id/user/review/consumption/HOTEL/GENERAL/240423,14,2,"Over price tapi boleh lah. Range harga 600 - 700 ribuan dengan desain kamar dan peralatan kamar yang (maaf) tidak melebihi hotel dengan range harga 300 - 400 ribuan. Plus (+):- FO dan Security yang humble, komunikatif dan rensponsif.- Masih dalam lingkup mall botani dan pool damri.- Ada kolam renang.- Kamar nya cukup redam suara Dan bersih. Minus (-):- Over price.- Access card cuma di kasih 1 buah (alasan karena stock access card terbatas)- ac kamar berbunyi seperti korslet, seperti nya harus di service.- Harga segitu, tidak ada hair dryer.- Menu sarapan monoton, 4 hari menginap, sarapan dengan menu yang sama.",Diulas 260 minggu lalu
https://www.traveloka.com/id-id/user/review/consumption/HOTEL/GENERAL/240423,14,3,"Dengan ukuran hotel *3, kamar lumayan bersih (kurang bersih di bawah tempat tidur), kamar luas, ada extra kursi panjangnya. Sarapan so far good. Lokasi sangat² strategis, mau ke mall tinggal jln. Parkiran, karena saya datengnya malam jadi ga berebut parkiran dengan pengunjung mall.",Diulas 260 minggu lalu
https://www.traveloka.com/id-id/user/review/consumption/HOTEL/GENERAL/240423,14,4,"Kelebihannya kamarnya bagus, saya pesan queen deluxe, ada extra bed nya, cocok bagi yang bawa anak-anak. Kekurangannya, liftnya hanya 2 dan kecil, kadang harus menunggu beberapa menit",Diulas 260 minggu lalu
https://www.traveloka.com/id-id/user/review/consumption/HOTEL/GENERAL/240423,14,5,"Pesan kamar deluxe dan proses check-in serta check-out sangat cepat! Kamarnya sangat luas, mejanya juga cukup besar untuk menampung banyak barang, di depan sofa ada meja besar, kulkasnya dingin seperti kulkas sungguhan di rumah, lampu di samping sofa sangat lucu seperti interior rumah modern, ya, sofanya sama seperti tempat tidur single di rumah, ada 6 gantungan baju, sangat luas, banyak ruang kosong sangat nyaman untuk staycation bersama keluarga/pasangan yang ramai. Sangat nyaman saat berada di kamar, AC-nya dingin, handuknya terbungkus rapi dalam plastik, pengering rambut menyala, tetapi hanya diberikan 1 set perlengkapan gigi meskipun jumlah maksimal orang yang menginap adalah 2 orang. Diberi 2 botol Coca-Cola. 914 keran di kamar mandi cuma shower huhuhu tapi jujur, sumpah kalau mau jalan-jalan pakai kendaraan pribadi agak rumit (karena sama seperti mal jadi harus beli tiket mal, jadi kalau mal tutup di malam hari kita harus jalan lewat lobi depan). Jadi saran orang ini nyaman banget untuk menginap, jadi bukan tempat yang cocok buat sibuk keluar masuk hotel. Kalau mau makan di sekitar hotel atau di dalam mal, jangan bawa kendaraan keluar masuk dan beli tiket parkir. Kamarku benar-benar rapi jadi nggak perlu pesan layanan kamar. Suara bising dari luar bisa terdengar dan lift kadang bermasalah.",Diulas 260 minggu lalu
https://www.traveloka.com/id-id/user/review/consumption/HOTEL/GENERAL/240423,14,6,Cukup nyaman dan sangat cocok untuk staycation singkat. Makanan juga enak.,Diulas 260 minggu lalu
https://www.traveloka.com/id-id/user/review/consumption/HOTEL/GENERAL/240423,14,7,"Begitu sampai kamar langsung cek lagi di aplikasi, ini hotel bintang 3 atau budget sih. Ternyata bintang 3 tapi tumbler di kamar mandi pakai gelas pelastik dan mug nya pakai gelas kertas.😱 😱. Gak tau karena corona mereka jadi berhemat atau memang dari awal begitu. Sumpah ini fasilitas hotel budget sih.",Diulas 260 minggu lalu
https://www.traveloka.com/id-id/user/review/consumption/HOTEL/GENERAL/240423,14,8,"Pertama kali menginap di Santika. Kecewa sih bed covernya pertama kali masuk kamar banyak bercak-bercak entah itu apa. Terus breakfast kurang banyak, monoton cuma itu-itu aja handuk baru sekali pakai mandi sore, lagi dipakai langsung sobek kebelah 2. Mungkin karena udah lama dan tidak diganti. Tolong ditingkatkan lagi yaa Santika Bogor",Diulas 261 minggu lalu
https://www.traveloka.com/id-id/user/review/consumption/HOTEL/GENERAL/240423,14,9,Enak stay di sini pelayanannya cepat lokasi tinggal turun lift ke mall botani harga juga bersahabat. Anak-anak juga happy. Breakfast nya juga enak.,Diulas 261 minggu lalu
https://www.traveloka.com/id-id/user/review/consumption/HOTEL/GENERAL/240423,14,10,"Kamar cukup bersih, protokol kesehatan dilakukan dengan baik. Staf sangat membantu dan lingkungan cukup nyaman bagi kami.",Diulas 261 minggu lalu
https://www.traveloka.com/id-id/user/review/consumption/HOTEL/GENERAL/240423,14,11,"Hotelnya nyaman dan jadi satu dengan Mall, ukuran kamar luas 👍👍.",Diulas 261 minggu lalu
https://www.traveloka.com/id-id/user/review/consumption/HOTEL/GENERAL/240423,14,12,"Puas sekali semalam menginap di Hotel Santika Bogor, makanannya enak, kamarnya luas dan pegawainya ramah-ramah",Diulas 261 minggu lalu
https://www.traveloka.com/id-id/user/review/consumption/HOTEL/GENERAL/240423,14,13,"Tempatnya bagus, stafnya ramah. Terhubung dengan mal, sehingga memudahkan akses ke mal.",Diulas 262 minggu lalu
https://www.traveloka.com/id-id/user/review/consumption/HOTEL/GENERAL/240423,14,14,"Antrian resepsionis sangat panjang, saya antri sekitar 30 menit. Saya minta non-smoking room dikasihnya smoking room. Saya telepon di reception katanya penuh yang non-smoking. Saya minta refund karena tidak ada kamar yang saya minta, baru dikasih tau kalau masih ada kamar yang non-smoking. Kondisi hotel sangat padat, tamu-tamu berteriak-teriak di lorong lantai. Cukup mengganggu.",Diulas 262 minggu lalu
https://www.traveloka.com/id-id/user/review/consumption/HOTEL/GENERAL/240423,14,15,Pelayanan sangat buruk. Check in telat. Kurang staff.,Diulas 262 minggu lalu
https://www.traveloka.com/id-id/user/review/consumption/HOTEL/GENERAL/240423,14,16,"Selalu memuaskan, ini sudah kesekian kalinya nyaman",Diulas 262 minggu lalu
https://www.traveloka.com/id-id/user/review/consumption/HOTEL/GENERAL/240423,14,17,"Sejujurnya, kamarnya sangat bagus, karena Santika Hotel adalah pengelola hotel yang terkenal. Letaknya juga di tengah Bogor Raya, dekat Kebun Raya, dan berada di Botani Square, kawasan perbelanjaan terbesar di Bogor Kota. Namun aksesnya sangat buruk. Karena berada di lokasi yang sama dengan Botani Square, mereka hanya memiliki tempat parkir terbatas untuk tamu. Selama kami menginap di sana, menemukan tempat parkir kosong hampir mustahil. Anda harus mengandalkan layanan valet, tetapi masalahnya adalah karena semua orang menggunakan valet, waktu yang dibutuhkan hanya untuk menunggu mobil diantar ke area penurunan penumpang sangat lama. Masalah lain adalah lift. Mereka hanya memiliki dua lift yang hanya dapat membawa 4-5 orang selama pandemi, melayani 9 lantai! Selama jam sibuk, hanya untuk sampai ke lobi atau kamar bisa memakan waktu 15-20 menit. Masalah lain adalah protokol kesehatan selama Covid-19. Sebelumnya saat kami check-in, kami bertanya jam berapa kami ingin sarapan, karena dibagi menjadi 3 sesi untuk mencegah kelebihan kapasitas dan menjaga jarak sosial. Awalnya saya kira setiap kelompok tamu memiliki jumlah tamu terbatas, ternyata saya salah. Kelompok tamu ketiga (jam 8-9 pagi) sangat ramai, dan akses kolam renang yang menurut resepsionis hanya terbatas untuk 15 orang, hampir penuh. Kesimpulannya: jika Anda mendapatkannya dengan harga 600-700 ribu, ini masih tempat yang layak untuk menginap, tetapi di atas harga itu, tidak sepadan karena aksesnya yang buruk dan beberapa fasilitas yang tidak cukup baik untuk harga tersebut.",Diulas 262 minggu lalu
https://www.traveloka.com/id-id/user/review/consumption/HOTEL/GENERAL/240423,14,18,"Request connecting room ternyata harus confirm ke hotel info receptionist saat check in, padahal saat di telepon tidak ada yang angkat",Diulas 264 minggu lalu
https://www.traveloka.com/id-id/user/review/consumption/HOTEL/GENERAL/240423,14,19,"Hotelnya sangat minimalis, makanan dan akses kartu dibatasi, repot kalau bawa keluarga dengan 1 akses kartu, menang di nama saja dan sebelah mall, kalau liat harga mending cari hotel lain yang lebih homey and luxuries, not recommended for long stay.",Diulas 264 minggu lalu
https://www.traveloka.com/id-id/user/review/consumption/HOTEL/GENERAL/240423,14,20,Hotel sekelas Santika untuk sarapan paginya kurang enak. Nasi goreng keras (tidak tahu apa nasi goreng sisa sahur paginya). Gado-gado bumbunya cair sekali & tidak ada rasa. Jus hanya 1 jenis (hanya jus jambu aja). Lauk yang lainnya juga kurang menarik & kurang banyak. Tolong diperhatikan untuk makanannya. Dari kamar terdengar suara yang dari luar.,Diulas 264 minggu lalu
https://www.traveloka.com/id-id/user/review/consumption/HOTEL/GENERAL/240423,14,21,"Breakfast sudah dingin, rasanya tidak enak, tidak sesuai untuk harga room dibandingkan dengan hotel di sekitarnya.",Diulas 264 minggu lalu
https://www.traveloka.com/id-id/user/review/consumption/HOTEL/GENERAL/240423,14,22,"Awalnya agak gambling pilih hotel ini karena baca-baca review orang-orang yang kecewa dengan pelayanannya, namun alhamdulillah kemarin saya menginap di sini pilih kamar deluxe queen sesuai ekspektasi, dapat queen bed, non smoking, tidak ada masalah dengan fasilitas hotel, hanya saja mencari parkiran mobil agak tricky, saya sampai 2x keluar Masuk mall Botani Square, akhirnya pilih parkir di halaman depan Botani Square, karena lebih dekat ke lobby hotel",Diulas 264 minggu lalu
https://www.traveloka.com/id-id/user/review/consumption/HOTEL/GENERAL/240423,14,23,"Stafnya ramah, kamarnya bagus dan bersih. Dekat dengan Botani Mall Square. Sangat puas dengan hotel ini, pasti akan kembali lagi ☺️",Diulas 264 minggu lalu
https://www.traveloka.com/id-id/user/review/consumption/HOTEL/GENERAL/240423,14,24,"Cukup aman di masa pandemi. Sarapan juga kita dibantu ambil kayak di resto gitu. Masih kayak prasmanan tapi diambilkan, jadi tidak kontak banyak orang, kolam renang anak aja sih yang ramai banget waktu kami ke sana. Overall oke, Santika. Semoga badai lekas berlalu yaa.",Diulas 265 minggu lalu
https://www.traveloka.com/id-id/user/review/consumption/HOTEL/GENERAL/240423,14,25,Makanan kurang banyak dan tidak variatif. Untuk lain-lain masih perlu diperhatikan,Diulas 265 minggu lalu
https://www.traveloka.com/id-id/user/review/consumption/HOTEL/GENERAL/240423,14,26,Kamar non smoking terbatas. sedikit sekali. penggabungan 2 tempat tidur jafi satu kurang OK.,Diulas 266 minggu lalu
https://www.traveloka.com/id-id/user/review/consumption/HOTEL/GENERAL/240423,14,27,Kamar dan pelayanannya bagus,Diulas 267 minggu lalu
https://www.traveloka.com/id-id/user/review/consumption/HOTEL/GENERAL/240423,14,28,"Anak2 bisa berenang, tidak ramai, prokes dijalankan oleh petugas dan tamu hotel. Hanya saja, waktu itu ada pekerjaan las di sekitar hotel yg bisa terdengar sampai lantai 9, padahal itu pagi buta. Istri saya terganggu tidurnya dengan suara itu. Sepertinya tukang las sedang kejar tayang.",Diulas 268 minggu lalu
https://www.traveloka.com/id-id/user/review/consumption/HOTEL/GENERAL/240423,14,29,"Selalu kesini kl lagi tugas di Bogor lokasi yg sangat bagus ,langsung ke mall recommended 👍",Diulas 269 minggu lalu
https://www.traveloka.com/id-id/user/review/consumption/HOTEL/GENERAL/240423,14,30,"Sangat menyenangkan menginap di hotel santika bogor, kamarnya bersih dan fasilitasnya baik serta suasananya menyenangkan.",Diulas 269 minggu lalu
https://www.traveloka.com/id-id/user/review/consumption/HOTEL/GENERAL/240423,14,31,"protokol kesehatan di hotel ini sangat baik... handuknya semua diplastikin, tempat yg bagus untuk menginap karena terkoneksi dengan mall jadi mau cari apa-apa mudah, karena tamu yg banyak jadi makanan beberapa tempat cepat habis. minusnya sikat giginya bulunya cepat rontok dan untuk gelas kumur2nya diganti gelas plastik. dapat complement cake lumayan besar potongannya tapi rasanya B saja. Terimakasih Santika Hotel 🙏",Diulas 270 minggu lalu
https://www.traveloka.com/id-id/user/review/consumption/HOTEL/GENERAL/240423,14,32,"Semuanya enak, kamar nyaman, bersih memuaskan tp saat pintu kamar mau di buka tb tb susah akhirnya ngelapor cs disuruh menunggu dilantai atas agak lama mmg hampir 15menit tp semua okelah 👍",Diulas 270 minggu lalu
https://www.traveloka.com/id-id/user/review/consumption/HOTEL/GENERAL/240423,14,33,Ticket parkir hanya bisa di klaim 1 padahal aku bawa mobil 2 jd lumayan deh bayar parkirnya,Diulas 270 minggu lalu
https://www.traveloka.com/id-id/user/review/consumption/HOTEL/GENERAL/240423,14,34,"Terima kasih... Traveloka yg sudah memfasilitasi saya dan keluarga utk akomodasi terbaiknya. Terima kasih juga utk Hotel Santika Bogor ( Mba Tiwi, Mas Angga, Mas Arli dan Mas Indra ) yg sudah memberikan apresiasi utk anak kami tercinta Alghi. Terima kasih...",Diulas 270 minggu lalu
https://www.traveloka.com/id-id/user/review/consumption/HOTEL/GENERAL/240423,14,35,"tempatnya nyaman, pelayanan ramah,tempa sangat strategis bangett,saya tidak tau nama karyawan tapi semua ramah... ini kedua kali nya menginap lagi itu ditahun 2018 November pokok nya enak sudah menginap disini👍👍",Diulas 271 minggu lalu
https://www.traveloka.com/id-id/user/review/consumption/HOTEL/GENERAL/240423,14,36,"Makanan kurang variatif dan juga rasa makanan plain, kebersihan kurang karena ada noda diseprey dan tidak diganti.",Diulas 271 minggu lalu
https://www.traveloka.com/id-id/user/review/consumption/HOTEL/GENERAL/240423,14,37,"Hotelnya rekomen banget. Kebersihan, pelayanan, keramahan, waktu check in dan cek out pun cpt. Di kamar disediain masker juga 2 pcs. Kamar luas, handuk bersih dibungkus plastik jd tidak ragu higienisnya, view bagus, bisa liat gunung secara jelas kl pagi. Deket mau kemana-mana. Next pasti kesini lg :)",Diulas 271 minggu lalu
https://www.traveloka.com/id-id/user/review/consumption/HOTEL/GENERAL/240423,14,38,"Hotel Santika memberikan pengalaman yg baik untuk liburan keluarga Kali ini. hotelnya bersih nyaman Dan Ada kolam renang untuk anak. namun yg perlu ditingkatkan adalah pelayanan pada saat breakfast, rasa makanannya ada yg terlalu asin, semoga untuk kedepannya bisa lebih baik.",Diulas 272 minggu lalu
https://www.traveloka.com/id-id/user/review/consumption/HOTEL/GENERAL/240423,14,39,"luas dan bersih dengan perlindungan kesehatan yang diterapkan sepenuhnya, tetapi pengalaman buruk adalah suara-suara dari lantai atas, suara kursi seret yang mengganggu. mungkin mereka harus memberikan karet ke bagian bawah kursi agar tidak terlalu berisik. atau entah itu hanya pengalaman yang menyeramkan. Aku tidak tahu itu sering terjadi di tengah malam hingga dini hari.",Diulas 274 minggu lalu
https://www.traveloka.com/id-id/user/review/consumption/HOTEL/GENERAL/240423,14,40,"Kami sangat menikmati menginap di Santika. kamar luas dan bersih. Anak-anak kami cinta kolam renangnya! Sarapan juga menjadi moment yang sangat menyenangkan. Menu makanan bervariatif dan rasanya enak-enak semua! Ditambah posisi hotel yang strategis, sangat dekat Mall dan masjid. Semua petugasnya ramah-ramah. Mulai dari depan pintu, ramah menyambut kami hingga hari terakhir kami menginap, kami selalu dibantu dan dijawab dengan penuh senyum dan keramahan. Terima kasih banyak Santika Hotel! We truely enjoy our time here!",Diulas 275 minggu lalu
https://www.traveloka.com/id-id/user/review/consumption/HOTEL/GENERAL/240423,15,1,"Kamar super bersih, kamar nyaman, dan check-in cepat saya akan merekomendasikan kepada teman dan kerabat",Diulas 275 minggu lalu
https://www.traveloka.com/id-id/user/review/consumption/HOTEL/GENERAL/240423,15,2,"Saya sudah 2 kali di hotel ini dalam setahun, dan saya memiliki pengalaman menginap yang menyenangkan di sini, check-in cepat, check-out juga sama, tidak repot-repot, sarapannya enak, mereka bahkan menyediakan minuman tradisional, makanan tradisional seperti doclang, dan stafnya juga bagus, pemandangan kamar dari jendela mempesona, saya pasti akan kembali ke sini, terima kasih Santika Hotel Botani",Diulas 277 minggu lalu
https://www.traveloka.com/id-id/user/review/consumption/HOTEL/GENERAL/240423,15,3,"pihak hotel Santika sudah menerapkan Semua prosedur protokol kesehatan. Mulai dari screening suhu tubuh, menyemprot sepatu hingga disinfektan kamar. Keren mas Satpam yang sigap 👍🏻 Yang membuat terkesan adalah handuk hotel yang steril dan dalam kemasan plastik satu per satu. Segala parno untuk staycation during pandemic langsung sirna menjadi perasaan aman. Dan Terutama Lokasi yang berdempetan dengan Mall sangat memudahkan untuk belanja. Staff pun mengakomodir permintaan dengan baik. Good Job Mbak Hera, Lana & Rian. Stay safe.",Diulas 277 minggu lalu
https://www.traveloka.com/id-id/user/review/consumption/HOTEL/GENERAL/240423,15,4,"sudah 2x menginap disini menyenangkan, nyaman dan bersih..",Diulas 278 minggu lalu
https://www.traveloka.com/id-id/user/review/consumption/HOTEL/GENERAL/240423,15,5,"Lokasi bagus, makanan tidak enak, kamar sangat bersih.",Diulas 278 minggu lalu
https://www.traveloka.com/id-id/user/review/consumption/HOTEL/GENERAL/240423,15,6,"Hotelnya bagus, Sarapannya juga enak cuma note sekali saya menginap di lat 9 namun di atas kamar saya lantai 10 dari saya check-in sampai besok saya check-out itu berisik sekali kaya suara orang lari ataupun dorong-dorong meja/kursi cukup terganggu karena tengah malam juga mohon sekali untuk di telusuri lagi. Sudah hal lain sih oke.",Diulas 280 minggu lalu
https://www.traveloka.com/id-id/user/review/consumption/HOTEL/GENERAL/240423,15,7,makanan untuk sarapan paginya terasa biasa saja kurang bervariasi,Diulas 281 minggu lalu
https://www.traveloka.com/id-id/user/review/consumption/HOTEL/GENERAL/240423,15,8,Saat kami masuk kamar .. lantainya kurang bersih .. dan cangkir kopi juga kotor. Menu sarapan pagi pun kurang variatif. Lokasi hotel dan pelayanannya bagus.,Diulas 281 minggu lalu
https://www.traveloka.com/id-id/user/review/consumption/HOTEL/GENERAL/240423,15,9,"Tq for surprise cake nya mba tiwi dan team, sampai jumpa lain kali ya ❤️🌷",Diulas 281 minggu lalu
https://www.traveloka.com/id-id/user/review/consumption/HOTEL/GENERAL/240423,15,10,"To be honest, menurut pendapat pribadi saya untuk harga package new year yang ditawarkan tidak terlalu worth dengan yang didapatkan. Untuk ukuran kamar yang saya pilih yaitu superior room cukup baik dengan interior yang memang kita tidak bisa expect too much (tapi saya masih acungi jempol karena walaupun superior room tapi tetap dilengkapi juga dengan mini kulkas), Yang saya sayangkan untuk kebersihan sprei dan selimut yang masih kurang banget, Banyak noda-noda kuning dan bagi pemilik kulit sensitif seperti ibu saya jadi terasa gatal saat tidur di kasur tersebut, Mohon manajemen hotel untuk lebih diperhatikan hal-hal tersebut. Poin plusnya adalah ketika saya meminta extra sprei/selimut petugas dengan sigap mengantarkan ke kamar, amenities lengkap, Kamar mandi pun bersih dilengkapi dengan handuk serta kesetnya. Air panas berfungsi dengan baik, tak ada masalah untuk hal tersebut. AC ruangan sedikit bocor saat disetel dalam suhu rendah, no too much tapi cukup mengganggu, mungkin bagian pemeliharaan bisa dicek secara rutin AC-nya. Yang buat saya kurang nyaman kembali adalah saya mendapat kamar di lantai 2, Saat malam menjelang tidur decitan kursi dan meja yang digeser terdengar jelas dari lantai atas. Entah karena itu dari bagian restoran yang ada di lantai 3 atau tetangga-tetangga sebelah kamar. tapi agak annoying sih. Untuk menu dinner dan breakfast terbatas, cukup dimengerti karena mungkin masih dalam kondisi pandemi. Tapi karena harga package yang yang saya ambil saya agak berharap lebih. but that oke, Well scara keseluruhan hotel santika benar-benar menerapkan protokol kesehatan secara baik. Mulai dari pengukuran suhu sampai penyemprotan disinfectan sebelum kita masuk. Hanya beberapa hal yang saya sebutkan di atas semoga kedepan lebih diperhatikan kembali. thank you.",Diulas 282 minggu lalu
https://www.traveloka.com/id-id/user/review/consumption/HOTEL/GENERAL/240423,15,11,"Review dikit menginap disana. pegawai ramah semua. check-in dan check-out cepat. kamar sama kaya di gambar. Minta request jendela dengan view dikasih. complimentary kamar free. AC dingin. Water heater dan exhaush fan oke. Malam hari saya minta tolong pihak dapur untuk hangat makanan dilayani dengan baik dan cepat, sedikit saran, Tempat sampah dikamar dan dikamar mandi kalau bisa bukanya yang di tekan pake kaki, gang yang tutupnya bisa di copot gt soalnya jadi dimaenin anak yang belum paham kalau itu tempat sampah. Terus untuk kamar mandinya tidak ada sabun cair untuk cuci tangan, dikasihnya malah yang batang. agak repot ya. Ini hotelnya tempel banget sama botani, karena covid, bayi gabisa masuk sana. tapi nyari makan banyak, bisa gojek dan enak-enak ko. parkiran juga gabung sama mal. Buat yang menginap disana jangan lupa tiket parkirnya distempel sama pihak hotel biar free. untuk breakfast kurang variatif menunya, apalagi untuk rotinya, Dikit banget. Tidak ada roti tawar dan selai. Overall oke ko. 8/10. thanks ya.",Diulas 282 minggu lalu
https://www.traveloka.com/id-id/user/review/consumption/HOTEL/GENERAL/240423,15,12,"Beberapa tempat memiliki debu (misalnya sofa, di bawah jendela), bedcover, sprei & gorden ada beberapa noda. Jethower untuk lemari kotor, berkarat dan penuh dengan kotoran di pancurannya! Maaf saya tidak mengambil fotonya. Kamar tidak cukup kedap suara, mendengar tetangga membenturkan sth / Saya tidak tahu apa yang mereka lakukan, seperti suara furnitur dipindahkan dari kamar di atas. Sarapan. maaf saya lebih suka makanan, terima kasih.",Diulas 282 minggu lalu
https://www.traveloka.com/id-id/user/review/consumption/HOTEL/GENERAL/240423,15,13,"Good servis, poolnya bersih, room dan kamar mandinya bersih, makanannya lumayan enak, dan dekat dengan botani square. semua menerapkan prokes. Thanks hotel santika.",Diulas 282 minggu lalu
https://www.traveloka.com/id-id/user/review/consumption/HOTEL/GENERAL/240423,15,14,"Petugas baik, kamar nyaman, pemandangan indah, kolam renang nyaman, makanan enak ..",Diulas 282 minggu lalu
https://www.traveloka.com/id-id/user/review/consumption/HOTEL/GENERAL/240423,15,15,Hotelnya bersih. pelayanan baik. ruangan luas.,Diulas 284 minggu lalu
https://www.traveloka.com/id-id/user/review/consumption/HOTEL/GENERAL/240423,15,16,Hotel bagus hanya saja tidak ada tempat parkir yang memadai karena mungkin menyatu dengan mal. Air di toilet menggenang tapi masih oke. Hotel langsung menyatu dengan mal jadi bisa dengan mudahnya akses ke mal. Breakfast standar hotel mungkin masih kurang nyaman karena pandemi tapi petugas sangat helpful.,Diulas 284 minggu lalu
https://www.traveloka.com/id-id/user/review/consumption/HOTEL/GENERAL/240423,15,17,"Hotel bersih, berada di tengah kota Bogor, tapi kalau untuk staycation kurang enjoy, karena letak hotel 1 gedung dengan mal. Jadi kurang nyaman karena ramai pengunjung mal. Staf ramah, makanan enak.",Diulas 285 minggu lalu
https://www.traveloka.com/id-id/user/review/consumption/HOTEL/GENERAL/240423,15,18,Semuanya bagus cuma restorannya agak kecil saja.,Diulas 285 minggu lalu
https://www.traveloka.com/id-id/user/review/consumption/HOTEL/GENERAL/240423,15,19,Plus: kamar luasssss banget. Bersih dan juga kasur bantalnya empuk Minus: keran kamar mandi rusyaaak dan breakfast tidak variatif + dingin huhu,Diulas 285 minggu lalu
https://www.traveloka.com/id-id/user/review/consumption/HOTEL/GENERAL/240423,15,20,"Hotel ini lokasinya gandeng dengan botani mal bogor dan punya akses langsung ke mal di lantai basement. Kamar executive queen yang kami pesan bersih tapi ukuran agak kecil ya dibanding harganya yang 1 jutaan. AC dingin dan water heater oke banget. Gelas di dalam diganti dengan gelas plastik sekali buang. Mungkin karena pandemi tapi saya malah merasa jadi agak susah karen harus bolak balik minta gelas after ngopi atau pangeh, Jadu tambah sampah plastik. pake gelas biasa saja harusnya tidak pana-apan bisa disteril sendiri dengan air panas. Sarapan biasa banget menunya tapi rasa lumayan lah. Agak karena pandemi sarapan dibantu diambilkan. Tapi karena staf di restaurant tidak banyak juga, jadinya kalau mau minum harus nunggu mbak atau masnya datang bantu, kolam renang lumayan bagus. Ingik agak keruh sedikit. Mungkin weekend kali ya yang berenang lumayan banyak. All in all lumayan lah hotelnya. Bisa banget jadi pilihan kalau ke Bogor.",Diulas 286 minggu lalu
https://www.traveloka.com/id-id/user/review/consumption/HOTEL/GENERAL/240423,15,21,"Kami menginap di HS Bogor minggu 29 nov sd 30nov, kamar yg kami pesan 4 kamar dan kami minta agar diberikan kamar yg ada connecting door. Alhamdulillah permintaan saya di penuhi oleh bu Hanna dan team Hotel. Semua staf nya ramah dan hotel ini sangat menyenangkan karena lokasi nya sangat strategis, mau ke hotel tinggal gunakan lift dan pilih tombol B, langsung masuk mall. Kolam renang sangat menyenangkan untuk cucu kami. Over all hotel dan stafnya sangat ramah. Lain kali kami akan menginap ksini lagi",Diulas 286 minggu lalu
https://www.traveloka.com/id-id/user/review/consumption/HOTEL/GENERAL/240423,15,22,"Kasur, sprei banyak bercak kotor. padahal pesan untuk 2 orang dewasa, Sikat gigi cuma di kasih. 1. breakfast jam 9 makanan pada habis antri lama dan antri panjang.",Diulas 287 minggu lalu
https://www.traveloka.com/id-id/user/review/consumption/HOTEL/GENERAL/240423,15,23,Kamarnya kecil dan kamar mandinya agak rusak.,Diulas 288 minggu lalu
https://www.traveloka.com/id-id/user/review/consumption/HOTEL/GENERAL/240423,15,24,"Lokasi tidak begitu jauh. fasilitas oke, dan, pelayan baik. cuma parkir nyatu dengan mal. jafi agak sajuh.",Diulas 288 minggu lalu
https://www.traveloka.com/id-id/user/review/consumption/HOTEL/GENERAL/240423,15,25,"pas cek in kunci kamar tidak bisa di buka, jadi kami harus menunggu lama utk mengganti kartu kunci nya",Diulas 289 minggu lalu
https://www.traveloka.com/id-id/user/review/consumption/HOTEL/GENERAL/240423,15,26,"Petugasnya ramah, kamarnya juga bersih, menu makannya juga enak, saran: sebaiknya pasang alat semprot untuk sepatu pengunjung, agar satpam tidak membungkuk untuk semprot tapak sepatu pengunjung/tamu hotel. Jadi kembalikan fungsi satpam sebagai pengamanan, bukan bertugas untuk menyemprot sepatu tamu yang dari luar hotel.",Diulas 289 minggu lalu
https://www.traveloka.com/id-id/user/review/consumption/HOTEL/GENERAL/240423,15,27,"Pengalaman saya menginap di hotel santika dengan keluarga, menyenangkan. Fasilitas hotel baik, staf hotel juga sangat baik dan ramah. Dan yang terpenting hotel ini menjalankan protokol kesehatan dengan baik.",Diulas 289 minggu lalu
https://www.traveloka.com/id-id/user/review/consumption/HOTEL/GENERAL/240423,15,28,"Friendly staf, cozy and clean room, untuk must try nasi gorengnya di room servicenya ya bukan yang breakfast punya, enak banget.",Diulas 290 minggu lalu
https://www.traveloka.com/id-id/user/review/consumption/HOTEL/GENERAL/240423,15,29,"Meskipun ramai pada saat long weekend namun tetap dijaga protokol covidnya, yang disayangkan pengunjungnya rese, lokasinya enak banget di bawah mal.",Diulas 290 minggu lalu
https://www.traveloka.com/id-id/user/review/consumption/HOTEL/GENERAL/240423,15,30,Air di lantai kloset tergenang.,Diulas 290 minggu lalu
https://www.traveloka.com/id-id/user/review/consumption/HOTEL/GENERAL/240423,15,31,"Menyenangkan, kebetulan kamar cukup untuk 1 keluarga, sarapan oke meski kudu ditambah variasi menu, kebersihan oke, jalan kaki ke mal botania square, oke lah.",Diulas 290 minggu lalu
https://www.traveloka.com/id-id/user/review/consumption/HOTEL/GENERAL/240423,15,32,"Overall nyaman, bersih, dan menyenangkan. Protokol kesehatan saat datang juga baik. Namun sayang, resepsionis kurang ramah dan welcoming. Beberapa kali menelepon minta sandal/handuk/minum yang kurang juga tidak dipenuhi, harus berulang kali menelepon dulu. Selain itu, yang juga cukup mengganggu adalah lift kecil dan sempit dan karena kapasitas terbatas di masa pandemi (harus jaga jarak), menunggu lift untuk turun saat check out sangat lama, selalu penuh. Ada hampir setengah jam sendiri utk tunggu lift kosong. Mungkin juga karena banyak tamu berbarengan keluar check out, jadi sebaiknya keluar check out lebih awal atau sedikit lebih lama di atas jam 12, menunggu agak sepi.",Diulas 290 minggu lalu
https://www.traveloka.com/id-id/user/review/consumption/HOTEL/GENERAL/240423,15,33,"Pelayanannya cepat dan ramah, lokasi dekat dengan pusat perbelanjaan. Menu sarapannya saja yang kurang variatif. Hatur nuhun.",Diulas 290 minggu lalu
https://www.traveloka.com/id-id/user/review/consumption/HOTEL/GENERAL/240423,15,34,Check-in telat 1 jam dengan alasan sedang dipersiapkan kamarnya.,Diulas 290 minggu lalu
https://www.traveloka.com/id-id/user/review/consumption/HOTEL/GENERAL/240423,15,35,"Kamarnya besar dan saat masuk sudah bersih, namun entah kenapa tercium bau amis. handuknya wangi dan bersih, namun sikat gigi hanya satu padahal tamu dua.",Diulas 291 minggu lalu
https://www.traveloka.com/id-id/user/review/consumption/HOTEL/GENERAL/240423,15,36,Fasilitas lengkap dan bersih. Serunya lagi turun ke bawah langsung mal.,Diulas 292 minggu lalu
https://www.traveloka.com/id-id/user/review/consumption/HOTEL/GENERAL/240423,15,37,"AC bocor dan kamar gelap, parkir jauh.",Diulas 292 minggu lalu
https://www.traveloka.com/id-id/user/review/consumption/HOTEL/GENERAL/240423,15,38,"Kamar tidur bagus, fasilitas dalem kamar lengkap, AC dingin, pembuat teh lengkap, kolam renang bersih. Cuma minus di menu sarapannya saja. menunya menu rumahan. Untuk menu semiga besok-besok bisa di ganti lagi. Selebihnya memuaskan banget banget banget. thanks santika hotel.",Diulas 292 minggu lalu
https://www.traveloka.com/id-id/user/review/consumption/HOTEL/GENERAL/240423,15,39,"Hotel dan mal dalam 1 area sangat strategis kemana-mana. Mau cari makanan dan belanja pun mudah, sangat recommended sekali santika hotel.",Diulas 292 minggu lalu
https://www.traveloka.com/id-id/user/review/consumption/HOTEL/GENERAL/240423,15,40,"The best hotel in Bogor. Fasilitas lengkap, kamar nyaman dan bersih dan staf yang ramah dan profesional.",Diulas 292 minggu lalu
https://www.traveloka.com/id-id/user/review/consumption/HOTEL/GENERAL/240423,16,1,"Tempat yang direkomendasikan untuk staycation di kota Bogor dan terhubung ke mall botani square, jadi mudah untuk mendapatkan semua yang Anda butuhkan di dekat sana.",Diulas 293 minggu lalu
https://www.traveloka.com/id-id/user/review/consumption/HOTEL/GENERAL/240423,16,2,"Saat pertama check in perlengkapan mandi tidak ada. Bahkan gula pasirnya keras, kami pikir layanan kamar akan datang nanti untuk diisi karena mungkin ini adalah kebijakan hotel. Keesokan harinya saya meminta untuk bersih-bersih, kemudian mereka memberikan perlengkapan mandi yang layak dan kopi sachet. Tidak ada parkir gratis untuk tamu, tempat parkir terbatas dan mereka menunjukkan mal di dekat taman dan masih tidak ada parkir gratis",Diulas 293 minggu lalu
https://www.traveloka.com/id-id/user/review/consumption/HOTEL/GENERAL/240423,16,3,Cukup akomodatif disituasi seperti sekarang. hanya TV tidak jernih. Dan disiplin waktu saat breakfast perlu diperhatikan.,Diulas 293 minggu lalu
https://www.traveloka.com/id-id/user/review/consumption/HOTEL/GENERAL/240423,16,4,Kamarnya luas tapi perabotan dan interiornya agak tua. Sarapan tidak terlalu bervariasi. Secara keseluruhan masih ok.,Diulas 293 minggu lalu
https://www.traveloka.com/id-id/user/review/consumption/HOTEL/GENERAL/240423,16,5,"Bagus suasananya dan kebersihannya, Kalau bisa hotelnya di kasih penguat jaringan celuler karena jaringan celuler dapat satu bar doang padahal telkomsel apalagi jaringan WiFi kadang lemo.",Diulas 293 minggu lalu
https://www.traveloka.com/id-id/user/review/consumption/HOTEL/GENERAL/240423,16,6,"Hotel yang pas untuk bisnis maupun liburan, karena letaknya yang cukup strategis untuk 2 kegiatan tersebut.",Diulas 294 minggu lalu
https://www.traveloka.com/id-id/user/review/consumption/HOTEL/GENERAL/240423,16,7,"Pilihan breakfast sedikit, pelayanan kurang memuaskan.",Diulas 294 minggu lalu
https://www.traveloka.com/id-id/user/review/consumption/HOTEL/GENERAL/240423,16,8,"Sangat menikmati stayvacation singkat, nyaman banget, pelayanan ramah, safe protokol covid, kamar bersih, tempat strategis, hotelnya sebelahan dengan botani, recommended bgt, thanks",Diulas 294 minggu lalu
https://www.traveloka.com/id-id/user/review/consumption/HOTEL/GENERAL/240423,16,9,"check-in sangat cepat, Untuk roomnya sendiri kamarnya cukup luas tapi sayang sekali sprei dan sarung bantalnya banyak bercak-bercak entah bekas kopi atau bekas nyaman darah. Untuk kamar mandi lampunya kurang terang agak remang-remang gitu dan agak berbau.",Diulas 294 minggu lalu
https://www.traveloka.com/id-id/user/review/consumption/HOTEL/GENERAL/240423,16,10,"Stafnya kurang sehingga proses check-in atau makan atau segala sesuatu yang kita butuhkan pegawai hotel, sulit diakses.",Diulas 294 minggu lalu
https://www.traveloka.com/id-id/user/review/consumption/HOTEL/GENERAL/240423,16,11,"krn saya menggunakan kendaran Motor. utk parkir nya tidak nyaman. pada saat masuk, welcome drink nya dikamar, ketersediaannya ada yg kurang (cup gelas hanya 1, straw hanya 1, kopi sachet tdk ada, dsb) jd seperti bekas. sprei agak kotor (ada noda) ruangan lumayan besar dan bersih, nyaman krn tdk berisik dari ruangan lain, pertahankan yg baik, yg kurang diperbaiki. sukses selalu buat Hotel Santika Bogor",Diulas 294 minggu lalu
https://www.traveloka.com/id-id/user/review/consumption/HOTEL/GENERAL/240423,16,12,"Saat masuk, kamar masih wangi dan bersih, ruangannya pun nyaman. Hanya saja rasa masakannya kurang dan aneh, akhirnya breakfast hanya makan roti dan sereal.",Diulas 294 minggu lalu
https://www.traveloka.com/id-id/user/review/consumption/HOTEL/GENERAL/240423,16,13,"Pelayanan ramah banget, sarapan enak menunya banyak pilihan, kamar bersih dan nyaman.",Diulas 296 minggu lalu
https://www.traveloka.com/id-id/user/review/consumption/HOTEL/GENERAL/240423,16,14,"front officer kurang ramah, saya didiamkan ketika ada di depannya, lebih mementingkan telfon tanpa ada permisi ke customer di depan. Kunci kamar baterai habis, sehingga tidak bisa dibuka",Diulas 296 minggu lalu
https://www.traveloka.com/id-id/user/review/consumption/HOTEL/GENERAL/240423,16,15,"Kamarnya luas banget dan berkilau bersih, love it",Diulas 296 minggu lalu
https://www.traveloka.com/id-id/user/review/consumption/HOTEL/GENERAL/240423,16,16,"room Bagus, tapi kurang nyaman karena AC nya agak berisik. selain itu good sih..",Diulas 297 minggu lalu
https://www.traveloka.com/id-id/user/review/consumption/HOTEL/GENERAL/240423,16,17,"Menginap di salah satu kamar di lantai 5 tepatnya kamar 503 terdengar suara berisik dikamar atasnya dari mulai malam hingga pagi, Saya sudah komplain ke petugas jaga kira-kira jam 12 malam katanya penghuninya sudah ditegur tapi kemudian masih saja terdengar suara-suara berisik dari kamar atas. Istri saya tidak bisa tidur hingga pagi karena ketakutan dengan suara-suara tersebut. Tadinya saya mau minta pindah kamar tapi karena petugas sudah memberi tahu kalau penghuni di atas kamar ditegur jadi saya urungkan niat pindah. Hotel santika adalah favorite saya kalau menginap dalam perjalanan-perjalanan keluar kota saya. Tapi memang baru kali ini saya menginap di santika bogor ada kejadian begini. begitu saja komentar saya. selebihnya oke servicenya.",Diulas 297 minggu lalu
https://www.traveloka.com/id-id/user/review/consumption/HOTEL/GENERAL/240423,16,18,"harga kemahalan untuk fasilitas hotel, perabotan hotel jadul, seperti hotel kebanyakan di daerah puncak, saya datang dengan pasangan tp sendal dan toliters hanya di sediakan untuk satu org apalagi masker di kamar hanya satu, lantai di atas kamar sampai terdengar berisik suara kaki dan geser2 kursi sampai saya complain ke cs ny. untuk harga di bawahnya saya bisa dapat yg lebih bagus di hotel seberang santika.. untuk makanan ok lah mesi gak banyak pilihan.. klo malam hotel sangat suram. oiya dan yg bawa motor seperti saya siap siap ribet krn parkir di basment mall dan jalan harus lewat mall pintu belakang dkt panorama arah tolilet umum di mall..",Diulas 297 minggu lalu
https://www.traveloka.com/id-id/user/review/consumption/HOTEL/GENERAL/240423,16,19,"Staycation disini pada saat pandemi cukup menenangkan, sebelum masuk ke lobby kita diukur suhu tubuh dan badan disemprot dengan disinfectan. Proses check-in sangat cepat dan tidak membutuhkan deposit. Masuk ke kamarnya wangi seperti habis. Kolam renang bersih dan untuk sarapan, tamu dibatasi hanya boleh 1 jam saja dan harus booking jam mulai sarapan dahulu. Untuk rasa makanan saya beri nilai 7/10. Semua staf ramah dan murah senyum. minusnya parkiran outdoor, jadi kalau hujan agak kesulitan ke mobil.",Diulas 297 minggu lalu
https://www.traveloka.com/id-id/user/review/consumption/HOTEL/GENERAL/240423,16,20,"Pengalaman saya disini menyenangkan karena protokol kesehatannya sangat bagus, saya lupa pakai masker pada waktu mau sarapan terus pengawai nya dgn sigap memberi saya masker, sangat mengesankan , thanks pengawai bagian restaurant yg memberi saya masker👍👍👍",Diulas 297 minggu lalu
https://www.traveloka.com/id-id/user/review/consumption/HOTEL/GENERAL/240423,16,21,"Kamar bersih, akses ke mal gampang, cuma sarapannya kurang variatif.",Diulas 299 minggu lalu
https://www.traveloka.com/id-id/user/review/consumption/HOTEL/GENERAL/240423,16,22,"Mungkin karena ini bintang 3 ya. lobinya kecil, breakfast di ambilin (mungkin karena pandemi) hanya kolam renang ya menghibur kita, Karena sepi jadi berasa milik sendiri.",Diulas 299 minggu lalu
https://www.traveloka.com/id-id/user/review/consumption/HOTEL/GENERAL/240423,16,23,"Puas banget, check-in cepat, kamar bersih, sarapan enak dan swimming poolnya bisa digunakan. Karena sepi alhasil pool berasa milik pribadi, thanks.",Diulas 299 minggu lalu
https://www.traveloka.com/id-id/user/review/consumption/HOTEL/GENERAL/240423,16,24,"Sarana seperti kamar mandi yang rusak, makanan kurang bervariasi dan rasa kurang seasoning.",Diulas 299 minggu lalu
https://www.traveloka.com/id-id/user/review/consumption/HOTEL/GENERAL/240423,16,25,Nice samping hotel mal botani dekat pusat oleh-oleh keluarga senang.,Diulas 300 minggu lalu
https://www.traveloka.com/id-id/user/review/consumption/HOTEL/GENERAL/240423,16,26,Sarapan tidak enak sama sekali ... permintaan saya yo punya satu tempat tidur single..diberikan twin..tidak sesuai permintaan sebelumnya,Diulas 300 minggu lalu
https://www.traveloka.com/id-id/user/review/consumption/HOTEL/GENERAL/240423,16,27,Suara berisik pada jam 2 atau 3 subuh 1 lantai di atas kamar saya.,Diulas 300 minggu lalu
https://www.traveloka.com/id-id/user/review/consumption/HOTEL/GENERAL/240423,16,28,"Pelayanan sangat memuaskan, kebersihan kamar oke, sarapan pagi enak, kolam renang bersih, sebelahan dengan mal botani, pokoknya nyaman.",Diulas 300 minggu lalu
https://www.traveloka.com/id-id/user/review/consumption/HOTEL/GENERAL/240423,16,29,di bawah staf garis depan standar,Diulas 300 minggu lalu
https://www.traveloka.com/id-id/user/review/consumption/HOTEL/GENERAL/240423,16,30,"Masya Alah, senang banget pesan hotel di santika bogor. Saya booking hotel untuk hadiah temen saya yang baru saja menikah dan saya request minta dibuatkan handuk model burung gitu, terus ketika saya telepon ke pihak hotel untuk memastikan pihak hotel bilang kalau sudah tidak bisa karena santika bogor sudah menjadi hotel bisnis. Dakat digantikan dengan cake saja. Tapi aktualnya malah dikasih lebih dari yang saya harapkan. Kamar mandinya dihuas dan dikasih cake juga. Terima kasih santika Bogor sudah memberikan pengalaman istimewa untuk teman saya yang menginap. Dan terima kasih juga untuk seluruh staf santika bogor.",Diulas 301 minggu lalu
https://www.traveloka.com/id-id/user/review/consumption/HOTEL/GENERAL/240423,16,31,Note khusus (hiasan di ranjang untuk pasangan honeymoon) tidak ada!,Diulas 302 minggu lalu
https://www.traveloka.com/id-id/user/review/consumption/HOTEL/GENERAL/240423,16,32,Nunggu kamar ready sampai 1 jam.,Diulas 302 minggu lalu
https://www.traveloka.com/id-id/user/review/consumption/HOTEL/GENERAL/240423,16,33,"Sarapan oke, kamar oke, kolam renang oke.",Diulas 303 minggu lalu
https://www.traveloka.com/id-id/user/review/consumption/HOTEL/GENERAL/240423,16,34,"Kamar luas dan nyaman, sesuai dengan foto.",Diulas 303 minggu lalu
https://www.traveloka.com/id-id/user/review/consumption/HOTEL/GENERAL/240423,16,35,"Saya menginap selama 2 malam, pelayanannya memuaskan. Hari 1 saya dibantu diarahkan parkir mobil oleh satpam pak rojali, sangat ramah dan helpful. Namun variasi makanannya agak sedikit kurang mungkin karena covid, rasa makanan juga besar.",Diulas 303 minggu lalu
https://www.traveloka.com/id-id/user/review/consumption/HOTEL/GENERAL/240423,16,36,"Tempatnya bersih, makanannya kurang variatif.",Diulas 303 minggu lalu
https://www.traveloka.com/id-id/user/review/consumption/HOTEL/GENERAL/240423,16,37,"Hotel ini memiliki lokasi yang sangat strategis, yaitu dekat dengan Alun-alun Botani di pusat Kota Bogor. Namun pelayanan oleh security, akomodasi pembayaran parkir, dan makanan di sarapan pagi benar-benar buruk. Petugas keamanan dan petugas sering bertele-tele saat melayani pelanggan. Pelayanan sarapannya Jelek banget, beberapa meja kotor, dan varian menu sedikit. Semoga mereka memperbaiki masalah ini.",Diulas 303 minggu lalu
https://www.traveloka.com/id-id/user/review/consumption/HOTEL/GENERAL/240423,16,38,"Waktu check-in menunggu hampir se jam untuk mempersiapkan kamar. telpon kamar tidak berfungsi. breakfast terlalu sederhana, dan taste yang asal asalan.",Diulas 304 minggu lalu
https://www.traveloka.com/id-id/user/review/consumption/HOTEL/GENERAL/240423,16,39,Sarapan yang lebih baik diantarkan ke kamar,Diulas 304 minggu lalu
https://www.traveloka.com/id-id/user/review/consumption/HOTEL/GENERAL/240423,16,40,"Security ramah. suasana sangat tenang. kondisi kamar sangat baik, WiFi kencang, AC dingin. Ada beberapa hal minor menurut saya yang perlu ditingkatkan oleh manajemen hotel seperti, sprei yang kurang bersih, Keran shower yang perlu diputar agak keras, dan flush toilet juga agak keras ditekan.",Diulas 304 minggu lalu
https://www.traveloka.com/id-id/user/review/consumption/HOTEL/GENERAL/240423,17,1,Sangat mengecewakan. cukup sekali saja menginap di hotel santika bogor. tidak sesuai standar santika group.,Diulas 304 minggu lalu
https://www.traveloka.com/id-id/user/review/consumption/HOTEL/GENERAL/240423,17,2,"Recommended banget, selama menginap tidak ada kendala dalam pelayanan👍🏻",Diulas 304 minggu lalu
https://www.traveloka.com/id-id/user/review/consumption/HOTEL/GENERAL/240423,17,3,"Waktu check-innya molor, datang jam 13:00 baru dapat kamar kurang lebih jam 14:30. Jadi deh keliling dulu ke Botani square.",Diulas 305 minggu lalu
https://www.traveloka.com/id-id/user/review/consumption/HOTEL/GENERAL/240423,17,4,"Staffnya ramah, securitynya ramah, sebelum masuk di cek suhu badannya, alas sepatu di semprot sama securitynya, proses check-innya cepat, Pelayanannya puas, cuma menuju ke sana naik motor jadi di sajak mutar-mutar sama mba google, kamarnya luas, bersih dan oke banget suami dan saya puas banget, Dari atas pemandangannya langsung ke kolam renang, Sarapannya tidak bisa bisa buffet di roomnya jadi di antar ke kamar dan cuma bisa pilih salah satu menu tidak bisa semuanya , Tapi alhamdulillah akses ke kolam renang bisa, dan hotelnya dekat ke mal tinggal turun dari lift sudah nympe mau cari makan minuman tinggal ke mal saja, Dan Alhamdulillah dapat di lantai 9 no 922.",Diulas 305 minggu lalu
https://www.traveloka.com/id-id/user/review/consumption/HOTEL/GENERAL/240423,17,5,Sarapannya tidak sesuai yang diminta.,Diulas 305 minggu lalu
https://www.traveloka.com/id-id/user/review/consumption/HOTEL/GENERAL/240423,17,6,petugasnya ramah hotelnya bersih meskipun sarapannya diantar ke kamar tapi rasanya tetap enak,Diulas 306 minggu lalu
https://www.traveloka.com/id-id/user/review/consumption/HOTEL/GENERAL/240423,17,7,Pelaksanan protokol covid 19 sangat baik.,Diulas 306 minggu lalu
https://www.traveloka.com/id-id/user/review/consumption/HOTEL/GENERAL/240423,17,8,"staycation pertama setelah masa psbb. mungkin karena ruangan kamarnya terlalu lama tidak digunakan, aroma ruangan kamar dan bantal bau apek. ac dingin cuma di kamar saya agak berisik, bikin tidur kurang nyaman. makanan dianter ke kamar untuk memenuhi social distancing tapi kualitasnya kurang baik ya, ada potongan ayam yang kurang mateng (masih berdarah) dan rasa juga biasa aja. untuk kebersihan, sebelum masuk gedung ada cek suhu tubuh dan sterilisasi alas kaki, handuk sudah dikasi kemasan plastik (lebih steril), gelas dari sterofoam dan plastik, dan disediakan masker one disposable diruangan. great!",Diulas 306 minggu lalu
https://www.traveloka.com/id-id/user/review/consumption/HOTEL/GENERAL/240423,17,9,"Ramah, tempat strategis, terhubung dengan mal botani square. Bersih protokol kesehatannya betul-betul dijaga mantap.",Diulas 307 minggu lalu
https://www.traveloka.com/id-id/user/review/consumption/HOTEL/GENERAL/240423,17,10,Kurang puas karena kolam renang belum bisa dibuka dan sarapan paginya masih diantar ke kamar jadi tidak bisa pilih varian menu.,Diulas 307 minggu lalu
https://www.traveloka.com/id-id/user/review/consumption/HOTEL/GENERAL/240423,17,11,"Kami menginap sabtu tgl. 4 juli 2020. Kami beli dua kamar di traveloka seharga 599.000 per kamar untuk kamar superior termasuk sarapan, tetapi ternyata kalau beli langsung di hotel santika cuma rp. 554.000 termasuk sarapan jadi lebih murah beli di hotel langsung dan lebih mengecewakan lagi ternyata sarapan buffet nya ditiadakan karena covid 19 dan cuma diganti dengan pesan di kamar dan hanya boleh pilih satu menu contoh. Nasi goreng nasi ayam, mie goreng, omelet, scramble egg pilih salah satu dannkolam renang tidak boleh dipakai. Itulah pengalaman mengecewakan kami",Diulas 307 minggu lalu
https://www.traveloka.com/id-id/user/review/consumption/HOTEL/GENERAL/240423,17,12,"So far kamar bersih, pelayananannya ramah namun saya agak kecewa karena breakfastnya dingin. Lalu perlengkapan toilet seperti sikat gigi harusnya 1 kamar buat 2 orang tapi dikasih cuma 1.",Diulas 307 minggu lalu
https://www.traveloka.com/id-id/user/review/consumption/HOTEL/GENERAL/240423,17,13,Recommended hotel. Hospitality-nya luar biasa. Sudah beberapa kali stay di santika 👍,Diulas 308 minggu lalu
https://www.traveloka.com/id-id/user/review/consumption/HOTEL/GENERAL/240423,17,14,"Hotelnya bersih, dekat dengan mal, jadi mau makan dan belanja gampang, pelayanannya ramah dan membantu, breakfast enak dan bervariasi, Ada jamu juga, best pokoknya.",Diulas 322 minggu lalu
https://www.traveloka.com/id-id/user/review/consumption/HOTEL/GENERAL/240423,17,15,"Crew hotel ramah-ramah semua dan selalu sigap membantu, kamarnya keren, Bersih dan semua perlengkapannya tersedia persis seperti yang diiklankan di Situs Traveloka. compliment-nya banyak? Kebeneran gw ambil suite room dan deluxe room, di 924 dan 906. untuk makanan, rasanya lumayan dan lumayan variatif. Dapat tea afternoon juga kalau di suite room, terima kasih santika, next kita bakal kesini lagi. In untuk full?",Diulas 323 minggu lalu
https://www.traveloka.com/id-id/user/review/consumption/HOTEL/GENERAL/240423,17,16,"Kamar bersih, hotel nya strategis deket dengan mall, makanannya enak, dan nyaman banget.",Diulas 323 minggu lalu
https://www.traveloka.com/id-id/user/review/consumption/HOTEL/GENERAL/240423,17,17,Senang banget hotel yang akses mal botani memudahkan mencari makanan shoping dan kumpumpul bareng teman-teman dan staf yang ramah. Breakfast dengan banyak pilihan makanan. Ada asinan pula good.,Diulas 324 minggu lalu
https://www.traveloka.com/id-id/user/review/consumption/HOTEL/GENERAL/240423,17,18,"Overall stay @santika bogor menyenangkan, hanya masalah parkir yang menjadi problem ketika weekend, Karena jadi satu dengan area parkir mal botanical bogor.",Diulas 324 minggu lalu
https://www.traveloka.com/id-id/user/review/consumption/HOTEL/GENERAL/240423,17,19,Yang namanya santika hotel pasti bagus apalagi ini ada akses ke malnya. Hanya saja saat saya check-in lama sekali. Padahal saya membawa 2 anak. Sudah senang dipersilahkan menunggu di ruang kids activity tapi malah jadi tidak dipanggil panggil sampai keduluan orang lain dan harus bertanya ulang. Exhaust dikamar mandi tidak nyala jadi lantai licin smp anak saya jatuh. Next harus lebih dipersiapkan lagi terutama untuk yang membawa anak kecil.,Diulas 325 minggu lalu
https://www.traveloka.com/id-id/user/review/consumption/HOTEL/GENERAL/240423,17,20,"Morning call tidak jalan padahal sudah pesan malam sebelumnya-pesan breakfast untuk take away di saat check-out karena pesawat penerbangan subuh juga belum, Padahal sudah di notes malamnya. Alhasil jadinya ditinggal. Kalau tidak bisa dipenuhi harusnya jangan dijanjikan.",Diulas 325 minggu lalu
https://www.traveloka.com/id-id/user/review/consumption/HOTEL/GENERAL/240423,17,21,"Pelayanan baik, makanan enak letak strategis.",Diulas 326 minggu lalu
https://www.traveloka.com/id-id/user/review/consumption/HOTEL/GENERAL/240423,17,22,"Kamarnya sangat luas, sarapan juga variatif dan enak, pas dapat kamar pemandangan kolam renang, enak nyaman, kamar rapi bersih. top.",Diulas 326 minggu lalu
https://www.traveloka.com/id-id/user/review/consumption/HOTEL/GENERAL/240423,17,23,"Lokasi sangat strategis dengan botani square, dekat dengan tol dan pusat kota. Design kamar yang segar serta sarapan pagi cukup menggugah selera.",Diulas 327 minggu lalu
https://www.traveloka.com/id-id/user/review/consumption/HOTEL/GENERAL/240423,17,24,"Lokasinya strategis, tempatnya bersih, nyaman, ramah, fasilitas lengkap, makanannya enak-enak.",Diulas 327 minggu lalu
https://www.traveloka.com/id-id/user/review/consumption/HOTEL/GENERAL/240423,17,25,Lokasi strategis dengan pintu penghubung ke Botani Square Mall.,Diulas 327 minggu lalu
https://www.traveloka.com/id-id/user/review/consumption/HOTEL/GENERAL/240423,17,26,"Sangat bagus, hotel dekat dengan mal dan kebun raya Bogor.",Diulas 328 minggu lalu
https://www.traveloka.com/id-id/user/review/consumption/HOTEL/GENERAL/240423,17,27,"Kamar nyaman, bersih, pelayananan yang ramah dan profesional.",Diulas 328 minggu lalu
https://www.traveloka.com/id-id/user/review/consumption/HOTEL/GENERAL/240423,17,28,"Saya sangat menikmati menginap disini,, pelayanan baik staff ramah ramah sekali",Diulas 328 minggu lalu
https://www.traveloka.com/id-id/user/review/consumption/HOTEL/GENERAL/240423,17,29,"Hotel yang selama ini, selalu nyaman. Petugas semuanya ramah. Kamar bersih dan rapi. Makanan banyak jenisnya dan enak. Apalagi, selalu makanan vegetarian buat saya. Sayangnya satu pada kunjungan saya kemaren, handuk ketika datang dari laundry, sepertinya lupa ngga dicek, sehingga sudah sobek-sobek masih digunakan. Semoga lain kali ngga demikian.",Diulas 328 minggu lalu
https://www.traveloka.com/id-id/user/review/consumption/HOTEL/GENERAL/240423,17,30,"kamar nyaman, bersih dan dpt complementary snack",Diulas 329 minggu lalu
https://www.traveloka.com/id-id/user/review/consumption/HOTEL/GENERAL/240423,17,31,"liburan yg menyenangkan, kamarnya bersih, nyaman, makanan nya juga enak.. puas banget pokoknya... Recommended 👍👍",Diulas 330 minggu lalu
https://www.traveloka.com/id-id/user/review/consumption/HOTEL/GENERAL/240423,17,32,"Kamarnya luas oke banget, sayang liftnya sempit banget.",Diulas 330 minggu lalu
https://www.traveloka.com/id-id/user/review/consumption/HOTEL/GENERAL/240423,17,33,"Untuk kedua kalinya menginap bersama keluarga di hotel santika bogor ini, menyenangkan, nyaman, bersih, makanan yang bervariasi dan sedap-sedap, Lokasi yang strategis di kota Bogor, petugas-petugas hotel yang ramah dan santun.",Diulas 330 minggu lalu
https://www.traveloka.com/id-id/user/review/consumption/HOTEL/GENERAL/240423,17,34,"booking 1 kamar 3 orang ternyata tambah extra bed bukan benar-benar kamar untuk 3 orang, minta kamar tanpa asap rokok tapi di kasih kamar area asap rokok dengan alasan kamar penuh, ac bocor menetes tidak henti",Diulas 330 minggu lalu
https://www.traveloka.com/id-id/user/review/consumption/HOTEL/GENERAL/240423,17,35,"Ada beberapa baju basah (baju berenang 4 setel) yg memang tertinggal di lemari belakang pintu kamar,memang keteledoran kami hingga tertinggal. Kami cekout sekitar jam 11 siang, bgitu sampai dirumah sore harinya kita baru sadar kalau baju2 basah tertinggal dsana, kita coba hubungi pihak hotel, tapi dapat jawaban kalau tidak ada barang kami yang tertinggal. Kami hanya butuh kejujuran dari pihak hotel khususnya bagian housekeeping.Tapi itulah jawaban yg kami dapat.Kami dari kamar 714.Foto baju berenang sbagian sudah kami unggah disini.",Diulas 330 minggu lalu
https://www.traveloka.com/id-id/user/review/consumption/HOTEL/GENERAL/240423,17,36,"Kamarnya bersih, tidak terlalu sempit. karena di sebelah mal, nyari makan gapang banget. Sarapannya enak, bervariasi. kolam renangnya kecil.",Diulas 330 minggu lalu
https://www.traveloka.com/id-id/user/review/consumption/HOTEL/GENERAL/240423,17,37,"Kamar luas bersih nyaman..Sarapan cepat abis dan kurang sigap utk di refill kembali..Pelayanan Ok C/I n C/O cepat.. Dekat dgn botani square, enjoy.. Overall good.. See U Next..",Diulas 331 minggu lalu
https://www.traveloka.com/id-id/user/review/consumption/HOTEL/GENERAL/240423,17,38,"Saya dan keluarga menikmati hotel santika bogor. Hotelnya bersih, pelayanannya ramah dan kamarnya pas dengan interior yang teduh. buat keluarga, Hotel Santika Pilihan tepat coba deh. Pasti anda suka dan balik lagi ke hotel ini.",Diulas 331 minggu lalu
https://www.traveloka.com/id-id/user/review/consumption/HOTEL/GENERAL/240423,17,39,"Menyenangkan, hotelnya bersih kamar mandinya bersih namun tempat tidurnya sempit overall bagus makanannya enak banyak variant top lah.",Diulas 331 minggu lalu
https://www.traveloka.com/id-id/user/review/consumption/HOTEL/GENERAL/240423,17,40,"Konsep bagus, nyaman lokasinya connected dengan botani dan strategis.",Diulas 331 minggu lalu
https://www.traveloka.com/id-id/user/review/consumption/HOTEL/GENERAL/240423,18,1,"Pelayanannya bagus, tapi sayang untuk sarapan pagi bubur ayamnya tidak panas.",Diulas 331 minggu lalu
https://www.traveloka.com/id-id/user/review/consumption/HOTEL/GENERAL/240423,18,2,"Makanan enak, kamar bagus, kolam renang dan pusat kebugaran, dan pelayanan bagus",Diulas 331 minggu lalu
https://www.traveloka.com/id-id/user/review/consumption/HOTEL/GENERAL/240423,18,3,"Kamarnya bersih, pelayanan ramah dan sesuai dengan standar santika di kota-kota lain. sayangnya cuma satu. kalau untuk parkir motor kejauhan. Harus masuk mal botani dl. Tapi minor lah.",Diulas 331 minggu lalu
https://www.traveloka.com/id-id/user/review/consumption/HOTEL/GENERAL/240423,18,4,"Senang sekali menginap disini, staffnya ramah, pelayanannya bagus, kamarnya bagus, recommended banget. Kalau kita ultah diberi cake ultah terima kasih Santika.",Diulas 331 minggu lalu
https://www.traveloka.com/id-id/user/review/consumption/HOTEL/GENERAL/240423,18,5,Senang menginap disana dekat dengan mal.,Diulas 331 minggu lalu
https://www.traveloka.com/id-id/user/review/consumption/HOTEL/GENERAL/240423,18,6,"Hotel yang bagus di sebelah pusat perbelanjaan botani. Kamarnya lumayan, sarapannya bervariasi, dan ada banyak aktivitas yang bisa kita lakukan.",Diulas 332 minggu lalu
https://www.traveloka.com/id-id/user/review/consumption/HOTEL/GENERAL/240423,18,7,"Kamarnya luas, ada kulkas dan brankasnya. Fasilitasnya lengkap, hanya saja kurang hair dryer di kamar mandinya. Hanya saja saat check-in pertama kali kamarnya sedikit bau rokok, jadi sedikit kurang nyaman saat masuk pertama kali.",Diulas 332 minggu lalu
https://www.traveloka.com/id-id/user/review/consumption/HOTEL/GENERAL/240423,18,8,"ini pilihan hotel setiap saya menginap di Bogor, deket kemana2, fasilitas OKE banget, makanan Mantul, service luar biasa.. Udah paling enak sudah Santika Bogor :D",Diulas 332 minggu lalu
https://www.traveloka.com/id-id/user/review/consumption/HOTEL/GENERAL/240423,18,9,"Redeem mudah, check-in cepat banget, parkir luas, makanan juga enak, ac dingin dan deket banget dengan mall dan akses mall tersendiri. Ada kegiatan anak-anak di weekend, yang membuat anak-anak betah di hotel masukan untuk hotel a/ : vallet parkir untuk weeknd agar ditambah orangnya, jadi antrian pada saat check out tidak berantakan. Selebihnya oke semua. Paylater oke banget, promo banyakin. Jangan kasih kendor. Cayoooo...",Diulas 333 minggu lalu
https://www.traveloka.com/id-id/user/review/consumption/HOTEL/GENERAL/240423,18,10,"Hotel ini sangat pas untuk berbulan madu, karena letaknya yang ada di mal botani square. Jadi bisa langsung ngedate di mal, dan dapat free parking untuk tamu hotel, staf receptionist sangat ramah, kamar bagus, Menu sarapan bervariatif dan rasanya enak. overall si oke, hanya saja kolam renangnya sempit.",Diulas 333 minggu lalu
https://www.traveloka.com/id-id/user/review/consumption/HOTEL/GENERAL/240423,18,11,sangat meyenangkan dekat mall botani di pusat kota bogor dekat damri ke bandara dekat terminal baranag siang pokoknya sangat strategis lokasinya.,Diulas 333 minggu lalu
https://www.traveloka.com/id-id/user/review/consumption/HOTEL/GENERAL/240423,18,12,Check-in terlalu lama saya datang jam 14.30 kamar belum ready dan lobby hotel tidak nyaman sebagai ruang tunggu hotel berbintang..,Diulas 333 minggu lalu
https://www.traveloka.com/id-id/user/review/consumption/HOTEL/GENERAL/240423,18,13,"Kamar luas, bersih dan nyaman, nyambung dengan mal botani square.",Diulas 333 minggu lalu
https://www.traveloka.com/id-id/user/review/consumption/HOTEL/GENERAL/240423,18,14,Next mau kesini lagi untuk pelayanan ok dan cepat tanggap ketika complain air panas tidak bisa.,Diulas 333 minggu lalu
https://www.traveloka.com/id-id/user/review/consumption/HOTEL/GENERAL/240423,18,15,Ruangan itu hebat tetapi setiap hari saya harus mengatur ulang kunci kamar saya. itu tidak baik,Diulas 334 minggu lalu
https://www.traveloka.com/id-id/user/review/consumption/HOTEL/GENERAL/240423,18,16,"Lantai basah, air mengalir dari sela jendela yang tertutup saat kondisi hujan dan air dari kebocoran AC.",Diulas 334 minggu lalu
https://www.traveloka.com/id-id/user/review/consumption/HOTEL/GENERAL/240423,18,17,Lokasi hotel sangat bagus pas di Hotel Botani Square. Menginap sekaligus jalan-jalan. Masjid besar ada juga di lingkungan hotel.. Wifi di lantai 6 perlu perbaikan karna sering timbul tenggelam..Parkir hotel berada di outdoor..Parkir Mall indoor sering penuh saat wiken tau libur nasional..,Diulas 334 minggu lalu
https://www.traveloka.com/id-id/user/review/consumption/HOTEL/GENERAL/240423,18,18,"Nice hotel, staf was great very kind. Parking at Botani. Crowded but the staf very helpfull direct connection with mal keren makanan pagi, cukup baik, makasih Santika Bogor.",Diulas 334 minggu lalu
https://www.traveloka.com/id-id/user/review/consumption/HOTEL/GENERAL/240423,18,19,"Lift tidak berfungsi dengan baik, tangga darurat tidak mudah diakses",Diulas 334 minggu lalu
https://www.traveloka.com/id-id/user/review/consumption/HOTEL/GENERAL/240423,18,20,"Lokasi sangat strategis dekat dengan mal, pelayanannya oke banget dari awal kita datang, kamar superior lumayan luas, puas lah menginap disini.",Diulas 334 minggu lalu
https://www.traveloka.com/id-id/user/review/consumption/HOTEL/GENERAL/240423,18,21,"Overall oke, kamar sesuai di foto, air hangat berfungsi dengan baik, ada tempat bermain anak, Hanya saja liftnya kecil sekali jadi lama menunggunya dan selalu full.",Diulas 334 minggu lalu
https://www.traveloka.com/id-id/user/review/consumption/HOTEL/GENERAL/240423,18,22,"Kamarnya nyaman banget dan bersih, akses strategis, dekat dengan pusat-pusat wisata di Bogor, di bawahnya pun botanical square jadi kalau butuh sesuatu, Gampang nyarinya",Diulas 334 minggu lalu
https://www.traveloka.com/id-id/user/review/consumption/HOTEL/GENERAL/240423,18,23,Sesuai dengan ekspektasi. Pilihan utama saya jika ke Bogor.,Diulas 334 minggu lalu
https://www.traveloka.com/id-id/user/review/consumption/HOTEL/GENERAL/240423,18,24,"Pengalaman kedua menginap disini, karena satu lokasi dengan mal, maka mencari tempat parkir sangat susah. proses check-in agak lama, Mungkin karena high season. Pada saat dimintakan duplicate kartu tidak diberikan, alasan yang diberikan, takut kartu kurang. Untuk luas kamar dan kamar mandi oke. Tapi yang juga mengecewakan adalah respon pegawai yang lama. Untuk pinjam hair dryer memakan waktu setengah jam. Ya diharapkan sekelas santika dapat meningkatkan pelayanannya, termasuk juga respon karyawan didepan pintu lobby, Agar lebih care terhadap tamu yang menginap (membantu mengoper tas/koper yang akan dimasukan ke dalam mobil). Terima kasih.",Diulas 335 minggu lalu
https://www.traveloka.com/id-id/user/review/consumption/HOTEL/GENERAL/240423,18,25,"proses chek in datang jam 2 tidak langsung dapat kunci tp menunggu 15 menit. resepsionisnya ramag tapi tidak informatif. tamu harus bertanya dimana parkir krn gabung dgn parkiran mall botani, dan jangan lupa meminta agar karcis parkir distempel supaya tidak bayar parkir (resepsionis tdk memberitahu). kualitas kamar standar sbgaimana hotel lain. mrnu breakfast bervariasi. kolamnya kecil saja.",Diulas 335 minggu lalu
https://www.traveloka.com/id-id/user/review/consumption/HOTEL/GENERAL/240423,18,26,"Nyaman, oke banget.",Diulas 335 minggu lalu
https://www.traveloka.com/id-id/user/review/consumption/HOTEL/GENERAL/240423,18,27,Direkomendasikan untuk keluarga. Hotel yang bagus & kamar yang sangat luas. Terhubung langsung dengan Botani Square sebagai salah satu mal paling populer di Bogor. Kolam renangnya tidak terlalu besar & sangat ramai di akhir pekan.,Diulas 335 minggu lalu
https://www.traveloka.com/id-id/user/review/consumption/HOTEL/GENERAL/240423,18,28,Hotel yang sangat bagus. Bersih. Makanan enak. Tetapi area parkir harus terpisah dari mal,Diulas 335 minggu lalu
https://www.traveloka.com/id-id/user/review/consumption/HOTEL/GENERAL/240423,18,29,Anak-anak menikmati kolam renang dan dekat dengan mal,Diulas 335 minggu lalu
https://www.traveloka.com/id-id/user/review/consumption/HOTEL/GENERAL/240423,18,30,"Sampai hotel jam 3.30, saat check-in kamar belum siap, padahal sudah 3,5 jam dari batas check-out, itu 3,5 jam ngapain saja. Apa memang butuh 3,5 buat bersih-bersih kamar. Sampai kamar, lantai masih basah.",Diulas 336 minggu lalu
https://www.traveloka.com/id-id/user/review/consumption/HOTEL/GENERAL/240423,18,31,"Kamar bersih, pelayanan sangat bagus dan profesional.",Diulas 336 minggu lalu
https://www.traveloka.com/id-id/user/review/consumption/HOTEL/GENERAL/240423,18,32,"Tempat strategis, kamarnya nyaman.",Diulas 337 minggu lalu
https://www.traveloka.com/id-id/user/review/consumption/HOTEL/GENERAL/240423,18,33,"Ini kali pertama saya dan keluarga menginap di Santika Bogor. Sesuai rekomendasi dan ekspetasi, Hotel Santika memberikan kepuasan dan kenyamanan yang luar biasa. Kamar luas dan nyaman dengan view yang bagus, pelayanan yang ramah, makanan yang enak. Semoga bisa lebih ditingkatkan lagi pelayanan terhadap tamu agar nilai plus lebih banyak diberikan buat Hotel Santika.",Diulas 337 minggu lalu
https://www.traveloka.com/id-id/user/review/consumption/HOTEL/GENERAL/240423,18,34,Hotelnya terhubung langsung dengan botani square.,Diulas 337 minggu lalu
https://www.traveloka.com/id-id/user/review/consumption/HOTEL/GENERAL/240423,18,35,Bagi saya Santika adalah hotel terbaik di Bogor,Diulas 337 minggu lalu
https://www.traveloka.com/id-id/user/review/consumption/HOTEL/GENERAL/240423,18,36,"Keren banget! 👍🏻 Pilih kamar deluxe aslinya luas banget ❤️. Kamar bersih, ada sofa besar yang bisa dipakai kasur tambahan. Semua pelayanan ramah. Check in & check out kilat ga pake nunggu ga pake deposit. Room service makanan cepat & enak. Laundry service request strika uap dress & kemeja dikasi free ❤️ Breakfast banyak pilihan tapi hari kedua menu tidak berubah. Kolam renang termasuk kecil tapi cukup kalau lagi sepi. Akses langsung ke mall jadi nilai plus banget buat ni hotel. Recommend banget kalo ke Bogor lagi ❤️",Diulas 338 minggu lalu
https://www.traveloka.com/id-id/user/review/consumption/HOTEL/GENERAL/240423,18,37,Lebih tingkatkan kebersihannya.,Diulas 339 minggu lalu
https://www.traveloka.com/id-id/user/review/consumption/HOTEL/GENERAL/240423,18,38,"Check-in harusnya jam 15.00 saya datang jam 16.00 tapi kamar belum siap masih harus nunggu 30 menit 🙄 Sudah info ke front office soal wifi katanya mau di sms kodenya tapi sampai dengan check-out tidak ada masuk smsnya, telepon ke FO juga susah 🤔",Diulas 339 minggu lalu
https://www.traveloka.com/id-id/user/review/consumption/HOTEL/GENERAL/240423,18,39,Tempat yang selalu dapat diandalkan untuk tinggal di daerah Bogor.,Diulas 340 minggu lalu
https://www.traveloka.com/id-id/user/review/consumption/HOTEL/GENERAL/240423,18,40,"Pelayanan ramah, kamar bersih. Minusnya air shower mancurnya berantakan. Selain itu semua good.",Diulas 340 minggu lalu
https://www.traveloka.com/id-id/user/review/consumption/HOTEL/GENERAL/240423,19,1,"selalu dapat diandalkan, hotel yang bagus untuk beristirahat.",Diulas 340 minggu lalu
https://www.traveloka.com/id-id/user/review/consumption/HOTEL/GENERAL/240423,19,2,"1 saja sih yang kurang oke, Pihak hotel tidak info tentang parkir disana dapat fasilitas valey karena maksa minta kunci mobil untuk di parkirin dan tidak info kalau karcis parkir harus dicap spy tidak kenana tinak tidak tenya ketang terising terising terima kasih, Kemarin sempat bayar 100 ribu kana parkir semalam, akhirnya balik hotel minta cap hotel baru deh uang parkir balik.",Diulas 340 minggu lalu
https://www.traveloka.com/id-id/user/review/consumption/HOTEL/GENERAL/240423,19,3,Kami memesan kamar bebas rokok tapi kami mendapat kamar bebas rokok. Tidak nyaman 😢,Diulas 340 minggu lalu
https://www.traveloka.com/id-id/user/review/consumption/HOTEL/GENERAL/240423,19,4,"Harus menunggu lama saat check-in. saya booking 4 kamar, tapi hanya 1 kamar yang ready saat itu dan saya harus menunggu beberapa jam lagi untuk kamar lainnya.",Diulas 341 minggu lalu
https://www.traveloka.com/id-id/user/review/consumption/HOTEL/GENERAL/240423,19,5,"Ukuran kamar cukup, tidak terlalu luas tetapi tidak sempit juga. Kamar mandi standard tapi sayang tidak ada hair dryer dan tidak ada sisir. parkiran jauh, lift sempit banget. menu sarapan lumayan variatif, Rasa standard, bubur ayam tidak bisa untuk anak batita karena pedas lada. Di kamar tersedia kulkas dengan isi 1teh kotak dan 1 bengebeng, tetapi tidak ada info diawal jika itu adalah complimentari dan boleh dikonsumsi gratis. Kesimpulannya, kurang puas menginap di santika bogor, fasilitas tidak sesuai harapan dengan harga yang dibayar.",Diulas 342 minggu lalu
https://www.traveloka.com/id-id/user/review/consumption/HOTEL/GENERAL/240423,19,6,"Lokasi sangat strategis, dekat dengan kebun raya Bogor dan mal botani.",Diulas 343 minggu lalu
https://www.traveloka.com/id-id/user/review/consumption/HOTEL/GENERAL/240423,19,7,"Staf yang ramah, lokasi bagus dan pemandangan indah dari kamar saya",Diulas 344 minggu lalu
https://www.traveloka.com/id-id/user/review/consumption/HOTEL/GENERAL/240423,19,8,Hotel yang pas untuk beristirahat dan berlibur bersama keluarga.,Diulas 345 minggu lalu
https://www.traveloka.com/id-id/user/review/consumption/HOTEL/GENERAL/240423,19,9,Nyaman. Strategis. Bikin betah di Bogor.,Diulas 345 minggu lalu
https://www.traveloka.com/id-id/user/review/consumption/HOTEL/GENERAL/240423,19,10,"sarapan yang baik, kamar yang bersih direkomendasikan untuk liburan keluarga",Diulas 345 minggu lalu
https://www.traveloka.com/id-id/user/review/consumption/HOTEL/GENERAL/240423,19,11,"Ramah, dekat kemana saja, sarapannya pun enak-enak.",Diulas 346 minggu lalu
https://www.traveloka.com/id-id/user/review/consumption/HOTEL/GENERAL/240423,19,12,"Untung hanya semalam kami menginap, kami mendapat kamar di lantai 7, koridor menuju kamar bau asap masakan, Dan kamar mandi bau karena exhaust fan tidak menyala.",Diulas 346 minggu lalu
https://www.traveloka.com/id-id/user/review/consumption/HOTEL/GENERAL/240423,19,13,"Sarapan lumayan enak, parkirnya agak susah karena menyatu sama mal tetapi ada jasa valet gratis.",Diulas 347 minggu lalu
https://www.traveloka.com/id-id/user/review/consumption/HOTEL/GENERAL/240423,19,14,"1. Piring/peralatan makan yang sudah selesai (sudah dipakai), tidak langsung diangkat. Apakah ini ada lah strategi dari pihak hotel agar kita tidak berlama-lama di dalam restoran? 2. Saya stay di lantai lima, suara pijakan lantai dari atas sering terdengar.",Diulas 348 minggu lalu
https://www.traveloka.com/id-id/user/review/consumption/HOTEL/GENERAL/240423,19,15,"Kamarnya sesuai ekspektasi, sarapan enak, staf ramah, lokasi strategis.",Diulas 349 minggu lalu
https://www.traveloka.com/id-id/user/review/consumption/HOTEL/GENERAL/240423,19,16,"sangat merekomendasikan hotel .. staf ramah, makanan yang baik dan yang paling penting hotel terhubung ke Botani Square Mall .. jadi sangat senang tinggal di sini..akan tinggal lagi di masa depan",Diulas 349 minggu lalu
https://www.traveloka.com/id-id/user/review/consumption/HOTEL/GENERAL/240423,19,17,"Kamar besar, awak menyenangkan, lokasi yang sangat bagus.",Diulas 350 minggu lalu
https://www.traveloka.com/id-id/user/review/consumption/HOTEL/GENERAL/240423,19,18,"Tempat sangat strategis, parkinya mudah, check-in cepat. pelayanan sangat ramah, handuk sprei dan bersih. AC dan water heater berfungsi dengan baik, tapi tidak ada hair dryer.",Diulas 351 minggu lalu
https://www.traveloka.com/id-id/user/review/consumption/HOTEL/GENERAL/240423,19,19,Sungguh di luar ekspektasi saya dengan harga yang mahal. Kamar mandi kerannya rusak. Lalu di kamar AC-nya bocor sampai buku menu basah semua makan pagi rasanya semua menu asin.,Diulas 351 minggu lalu
https://www.traveloka.com/id-id/user/review/consumption/HOTEL/GENERAL/240423,19,20,"Pelayanan ramah, makanannya enak, pokoknya recommended banget deh.",Diulas 351 minggu lalu
https://www.traveloka.com/id-id/user/review/consumption/HOTEL/GENERAL/240423,19,21,"Punya pengalaman baik menginap di hotel ini. Saat kacamata tertinggal, setelah di hub ke pihak hotel. Berhubung kami sudah kembali ke Jakarta, lewat jne barang tersebut di kirim ke jkt dan gratis. Terima kasih santika. Akan jadi prioritas jika kembali ke Bogor.",Diulas 352 minggu lalu
https://www.traveloka.com/id-id/user/review/consumption/HOTEL/GENERAL/240423,19,22,Sempurna untuk liburan keluarga 🔅,Diulas 352 minggu lalu
https://www.traveloka.com/id-id/user/review/consumption/HOTEL/GENERAL/240423,19,23,"Air kamar mandi oke, pelayanan baik dan kondisi kamar kurang bersih. Masih ada debu di beberapa tempat apa keycard roomnya cuma 1 ya? biasanya dapat 2.",Diulas 353 minggu lalu
https://www.traveloka.com/id-id/user/review/consumption/HOTEL/GENERAL/240423,19,24,"Berisik, kamar kurang kedap, di lantai 6 suara kaki lantai 7 kedengaran dan bunyi kursi diseret.",Diulas 353 minggu lalu
https://www.traveloka.com/id-id/user/review/consumption/HOTEL/GENERAL/240423,19,25,"Kamar hotelnya lumayan bersih dan nyaman. Cuma pelayanan penerima tamu dan security di tempat parkirnya kurang contohnya: waktu saya mau keluar parkiran, tidak ada security seorang pun. Sehingga saya sendiri yang harus memindahkan pembatas jalan. Di tiket parkirpun, waktu check-in tidak langsung distempel nomer kendaraan kita. Sehingga harus ke lobby dulu untuk meminta stempel di ticket kendaraan😰 Mestinya pihak hotel tidak harus diminta untuk menstempel ticket parkirnya.",Diulas 353 minggu lalu
https://www.traveloka.com/id-id/user/review/consumption/HOTEL/GENERAL/240423,19,26,"Tempat yang nyaman untuk staycation bersama keluarga, dekat pust kota mal.",Diulas 353 minggu lalu
https://www.traveloka.com/id-id/user/review/consumption/HOTEL/GENERAL/240423,19,27,Lokasi dekat dengan mal. Makanan biasa saja.,Diulas 353 minggu lalu
https://www.traveloka.com/id-id/user/review/consumption/HOTEL/GENERAL/240423,19,28,"Butuh waktu untuk check in sekitar 15-20 menit, padahal kita datang pukul 14.40, untuk kunci/kartu akses hanya ada satu sedangkan lift untuk naik turun dibutuhkan kartu aksesnya, sehingga kalau mau jalan-jalan ke mall sementara ada keluarga yang ingin tetap di kamar agak sulit, harus ke lobby dulu untuk bisa diantar ke lantai yang dituju. Ruang sarapan juga cukup sempit memanjang ke belakang, makanannya rasanya lumayan pilihan makanan standard. Pukul 10 pagi hari 2 jam sebelum check out AC kamar bocor 😂 Sudah malas untuk complain karena 2 jam lagi akan check out. Bagusnya hotel ini ada di mall besar di Bogor, sehingga jika butuh apapun bisa turun ke mall dan ada di pusat kota bogor bisa jalan kaki ke kebun raya.",Diulas 354 minggu lalu
https://www.traveloka.com/id-id/user/review/consumption/HOTEL/GENERAL/240423,19,29,"Disitu ada botani square, bisa belanja dan kuliner macam-macam tersedia.",Diulas 354 minggu lalu
https://www.traveloka.com/id-id/user/review/consumption/HOTEL/GENERAL/240423,19,30,"Bersih dan nyaman, meski di luar kamar terdengar ada gangguan suara. Mengenai menu breakfast sebaiknya selainya lebih variatif karena pada saat anak saya mencari roti tawar dan selai strawberry ternyata tidak tersedia. Untuk hal ini tolong pihak santika juga memperhatikan menu untuk anak-anak. Terima kasih Traveloka selalu memberikan rekomendasi hotel yang terbaik.",Diulas 355 minggu lalu
https://www.traveloka.com/id-id/user/review/consumption/HOTEL/GENERAL/240423,19,31,Dekat dengan mal dan pelayanannya cepat ramah juga semua karyawannya.,Diulas 355 minggu lalu
https://www.traveloka.com/id-id/user/review/consumption/HOTEL/GENERAL/240423,19,32,Dalam aplikasi minta no smoking tapi dapatnya smoking. Area parkir campur sama botani square. Akses langsung ke mal. Kolam renang kecil tapi menyenangkan. Makanan banyak variasi dan enak. AC dingin dan kamar bersih.,Diulas 355 minggu lalu
https://www.traveloka.com/id-id/user/review/consumption/HOTEL/GENERAL/240423,19,33,"Parkir susah, tempat tidur kecil. Kebetulan cari yang 1 bed besar tidak dapat, jadi tidak sepadan sama harganya. Hanya lokasi saja yg bagus, karena connecting sama mall.",Diulas 356 minggu lalu
https://www.traveloka.com/id-id/user/review/consumption/HOTEL/GENERAL/240423,19,34,"FO yang wanita sangat tidak ramah, padahal kamar saya suite, tidak ada greeting, bahkan terima kasih tidak ada. Kasar tidak, tapi muka sengak dan jutek, menurut saya sih keterlaluan, kok dipasang di depan. Apa karena postur besar dan berisi, keki sekali saya.",Diulas 357 minggu lalu
https://www.traveloka.com/id-id/user/review/consumption/HOTEL/GENERAL/240423,19,35,"Saya mesan kamar yang ada view, ternyata di kasih kamar yang jendelanya berhadapan dengan tembok. Saya kecewa sekali.",Diulas 358 minggu lalu
https://www.traveloka.com/id-id/user/review/consumption/HOTEL/GENERAL/240423,19,36,"Hotel bersih dan sesuai dengan gambar yang ditampilkan, check-in cepat.",Diulas 358 minggu lalu
https://www.traveloka.com/id-id/user/review/consumption/HOTEL/GENERAL/240423,19,37,"Benar-benar bersih, letak strategis, breakfast enak. Penerangan kamar cukup terang untuk belajar.",Diulas 358 minggu lalu
https://www.traveloka.com/id-id/user/review/consumption/HOTEL/GENERAL/240423,19,38,Tempatnya sangat nyaman. cocok untuk bisnis maupun keluarga.,Diulas 359 minggu lalu
https://www.traveloka.com/id-id/user/review/consumption/HOTEL/GENERAL/240423,19,39,Makanan di sini enak. Kamarnya luas dan nyaman. Staf selalu tersenyum dan senang membantu.,Diulas 359 minggu lalu
https://www.traveloka.com/id-id/user/review/consumption/HOTEL/GENERAL/240423,19,40,"Koneksi internet tidak bagus, jadi tidak disarankan untuk perjalanan bisnis yang membutuhkan akses internet agar tetap terhubung dengan kantor.",Diulas 359 minggu lalu
https://www.traveloka.com/id-id/user/review/consumption/HOTEL/GENERAL/240423,20,1,Lokasi strategis karena connecting dengan mal. Kamar bersih tapi untuk kamar mandi keran shower rusak.,Diulas 359 minggu lalu
https://www.traveloka.com/id-id/user/review/consumption/HOTEL/GENERAL/240423,20,2,Semuanya baik hanya saja untuk check-in butuh 1 jam padahal saya datang ke hotel jam 14.30 baru bisa masuk kamar jam 17.00.,Diulas 360 minggu lalu
https://www.traveloka.com/id-id/user/review/consumption/HOTEL/GENERAL/240423,20,3,"Untuk kedua kalinya menginap disini, puas dengan pelayanannya, dalam ruangan kamar yang bersih tidak bau dan makanannya enak, terima kasih.",Diulas 360 minggu lalu
https://www.traveloka.com/id-id/user/review/consumption/HOTEL/GENERAL/240423,20,4,tempat yang bagus untuk menginap di jantung kota Bogor,Diulas 360 minggu lalu
https://www.traveloka.com/id-id/user/review/consumption/HOTEL/GENERAL/240423,20,5,"Pelayanannya kurang memuaskan saya datang cekin baru bisa jam 2 uda gthu tp tdk ada ucapan twrimakasih sudah menunggu atau apalah pembwrian mintamaaf diberi snack atau tart welcomesnack karna pelayanan terlambat sama seperti hotel2 yg sblmnya saya datangin, hotspot or viewpotonya kurang.",Diulas 360 minggu lalu
https://www.traveloka.com/id-id/user/review/consumption/HOTEL/GENERAL/240423,20,6,Kamarnya luas. Tapi satu hal yang membuat saya kesal ketika AC rusak. Kami makan malam panas di malam hari,Diulas 361 minggu lalu
https://www.traveloka.com/id-id/user/review/consumption/HOTEL/GENERAL/240423,20,7,"Kamar luas, bersih, tempat strategis, namun karena barengan mal, parkir susah bahkan kami harus putar dua kali karena lobby hotel tidak terlihat jelas tanda-tandanya, menyempil kesannya. Kolam renang airnya tidak bersih, Sehiga kami tidak mengizinkan anak-anak berenang, menginap 2 hari makanan standar dan itu-itu lagi.",Diulas 361 minggu lalu
https://www.traveloka.com/id-id/user/review/consumption/HOTEL/GENERAL/240423,20,8,"Receptionist mengecewakan, karena kamar belum siap padahal sudah jam 13.30. Dijanjikan akan di telpon/dihub, ditunggu sampai jam 14.3 tidak dihub juga, Akhirnya saya inisiatif sendiri untuk menanyakan kamar. Kurang ramah receptionistnya. Kamar luas, bersih, AC baik, air lancar dan besar. Aqua dikasih 4 botol, ada snack 2 buah di kulkas free. Breakfast standar bintang 3 baik variasi maupun rasa. Ruang breakfast cukup besar, sehingga ketersediaan kursi cukup banyak. Tapi sendok garpu selalu harus minta dulu, tidak sigap menyediakan sendok garpu. Kolam renang kecil. Pinjam handuk hanya boleh. 2. Tempat fitnes kecil dan alat fitness sedikit, terasa agak panas dan seperti kurang terawat ken jarang dipakai.",Diulas 361 minggu lalu
https://www.traveloka.com/id-id/user/review/consumption/HOTEL/GENERAL/240423,20,9,"Kamarnya sesuai dengan yang di foto, kebetulan dapat di lantai 3 dekat sama restoran dan kolam renang. makanannya banyak pilihan dan enak-enak, Jadi satu dengan botani square jadi gampang kalau mau cari makanan atau cemilan atau sekedar jalan-jalan. Pasti ke sana lagi kalau liburan di Bogor.",Diulas 361 minggu lalu
https://www.traveloka.com/id-id/user/review/consumption/HOTEL/GENERAL/240423,20,10,"Menyenangkan, mau ke Botani square tinggal jalan ke sebelah.",Diulas 361 minggu lalu
https://www.traveloka.com/id-id/user/review/consumption/HOTEL/GENERAL/240423,20,11,"Hari pertama, kedua dan ketiga begitu nyaman. namun, akhirnya kecewa dengan sikap dan tindakan resepsionis pada saat ingin extend, Akhirnya saya check-out, kenyamanan sebelumnya di akhiri dengan kekecewaan.",Diulas 362 minggu lalu
https://www.traveloka.com/id-id/user/review/consumption/HOTEL/GENERAL/240423,20,12,"Menyenangkan, lokasi sangat strategis.",Diulas 362 minggu lalu
https://www.traveloka.com/id-id/user/review/consumption/HOTEL/GENERAL/240423,20,13,"Pelayannya baik, ramah dan help full; kamarnya bersih; sarapannya enak; kolam renang bagus.",Diulas 362 minggu lalu
https://www.traveloka.com/id-id/user/review/consumption/HOTEL/GENERAL/240423,20,14,"Minus taman dan view, zoo mini, sehingga kurang cocok untuk anak-anak, kolam renang terlalu kecil plusnya pelayannya ramah, dekat dengan mal tinggal ngesot saja, AC-nya dingin, enak, makanan lumayan tapi kurang variatif.",Diulas 362 minggu lalu
https://www.traveloka.com/id-id/user/review/consumption/HOTEL/GENERAL/240423,20,15,"Sudah 2 kali menginap di sini dan hotel ini sangat amat nyaman untuk keluarga yang membawa anak-anak tapi tidak mau susah pergi-pergi jauh. Karena akses mereka yang langsung ke Botani Square, jadi mau cari apa saja, sudah tinggal turun ke basement terus langsung tembus mal deh. Very convenient! If I have 1 suggestion will be about their restaurant. The management really need to consider to expand the restaurant and make some variety on the menus. Di hari pertama menginap (kali kedua menginap), pas sarapan (sekitar jam 9 pagi), saya harus menunggu walaupun memang tidak sampai 10 menit untuk dicarikan meja akan ke waiting list. Mungkin tidak setiap saat seperti ini, mungkin karena peak season (h-2 lebaran) tapi ini bisa jadi pertimbangan juga dan menunya harus lebih diperbanyak lagi. However, it's a nice stay tho, thanks Santika Bogor! :)",Diulas 362 minggu lalu
https://www.traveloka.com/id-id/user/review/consumption/HOTEL/GENERAL/240423,20,16,Ruangan itu hebat seperti yang diharapkan. Staf sangat responsif memberi kami kursi bayi ketika melihat kami datang untuk sarapan dengan balita.,Diulas 362 minggu lalu
https://www.traveloka.com/id-id/user/review/consumption/HOTEL/GENERAL/240423,20,17,"Saya memiliki staycation terbaik yang pernah saya miliki. Saya memesan kamar suite dan sebenarnya kamarnya sudah siap bahkan sebelum waktu check-in saya. Staf juga benar-benar baik, mereka menawarkan saya banyak hal.",Diulas 362 minggu lalu
https://www.traveloka.com/id-id/user/review/consumption/HOTEL/GENERAL/240423,20,18,"Kelebihan hotel ini punya akses langsung mal botani square dan pintu tol, pelayanan hotel ini standar saja. Liftnya kecil dan terbatas sehingga perlu waktu lama untuk menunggu.",Diulas 362 minggu lalu
https://www.traveloka.com/id-id/user/review/consumption/HOTEL/GENERAL/240423,20,19,Lokasi hotel strategis sehingga terhindar dari macet saat keluar tol Bogor karena bisa melalui jalan belakang.,Diulas 362 minggu lalu
https://www.traveloka.com/id-id/user/review/consumption/HOTEL/GENERAL/240423,20,20,"1. Saya menginap memilih deluxe room lebaran package seharga 1,8 juta, lengkap dengan fasilitas breakfast dan dinner. Tujuannya tentu saja supaya keluarga senang. 2. Pelayanan pada saat check-in, resepsionis menyampaikan bahwa ternyata dinner tidak include secara materi rugi dong saya Rp. 675.000 (karena paket deluxe tanpa dinner hanya 1,125 juta). 3. Sebagai gantinya hanya diberikan fasilitas welcome drink (tidak saya ambil) dan voucher diskon wahana bogor yang tidak saya gunakan juga (karena kita sudah selesai piknik), yang secara material jauh di bawah Rp. 675.000. 4. Saya komplain ke aplikasi, jawabannya hanya permintaan maaf saja dan tidak ada ruang untuk menyampaikan keluh kesah kami dan memastikannya selesai tertangani. 5. Saya komplain ke resepsionis dan ada i'tikad baik berupa dinner akan diganti dengan makan siang di esok hari. 6. Saya pesan menu makan siang ke resepsionis. 7. Ternyata ini semua hanya PHP saja dari pihak hotel, saya sudah konfirmasi dan tunggu makan siang sampai waktu check-out tidak kunjung datang. 8. Sebagai permintaan maaf hotel, pas pulang diberi sekotak mini kue kering lebaran. 9. Jika tidak ada insiden di atas, sebetulnya hotel ini cukup nyaman untuk liburan keluarga karena dekat dengan semua fasilitas. Akan tetapi sebagai pembelajaran mohon diperhatikan kepuasan pelanggan, jangan sampai dirugikan secara psikis dan material. Tunjukkan ada itikad baik dari pihak hotel terhadap keluhan pelanggan. Terima kasih.",Diulas 363 minggu lalu
https://www.traveloka.com/id-id/user/review/consumption/HOTEL/GENERAL/240423,20,21,"Nyaman, pusat perbelanjaan hanya satu blok, ....👍",Diulas 363 minggu lalu
https://www.traveloka.com/id-id/user/review/consumption/HOTEL/GENERAL/240423,20,22,"Bersih, makanannya enak - enak 😁",Diulas 363 minggu lalu
https://www.traveloka.com/id-id/user/review/consumption/HOTEL/GENERAL/240423,20,23,Kamarnya luas dan bersih hanya saja kemrin dapat viewnya kurang bagus. Waktu sarapan juga harus waiting list karena ramai banget dan ruang restonya agak kecil. tapi overall oke lah.,Diulas 363 minggu lalu
https://www.traveloka.com/id-id/user/review/consumption/HOTEL/GENERAL/240423,20,24,Staf ramah. AC dingin. Air panas lancar. Breakfast nikmat. Selangkah ke botani square.,Diulas 363 minggu lalu
https://www.traveloka.com/id-id/user/review/consumption/HOTEL/GENERAL/240423,20,25,"Sangat menyenangkan, pemesanan kamar sesuai dengan request dan kamar sangat nyaman.",Diulas 363 minggu lalu
https://www.traveloka.com/id-id/user/review/consumption/HOTEL/GENERAL/240423,20,26,Check-in menunggu lama. Mungkin lebaran kali ya.,Diulas 363 minggu lalu
https://www.traveloka.com/id-id/user/review/consumption/HOTEL/GENERAL/240423,20,27,"Total pemesan 4 kamar karena bareng keluarga, sesuai aturan waktu check-in jam 14.00. Namun kami baru dapat kamar jam 15.00, itupun baru ada 2 kamar, sisanya 2 kamar lagi baru ada jam 16.30 (1 kamar) dan jam 17.30 (1 kamar tersisa). Akhirnya saya minta tambahan waktu check-out sampai jam 15.00 (diaturan jam 12 siang). Namun keesokan harinya jam 12.00 kunci kamar sudah tidak bisa diakses. Dan staf hotel pun kurang memuaskan dalam pelayanannya, akhirnya kami meminta untuk ketemu manager hotelnya. Namun manager pun tak kunjung datang. Akhirnya karena emosi saya terpancing dan saya agak marah besar, Baru manager hotel muncul dan meminta maaf kepada kami atas ketidaknyamanan dengan membawa bingkisan kue sebagai ucapan permohonan maaf. (angat tidak profesional) intinya hotel ini bagus, namun manageman yang harus diperbaiki. Dan hal ini juga sama terjadi pada tamu tamu yang lain sekali lagi, sangat di sayangkan. Hotel sekelas santika namun managemannya sangat sangat kurang profesional. Terima kasih.",Diulas 363 minggu lalu
https://www.traveloka.com/id-id/user/review/consumption/HOTEL/GENERAL/240423,20,28,"Kamar besar, layanan yang baik secara umum, akses mudah ke mal.",Diulas 363 minggu lalu
https://www.traveloka.com/id-id/user/review/consumption/HOTEL/GENERAL/240423,20,29,"Kamar yang cukup baik untuk tidak kecil, dan varian untuk sarapan sedikit kurang, rasanya cukup. Kolam kecil yang tenang tapi stafnya sangat ramah secara keseluruhan hotel ini bagus dan membuat liburan saya hampir sempurna terima kasih Santika Bogor",Diulas 363 minggu lalu
https://www.traveloka.com/id-id/user/review/consumption/HOTEL/GENERAL/240423,20,30,"Pengalaman liburan yg menyedihkan, di kamar 1022 kami menginap banjir air dari dinding, hingga airnya masuk ke bawah tempat tidur. kami sampe membersihkan sendiri dan pel lantai sendiri kamar tsb krn room service lama dtg. Pihak hotel tidak memberikan ganti rugi dan merasa bersalah. Kami sangat kecewa pelayanan service disini.",Diulas 363 minggu lalu
https://www.traveloka.com/id-id/user/review/consumption/HOTEL/GENERAL/240423,20,31,"Hotelnya bersih, makanan cukup enak, lokasi yang bersebelahan dengan mal, memudahkan saat mencari makan malam/siang. Suara pipa air dalam tembok dari kamar mandi terdengar ketika menyalakan shower. Kadang terdengar suara dari kamar sebelah dan atas kalau pas kencang.",Diulas 364 minggu lalu
https://www.traveloka.com/id-id/user/review/consumption/HOTEL/GENERAL/240423,20,32,"Pelayanannya sangat luar biasa, kamar bersih, lokasi strategis makanan enak. Kemarin saya ketinggalan handphone tapi disimpankan oleh team room service dan receptionist-nya namanya mas indra bersedia kirim ke rumah saya.",Diulas 364 minggu lalu
https://www.traveloka.com/id-id/user/review/consumption/HOTEL/GENERAL/240423,20,33,"Kamar bau rokok padahal sudah pesan di non smoking room. Sofanya kotor, gagang telpon juga kotor. Servicenya mengecewakan, semua lama. Breakfast tidak enak.",Diulas 364 minggu lalu
https://www.traveloka.com/id-id/user/review/consumption/HOTEL/GENERAL/240423,20,34,"Hotel ini sangat ... tidak seperti hotel tapi seperti &quot;losmen&quot;, saya pikir. Untuk mahal untuk hotel bintang tiga ... tidak dianjurkan untuk liburan. Makanan ... hufff, sangat hambar ... Aku menyerah ...",Diulas 364 minggu lalu
https://www.traveloka.com/id-id/user/review/consumption/HOTEL/GENERAL/240423,20,35,Itu sangat bagus. Lebih dari harapan saya untuk bintang Hotel. (-) bau tidak baik untuk ruangan tetapi mereka menanganinya dengan sangat cepat. Terima kasih atas layanan yang sangat baik! Aku akan kembali.,Diulas 364 minggu lalu
https://www.traveloka.com/id-id/user/review/consumption/HOTEL/GENERAL/240423,20,36,"Tempat yang bagus, makanan yang baik, staf yang baik.",Diulas 364 minggu lalu
https://www.traveloka.com/id-id/user/review/consumption/HOTEL/GENERAL/240423,20,37,Hotel yang pas sesuai budget di tengah kota bogor dan berdampingan dengan mal botani. Memudahkan untuk shoping di malam hari.,Diulas 364 minggu lalu
https://www.traveloka.com/id-id/user/review/consumption/HOTEL/GENERAL/240423,20,38,"Mantap, semua fasilitasnya terbaik 👍🏽",Diulas 364 minggu lalu
https://www.traveloka.com/id-id/user/review/consumption/HOTEL/GENERAL/240423,20,39,"Kamar yang cukup luas, akses hotel mudah kemana-mana. Untuk yang bawa keluarga nyaman banget pastinya stay disini. Nanti kalau ke Bogor lagi menginap di hotel santika bogor lagi😀",Diulas 365 minggu lalu
https://www.traveloka.com/id-id/user/review/consumption/HOTEL/GENERAL/240423,20,40,"Kamarnya nyaman, luas, tapi furniturnya memang sudah terlihat tua. AC-nya dingin tapi berisik, cukup mengganggu juga suaranya. Saya menginap pas puasa, dan waktu makan sahur, makanannya adem semua, dan tidak banyak pilihan serta pelayannya juga cuma sedikit. Executive lounge di lantai 10 juga tidak menarik makanannya dan sangat sedikit pilihannya. Selebihnya, fine-fine saja.",Diulas 365 minggu lalu
https://www.traveloka.com/id-id/user/review/consumption/HOTEL/GENERAL/240423,21,1,"Sesuai dengan deskripsi, kamar nyaman, makanan enak, dekat mal yang penting ada kolam renang buat anak-anak. Kurangnya cuma harus bayar parkir yang lumayan, yang saya pikir gratis, overall bagus.",Diulas 366 minggu lalu
https://www.traveloka.com/id-id/user/review/consumption/HOTEL/GENERAL/240423,21,2,"Waaah ini hotel dekat mol, keren konek ke mol lewat koridor bawah. Next kesini lagi kalau nginap di Bogor.",Diulas 366 minggu lalu
https://www.traveloka.com/id-id/user/review/consumption/HOTEL/GENERAL/240423,21,3,"Pengalaman luar biasa. Kamar, makanan, staf, lingkungan.",Diulas 368 minggu lalu
https://www.traveloka.com/id-id/user/review/consumption/HOTEL/GENERAL/240423,21,4,Kamarnya bersih nyaman. stafnya ramah-ramah. makanannya enak. pokoknya keseluruhan bagus.,Diulas 368 minggu lalu
https://www.traveloka.com/id-id/user/review/consumption/HOTEL/GENERAL/240423,21,5,"Kamar lumayan bersih hanya saja exhaust kamar mandinya tidak berfungsi, tempat sampahnya alangkah baiknya diganti dengan yang lebih simple, Menu breakfast lumayan variasinya tapi untuk rasa B saja, overall oke lah karena tempatnya sangat strategis ada akses pintu ke mal.",Diulas 368 minggu lalu
https://www.traveloka.com/id-id/user/review/consumption/HOTEL/GENERAL/240423,21,6,"Menginap di Hotel Santika, Bogor adalah pengalaman yang luar biasa. Lokasi yang bagus. Langsung menuju Mall, Sarapan enak dan tempat nongkrong yang enak di Bogor.",Diulas 369 minggu lalu
https://www.traveloka.com/id-id/user/review/consumption/HOTEL/GENERAL/240423,21,7,"Kamar bersih, fasilitas lengkap, pelayanan ramah dan cepat.",Diulas 369 minggu lalu
https://www.traveloka.com/id-id/user/review/consumption/HOTEL/GENERAL/240423,21,8,"Nyaman, kolam tidak bau kaporit aman buat baby dan anak.",Diulas 369 minggu lalu
https://www.traveloka.com/id-id/user/review/consumption/HOTEL/GENERAL/240423,21,9,Ruangan terlihat persis seperti aplikasi. Terletak di pusat kota. Staf yang sangat ramah,Diulas 369 minggu lalu
https://www.traveloka.com/id-id/user/review/consumption/HOTEL/GENERAL/240423,21,10,"Waktu check-in bukan jam 14.00 tapi hampir jam 15.00 baru dapat kunci. Resepsionisnya juga kurang ramah. Tidak ada info kenapa bisa telat. Kalau kita yang telat check-out, sudah pasti kena biaya. Kalau yang lainnya sih lumayan, kamar, makanan, kolam renang kecil mungkin cukup untuk anak-anak. Akses ke mal mudah karena bersebelahan dan bisa masuk dari basement. Akses kemana-mana juga mudah dekat terminal juga damri.",Diulas 370 minggu lalu
https://www.traveloka.com/id-id/user/review/consumption/HOTEL/GENERAL/240423,21,11,Kamar mahal tapi tidak bagus. Harusnya rate jaya hanya 400 ribuan.,Diulas 370 minggu lalu
https://www.traveloka.com/id-id/user/review/consumption/HOTEL/GENERAL/240423,21,12,"Hotel yang nyaman, bersih, pelayanan bagus, strategis connecting juga ke mal botani jadi bisa jalan di mal saja kalau males keluar hotel.",Diulas 370 minggu lalu
https://www.traveloka.com/id-id/user/review/consumption/HOTEL/GENERAL/240423,21,13,"Tinggal bersama keluarga di kamar deluxe mereka. Super luas, jendela besar yang membuat seluruh ruangan lebih terang yang bagus, meskipun pemandangannya tidak terlalu bagus tapi bukan masalah besar. Stafnya sangat ramah dan membantu. Mereka lupa memberikan sikat gigi ketika saya check in, menelepon layanan kamar dan mereka membawanya ke kamar saya dalam rentang 5 menit setelah panggilan. Hebat!",Diulas 371 minggu lalu
https://www.traveloka.com/id-id/user/review/consumption/HOTEL/GENERAL/240423,21,14,"Kamar sesuai yang di foto, Bersih dan rapi makanan enak dan banyak pilihan staf hotel ramah dan sigap membantu next saya mau kembali menginap di sini recommended.",Diulas 372 minggu lalu
https://www.traveloka.com/id-id/user/review/consumption/HOTEL/GENERAL/240423,21,15,"Request kamar pool view, tapi ga diberikan, kamar bau cat, request minta pewangi ruangan, tapi petugas tidak datang-datang, untuk menu kurang variatif, staf di resto kurang cekatan.",Diulas 372 minggu lalu
https://www.traveloka.com/id-id/user/review/consumption/HOTEL/GENERAL/240423,21,16,"Check-in memakan waktu yang lama. Padahal saya check-in jauh setelah batas waktu check-in yaitu jam 17.00. Saya dapat kamar smoking padahal waktu di FO sudah ditanya dan saya jawab no smoking. Parkiran susah, mobil saya parkir di parkiran ITB dan malam di atas jam 21 baru bisa pindah ke parkiran hotel.",Diulas 372 minggu lalu
https://www.traveloka.com/id-id/user/review/consumption/HOTEL/GENERAL/240423,21,17,Hotel ini memiliki lokasi yang bagus. Namun kualitas menu sarapan mereka perlu ditingkatkan.,Diulas 372 minggu lalu
https://www.traveloka.com/id-id/user/review/consumption/HOTEL/GENERAL/240423,21,18,"Puas sekali menginap disini, dekat dengan Mal Botani sekalian shoping, terus dekat dengan penjual lapis talas dan roti unyil jadi paling bisa bawa oleh-oleh. Harga pun sangat bersahabat, kamar oke banget, rapi bersih dan pelayanan memuaskan dan kamar luas. Oiya disitu dekat PMI, sekalian berobat ke dokter pun tinggal jalan kaki sampai. Puas pokoknya😄",Diulas 373 minggu lalu
https://www.traveloka.com/id-id/user/review/consumption/HOTEL/GENERAL/240423,21,19,Menyenangkan dan petugasnya ramah,Diulas 373 minggu lalu
https://www.traveloka.com/id-id/user/review/consumption/HOTEL/GENERAL/240423,21,20,Cars key buat access kamar cuma diberi 1 saja. Jadi kalau mau acess lift susah. Kolam renang kecil. Makanan biasa aja. Ga sesuai sama harga,Diulas 373 minggu lalu
https://www.traveloka.com/id-id/user/review/consumption/HOTEL/GENERAL/240423,21,21,"Hotel yang pas untuk keluarga saat gateaway ke Bogor, dekat dengan Taman Raya Bogor dan nyambung ke mall. Kamar cukup dan baik, pool lumayan dan cukup. Hanya sarapan kurang variasinya. Overall recommended.",Diulas 373 minggu lalu
https://www.traveloka.com/id-id/user/review/consumption/HOTEL/GENERAL/240423,21,22,Saya sudah berpengalaman di hotel ini. lokasi terhubung langsung dengan mal. Kamarnya bersih dan tidak kecil. cukup baik. Catatan kecil saya adalah lantai kamar mandi ketika basah licin. Cukup berbahaya bagi orang tua tua. saran saya diberikan penghalang licin di lantai.,Diulas 374 minggu lalu
https://www.traveloka.com/id-id/user/review/consumption/HOTEL/GENERAL/240423,21,23,"Enak, nyaman dan dekat mall jadi ga perlu kemana-mana lagi.",Diulas 374 minggu lalu
https://www.traveloka.com/id-id/user/review/consumption/HOTEL/GENERAL/240423,21,24,"Menu breakfast tidak variatif, hidangan breakfast kurang berkualitas dari segi mutu dan rasa, tidak tasty, bahkan ada beberapa yang tidak enak, varian tidak banyak, waiter/waitress saat breakfast kurang peka dan kurang cekatan jika melihat ada piring kosong yang sudah tidak terpakai. Tidak bisa minta gelas pengganti dengan alasan gelasnya full sehingga housekeeping membawa sunlight + spons ke kamar untuk jasa cuci gelas yang kotor. Kabel telepon kendor, sering copot.",Diulas 374 minggu lalu
https://www.traveloka.com/id-id/user/review/consumption/HOTEL/GENERAL/240423,21,25,"Ruangan Non smokingnya sedikit, jadi saya kebagian Smoking room.",Diulas 374 minggu lalu
https://www.traveloka.com/id-id/user/review/consumption/HOTEL/GENERAL/240423,21,26,"Di luar urusan kenyamanan dan lokasi yang strategis, ada keganjilan: hari pertama menginap anak (umur 8 tahun) kena charge sarapan Rp. 100 ribu, hari kedua minggu dicharge Rp. 50 ribu, dimana memang sesuai aturan hotel manapun yang pernah saya menginap, anak dicharge 50%. Beda harga kok bisa ya? Apakah sabtu lebih mahal dibanding hari minggu? Laundrynya super mahal, hati-hati.",Diulas 374 minggu lalu
https://www.traveloka.com/id-id/user/review/consumption/HOTEL/GENERAL/240423,21,27,Hotelnya sudah baik secara keseluruhan. Hanya proses check in agar dipercepat jika terlambat lebih dari 5 menit hotel Santika yang udah baik ini berikanlah kepada tamu minuman selamat datang atau apalah sehingga kami tidak menunggu tanpa kepastian. Semua makanan pelayanan dan lainnya udah baik. Hanya proses check in please jika telat lebih dari 5 menit kami diberikan minuman selamat datang agar konsumen memang dihargai.,Diulas 374 minggu lalu
https://www.traveloka.com/id-id/user/review/consumption/HOTEL/GENERAL/240423,21,28,"Lokasinya strategis dekat sama pintu keluar toll dari Jakarta, dekat terminal bus Barangsiang dan pastinya sebelahan sama mall yang gak bakal bikin kamu mati gaya",Diulas 375 minggu lalu
https://www.traveloka.com/id-id/user/review/consumption/HOTEL/GENERAL/240423,21,29,"Enak, bersih nyaman langsung di mall, recommended, akan sering nginap di sini",Diulas 375 minggu lalu
https://www.traveloka.com/id-id/user/review/consumption/HOTEL/GENERAL/240423,21,30,"Menyenangkan, dekat kemana-mana dan kamarnya juga bersih.",Diulas 376 minggu lalu
https://www.traveloka.com/id-id/user/review/consumption/HOTEL/GENERAL/240423,21,31,Pengalaman saya tinggal disini dari segi pelayanan yang prima sehingga saya merasa dimanjakan dan menu sarapan apginya yang sedap dan mantap.,Diulas 376 minggu lalu
https://www.traveloka.com/id-id/user/review/consumption/HOTEL/GENERAL/240423,21,32,"Kamarnya nyaman, lokasi sangat strategis, sarapan enak dan variannya cukup banyak.",Diulas 376 minggu lalu
https://www.traveloka.com/id-id/user/review/consumption/HOTEL/GENERAL/240423,21,33,"Exhaust fan kamar mandi tidak ada, sehingga bau handuknya kurang bersih",Diulas 376 minggu lalu
https://www.traveloka.com/id-id/user/review/consumption/HOTEL/GENERAL/240423,21,34,"Cemilan di kala sore, Santika tau how to treat their customers",Diulas 376 minggu lalu
https://www.traveloka.com/id-id/user/review/consumption/HOTEL/GENERAL/240423,21,35,"Ketika kami membutuhkan tempat untuk menghibur keluarga saya, salah satu takdir adalah hotel ini. Anda tahu mengapa? karena lokasi mal terbesar terdekat dan salah satu masjid besar di kota Bogor. Jadi, saya memilih ini dan ya saya menikmati juga keluarga saya.",Diulas 376 minggu lalu
https://www.traveloka.com/id-id/user/review/consumption/HOTEL/GENERAL/240423,21,36,"Kamar bersih, pelayanan baik, menu sarapan beragam enak dan dekat banget (ada connecting door dengan Botani Square).",Diulas 376 minggu lalu
https://www.traveloka.com/id-id/user/review/consumption/HOTEL/GENERAL/240423,21,37,"Strategis, aman, nyaman dan bersih.",Diulas 377 minggu lalu
https://www.traveloka.com/id-id/user/review/consumption/HOTEL/GENERAL/240423,21,38,"Bintang 3 rasa bintang 4, membawa orang tua dan anak, generasi yang berbeda namun tak ada keluhan sedikit pun dari mereka bahkan bilang top terlihat dari raut wajah yang happy saat kita check-out dan bilang. Next ke sini lagi. Thanks Santika, terus berbenah untuk kemajuan",Diulas 377 minggu lalu
https://www.traveloka.com/id-id/user/review/consumption/HOTEL/GENERAL/240423,21,39,View kolam renang bagus di malam hari,Diulas 377 minggu lalu
https://www.traveloka.com/id-id/user/review/consumption/HOTEL/GENERAL/240423,21,40,"Hotel sangat strategis, gandeng dengan mal botani square, breakfast cukup bervariasi, dan pelayanannya juga bagus.",Diulas 377 minggu lalu
https://www.traveloka.com/id-id/user/review/consumption/HOTEL/GENERAL/240423,22,1,"Kamarnya luas, bagus, bersih, pelayanan cepat dan proses check-in cepat tanpa diminta deposit.",Diulas 377 minggu lalu
https://www.traveloka.com/id-id/user/review/consumption/HOTEL/GENERAL/240423,22,2,Tempat yang bagus ... sarapan yang luar biasa. Staf yang ramah. Pasti akan datang lagi. Sampai ketemu Bogor ...,Diulas 377 minggu lalu
https://www.traveloka.com/id-id/user/review/consumption/HOTEL/GENERAL/240423,22,3,"Lokasinya memang sangat strategis, sebelah mal terbesar di Bogor sehingga memudahkan mencari makanan dan keperluan lainnya.",Diulas 378 minggu lalu
https://www.traveloka.com/id-id/user/review/consumption/HOTEL/GENERAL/240423,22,4,"Pelayanannya sebenarnya memuaskan. Yang tidak memuaskan adalah harga kamar yang lumayan mahal dengan kondisi kamar dan gedung yang sudah tua dan berisik. Dari pertama check-in sampai check-out berisik sekali, ada suara gedebak gedebuk seperti lagi pembangunan.",Diulas 378 minggu lalu
https://www.traveloka.com/id-id/user/review/consumption/HOTEL/GENERAL/240423,22,5,Sarapan banyak pilihan dan pelayanan memuaskan.,Diulas 379 minggu lalu
https://www.traveloka.com/id-id/user/review/consumption/HOTEL/GENERAL/240423,22,6,Kamar nyaman. Suasana nyaman.,Diulas 379 minggu lalu
https://www.traveloka.com/id-id/user/review/consumption/HOTEL/GENERAL/240423,22,7,"Letak hotelnya strategis dekat dengan mal botani, pool damri terminal bis barandangsiang, dan jalan tol ke jakarta.",Diulas 379 minggu lalu
https://www.traveloka.com/id-id/user/review/consumption/HOTEL/GENERAL/240423,22,8,Kamar king kurang besar masih seperti yang umumnya.,Diulas 380 minggu lalu
https://www.traveloka.com/id-id/user/review/consumption/HOTEL/GENERAL/240423,22,9,"Staf ramah dan cepat, kamar bersih dan dingin, dekat dengan mal, makanan enak dan service memuaskan. Terima kasih untuk pengalaman yang tidak terlupakan.",Diulas 380 minggu lalu
https://www.traveloka.com/id-id/user/review/consumption/HOTEL/GENERAL/240423,22,10,Hotel bagus. Pelayanan baik. Kolam renang cukup untuk anak-anak saja.,Diulas 381 minggu lalu
https://www.traveloka.com/id-id/user/review/consumption/HOTEL/GENERAL/240423,22,11,"Pada siang hari terdengar suara mesin bor dan pukulan palu, sehingga sangat mengganggu istirahat saya dan untuk breakfast dengan membawa 1 anak (umur 7 tahun) dikenakan biaya tambahan, padahal di hotel lain sebelumnya tidak pernah dikenakan biaya tambahan.",Diulas 381 minggu lalu
https://www.traveloka.com/id-id/user/review/consumption/HOTEL/GENERAL/240423,22,12,"Lokasinya strategis karena berdekatan dengan mal, makanan enak, kamar luas dan bersih.",Diulas 381 minggu lalu
https://www.traveloka.com/id-id/user/review/consumption/HOTEL/GENERAL/240423,22,13,"lokasinya yg sangat strategis, ada akses lgs ke mall jadi gampang kalau mau cari makan. Sarapan cukup variatif dan rasanya enak. Kamar termasuk luas ukurannya. Hanya kurang puas pada pelayanan reception nya saat check in, saat itu hanya ada 1 orang yg melayani dan diapun sedang sibuk tumpukan berkas check in yg lain dengan struk bank yg ada disetiap lembarnya. Karena tidak fokus dengan tamu yg ada di depan mukanya, dia sampai menanyakan bookingan atas nama siapa kepada saya sampai 3-4x. Memang kecil tapi check in yg pada umumnya hanya perlu 5 menitan menjadi lama krn hal kecil semacam ini.",Diulas 381 minggu lalu
https://www.traveloka.com/id-id/user/review/consumption/HOTEL/GENERAL/240423,22,14,"Ini yg ke 4 kali menginap disini. Santika Bogor menurut saya semakin baik dengan kamarnya yang luas dan bersih. Sofanya bisa untuk tidur juga, jadi saya tidak perlu menambah extra bed untuk anak saya. Makanan breakfast enak dan banyak pilihan. Pegawai hotel ramah dan helpfull. Pasti saya akan selalu menginap disini jika harus menginap di Bogor.",Diulas 382 minggu lalu
https://www.traveloka.com/id-id/user/review/consumption/HOTEL/GENERAL/240423,22,15,"Pengalaman menyenangkan menginap di Suites room 3D2N lantai 7 view pegunungan😊 Staff-staff ramah walau check-in agak lama. Kamar oke sesuai deskripsi, cuma perlu ditambah cermin vertikal😁 Makanan hotel biasa saja, tapi gampang mau ke mall bisa langsung akses dari lift ke lantai B. Anak-anak senang di sini walau gak ada kids corner, hanya hari minggu ada kids activity bikin cupcake mewarnai nonton/menyanyi.",Diulas 382 minggu lalu
https://www.traveloka.com/id-id/user/review/consumption/HOTEL/GENERAL/240423,22,16,"Oke banget lokasinya, enak untuk liburan keluarga.",Diulas 382 minggu lalu
https://www.traveloka.com/id-id/user/review/consumption/HOTEL/GENERAL/240423,22,17,"Hotel ini sangat cocok untuk kamu yang mau berlibur di Bogor, karena dekat dengan kebun raya bogor. Hotel juga sangat berdekatan dengan mal, sehingga memudahkan untuk berbelanja.",Diulas 382 minggu lalu
https://www.traveloka.com/id-id/user/review/consumption/HOTEL/GENERAL/240423,22,18,"Kamarnya enak, sarapannya juga lumayan, stafnya ramah, thanks santika.",Diulas 382 minggu lalu
https://www.traveloka.com/id-id/user/review/consumption/HOTEL/GENERAL/240423,22,19,"Hotel yang sangat bagus, bersih dan layanannya bagus. Ingin kembali lagi ke sini.",Diulas 383 minggu lalu
https://www.traveloka.com/id-id/user/review/consumption/HOTEL/GENERAL/240423,22,20,"Servicenya bagus, cuma ada beberapa peralatan yang kurang, seperti lampu tidur yang mati dan tempat sampah yang sebaiknya diganti dengan yang mudah digunakan. Tapi semuanya sudah bagus, makanannya enak",Diulas 383 minggu lalu
https://www.traveloka.com/id-id/user/review/consumption/HOTEL/GENERAL/240423,22,21,"Cukup nyaman untuk tempat istirahat saat sudah cape shopping. Kebetulan lagi banyak yang menginap kali, saat mau makan jadi waiting list karena sudah full ruang makannya.",Diulas 383 minggu lalu
https://www.traveloka.com/id-id/user/review/consumption/HOTEL/GENERAL/240423,22,22,"Kemajuan check-in tidak sebaik yang saya harapkan, mereka hanya memberi kami satu kartu akses dan kami harus menggunakannya untuk listrik. Seperti yang diharapkan, kami memiliki masalah setiap kali kami ingin meninggalkan ruangan. Di meja sarapan prasmanan, makanan sangat lezat dan kurangnya pilihan.",Diulas 383 minggu lalu
https://www.traveloka.com/id-id/user/review/consumption/HOTEL/GENERAL/240423,22,23,"Check in cepat, kamar bersih. Check out cepat.",Diulas 383 minggu lalu
https://www.traveloka.com/id-id/user/review/consumption/HOTEL/GENERAL/240423,22,24,Barang saya hilang spiker bose sewaktu saya keluar ke Sukabumi. Saya taunya sewaktu mau check-out dari hotel.  Saya menunggu pertanggung jawaban dari pada hotel.,Diulas 383 minggu lalu
https://www.traveloka.com/id-id/user/review/consumption/HOTEL/GENERAL/240423,22,25,"Chef rahimi orangnya bersahabat, ramah dan sopan makannya enak, hotelnya bersih.",Diulas 384 minggu lalu
https://www.traveloka.com/id-id/user/review/consumption/HOTEL/GENERAL/240423,22,26,"Bersih, rapi, breakfast juga enak, karena extend sehari dari sekedul, pindah ke lantai 5. Di lantai 5 ada gangguan malamnya.",Diulas 384 minggu lalu
https://www.traveloka.com/id-id/user/review/consumption/HOTEL/GENERAL/240423,22,27,"Hotel yang bagus untuk menginap di Bogor. Di sebelah mal perbelanjaan Botani persegi sehingga saya bisa menonton film tengah malam di XXI, tapi ingat untuk pergi ke hotel dari luar mal karena pintu penghubung terkunci setelah jam 10 malam. Lokasi bagus di sebelah Kebun Raya Bogor dan akses mudah dari mana saja baik Anda ingin masuk atau keluar dari hotel. Ingatlah untuk mencari tempat parkir khusus yang dialokasikan untuk tamu hotel di sisi depan pusat perbelanjaan (tempat parkir menghadap Kebun Raya Bogor).",Diulas 384 minggu lalu
https://www.traveloka.com/id-id/user/review/consumption/HOTEL/GENERAL/240423,22,28,"Lokasi bagus strategis, bersih, dekat tempat wisata tempat ibadah, kuliner, toll akses.",Diulas 384 minggu lalu
https://www.traveloka.com/id-id/user/review/consumption/HOTEL/GENERAL/240423,22,29,"Nyaman, bersih untuk high season mohon personel ditambah jadi untuk check-in tidak menunggu terlalu lama, saya baru bisa check-in jam 15.05.",Diulas 384 minggu lalu
https://www.traveloka.com/id-id/user/review/consumption/HOTEL/GENERAL/240423,22,30,"Pemandangan bagus, pelayanan oke, kamar bersih, keren pokoknya, makanan biasa saja.",Diulas 384 minggu lalu
https://www.traveloka.com/id-id/user/review/consumption/HOTEL/GENERAL/240423,22,31,"Kamar bersih. Nyaman. Kebetulan dapat kamar dekat pool. Breakfast enak dan variatif. Overall sangat baik ya. Hanya saat datang bingung parkiran mobil, ternyata dibantu petugas.",Diulas 385 minggu lalu
https://www.traveloka.com/id-id/user/review/consumption/HOTEL/GENERAL/240423,22,32,"Hotel sangat menyenangkan kan sekali, anak-anak suka berenang, kolamnya bersih.",Diulas 385 minggu lalu
https://www.traveloka.com/id-id/user/review/consumption/HOTEL/GENERAL/240423,22,33,"Hotelnya nyaman, pelayanan baik, kolam renangnya bagus, dan lokasinya sangat strategis karena dekat dengan botani square. Dengan untuk cari makanan dan cemilan mudah sekali. Saya sudah sekitar 6 kali an menginap di santika hotel bogor, dan sudah menjadi hotel langganan keluarga kami. pokoknya keren.",Diulas 385 minggu lalu
https://www.traveloka.com/id-id/user/review/consumption/HOTEL/GENERAL/240423,22,34,"Menu variatif banget, baru kali ini di hotel ada menu breakfast minuman jamu lengkap, suka, terbaik di kelasnya deh pokoknya.",Diulas 385 minggu lalu
https://www.traveloka.com/id-id/user/review/consumption/HOTEL/GENERAL/240423,22,35,"Alhamdulillah menyenangkan menginap di Santika Bogor. Makanannya lumayan enak, kamarnya bersih, kolam renangnya juga bersih namun ada daun-daun kecil dari pohon dekat kolam. Mulai dari front office, security, house keeping ramah semua. Tidak bosan-bosan kalau ke kota-kota besar menginap di Santika.",Diulas 385 minggu lalu
https://www.traveloka.com/id-id/user/review/consumption/HOTEL/GENERAL/240423,22,36,"Hotel ini cukup bagus berada di pusat kota bogor, dekat dengan IPB dan masjid serta botani square, ada view gunung salak sepertinya. Cukup menyenangkan.",Diulas 385 minggu lalu
https://www.traveloka.com/id-id/user/review/consumption/HOTEL/GENERAL/240423,22,37,"Layanan ini luar biasa, saya memiliki waktu santai yang baik di sini. makanannya juga enak.",Diulas 385 minggu lalu
https://www.traveloka.com/id-id/user/review/consumption/HOTEL/GENERAL/240423,22,38,Lokasi dan kamar menyenangkan kamar bersih dan fas lengkap dekat kemana-mana.,Diulas 385 minggu lalu
https://www.traveloka.com/id-id/user/review/consumption/HOTEL/GENERAL/240423,22,39,"Sebenarnya petugas hotel ramah-ramah dan cepat tanggap pelayanan. Tapi sayang hotelnya banyak trouble. Baru check-in eh card doornya tidak berfungsi sempat error. WiFinya juga tidak lancar. Pintu kamar mandi kekunci sendiri dari dalam. Listrik di kamar tiba-tiba drop pas saya mau charge pake colokan yang biasa di pake lampu meja. Padahal saya menginapnya di kamar yang semalam 1 juta. Tolong ditingkatkan lagi deh ya fasilitas hotelnya, kalau breakfastnya lumayan variatif.",Diulas 385 minggu lalu
https://www.traveloka.com/id-id/user/review/consumption/HOTEL/GENERAL/240423,22,40,"Bagus hotelnya, semua bagus dan sempurna.",Diulas 385 minggu lalu
https://www.traveloka.com/id-id/user/review/consumption/HOTEL/GENERAL/240423,23,1,"Kamarnya bagus dan cukup besar, posisi kamar dekat dengan restoran dan kolam renang. Namun, lokasi parkir mobilnya yang agak susah karena satu lokasi dengan botani square.",Diulas 386 minggu lalu
https://www.traveloka.com/id-id/user/review/consumption/HOTEL/GENERAL/240423,23,2,"Kamar sesuai dengan deskripsi, relatif lebih luas dibanding hotel lain sekelasnya. Semua peralatan berfungsi baik (AC, air, listrik, lampu, bed, pintu, pemanas air). Staff cukup ramah, sekalipun ada 1 orang yg mestinya bisa lebih baik lagi. Point of improvement; - tampilan TV channel tdk bersih, terdistorsi - variasi menu sarapan - access card yang cuma 1, repot bila ada kegiatan terpisah.",Diulas 386 minggu lalu
https://www.traveloka.com/id-id/user/review/consumption/HOTEL/GENERAL/240423,23,3,"Kamarnya luas, kamar mandinya juga luas, satu-satunya yang kurang adalah toilet yang masih menggunakan sistem semprotan selang.",Diulas 386 minggu lalu
https://www.traveloka.com/id-id/user/review/consumption/HOTEL/GENERAL/240423,23,4,Sangat nyaman dan pelayanan sama memuaskan.,Diulas 386 minggu lalu
https://www.traveloka.com/id-id/user/review/consumption/HOTEL/GENERAL/240423,23,5,"Kamar bersih dan nyaman, pelayanan memuaskan, bersebelahan dengan mal sehingga mudah berbelanja atau mencari makan, serta dekat dengan kebun raya bogor, memuaskan. 😀",Diulas 386 minggu lalu
https://www.traveloka.com/id-id/user/review/consumption/HOTEL/GENERAL/240423,23,6,Menu makanan yang disajikan pada saat dinner dan breakfast kurang menarik dan cita rasa biasa saja.,Diulas 386 minggu lalu
https://www.traveloka.com/id-id/user/review/consumption/HOTEL/GENERAL/240423,23,7,"Plusnya: hotelnya nyaman, kamar luas, bersih, turun ke bawah sudah mal, breakfast lumayan bervariasi. Lokasi dekat ke sana sini. Minusnya: untuk ke depannya, mungkin Santika bisa memberi akses 2 kartu/kamar. Mengingat banyak yang pergi dengan keluarga pas anak dan suami di kamar, saya dan anak lainnya ke kolam renang/mal, untuk naik lagi kami harus ke lobby minta tolong kunci akses untuk ke lantai 9, untuk hal ini agak merepotkan karena jadi harus mondar-mandir. Kurang efisien. Sukses selalu untuk Santika Bogor. 🙏",Diulas 386 minggu lalu
https://www.traveloka.com/id-id/user/review/consumption/HOTEL/GENERAL/240423,23,8,Kamarnya luas dan view yang didapat sangat bagus.,Diulas 386 minggu lalu
https://www.traveloka.com/id-id/user/review/consumption/HOTEL/GENERAL/240423,23,9,Nyaman banget. Dekat dengan stasiun.,Diulas 386 minggu lalu
https://www.traveloka.com/id-id/user/review/consumption/HOTEL/GENERAL/240423,23,10,"Kamar hotel luas, kebersihannya terjaga. Ruangan kamar dan handuk harum dan tidak bau apek dan berasa nyaman, staf sangat ramah dan helpful, kolam renang oke lah. Breakfast juga variatif dan enak. Yang paling penting lokasinya sangat strategis dan ke mal tinggal lewat basement, sehingga mau jalan atau mau beli kebutuhan lain sangat gampang. Thanks Santika Bogor buat liburan keluarga saya menyenangkan.",Diulas 386 minggu lalu
https://www.traveloka.com/id-id/user/review/consumption/HOTEL/GENERAL/240423,23,11,"Kamar superior yang luas dan sesuai di foto. Ada akses dari lantai b langsung ke mal botani juga dengan akses keluar masuk pakai kartu kamar. Makanan enak dan beragam. Satu kamar hanya untuk 2 dewasa. 2 anak yang berusia di atas 5 tahun, dikenakan charge masing-masing 50 ribu per anak, but it's okay, umumnya memang begitu friendly staf. Untuk sholat ada masjid di belakang burger king di area mal, jadi lengkap semua.",Diulas 386 minggu lalu
https://www.traveloka.com/id-id/user/review/consumption/HOTEL/GENERAL/240423,23,12,"Untuk tempat sangat menyenangkan, kamarnya lumayan luas untuk ukuran superior, pelayanan ramah apalagi dengan pelayanan restoran baik dan cepat serta makanannya untuk rasa enak dan variatif. Bagian receptionis agar lebih ramah dan senyum kepada tamu walau ramai dan lelah ya. 😊",Diulas 386 minggu lalu
https://www.traveloka.com/id-id/user/review/consumption/HOTEL/GENERAL/240423,23,13,"Tempat yang bagus untuk menginap. Lokasi yang bagus. Dekat dengan mal, akses mudah ke transportasi. Pasti datang dan menginap di santika lagi.",Diulas 387 minggu lalu
https://www.traveloka.com/id-id/user/review/consumption/HOTEL/GENERAL/240423,23,14,Waktu check-in lama sekali. Saya baru bisa masuk jam 3:30pm dengan alasan kamar masih dibersihkan. Saya juga komplain dengan tempat parkir yang terbatas dan susah untuk parkir mobil karena terhalang dengan pengunjung mal.,Diulas 387 minggu lalu
https://www.traveloka.com/id-id/user/review/consumption/HOTEL/GENERAL/240423,23,15,"(+) -Lokasi strategis - Pelayanan berasa seperti bintang 5, semua pegawai menegur dgn sopan dan antusias - Kamar Superior bisa muat buat saya dan 3 org anak, ada sofa panjang yg bisa dipakai buat tidur. - Ada pintu akses langsung ke Botani Square. - Tambah additional Breakfast hanya 100rb nett (-) - Makanan sarapan kurang variasi (misal tidak ada sereal, pancake, wafel) berbeda dengan Santika yang lain. - Cek in lama, dari jam 2, saya kembali lagi jam 3 tapi kamar belum ready. - Wifi ribet karena harus masukkan login dan password",Diulas 387 minggu lalu
https://www.traveloka.com/id-id/user/review/consumption/HOTEL/GENERAL/240423,23,16,"Kamarnya luas, hanya perlu pembaruan agar lebih kekinian, Kekurangannya adalah parkir lobby yang sempit das harus dipindahkan lagi ke parkiran mal sehingga pada saat check-out untuk yang bawa barang banyak ribel, Lift juga kecil dan sempit sehingga pada saat high season antri kalau mau naik dan turun, restorannya juga kecil, breakfast antri nunggu kursi kosong.",Diulas 387 minggu lalu
https://www.traveloka.com/id-id/user/review/consumption/HOTEL/GENERAL/240423,23,17,"Kamar luas, cocok untuk liburan bersama keluarga, menu makanan kurang variatif, sangat disayangkan 2 anak kami dikenakan extra charge saat sarapan. Di hotel lain biasanya hanya 1, atau bahkan free of charge.",Diulas 387 minggu lalu
https://www.traveloka.com/id-id/user/review/consumption/HOTEL/GENERAL/240423,23,18,Kamar luas dengan tempat tidur sofa. Lokasi bagus Staf yang ramah.,Diulas 387 minggu lalu
https://www.traveloka.com/id-id/user/review/consumption/HOTEL/GENERAL/240423,23,19,"Lokasinya strategis, hotel dan kamarnya juga bagus, staf-stafnya ramah, antrian untuk makan pagi, diatur petugas dengan ramah, jadinya tamu tidak bingung cari kursi kosong, makanannya lumayan enak, dan lumayan bragam, ada yang minus sedikit, di tamu suka terdengar bunyi mesin, tidak tahu mesin apa, lumayan bising dan mengganggu. Untuk yang lainnya sudah bagus.",Diulas 387 minggu lalu
https://www.traveloka.com/id-id/user/review/consumption/HOTEL/GENERAL/240423,23,20,Hotel yang nyaman. pelayanannya ramah dan cepat. kamar hotel sesuai keinginan saya. Dan yang pasti dekat ke mal jadi tidak perlu pake kendaraan lagi. tidak perlu pake susah macet-macetan.,Diulas 388 minggu lalu
https://www.traveloka.com/id-id/user/review/consumption/HOTEL/GENERAL/240423,23,21,"Lokasi strategis, dekat dengan mesjid dan dari hotel bisa langsung akses ke mal botani square, kamarnya luas, bersih dan makanannya enak. Puas menginap disini.",Diulas 388 minggu lalu
https://www.traveloka.com/id-id/user/review/consumption/HOTEL/GENERAL/240423,23,22,Anda mendapatkan persis apa yang telah Anda bayar.,Diulas 388 minggu lalu
https://www.traveloka.com/id-id/user/review/consumption/HOTEL/GENERAL/240423,23,23,"Pengalaman saya menginap di hotel santika ini lumayan memuaskan, Cuma akses masuk ke hotel saja yang sedikit mengecewakan karena pintu masuk hotel gabung dengan mal jadi masuk parkiran antri panjang dengan antrian.",Diulas 388 minggu lalu
https://www.traveloka.com/id-id/user/review/consumption/HOTEL/GENERAL/240423,23,24,Hotel yang sangat bersih. Pelayanannya ramah. Makanannya enak-enak. Hotel yang sangat cocok untuk liburan keluarga.,Diulas 389 minggu lalu
https://www.traveloka.com/id-id/user/review/consumption/HOTEL/GENERAL/240423,23,25,tempat yang bagus dan pelayanan yang baik untuk semua tamu,Diulas 389 minggu lalu
https://www.traveloka.com/id-id/user/review/consumption/HOTEL/GENERAL/240423,23,26,Sejauh ini baik. Tempat yang nyaman.,Diulas 389 minggu lalu
https://www.traveloka.com/id-id/user/review/consumption/HOTEL/GENERAL/240423,23,27,"Hotel keluarga, tempat yang bagus, staf yang baik juga.",Diulas 389 minggu lalu
https://www.traveloka.com/id-id/user/review/consumption/HOTEL/GENERAL/240423,23,28,Tempat tidur tambahan sudah siap setelah 3 kali menelepon dan sedikit marah.,Diulas 390 minggu lalu
https://www.traveloka.com/id-id/user/review/consumption/HOTEL/GENERAL/240423,23,29,"Sebagai permulaan, resepsionis dan staf sangat baik. tetapi ketika Anda memasuki ruangan, baunya seperti asbak. Saya suka kamarnya, modern dan tidak terlalu kecil untuk hotel bintang 3. makanannya oke, di bawah standar tapi masih bisa diterima. kolam renang bagus dan bugar, karena ketika saya berenang di sana itu cukup penuh tetapi tidak terasa terlalu ramai.",Diulas 390 minggu lalu
https://www.traveloka.com/id-id/user/review/consumption/HOTEL/GENERAL/240423,23,30,"Semuanya baik, dekat mal. Jalan-jalan lebih cepat.",Diulas 390 minggu lalu
https://www.traveloka.com/id-id/user/review/consumption/HOTEL/GENERAL/240423,23,31,Kamar luas dan nyaman. Recommended untuk staycation.,Diulas 390 minggu lalu
https://www.traveloka.com/id-id/user/review/consumption/HOTEL/GENERAL/240423,23,32,"Bagus, bersih, sarapan oke, kamar luas.",Diulas 391 minggu lalu
https://www.traveloka.com/id-id/user/review/consumption/HOTEL/GENERAL/240423,23,33,"Bersih, segar, dan begitu dekat dengan pusat perbelanjaan, bangunan yang sama hanya turun ke ruang bawah tanah. Pandangan kamar saya ke kolam renang membuatnya menjadi hari yang menyenangkan. Terima kasih Santika Bogor 🤗",Diulas 391 minggu lalu
https://www.traveloka.com/id-id/user/review/consumption/HOTEL/GENERAL/240423,23,34,Staf menyenangkan. tidak terlalu over dalam memberikan pelayanan tapi tetap sopan.,Diulas 392 minggu lalu
https://www.traveloka.com/id-id/user/review/consumption/HOTEL/GENERAL/240423,23,35,"Pegawainya ramah dan baik, kamar bersih dan nyaman.",Diulas 392 minggu lalu
https://www.traveloka.com/id-id/user/review/consumption/HOTEL/GENERAL/240423,23,36,Lokasi pas di pusat kota dan satu lokasi dengan mal.,Diulas 392 minggu lalu
https://www.traveloka.com/id-id/user/review/consumption/HOTEL/GENERAL/240423,23,37,"Pengalaman saya menginap disini menyenangkan, kamar bersih dan luas, sarapannya enak dan menunya banyak variasinya, Bisa bolak-balik ke shopping mal karena jadi satu dengan mal Botani Square, kolam renangnya pun juga bersih. Hampir setiap tahun saya menginap disini dan saya sangat merekomendasikan hotel santika bogor ini.",Diulas 392 minggu lalu
https://www.traveloka.com/id-id/user/review/consumption/HOTEL/GENERAL/240423,23,38,"Kamar bersih pasti apa yang saya harapkan kamar suite besar, bagus dan nyaman seperti biasa, sarapan sangat luar biasa. Terima kasih.",Diulas 393 minggu lalu
https://www.traveloka.com/id-id/user/review/consumption/HOTEL/GENERAL/240423,23,39,Ini adalah kamar yang bagus dan layanan yang luar biasa.,Diulas 394 minggu lalu
https://www.traveloka.com/id-id/user/review/consumption/HOTEL/GENERAL/240423,23,40,"Hotel ini pas buat liburan keluarga, dekat dengan botani, seru menginap disini, makanannya juga enak.",Diulas 394 minggu lalu
https://www.traveloka.com/id-id/user/review/consumption/HOTEL/GENERAL/240423,24,1,"Sangat senang bermalam di sini, dekat dengan mal, sarana ibadah yang bagus. Dan yang penting pelayanan yang ramah. Mantap jiwa raga.",Diulas 394 minggu lalu
https://www.traveloka.com/id-id/user/review/consumption/HOTEL/GENERAL/240423,24,2,"Sumpah suka banget sama hotel santika ini. Bersih banget, wangi kamarnya, detail setiap kamar diperhatikan, kamar luas, ada sofa, best banget, apalagi ada pintu yang langsung terhubung dengan Mal Botani, jadi kalau mau ke mal gampang. Pokoknya suka sekali menginap disini. Thank you Traveloka dan Santika Hotel.",Diulas 396 minggu lalu
https://www.traveloka.com/id-id/user/review/consumption/HOTEL/GENERAL/240423,24,3,"Tempatnya strategis, dekat kebun raya, saparan paginya banyak pilihan.",Diulas 397 minggu lalu
https://www.traveloka.com/id-id/user/review/consumption/HOTEL/GENERAL/240423,24,4,"Kamar nyaman, lokasi dekat dengan mal, sarapannya enak. Disarankan untuk liburan keluarga.",Diulas 397 minggu lalu
https://www.traveloka.com/id-id/user/review/consumption/HOTEL/GENERAL/240423,24,5,"Yang menyenangkan dekat dengan semua akses, tetapi yang paling menyenangkan adalah ada masjid besar yang kita bisa ikut kajian didalamnya. makasih.",Diulas 399 minggu lalu
https://www.traveloka.com/id-id/user/review/consumption/HOTEL/GENERAL/240423,24,6,"Breakfastnya enak, kamarnya nyaman, bersih, dekat dengan shopping mal.",Diulas 400 minggu lalu
https://www.traveloka.com/id-id/user/review/consumption/HOTEL/GENERAL/240423,24,7,"Menyenangkan, kamar bersih. resepsionis ramah, semua permintaan dipenuhi. Terima kasih Traveloka dan hotel Santika. Semoga sukses selalu.",Diulas 401 minggu lalu
https://www.traveloka.com/id-id/user/review/consumption/HOTEL/GENERAL/240423,24,8,"Proses check-in cepat, kamar bersih, breakfast enak-enak semua dan yang pati tempel banget sama mal botanic square. Next kalau ke Bogor pasti menginap di sini lagi.",Diulas 402 minggu lalu
https://www.traveloka.com/id-id/user/review/consumption/HOTEL/GENERAL/240423,24,9,"Kamar luas, nyaman dan bersih. Kolam renang bersih. Breakfast sangat variasi dan enak. Layanan ramah. Lokasi sangat strategis",Diulas 403 minggu lalu
https://www.traveloka.com/id-id/user/review/consumption/HOTEL/GENERAL/240423,24,10,Nyaman dan ramah keluarga jam 5 ada free tea times plus snack seru deh bisa nonton asian games sabil tea time turun ke mal botani juga sangat mudah.,Diulas 404 minggu lalu
https://www.traveloka.com/id-id/user/review/consumption/HOTEL/GENERAL/240423,24,11,"Hotel yang perfect, pilihan terbaik di kota bogor, lokasi connecting mal, dekat masjid, dekat kampus, dekat pos damri, dekat kebun raya, dan lain-lain.",Diulas 404 minggu lalu
https://www.traveloka.com/id-id/user/review/consumption/HOTEL/GENERAL/240423,24,12,"Kami masuk pada pukul 1 siang tetapi tidak diizinkan untuk check in sampai sekitar 2:30 siang. Parkir adalah masalah besar, 2 dari 3 malam kami tinggal di sana tidak dapat menemukan banyak tunggal, dimengerti karena hotel ini di lokasi yang sama dengan mal. Beruntung bahwa hotel menyediakan layanan valet tanpa biaya.",Diulas 404 minggu lalu
https://www.traveloka.com/id-id/user/review/consumption/HOTEL/GENERAL/240423,24,13,"Hotelnya bersih, kamar luas dan makanannya banyak khas indo. Suka menginap disini lokasi juga lokasi karena bisa langsung ke botani square.",Diulas 405 minggu lalu
https://www.traveloka.com/id-id/user/review/consumption/HOTEL/GENERAL/240423,24,14,"Sejauh ini bagus. Saya suka hotel ini. Saya juga suka sarapannya, banyak pilihan makanan.",Diulas 405 minggu lalu
https://www.traveloka.com/id-id/user/review/consumption/HOTEL/GENERAL/240423,24,15,"Kamarnya cukup luas, banyak lampu masuk, yang sangat saya sukai. Stafnya sangat ramah dan membantu. Rasa sarapannya biasa saja.",Diulas 405 minggu lalu
https://www.traveloka.com/id-id/user/review/consumption/HOTEL/GENERAL/240423,24,16,"Saya meminta tempat tidur bayi, tetapi tempat tidurnya kotor dan tidak layak untuk bayi. Sarapan sangat ramai, dan kekurangan staf untuk membantu tamu.",Diulas 405 minggu lalu
https://www.traveloka.com/id-id/user/review/consumption/HOTEL/GENERAL/240423,24,17,"Proses check-in 2 jam lebih, sangat terlalu lama dan membuat anak-anak tidak nyaman.",Diulas 405 minggu lalu
https://www.traveloka.com/id-id/user/review/consumption/HOTEL/GENERAL/240423,24,18,"Posisi ada plus dan minusnya. Dekat dengan tol jagorawi jadi cepat aksesnya untuk yang dari jakarta. Lalu dekat dengan kebun raya bogor, cocok bagi yang mau jogging pagi pagi. Cuma karena posisinya agak di pinggiran, agak jauh untuk ke tempat tempat lagi populer.",Diulas 405 minggu lalu
https://www.traveloka.com/id-id/user/review/consumption/HOTEL/GENERAL/240423,24,19,"Letaknya strategis di pusat kota Bogor, sebelah mal botani square dan tugu kujang. Makanan banyak pilihannya, kamar nyaman dan staf hotel ramah semua.",Diulas 406 minggu lalu
https://www.traveloka.com/id-id/user/review/consumption/HOTEL/GENERAL/240423,24,20,"Suka kamar suite. Tempat tidur sangat nyaman meskipun ada tiga dari kami, termasuk anak berusia 9 tahun. Kamar mandinya agak bau. Saya pikir knalpotnya tidak bekerja dengan baik. AC juga agak rusak kurasa. Kipas itu sangat berisik. Secara keseluruhan, kami senang tinggal di sini. Makanannya cukup lezat. Dan jika Anda cukup bosan untuk tinggal di kamar, hotel terhubung ke mal. Tempat dan lokasi yang bagus!",Diulas 406 minggu lalu
https://www.traveloka.com/id-id/user/review/consumption/HOTEL/GENERAL/240423,24,21,"Lokasinya bagus, sama dengan gedung mal botani square. Sarapan standar, saya harus membayar 50 ribu untuk anak saya (6 tahun). Sayangnya cuaca sangat kencang di kolam renang lantai 3, itu tidak baik untuk berenang bagi anak-anak dalam kondisi dingin.",Diulas 407 minggu lalu
https://www.traveloka.com/id-id/user/review/consumption/HOTEL/GENERAL/240423,24,22,"Check-in yang lama, petugas receptionistnya juga keliatan panik dan kamar lama siapnya. Ukuran kasur single sangat kecil untuk ukuran hotel bintang 4 dengan rate kamar yang begitu mahal. Makanan kurang. Yang plus dari hotel ini cuma lokasi yang menyatu sama mal dan dekat sekali dengan tol.",Diulas 408 minggu lalu
https://www.traveloka.com/id-id/user/review/consumption/HOTEL/GENERAL/240423,24,23,ini adalah pengalaman menginap yang menyenangkan. hanya menginap selama 1 malam.,Diulas 408 minggu lalu
https://www.traveloka.com/id-id/user/review/consumption/HOTEL/GENERAL/240423,24,24,Saya akan kembali ke hotel ini ketika mengunjungi Bogor,Diulas 408 minggu lalu
https://www.traveloka.com/id-id/user/review/consumption/HOTEL/GENERAL/240423,24,25,Semuanya baik kecuali air kamar mandi sering sekali tergenang.,Diulas 408 minggu lalu
https://www.traveloka.com/id-id/user/review/consumption/HOTEL/GENERAL/240423,24,26,Mohon pakaian pengunjung saat di restoran diperhatikan jangan sampai mengurangi nafsu makan pengunjung lain. Kategori lain sudah oke.,Diulas 408 minggu lalu
https://www.traveloka.com/id-id/user/review/consumption/HOTEL/GENERAL/240423,24,27,"lokasi bagus dekat mal botani square, sarapannya bagus, bersih dan nyaman.",Diulas 409 minggu lalu
https://www.traveloka.com/id-id/user/review/consumption/HOTEL/GENERAL/240423,24,28,Lokasi oke tapi pelayanan kurang memuaskan karena kita sudah booking kamar minta yang double bed Ternyata dikasih 1 bed saja terus kita check-in jam 4 sore kamar masih belum ready menunggunya lama.,Diulas 410 minggu lalu
https://www.traveloka.com/id-id/user/review/consumption/HOTEL/GENERAL/240423,24,29,"Layanan buruk! Semoga Anda dapat mengevaluasi SOP Anda untuk check in check out. Banyak pelanggan yang menunggu ketersediaan kamar selama 4 jam hingga 5 jam.
Ex. Ketika saya check in dari jam 1 siang dan menunggu sampai jam 5.25 sore",Diulas 411 minggu lalu
https://www.traveloka.com/id-id/user/review/consumption/HOTEL/GENERAL/240423,24,30,Hanya sarapannya saja yang kurang memuaskan.,Diulas 411 minggu lalu
https://www.traveloka.com/id-id/user/review/consumption/HOTEL/GENERAL/240423,24,31,Terima kasih atas pelayanannya sangat menyenangkan.,Diulas 411 minggu lalu
https://www.traveloka.com/id-id/user/review/consumption/HOTEL/GENERAL/240423,24,32,"Hotelnya di tengah pusat kota Bogor satu lokasi dengan botani square. Untuk pelayanan ramah dan lumayan memuaskan. Kamar yang kami pesan cukup luas. Kamar mandi bersih dan cukup luas. Saluran chanel TV bagus. Cuma termos listrik tidak berfungsi. Makanan untuk sarapan sangat banyak macamnya ada jamu tradisional juga enak, rasa makanannya lumayan enak tapi untuk makanan yang kami pesan untuk dinner sedikit kecewa. Makan malam yang kami pesan nasi goreng tradisional bogor kurang enak nasinya keras, mie gorengnya biasa saja banyak minyaknya. Tapi soto ayamnya enak tapi nasinya keras kaya nasi kurang air dan belum matang. Kolam renangnya ada buat anak-anak dan dewasa dan airnya bersih tempat bersih dan nyaman buat santai.",Diulas 411 minggu lalu
https://www.traveloka.com/id-id/user/review/consumption/HOTEL/GENERAL/240423,24,33,"Tempat strategis, dekat dengan mal",Diulas 412 minggu lalu
https://www.traveloka.com/id-id/user/review/consumption/HOTEL/GENERAL/240423,24,34,Kamar suite sangat nyaman dan juga bersih. Kami akan kembali untuk tinggal di sini ketika pergi ke Bogor,Diulas 412 minggu lalu
https://www.traveloka.com/id-id/user/review/consumption/HOTEL/GENERAL/240423,24,35,Letaknya strategis banget. Nambung ke Botani Square. Oke deh.,Diulas 412 minggu lalu
https://www.traveloka.com/id-id/user/review/consumption/HOTEL/GENERAL/240423,24,36,Internet wifinya tidak bagus. Gagal koneksi. Tidak bisa browsing sama sekali walaupun itu hanya text whatsapp.,Diulas 413 minggu lalu
https://www.traveloka.com/id-id/user/review/consumption/HOTEL/GENERAL/240423,24,37,"Akses langsung ke mal botanical. Kamar cukup luas, breakfast antri tapi tertib. makanan bervariasi. Di area kolam renang tersedia penjualan mie rebus dan minuman hangat. hanya saja AC sepertinya suka bocor.",Diulas 413 minggu lalu
https://www.traveloka.com/id-id/user/review/consumption/HOTEL/GENERAL/240423,24,38,"Cukup memuaskan, kamar bersih, sarapan enak, pelayanan bagus.",Diulas 413 minggu lalu
https://www.traveloka.com/id-id/user/review/consumption/HOTEL/GENERAL/240423,24,39,"kamar luas, lokasi strategis, masjid, mall, kebun raya dekat sini .. tapi restoran penuh di musim liburan, jadi kami harus menunggu sebentar untuk sarapan.",Diulas 413 minggu lalu
https://www.traveloka.com/id-id/user/review/consumption/HOTEL/GENERAL/240423,24,40,"Bagus, strategis cocok untuk keluarga.",Diulas 413 minggu lalu
https://www.traveloka.com/id-id/user/review/consumption/HOTEL/GENERAL/240423,25,1,"Hotelnya bersih dan pelayannya ramah-ramah, welcome food and drinknya enak.",Diulas 413 minggu lalu
https://www.traveloka.com/id-id/user/review/consumption/HOTEL/GENERAL/240423,25,2,"Terlambat check-in, sarapan terlalu ramai tapi kamar nyaman sarapan enak",Diulas 413 minggu lalu
https://www.traveloka.com/id-id/user/review/consumption/HOTEL/GENERAL/240423,25,3,Service memuaskan dan staf semuanya ramah melayani walaupun sedang sibuk karena banyak pengunjung yang datang.,Diulas 413 minggu lalu
https://www.traveloka.com/id-id/user/review/consumption/HOTEL/GENERAL/240423,25,4,"Kamar nyaman, makanan oke cuma terlalu banyak makanan indonya, dessertnya tidak ada yang cake or pudding, senang sekali bisa menginap di Santika Bogor. Hanya saja kamar mandinya terlalu becek, untuk fasilitas yang lain baik sekali.",Diulas 413 minggu lalu
https://www.traveloka.com/id-id/user/review/consumption/HOTEL/GENERAL/240423,25,5,Kamar hotel bersih dan nyaman. Makanan pada saat sarapan enak.,Diulas 413 minggu lalu
https://www.traveloka.com/id-id/user/review/consumption/HOTEL/GENERAL/240423,25,6,"Kamar luas, perabotan lengkap ada kulkas juga. Lemari luas. Cuma pada saat check-in, Kamarnya siap agak lama sampai saya lupa diberitahu lagi dan sampai saya sendiri yang tanya lagi ke receptionist. Kolam renangnya bagus, ramah anak, tidak dalam. Sarapan bagus. lengkap dan variatif dan enak. Thanks.",Diulas 413 minggu lalu
https://www.traveloka.com/id-id/user/review/consumption/HOTEL/GENERAL/240423,25,7,"Kami satisfy overall. Namun harus ada peningkatan layanan mengenai kenyamanan di dalam kamar. Saat itu kamar kami di 616, Suara langkah orang (berjalan dan berlarian) atau geser-geser kursi di lantai atas sangat mengganggu ketenangan beristirahat. Semoga pemangku jabatan dan owner santika grup menanggapi perihal ini.",Diulas 413 minggu lalu
https://www.traveloka.com/id-id/user/review/consumption/HOTEL/GENERAL/240423,25,8,"Stay in deluxe room for 2 nights 1, katanya lagi nunggu reset new kartu kunci kamar saja, Tapi kok butuh waktu 20 menit berdiri di depan resepsionis (pegal juga berdiri, mau duduk kursi penuh) 2. Saat naik ke room, Lift tamu hanya 1 yang beroperasi. 3. perlu tambahan penyekat/tirai untuk pemisah kamar mandi/shower dengan toilet dan wastafel, supaya air tidak keciprat kluar dari ruangan shower ke ruangan toilet/wastafel. 4. ubin lantai kamar mandinya licin, selalu extra hati-hati spy tidak jatuh.",Diulas 414 minggu lalu
https://www.traveloka.com/id-id/user/review/consumption/HOTEL/GENERAL/240423,25,9,"Bagus bersih dan nyaman, akses mudah.",Diulas 414 minggu lalu
https://www.traveloka.com/id-id/user/review/consumption/HOTEL/GENERAL/240423,25,10,Kalau dibandingkan dengan hotel lain. Saya rasa ini yang paling kurang. Hanya saja askes sangat mudah ke mal terdekat.,Diulas 414 minggu lalu
https://www.traveloka.com/id-id/user/review/consumption/HOTEL/GENERAL/240423,25,11,Kamar bau. drain pembuangan air dikamar mandi tidak lancar sehingga air mudah tergenang. Bantal agak bau.,Diulas 414 minggu lalu
https://www.traveloka.com/id-id/user/review/consumption/HOTEL/GENERAL/240423,25,12,"Kecewa, tidak seindah yang di gambar. lantai hotel dan kamar tidak pakai karpet seperti hotel melati. Lift mati",Diulas 414 minggu lalu
https://www.traveloka.com/id-id/user/review/consumption/HOTEL/GENERAL/240423,25,13,"Hebat tapi tidak makanan. Ketika kami tiba di hotel pukul 15.30, mereka meminta kami untuk menunggu di lounge sementara beberapa setelah kami mendapatkan kunci kamar segera. Alasannya, ruangan itu masih dibersihkan. Setelah pukul 14.00?
Kamar, keramahannya bagus.
Sarapan selama dua hari ada dalam daftar tunggu. Makanannya tidak terlalu menghibur, beberapa dengan rasa asam, kacang hijau? Makan malam adalah menu pengulangan dari pagi dengan opsi terbatas dan harga lebih tinggi.
Juga Layanan Pembantu perlu ditingkatkan.",Diulas 414 minggu lalu
https://www.traveloka.com/id-id/user/review/consumption/HOTEL/GENERAL/240423,25,14,"Pelayanan sangat memuaskan, ada akses langsung ke botani jadi gampang kalau mau nongkrong",Diulas 414 minggu lalu
https://www.traveloka.com/id-id/user/review/consumption/HOTEL/GENERAL/240423,25,15,Pesan dua kamar tidak sesuai pesanan. Dapat 1 kamar yang smoking room sehingga sangat tidak nyaman. Kasurnya juga ada yang tidak sesuai dengan note yang sudah diberikan pada saat pemesanan. Extra bed yang diminta juga tidak ada. Untuk breakfast rasa makanannya enak.,Diulas 414 minggu lalu
https://www.traveloka.com/id-id/user/review/consumption/HOTEL/GENERAL/240423,25,16,"Tidak ada sampo dll di kamar mandi.
Tidak mengganti handuk saat membersihkan kamar.
Satu dari 2 lift sedang dalam perbaikan.",Diulas 414 minggu lalu
https://www.traveloka.com/id-id/user/review/consumption/HOTEL/GENERAL/240423,25,17,"Cukup memuaskan. tapi kolam renangnya terlalu kecil, dan kunci untuk masuk kamar sempat tidak bisa berkali-kali, untuk sarapan banyak variasinya, Enaknya dekat mal jadi bisa mondar mandir ke mal",Diulas 414 minggu lalu
https://www.traveloka.com/id-id/user/review/consumption/HOTEL/GENERAL/240423,25,18,"Lokasi yang baik, dekat shopping centre dan pool bus Damri ke Bandara.",Diulas 414 minggu lalu
https://www.traveloka.com/id-id/user/review/consumption/HOTEL/GENERAL/240423,25,19,"Kita datang pukul 15.00, tetapi kamar belum tersedia, lift hanya ada 2 and kecil, itupun yang satu tidak dapat digunakan, sarapan harus waiting list. Seharusnya sudah bisa memperhitungkan kapasitasnya, jadi mulai tiba sudah bikin bete",Diulas 414 minggu lalu
https://www.traveloka.com/id-id/user/review/consumption/HOTEL/GENERAL/240423,25,20,"Hotel sempurna, bersih, terhubung dengan Botani Square Mall.",Diulas 414 minggu lalu
https://www.traveloka.com/id-id/user/review/consumption/HOTEL/GENERAL/240423,25,21,"Staffnya ramah, makanannya enak, berdampingan dengan mal botani jadi cari makan gampang, akan kembali kesini kalau liburan di bogor lagi. Terima kasih.",Diulas 414 minggu lalu
https://www.traveloka.com/id-id/user/review/consumption/HOTEL/GENERAL/240423,25,22,"Hotel bagus, bersih, ada yang terhubung ke mal, strategis.",Diulas 414 minggu lalu
https://www.traveloka.com/id-id/user/review/consumption/HOTEL/GENERAL/240423,25,23,gym dan kolam renang sangat bagus untuk kebugaran dan bersantai,Diulas 415 minggu lalu
https://www.traveloka.com/id-id/user/review/consumption/HOTEL/GENERAL/240423,25,24,"Staf hotelnya super ramah and kolam renangnya bersih, menyenangkan sekali.",Diulas 415 minggu lalu
https://www.traveloka.com/id-id/user/review/consumption/HOTEL/GENERAL/240423,25,25,"Very recommended. pelayanan, kebersihan, lokasi dan kenyamanan sangat memuaskan.",Diulas 415 minggu lalu
https://www.traveloka.com/id-id/user/review/consumption/HOTEL/GENERAL/240423,25,26,Tempat strategis. Makanan standar. Kolam renang standar. Cuma nilai plusnya dempat sama mal botani. Jadi mau belanja tinggal jalan saja. Cuma tempat parkir agak susah karena bergabung sama mal. Sebaiknya pakai parkir valet hotel saja.,Diulas 415 minggu lalu
https://www.traveloka.com/id-id/user/review/consumption/HOTEL/GENERAL/240423,25,27,Pelayanan lebih diperhatikan lagi khususnya di restoran pada sarapan pagi.,Diulas 416 minggu lalu
https://www.traveloka.com/id-id/user/review/consumption/HOTEL/GENERAL/240423,25,28,"Pengalaman menginap yang menyenangkan, penuh keramahan, dan hidangan sarapan yang sesuai dengan selera Anda.",Diulas 416 minggu lalu
https://www.traveloka.com/id-id/user/review/consumption/HOTEL/GENERAL/240423,25,29,"Hotel yang bagus, kamar luas dan bersih, lokasi sangat strategis, layanan ramah, makanan enak. Harganya lumayan mahal. Sukses buat Santika",Diulas 416 minggu lalu
https://www.traveloka.com/id-id/user/review/consumption/HOTEL/GENERAL/240423,25,30,Makanannya kuran enak dan kurang variasi.,Diulas 416 minggu lalu
https://www.traveloka.com/id-id/user/review/consumption/HOTEL/GENERAL/240423,25,31,Lokasi parkir mobil terlalu jauh dari pintu hotel.,Diulas 416 minggu lalu
https://www.traveloka.com/id-id/user/review/consumption/HOTEL/GENERAL/240423,25,32,Kamar baik &amp; bersih tapi lokasi lobi yang aneh,Diulas 417 minggu lalu
https://www.traveloka.com/id-id/user/review/consumption/HOTEL/GENERAL/240423,25,33,Untuk parkir cukup jauh dan tidak praktis.,Diulas 417 minggu lalu
https://www.traveloka.com/id-id/user/review/consumption/HOTEL/GENERAL/240423,25,34,"Bersih, nyaman, staf hotel ramah, dekat banget sama Botanic Square. Hanya sedikit terganggu dengan suara tamu hotel disebelah kamar saya.",Diulas 417 minggu lalu
https://www.traveloka.com/id-id/user/review/consumption/HOTEL/GENERAL/240423,25,35,"Kamar dan toiletnya bersih, makanan variatif mulai dari nasional sampai internasional (saya suka menu ikan saos madu, Semua pelayan ramah dan ada akses langsung ke Mal Botani Square. Namun sayang. di toilet ada genangan air di bawah pancuran shower, Tidak ada hair dryer dan tidak ada laundry express. Untuk laundry hanya terima sampai jam 8 pagi dan selesai jam 7 malam.",Diulas 418 minggu lalu
https://www.traveloka.com/id-id/user/review/consumption/HOTEL/GENERAL/240423,25,36,Semuanya baik-baik saja tetapi sarapan rasanya tidak enak 😢,Diulas 418 minggu lalu
https://www.traveloka.com/id-id/user/review/consumption/HOTEL/GENERAL/240423,25,37,"Posisi strategis karena terletak di pusat kota Bogor, akses ke Kebun Raya Bogor dan Botany Square sangat mudah. Tetapi untuk makanan kurang variatif untuk menu utama, dessertnya juga kurang beragam. Walau rasanya enak-enak.",Diulas 418 minggu lalu
https://www.traveloka.com/id-id/user/review/consumption/HOTEL/GENERAL/240423,25,38,"Ini adalah hotel yang sangat direkomendasikan untuk perjalanan bisnis dan liburan. Dikelilingi oleh pemandangan indah kota Bogor dengan taman yang indah itu sendiri, terutama di kolam renang lantai 3. Lokasi di Botanic Square, pusat perbelanjaan, jadi mudah untuk menemukan apa pun yang Anda butuhkan. Hanya membutuhkan waktu satu jam dari bandara Halim Perdanakusuma dalam waktu reguler, tetapi jika Anda ingin pergi dari hotel ke Halim diperlukan sekitar 3-4 jam sebelum karena kemacetan di jalan raya. Sarapannya cukup lezat dengan banyak variasi.",Diulas 418 minggu lalu
https://www.traveloka.com/id-id/user/review/consumption/HOTEL/GENERAL/240423,25,39,"Pendingin udara bocor, lift rusak selama kami tinggal, meskipun layanan hotelnya bagus, dan stafnya sangat ramah",Diulas 419 minggu lalu
https://www.traveloka.com/id-id/user/review/consumption/HOTEL/GENERAL/240423,25,40,"Pelayanan bagus, hotelnya pun nyaman, mantap!",Diulas 420 minggu lalu
https://www.traveloka.com/id-id/user/review/consumption/HOTEL/GENERAL/240423,26,1,"Waktu check-in adalah 14:00 dan kami tiba di sana sekitar 15:30, kamar tidak siap. Harus menunggu lebih dari 30 menit. Kamar kami adalah executive deluxe di lantai paling atas. Interior minimalis tetapi ruangan luas dan bersih. Tidak ada bel pintu dan kami harus mendengar suara keras menggedor dan mengetuk dari kamar lain. Hotel ini menyajikan teh dan makanan ringan sore di lantai 10 &amp; lobi. Kolam itu bersih tapi tidak besar. Menu sarapan bervariasi tetapi pasti perlu perbaikan untuk rasanya.",Diulas 420 minggu lalu
https://www.traveloka.com/id-id/user/review/consumption/HOTEL/GENERAL/240423,26,2,"Lokasi yang sangat strategis, pegawai ramah, kamar hotel bersih dan sarapannya recommended, next balik lagi ya",Diulas 420 minggu lalu
https://www.traveloka.com/id-id/user/review/consumption/HOTEL/GENERAL/240423,26,3,"Santika recommended deh, ramah, bersih, sarapannya juga oke",Diulas 420 minggu lalu
https://www.traveloka.com/id-id/user/review/consumption/HOTEL/GENERAL/240423,26,4,"Overal good, tapi ada hal yang mengecewakan... ketika saya mau extend, dipersulit bahkan dibilang kamar sudah full, padahal status saya belum check-out. Mohon bisa diperbaiki lagi kedepannya.",Diulas 421 minggu lalu
https://www.traveloka.com/id-id/user/review/consumption/HOTEL/GENERAL/240423,26,5,"Bersih, satu lokasi dengan mal, dekat Damri bandara.",Diulas 421 minggu lalu
https://www.traveloka.com/id-id/user/review/consumption/HOTEL/GENERAL/240423,26,6,Tempat strategis karena bisa langsung menuju Botani Mal.,Diulas 422 minggu lalu
https://www.traveloka.com/id-id/user/review/consumption/HOTEL/GENERAL/240423,26,7,"Semuanya bagus, hanya pada saat check in petugas reception lama, kami harus tunggu hingga 1 jam.",Diulas 422 minggu lalu
https://www.traveloka.com/id-id/user/review/consumption/HOTEL/GENERAL/240423,26,8,"Hotelnya nyaman, strategis, dekat kebun raya, halte damri, pusat kota, dan dekat dari tol.",Diulas 422 minggu lalu
https://www.traveloka.com/id-id/user/review/consumption/HOTEL/GENERAL/240423,26,9,"hebat, merasa nyaman tinggal di sini",Diulas 422 minggu lalu
https://www.traveloka.com/id-id/user/review/consumption/HOTEL/GENERAL/240423,26,10,"tempat yang bagus karena terletak di samping pusat perbelanjaan. kamar kecil tapi bersih, perlu renovasi. lift juga kecil. tapi kolam renangnya bagus. lebih baik tinggal di sini di hari kerja karena tidak terlalu ramai. stafnya bagus.",Diulas 423 minggu lalu
https://www.traveloka.com/id-id/user/review/consumption/HOTEL/GENERAL/240423,26,11,Makanan nusantara dan pelayanan yang baik,Diulas 423 minggu lalu
https://www.traveloka.com/id-id/user/review/consumption/HOTEL/GENERAL/240423,26,12,"Dekat dengan masjid alumni ipb, sayangnya waktu check in kurang flexible hrs menunggu jam 14.00 baru bisa masuk kamar (walaupun jam 11.00 sdh ada kamar yang kosong)",Diulas 424 minggu lalu
https://www.traveloka.com/id-id/user/review/consumption/HOTEL/GENERAL/240423,26,13,"Kamar bersih, layanan bagus, sarapan yang baik, dan lokasi di sebelah stasiun bus",Diulas 424 minggu lalu
https://www.traveloka.com/id-id/user/review/consumption/HOTEL/GENERAL/240423,26,14,"pengalaman baik, selamat tinggal di santika.",Diulas 424 minggu lalu
https://www.traveloka.com/id-id/user/review/consumption/HOTEL/GENERAL/240423,26,15,"Memuaskan, kamarnya lega, mini bar-nya gratis, tempatnya strategis, makanannya juga banyak variasi. So far sesuai harapan.",Diulas 424 minggu lalu
https://www.traveloka.com/id-id/user/review/consumption/HOTEL/GENERAL/240423,26,16,Staf restoran memperlakukan kami dengan sangat buruk dan membuat kami tidak nyaman dan manajer hotel telah meminta maaf dan berjanji untuk mengirimi kami surat konseling tetapi sampai sekarang kami belum menerima,Diulas 425 minggu lalu
https://www.traveloka.com/id-id/user/review/consumption/HOTEL/GENERAL/240423,26,17,"hotel yang bagus dan tempat yang bagus,
dekat mal",Diulas 425 minggu lalu
https://www.traveloka.com/id-id/user/review/consumption/HOTEL/GENERAL/240423,26,18,Karena long weekend tamu membludak dan terdapat waiting list di restoran.,Diulas 425 minggu lalu
https://www.traveloka.com/id-id/user/review/consumption/HOTEL/GENERAL/240423,26,19,Kamar ok layanan kamar miskin sarapan kualitas makanan ok,Diulas 425 minggu lalu
https://www.traveloka.com/id-id/user/review/consumption/HOTEL/GENERAL/240423,26,20,"Lokasi strategis dekat kemana-mana, dan pas ada mallnya juga jd enak. Kebersihan kamar, makanan, staff semua ok. Tapi mungkin harus diperhatikan pesanan kamar dr customer (request kamar non smoking tp dikasih yg smoking room), untungnya kamar tidak bau",Diulas 425 minggu lalu
https://www.traveloka.com/id-id/user/review/consumption/HOTEL/GENERAL/240423,26,21,Kolam renangnya aman untuk anak-anak,Diulas 425 minggu lalu
https://www.traveloka.com/id-id/user/review/consumption/HOTEL/GENERAL/240423,26,22,"Tempatnya strategis, nyaman, bersih.",Diulas 425 minggu lalu
https://www.traveloka.com/id-id/user/review/consumption/HOTEL/GENERAL/240423,26,23,"pengalaman terburuk. ketika Anda membayar hampir 1 juta per malam, Anda mengharapkan untuk mendapatkan makanan enak. kamarnya biasa saja, tapi kupikir makanannya akan luar biasa, seperti hotel santika lainnya. tapi saya terkejut ketika saya memasuki restoran, lantainya kotor dan tidak ada yang mengepelnya, saya perlu meminta pelayan untuk membersihkan meja saya dan dia tidak menawarkan saya kopi. semua jus hilang, dan makanan hanya tersisa. Pengalaman terburuk yang pernah ada. Saya telah ke hotel lain dengan kelas yang sama meskipun hotel penuh tetapi mereka masih bisa mengisi makanan! Selamat tinggal Santika, tidak akan pernah pergi ke hotel ini lagi.",Diulas 425 minggu lalu
https://www.traveloka.com/id-id/user/review/consumption/HOTEL/GENERAL/240423,26,24,"overal kamar yg luas dekar dengan mall tapi sarapan kurang menarik thanks,,",Diulas 425 minggu lalu
https://www.traveloka.com/id-id/user/review/consumption/HOTEL/GENERAL/240423,26,25,"Selalu membuat nyaman, lokasinya strategis.",Diulas 425 minggu lalu
https://www.traveloka.com/id-id/user/review/consumption/HOTEL/GENERAL/240423,26,26,Hotel Santika terletak di pusat perbelanjaan dengan akses mudah ke transportasi umum.,Diulas 426 minggu lalu
https://www.traveloka.com/id-id/user/review/consumption/HOTEL/GENERAL/240423,26,27,Hampir di pastikan setiap menginap di Bogor kami sekeluarga menginap di sini,Diulas 426 minggu lalu
https://www.traveloka.com/id-id/user/review/consumption/HOTEL/GENERAL/240423,26,28,"Kamar enak dan lumayan luas untuk hotel kelas bintang 3, lumayan kedap suara dengan kamar sebelah, pelayanannya baik, hanya ada kekurangan (lantai di bagian shower sangat licin waktu mandi Tidak ada pegangan sama sekali waktu pakai sabun) jadi selalu was-was kalau mau Mandi, Tidak ada lemari es kecil. Makanan biasa saja, tidak ada yang istimewa. Overall oke.",Diulas 426 minggu lalu
https://www.traveloka.com/id-id/user/review/consumption/HOTEL/GENERAL/240423,26,29,Saya sangat menikmati saya menginap di sini. hotel yang direkomendasikan.,Diulas 426 minggu lalu
https://www.traveloka.com/id-id/user/review/consumption/HOTEL/GENERAL/240423,26,30,"Tempat menginap yang oke, dekat dengan bis damri ke bandara sama mal botani. Cari makan gampang. Internet cepat, sarapan pagi banyak pilihan.",Diulas 426 minggu lalu
https://www.traveloka.com/id-id/user/review/consumption/HOTEL/GENERAL/240423,26,31,Bagus pelayanannya nyaman dan strategis lokasinya.,Diulas 426 minggu lalu
https://www.traveloka.com/id-id/user/review/consumption/HOTEL/GENERAL/240423,26,32,kamar luas. untuk yg superior aja disediain kulkas. bersih. nyaman. petugasnya ramah-ramah dan sigap melayani.,Diulas 426 minggu lalu
https://www.traveloka.com/id-id/user/review/consumption/HOTEL/GENERAL/240423,26,33,"Kecewa, terlambat check-in tetapi kamar belum siap.
Di malam hari, lobi itu menyeramkan.
Kamarnya tidak cukup kedap suara.
Tapi, untungnya sarapannya enak.",Diulas 426 minggu lalu
https://www.traveloka.com/id-id/user/review/consumption/HOTEL/GENERAL/240423,26,34,"Hotel bersih, kamar agak kecil tapi lumayan lah.",Diulas 426 minggu lalu
https://www.traveloka.com/id-id/user/review/consumption/HOTEL/GENERAL/240423,26,35,"Semuanya ok tapi untuk varian menu sarapan, itu tidak begitu banyak",Diulas 427 minggu lalu
https://www.traveloka.com/id-id/user/review/consumption/HOTEL/GENERAL/240423,26,36,"Sudah jadi langganan setiap perjalanan ke Bogor karena lokasi strategis, pelayanan yang ramah dan breakfastnya luar biasa enak.",Diulas 427 minggu lalu
https://www.traveloka.com/id-id/user/review/consumption/HOTEL/GENERAL/240423,26,37,Egk tau knp saya sulit sekali tdr di hotel ini. Bantalnya bikin skt kepala. Anak saya jg rewel sekali. Utk hotel sekelas ini kmr mandinya pun biasa sekali. Padahal saya psn executive room. Air nya menggenang. Makanan nya jg biasa aja. Staf nya ramah. Hny 1 org yg tdk ramah. Tp dr 1 org itu bs merusak semua penilaian.,Diulas 428 minggu lalu
https://www.traveloka.com/id-id/user/review/consumption/HOTEL/GENERAL/240423,26,38,Nyaman dan tenang serta menyenangkan,Diulas 430 minggu lalu
https://www.traveloka.com/id-id/user/review/consumption/HOTEL/GENERAL/240423,26,39,"Pelayanan ramah, bersih, menu sarapan cukup variatif.",Diulas 430 minggu lalu
https://www.traveloka.com/id-id/user/review/consumption/HOTEL/GENERAL/240423,26,40,"Salah satubhotel terbaik di kota Bogor. Tempatnya strategis, dekat dengan Kebun Raya Bogor, menyatu dengan Mall Botani Square dan dikelilingi pusat kuliner enak. Best Recomend.",Diulas 430 minggu lalu
https://www.traveloka.com/id-id/user/review/consumption/HOTEL/GENERAL/240423,27,1,"Kami memesan junior suite tapi akhirnya upgrade ke presidential suite gratis, strategis dan berlokasi - dekat dengan tol bogor, taman botani, pusat konvensi dan pusat perbelanjaan.",Diulas 430 minggu lalu
https://www.traveloka.com/id-id/user/review/consumption/HOTEL/GENERAL/240423,27,2,"Lokasi strategis, kamar tidur dan kamar mandi bersih, makan pagi cukup enak dan petugas security sangat membantu mengarahkan kendaraan kami ke tempat parkir khusus hotel.",Diulas 430 minggu lalu
https://www.traveloka.com/id-id/user/review/consumption/HOTEL/GENERAL/240423,27,3,Secara keseluruhan bagus tapi perlu diperhatikan saat sarapan pagi air minum habis tapi tidak segera diisi kembali.,Diulas 431 minggu lalu
https://www.traveloka.com/id-id/user/review/consumption/HOTEL/GENERAL/240423,27,4,"Liburan liburan, banyak orang memesan hotel ini, sarapan yang baik tapi tidak ada staf yang membantu membersihkan meja. Kemacetan lalu lintas ke mal atau mal luar.",Diulas 431 minggu lalu
https://www.traveloka.com/id-id/user/review/consumption/HOTEL/GENERAL/240423,27,5,Lokasi strategis di botani square tapi perlengkapan kamar seperti hair dryer dan minibar tidak tersedia di kamar harus request dulu,Diulas 432 minggu lalu
https://www.traveloka.com/id-id/user/review/consumption/HOTEL/GENERAL/240423,27,6,Kondisi sangat bagus dan bersih,Diulas 432 minggu lalu
https://www.traveloka.com/id-id/user/review/consumption/HOTEL/GENERAL/240423,27,7,"Pelayanan cepat, meskipun tower sudah kliatan tua, strategis karena sebelah mall. Toilet licin, mungkin jarang dibersihkan. Tidak ada penutup ditempat mandi  atau shower jadi kalau mandi basah semua.",Diulas 432 minggu lalu
https://www.traveloka.com/id-id/user/review/consumption/HOTEL/GENERAL/240423,27,8,"Sesuai dengan harga, bersih, ramah, makan pagi berlimpah.",Diulas 433 minggu lalu
https://www.traveloka.com/id-id/user/review/consumption/HOTEL/GENERAL/240423,27,9,"Recommended buat liburan keluarga,lokasi strategis",Diulas 433 minggu lalu
https://www.traveloka.com/id-id/user/review/consumption/HOTEL/GENERAL/240423,27,10,"Lokasi ok, breakfast ok, ada mall di bawah hotel cuma sayangnya jadi susah cari parkir apalagi pas weekend, saya sudah request kamar non smoking tapi tidak tau kenapa saya dapat kamar yang berbau rokok.",Diulas 433 minggu lalu
https://www.traveloka.com/id-id/user/review/consumption/HOTEL/GENERAL/240423,27,11,Pelayanan bagus. Lokasi bagus. Luar biasa.,Diulas 434 minggu lalu
https://www.traveloka.com/id-id/user/review/consumption/HOTEL/GENERAL/240423,27,12,"Selama ini saya biasa menginap di hotel santika bogor untuk urusan meeting kantor untuk beberapa hari dan kebetulan awal tahun januari 2018 kemarin saya bersama keluarga (dan 3 anak) liburan akhir tahun menginap di hotel santika bogor selama 3 hari 2 malam (kebetulan kami sekeluarga travelling ke berbagai kota). Hotel ini lumayan bagus untuk menginap bersama keluarga karena ada water heater, menjadi satu dengan mall (botani square), ada kolam renang, dekat jalan tol, terletak di pinggir jalan besar (jl pajajaran), dekat tempat tempat kuliner dan kafe kafe tempat nongkrong di bogor, bisa nonton ke bioskop di mall, dekat factory outlet di sepanjang jalan pajajaran dan dekat ke kebun raya bogor. Kelebihan lainnya adalah sebagaimana hotel santika yang sudah terkenal dengan makanan makanan restorannya yang beragam, enak dan menyajikan aneka makanan nusantara selera lokal (selain internasional). Kekurangan nya adalah tidak ada petugas khusus di kolam renang sehingga tidak bisa dapat handuk khusus kolam renang (sehingga bawa handuk dari kamar), tidak ada taman dan tempat bermain anak. Secara khusus hotel ini worth it untuk liburan bersama keluarga karena lokasinya dan makanannya. Salam.",Diulas 435 minggu lalu
https://www.traveloka.com/id-id/user/review/consumption/HOTEL/GENERAL/240423,27,13,"Kemaren mendadak baru booking via online karena anak-anak pengen liburan singkat, karena lokasinya di lingkungan mall botani square, jadi seru, kita bisa jalan-jalan belanja nonton dan lain-lain sampai jam tutup mall, habis itu balik ke kamar terus tidur,  anak-anak senang banget.",Diulas 435 minggu lalu
https://www.traveloka.com/id-id/user/review/consumption/HOTEL/GENERAL/240423,27,14,"Para staff ramah, pelayanan cepat, untuk fasilitas standart aja sesuai dengan hotel setaraf.",Diulas 435 minggu lalu
https://www.traveloka.com/id-id/user/review/consumption/HOTEL/GENERAL/240423,27,15,"Lokasi strategis, sarapan nya bervariasi dan enak.",Diulas 436 minggu lalu
https://www.traveloka.com/id-id/user/review/consumption/HOTEL/GENERAL/240423,27,16,Sarapan paginya tidak terlalu lengkap.,Diulas 436 minggu lalu
https://www.traveloka.com/id-id/user/review/consumption/HOTEL/GENERAL/240423,27,17,Kamar bersih dan pelayanannya bagus. Makannya masih bisa ditingkatkan.,Diulas 436 minggu lalu
https://www.traveloka.com/id-id/user/review/consumption/HOTEL/GENERAL/240423,27,18,"Lokasi strategis dekat tol, untuk sarapan sangat variatif, kamar bersih, cuma untuk parkir kendaraan lumayan ribet, kebetulan pada saat kesana tidak ada yang jaga untuk parkir khusus tamu hotelnya, parkiran mall sangat sulit petunjuk tidak jelas. Harus tanya di front desk untuk lokasi parkir. Jangan lupa stempel karcis parkir di front desk.",Diulas 437 minggu lalu
https://www.traveloka.com/id-id/user/review/consumption/HOTEL/GENERAL/240423,27,19,"Lumayan, walaupun masalah pada awal check in. permintaan kamar tanpa asap rokok, malah dikasih kamar merokok. Alasan karena dapat bookingan online terlambat padahal saya booking sejak Sep 17, sedangkan booking saya di Okt 17 bisa dapat kamar non smoking. saya berdebat dengan resepsionis hampir 1 jam dan resepsionis tetap ngeyel. Akhirnya setelah saya ngotot juga (hampir 1 jam tsb), diberikan kamar non smoking. Kesel dan capek! Sarapan cukup banyak variasi, tapi sulit mendapat tempat duduk karena ramai tamu dan restonya termasuk kecil. Gelas dan sendok sering kehabisan dan lama sekali di refill. yang lain lumayan.",Diulas 437 minggu lalu
https://www.traveloka.com/id-id/user/review/consumption/HOTEL/GENERAL/240423,27,20,"Suka kebersihan kamar dan hotel. Sayangnya, saya tidak tahu bahwa tipe kamar terendah tidak memiliki pengering rambut dan lemari es. Kotak shower tidak memiliki pintu. Itu membuat area lemari air berceceran dan agak licin. Pokoknya lokasinya sangat dekat dengan mall.",Diulas 437 minggu lalu
https://www.traveloka.com/id-id/user/review/consumption/HOTEL/GENERAL/240423,27,21,Ruangan itu besar. sedikit perbaikan untuk sarapan pagi. pada hari pertamaku tinggal sarapan sangat berantakan Meja tidak diatur dengan baik dan prasmanan adalah bencana banyak tempat kosong. tapi staf sangat ramah,Diulas 437 minggu lalu
https://www.traveloka.com/id-id/user/review/consumption/HOTEL/GENERAL/240423,27,22,Hotel yang strategis karena berada satu kawasan dengan Mall Botani,Diulas 437 minggu lalu
https://www.traveloka.com/id-id/user/review/consumption/HOTEL/GENERAL/240423,27,23,"Ruang besar, fasilitas bagus, lokasi dan akses terbaik",Diulas 438 minggu lalu
https://www.traveloka.com/id-id/user/review/consumption/HOTEL/GENERAL/240423,27,24,"Tenang, karyawannya ramah-ramah akses ke mall juga dekat. saya juga bisa request untuk menu sahur diantar jam 03.00 subuh. Kebetulan saya dan suami menjalankan puasa sunnah Nabi Daud. Masjid juga dekat sehingga suami bisa sholat berjamaah.",Diulas 438 minggu lalu
https://www.traveloka.com/id-id/user/review/consumption/HOTEL/GENERAL/240423,27,25,"Sangat memuaskan check in cepat, pelayanan kamar cepat, makanan enak.",Diulas 438 minggu lalu
https://www.traveloka.com/id-id/user/review/consumption/HOTEL/GENERAL/240423,27,26,"Lokasi strategis, parkir enak, makanan lumayan",Diulas 438 minggu lalu
https://www.traveloka.com/id-id/user/review/consumption/HOTEL/GENERAL/240423,27,27,"Enak dan nyaman, dekat pusat perbelanjaan",Diulas 438 minggu lalu
https://www.traveloka.com/id-id/user/review/consumption/HOTEL/GENERAL/240423,27,28,Kamarnya tidak dilapisi penyedap suara. Banyak suara dari luar terdengar ke dalam. Sehingga membuat kurang nyaman.,Diulas 438 minggu lalu
https://www.traveloka.com/id-id/user/review/consumption/HOTEL/GENERAL/240423,27,29,Hekta dan semua permintaan saya tidak tersedia,Diulas 438 minggu lalu
https://www.traveloka.com/id-id/user/review/consumption/HOTEL/GENERAL/240423,27,30,"Staff nya ramah smuaaa, makanan nya enak,terhubung mall dan bersih",Diulas 438 minggu lalu
https://www.traveloka.com/id-id/user/review/consumption/HOTEL/GENERAL/240423,27,31,1 lift mati sehingga pengunjung antri untuk menggunakan lift. Pas ingin pulang keluar hotel ternyata karcis parkir kena biaya 78 rb karena Costumer Service tidak stempel karcis parkir kami.,Diulas 438 minggu lalu
https://www.traveloka.com/id-id/user/review/consumption/HOTEL/GENERAL/240423,27,32,"kamar lumayan, makanannya biasa aja tidak ada yang khas, dan pelayanan nya kurang...",Diulas 438 minggu lalu
https://www.traveloka.com/id-id/user/review/consumption/HOTEL/GENERAL/240423,27,33,"Lokasi strategis, memudahkan keliling Bogor meskipun tanpa menggunakan kendaraan pribadi.",Diulas 438 minggu lalu
https://www.traveloka.com/id-id/user/review/consumption/HOTEL/GENERAL/240423,27,34,"Hotel ini terletak di lokasi yang strategis, dekat dengan tol dan selain hotel adalah mal. Kamar mandi bersih dan bagus juga. Sementara sarapannya tidak mengesankan, begitu saja.",Diulas 438 minggu lalu
https://www.traveloka.com/id-id/user/review/consumption/HOTEL/GENERAL/240423,27,35,"Bersih, pemandangannya bagus, sarapannya enak, kolamnya bersih.",Diulas 439 minggu lalu
https://www.traveloka.com/id-id/user/review/consumption/HOTEL/GENERAL/240423,27,36,"Lokasi yang strategis karena lantai basement terhubung dengan Botani Square Mall plus berada dalam jarak berjalan kaki ke Gerbang 3 Kebun Raya Bogor. Kolam renang cukup luas dan menu sarapan memiliki berbagai pilihan. Satu-satunya downside adalah kebisingan dari pemanas air atau sesuatu di dalam ruangan. Tapi selain itu, ini adalah hotel yang hebat.",Diulas 439 minggu lalu
https://www.traveloka.com/id-id/user/review/consumption/HOTEL/GENERAL/240423,27,37,"Saya tiba di hotel jam 1.30 siang. check-in waktu saya diberitahu oleh reservasi at 2 pm. Biasanya di hotel lain saya bisa langsung menuju ke kamarku jam 1.30 siang. Tapi tidak di Santika Bogor saya menunggu selama 1,5 jam, sampai jam 3.10 malam untuk masuk ke kamarku. Saya meminta non-merokok ruangan tapi aku mendapatkan sangat bau asap kamar.",Diulas 439 minggu lalu
https://www.traveloka.com/id-id/user/review/consumption/HOTEL/GENERAL/240423,27,38,"Lokasi baik, layanan hebat dan akan kembali untuk perjalanan berikutnya",Diulas 439 minggu lalu
https://www.traveloka.com/id-id/user/review/consumption/HOTEL/GENERAL/240423,27,39,"Saya menghadiri pertemuan dengan Kemitraan pada hari Jumat pagi dan memperpanjang masa tinggal saya untuk satu malam, sebelum saya pergi ke Puncak pada hari sabtu. Tempat yang bagus untuk tinggal bersama keluarga saya. Perlu beberapa perbaikan terutama pada area fitness dan kolam renang (lantai 3). Tidak ada petugas di sekitar daerah ini. Menyediakan layanan kebersihan di daerah ini pun tidak mencukupi. Makan siang dan sarapan yang baik. Tapi selama pertemuan saya melihat bahwa kombinasi camilan yang sudah disediakan oleh hotel itu buruk. Kombinasi Bacang, Tape goreng, dan dua kue manis itu tidak baik. Anda perlu menggabungkan Bacang dengan pilihan lain daripada menggunakan pita goreng. Camilan rasa garam akan lebih baik.",Diulas 439 minggu lalu
https://www.traveloka.com/id-id/user/review/consumption/HOTEL/GENERAL/240423,27,40,Lokasi bagus dan strategis untuk menginap di Bogor.,Diulas 439 minggu lalu
https://www.traveloka.com/id-id/user/review/consumption/HOTEL/GENERAL/240423,28,1,Oke. Salah satu pilihan terbaik di lokasi yang strategis.,Diulas 440 minggu lalu
https://www.traveloka.com/id-id/user/review/consumption/HOTEL/GENERAL/240423,28,2,"Hotel ini memiliki pemandangan ke Gunung Salak, dan lokasinya yang bagus. Dekat dengan Botani Square",Diulas 440 minggu lalu
https://www.traveloka.com/id-id/user/review/consumption/HOTEL/GENERAL/240423,28,3,"Kamar yang luas, di belakang mal, memiliki 4 bantal, namun sayang kolam renangnya tidak besar dan liftnya sangat kecil kita harus menunggu waktu yang lama untuk lift.",Diulas 440 minggu lalu
https://www.traveloka.com/id-id/user/review/consumption/HOTEL/GENERAL/240423,28,4,"Harus memberikan hanya 2 bintang saja. Segi positif hotel ini adalah waktu proses check-in dan check out cukup baik. Rasa dari sajian breakfast juga baik. Namun beberapa pengalaman tidak menyenangkan adalah 1. Dari 2 kamar yang saya pesan, satu kamar (801) sangat amat bau rokok (saya amat toleran dengan bau, namun tidak kali ini yang amat sangat, lalu tirai kamar yang sobek dan kamar yang sangat berdebu dan tanpa adanya fridge. 2. Kamar 807. So far komplain saya adalah leaking di spray jet untuk washer. Lalu kembali tidak ada fridge! Komplain kamar 801 sudah saya sampaikan semenjak masuk kamar di tanggal 9 Desember siang sekitar 14:00 wib, lalu disusul pukul 16:30 wib, namun hingga checkout pun tidak ada follow up, permintaan maaf apalagi penjelasan. Kembali menginap lagi? tidak merekomendasi? tidak rheino Indrayasmana Room 801 dan 807",Diulas 441 minggu lalu
https://www.traveloka.com/id-id/user/review/consumption/HOTEL/GENERAL/240423,28,5,"Semua bagus, pelayanan dan makanan nya.",Diulas 441 minggu lalu
https://www.traveloka.com/id-id/user/review/consumption/HOTEL/GENERAL/240423,28,6,Hotelnya nyaman dengan fasilitas yang oke banget. Sebelahan sama botani Square dan ada masjid alumni IPB. Jadi solusi banget buat yang pengen solat subuh deket hotel pagi-pagi,Diulas 441 minggu lalu
https://www.traveloka.com/id-id/user/review/consumption/HOTEL/GENERAL/240423,28,7,Kamar sangat bau rokok padahal sudah request kamar no smoking. Interior kamar juga sangat sederhana tanpa karpet tidak sebanding dengan harga kamar. Makanan di tempat breakfast juga ada yang basi (urap). Semoga pelayanan diperbaiki.,Diulas 442 minggu lalu
https://www.traveloka.com/id-id/user/review/consumption/HOTEL/GENERAL/240423,28,8,"Hotel sangat baik, nyaman dan pelayanan yang memuaskan.",Diulas 442 minggu lalu
https://www.traveloka.com/id-id/user/review/consumption/HOTEL/GENERAL/240423,28,9,"pertama kali menginap di Kota Bogor, agak bingung karena lokasinya yang 1 area dengan mall, banyak penyimpangan arus jalan, jadi harus putar kebun raya Bogor, lobby hotel agak kurang terlihat, tapi overall pelayanan bagus, makanan variatif enak.. tinggal turun lift sampai mall dan IPB convention centre",Diulas 443 minggu lalu
https://www.traveloka.com/id-id/user/review/consumption/HOTEL/GENERAL/240423,28,10,Lokasi yang strategis sangat membantu dalam menjalankan aktivitas di kota bogor.. akses parkir juga memiliki prioritas tersendiri walaupun berada di dalam area mall..,Diulas 444 minggu lalu
https://www.traveloka.com/id-id/user/review/consumption/HOTEL/GENERAL/240423,28,11,"Bersih, lokasi strategis. Nyaman dan pelayanan baik",Diulas 444 minggu lalu
https://www.traveloka.com/id-id/user/review/consumption/HOTEL/GENERAL/240423,28,12,sangat memuaskan dan nyaman pelayanan di hotel,Diulas 444 minggu lalu
https://www.traveloka.com/id-id/user/review/consumption/HOTEL/GENERAL/240423,28,13,Kamarnya besar dan bersih cukup untuk kel,Diulas 444 minggu lalu
https://www.traveloka.com/id-id/user/review/consumption/HOTEL/GENERAL/240423,28,14,Saya ada dinas luar kebetulan di malam hari karena tempat tinggal di jakarta jadi saya bawa anak-anak & orang tua saya menginap untuk menjaga anak-anak saya membutuhkan kamar yang connecting alhamdulillah dibantu dengan baik oleh mas recepsionis,Diulas 444 minggu lalu
https://www.traveloka.com/id-id/user/review/consumption/HOTEL/GENERAL/240423,28,15,"Hotelnya bersih, pelayanannya jempolan. Dan saya sama suami tidak kesulitan untuk disiapkan menu sahur. karena kebetulan saya dan suami selalu menjalankan puasa sunnah Daud.",Diulas 444 minggu lalu
https://www.traveloka.com/id-id/user/review/consumption/HOTEL/GENERAL/240423,28,16,"tempat tidur dan 4 bantal nyaman. menu sarapan banyak pilihan, soal rasa masih kurang berani bumbu. tenang, anda tak akan kelaparan karena lokasi bersebelahan dengan boteni square mall, jadi bisa kuliner",Diulas 444 minggu lalu
https://www.traveloka.com/id-id/user/review/consumption/HOTEL/GENERAL/240423,28,17,"Sebuah hotel yang sangat nyaman, terima kasih santika",Diulas 445 minggu lalu
https://www.traveloka.com/id-id/user/review/consumption/HOTEL/GENERAL/240423,28,18,Hotelnya nyaman and bersih. Makanannya enak-enak,Diulas 445 minggu lalu
https://www.traveloka.com/id-id/user/review/consumption/HOTEL/GENERAL/240423,28,19,Breakfast selera nusantara lengkap,Diulas 445 minggu lalu
https://www.traveloka.com/id-id/user/review/consumption/HOTEL/GENERAL/240423,28,20,"Parkir merepotkan karena bercampur dengan parkir mall, mau masuk drop ke hotel butuh waktu 30-45 menit saat weekend, sambutan kedatangan kurang agresif",Diulas 446 minggu lalu
https://www.traveloka.com/id-id/user/review/consumption/HOTEL/GENERAL/240423,28,21,Waktu check out diburu-buru oleh resepsionis,Diulas 446 minggu lalu
https://www.traveloka.com/id-id/user/review/consumption/HOTEL/GENERAL/240423,28,22,"baik, sesuai dengan apa yang tertulis dengan kenyataan yang ada...",Diulas 446 minggu lalu
https://www.traveloka.com/id-id/user/review/consumption/HOTEL/GENERAL/240423,28,23,"Check-in cepat dan tidak perlu ada biaya deposit. Gabung dengan mall jadi mau cari makanan, ATM, dan lain-lain gampang. Menu sarapan Indonesia banget lengkap dari bubur sampai mie goreng. Parkir membingungkan karena gabung dengan mall ternyata ada block khusus untuk parkiran didekat pintu masuk tanpa perlu ke parkiran mall. Harga terlalu mahal dibandingkan dengan hotel sekitar yang menawarkan interior hotel lebih baik. Saat keluar lift lantai 6 tercium bau masakan atau apapun itu yang sangat menganggu. Sempat bermasalah saat checkout karena ada tagihan tambahan sarapan untuk anak padahal saya hanya berdua dengan istri. Biasanya di tempat lain ini tidak terjadi karena biaya tambahan sarapan harus dibayarkan tunai sebelum masuk restoran.",Diulas 446 minggu lalu
https://www.traveloka.com/id-id/user/review/consumption/HOTEL/GENERAL/240423,28,24,"Good, cukup pelayannya. Kamar bersih.",Diulas 446 minggu lalu
https://www.traveloka.com/id-id/user/review/consumption/HOTEL/GENERAL/240423,28,25,hotel yang menyatu dengan mal.pelayanan baik.dekat dengan pintu tol bogor.,Diulas 446 minggu lalu
https://www.traveloka.com/id-id/user/review/consumption/HOTEL/GENERAL/240423,28,26,"Lokasi strategis, tapi interior sepertinya harus di-upgrade lagi dan koneksi wifi sangat lambat cenderung sulit koneksi.",Diulas 447 minggu lalu
https://www.traveloka.com/id-id/user/review/consumption/HOTEL/GENERAL/240423,28,27,"Suasana cukup menyenangkan, hanya breakfast kkarena terlalu penuh jadi bnyak tidak kebagian.",Diulas 447 minggu lalu
https://www.traveloka.com/id-id/user/review/consumption/HOTEL/GENERAL/240423,28,28,Cukup bagus pelayanannya dan lokasinya strategis,Diulas 447 minggu lalu
https://www.traveloka.com/id-id/user/review/consumption/HOTEL/GENERAL/240423,28,29,Sangat baik dengan pelayanan yang ramah dan responnya cepat. Lokasinya sangat cocok untuk weekend romantis karena terkoneksi dengan Mall dan XXI. Makanannya enak dengan banyak pilihan menu. Recommended Hotel. bintang empat,Diulas 447 minggu lalu
https://www.traveloka.com/id-id/user/review/consumption/HOTEL/GENERAL/240423,28,30,Kamarnya biasa aja.untuk tarif hotel harga di atas 800k Pada waktu sarapan pagi.Gelas dan sendok habis. untuk variasi makanan cukup banyak,Diulas 448 minggu lalu
https://www.traveloka.com/id-id/user/review/consumption/HOTEL/GENERAL/240423,28,31,Senang rasanya menginap di Hotel Santika Bogor.,Diulas 448 minggu lalu
https://www.traveloka.com/id-id/user/review/consumption/HOTEL/GENERAL/240423,28,32,"Kamar bersih,lokasi strategis langsung sebelah botani square.untuk breakfast sendok dan gelas sering habis atau tidak ada.",Diulas 449 minggu lalu
https://www.traveloka.com/id-id/user/review/consumption/HOTEL/GENERAL/240423,28,33,Cukup puas dengan suasana kamarnya dan juga menu sarapan paginya,Diulas 449 minggu lalu
https://www.traveloka.com/id-id/user/review/consumption/HOTEL/GENERAL/240423,28,34,Parkir dan lobby service sebaiknya di tingkatkan lagi. Agak sulit membawa koper ke tempat parkir kalau tanpa bantuan,Diulas 449 minggu lalu
https://www.traveloka.com/id-id/user/review/consumption/HOTEL/GENERAL/240423,28,35,"Pelayanan Baik. Kekurangan : AC lift harus dingin, aktualnya kurang dingin. Pastikan sprei tidal ada noda, karena kemarin saya jumpai ada noda. Tulisan hotel di atas gedung kurang nampak dari luar. Pelayan restoran, berisik sekali suara piring saat bersih-bersih dan angkat-angkat piring. Buat dekorasi di lobby lebih modern atau gaul.",Diulas 449 minggu lalu
https://www.traveloka.com/id-id/user/review/consumption/HOTEL/GENERAL/240423,28,36,"Akses mudah, dekat lokasi taxi, terminal bus Damri ke bandara soetta dan ada connecting akses ke Mall Botani Square",Diulas 450 minggu lalu
https://www.traveloka.com/id-id/user/review/consumption/HOTEL/GENERAL/240423,28,37,"Menginap di suite sama seperti di kelas bawah, tidak ada prioritas, fo sulit di hubungi, bilang 2 menit hubungi kenyataaannya 2 jam, tidak ada duty. Semua seenak Santika, kapok, towel pelit, sama kaya kamar kelas lain. Rugi deh cuma menang luas",Diulas 450 minggu lalu
https://www.traveloka.com/id-id/user/review/consumption/HOTEL/GENERAL/240423,28,38,"Bagus, kamar besar, petugas hotel ramah-ramah dan makanan cukup banyak.",Diulas 450 minggu lalu
https://www.traveloka.com/id-id/user/review/consumption/HOTEL/GENERAL/240423,28,39,"Everything's about Santika Hotel was Grea. Tapi pas check-in sempet nunggu sejam, awalnya kecewa tapi jadi happy banget karena kita di upgrade ke suite room. Thank you Santika",Diulas 450 minggu lalu
https://www.traveloka.com/id-id/user/review/consumption/HOTEL/GENERAL/240423,28,40,"Bagus reservasi, layanan, baik dianjurkan",Diulas 450 minggu lalu
https://www.traveloka.com/id-id/user/review/consumption/HOTEL/GENERAL/240423,29,1,Proses cek in terlalu lama dan nyaris menunggu 2 jam baru bisa cek in,Diulas 450 minggu lalu
https://www.traveloka.com/id-id/user/review/consumption/HOTEL/GENERAL/240423,29,2,Pelayanan bagus ramah memuaskan,Diulas 450 minggu lalu
https://www.traveloka.com/id-id/user/review/consumption/HOTEL/GENERAL/240423,29,3,"Lokasi bagus, akses mudah ke transportasi ke bandara.",Diulas 451 minggu lalu
https://www.traveloka.com/id-id/user/review/consumption/HOTEL/GENERAL/240423,29,4,Kami sekeluarga selalu menyukai menginap di Santika hotel bogor selain karena kamarnya yang bersih dan cukup luas pelayanannya juga sangat baik,Diulas 451 minggu lalu
https://www.traveloka.com/id-id/user/review/consumption/HOTEL/GENERAL/240423,29,5,"Semua nyaaa bagus, pelayanan ramah,makanannya enak,bersih kamarnya,terhubung dengan mall",Diulas 451 minggu lalu
https://www.traveloka.com/id-id/user/review/consumption/HOTEL/GENERAL/240423,29,6,"lokasi strategis banget, pelayanan OK, nyaman juga..",Diulas 451 minggu lalu
https://www.traveloka.com/id-id/user/review/consumption/HOTEL/GENERAL/240423,29,7,hotel yang nyaman dan lokasi yang strategis,Diulas 451 minggu lalu
https://www.traveloka.com/id-id/user/review/consumption/HOTEL/GENERAL/240423,29,8,"Saya menginap di Santika tanggal 15-16 September 2017 dengan memesan/booking kamar, pada saat memesan Saya memang lupa tidak memesan Non Smoking Room. Saya baru menyadari kamar yang saya dapatkan mungkin Smoking Room saat hendak tidur, bantal yang kami gunakan bau rokok, sepertinya belum diganti. Ini mengganggu kenyamanan kami. Untuk hal lainnya, Hotel Santika sudah cukup baik.",Diulas 452 minggu lalu
https://www.traveloka.com/id-id/user/review/consumption/HOTEL/GENERAL/240423,29,9,"Komunikasi dan informasi kepada konsumen sangat buruk. Kami pesan 4 kamar, 1 kamar tersedia tepat waktu (sebelum jam 14.00), 2 kamar selanjutnya setelah jam 14.00, dan 1 kamar terakhir baru kami dapat jam 16.05. Khusus kamar terakhir, kami mendapatkannya setelah beradu argumen dengan nada tinggi. Di informasikan di jam 16.00 bahwa kamar terakhir yang seharusnya kami dapatkan sebenernya sudah siap, namun belum bisa ditempati, namun informasi tersebut setelah kami protes dengan nada tinggi. Harusnya di informasikan sejak awal. Pada hari yang sama kurang lebih sekitar 4 konsumen mengalami hal yang sama. Pintu/area masuk dan keluar parkir hotel sama dengan mall. Ketika keluar di hari berikutnya, ternyata seharusnya kami mendapatkan stampel di kertas parkir dari pihak hotel, namun hal tersebut baru kami ketahui setelah kami berada di pintu/area/gerbang parkir keluar, alhasil kami kena biaya parkir sampai 98ribu. Harusnya tanpa diminta sebelum kami keluar hotel, dan pada saat mengangkut barang di lobby, pihak security atau receptionist memberikan atau menanyakan terkait kertas parkir. Point tersebut memang tidak akan menghalangi niat kami untuk menginap kembali. Tapi mudah-mudahan tulisan ini bisa menjadikan pengalaman bagi semuanya agar hal tersebut tidak terjadi.",Diulas 452 minggu lalu
https://www.traveloka.com/id-id/user/review/consumption/HOTEL/GENERAL/240423,29,10,Aku suka segala sesuatu tentang hotel. Satu-satunya gangguan adalah lalu lintas ke mal.,Diulas 452 minggu lalu
https://www.traveloka.com/id-id/user/review/consumption/HOTEL/GENERAL/240423,29,11,Pelayanannya cukup baik begitu juga fasilitas pendukung lainnya cukup baik,Diulas 452 minggu lalu
https://www.traveloka.com/id-id/user/review/consumption/HOTEL/GENERAL/240423,29,12,Bising (antar kamar kurang kedap suara),Diulas 453 minggu lalu
https://www.traveloka.com/id-id/user/review/consumption/HOTEL/GENERAL/240423,29,13,"Nyaman, bersih, air hangat dan wifi tersedianya 24 jam, anak-anak juga suka, lokasi strategis (dekat KRB, kampus IPB, dll) serta bisa langsung ke mall.",Diulas 453 minggu lalu
https://www.traveloka.com/id-id/user/review/consumption/HOTEL/GENERAL/240423,29,14,Lokasinya strategis. Tempat yang tepat untuk liburan keluarga.,Diulas 453 minggu lalu
https://www.traveloka.com/id-id/user/review/consumption/HOTEL/GENERAL/240423,29,15,"Lumayan buat liburan sama keluarga. bersih,pelayanan ramah and santun. tapi sayang ada sedikit kebisingan seperti orang bekerja memperbaiki sesuatu atau sedang acara. meski itu kondisi malam. suara sangat terdengar di kamar.",Diulas 454 minggu lalu
https://www.traveloka.com/id-id/user/review/consumption/HOTEL/GENERAL/240423,29,16,"Bagus, bersih, ramah dan nyaman",Diulas 455 minggu lalu
https://www.traveloka.com/id-id/user/review/consumption/HOTEL/GENERAL/240423,29,17,"Gedung bersatu dengan mall sebenarnya memudahkan untuk cari makan dll..hanya hotel terlihat tua, gelap. Menginap 2 malam disini, suatu malam pernah pulang jam 12 malam dan mau naik ke atas tapi kunci ada di teman di kamar. Minta tolong resepsionis eh tidak di tempatnya dan satpampun tak ada sarapan pagi lumayan bervariasi kurang pasta aja kamar sempit dan tidak sesuai ekspektasi dan tidak sebanding dengan harga. terima kasih Santika Bogor",Diulas 455 minggu lalu
https://www.traveloka.com/id-id/user/review/consumption/HOTEL/GENERAL/240423,29,18,"Hotel bersih, lokasi dipusat kota, dekat mall.",Diulas 455 minggu lalu
https://www.traveloka.com/id-id/user/review/consumption/HOTEL/GENERAL/240423,29,19,"Lokasi super strategis, berdempetan dengan Mall botani. Mantap.",Diulas 455 minggu lalu
https://www.traveloka.com/id-id/user/review/consumption/HOTEL/GENERAL/240423,29,20,Lokasi strategis. Pelayanan bagus.,Diulas 455 minggu lalu
https://www.traveloka.com/id-id/user/review/consumption/HOTEL/GENERAL/240423,29,21,"Tempat yang bagus untuk tinggal, dan menikmati akhir pekan. Sangat dekat dengan pusat perbelanjaan, dan di tengah kota. Botanic Garden tepat di seberang jalan",Diulas 456 minggu lalu
https://www.traveloka.com/id-id/user/review/consumption/HOTEL/GENERAL/240423,29,22,"Hotel besar dengan sangat baik. Kebersihan, pelayanan, makan, dan perhotelan",Diulas 456 minggu lalu
https://www.traveloka.com/id-id/user/review/consumption/HOTEL/GENERAL/240423,29,23,"Tidak apa-apa kecuali kunci, kami hanya punya 1 kunci, meskipun resepsionis selalu mendukung kami untuk lift",Diulas 456 minggu lalu
https://www.traveloka.com/id-id/user/review/consumption/HOTEL/GENERAL/240423,29,24,"Nice, tapi kamar mandi tidak ada hair dryer.",Diulas 456 minggu lalu
https://www.traveloka.com/id-id/user/review/consumption/HOTEL/GENERAL/240423,29,25,Lokasi nyaman dan pelayanan baik.,Diulas 457 minggu lalu
https://www.traveloka.com/id-id/user/review/consumption/HOTEL/GENERAL/240423,29,26,"Hotelnya nyaman, dekat dengan mall botani dan ada connecting dari hotel langsung ke mall, serta parkir untuk tamu hotel yang tersedia sendiri,, makasih",Diulas 457 minggu lalu
https://www.traveloka.com/id-id/user/review/consumption/HOTEL/GENERAL/240423,29,27,"Sangat bagus dan menyenangkan tinggal. Semua keluarga menikmatinya. Lokasi yang sempurna, dengan pusat perbelanjaan dan semua belanja yang dibutuhkan hanya sekitar sudut",Diulas 457 minggu lalu
https://www.traveloka.com/id-id/user/review/consumption/HOTEL/GENERAL/240423,29,28,Menyenangkan karena dekat Kebun Raya,Diulas 457 minggu lalu
https://www.traveloka.com/id-id/user/review/consumption/HOTEL/GENERAL/240423,29,29,Sarapan nya enak dan banyak fariasinya.,Diulas 457 minggu lalu
https://www.traveloka.com/id-id/user/review/consumption/HOTEL/GENERAL/240423,29,30,"Kebersihan handuk kurang, kunci kamar magnet macet",Diulas 457 minggu lalu
https://www.traveloka.com/id-id/user/review/consumption/HOTEL/GENERAL/240423,29,31,Untuk hotel bintang 4 sangat disayangkan resepsionis kecil dengan kurang / sedikit karyawan jadi pelayanan lambat. Dan kamar tidak dilengkapi lemari es dan hair dryer padahal udah minta dianterin ke kamar tapi sampai check out hair dryer tetap tidak ada.,Diulas 458 minggu lalu
https://www.traveloka.com/id-id/user/review/consumption/HOTEL/GENERAL/240423,29,32,Sangat rekomendasi. Karena menyatu dengan mall strategis bersin sesuai dengan pakem setiap santika dimana saja berada menu breakfash beda dengan santika medan yang penuh variasi dan enak dinikmati.,Diulas 458 minggu lalu
https://www.traveloka.com/id-id/user/review/consumption/HOTEL/GENERAL/240423,29,33,"Menyenangkan, menu sarapan juga bervariasi, lokasi yang strategis.",Diulas 459 minggu lalu
https://www.traveloka.com/id-id/user/review/consumption/HOTEL/GENERAL/240423,29,34,Lokasi strategis dan deket kebon raya dan tol,Diulas 459 minggu lalu
https://www.traveloka.com/id-id/user/review/consumption/HOTEL/GENERAL/240423,29,35,"Lokasinya bagus, makanannya enak",Diulas 459 minggu lalu
https://www.traveloka.com/id-id/user/review/consumption/HOTEL/GENERAL/240423,29,36,"Bersih, nyaman dan dekat dengan Mall.",Diulas 459 minggu lalu
https://www.traveloka.com/id-id/user/review/consumption/HOTEL/GENERAL/240423,29,37,"Saya selalu tinggal di santika, mungkin 8 kali, setiap saya pergi ke bogor",Diulas 459 minggu lalu
https://www.traveloka.com/id-id/user/review/consumption/HOTEL/GENERAL/240423,29,38,Cukup baik dan lokasi terbaik di dekat setiap tempat,Diulas 460 minggu lalu
https://www.traveloka.com/id-id/user/review/consumption/HOTEL/GENERAL/240423,29,39,Nyaman sehingga akan direkomendasikan kepada rekan,Diulas 460 minggu lalu
https://www.traveloka.com/id-id/user/review/consumption/HOTEL/GENERAL/240423,29,40,"Lokasi strategis dekat mall, mudah cari makan.",Diulas 460 minggu lalu
https://www.traveloka.com/id-id/user/review/consumption/HOTEL/GENERAL/240423,30,1,"Mewah, nyaman, makanannya enak.",Diulas 461 minggu lalu
https://www.traveloka.com/id-id/user/review/consumption/HOTEL/GENERAL/240423,30,2,"Makanan enak, enak, lokasi bagus",Diulas 461 minggu lalu
https://www.traveloka.com/id-id/user/review/consumption/HOTEL/GENERAL/240423,30,3,"Hotel yang nyaman. Ada connecting door ke Botani Square, sehingga membuat kami leluasa jika ingin sekedar window shopping kesana. Makanannya enak dan banyak variasinya. Staffnya ramah sekali. Terima kasih. Lain waktu mungkin menginap lagi disini.",Diulas 461 minggu lalu
https://www.traveloka.com/id-id/user/review/consumption/HOTEL/GENERAL/240423,30,4,Ulasan ini ditulis Indeks BugasRasmenas sini,Diulas 461 minggu lalu
https://www.traveloka.com/id-id/user/review/consumption/HOTEL/GENERAL/240423,30,5,Usul agar di kamar mandi diberikan gorden plastik sehingga air mandi tidak membasahi ubin kamar mandi (jadi tidaj becek),Diulas 461 minggu lalu
https://www.traveloka.com/id-id/user/review/consumption/HOTEL/GENERAL/240423,30,6,"Respon operator saat ditelpon dari kamar jarang diangkat, jadi harus beberapa kali call baru ada yang respon",Diulas 461 minggu lalu
https://www.traveloka.com/id-id/user/review/consumption/HOTEL/GENERAL/240423,30,7,Staf hotel yang ramah.,Diulas 462 minggu lalu
https://www.traveloka.com/id-id/user/review/consumption/HOTEL/GENERAL/240423,30,8,"Lokasi di tengah kota, nyatu dengan Mall Botani, mantap!",Diulas 462 minggu lalu
https://www.traveloka.com/id-id/user/review/consumption/HOTEL/GENERAL/240423,30,9,Lumayan menyenangkan tapi parkirnya susah sekali.,Diulas 462 minggu lalu
https://www.traveloka.com/id-id/user/review/consumption/HOTEL/GENERAL/240423,30,10,Menyenangkan dan pelayanannya bagus,Diulas 462 minggu lalu
https://www.traveloka.com/id-id/user/review/consumption/HOTEL/GENERAL/240423,30,11,"Waktu mau check in menunggu agak lama. Selebihnya pelayanan baik. Makanan bervariasi, tempat strategis bisa langsung akses ke botani square.",Diulas 462 minggu lalu
https://www.traveloka.com/id-id/user/review/consumption/HOTEL/GENERAL/240423,30,12,Lokasi strategis ..nyaman pelayanan memuaskan,Diulas 463 minggu lalu
https://www.traveloka.com/id-id/user/review/consumption/HOTEL/GENERAL/240423,30,13,"Kami sangat senang tinggal di Santika Bogor, karena lokasi dan layanannya yang bagus.",Diulas 463 minggu lalu
https://www.traveloka.com/id-id/user/review/consumption/HOTEL/GENERAL/240423,30,14,Cukup nyaman bersih dan letaknya yang strategis.,Diulas 463 minggu lalu
https://www.traveloka.com/id-id/user/review/consumption/HOTEL/GENERAL/240423,30,15,Faslitas hotel lumayan hanya yang terkesan dengan keramahan dan service mulai dr lobby kamar swimming pool restaurant,Diulas 463 minggu lalu
https://www.traveloka.com/id-id/user/review/consumption/HOTEL/GENERAL/240423,30,16,Sangat profesional dan ramah... pelayanan dan kebersihan sangat bagus,Diulas 463 minggu lalu
https://www.traveloka.com/id-id/user/review/consumption/HOTEL/GENERAL/240423,30,17,"Baik lokasi dekat pusat perbelanjaan, makanan yang sangat baik",Diulas 463 minggu lalu
https://www.traveloka.com/id-id/user/review/consumption/HOTEL/GENERAL/240423,30,18,"It&#39;s nice, bersih dan kenyamanan tempat tinggal",Diulas 463 minggu lalu
https://www.traveloka.com/id-id/user/review/consumption/HOTEL/GENERAL/240423,30,19,"Dekat pusat perbelanjaan, tolong kami untuk segera memenuhi kebutuhan kita",Diulas 463 minggu lalu
https://www.traveloka.com/id-id/user/review/consumption/HOTEL/GENERAL/240423,30,20,Check ini tidak sesuai dengan jadwal,Diulas 464 minggu lalu
https://www.traveloka.com/id-id/user/review/consumption/HOTEL/GENERAL/240423,30,21,"Kamar yang luas..sarapan aneka ragam, selangkah ke mall",Diulas 464 minggu lalu
https://www.traveloka.com/id-id/user/review/consumption/HOTEL/GENERAL/240423,30,22,"Kamar yang besar, lokasi yang strategis, layanan valet yang hebat, makanan yang layak dan kolam renang yang layak. Kamar mandi berada di bawah rata-rata, perlu diupgrade.",Diulas 464 minggu lalu
https://www.traveloka.com/id-id/user/review/consumption/HOTEL/GENERAL/240423,30,23,"Lokasi strategis dekat mall botani square, kebun raya dll Sarapan enak cuma kolam renang airnya kurang bersih",Diulas 464 minggu lalu
https://www.traveloka.com/id-id/user/review/consumption/HOTEL/GENERAL/240423,30,24,Parkir mobil jauh dari hotel,Diulas 464 minggu lalu
https://www.traveloka.com/id-id/user/review/consumption/HOTEL/GENERAL/240423,30,25,Pertahankan dan tingkatkan....,Diulas 464 minggu lalu
https://www.traveloka.com/id-id/user/review/consumption/HOTEL/GENERAL/240423,30,26,"Kamar nyaman, breakfast cukup lengkap dan enak, suasana reataurant juga bagus, terpisah antara area non smoking dan smoking",Diulas 464 minggu lalu
https://www.traveloka.com/id-id/user/review/consumption/HOTEL/GENERAL/240423,30,27,"pelayanana ramah, security humble dan parkiran untuk tamu hoteldi utamakan",Diulas 464 minggu lalu
https://www.traveloka.com/id-id/user/review/consumption/HOTEL/GENERAL/240423,30,28,"Enak makanannya dan nyaman, kamarnya cocok untuk liburan.",Diulas 464 minggu lalu
https://www.traveloka.com/id-id/user/review/consumption/HOTEL/GENERAL/240423,30,29,Hanya saja kurang fasilitas area parkir yang memadai.,Diulas 465 minggu lalu
https://www.traveloka.com/id-id/user/review/consumption/HOTEL/GENERAL/240423,30,30,Mall dengan lokasi yang strategis dan mudah mencari makan karena satu dengan Mall.,Diulas 465 minggu lalu
https://www.traveloka.com/id-id/user/review/consumption/HOTEL/GENERAL/240423,30,31,Ramah dan selalu memberi pelayanan yang baik,Diulas 465 minggu lalu
https://www.traveloka.com/id-id/user/review/consumption/HOTEL/GENERAL/240423,30,32,"Hotel yang bagus, dekat dengan &quot;kebun raya bogor&quot;, Anda bisa mengunjungi kebun raya di pagi hari",Diulas 465 minggu lalu
https://www.traveloka.com/id-id/user/review/consumption/HOTEL/GENERAL/240423,30,33,Pelayanan baik staffnya ramah-ramah untuk bagian front office khususnya. Hanya sayang sekali pelayan buruk pada saat breakfast karena harus waiting list. Untuk rasa dan variasi makanan lumayan lah.,Diulas 465 minggu lalu
https://www.traveloka.com/id-id/user/review/consumption/HOTEL/GENERAL/240423,30,34,Resepsionis sangat buruk. Masalah dengan sikap.,Diulas 465 minggu lalu
https://www.traveloka.com/id-id/user/review/consumption/HOTEL/GENERAL/240423,30,35,"Hotel ya bagus, wifi lemot, tdk ada welcome drink.",Diulas 465 minggu lalu
https://www.traveloka.com/id-id/user/review/consumption/HOTEL/GENERAL/240423,30,36,"Hotelnya connecting dengan mall Botani Square, jadi untuk cari makan atau mau jalan2 bisa langsung ke mall. Untuk interior kamar hotel biasa aja, tapi kebersihannya sangat bersih. Cukup nyaman tapi lumayan berisik di area koridor karena lantai nya menggunakan keramik, jadi suara bell boy yang bawa troli, anak2 kecil lari2an, tamu2 lain ngobrol pun lumayan berisik. Tapi overall OK.",Diulas 465 minggu lalu
https://www.traveloka.com/id-id/user/review/consumption/HOTEL/GENERAL/240423,30,37,Tempat yang bagus dan mudah untuk menemukan beberapa makanan.,Diulas 465 minggu lalu
https://www.traveloka.com/id-id/user/review/consumption/HOTEL/GENERAL/240423,30,38,"Nyaman.. Kamar enak, luas, bathroom bersih, tempat tidur wangi, empuk hanya kurang guling. Meskipun dapat 4 bantal. Enak kemana2. Untuk shalat Ied Fitr dekat banget masih dalam 1 lingkungan mall, jadi bisa jalan kaki ke masjid. Habis shalat, Sarapan. Untuk resto nya 1 lantai sendiri dgn berbagai pilihan eastern atau western. Juga berbagai salad. Dan tempat duduknya pun in door dan out door beberapa pilihan tempat yg bagus, dan saya memilih out door yg nengok kiri view nya pool site, dan kanan suasana Bogor yg masih sepi (masih pada halal bihalal di mesjid2 setelah shalat kyknya). Hanya saja kl mau ke tempat yg perlu pk Gojek/Grab harap sabar aja (abang2nya ga banyak yg aktif di hari lebaran bahkan sampai jam 11 siang).",Diulas 465 minggu lalu
https://www.traveloka.com/id-id/user/review/consumption/HOTEL/GENERAL/240423,30,39,Kamarnya luas. Sarapan paginya enak-enak. Banyak pilihan. Pokoknya puas banget.,Diulas 465 minggu lalu
https://www.traveloka.com/id-id/user/review/consumption/HOTEL/GENERAL/240423,30,40,Hotel dekat dari pintu tol dan botani square. Juga cukup bersih dan pelayan ramah. Ada kolam renang sehingga anak-anak suka.,Diulas 466 minggu lalu
https://www.traveloka.com/id-id/user/review/consumption/HOTEL/GENERAL/240423,31,1,"Hotel keren dan nyaman. lokasi di tengah kota, handuk dan sprei harum dan bersih. Takjil dan makan sahur semua enak. Alhamdulillah.",Diulas 466 minggu lalu
https://www.traveloka.com/id-id/user/review/consumption/HOTEL/GENERAL/240423,31,2,"pelayanan bagus, tempat nyaman",Diulas 467 minggu lalu
https://www.traveloka.com/id-id/user/review/consumption/HOTEL/GENERAL/240423,31,3,"Kami tinggal selama satu malam saja, namun kami merasa bahwa layanan ini sangat baik dan ramah.",Diulas 468 minggu lalu
https://www.traveloka.com/id-id/user/review/consumption/HOTEL/GENERAL/240423,31,4,Kamar hotel tidak ada karpet dan kulkas.ac berisik.untuk masuk ke gedung ribet.dan parkir mobilnya terlalu ramai,Diulas 468 minggu lalu
https://www.traveloka.com/id-id/user/review/consumption/HOTEL/GENERAL/240423,31,5,"Bagus, saya rekomendasikan kepada keluarga dan rekan-rekan.",Diulas 468 minggu lalu
https://www.traveloka.com/id-id/user/review/consumption/HOTEL/GENERAL/240423,31,6,"Lokasinya sangat strategis karena satu gedung dengan Botani Square. Mau makan, nonton dan belanja kebutuhan atau cemilan bisa langsung di Giant. Sayangnya lupa liat kalau di superior tidak ada kulkasnya, padahal perlu untuk menyimpan makanan bayi.",Diulas 469 minggu lalu
https://www.traveloka.com/id-id/user/review/consumption/HOTEL/GENERAL/240423,31,7,"Proses check in mudah, sprei dan kamar mandi bersih.",Diulas 469 minggu lalu
https://www.traveloka.com/id-id/user/review/consumption/HOTEL/GENERAL/240423,31,8,Lokasi begitu strategis dan pelayanannya dari para staff sangat memuaskan terima kasih,Diulas 469 minggu lalu
https://www.traveloka.com/id-id/user/review/consumption/HOTEL/GENERAL/240423,31,9,Lokasinya perfect. Dekat kemana-mana dan mall deolah2 jadi facilitas hotel,Diulas 469 minggu lalu
https://www.traveloka.com/id-id/user/review/consumption/HOTEL/GENERAL/240423,31,10,Menarik karena berhubungan langsung dengan Mall,Diulas 469 minggu lalu
https://www.traveloka.com/id-id/user/review/consumption/HOTEL/GENERAL/240423,31,11,"Mantep, sangat memuaskan disana, ramah pelayanannya.",Diulas 470 minggu lalu
https://www.traveloka.com/id-id/user/review/consumption/HOTEL/GENERAL/240423,31,12,Ranjangnya sempit dan berisik karena ada tukang yang lagi bekerja diluar,Diulas 470 minggu lalu
https://www.traveloka.com/id-id/user/review/consumption/HOTEL/GENERAL/240423,31,13,"Tidak terlalu bagus dibandingkan dgn harganya. Harga kamar mahal tetapi fasilitas biasa saja, kamarnya kecil, tidak ada kulkasnya.",Diulas 470 minggu lalu
https://www.traveloka.com/id-id/user/review/consumption/HOTEL/GENERAL/240423,31,14,"Kamar hotelnya luas, housekeeping-nya ramah, makanannya banyak variasi dan enak, sering sering aja ah menginap disini.",Diulas 471 minggu lalu
https://www.traveloka.com/id-id/user/review/consumption/HOTEL/GENERAL/240423,31,15,"Bersih, breakfast enak dan strategis",Diulas 471 minggu lalu
https://www.traveloka.com/id-id/user/review/consumption/HOTEL/GENERAL/240423,31,16,"Kebersihan, pelayanan, lokasi, kenyamanan cukup memuaskan mungkin untuk cita rasa masakan perlu ditingkatkan sedangkan variasi makanan sudah ok yang agak mengecewakan mungkin fasilitas akses Wifi di ruangan",Diulas 472 minggu lalu
https://www.traveloka.com/id-id/user/review/consumption/HOTEL/GENERAL/240423,31,17,Umumnya baik. Saat check in lama karena pihak online baru kabarin ke hotel. Saat check out cepat dan Mbak Hanna sangat membantu sekali saat ktp tertinggal. Terimakasih.,Diulas 472 minggu lalu
https://www.traveloka.com/id-id/user/review/consumption/HOTEL/GENERAL/240423,31,18,"Cukup memuaskan, tapi ratenya terlalu tinggi",Diulas 472 minggu lalu
https://www.traveloka.com/id-id/user/review/consumption/HOTEL/GENERAL/240423,31,19,Ini adalah hotel yang bagus dengan layanan goos dan lokasi tapi bisakah santikaa memiliki harga lebih rendah? Itu akan sangat menyenangkan bagi kami.,Diulas 472 minggu lalu
https://www.traveloka.com/id-id/user/review/consumption/HOTEL/GENERAL/240423,31,20,"Koneksi WiFi yang kencang, serta lokasi yang sangat strategis dari pusat kota dan pusat perbelanjaan (Botani Square)",Diulas 473 minggu lalu
https://www.traveloka.com/id-id/user/review/consumption/HOTEL/GENERAL/240423,31,21,"Kemarin menginap semalem bersama keluarga ambil kamar superior twin, dateng check-in jam set3an tapi kamar belum ready, padahal waktu check in itu jam 2 tertulis, ada 15 menit-an disuruh tunggu. Kamar superior nya sangat luas, sudah extra bed aja masih berasa longgar. Untun kelengkapan kamar nya tidak ada mini bar/kulkas huhu sayang sekali. Kolam renang tidak terlalu besar tp no complain, asik buat duduk2 di sunbed nya. yang big no no itu fitness centre nya kecil banget cuma sepetak ya, sempit sekali, ada 6 alat aja, 3 buat cycling dan 3 buat lari. Dan pas aku coba alat cycling nya rusak ada bunyi seperti kretek2 huhu too bad. Dan adikku cobain alat lari nya juga tidak berfungsi sempurna tiga2 nya. Well over all, kl untuk sekedar menginap bermalas2an di kamar sih oke kok, secara kl laper tinggal turun ke bawah langsung nembus ke mall botani nya.. Tolong di check ya fitness centre nya, sayang fasilitas itu tidak bisa kita manfaatkan. Thank you Santika Hotel. Keep up the good work.",Diulas 473 minggu lalu
https://www.traveloka.com/id-id/user/review/consumption/HOTEL/GENERAL/240423,31,22,"Suara pancuran di kamar mandi agak berisik, tapi secara keseluruhan tidak apa-apa.",Diulas 473 minggu lalu
https://www.traveloka.com/id-id/user/review/consumption/HOTEL/GENERAL/240423,31,23,"menarik, karena menyatu dengan pusat perbelanjaan",Diulas 473 minggu lalu
https://www.traveloka.com/id-id/user/review/consumption/HOTEL/GENERAL/240423,31,24,"kami sekeluarga (saya, istri dan 3 anak kecil kami) sangat senang bermalam di Hotel Santika Bogor ini terlebih lagi berdekatan dengan wisata area.",Diulas 473 minggu lalu
https://www.traveloka.com/id-id/user/review/consumption/HOTEL/GENERAL/240423,31,25,"Mantap, menyenangkan dan memuaskan.",Diulas 474 minggu lalu
https://www.traveloka.com/id-id/user/review/consumption/HOTEL/GENERAL/240423,31,26,"Memuaskan dan semuanya baik-baik saja, hanya saja kamarnya terlalu kosong.",Diulas 474 minggu lalu
https://www.traveloka.com/id-id/user/review/consumption/HOTEL/GENERAL/240423,31,27,Pelayanan ramah. Hanya saja lokasi lobby kurang luas.,Diulas 474 minggu lalu
https://www.traveloka.com/id-id/user/review/consumption/HOTEL/GENERAL/240423,31,28,hotelnya termasuk hotel lama.so far untuk family its ok.,Diulas 474 minggu lalu
https://www.traveloka.com/id-id/user/review/consumption/HOTEL/GENERAL/240423,31,29,"Sangat nyaman. pelayanan check in cepat dan baik. Makanannya sarapan enak banget dan lengkap, serta pas buat untuk liburan di Bogor bersama keluarga besar.",Diulas 474 minggu lalu
https://www.traveloka.com/id-id/user/review/consumption/HOTEL/GENERAL/240423,31,30,"Cuma kolam renangagak kotor airnya banyak orang buang dahak di kolam renang, sedkit terdengar suara di kamar bila shower di nyalakan tetapi pelayanan dan seluruhnya ok",Diulas 474 minggu lalu
https://www.traveloka.com/id-id/user/review/consumption/HOTEL/GENERAL/240423,31,31,"Semuanya oke mulai dari pelayanan, kebersihan kamar, lokasi, menu sarapan. Hanya 1 yang bikin tidak oke, kolam renangnya kotor bgt, aernya banyak putih2, ihhh..",Diulas 474 minggu lalu
https://www.traveloka.com/id-id/user/review/consumption/HOTEL/GENERAL/240423,31,32,Cocok untuk menginap dengan keluarga.,Diulas 474 minggu lalu
https://www.traveloka.com/id-id/user/review/consumption/HOTEL/GENERAL/240423,31,33,Tempatnya strategis dan dekat dari tujuan saya.,Diulas 474 minggu lalu
https://www.traveloka.com/id-id/user/review/consumption/HOTEL/GENERAL/240423,31,34,Staf hotel sangat ramah. Satu-satunya keluhan adalah bahwa internet terlalu lambat.,Diulas 474 minggu lalu
https://www.traveloka.com/id-id/user/review/consumption/HOTEL/GENERAL/240423,31,35,"Bersih,nyaman, lokasi strategis",Diulas 474 minggu lalu
https://www.traveloka.com/id-id/user/review/consumption/HOTEL/GENERAL/240423,31,36,Pesennya executive deluxe tapi terus diupgrade ke suite room. Mantap,Diulas 474 minggu lalu
https://www.traveloka.com/id-id/user/review/consumption/HOTEL/GENERAL/240423,31,37,"Tempatnya strategis, pelayanannya bagus, cepat & ramah.. untuk makanannya lumayan enk.. Ntar kalau ke Bogor menginap di Santika lagi..",Diulas 475 minggu lalu
https://www.traveloka.com/id-id/user/review/consumption/HOTEL/GENERAL/240423,31,38,"hotel yang bagus. layanan hangat, tempat yang sama dengan mal membuatnya mudah acces ke mal. suka itu",Diulas 475 minggu lalu
https://www.traveloka.com/id-id/user/review/consumption/HOTEL/GENERAL/240423,31,39,Mantap dan nyaman...,Diulas 475 minggu lalu
https://www.traveloka.com/id-id/user/review/consumption/HOTEL/GENERAL/240423,31,40,"Bagus, Langsung satu bangunan dengan Botani Square Mall Nyaman dan Enak",Diulas 475 minggu lalu
https://www.traveloka.com/id-id/user/review/consumption/HOTEL/GENERAL/240423,32,1,"Sangat tenang untuk beristirahat, menyatu dengan pusat belanja",Diulas 476 minggu lalu
https://www.traveloka.com/id-id/user/review/consumption/HOTEL/GENERAL/240423,32,2,"Nyaman dan enak, akses ke pintu tol dekat",Diulas 476 minggu lalu
https://www.traveloka.com/id-id/user/review/consumption/HOTEL/GENERAL/240423,32,3,Sangat memuaskan dan jadi pilihan untuk menginap disini,Diulas 476 minggu lalu
https://www.traveloka.com/id-id/user/review/consumption/HOTEL/GENERAL/240423,32,4,Hotel yang nyaman dan strategis.,Diulas 476 minggu lalu
https://www.traveloka.com/id-id/user/review/consumption/HOTEL/GENERAL/240423,32,5,"semua pelayanan baik dan nyaman,",Diulas 476 minggu lalu
https://www.traveloka.com/id-id/user/review/consumption/HOTEL/GENERAL/240423,32,6,"Menyenangkan menginap di Santika Hotel Bogor, jika memungkinkan menu sarapan boleh di tambah variasinya",Diulas 476 minggu lalu
https://www.traveloka.com/id-id/user/review/consumption/HOTEL/GENERAL/240423,32,7,Hotelnya nyaman dan strategis.,Diulas 476 minggu lalu
https://www.traveloka.com/id-id/user/review/consumption/HOTEL/GENERAL/240423,32,8,"Pengalaman pertama di sana, dekat dengan area perbelanjaan dan tempat ini cukup baik.",Diulas 477 minggu lalu
https://www.traveloka.com/id-id/user/review/consumption/HOTEL/GENERAL/240423,32,9,"Hotel ini bersih, nyaman, dan bersebelahan dengan mal.",Diulas 477 minggu lalu
https://www.traveloka.com/id-id/user/review/consumption/HOTEL/GENERAL/240423,32,10,"Hotel bersih, suasana nyaman, dekat mall yang banyak kuliner dan juga hiburannya.",Diulas 477 minggu lalu
https://www.traveloka.com/id-id/user/review/consumption/HOTEL/GENERAL/240423,32,11,Bersih dan nyaman serta pelayanan bagus,Diulas 477 minggu lalu
https://www.traveloka.com/id-id/user/review/consumption/HOTEL/GENERAL/240423,32,12,"AC tidak bekerja, tapi kami pindah ke kamar yang lebih tinggi lainnya. Baik.",Diulas 478 minggu lalu
https://www.traveloka.com/id-id/user/review/consumption/HOTEL/GENERAL/240423,32,13,Hotelnya strategis dekat dengan mall dan kebun raya serta makanan bervariasi dari yang west oriental mau pun tradisional. Sudah berkali-kali  menginap disini mank tidak pernah bosen,Diulas 478 minggu lalu
https://www.traveloka.com/id-id/user/review/consumption/HOTEL/GENERAL/240423,32,14,Secara umum memuaskan. Pertahankan yang sudah baik dan tingkatkan lebih baik yang masih belum maksimal. Trims,Diulas 478 minggu lalu
https://www.traveloka.com/id-id/user/review/consumption/HOTEL/GENERAL/240423,32,15,"Lokasi strategis, turun dari bus damri bandara tinggal gerek koper, bersebelahan dengan mall. Oke banget.",Diulas 478 minggu lalu
https://www.traveloka.com/id-id/user/review/consumption/HOTEL/GENERAL/240423,32,16,Sangat nyaman dan saya merasa senang dan puas,Diulas 478 minggu lalu
https://www.traveloka.com/id-id/user/review/consumption/HOTEL/GENERAL/240423,32,17,Sangat strategis keseluruh destinasi wisata dan meeting. Pokoknya luar biasa kerennya.,Diulas 478 minggu lalu
https://www.traveloka.com/id-id/user/review/consumption/HOTEL/GENERAL/240423,32,18,"Lokasi adalah strategis, dekat dari resto juga aku punya layanan besar yang sangat baik dari hotel ini.",Diulas 479 minggu lalu
https://www.traveloka.com/id-id/user/review/consumption/HOTEL/GENERAL/240423,32,19,Baik. Bagus. Nyaman. Baik!,Diulas 480 minggu lalu
https://www.traveloka.com/id-id/user/review/consumption/HOTEL/GENERAL/240423,32,20,Baik. Aku akan kembali suatu hari nanti.,Diulas 480 minggu lalu
https://www.traveloka.com/id-id/user/review/consumption/HOTEL/GENERAL/240423,32,21,Ini bagus untuk menghabiskan malam di sini.,Diulas 480 minggu lalu
https://www.traveloka.com/id-id/user/review/consumption/HOTEL/GENERAL/240423,32,22,"Barang-barang di sini sudah tua. TV-nya kecil, toiletnya jelek. AC-nya juga sudah tua.",Diulas 480 minggu lalu
https://www.traveloka.com/id-id/user/review/consumption/HOTEL/GENERAL/240423,32,23,Semuanya memuaskan cuma kenapa tidak tersedia hair dryer.,Diulas 480 minggu lalu
https://www.traveloka.com/id-id/user/review/consumption/HOTEL/GENERAL/240423,32,24,1. Ketika masuk Seprei sepertinya tidak diganti dari yang menginap sebelumnya. 2. Tidak ada yang mengarahkan ketika mobil masuk ke Mall Botani Square sehingga sempat memutar lingkungan parkir beberapa kali untuk mencari Lokasi Parkir khusus Tamu Hotel.,Diulas 481 minggu lalu
https://www.traveloka.com/id-id/user/review/consumption/HOTEL/GENERAL/240423,32,25,"Nyaman, ramah, dekat dengan mall, akses mudah.",Diulas 481 minggu lalu
https://www.traveloka.com/id-id/user/review/consumption/HOTEL/GENERAL/240423,32,26,"Hotel Santika Bogor memiliki suasana yang bagus, sangat bersih dan nyaman. Jika kita pergi ke ruang bawah tanah, kita dapat menemukan pintu masuk ke Botani mal",Diulas 481 minggu lalu
https://www.traveloka.com/id-id/user/review/consumption/HOTEL/GENERAL/240423,32,27,"Makanan nya banyak pilihan dan enak ,tapi di kamar sangat memboskan karena TV juga kecil dan pemandangan nya kurang bagus serta tempat tidur nya juga rendah",Diulas 481 minggu lalu
https://www.traveloka.com/id-id/user/review/consumption/HOTEL/GENERAL/240423,32,28,Secara keseluruhan memuaskan meskipun makanannya tidak terlalu istimewa.,Diulas 482 minggu lalu
https://www.traveloka.com/id-id/user/review/consumption/HOTEL/GENERAL/240423,32,29,"Hotel Santika Bogor oke, dekat tempat kuliner, istana dan yang pasti ke mall tidak jauh",Diulas 482 minggu lalu
https://www.traveloka.com/id-id/user/review/consumption/HOTEL/GENERAL/240423,32,30,"Pelayanan memuaskan, parkir susah tapi dibantu oleh pihak hotel",Diulas 482 minggu lalu
https://www.traveloka.com/id-id/user/review/consumption/HOTEL/GENERAL/240423,32,31,Sarapannya enak...petugas hotel ramah dan hotel dekat dengan mall memudahkan kita untuk kuliner dan berbelanja..,Diulas 482 minggu lalu
https://www.traveloka.com/id-id/user/review/consumption/HOTEL/GENERAL/240423,32,32,"Keunggulan hotel ini karena akses ke mall dekat, ke pusat kota bogor dekat, menu sarapan lumayan dan bervariasi, pelayanan ramah, kebersihan oke, sangat recommended buat liburan",Diulas 482 minggu lalu
https://www.traveloka.com/id-id/user/review/consumption/HOTEL/GENERAL/240423,32,33,"dekat dengan kota, mall dan pelayanan ok",Diulas 482 minggu lalu
https://www.traveloka.com/id-id/user/review/consumption/HOTEL/GENERAL/240423,32,34,"Semuanya ok, dari sambutan,pelayanan,kebersihan & kerapihan kamar, kenyamanan everyting it's ok. Sarapan bervariatif cuma 1 yaitu untuk juice kenapa encer yh jadi gk mantap rasanya, yang saya suka minuman yang disediakan waktu sarapan jamu'y endes",Diulas 483 minggu lalu
https://www.traveloka.com/id-id/user/review/consumption/HOTEL/GENERAL/240423,32,35,Good hotel dan nice. Karyawan nya juga ramah ramah dan hotelnya juga langsung ke mall jadi enak deh langsung kelobby dan langsung ada pjntu akses ke mall,Diulas 483 minggu lalu
https://www.traveloka.com/id-id/user/review/consumption/HOTEL/GENERAL/240423,32,36,Hotel dan mall menjadi satu sehingga tidak membuang waktu untuk bermacet ria,Diulas 483 minggu lalu
https://www.traveloka.com/id-id/user/review/consumption/HOTEL/GENERAL/240423,32,37,hotel bersih...pelayanan bagus ...menu breakfast enak,Diulas 484 minggu lalu
https://www.traveloka.com/id-id/user/review/consumption/HOTEL/GENERAL/240423,32,38,Pokoknya bagus banget enak nyaman bikin betah....,Diulas 484 minggu lalu
https://www.traveloka.com/id-id/user/review/consumption/HOTEL/GENERAL/240423,32,39,"Hotel ini berdekatan/connecting dengan mall botani square.Juga sangat dekat dengan Kebun raya Bogor.Sarapan pagi sangat bervariasi dan lezat.Permintaan kamar dengan connecting door tdk kami dapatkan,walaupun sudah di request via traveloka dan juga memastikan request via telephone ke hotel.AC disetiap kamar bukan AC central,namun sayangnya AC kamar kami sedikit bermasalah namun di respon dengan cepat.Kebijakan check-out jam 12.30 siang terlalu dini,mengingat sebagai traveler muslim,kami harapkan hotel ini dpt memberi waktu untuk sholat Dzuhur paling tidak check-out jam 13.00 dirasa sudah sangat pas.Selebihnya pelayanan yg cukup memuaskan dengan staff yg ramah dan responsif.",Diulas 484 minggu lalu
https://www.traveloka.com/id-id/user/review/consumption/HOTEL/GENERAL/240423,32,40,Hotel yang nyaman di lokasi yang menarik. Ingin tinggal lagi di masa depan,Diulas 484 minggu lalu
https://www.traveloka.com/id-id/user/review/consumption/HOTEL/GENERAL/240423,33,1,Lokasi mudah diakses oleh airport hotel dan dekat dengan Mall,Diulas 485 minggu lalu
https://www.traveloka.com/id-id/user/review/consumption/HOTEL/GENERAL/240423,33,2,"Saya sangat puas menginap di hotel santika bogor, lokasi sangat dekat dengan mall dan makanannyabpun enak2 dan beragam. Hanya saja sulit mencari tempat parkirnya.",Diulas 485 minggu lalu
https://www.traveloka.com/id-id/user/review/consumption/HOTEL/GENERAL/240423,33,3,"tempatnya nyaman, ada akses ke mall nya. TOP",Diulas 486 minggu lalu
https://www.traveloka.com/id-id/user/review/consumption/HOTEL/GENERAL/240423,33,4,Hotel ini merupakan hotel favorit saya saat sedang liburan ke Bogor. Bersih dan nyaman.,Diulas 486 minggu lalu
https://www.traveloka.com/id-id/user/review/consumption/HOTEL/GENERAL/240423,33,5,"Kamar bersih, luas, nyaman dan view pegunungan..Top deh.",Diulas 486 minggu lalu
https://www.traveloka.com/id-id/user/review/consumption/HOTEL/GENERAL/240423,33,6,Hotel bagus kecuali tarifnya mahal.,Diulas 486 minggu lalu
https://www.traveloka.com/id-id/user/review/consumption/HOTEL/GENERAL/240423,33,7,Letaknya strategis dan mudah akses ke mall shoping,Diulas 486 minggu lalu
https://www.traveloka.com/id-id/user/review/consumption/HOTEL/GENERAL/240423,33,8,Cukup memuaskan...lokasi strategis di dalam mall,Diulas 486 minggu lalu
https://www.traveloka.com/id-id/user/review/consumption/HOTEL/GENERAL/240423,33,9,Hotel yang benar benar bagus... Ada pelayanan businessman centernya..,Diulas 486 minggu lalu
https://www.traveloka.com/id-id/user/review/consumption/HOTEL/GENERAL/240423,33,10,Pertama ada kegiatan kantor dan variasi makanannya cukup memuasakan sehingga pengin menginap secara personal..,Diulas 486 minggu lalu
https://www.traveloka.com/id-id/user/review/consumption/HOTEL/GENERAL/240423,33,11,"Pelayanan ok, makanan cukup bervariasi, cuma parkir rada susah.",Diulas 486 minggu lalu
https://www.traveloka.com/id-id/user/review/consumption/HOTEL/GENERAL/240423,33,12,"Menyenangkan karena dekat dengan pusat perbelanjaan, hiburan dan rekreasi.",Diulas 486 minggu lalu
https://www.traveloka.com/id-id/user/review/consumption/HOTEL/GENERAL/240423,33,13,"Lokasi strategis, sarapan memuaskan.",Diulas 486 minggu lalu
https://www.traveloka.com/id-id/user/review/consumption/HOTEL/GENERAL/240423,33,14,Sangat memuaskan pelayanannya & ramah pelayanannya.,Diulas 487 minggu lalu
https://www.traveloka.com/id-id/user/review/consumption/HOTEL/GENERAL/240423,33,15,Tempat yang bagus dan nyaman untuk menghabiskan waktu bersama keluarga kami,Diulas 487 minggu lalu
https://www.traveloka.com/id-id/user/review/consumption/HOTEL/GENERAL/240423,33,16,Lobby kecil makanan cukup enak,Diulas 487 minggu lalu
https://www.traveloka.com/id-id/user/review/consumption/HOTEL/GENERAL/240423,33,17,Hotelnya bersih dan nyaman cmn kolam renang utk dewasa terlalu kecil. Tapi all ok bangettt ...,Diulas 487 minggu lalu
https://www.traveloka.com/id-id/user/review/consumption/HOTEL/GENERAL/240423,33,18,semua oke. akan kembali untuk memastikan,Diulas 487 minggu lalu
https://www.traveloka.com/id-id/user/review/consumption/HOTEL/GENERAL/240423,33,19,"Hotel keluarga yang sangat bagus, harus mencobanya",Diulas 487 minggu lalu
https://www.traveloka.com/id-id/user/review/consumption/HOTEL/GENERAL/240423,33,20,Pelayanan sesuai dengan tarif hotel.,Diulas 487 minggu lalu
https://www.traveloka.com/id-id/user/review/consumption/HOTEL/GENERAL/240423,33,21,"Kamar luas, kolam renang bersih, breakfast enak",Diulas 487 minggu lalu
https://www.traveloka.com/id-id/user/review/consumption/HOTEL/GENERAL/240423,33,22,Lokasi bagus.. pusat pass dibisnis,Diulas 487 minggu lalu
https://www.traveloka.com/id-id/user/review/consumption/HOTEL/GENERAL/240423,33,23,"Besar &amp; nyaman, tapi ruang begitu kecil ..",Diulas 488 minggu lalu
https://www.traveloka.com/id-id/user/review/consumption/HOTEL/GENERAL/240423,33,24,saya sudah 2 kali menginap di santika bogor.dan tidak mengecewakan,Diulas 488 minggu lalu
https://www.traveloka.com/id-id/user/review/consumption/HOTEL/GENERAL/240423,33,25,Akses ditengah kota mudah kemana mana,Diulas 488 minggu lalu
https://www.traveloka.com/id-id/user/review/consumption/HOTEL/GENERAL/240423,33,26,"Keunggulannya adalah lokasi yang sangat strategis krn jd satu dgn mall, makanan enak, bersih..",Diulas 488 minggu lalu
https://www.traveloka.com/id-id/user/review/consumption/HOTEL/GENERAL/240423,33,27,"Kamar sangat berbau rokok, sangat mengganggu anak saya yang masih kecil. Walaupun sudah dibersihkan kembali, tetap bau rokok tercium di kasur, bantal, selimut, dan Gordyn. Hal ini sangat mengurangi kenyamanan kami dalam menginap.",Diulas 488 minggu lalu
https://www.traveloka.com/id-id/user/review/consumption/HOTEL/GENERAL/240423,33,28,Kolam renang di bawah pemeliharaan tanpa pemberitahuan dari manajemen hotel.,Diulas 488 minggu lalu
https://www.traveloka.com/id-id/user/review/consumption/HOTEL/GENERAL/240423,33,29,"Sip, oke pelayanan baik dan puas",Diulas 489 minggu lalu
https://www.traveloka.com/id-id/user/review/consumption/HOTEL/GENERAL/240423,33,30,"Untuk kamar dan fasilitas baik, mohon ditingkatkan untuk pelayanan parkir kendaraan.",Diulas 489 minggu lalu
https://www.traveloka.com/id-id/user/review/consumption/HOTEL/GENERAL/240423,33,31,"itu pengalaman yang bagus untuk tinggal di santika bogor Hotel, terima kasih untuk layanan s",Diulas 489 minggu lalu
https://www.traveloka.com/id-id/user/review/consumption/HOTEL/GENERAL/240423,33,32,tidak ada pemberitahuan kalau kolam renang tidak bisa di pakai....,Diulas 490 minggu lalu
https://www.traveloka.com/id-id/user/review/consumption/HOTEL/GENERAL/240423,33,33,"Petugas resto lupa kirim air mineral free..sdh telefon minta tambahan untuk air mineral, tapi tidak datang-datang",Diulas 490 minggu lalu
https://www.traveloka.com/id-id/user/review/consumption/HOTEL/GENERAL/240423,33,34,"Sangat menyenangkan,breakfastnya sangat banyak pilihan menunya",Diulas 490 minggu lalu
https://www.traveloka.com/id-id/user/review/consumption/HOTEL/GENERAL/240423,33,35,"Tidak ada pemberitahuan sebelumnya tentang pemeliharaan kolam renang. Anak saya miskin! Haruskah mereka memberitahu saya pertama, saya akan sudah mengatur tanggal jadwal ulang. Dan buah-buahan ... tidak ada semangka? Begitu canggung ...",Diulas 490 minggu lalu
https://www.traveloka.com/id-id/user/review/consumption/HOTEL/GENERAL/240423,33,36,"Lokasi hotel terdekat di pusat kota bogor, sehingga sangat mudah untuk setiap tempat untuk mencari kuliner dll ...",Diulas 490 minggu lalu
https://www.traveloka.com/id-id/user/review/consumption/HOTEL/GENERAL/240423,33,37,"Hotel oke, cuma kolam renangnya kurang oke/kurang bersih",Diulas 490 minggu lalu
https://www.traveloka.com/id-id/user/review/consumption/HOTEL/GENERAL/240423,33,38,Tinggal besar untuk keluarga ...,Diulas 490 minggu lalu
https://www.traveloka.com/id-id/user/review/consumption/HOTEL/GENERAL/240423,33,39,"Kolam renangnya, airnya kurang bersih",Diulas 490 minggu lalu
https://www.traveloka.com/id-id/user/review/consumption/HOTEL/GENERAL/240423,33,40,"Lokasi strategis. Dekat lokasi perkantoran, pintu tol dan tempat makan.",Diulas 490 minggu lalu
https://www.traveloka.com/id-id/user/review/consumption/HOTEL/GENERAL/240423,34,1,hotel yang bagus untuk perjalanan dan belanja,Diulas 490 minggu lalu
https://www.traveloka.com/id-id/user/review/consumption/HOTEL/GENERAL/240423,34,2,"Berdasarkan lokasi sangat strategis dan memuaskan, sangat cocok untuk liburan keluarga.",Diulas 490 minggu lalu
https://www.traveloka.com/id-id/user/review/consumption/HOTEL/GENERAL/240423,34,3,"Hotel dekat dengan Mall, makanan di rest. Enak..",Diulas 490 minggu lalu
https://www.traveloka.com/id-id/user/review/consumption/HOTEL/GENERAL/240423,34,4,"Lokasi Strategis include dengan Mall Botani, Makanan Sangat Lengkap dan kamar mandi cukup lega, cuma sayang tidak ada sandal, + kulkas kecil....",Diulas 491 minggu lalu
https://www.traveloka.com/id-id/user/review/consumption/HOTEL/GENERAL/240423,34,5,Tempat ok .hnya parkir jadi 1 dgn mal jadi agak susah kalu in out hotel cari parkirnya lagi.,Diulas 491 minggu lalu
https://www.traveloka.com/id-id/user/review/consumption/HOTEL/GENERAL/240423,34,6,Tempat yang bagus lokasi strategis,Diulas 491 minggu lalu
https://www.traveloka.com/id-id/user/review/consumption/HOTEL/GENERAL/240423,34,7,"Secara keseluruhan, sangat memuaskan. Pelayanan yang sangat ramah.",Diulas 492 minggu lalu
https://www.traveloka.com/id-id/user/review/consumption/HOTEL/GENERAL/240423,34,8,"Hotelnya cukup bersih, pelayanannya ramah.",Diulas 493 minggu lalu
https://www.traveloka.com/id-id/user/review/consumption/HOTEL/GENERAL/240423,34,9,"ketika kami tiba di hotel dan masuk ke kamar, didalam kamar tercium bau asap rokok yang kuat sedangkan saya dan anak2 saya ga kuat dengan asap rokok, saya telp resepsion untuk ganti kamar, mereka bilang tidak ada kamar kososng dan mereka menawari kamar kami dikasih alat untuk penetralisir asap rokok tersebut ( namun tetap saja masih tercium wangi asap rokok) pada saat sarapan pagi mba yang di pintu masuk restro edelweis mempersilakan kami masuk yang ternyata didalam area makan sudah penuh, saya ga abis pikir kenapa tidak menggunakan sistem waiting list yang jelas2 kami makan duduk bukannya berdiri ( memangnya diresepsi pernikahan, ini adalah ssarapan pagi ) percuma saja sudah ada mba2nya didepan kami pikir sudah dihitung berdasarkan meja dan orang ternyata kami disuruh mencari kursi duduk sendiri yang jelas2 di dalam area makan tersebut penuh, saya ga abis pikir. mba yang dipintu depan bertanya jumlah orang sedangkan saya sengaja nambah extra bed untuk dapet kupon makan sati lagi ( setau saya selama saya pernah menginap dihotel bintang 5 sekalipun 1 kupon makan orang dewasa berlaku untuk 2 orang anak2 ) untung saja tidak jadi ditagih, kalau ditagih saya bakalan komplain pada saat checkout. inti dari semua saya kecewa sekali",Diulas 493 minggu lalu
https://www.traveloka.com/id-id/user/review/consumption/HOTEL/GENERAL/240423,34,10,"Pelayanan baik, rasa dan varian makanan memuaskan, hanya parkiran sangat sulit.",Diulas 494 minggu lalu
https://www.traveloka.com/id-id/user/review/consumption/HOTEL/GENERAL/240423,34,11,Sangat nyaman dan bersih serta makanannya bervariasi.,Diulas 494 minggu lalu
https://www.traveloka.com/id-id/user/review/consumption/HOTEL/GENERAL/240423,34,12,"Hotelnya bagus, kamarnya nyaman, makanannya juga enak-enak dan banyak variasinya, letaknya strategis dekat mall dan terminal. Pokoknya worth it lah menginap disana.",Diulas 495 minggu lalu
https://www.traveloka.com/id-id/user/review/consumption/HOTEL/GENERAL/240423,34,13,Fasilitas kurang sesuai dengan klas bintang nya.,Diulas 495 minggu lalu
https://www.traveloka.com/id-id/user/review/consumption/HOTEL/GENERAL/240423,34,14,Saya memiliki waktu yang tepat untuk tinggal 1 malam dengan keluarga .. tidak perlu pergi ke luar untuk makan siang atau makan malam .. kita bisa langsung pergi ke mall .. pengalaman yang hebat .. ingin kembali untuk liburan kali ..,Diulas 495 minggu lalu
https://www.traveloka.com/id-id/user/review/consumption/HOTEL/GENERAL/240423,34,15,"Bagus, nyaman, bersih dan aksesnya mudah dijangkau, dekat dengan jalan besar.",Diulas 495 minggu lalu
https://www.traveloka.com/id-id/user/review/consumption/HOTEL/GENERAL/240423,34,16,"Ya lumayan not bad, satu area dengan mall di Bogor. Tapi hotel nya biasa saja",Diulas 496 minggu lalu
https://www.traveloka.com/id-id/user/review/consumption/HOTEL/GENERAL/240423,34,17,"Memuaskan, bersih..pelayanan ok",Diulas 496 minggu lalu
https://www.traveloka.com/id-id/user/review/consumption/HOTEL/GENERAL/240423,34,18,"Lokasi yang baik, dekat mal. Sebuah hotel yang nyaman.",Diulas 497 minggu lalu
https://www.traveloka.com/id-id/user/review/consumption/HOTEL/GENERAL/240423,34,19,Dekat dengan mall dan tempat kuliner,Diulas 497 minggu lalu
https://www.traveloka.com/id-id/user/review/consumption/HOTEL/GENERAL/240423,34,20,secara keseluruhan sangat memuaskan dengan pelayanan yang sangat baik mungkin yang kurang hanya untuk ruang makannya pada saat breakfast yang sepertinya kurang luas mengingat kapasitas tamu yang banyak sehingga harus bergantian.,Diulas 497 minggu lalu
https://www.traveloka.com/id-id/user/review/consumption/HOTEL/GENERAL/240423,34,21,thanks traveloka semua jadi lebih mudah Dan nyaman..sukses buat traveloka..good job!!,Diulas 497 minggu lalu
https://www.traveloka.com/id-id/user/review/consumption/HOTEL/GENERAL/240423,34,22,"Rekomendasi untuk liburan, a perfect hotel",Diulas 501 minggu lalu
https://www.traveloka.com/id-id/user/review/consumption/HOTEL/GENERAL/240423,34,23,"Lokasi yang strategis dan menyenangkan untuk liburan, karena dekat mall dan kearah tmpt wisata..",Diulas 501 minggu lalu
https://www.traveloka.com/id-id/user/review/consumption/HOTEL/GENERAL/240423,34,24,Semua bagus tapi menurut saya biasa saja karena memang yah harus demikian sebuah. Hotel yang patut di perhitungkan kalau teman teman mau menginap di bogo,Diulas 502 minggu lalu
https://www.traveloka.com/id-id/user/review/consumption/HOTEL/GENERAL/240423,34,25,"Bagus, petugasnya ramah, menyenangkan",Diulas 503 minggu lalu
https://www.traveloka.com/id-id/user/review/consumption/HOTEL/GENERAL/240423,34,26,"HSB adalah hotel yang besar dengan layanan penuh untuk tamu. Kenyamanan, lokasi strategis, layanan besar, bersih, baik makanan dan lokasi bergabung ke Botani Mall, memudahkan tamu untuk menemukan kebutuhan.",Diulas 505 minggu lalu
https://www.traveloka.com/id-id/user/review/consumption/HOTEL/GENERAL/240423,34,27,"Sangat baik, staff ramah, brekfast oke dan variatif, dekat kmn2, hanya lobby yang kurang luas, selebihnya oke.",Diulas 505 minggu lalu
https://www.traveloka.com/id-id/user/review/consumption/HOTEL/GENERAL/240423,34,28,"Kamarnya luas, pelayanan ramah, sarapan banyak variasinya. 1 lokasi dgn mall Botani, sangat menyenangkan.",Diulas 505 minggu lalu
https://www.traveloka.com/id-id/user/review/consumption/HOTEL/GENERAL/240423,34,29,Hotel yang bagus di lokasi yang baik. Tapi lobi hotel tidak cukup baik.,Diulas 505 minggu lalu
https://www.traveloka.com/id-id/user/review/consumption/HOTEL/GENERAL/240423,34,30,"Hotel cukup lumayan enak,banyak pilihan breakfast dan lokasi enak dekat kemana2.anak2 happy bisa renang dan gampang ke mall botani square.",Diulas 505 minggu lalu
https://www.traveloka.com/id-id/user/review/consumption/HOTEL/GENERAL/240423,34,31,"Lokasi strategis, kebersihan oke, pelayanan prima & makanannya komplit... thanks Santika",Diulas 506 minggu lalu
https://www.traveloka.com/id-id/user/review/consumption/HOTEL/GENERAL/240423,34,32,"Ini adalah hotel yang bagus, cocok untuk keluarga dengan anak-anak.",Diulas 506 minggu lalu
https://www.traveloka.com/id-id/user/review/consumption/HOTEL/GENERAL/240423,34,33,Hotel santika bogor nyaman dan bersih.,Diulas 506 minggu lalu
https://www.traveloka.com/id-id/user/review/consumption/HOTEL/GENERAL/240423,34,34,"Baik suasana, staf yang ramah, lingkungan yang bersih dan nyaman kamar. Lokasi mudah untuk menemukan. Aku tidak cukup senang dengan sesi sarapan, meskipun. Ini terlalu ramai tapi staf melakukan yang terbaik untuk melayani.",Diulas 506 minggu lalu
https://www.traveloka.com/id-id/user/review/consumption/HOTEL/GENERAL/240423,34,35,Lebih enak karena dekat mall dan dekat terminal bus,Diulas 507 minggu lalu
https://www.traveloka.com/id-id/user/review/consumption/HOTEL/GENERAL/240423,34,36,Strategis lokasinya sebaiknya free parking untuk tamu hotel diinfokan waktu check in,Diulas 508 minggu lalu
https://www.traveloka.com/id-id/user/review/consumption/HOTEL/GENERAL/240423,34,37,"Lokasi yang sangat strategis, berdempetan dengan mall.",Diulas 508 minggu lalu
https://www.traveloka.com/id-id/user/review/consumption/HOTEL/GENERAL/240423,34,38,"yang pasti hotel nya langsung masuk mall bisa belanja, makanan nya juga enak",Diulas 509 minggu lalu
https://www.traveloka.com/id-id/user/review/consumption/HOTEL/GENERAL/240423,34,39,Baik karena dekat dengan mal dan strategis.,Diulas 509 minggu lalu
https://www.traveloka.com/id-id/user/review/consumption/HOTEL/GENERAL/240423,34,40,Kebutuhan mini kulkas di setiap kamar.,Diulas 509 minggu lalu
https://www.traveloka.com/id-id/user/review/consumption/HOTEL/GENERAL/240423,35,1,Pilihan breakfastnya lumayan banyak,Diulas 510 minggu lalu
https://www.traveloka.com/id-id/user/review/consumption/HOTEL/GENERAL/240423,35,2,Tempat yang bagus untuk tinggal. Staf nyaman dan ramah,Diulas 511 minggu lalu
https://www.traveloka.com/id-id/user/review/consumption/HOTEL/GENERAL/240423,35,3,"Lokasi yang sangat baik, bersih dan ramah staf. Makanan yang baik",Diulas 512 minggu lalu
https://www.traveloka.com/id-id/user/review/consumption/HOTEL/GENERAL/240423,35,4,"Hotel di tengah kota, dekat kemana-mana.",Diulas 512 minggu lalu
https://www.traveloka.com/id-id/user/review/consumption/HOTEL/GENERAL/240423,35,5,Recomanded banget untuk acara keluarga. strategis dekat dengan Mall Botani,Diulas 512 minggu lalu
https://www.traveloka.com/id-id/user/review/consumption/HOTEL/GENERAL/240423,35,6,Ruangan yang sangat nyaman dan sangat menarik sekitarnya.,Diulas 513 minggu lalu
https://www.traveloka.com/id-id/user/review/consumption/HOTEL/GENERAL/240423,35,7,"Strategis terletak di jantung kota. Oleh karena itu, untuk ruang pada harga, fasilitas ini tidak benar-benar memuaskan.",Diulas 513 minggu lalu
https://www.traveloka.com/id-id/user/review/consumption/HOTEL/GENERAL/240423,35,8,Tempat yg strategis untuk berlibur.,Diulas 515 minggu lalu
https://www.traveloka.com/id-id/user/review/consumption/HOTEL/GENERAL/240423,35,9,"Lokasi bagus sekali, karena ini musim liburan, swimming pool agar lebih diperhatikan , over all puas.",Diulas 515 minggu lalu
https://www.traveloka.com/id-id/user/review/consumption/HOTEL/GENERAL/240423,35,10,"kamar besar yang bagus, membantu staf dan dekat dengan Botani square mall, stasiun bus juga kebun raya, sarapan yang baik. Akan kembali lagi.",Diulas 516 minggu lalu
https://www.traveloka.com/id-id/user/review/consumption/HOTEL/GENERAL/240423,35,11,"Staf yang ramah dan ruangan yang cukup luas, satu area dengan botani mall",Diulas 516 minggu lalu
https://www.traveloka.com/id-id/user/review/consumption/HOTEL/GENERAL/240423,35,12,Dekorasi agak tua dan sedikit lari ke bawah. Tapi itu baik-baik saja. Ini bersih. Hanya saja memiliki beberapa bau furnitur lama. Lokasi baik.,Diulas 517 minggu lalu
https://www.traveloka.com/id-id/user/review/consumption/HOTEL/GENERAL/240423,35,13,Saya suka Santika Hotel karena tempat ini memiliki pusat perbelanjaan,Diulas 520 minggu lalu
https://www.traveloka.com/id-id/user/review/consumption/HOTEL/GENERAL/240423,35,14,Sarapan yang baik !! Suka. Saya berharap kami bisa tinggal di sini untuk kunjungan berikutnya ke Bogor.,Diulas 521 minggu lalu
https://www.traveloka.com/id-id/user/review/consumption/HOTEL/GENERAL/240423,35,15,"Strategis, urusan bisnis lancar, kuliner gampang, bisa nonton XXI.",Diulas 521 minggu lalu
https://www.traveloka.com/id-id/user/review/consumption/HOTEL/GENERAL/240423,35,16,Baik dan up to date fasilitas. Staf yang ramah dan yang paling penting dekat kompleks perbelanjaan,Diulas 521 minggu lalu
https://www.traveloka.com/id-id/user/review/consumption/HOTEL/GENERAL/240423,35,17,Makanan nya enak dan banyak macam nya,Diulas 522 minggu lalu
https://www.traveloka.com/id-id/user/review/consumption/HOTEL/GENERAL/240423,35,18,"Bagus, bersih, nyaman... cocok buat liburan keluarga",Diulas 522 minggu lalu
https://www.traveloka.com/id-id/user/review/consumption/HOTEL/GENERAL/240423,35,19,"PSE untuk keamanan pelanggan Anda, pse make ID card untuk penggunaan pelanggan lift ke kamar hotel .... Terima kasih",Diulas 522 minggu lalu
https://www.traveloka.com/id-id/user/review/consumption/HOTEL/GENERAL/240423,35,20,"Santika punya breakfast yang banyak variant dan enak2... Kamar & kamar mandi bersih, staf ramah",Diulas 523 minggu lalu
https://www.traveloka.com/id-id/user/review/consumption/HOTEL/GENERAL/240423,35,21,"Lokasi adalah hal utama tentang hotel ini, di kota sisi pusat berdampingan dengan kota belanja. Hal lain adalah seperti yang diharapkan dari Santika, kamar bagus, sarapan besar.",Diulas 523 minggu lalu
https://www.traveloka.com/id-id/user/review/consumption/HOTEL/GENERAL/240423,35,22,"overall bagus, tapi kebersihan pada tea/coffee cup tidak bersih cucinya masih ada sisa coffee dipiring dan gelasnya mungkin dari pemakaian tamu sebelumnya. dan harga tidak sesuai dengan fasilitas yang ada dibandingkan dengan hotel setarafnya.",Diulas 524 minggu lalu
https://www.traveloka.com/id-id/user/review/consumption/HOTEL/GENERAL/240423,35,23,"Letak strategis, sarapan oke, shopping dekat.",Diulas 524 minggu lalu
https://www.traveloka.com/id-id/user/review/consumption/HOTEL/GENERAL/240423,35,24,"Pelayanan pas sarapan paginya payah banget, kolam renang nya kecil..... ngak sesuai sama harga nya",Diulas 524 minggu lalu
https://www.traveloka.com/id-id/user/review/consumption/HOTEL/GENERAL/240423,35,25,Enak dan deket kemana2. Recommended.,Diulas 525 minggu lalu
https://www.traveloka.com/id-id/user/review/consumption/HOTEL/GENERAL/240423,35,26,Kunci masih manual harusnya menyesuaikan,Diulas 525 minggu lalu
https://www.traveloka.com/id-id/user/review/consumption/HOTEL/GENERAL/240423,35,27,"Biasa saja, untuk kualitas standar semuanya.",Diulas 525 minggu lalu
https://www.traveloka.com/id-id/user/review/consumption/HOTEL/GENERAL/240423,35,28,"Excellent service, pas ada gempa, petugas dengan tenang mengatur evakuasi.",Diulas 525 minggu lalu
https://www.traveloka.com/id-id/user/review/consumption/HOTEL/GENERAL/240423,35,29,"Dekat IPB convention center, dekat akses jalan tol jagorawi, dekat mall",Diulas 525 minggu lalu
https://www.traveloka.com/id-id/user/review/consumption/HOTEL/GENERAL/240423,35,30,Hotelnya nyaman...dekat dengan mall dan kebun raya,Diulas 527 minggu lalu
https://www.traveloka.com/id-id/user/review/consumption/HOTEL/GENERAL/240423,35,31,"Tempatnya lumayan nyaman, makanan oke",Diulas 527 minggu lalu
https://www.traveloka.com/id-id/user/review/consumption/HOTEL/GENERAL/240423,35,32,Tempatnya ditengah kota dan dekat dengan mall dan tempat2 wisata kuliner juga jalan tol. Rekomen banget deh.,Diulas 527 minggu lalu
https://www.traveloka.com/id-id/user/review/consumption/HOTEL/GENERAL/240423,35,33,"tempat yang baik dan pelayanan yang baik, begitu puas ..",Diulas 528 minggu lalu
https://www.traveloka.com/id-id/user/review/consumption/HOTEL/GENERAL/240423,35,34,Jalan tembus ke parkir dan mall yang lebih deket dan parkir khusus untuk tamu hotel,Diulas 529 minggu lalu
https://www.traveloka.com/id-id/user/review/consumption/HOTEL/GENERAL/240423,35,35,Makanan dan layanan chefnya mengagumkan,Diulas 530 minggu lalu
https://www.traveloka.com/id-id/user/review/consumption/HOTEL/GENERAL/240423,35,36,Membersihkan room terlalu siang...,Diulas 532 minggu lalu
https://www.traveloka.com/id-id/user/review/consumption/HOTEL/GENERAL/240423,35,37,Rekomendasi Hotel! Sangat bagus..,Diulas 534 minggu lalu
https://www.traveloka.com/id-id/user/review/consumption/HOTEL/GENERAL/240423,35,38,"Cukup nyaman, bersih dan ramah pegawainya",Diulas 534 minggu lalu
https://www.traveloka.com/id-id/user/review/consumption/HOTEL/GENERAL/240423,35,39,Tempat yang bagus dan pelayanan yang baik,Diulas 535 minggu lalu
https://www.traveloka.com/id-id/user/review/consumption/HOTEL/GENERAL/240423,35,40,Disamping mall.. deket kebun raya...deket Istana Presiden. deket terminal...,Diulas 535 minggu lalu
https://www.traveloka.com/id-id/user/review/consumption/HOTEL/GENERAL/240423,36,1,"Lokasi sangat strategis namun fasilitas seperti amaris...tempat fitnes buruk, sarapan enak",Diulas 535 minggu lalu
https://www.traveloka.com/id-id/user/review/consumption/HOTEL/GENERAL/240423,36,2,"Hotel bagus di pusat kawasan bisnis, dapat ditempuh dengan berjalan kaki ke pusat perbelanjaan.",Diulas 536 minggu lalu
https://www.traveloka.com/id-id/user/review/consumption/HOTEL/GENERAL/240423,36,3,"Pelayanan nya oke, staff ramah, kamar bersih, tinggal makanan aja lebih variasi & rasa lebih ditingkatkan",Diulas 536 minggu lalu
https://www.traveloka.com/id-id/user/review/consumption/HOTEL/GENERAL/240423,36,4,"Dekat exit tol, nempel dengan mall, memuaskan",Diulas 536 minggu lalu
https://www.traveloka.com/id-id/user/review/consumption/HOTEL/GENERAL/240423,36,5,"Baik saat sarapan membersihkan kamar, beberapa peralatan perlu diganti (deposit box tidak bekerja, toilet tombol siram tidak bekerja dengan benar). Secara umum itu adalah nilai untuk uang",Diulas 536 minggu lalu
https://www.traveloka.com/id-id/user/review/consumption/HOTEL/GENERAL/240423,36,6,"Sangat bagus pelayanan dan managemennya. Tidak ribet dan mengerti kebutuhan tamu. Keluarga dengan 2 org anak, tidak dihalangi atau tidak ada syarat2 harus kena charge sarapan pagi nya. saya pikir ini baik, karena sarapan pagi seharusnya tamu tidak akan makan seperti makan siang. thanks.",Diulas 536 minggu lalu
https://www.traveloka.com/id-id/user/review/consumption/HOTEL/GENERAL/240423,36,7,"Bersih, Lokasi Strategis dan nyaman",Diulas 537 minggu lalu
https://www.traveloka.com/id-id/user/review/consumption/HOTEL/GENERAL/240423,36,8,Breakfast menunya oke...pelayanan oke..,Diulas 537 minggu lalu
https://www.traveloka.com/id-id/user/review/consumption/HOTEL/GENERAL/240423,36,9,"Menu sarapannya beragam dan enak-enak. Lokasinya sangat strategis, mau ke mall tidak perlu naik mobil",Diulas 537 minggu lalu
https://www.traveloka.com/id-id/user/review/consumption/HOTEL/GENERAL/240423,36,10,"Tempat yang bagus, bagus Sarapan, bagus Layanan",Diulas 538 minggu lalu
https://www.traveloka.com/id-id/user/review/consumption/HOTEL/GENERAL/240423,36,11,Makanannya asli selera Nusantara dan sangat Indonesia...pelayanan mulai dari masuk check-in sampai keluar check-out sangat baik..,Diulas 538 minggu lalu
https://www.traveloka.com/id-id/user/review/consumption/HOTEL/GENERAL/240423,36,12,"Lokasi cukup strategis karena bersebelahan dengan Botani Square, sehinga memudahkan untuk mencari tempat makan dan hiburan",Diulas 539 minggu lalu
https://www.traveloka.com/id-id/user/review/consumption/HOTEL/GENERAL/240423,36,13,"Makanannya banyak variasi, tapi rasa standar AMARIS. Pesen omlet tidak boleh ditungguin, katanya mau diantar ajah.. tapi 20 menit tidak dianter2. Waktu ditanya malah bilang ""pesennya kapan ya""",Diulas 539 minggu lalu
https://www.traveloka.com/id-id/user/review/consumption/HOTEL/GENERAL/240423,36,14,"Pelayanan baik, fasilitas baik",Diulas 539 minggu lalu
https://www.traveloka.com/id-id/user/review/consumption/HOTEL/GENERAL/240423,36,15,"Bagus, bersih, dan pelayanannya ramah",Diulas 539 minggu lalu
https://www.traveloka.com/id-id/user/review/consumption/HOTEL/GENERAL/240423,36,16,"Pelayanan yang baik, ramah dan bersahabat, kamarnya bersih, terhubung dengan Botani Square dan akses langsung ke pool Damri Bandara. Terima kasih Santika untuk pelayanannya 2 hari tanggal 19 dan 20 Januari 2016",Diulas 540 minggu lalu
https://www.traveloka.com/id-id/user/review/consumption/HOTEL/GENERAL/240423,36,17,"Tempat bersih dan nyaman, view bagus dan berada di Pusat Kota",Diulas 540 minggu lalu
https://www.traveloka.com/id-id/user/review/consumption/HOTEL/GENERAL/240423,36,18,Kamar dingin. Fasilitas memuaskan pokoke enaaak,Diulas 540 minggu lalu
https://www.traveloka.com/id-id/user/review/consumption/HOTEL/GENERAL/240423,36,19,"Breakfast sangat bervariaai, serasa wiaata kuliner. pelayanan dan privasi hebat",Diulas 541 minggu lalu
https://www.traveloka.com/id-id/user/review/consumption/HOTEL/GENERAL/240423,36,20,"Di tengah cuaca kota Bogor yang sering hujan tiba-tiba, posisi hotel yang menempel dengan mall cukup membantu. Terutama dalam hal mencari makan dan belanja.",Diulas 541 minggu lalu
https://www.traveloka.com/id-id/user/review/consumption/HOTEL/GENERAL/240423,36,21,"Doormen, Frontman, Security sangat baik pelayanannya, kamar bersih, AC dingin, breakfast banyak variasi hanya kapasitas meja perlu ditambah, area parkir tidak dijaga petugas sehingga tamu harus mencari pintu masuk parkirnya sendiri. Cocok untuk liburan sekeluarga karena akses dekat mall, pintu tol dan ditengah kota bogor. Recommended!!",Diulas 541 minggu lalu
https://www.traveloka.com/id-id/user/review/consumption/HOTEL/GENERAL/240423,36,22,Tempat yang baik .. dan makanan yang baik tapi toilet di ruang melakukan maintanance,Diulas 541 minggu lalu
https://www.traveloka.com/id-id/user/review/consumption/HOTEL/GENERAL/240423,36,23,"Pelayanan pada saat sarapan pagi, kurang memuaskan dan menu makanan kurang bervariasi",Diulas 542 minggu lalu
https://www.traveloka.com/id-id/user/review/consumption/HOTEL/GENERAL/240423,36,24,Lokasi sangat strategis .,Diulas 542 minggu lalu
https://www.traveloka.com/id-id/user/review/consumption/HOTEL/GENERAL/240423,36,25,Ok..sangat menyenangkan..nasi gorengnya kemahalan,Diulas 542 minggu lalu
https://www.traveloka.com/id-id/user/review/consumption/HOTEL/GENERAL/240423,36,26,Tempat yang baik untuk akhir pekan keluarga,Diulas 542 minggu lalu
https://www.traveloka.com/id-id/user/review/consumption/HOTEL/GENERAL/240423,36,27,"Ini adalah kedua kami tinggal di Hotel Santika Bogor. Itu besar, para staf yang responsif, cek di-check out proses halus, dan kami tidak perlu khawatir tentang parkir mobil karena mereka menawarkan layanan valet gratis! Sarapan yang baik, mereka memberikan beberapa makanan tradisional seperti Toge Goreng, Lontong Medan, dll",Diulas 542 minggu lalu
https://www.traveloka.com/id-id/user/review/consumption/HOTEL/GENERAL/240423,36,28,Hotel dengan lokasi strategis dan terkoneksi dengan Mall Botani square menjadi kelebihan hotel santika. Namun Suasana kamar yang bersih terganggu oleh suara bising dr aktivitas kamar lain sehingga mengurangi kenyamanan tinggal di hotel santika. Untuk sajian makanan tidak memuaskan sebagai hotel berbintang.,Diulas 542 minggu lalu
https://www.traveloka.com/id-id/user/review/consumption/HOTEL/GENERAL/240423,36,29,"Strategis, bersih, ramah dan enak makanannya meski waktu regristasi awal agak lama. Mungkin karena lagi penuh aja. Secara keseluruhan memuaskan",Diulas 542 minggu lalu
https://www.traveloka.com/id-id/user/review/consumption/HOTEL/GENERAL/240423,36,30,Untuk liburan keluarga nyaman...apa lagi yang punya anak kecil...untuk cari makanan sangat dekat mall..untuk keseluruhan suka sekali menginap di santika bogor anak2pun sangat suka...,Diulas 542 minggu lalu
https://www.traveloka.com/id-id/user/review/consumption/HOTEL/GENERAL/240423,36,31,"Lokasi strategis, mudah kemana-mana,",Diulas 542 minggu lalu
https://www.traveloka.com/id-id/user/review/consumption/HOTEL/GENERAL/240423,36,32,"Lokasinya strategis banget nyatu sama botani square! akses ke jalan tol, kebun raya, tajur juga deket. breakfastnya enakk, pelayanannya juga ramah dan cepat, very recommended!!",Diulas 542 minggu lalu
https://www.traveloka.com/id-id/user/review/consumption/HOTEL/GENERAL/240423,36,33,Memuaskan pelayanan cepat Kamar bersih ..,Diulas 543 minggu lalu
https://www.traveloka.com/id-id/user/review/consumption/HOTEL/GENERAL/240423,36,34,Mantap strategis se. X Makanan yang tak terlupakan..,Diulas 543 minggu lalu
https://www.traveloka.com/id-id/user/review/consumption/HOTEL/GENERAL/240423,36,35,"Makanan kurang lezat, slow respon jika ada makanan yang mulai habis, ruang makan yang diluar lambt dibersihkan",Diulas 543 minggu lalu
https://www.traveloka.com/id-id/user/review/consumption/HOTEL/GENERAL/240423,36,36,"Hotelnya enak di pusat kota. Pelayannya semua ramah. Makanannya lumayan. Rekomen untuk keluarga bisa hiburan berenang. Hanya sedikit minusnya tidak ada area taman, tempat bermaib",Diulas 543 minggu lalu
https://www.traveloka.com/id-id/user/review/consumption/HOTEL/GENERAL/240423,36,37,Saya pikir lobi dan coridor harus menggunakan secara penuh AC dan penuh karpet (terlihat seperti aula),Diulas 543 minggu lalu
https://www.traveloka.com/id-id/user/review/consumption/HOTEL/GENERAL/240423,36,38,"hotel santika keren pokoknya, lokasi strategis",Diulas 543 minggu lalu
https://www.traveloka.com/id-id/user/review/consumption/HOTEL/GENERAL/240423,36,39,"Mantap, sangat strategis, dan bersih..",Diulas 543 minggu lalu
https://www.traveloka.com/id-id/user/review/consumption/HOTEL/GENERAL/240423,36,40,"Menyatu dengan mall, perlu apa2 gampang",Diulas 543 minggu lalu
https://www.traveloka.com/id-id/user/review/consumption/HOTEL/GENERAL/240423,37,1,"Kamarnya oke, fasilitas dan staffnya helpful banget, saya sempat tny ke resepsionis butuh obat tapi blum ada toko obat yang buka dan securitynya menawarkan diri untuk bantu beli di warung. bener2 memuaskan keramahan staffnya. Hanya 1 kekurangannya kamarnya tidak kedap suara sehingga kamar sebelah yang berisik terdengar dan ada anak berlarian di lorong pun terdengar dari kamar.",Diulas 543 minggu lalu
https://www.traveloka.com/id-id/user/review/consumption/HOTEL/GENERAL/240423,37,2,Bagus hotelnya bersih aksesnya mudah,Diulas 544 minggu lalu
https://www.traveloka.com/id-id/user/review/consumption/HOTEL/GENERAL/240423,37,3,"Hotelnya nyaman bersih, pelayalanan baik. semua staff sangat ramah, staffnya rajin senyum. sangat recommended untuk menginap di bogor.",Diulas 545 minggu lalu
https://www.traveloka.com/id-id/user/review/consumption/HOTEL/GENERAL/240423,37,4,Cukup nyaman dan menyenangkan. Tempatnya strategis bergabung dengan mall memidahkan jika menginginkan sesuatu yang tidak ada di hotel.,Diulas 545 minggu lalu
https://www.traveloka.com/id-id/user/review/consumption/HOTEL/GENERAL/240423,37,5,"Sebenarnya hotel yang baik, kami telah meminta 2 kamar dengan tempat tidur ganda dan kami tidak memesan dari 4 hari sebelum tanggal tetapi ketika kami tiba mereka memberi kami 2 kamar dengan tempat tidur kembar dan mereka mengatakan kami tidak meminta (kami menempatkan permintaan dalam bentuk traveloka) dan hotel telah penuh boked sejak 1 hari before..eventually mereka memberi kita 1 kamar dengan dua tempat tidur dan 1 kamar dengan twin bed..without kompensasi apapun ..",Diulas 545 minggu lalu
https://www.traveloka.com/id-id/user/review/consumption/HOTEL/GENERAL/240423,37,6,"Ruangan itu besar, merasa seperti di rumah",Diulas 546 minggu lalu
https://www.traveloka.com/id-id/user/review/consumption/HOTEL/GENERAL/240423,37,7,Nyaman bermalam di Santika Bogor,Diulas 546 minggu lalu
https://www.traveloka.com/id-id/user/review/consumption/HOTEL/GENERAL/240423,37,8,Parkirnya yang sulit tapi dimaklum karena lagi Jokowi.,Diulas 546 minggu lalu
https://www.traveloka.com/id-id/user/review/consumption/HOTEL/GENERAL/240423,37,9,Resepsionis ramah. kamar bersih. view bagus,Diulas 547 minggu lalu
https://www.traveloka.com/id-id/user/review/consumption/HOTEL/GENERAL/240423,37,10,"Lokasinya bagus, berada di dalam mal Botani Square. Dekat dengan Kebun Raya.",Diulas 548 minggu lalu
https://www.traveloka.com/id-id/user/review/consumption/HOTEL/GENERAL/240423,37,11,"Lokasi, keramahan staf, variasi makanan dan kolam renang memuaskan. Pesanan kamar juga sesuai, hanya saja perlu ditingkatkan lagi kinerja housekeepernya. Tidak perlu terburu-buru dalam merapikan kamar. Saya pesan dua kamar dengan connecting door. Kamar sudah bersih, tetapi selimut kurang rapi ditata, gelas kumur tidak tersedia di satu kamar, di kamar lainnya perlengkapan mandi (sikat & pasta gigi) kurang 1 set. Selain itu saat saya menginap, shower toilet di salah satu kamar bocor, mohon diperbaiki segera. Selebihnya ok. Saya senang ada koridor basement yang menghubungkan hotel dengan botani mall, cukup mempermudah mobilitas.",Diulas 548 minggu lalu
https://www.traveloka.com/id-id/user/review/consumption/HOTEL/GENERAL/240423,37,12,Sangat nyaman. Lokasi sangat strategis,Diulas 549 minggu lalu
https://www.traveloka.com/id-id/user/review/consumption/HOTEL/GENERAL/240423,37,13,"Hotel ini cukup representatif untuk menginap, terutama untuk keperluan bisnis. Lokasinya sangat bagus.",Diulas 549 minggu lalu
https://www.traveloka.com/id-id/user/review/consumption/HOTEL/GENERAL/240423,37,14,"Secara keseluruhan, pengalamannya sangat bagus. Beberapa peningkatan sangat menyenangkan, seperti lift yang lebih besar dan TV yang lebih besar.",Diulas 549 minggu lalu
https://www.traveloka.com/id-id/user/review/consumption/HOTEL/GENERAL/240423,37,15,"Lokasi Strategis, ruangan nyaman tidak kedap jadi agak ribut saat banyak anak2 lari2 di gang.",Diulas 549 minggu lalu
https://www.traveloka.com/id-id/user/review/consumption/HOTEL/GENERAL/240423,37,16,Saya dan keluarga saya sangat menikmatinya.,Diulas 550 minggu lalu
https://www.traveloka.com/id-id/user/review/consumption/HOTEL/GENERAL/240423,37,17,Hotel yang strategis letaknya di mal dekat dengan perhentian bus damri yang ke bandara bersih ramah breakfast nya ok,Diulas 550 minggu lalu
https://www.traveloka.com/id-id/user/review/consumption/HOTEL/GENERAL/240423,37,18,"Secara keseluruhan bagus...tapi saat check-in kami harus menunggu 1/2 jam...dan saat di kamar...ada 2 ekor kecoa yang di bawah meja samping tempat tidur, salah satu diinjak suami saya, yang lainnya diinjak anak saya...tolong jangan ada kejadian seperti itu lagi...kami jadi berfikir ulang jika harus menginap di santika lagi.",Diulas 551 minggu lalu
https://www.traveloka.com/id-id/user/review/consumption/HOTEL/GENERAL/240423,37,19,"Pelayanan ok, proses check-in & check-out sangat ok dan cepat, parkiran ok + free parking, lokasi sangat strategis menyatu dengan mall, wifi kurang ok (sinyal agak lemah), kamar cukup ok untuk hotel bintang 3 (tapi agak kedengaran jk orang lalu lalang dikoridor), makanan cukup bervariasi, untuk saran: jaringan wifi lebih ditingkatkan & bangku santai di tepi kolam renang spy ada tutupan atasnya untuk melindungi dari hujan & panas. So far so good.",Diulas 551 minggu lalu
https://www.traveloka.com/id-id/user/review/consumption/HOTEL/GENERAL/240423,37,20,"Hotel Santika Bogor lokasinya sangat strategis karena selain berada dalam satu kawasan dengan sebuah Mall yang cukup besar di Kota Bogor, hotel ini juga dekat dengan Terminal, kampus IPB, Kebun Raya, tempat makan, dan tempat beli oleh2 khas Bogor seperti roti unyil dll. Untuk kenyamanan, pelayanan, makanan dan kebersihan Hotel Santika cukup memuaskan. Hanya saja ada sedikit masukan untuk kebersihan meja di ruang restaurant bagian dalam dekat kolam renang yang terlihat berdebu namun tidak di lap atau dibersihkan dan hanya langsung ditata dengan tissue dan sendok. Mungkin hanya itu saja sedikit kekuranganya tapi selebihnya Hotel Santika Bogor bagus dan memuaskan. Terima kasih.",Diulas 552 minggu lalu
https://www.traveloka.com/id-id/user/review/consumption/HOTEL/GENERAL/240423,37,21,"Pelayanan yang baik, kamar yang bersih, cukup nyaman, dekat dengan fasilitas belanja, mudah di akses kendaraan, breakfast yang lumayan bervariasi masakannya.",Diulas 552 minggu lalu
https://www.traveloka.com/id-id/user/review/consumption/HOTEL/GENERAL/240423,37,22,"Hotel nya bersih, staf ramah, makanan enak, kamar dingin, air panas oke, deket sama mall, istana bogor, tol masuk dan pusat kota.",Diulas 553 minggu lalu
https://www.traveloka.com/id-id/user/review/consumption/HOTEL/GENERAL/240423,37,23,"Nyaman, lokasi strategis dengan pusat belanja dan di lengkapi dengan connecting dari hotel ke mall, muantab",Diulas 553 minggu lalu
https://www.traveloka.com/id-id/user/review/consumption/HOTEL/GENERAL/240423,37,24,Saya merasa nyaman...semua karyawan juga ramah2,Diulas 555 minggu lalu
https://www.traveloka.com/id-id/user/review/consumption/HOTEL/GENERAL/240423,37,25,"- Reseptionis terlalu terburu2 menutup telefon saat konfirmasi kamar beberapa hari sebelum check-in, padahal masih ada yang mau ditanyakan. check-in super cepat - kamar sangat nyaman dan bersih, pada saat minta tambahan sikat gigi karena hanya tersedia satu juga cepat diberikan oleh room service - makanan enak dan bervariasi - kolam renang bersih tersedia untuk anak2 juga - lokasi strategis langsung terhubung dengan mall - harga lumayan mahal jika tidak 0 (tapi sesuai dengan fasilitas dan pelayanan)",Diulas 556 minggu lalu
https://www.traveloka.com/id-id/user/review/consumption/HOTEL/GENERAL/240423,37,26,"Bagus, hanya perlu ditingkatkan dengan menu sarapan yang lebih baik.",Diulas 556 minggu lalu
https://www.traveloka.com/id-id/user/review/consumption/HOTEL/GENERAL/240423,37,27,Kondisi kamar sangat nyaman dan menu sarapan pagi memuaskan.,Diulas 556 minggu lalu
https://www.traveloka.com/id-id/user/review/consumption/HOTEL/GENERAL/240423,37,28,"Pengalaman yang menyenangkan, pelayanan yang ramah, kamar bersih dan lokasi strategis tidak harus bermacet macet ria.",Diulas 556 minggu lalu
https://www.traveloka.com/id-id/user/review/consumption/HOTEL/GENERAL/240423,37,29,"Staff hotel ramah, breakfast bervariasi, kamar bersih, cocok buat anak dan istri karena menyatu dengan botani mall. Saran untuk free parking sebaiknya sekali request saja, kalau setiap kali keluar harus minta free parking tiket cukup merepotkan.",Diulas 556 minggu lalu
https://www.traveloka.com/id-id/user/review/consumption/HOTEL/GENERAL/240423,37,30,"Karena service nya cepat dan memuaskan, pelayanan nya bagus dan ramah2",Diulas 556 minggu lalu
https://www.traveloka.com/id-id/user/review/consumption/HOTEL/GENERAL/240423,37,31,"Besar dengan membersihkan kamar. layanan wifi baik dan acces. dekat dengan Bandara Bus, sarapan yang baik.",Diulas 556 minggu lalu
https://www.traveloka.com/id-id/user/review/consumption/HOTEL/GENERAL/240423,37,32,"Lokasi baik, pas sebelah Mall Botani Square yang cukup ramai. Juga tidak jauh dari Jl. Suryakencana pusat kuliner jadul asli Bogor. Hotel Santika salah satu group hotel asli Indonesia yang sudah berkelas dunia. beberapa hotel group ini yang pernah saya coba umumnya memuaskan.",Diulas 556 minggu lalu
https://www.traveloka.com/id-id/user/review/consumption/HOTEL/GENERAL/240423,37,33,Pelayanannya ramah dan cepat...makanan paginya enak,Diulas 557 minggu lalu
https://www.traveloka.com/id-id/user/review/consumption/HOTEL/GENERAL/240423,37,34,Lokasi strategis. Kekurangan: Tempat Parkir yang bercampur dengan Mall.,Diulas 557 minggu lalu
https://www.traveloka.com/id-id/user/review/consumption/HOTEL/GENERAL/240423,37,35,"Cukuplah untuk hotel bintang 3, yang paling menarik ada jalan langsung connecting ke mall.",Diulas 558 minggu lalu
https://www.traveloka.com/id-id/user/review/consumption/HOTEL/GENERAL/240423,37,36,Hotel yang nyaman dan bersambung dengan mall botani square...jadi bisa bolak balik ke hotel tanpa harus keluar mall,Diulas 558 minggu lalu
https://www.traveloka.com/id-id/user/review/consumption/HOTEL/GENERAL/240423,37,37,"Cukup nyaman, cuma di depan hotel tidak ada taksi yang stanby",Diulas 559 minggu lalu
https://www.traveloka.com/id-id/user/review/consumption/HOTEL/GENERAL/240423,37,38,Memuaskan dan lokasi sangat strategis,Diulas 559 minggu lalu
https://www.traveloka.com/id-id/user/review/consumption/HOTEL/GENERAL/240423,37,39,"Sangat memuaskan, fasilitas bagus, dekat dengan mall.",Diulas 560 minggu lalu
https://www.traveloka.com/id-id/user/review/consumption/HOTEL/GENERAL/240423,37,40,"Staffnya sangat ramah2 sekali, cuma untuk kamarnya seharusnya ada karpetnya supaya anak2 tidak gampang terpeleset",Diulas 560 minggu lalu
https://www.traveloka.com/id-id/user/review/consumption/HOTEL/GENERAL/240423,38,1,Bagus. tapi harga terlalu mahal untuk hotel bintang 3,Diulas 560 minggu lalu
https://www.traveloka.com/id-id/user/review/consumption/HOTEL/GENERAL/240423,38,2,Tempat yang strategis dan akaes langsung ke botani square,Diulas 560 minggu lalu
https://www.traveloka.com/id-id/user/review/consumption/HOTEL/GENERAL/240423,38,3,"Hotel santika bogor sangat memuaskan dari pelayanan, lokasi, dan kenyamanan. hanya mungkin beberapa fasilitas memerlukan perbaikan seperti keran di shower dan bathtub.",Diulas 561 minggu lalu
https://www.traveloka.com/id-id/user/review/consumption/HOTEL/GENERAL/240423,38,4,Untuk keluarga yang membawa anak-anak mungkin perlu memesan kamar dengan ranjang single yang besar,Diulas 561 minggu lalu
https://www.traveloka.com/id-id/user/review/consumption/HOTEL/GENERAL/240423,38,5,Bersih dan pelayanannya ramah2,Diulas 561 minggu lalu
https://www.traveloka.com/id-id/user/review/consumption/HOTEL/GENERAL/240423,38,6,Pelayanan memuaskan...akses strategis,Diulas 561 minggu lalu
https://www.traveloka.com/id-id/user/review/consumption/HOTEL/GENERAL/240423,38,7,Untuk yang berkeluarga dan punya baby sangar enak karena kamar tidak menggunakan karpet dan dekat dengan mall sehingga untuk membeli kebutuhan mendesak sangat mudah. Menu breakfast kurang bervariasi dan tidak di tambah lagi walaupun sudah habis d plate penyajian,Diulas 562 minggu lalu
https://www.traveloka.com/id-id/user/review/consumption/HOTEL/GENERAL/240423,38,8,"Tidak Ada petunjuk parkir mobil, jadi harus msk mall dl br bisa parkir karena d depan lobby tidak Ada petugas yang jaga, anak2 sudah gelisah karena stuck di dalam parkiran mall..Saat sampai AC tidak tlalu dingin..tapi akses menuju mall top banget. paling Dr mall, lampu kamar dan AC mati, setelah dnyalakan engineering AC tidak bgitu dingin..pk 1. 53 lampu dan AC mati. telefon operator, lalu teknisi datang dan mengusulkan Pindah kamar..operator sigap menyiapkan kamar pengganti..ribet juga karena jam 2 pagi harus packing dengan adik dan menggendong anak mnuju lt 3, sblmny lt 6, bnr2 merepotkan.. Sebaikny sebelum tamu datang, kamar harus dicek semuanya, apakah berfungsi dengan baik..jangan sampai menyusahkan tamu, apalagi yang membawa 2 anak..kondisi pool juga tidak Ada penjaga..makanan kurang bervariatif",Diulas 562 minggu lalu
https://www.traveloka.com/id-id/user/review/consumption/HOTEL/GENERAL/240423,38,9,"Ok, lokasi strategis dan dekat tempat makan",Diulas 562 minggu lalu
https://www.traveloka.com/id-id/user/review/consumption/HOTEL/GENERAL/240423,38,10,"Sabtu, 1agustus 2015 semua pelayanannya sih ok..tapi ada kejadian pntu kamar mandi dalam kamar yang kami tepati tiba2 terkunci dr dalam. untung bukan anak2 kami yang berada d dalam kamar mandi..agak lumayan lama untuk membetulkan pintunya dan sangat d sayangkan waktu istirahat kmi jadi terganggu dan pihak hotel tidak menawarkan untuk ganti kamar lain..",Diulas 563 minggu lalu
https://www.traveloka.com/id-id/user/review/consumption/HOTEL/GENERAL/240423,38,11,Lokasi strategis deket mall botani square,Diulas 563 minggu lalu
https://www.traveloka.com/id-id/user/review/consumption/HOTEL/GENERAL/240423,38,12,"Hotel sederhana untuk non-mewah, tinggal akhir pekan cepat. Ruang sederhana dan bersih. Tempat tidur kembar kecil, sayangnya. Ia memiliki semua neccesities kecuali kulkas. Sarapan menawarkan beragam baik makanan. Staf meja depan sangat bagus dan begitu juga staf di kafe. Akses ke pusat perbelanjaan adalah pasti plus untuk makan cepat. Akan datang lagi.",Diulas 563 minggu lalu
https://www.traveloka.com/id-id/user/review/consumption/HOTEL/GENERAL/240423,38,13,Hotel yang nyaman dan selalu menjadi pilihan ntama saya jika berlibur ke bogor.,Diulas 564 minggu lalu
https://www.traveloka.com/id-id/user/review/consumption/HOTEL/GENERAL/240423,38,14,"Hotel santika bogor secara keseluruhan sangatlah memuaskan, pelayanan para staff hotel sangat memuaskan, kamar yang luas, dan tentu saja lokasi yang sangat baik. hanya saja mungkin kebersihan kamar mandi perlu lebih diperbaiki.",Diulas 565 minggu lalu
https://www.traveloka.com/id-id/user/review/consumption/HOTEL/GENERAL/240423,38,15,"Sangat nyaman, bersih, pelayan yang ramah dan tempat yang strategis langsung akses ke Mal Botani Square",Diulas 565 minggu lalu
https://www.traveloka.com/id-id/user/review/consumption/HOTEL/GENERAL/240423,38,16,"Oke banget...soalnya deket kota bogor,,tempat rekreasi dan mall",Diulas 565 minggu lalu
https://www.traveloka.com/id-id/user/review/consumption/HOTEL/GENERAL/240423,38,17,"Beberapa detil Lampu dan kipas exhaus mati, segera betulkan",Diulas 565 minggu lalu
https://www.traveloka.com/id-id/user/review/consumption/HOTEL/GENERAL/240423,38,18,Overall ok. Hanya saja air kolam renangnya kotor dan terlalu dingin.,Diulas 565 minggu lalu
https://www.traveloka.com/id-id/user/review/consumption/HOTEL/GENERAL/240423,38,19,Fasilitas pelayanab waktu mulai check-in harus dijelaskan tentang free parkir ke customers,Diulas 565 minggu lalu
https://www.traveloka.com/id-id/user/review/consumption/HOTEL/GENERAL/240423,38,20,"Perlu di perbanyak diskon dan promo inap di hotel santika, jadi biar tidak kalah bersaing dengan hotel hotel baru",Diulas 565 minggu lalu
https://www.traveloka.com/id-id/user/review/consumption/HOTEL/GENERAL/240423,38,21,Hotel dengan pelayanan yang baik mulai dari front desk sampai pelayanan di restaurant. Namun sayang AC dikamar kami 905 bocor dan sayang sekali tidak ada kulkas kecil di dalam kamar,Diulas 566 minggu lalu
https://www.traveloka.com/id-id/user/review/consumption/HOTEL/GENERAL/240423,38,22,Lumayan bersih dan pegawai ramah..sayang parkiran agak susah,Diulas 566 minggu lalu
https://www.traveloka.com/id-id/user/review/consumption/HOTEL/GENERAL/240423,38,23,"Nyaman, lokasinya sangat strategis,",Diulas 566 minggu lalu
https://www.traveloka.com/id-id/user/review/consumption/HOTEL/GENERAL/240423,38,24,Kamar aku memesan tidak siap baik sehingga keluarga saya harus menunggu untuk waktu yang lama untuk check-in. Kita harus berdebat pertama yang mendapatkan ruang aku memesan. Sarapan begitu buruk juga. Adikku ditemukan sayuran yang tidak higienis ketika mereka disajikan untuk tamu. Dan mereka juga harus berpikir tentang parkir ketika di puncak musim. Saya memiliki sedikit kesulitan saat mencari parkir karena itu saham dengan area parkir Botani Square Mall.,Diulas 566 minggu lalu
https://www.traveloka.com/id-id/user/review/consumption/HOTEL/GENERAL/240423,38,25,Kamar Hotel tidak ready untuk check-in pada pukul 14.00 sehingga harus menunggu hampir 2 jam pada saat peak season untuk mendapatkan kunci kamar,Diulas 566 minggu lalu
https://www.traveloka.com/id-id/user/review/consumption/HOTEL/GENERAL/240423,38,26,"Berada di dalam kota, suasana nyaman dan santai",Diulas 566 minggu lalu
https://www.traveloka.com/id-id/user/review/consumption/HOTEL/GENERAL/240423,38,27,Check-in jam 16.00 wib. kamar baru siap jam 16.40 wib sedangkan waktu check-out tetap. Hak pelanggan dikurangi dengan keterlambatan kesiapan kamar. Hal lainnya baik.,Diulas 566 minggu lalu
https://www.traveloka.com/id-id/user/review/consumption/HOTEL/GENERAL/240423,38,28,Momen lebaran kamar full tapi persedian extra bed terbatas.,Diulas 566 minggu lalu
https://www.traveloka.com/id-id/user/review/consumption/HOTEL/GENERAL/240423,38,29,"Nyaman, tapi agak sempit untuk kamarnya.",Diulas 566 minggu lalu
https://www.traveloka.com/id-id/user/review/consumption/HOTEL/GENERAL/240423,38,30,Liburan yang menyenangkan Dan tempat yang nyaman,Diulas 566 minggu lalu
https://www.traveloka.com/id-id/user/review/consumption/HOTEL/GENERAL/240423,38,31,"Berisik. Pihak management hotel tidak bisa mngatasi complain tamu (saya)Complain saya trhdap tamu kamar sebelah yang brisik, tidak d f/up dengan baik & sigap..",Diulas 567 minggu lalu
https://www.traveloka.com/id-id/user/review/consumption/HOTEL/GENERAL/240423,38,32,Cukup bagus dan bisa direkomendasikan,Diulas 567 minggu lalu
https://www.traveloka.com/id-id/user/review/consumption/HOTEL/GENERAL/240423,38,33,"Ramah, strategis, tenang, kamar sesuai yang di pesan",Diulas 567 minggu lalu
https://www.traveloka.com/id-id/user/review/consumption/HOTEL/GENERAL/240423,38,34,"Sangat cocok untuk liburan keluarga. Ta'jil-nya enak sekali. Kolam renangnya sempurna untuk bermain bersama anak-anak. Parkir gratis. Selang kamar mandi bocor tetapi airnya menggenang. Beberapa pelayan restoran kurang ramah, mereka tidak menyelesaikan makan dan ingin bermain-main, sepertinya mereka bersikap tidak sopan.",Diulas 567 minggu lalu
https://www.traveloka.com/id-id/user/review/consumption/HOTEL/GENERAL/240423,38,35,"Proses check-in cepat.. Kamar bersih, besar dan sangat nyaman.. Breakfastnya juga memuaskan.. Akses ke tempat kuliner (Jl. Suryakencana) dan Kebun Raya Bogor juga dekat, hanya saja terganggu oleh macetnya lalu lintas.. Yang sedikit mengganggu hanya setiap kali akan keluar dari kawasan hotel, kita harus minta cap dari pihak hotel untuk mem-void tagihan parkirnya. Masih manual, belum diotomatisasi..",Diulas 567 minggu lalu
https://www.traveloka.com/id-id/user/review/consumption/HOTEL/GENERAL/240423,38,36,Saya puas dengan takjil dan makan sahur yang disediakan,Diulas 567 minggu lalu
https://www.traveloka.com/id-id/user/review/consumption/HOTEL/GENERAL/240423,38,37,"Ramah, enak, nyaman, macet, ramai",Diulas 567 minggu lalu
https://www.traveloka.com/id-id/user/review/consumption/HOTEL/GENERAL/240423,38,38,"Lokasi yang strategis, nyaman dan pelayanan yang ramah...rasanya sudah memuaskan...",Diulas 567 minggu lalu
https://www.traveloka.com/id-id/user/review/consumption/HOTEL/GENERAL/240423,38,39,"Lokasinya yang strategis, kamarnya bersih tapi sayangnya lantainya tidak pakai karpet.",Diulas 567 minggu lalu
https://www.traveloka.com/id-id/user/review/consumption/HOTEL/GENERAL/240423,38,40,Petugas ramah dan sopan. Breakfast menunya beragam dan baik hanya menu sahur kurang lengkap seperti breakfast.,Diulas 567 minggu lalu
https://www.traveloka.com/id-id/user/review/consumption/HOTEL/GENERAL/240423,39,1,"Pelayanan nya oke banget, security nya juga baik semua",Diulas 568 minggu lalu
https://www.traveloka.com/id-id/user/review/consumption/HOTEL/GENERAL/240423,39,2,"Ruangan Bersih, Staff sangat ramah dan komunikatif. Akses mudah Two thumbs up :)",Diulas 568 minggu lalu
https://www.traveloka.com/id-id/user/review/consumption/HOTEL/GENERAL/240423,39,3,Suasana dan pelayanan yang baik,Diulas 570 minggu lalu
https://www.traveloka.com/id-id/user/review/consumption/HOTEL/GENERAL/240423,39,4,"Saya dan keluarga sudah terbiasa menginap di Hotel ini, dengan pelayanan yang ramah, kebersihan yang baik serta makanannya yang enak membuat saya dan keluarga merasa ingin selalu kembali ke hotel ini untuk liburan, dan juga yang lebih enaknya lagi, berdampingan dengan Mall Botani Square, jadi tidak usah cape - cape mau jalan ke mall, terima kasih.",Diulas 570 minggu lalu
https://www.traveloka.com/id-id/user/review/consumption/HOTEL/GENERAL/240423,39,5,Cukup bagus cuma interior room nya standard sekali.,Diulas 571 minggu lalu
https://www.traveloka.com/id-id/user/review/consumption/HOTEL/GENERAL/240423,39,6,Lantai kamar dingin tidak pake karpet,Diulas 571 minggu lalu
https://www.traveloka.com/id-id/user/review/consumption/HOTEL/GENERAL/240423,39,7,Saya suka atas semuanya di santika hanya paket sarapannya kemahalan,Diulas 571 minggu lalu
https://www.traveloka.com/id-id/user/review/consumption/HOTEL/GENERAL/240423,39,8,"Baik pelayanan, respon cepat. 2 thumbs up.",Diulas 572 minggu lalu
https://www.traveloka.com/id-id/user/review/consumption/HOTEL/GENERAL/240423,39,9,Para staff ramah dan membantu dalam setiap service nya. Suasa kamar yang cukup luas juga nyaman.,Diulas 572 minggu lalu
https://www.traveloka.com/id-id/user/review/consumption/HOTEL/GENERAL/240423,39,10,"Biasa saja, fasilitas terbatas terutama kolam renangnya",Diulas 572 minggu lalu
https://www.traveloka.com/id-id/user/review/consumption/HOTEL/GENERAL/240423,39,11,Alhamdulillaaah seru disana dekay dimana-mana,Diulas 572 minggu lalu
https://www.traveloka.com/id-id/user/review/consumption/HOTEL/GENERAL/240423,39,12,"Cukup senang nyaman untuk keluarga, lingkungan juga sangat enak bisa jalan- jalan ke mol kalau bt di hotel",Diulas 573 minggu lalu
https://www.traveloka.com/id-id/user/review/consumption/HOTEL/GENERAL/240423,39,13,"Berenang pagi hari sambil sarapan dan ditemani pemandangan kota bogor, akses ke Mall Botani Square yang mudah tanpa harus macet""an",Diulas 573 minggu lalu
https://www.traveloka.com/id-id/user/review/consumption/HOTEL/GENERAL/240423,39,14,"Hotelnya bagus dekat mall, cuma kmren sempat di suruh bayar untuk kluar mall, padahal kan kami orang hotel masa bayar juga kluar",Diulas 573 minggu lalu
https://www.traveloka.com/id-id/user/review/consumption/HOTEL/GENERAL/240423,39,15,Cari parkir nya susah. harus selalu pake valet service,Diulas 573 minggu lalu
https://www.traveloka.com/id-id/user/review/consumption/HOTEL/GENERAL/240423,39,16,"Lokasi Terbaik. Keseluruhan baik. Sarapan yang baik dan banyak jenis, staf bagus. Dan harga rata-rata.",Diulas 573 minggu lalu
https://www.traveloka.com/id-id/user/review/consumption/HOTEL/GENERAL/240423,39,17,Sangat tidak koperatif. Mungkin karena hotelnya sering full jadi pelayanan bukan merupakan hal penting lagi,Diulas 573 minggu lalu
https://www.traveloka.com/id-id/user/review/consumption/HOTEL/GENERAL/240423,39,18,Pelayanan mulai dr front dest smp room boy sangat baik. makanan juga sangat baik hanya ruang makan yang agak terbatas luasnya,Diulas 574 minggu lalu
https://www.traveloka.com/id-id/user/review/consumption/HOTEL/GENERAL/240423,39,19,Sangat bagus karena dibawahnya langsung akses mol dan pelayanan memuaskan,Diulas 574 minggu lalu
https://www.traveloka.com/id-id/user/review/consumption/HOTEL/GENERAL/240423,39,20,Pelayanan dan janji pemberian breakfast jam 5 pagi dalam Bentuk paket yang dibawa yaitu roti dan nasi goreng tidak diperhatikan dan ditepati,Diulas 574 minggu lalu
https://www.traveloka.com/id-id/user/review/consumption/HOTEL/GENERAL/240423,39,21,"Kamar yang nyaman, kamar mandi dan handuk yang bersih. Breakfast yang enak dan lengkap.",Diulas 574 minggu lalu
https://www.traveloka.com/id-id/user/review/consumption/HOTEL/GENERAL/240423,39,22,"Lokasinya strategis dekat jalan tol dan satu gedung dengan mal botani square jadi anak2 tidak bosen, breakfast ok, kebersihan kamar ok, recommended buat family",Diulas 575 minggu lalu
https://www.traveloka.com/id-id/user/review/consumption/HOTEL/GENERAL/240423,39,23,Overall ok Saya pesan tempat tidur bayi dan cepat dikirim ke kamar. tapi alas tidurnya bolong stengah.,Diulas 575 minggu lalu
https://www.traveloka.com/id-id/user/review/consumption/HOTEL/GENERAL/240423,39,24,"Pelayanan yang sangat ramah dan lokasi yang sangat strategis, connecting langsung dengan botani square",Diulas 576 minggu lalu
https://www.traveloka.com/id-id/user/review/consumption/HOTEL/GENERAL/240423,39,25,"Hotel cukup baik, parkiran yang kurang memuaskan, makan lumayan baik, kamar cukup bersih",Diulas 576 minggu lalu
https://www.traveloka.com/id-id/user/review/consumption/HOTEL/GENERAL/240423,39,26,"Dekat mall, kebun raya, dan lokasi cfd hari minggu. Agak kecewa karena tidak dapat double bed padahal saya travelling dengan bayi yang riskan jatuh kalau tidur di twin bed yang sempit.",Diulas 577 minggu lalu
https://www.traveloka.com/id-id/user/review/consumption/HOTEL/GENERAL/240423,39,27,"Kamarnya bersih, nyaman, pelayanan baik, makanannya cocok dengan selera dan berfariasi, lokasinya juga strategis...",Diulas 577 minggu lalu
https://www.traveloka.com/id-id/user/review/consumption/HOTEL/GENERAL/240423,39,28,Makanan belum saatnya jam 10 sudah habis agar ditambah,Diulas 577 minggu lalu
https://www.traveloka.com/id-id/user/review/consumption/HOTEL/GENERAL/240423,39,29,"Para staff sangat ramah, bell boy nya hapal nama pelanggan, bersih, rapi dan sangat nyaman",Diulas 577 minggu lalu
https://www.traveloka.com/id-id/user/review/consumption/HOTEL/GENERAL/240423,39,30,"Deket mall, enak bisa jalan jalan di mall jadi tidak perlu macet2an",Diulas 577 minggu lalu
https://www.traveloka.com/id-id/user/review/consumption/HOTEL/GENERAL/240423,39,31,"Pelayanannya sangat ramah dan cukup nyaman sangat menyenangkan bermalam, kami tidak perlu jauh2 mencari hiburan",Diulas 578 minggu lalu
https://www.traveloka.com/id-id/user/review/consumption/HOTEL/GENERAL/240423,39,32,"1. Tidak ada hair dryer. 2. Pada saat check-in tidak diberi info untuk breakfast. Biasanya di hotel2 lain saya selalu dapat coupon untuk breakfast. Kalaupun tidak punya coupon, HARUS DIINFOKAN KE TAMU PD SAAT check-in, BUKAN TAMU yang HARUS CARI INFO SENDIRI. Hal ini sudah menjadi standar di hotel2). 3. Shower untuk mandi hanya ada yang permanen. Seharusnya ada shower yang bisa dicopot (dipegang), karena tidak setiap mandi kita selalu membasahi rambut. Kondisinya sudah showernya permanen, tidak tersedianya hair dryer, sangat menyulitkan terutama untuk wanita. 4. Tidak ada kulkas. 5. Lemari pakaian yang terbuka, TIDAK TERTUTUP. 6. Lahan parkir yang sulit karena digabung dengan mall botani. 7. Selebihnya dari sisi kebersihan baik. 8. Dan dengan adanya connecting door ke mall, menambah nilai untuk hotel ini.",Diulas 578 minggu lalu
https://www.traveloka.com/id-id/user/review/consumption/HOTEL/GENERAL/240423,39,33,Fasilitas kamar sangat istimewa dan pelayanan sangat istimewa,Diulas 579 minggu lalu
https://www.traveloka.com/id-id/user/review/consumption/HOTEL/GENERAL/240423,39,34,"Untuk keseluruhan pelayanan sudah baik semua, terima kasih",Diulas 580 minggu lalu
https://www.traveloka.com/id-id/user/review/consumption/HOTEL/GENERAL/240423,39,35,"Lokasi sangat strategis, karena dekat dengan kebun raya bogor, botanical square, istana bogor, terminal, dan juga dekat dengan jalan tol. Pelayanan baik dan fasilitas kamar serta bisnis center baik",Diulas 580 minggu lalu
https://www.traveloka.com/id-id/user/review/consumption/HOTEL/GENERAL/240423,39,36,Kolam renang bersih. kamar nyaman. menu sarapan beragam...,Diulas 580 minggu lalu
https://www.traveloka.com/id-id/user/review/consumption/HOTEL/GENERAL/240423,39,37,"Kamarnya tipikal hotel model skr, terlalu minimalis. Fasilitas terlalu standar, menu breakfast sederhana sekali ya...",Diulas 580 minggu lalu
https://www.traveloka.com/id-id/user/review/consumption/HOTEL/GENERAL/240423,39,38,Cukup memuaskan meskipun tidak bisa pinjam ember dan gayung untuk keperluan mandi anak-anak seperti di hotel-hotel lainnya.,Diulas 581 minggu lalu
https://www.traveloka.com/id-id/user/review/consumption/HOTEL/GENERAL/240423,39,39,"Hotelnya bagus sekali, kamarnya luar biasa, menyenangkan sekali bisa menginap di Hotel santika Bogor, sungguh pelayanannya cepat sekali saat check-in, over all semua luar biasa",Diulas 581 minggu lalu
https://www.traveloka.com/id-id/user/review/consumption/HOTEL/GENERAL/240423,39,40,Tempat yang sangat bagus untuk tinggal menghabiskan liburan dengan keluarga,Diulas 581 minggu lalu
https://www.traveloka.com/id-id/user/review/consumption/HOTEL/GENERAL/240423,40,1,"Nyaman, ramah, akses mudah, fasilitas Ok, helpfull, cepat tanggap, tapi akses Wifi nya perlu dibenahi",Diulas 581 minggu lalu
https://www.traveloka.com/id-id/user/review/consumption/HOTEL/GENERAL/240423,40,2,"Pelayanan sangat baik, kamar bersih & nyaman. Petugas proaktif menawarkan valet saat kondisi parkir penuh. Keluarga kami suka ke hotel - hotel Santika salah satunya karena pilihan makanan nasional yang cukup beragam dan sehat.",Diulas 581 minggu lalu
https://www.traveloka.com/id-id/user/review/consumption/HOTEL/GENERAL/240423,40,3,Sarapan dihotel mengecewakan...tidak bisa antisipasi byknya tamu. Hotel juga pelit karena tidak bisa memberi handuk tambahan.,Diulas 581 minggu lalu
https://www.traveloka.com/id-id/user/review/consumption/HOTEL/GENERAL/240423,40,4,"Front office help full, menyapa anak saya yang 5th. Welcome Drink buah pala nya endess..",Diulas 581 minggu lalu
https://www.traveloka.com/id-id/user/review/consumption/HOTEL/GENERAL/240423,40,5,"Akses ke mall dan ke pusat kota sangat mudah, pelayanan yang ramah dan nyaman",Diulas 581 minggu lalu
https://www.traveloka.com/id-id/user/review/consumption/HOTEL/GENERAL/240423,40,6,Menyenangkan nyaman untuk tempat istirahat. lalu Crew santika bogor juga sangat helpful.,Diulas 582 minggu lalu
https://www.traveloka.com/id-id/user/review/consumption/HOTEL/GENERAL/240423,40,7,Sebaiknya bilamana ada tamu menunggu kamar diberikan welcome drink,Diulas 582 minggu lalu
https://www.traveloka.com/id-id/user/review/consumption/HOTEL/GENERAL/240423,40,8,Kaget pas liat kamar nggak ada kulkasnya.. akhirnya nitip k resepsionist makanan2 bt baby. petunjuk bt parkiran juga kurang jadi kemarin sempet muter2 diparkiran mall yang sangat amt macet. tapi breakfastnya enaklah. banyak pilihan mkanan nusantara.,Diulas 582 minggu lalu
https://www.traveloka.com/id-id/user/review/consumption/HOTEL/GENERAL/240423,40,9,Lokasi strategis karena dekat kebun raya bogor dan beberapa wisata kuliner bogor di tengah kota. Pelayanan cukup memuaskan. Makanan standard saja.,Diulas 584 minggu lalu
https://www.traveloka.com/id-id/user/review/consumption/HOTEL/GENERAL/240423,40,10,"Sarapannya mantap, kamar bersih mnyenangkan service bagus",Diulas 584 minggu lalu
https://www.traveloka.com/id-id/user/review/consumption/HOTEL/GENERAL/240423,40,11,Ini membantu orang dan koperasi. Sarapan soo baik. Terima kasih,Diulas 584 minggu lalu
https://www.traveloka.com/id-id/user/review/consumption/HOTEL/GENERAL/240423,40,12,"Pelayanannya ramah, Sarapan enak dan bervariasi, Ada kolam renang dan fitness room, dekat dengan pusat perbelanjaan dan pusat kuliner khas BOGOR",Diulas 585 minggu lalu
https://www.traveloka.com/id-id/user/review/consumption/HOTEL/GENERAL/240423,40,13,"Pelayanannya sangat memuaskan, semua karyawan hotel ramah, kamarnya juga nyaman, makanannya enak tapi ketika kami makan di restoran, kami menunggu lama sekali (sampai lebih dari 30 menit) sampai makanan dating.",Diulas 585 minggu lalu
https://www.traveloka.com/id-id/user/review/consumption/HOTEL/GENERAL/240423,40,14,"Hotel yang bagus dengan lokasi strategis. kamarnya bersih, fasilits kamar lengkap (lebih bagus kalau ada kulkas kecil Cuma satu menurut saya kurangnya, kesigapan karyawan (bellman) kurang bagus. Tapi kami akan k hotel ini lagi kalau k bogor. Terima kasih.",Diulas 585 minggu lalu
https://www.traveloka.com/id-id/user/review/consumption/HOTEL/GENERAL/240423,40,15,Sanyat nyaman dan selalu ingin menginap di sini. karena mudah di akses dari bandara,Diulas 585 minggu lalu
https://www.traveloka.com/id-id/user/review/consumption/HOTEL/GENERAL/240423,40,16,"Akses yang mudah sari bandara, tempat yang strategis karena berada di mal botani membuat liburan terasa memuaskan.",Diulas 585 minggu lalu
https://www.traveloka.com/id-id/user/review/consumption/HOTEL/GENERAL/240423,40,17,Istirahat saya sangat terganggu karena ada renovasi di sekitar kamar saya. Perihal renovasi ini tidak dikomunikasikan kepada saya sebagai tamu.,Diulas 586 minggu lalu
https://www.traveloka.com/id-id/user/review/consumption/HOTEL/GENERAL/240423,40,18,"Cukup nyaman dan besih, staff yang ramah dan lokasi tepat di tengah kota Bogor.",Diulas 587 minggu lalu
https://www.traveloka.com/id-id/user/review/consumption/HOTEL/GENERAL/240423,40,19,"Yang sangat bagus dari hotel ini adalah menu sarapan dan lokasi yang strategis.Kamar cukup baik, namun ada beberapa yang tidak berfungsi dengan baik.1. Wifi tidak jalan ( saya sudah telefon resepsionis, namun tidak ada petugas yang datang untuk mengecek 2. Kenop shower - kran tidak berfungsi dengan baik ( sudah loss atau doll Saran : Lampu kamar menggunakan saklar sentral, jadi tidak bisa dimatikan / dinyalakan sebagian saja. Lampu kiri kanan tempat tidur juga terlalu terang, sulit tidur kalau dinyalakan. Jadi kami yang membawa anak kecil kesulitan agar kamar bisa menyala dengan 1 lampu kamar saja.",Diulas 587 minggu lalu
https://www.traveloka.com/id-id/user/review/consumption/HOTEL/GENERAL/240423,40,20,"Sangat memuaskan, pelayanan ramah, makanan buffet untuk breakfast tidak ada yang sampai kosong, selalu terisi, kwalitas makanan juga dijaga.",Diulas 587 minggu lalu
https://www.traveloka.com/id-id/user/review/consumption/HOTEL/GENERAL/240423,40,21,"Sangat baik meskipun sempat hari pertama, malam dini hari, ada trouble AC kamar panas dan listrik kamar mati 2x...sempat kecewa tapi akhirnya pelayanan sigap dari petugas teknis dan pelayan hotel langsung segera menyediakan kamar pengganti. Meskipun sempat kaget anak-2 dibangunkan..but anyway.",Diulas 587 minggu lalu
https://www.traveloka.com/id-id/user/review/consumption/HOTEL/GENERAL/240423,40,22,Untuk pelayanan dan fasilitas kamar baik. untuk menu breakfast juga banyak pilihan jadi kami merasa nyaman,Diulas 588 minggu lalu
https://www.traveloka.com/id-id/user/review/consumption/HOTEL/GENERAL/240423,40,23,"Nyaman dan strategis, sengaja kami memilih hotel yang berdampingan dengan mall karena waktu kami terbatas hingga perlengkapan yang harus kami bawa untuk suatu acara dapat dengan mudah kami dapatkan tanpa harus repot mencari di tempat lain",Diulas 590 minggu lalu
https://www.traveloka.com/id-id/user/review/consumption/HOTEL/GENERAL/240423,40,24,"Saya liburan bersama keluarga dan orang tua di santika bogor. Hotelnya bersih dan pelayanan kamar yang baik. sarapan sangat bervariasi, posisi ruang makan juga dekat dengan kolam renang jadi lebih menyenangkan.",Diulas 592 minggu lalu
https://www.traveloka.com/id-id/user/review/consumption/HOTEL/GENERAL/240423,40,25,"Lokasi hotel strategis, bersebelahan dengan botani square, bersih dan pelayanan ramah..",Diulas 592 minggu lalu
https://www.traveloka.com/id-id/user/review/consumption/HOTEL/GENERAL/240423,40,26,"Sarapannya enak banyak variasinya.. Untuk check in/out juga sangat cepat, pelayanan untuk tamu juga baik",Diulas 593 minggu lalu
https://www.traveloka.com/id-id/user/review/consumption/HOTEL/GENERAL/240423,40,27,"Karena letaknya yang berdempetan dengan mall, hotel ini cocok untuk para pebisnis yang tidak ingin berjalan terlalu jauh jika ingin mendapatkan resto atau sekedar ngopi di cafe. Untuk wisata yang menginginkan ketenangan, jelas hotel ini bukan pillihan yang tepat.",Diulas 593 minggu lalu
https://www.traveloka.com/id-id/user/review/consumption/HOTEL/GENERAL/240423,40,28,"Kamarnya luas, ukuran bed yang besar. lokasi hotel yang strategis, dekat dengan mall. pelayanannya juga baik. jadi mau kesini lagi kalau liburan. thanks santika and traveloka..",Diulas 593 minggu lalu
https://www.traveloka.com/id-id/user/review/consumption/HOTEL/GENERAL/240423,40,29,"Kamar bersih dan rapi, lokasi sangat strategis di pusat kota bogor. Kolam renang yang cukup bersih menjadi fasilitas yang cukup diminati tamu-tamu hotel.",Diulas 594 minggu lalu
https://www.traveloka.com/id-id/user/review/consumption/HOTEL/GENERAL/240423,40,30,"Akses hotel ke Botani Square terhubung via lt. basement. Ke Kebun Raya Bogor via pintu 4 bisa dengan jalan kaki. Kolam tergolong sempit, apalagi di weekend.",Diulas 594 minggu lalu
https://www.traveloka.com/id-id/user/review/consumption/HOTEL/GENERAL/240423,40,31,"Lokasi hotel strategis, kamar nyaman dengan ukuran bed yang cukup besar, sarapannya juga enak. jadi mau ke sini lagi kalau liburan. thanks traveloka.",Diulas 594 minggu lalu
https://www.traveloka.com/id-id/user/review/consumption/HOTEL/GENERAL/240423,40,32,"Baik semua karyawan ramah, ajan tetapi sarapannya cepat habis ya",Diulas 594 minggu lalu
https://www.traveloka.com/id-id/user/review/consumption/HOTEL/GENERAL/240423,40,33,"Kecewa, jumlah breakfast tidak sesuai pilihan di type kamar double deluxe 3 org hanya 2.",Diulas 594 minggu lalu
https://www.traveloka.com/id-id/user/review/consumption/HOTEL/GENERAL/240423,40,34,"Kamar hotelnya bersih, pelayanan ramah, breakfast cukup lengkap dan letaknya di tengah kota dekat ke Kebun Raya Bogor dan Botani Square. Sayangnya cuma satu, waktu parkir yang cukup lama karena bersebelahan dengan mall yang mana saat liburan mall padat.",Diulas 594 minggu lalu
https://www.traveloka.com/id-id/user/review/consumption/HOTEL/GENERAL/240423,40,35,"Pelayananan ramah, dan cepat tanggap. juga bertanggung jawab.",Diulas 595 minggu lalu
https://www.traveloka.com/id-id/user/review/consumption/HOTEL/GENERAL/240423,40,36,"Strategis, karena di pusat kota bogor. Menempel dengan Botani Square dan berhadapan langsung dengan pusat jajanan kota Bogor. Hanya 2 menit ke pintu tol Bogor. Ke Kebun Raya Bogor hanya butuh 7 menit.",Diulas 595 minggu lalu
https://www.traveloka.com/id-id/user/review/consumption/HOTEL/GENERAL/240423,40,37,"Tempatnya strategis dan pelayanannya baik, kamarnya bersih.",Diulas 595 minggu lalu
https://www.traveloka.com/id-id/user/review/consumption/HOTEL/GENERAL/240423,40,38,"Saya menginap di Santika Bogor selama 2 malam. Berada di tengah kota Bogor yang sangat strategis, dekat dengan pusat perbelanjaan dan Kebun Raya Bogor adalah nilai plus dari hotel ini. Secara keseluruhan, pelayanan begitupun fasilitas sangat memuaskan. Hanya saja ada catatan sedikit ketika saya sedang makan pagi, para pelayan bisa lebih welcome dan lebih responsif untuk memenuhi keinginan customer. Overall, Santika is a comfort hotel for me. Surely stay in Santika if I come back again to Bogor (beside I have Santika Important Person card)",Diulas 597 minggu lalu
https://www.traveloka.com/id-id/user/review/consumption/HOTEL/GENERAL/240423,40,39,Hotel yang bagus. Letak strategis fasilitas lengkap. hanya saja jarang ada promosi smoga akan bisa meningkatkan promosinya,Diulas 597 minggu lalu
https://www.traveloka.com/id-id/user/review/consumption/HOTEL/GENERAL/240423,40,40,"Lokasinya dekat dengan mall. Jaringan wifi-nya oke, sehingga saya bisa mengerjakan pekerjaan saya dengan cepat. Saat menginap saya mendapat kamar dengan view pemandangan kota yang menyenangkan.",Diulas 601 minggu lalu
https://www.traveloka.com/id-id/user/review/consumption/HOTEL/GENERAL/240423,41,1,Direkomendasikan untuk rekan bisnis dan keluarga ..,Diulas 603 minggu lalu
https://www.traveloka.com/id-id/user/review/consumption/HOTEL/GENERAL/240423,41,2,"Tidak ada karpet, hair dryer dan kulkas",Diulas 611 minggu lalu
