url,page,review_index,teks_ulasan,tanggal
https://www.traveloka.com/id-id/user/review/consumption/HOTEL/GENERAL/3000010022674,1,1,"Overall ok, cuma 1 aja minusnya, saya minta tambahan air mineral, kan katanya free 2 botol lagi per hari dari awal check in sampai besoknya gak diantar, sudah telepon sampai 3x terus bilang ke staf yang antar room service juga.",Diulas 2 minggu lalu
https://www.traveloka.com/id-id/user/review/consumption/HOTEL/GENERAL/3000010022674,1,2,"Staycation with my Hubby, keramahan staff saat check-in berkesan karena mereka akhirnya berusaha untuk memenuhi request kamar, ditambah Wi-Fi, lokasi, menu & rasa sarapan cukup oke, bahkan late check out pun dikasih 1 jam pihak hotel Santika. Berkesan, menyenangkan, & God bless for all crew Santika Mega city Hotel yee",Diulas 6 minggu lalu
https://www.traveloka.com/id-id/user/review/consumption/HOTEL/GENERAL/3000010022674,1,3,Sop buntut sama nasi goreng kambing-nya recommended.,Diulas 6 minggu lalu
https://www.traveloka.com/id-id/user/review/consumption/HOTEL/GENERAL/3000010022674,1,4,"Staff hotel ramah, lokasi strategis, fasilitas lengkap, kids friendly 👍",Diulas 7 minggu lalu
https://www.traveloka.com/id-id/user/review/consumption/HOTEL/GENERAL/3000010022674,1,5,"Sangat menyenangkan dan helpful, next will be back",Diulas 7 minggu lalu
https://www.traveloka.com/id-id/user/review/consumption/HOTEL/GENERAL/3000010022674,1,6,Di kamar mandi ada tisu bekas.,Diulas 8 minggu lalu
https://www.traveloka.com/id-id/user/review/consumption/HOTEL/GENERAL/3000010022674,1,7,"Staff semuanya sangat ramah, proses check-in dan check-out juga cepat, se-happy itu menginap di sini, rekomen.",Diulas 8 minggu lalu
https://www.traveloka.com/id-id/user/review/consumption/HOTEL/GENERAL/3000010022674,1,8,"Lokasi sangat strategis, kamar nyaman, karyawan yang ramah, makanan bervariasi dan enak.",Diulas 10 minggu lalu
https://www.traveloka.com/id-id/user/review/consumption/HOTEL/GENERAL/3000010022674,1,9,"Sudah langganan di Santika Hotel, tapi baru kali ini ada yang kurang menurut saya pribadi di area toilet...
Mohon dicek bagian area toilet, terutama di closet.",Diulas 15 minggu lalu
https://www.traveloka.com/id-id/user/review/consumption/HOTEL/GENERAL/3000010022674,1,10,Hotelnya bagus dan bersih. Terima kasih sudah memberikan pelayanan yang terbaik.,Diulas 15 minggu lalu
https://www.traveloka.com/id-id/user/review/consumption/HOTEL/GENERAL/3000010022674,1,11,"Ini adalah pengalaman terburuk yang pernah saya alami. Saat itu sudah larut malam dan sangat melelahkan, dan menuju ke sana sangat merepotkan. Lokasi di dalam Mega City Bekasi tertata dengan buruk, tanpa rambu yang jelas untuk pengguna sepeda motor. Petugas parkir tidak memberikan instruksi yang jelas dan membuat situasi sangat merepotkan. Mereka juga mengajukan terlalu banyak pertanyaan, hampir seperti interogasi, hanya karena saya datang dengan sepeda motor.",Diulas 16 minggu lalu
https://www.traveloka.com/id-id/user/review/consumption/HOTEL/GENERAL/3000010022674,1,12,"Santika selalu the best. (Mega City Bekasi, Kuningan Jabar, Bandung, Jakarta, Surabaya).",Diulas 18 minggu lalu
https://www.traveloka.com/id-id/user/review/consumption/HOTEL/GENERAL/3000010022674,1,13,"Ramah anak, dekat mal, bagus, semoga lebih banyak promo",Diulas 18 minggu lalu
https://www.traveloka.com/id-id/user/review/consumption/HOTEL/GENERAL/3000010022674,1,14,seru dan menyenangkan untuk anak2,Diulas 18 minggu lalu
https://www.traveloka.com/id-id/user/review/consumption/HOTEL/GENERAL/3000010022674,1,15,"makanannya enak, kamar nyaman. Kolam renang oke lah",Diulas 19 minggu lalu
https://www.traveloka.com/id-id/user/review/consumption/HOTEL/GENERAL/3000010022674,1,16,Keren👍 semoga bisa ke sini lagi.... Dan bisa bawa keluarga yang lain.,Diulas 19 minggu lalu
https://www.traveloka.com/id-id/user/review/consumption/HOTEL/GENERAL/3000010022674,1,17,"kondisi hotel terlihat ramai pengunjung. baru bisa check in kamar jam 14.30an itupun setelah ditanyakan terus. bau kamar agak kurang enak saat masuk. 
makanannya cukup variatif dan rasanya enak",Diulas 20 minggu lalu
https://www.traveloka.com/id-id/user/review/consumption/HOTEL/GENERAL/3000010022674,1,18,"Secara umum fasilitas dan pelayanan yang saya dapatkan baik sesuai dengan informasi yang disampaikan.
Sedikit kekurangan, saat menggunakan shower air tidak segera mengalir akibatnya lantai jadi tergenang.",Diulas 20 minggu lalu
https://www.traveloka.com/id-id/user/review/consumption/HOTEL/GENERAL/3000010022674,1,19,"Overall bagus dan enggak mengecewakan. Hotelnya dekat mal, jadi enggak sulit kalau mau cari makan.",Diulas 20 minggu lalu
https://www.traveloka.com/id-id/user/review/consumption/HOTEL/GENERAL/3000010022674,1,20,"staff nya ramah , security ny jg helpfull .. kamar nya luas n bersih hanya saja dapet kamar yg ac nya bocor n ga dingin. sarapannya enak , banyak variasi nyA",Diulas 20 minggu lalu
https://www.traveloka.com/id-id/user/review/consumption/HOTEL/GENERAL/3000010022674,1,21,"Lokasi strategis, tapi serasa menginap di dalam pasar. Untuk menuju hotel agak sulit karena di lantai 5.",Diulas 20 minggu lalu
https://www.traveloka.com/id-id/user/review/consumption/HOTEL/GENERAL/3000010022674,1,22,setiap natal dan tahun baru hotel ini deket sama gereja saya,Diulas 21 minggu lalu
https://www.traveloka.com/id-id/user/review/consumption/HOTEL/GENERAL/3000010022674,1,23,Pelayanan super ramah dan kamar bersih. Terima kasih 🙏 Next akan balik lagi,Diulas 21 minggu lalu
https://www.traveloka.com/id-id/user/review/consumption/HOTEL/GENERAL/3000010022674,1,24,"Sudah beberapa kali ke sini, tetap menjadi tujuan saya ketika terlalu malas untuk pulang... Padahal lokasinya dekat rumah..",Diulas 21 minggu lalu
https://www.traveloka.com/id-id/user/review/consumption/HOTEL/GENERAL/3000010022674,1,25,"Tempat nyaman, bersih, strategis, dan sudah menjadi langganan tempat menginap.",Diulas 21 minggu lalu
https://www.traveloka.com/id-id/user/review/consumption/HOTEL/GENERAL/3000010022674,1,26,"Staff hotel sangat ramah dalam pelayanan. Happy bisa stay di HS, sukses terus yaaa 😎",Diulas 23 minggu lalu
https://www.traveloka.com/id-id/user/review/consumption/HOTEL/GENERAL/3000010022674,1,27,"Makanannya enak semua cuma klo bisa klo udh tinggal sedikit cepet di refill makanannya
yg lainnya nice",Diulas 26 minggu lalu
https://www.traveloka.com/id-id/user/review/consumption/HOTEL/GENERAL/3000010022674,1,28,"Nginep di sini pas ikut acara BMC Ustad Salim Filah di BCC, semua oke & makanan juga enak + bervariasi.",Diulas 26 minggu lalu
https://www.traveloka.com/id-id/user/review/consumption/HOTEL/GENERAL/3000010022674,1,29,"security hotel sangat baik dan ramah,petugas hotel juga sangat baik dan ramah,ada 1 sih yg agak jutek.tp untung yg lain baik2.. makanan2nya enak,ada kids corner tp lebih baik lg jika diberi pagar sedikit.terima kasih santika",Diulas 26 minggu lalu
https://www.traveloka.com/id-id/user/review/consumption/HOTEL/GENERAL/3000010022674,1,30,"Hotel Santika, enak, dekat kemana mana. pelayanan ramah dan memuaskan",Diulas 27 minggu lalu
https://www.traveloka.com/id-id/user/review/consumption/HOTEL/GENERAL/3000010022674,1,31,Saat naik ke kamar pada jam 10 ke atas bagi pejalan kaki sangat susah karena Mall sudah tutup...,Diulas 27 minggu lalu
https://www.traveloka.com/id-id/user/review/consumption/HOTEL/GENERAL/3000010022674,1,32,"Kamar-nya bersih dan nyaman, lingkungan aman, harga bersahabat.",Diulas 28 minggu lalu
https://www.traveloka.com/id-id/user/review/consumption/HOTEL/GENERAL/3000010022674,1,33,"Dekat dengan tempat yang dituju, kamar bersih dan nyaman, menu sarapan bervariasi",Diulas 28 minggu lalu
https://www.traveloka.com/id-id/user/review/consumption/HOTEL/GENERAL/3000010022674,1,34,"Tempat nyaman, staff ramah, pelayanan bagus.",Diulas 30 minggu lalu
https://www.traveloka.com/id-id/user/review/consumption/HOTEL/GENERAL/3000010022674,1,35,Sangat akomodatif untuk tempat beristirahat dari perjalanan dan dekat dengan pusat perbelanjaan,Diulas 30 minggu lalu
https://www.traveloka.com/id-id/user/review/consumption/HOTEL/GENERAL/3000010022674,1,36,"reseptionis sangat ramah melayani. tapi, pertama check in di kasih kamar ternyata kamar ada orang. ketika pindah kamar ke 2 ternyata AC error akhirnya di pindah ke kamar ke 3 lumayan nyaman... sedihnya krna harus berkali kali ganti kamar tapi so far untuk pengalaman menginap saya puas banget dengan fasilitasnya. cuma saya agak bete jadinya. 
semoga untuk pelayanan bisa di tingkatkan lagi dan kekurangan kamar bisa di maintenance lagi",Diulas 34 minggu lalu
https://www.traveloka.com/id-id/user/review/consumption/HOTEL/GENERAL/3000010022674,1,37,"1. Bagi yang tidak membawa kendaraan pribadi, akses masuk dapat melalui mal Mega Bekasi, masuk ke dalam mal ke lantai 3, nanti akan ada petunjuk eskalator langsung menuju area ballroom/lobi depan hotel.
2. Staff check-in ramah dan mudah dan tidak ada deposit.
3. Fasilitas di dalam kamar sesuai deskripsi.
4. Sarapannya bervariasi dengan menu melimpah dan rasa yang enak.
5. Proses check-out lancar.",Diulas 36 minggu lalu
https://www.traveloka.com/id-id/user/review/consumption/HOTEL/GENERAL/3000010022674,1,38,"staf hotelnya ramah bgt, di front office kita diusahakan bs early check in, staf resto  nya ramah dan cekatan, menu breakfast nya variatif dan yg terpenting makanannya ga ada yg failed, enak enak semua... saya menginap di room family, dan worth it bgta bener2 staycation yg menyenangkan di hotel santika, anak2 minta ajak balik lagi dong ke sini... 
Terima kasih sdh menjaga kualitas hotelnya",Diulas 38 minggu lalu
https://www.traveloka.com/id-id/user/review/consumption/HOTEL/GENERAL/3000010022674,1,39,Fasilitas dan pelayanannya sangat baik.,Diulas 41 minggu lalu
https://www.traveloka.com/id-id/user/review/consumption/HOTEL/GENERAL/3000010022674,1,40,"Kualitas santika grup gausah diragukan lagi, terutama kelengkapan sarapan sih mantap",Diulas 42 minggu lalu
https://www.traveloka.com/id-id/user/review/consumption/HOTEL/GENERAL/3000010022674,2,1,Sangat menyenangkan menginap di hotel ini,Diulas 44 minggu lalu
https://www.traveloka.com/id-id/user/review/consumption/HOTEL/GENERAL/3000010022674,2,2,"Sangat menyenangkan, aman, dan bersih.",Diulas 44 minggu lalu
https://www.traveloka.com/id-id/user/review/consumption/HOTEL/GENERAL/3000010022674,2,3,"hotel fav family ga pernah bosan ke sini,cuma untuk BF nya lbh di variasikan lagi menu nya.over all ok semua",Diulas 46 minggu lalu
https://www.traveloka.com/id-id/user/review/consumption/HOTEL/GENERAL/3000010022674,2,4,Liburan yang seru dan berkesan bersama keluarga,Diulas 46 minggu lalu
https://www.traveloka.com/id-id/user/review/consumption/HOTEL/GENERAL/3000010022674,2,5,"Kebersihan kamar mohon diperhatikan lagi, terlihat kalau maintenance kamar kurang, padahal termasuk hotel baru tapi seperti kondisi hotel lama. 

Makanan cukup bervariasi dan rasa lumayan tapi yang melayani kurang banyak jumlahnya jadi spot stand makanan kadang tidak ada yg melayani.",Diulas 47 minggu lalu
https://www.traveloka.com/id-id/user/review/consumption/HOTEL/GENERAL/3000010022674,2,6,secara keseluruhan ok haya sekarang parkir mtr tdk bisa di atas lg jd ribet,Diulas 48 minggu lalu
https://www.traveloka.com/id-id/user/review/consumption/HOTEL/GENERAL/3000010022674,2,7,"Staff baik dan ramah, kamar bagus dan rapi, keamanannya juga mantap, oke semuanya👍",Diulas 48 minggu lalu
https://www.traveloka.com/id-id/user/review/consumption/HOTEL/GENERAL/3000010022674,2,8,"Kamarnya nyaman bawa anak, fasilitas dan variasi makanannya juga lengkap dan anak-anak suka.",Diulas 49 minggu lalu
https://www.traveloka.com/id-id/user/review/consumption/HOTEL/GENERAL/3000010022674,2,9,Untuk kebersihan di kamar mandi harap ditingkatkan.,Diulas 49 minggu lalu
https://www.traveloka.com/id-id/user/review/consumption/HOTEL/GENERAL/3000010022674,2,10,"Staff friendly, ruangan bersih.",Diulas 50 minggu lalu
https://www.traveloka.com/id-id/user/review/consumption/HOTEL/GENERAL/3000010022674,2,11,"Pelayanan baik dan akses mudah di jangkau, terletak dekat mal juga sangat mudah.",Diulas 52 minggu lalu
https://www.traveloka.com/id-id/user/review/consumption/HOTEL/GENERAL/3000010022674,2,12,Sangat nyaman dan stafnya ramah.,Diulas 52 minggu lalu
https://www.traveloka.com/id-id/user/review/consumption/HOTEL/GENERAL/3000010022674,2,13,"Saya menginap kesekian kalinya di sini, aksesnya lumayan sulit karena harus ke lantai 5 mall, kebetulan dapat sebelah bioskop jadi agak sedikit berisik.",Diulas 53 minggu lalu
https://www.traveloka.com/id-id/user/review/consumption/HOTEL/GENERAL/3000010022674,2,14,"Sudah 3x menginap, ga pernah kecewa. Top",Diulas 54 minggu lalu
https://www.traveloka.com/id-id/user/review/consumption/HOTEL/GENERAL/3000010022674,2,15,Staff hotel ramah mebantu saat check in,Diulas 54 minggu lalu
https://www.traveloka.com/id-id/user/review/consumption/HOTEL/GENERAL/3000010022674,2,16,Stafnya ramah dan kamar selalu bersih.,Diulas 54 minggu lalu
https://www.traveloka.com/id-id/user/review/consumption/HOTEL/GENERAL/3000010022674,2,17,"Semalem dapet kamar yang sempit banget, buruk, kotor, padahal sering ke situ dan selalu pesan kamar yang kayak biasa. Kenapa semalem kenapa kamarnya berbeda dari biasanya? Kecewa banget! Malemnya langsung pergi aja cari lain.",Diulas 55 minggu lalu
https://www.traveloka.com/id-id/user/review/consumption/HOTEL/GENERAL/3000010022674,2,18,"Saya sudah ke sini 3 kali pesan, tapi selalu komplain soal AC. Cuma komplainan saya ditanggapi dengan cepat, itu yang bikin saya tetap balik. Tapi terakhir karena mati lampu se-Bekasi jadi saya balik cepat karena panas banget.",Diulas 55 minggu lalu
https://www.traveloka.com/id-id/user/review/consumption/HOTEL/GENERAL/3000010022674,2,19,"Hotel sangat strategis, di atas mal dan bersebelahan dengan XXI. Bisa movie date dulu sebelum check in hotel. Kamar bersih dan nyaman, semua fasilitas kamar berjalan baik. Makanan enak cukup bervariatif. Posisi strategis dekat dengan pintu tol. Sukses terus untuk hotel Santika dan terima kasih Traveloka.",Diulas 56 minggu lalu
https://www.traveloka.com/id-id/user/review/consumption/HOTEL/GENERAL/3000010022674,2,20,Puas dengan pelayanan dan fasilitas hotel.,Diulas 59 minggu lalu
https://www.traveloka.com/id-id/user/review/consumption/HOTEL/GENERAL/3000010022674,2,21,"Mewah, bersih, staf ramah, di atas pusat perbelanjaan, banyak tempat makan dan belanja. Variasi menu sedikit.",Diulas 59 minggu lalu
https://www.traveloka.com/id-id/user/review/consumption/HOTEL/GENERAL/3000010022674,2,22,"Seperti biasa Santika itu paling oke. Wifi sama variant makanan breakfast-nya, mau di Depok, Palembang, Bintaro, dll, jadi menu makanan-nya bukan sekedar berganti-ganti, tapi ada rasa ga hambar (karena ada beberapa hotel yang masakan/olahannya) cuma rasa garam doang (kek kurang kaldu, misal soup/sayur cuma rasa garam doang kek aneh aja). Tuk para staf & crew-nya ramah-ramah juga humble semua. Hingga umur 40 ini belum pernah ketemu yang gagal di Santika manapun. Makasih HS 🙏",Diulas 59 minggu lalu
https://www.traveloka.com/id-id/user/review/consumption/HOTEL/GENERAL/3000010022674,2,23,"mall ex kebanjiran menyebabkan lift mall mati dan kesulitan akses kekamar, menu bfast harus diperbaiki, Refill buffet lama bahkan harus diminta padahal ada petugas yg keliling ngecek itu pun yg di Refill hanya 1 menu saja. sampai salad bar pun ga ada isinya. overall rasa makanan kurang enak. hari ke-2 nasgor teri nasi keras parah. tiap bfast udah bingung apaan yang mau dimakan karena ga selera. padahal stay di masa lebaran karena berharap dapet makanan enak.

kamar ambil premiere luas, balkon aktif..tapi lantai dibalkon ga pernah dibersihkan..telapak kaki sampai hitam, dengan tetesan banjir air outdoor AC. Kamar luas AC Split sehingga gerah sewaktu tidur. kamar mandi luas, shower mantap.",Diulas 60 minggu lalu
https://www.traveloka.com/id-id/user/review/consumption/HOTEL/GENERAL/3000010022674,2,24,"Saya sudah 2x menginap di Santika Mega Bekasi. Poin plus utamanya adalah breakfast-nya yang gak pernah gagal dalam hal rasa dan variasi. Semua enak, khususnya kemarin ketupat dan opor Lebaran-nya, enak banget. Kamar bersih, kolam renang meski kecil namun bersih. Pelayanan staff sangat ramah. Maintenance kalau dipanggil gercep. Sedikit masukan untuk kamar bilas di area kolam renang, sebaiknya menggunakan pintu, bukan gorden yang bisa berkibaran ditiup angin, sehingga kalau mau ganti pakaian, tidak nyaman. Di luar itu, semua bagus dan pasti kami akan menginap lagi di Santika.",Diulas 60 minggu lalu
https://www.traveloka.com/id-id/user/review/consumption/HOTEL/GENERAL/3000010022674,2,25,Staff hotel sangat ramah pada saat check in. Lingkungan hotel juga bersih dan bagus. Kamar juga bersih. Pelayanan bagus. Hotel juga dekat dengan pusat perbelanjaan.,Diulas 64 minggu lalu
https://www.traveloka.com/id-id/user/review/consumption/HOTEL/GENERAL/3000010022674,2,26,staff hotel ramah sekali dan sangat membantu,Diulas 65 minggu lalu
https://www.traveloka.com/id-id/user/review/consumption/HOTEL/GENERAL/3000010022674,2,27,Nyaman pusat belanja & resto kafe tinggal turun,Diulas 66 minggu lalu
https://www.traveloka.com/id-id/user/review/consumption/HOTEL/GENERAL/3000010022674,2,28,"Tempat strategis, staf hotel ramah, breakfast variatif menu-nya, free parkir, best pokoknya!!!!",Diulas 69 minggu lalu
https://www.traveloka.com/id-id/user/review/consumption/HOTEL/GENERAL/3000010022674,2,29,Staff hotelnya ramah-ramah dan sangat membantu dalam proses check in,Diulas 70 minggu lalu
https://www.traveloka.com/id-id/user/review/consumption/HOTEL/GENERAL/3000010022674,2,30,"Lantai kamarnya lengket dan bau seperti bensin. Padahal hotel sekelas Santika harusnya nyaman sekali. Saya berpikir karena memang hidung saya yang terlalu sensitif, ternyata suami saya juga mencium aroma yang sama. Akhirnya lantai kami pel menggunakan keset kamar mandi, setelah itu lantainya sudah tidak lengket dan bau bensinnya agak hilang. Hanya memang jadi tidak nyaman untuk saya yang memiliki penciuman sensitif terhadap bau, karena akibat bau yang tajam membuat hidung saya sakit dan meler. Mau komplain ganti kamar, sudah malam. Jadi terpaksa dipel saja dan disemprot parfum biar bau bensinnya agak berkurang. Mohon maaf 🙏",Diulas 71 minggu lalu
https://www.traveloka.com/id-id/user/review/consumption/HOTEL/GENERAL/3000010022674,2,31,Staff sangat ramah dan membantu pada saat proses cek in,Diulas 71 minggu lalu
https://www.traveloka.com/id-id/user/review/consumption/HOTEL/GENERAL/3000010022674,2,32,Seru kalo ke Mall tinggal turun 😅,Diulas 72 minggu lalu
https://www.traveloka.com/id-id/user/review/consumption/HOTEL/GENERAL/3000010022674,2,33,"Pengalaman pertama menginap di sini, dekat mal, enak, makanan resto banyak pilihannya, harga sangat bersahabat, next bakal menginap lagi",Diulas 72 minggu lalu
https://www.traveloka.com/id-id/user/review/consumption/HOTEL/GENERAL/3000010022674,2,34,Staf hotel ramah selama kami menginap selama 3 hari 2 malam.,Diulas 72 minggu lalu
https://www.traveloka.com/id-id/user/review/consumption/HOTEL/GENERAL/3000010022674,2,35,"Pengalaman pertama, alhamdulillah, anakku sangat tertarik 🥰",Diulas 73 minggu lalu
https://www.traveloka.com/id-id/user/review/consumption/HOTEL/GENERAL/3000010022674,2,36,"Tahun baruan di sini menyenangkan sekali, apalagi banyak dikasih door prize dan acaranya gak ngebosenin.",Diulas 73 minggu lalu
https://www.traveloka.com/id-id/user/review/consumption/HOTEL/GENERAL/3000010022674,2,37,Pelayanan sangat baik. Hotel yang bersih,Diulas 73 minggu lalu
https://www.traveloka.com/id-id/user/review/consumption/HOTEL/GENERAL/3000010022674,2,38,"Semuanya bagus, kamarnya, aksesibilitasnya karena berada di dalam mal, tetapi terkadang hanya ada 1 akses lift yang tersedia ke mal, kemudian setiap kali Anda memesan Grab atau Gojek untuk menjemput Anda dari lobi, Anda masih perlu membayar biaya parkir",Diulas 74 minggu lalu
https://www.traveloka.com/id-id/user/review/consumption/HOTEL/GENERAL/3000010022674,2,39,"Suka menginap di santika, kamar bagus AC dingin. Kolamnya bersih tapi kalau pagi sinar matahari sangat mantap hehe. Kolam renang anak untuk anak agar aman. Makanan sarapannya juga enak.",Diulas 74 minggu lalu
https://www.traveloka.com/id-id/user/review/consumption/HOTEL/GENERAL/3000010022674,2,40,Security baik customer service ramah. Sangat baik. Hotel bersih.,Diulas 75 minggu lalu
https://www.traveloka.com/id-id/user/review/consumption/HOTEL/GENERAL/3000010022674,3,1,"Saya memesan non smoking room tp diberikan smoking room dengan alasan semua kamar penuh, akses mau ke kamar saja sudah bau rokok, di dalam kamar juga bau asap rokok dari sofa, dari gorden atau entah dari mana, saya ada alergi asap rokok dan asma sampai sesak nafas. Lantai juga agak lengket-lengket rasanya tidak di pel. Sudah minta di bersihkan bau rokok tp masih saja tercium. Untung saya cuma sehari.",Diulas 75 minggu lalu
https://www.traveloka.com/id-id/user/review/consumption/HOTEL/GENERAL/3000010022674,3,2,Breakfast nya enak. Stafnya ramah,Diulas 78 minggu lalu
https://www.traveloka.com/id-id/user/review/consumption/HOTEL/GENERAL/3000010022674,3,3,"Overall bagus, makanan variasi beragam, lokasi dekat dengan dua pusat perbelanjaan. Hanya saja air di kamar mandi susah surutnya jadi menggenang. Lalu, wifi pada hotel kurang kencang, hanya maksimal 40-50 mbps, pada malam hari sempat gangguan turun kecepatan.",Diulas 79 minggu lalu
https://www.traveloka.com/id-id/user/review/consumption/HOTEL/GENERAL/3000010022674,3,4,Direkomendasikan juga untuk keluarga yang tinggal di dekat pusat perbelanjaan.,Diulas 79 minggu lalu
https://www.traveloka.com/id-id/user/review/consumption/HOTEL/GENERAL/3000010022674,3,5,bagus 👍😎banget hanya saja wifi kurang kuenceng,Diulas 80 minggu lalu
https://www.traveloka.com/id-id/user/review/consumption/HOTEL/GENERAL/3000010022674,3,6,Menurutku semua sudah bagus menginap sini. Yang bikin kesal kenapa jam 8-an harus ketok-ketok pintu tanya laundry. Kalau kita mau kan bisa konfirmasi ke lobi.,Diulas 82 minggu lalu
https://www.traveloka.com/id-id/user/review/consumption/HOTEL/GENERAL/3000010022674,3,7,"Staff hotel sangat ramah, kebersihan hotel dan untuk makanan nya the best.",Diulas 82 minggu lalu
https://www.traveloka.com/id-id/user/review/consumption/HOTEL/GENERAL/3000010022674,3,8,"Semuanya sangat nyaman, terima kasih.",Diulas 82 minggu lalu
https://www.traveloka.com/id-id/user/review/consumption/HOTEL/GENERAL/3000010022674,3,9,"Semoga harga per kamar rendah, dan klu bisa ada promo kamar.",Diulas 83 minggu lalu
https://www.traveloka.com/id-id/user/review/consumption/HOTEL/GENERAL/3000010022674,3,10,"Staff ramah, sarapan komplit, petugas keamanan nya sigap.",Diulas 85 minggu lalu
https://www.traveloka.com/id-id/user/review/consumption/HOTEL/GENERAL/3000010022674,3,11,"Staff ramah, petugas front office, keamanan sigap.",Diulas 85 minggu lalu
https://www.traveloka.com/id-id/user/review/consumption/HOTEL/GENERAL/3000010022674,3,12,"Sangat puas sekali, khususnya kalau bawa anak. Sangat kids friendly lah. Bakal balik lagi sih.",Diulas 85 minggu lalu
https://www.traveloka.com/id-id/user/review/consumption/HOTEL/GENERAL/3000010022674,3,13,"Staff hotel, security, tim restoran sangat ramah. Akses ke mal sangat mudah.",Diulas 86 minggu lalu
https://www.traveloka.com/id-id/user/review/consumption/HOTEL/GENERAL/3000010022674,3,14,Hotel rekomendasi pilihan keluarga.,Diulas 87 minggu lalu
https://www.traveloka.com/id-id/user/review/consumption/HOTEL/GENERAL/3000010022674,3,15,Ac kurang dingin dengan kamar sekelas premier.,Diulas 88 minggu lalu
https://www.traveloka.com/id-id/user/review/consumption/HOTEL/GENERAL/3000010022674,3,16,"Sangat sangat recommended, semoga makin banyak promo, dan makasih Traveloka later.",Diulas 89 minggu lalu
https://www.traveloka.com/id-id/user/review/consumption/HOTEL/GENERAL/3000010022674,3,17,Hotel ini sangat dekat dengan pusat perbelanjaan terdekat.,Diulas 93 minggu lalu
https://www.traveloka.com/id-id/user/review/consumption/HOTEL/GENERAL/3000010022674,3,18,Pengalaman pertama yang luar biasa!,Diulas 93 minggu lalu
https://www.traveloka.com/id-id/user/review/consumption/HOTEL/GENERAL/3000010022674,3,19,Staf hotel-nya ramah dan baik. Saya minta tambah 1 kunci kamar langsung dikasih. Sarapan-nya banyak dan enak. Semoga dipertahankan service-nya ya.,Diulas 94 minggu lalu
https://www.traveloka.com/id-id/user/review/consumption/HOTEL/GENERAL/3000010022674,3,20,"The best experience ever! Makanannya enak-enak banget, staff-nya ramah-ramah. Kamarnya spacious dan kemarin saya dapat complimentary berupa cake right after saya check in. Lokasinya juga strategis dekat ke mana-mana dan di dalam mal jadi very convenient kalau mau makan atau nonton bioskop. Puas banget!",Diulas 94 minggu lalu
https://www.traveloka.com/id-id/user/review/consumption/HOTEL/GENERAL/3000010022674,3,21,"Tempatnya bagus dan menyenangkan, dan bisa direkomendasikan untuk menginap.",Diulas 95 minggu lalu
https://www.traveloka.com/id-id/user/review/consumption/HOTEL/GENERAL/3000010022674,3,22,Cukup puas dan pelayanan yang ramah.,Diulas 96 minggu lalu
https://www.traveloka.com/id-id/user/review/consumption/HOTEL/GENERAL/3000010022674,3,23,"Ramah, pelayanan baik dari semua bagian, serta respons sangat baik dan cepat.",Diulas 97 minggu lalu
https://www.traveloka.com/id-id/user/review/consumption/HOTEL/GENERAL/3000010022674,3,24,Malam yang indah di kota besar santika.,Diulas 97 minggu lalu
https://www.traveloka.com/id-id/user/review/consumption/HOTEL/GENERAL/3000010022674,3,25,Parkirnya susah dan crowded banget.,Diulas 97 minggu lalu
https://www.traveloka.com/id-id/user/review/consumption/HOTEL/GENERAL/3000010022674,3,26,Staf hotel ramah. Hotel nyatu sama mal jadi gak akan makan waktu kalau mau cari makan di mal atau belanja sesuatu. So far so good. Terima kasih Santika mega city 🙏,Diulas 98 minggu lalu
https://www.traveloka.com/id-id/user/review/consumption/HOTEL/GENERAL/3000010022674,3,27,"Letaknya di atas mall, sarapan pagi variatif, staffnya ramah.",Diulas 99 minggu lalu
https://www.traveloka.com/id-id/user/review/consumption/HOTEL/GENERAL/3000010022674,3,28,"Kamar bagus, pelayanan baik, cepat merespon komplain dari pelanggan",Diulas 100 minggu lalu
https://www.traveloka.com/id-id/user/review/consumption/HOTEL/GENERAL/3000010022674,3,29,Sangat nyaman dan pelayanan memuaskan.,Diulas 100 minggu lalu
https://www.traveloka.com/id-id/user/review/consumption/HOTEL/GENERAL/3000010022674,3,30,Good untuk kamar. Good untuk sarapan.,Diulas 100 minggu lalu
https://www.traveloka.com/id-id/user/review/consumption/HOTEL/GENERAL/3000010022674,3,31,"Staf ramah, kamarnya bersih dan nyaman, di atas mal. Kalau pegal-pegal ada pijat refleksi di lantai dasar.",Diulas 101 minggu lalu
https://www.traveloka.com/id-id/user/review/consumption/HOTEL/GENERAL/3000010022674,3,32,Tingkatkan pelayanan dan kebersihan.,Diulas 101 minggu lalu
https://www.traveloka.com/id-id/user/review/consumption/HOTEL/GENERAL/3000010022674,3,33,"Anak umur 5 tahun kena biaya untuk sarapannya 50 ribu, menurut saya sih itu terlalu besar ya dan harusnya free. Anak-anak itu makannya dikit, paling cuma 1 menu dan 1 minum saja masa dikenakan biaya, mungkin bisa di kaji ulang untuk ketentuannya.",Diulas 102 minggu lalu
https://www.traveloka.com/id-id/user/review/consumption/HOTEL/GENERAL/3000010022674,3,34,Pelayanannya ok ramah baik dan sangat membantu saya sekali.,Diulas 102 minggu lalu
https://www.traveloka.com/id-id/user/review/consumption/HOTEL/GENERAL/3000010022674,3,35,"Kamarnya pas lah untuk harganya, lokasinya juga accessible karena ada di tengah-tengah kota. Makanannya juga oke.",Diulas 103 minggu lalu
https://www.traveloka.com/id-id/user/review/consumption/HOTEL/GENERAL/3000010022674,3,36,Cukup menyenangkan staycation di sini.,Diulas 104 minggu lalu
https://www.traveloka.com/id-id/user/review/consumption/HOTEL/GENERAL/3000010022674,3,37,Mantap menginap di sini. Terima kasih.,Diulas 105 minggu lalu
https://www.traveloka.com/id-id/user/review/consumption/HOTEL/GENERAL/3000010022674,3,38,"Kamarnya cukup kecil dibandingkan dengan pesaingnya. Perlengkapan kamar mandi terlihat agak tua dan kebersihannya di bawah rata-rata. Akses ke lobi/kamar cukup baik jika Anda mengendarai mobil atau berjalan kaki selama jam buka Mall. Namun, selama waktu tersebut, Anda harus berjalan cukup jauh ke sisi belakang mall untuk masuk melalui satu-satunya pintu yang buka selama 24 jam.",Diulas 106 minggu lalu
https://www.traveloka.com/id-id/user/review/consumption/HOTEL/GENERAL/3000010022674,3,39,"Pelayan oke, kebersihan oke banget. Cuma view-nya kurang menarik. Makanan juga enak kok.",Diulas 106 minggu lalu
https://www.traveloka.com/id-id/user/review/consumption/HOTEL/GENERAL/3000010022674,3,40,Okey semua. Cukup pelayanannya.,Diulas 106 minggu lalu
https://www.traveloka.com/id-id/user/review/consumption/HOTEL/GENERAL/3000010022674,4,1,AC tidak dingin walaupun sudah menyala > 4 jam.,Diulas 106 minggu lalu
https://www.traveloka.com/id-id/user/review/consumption/HOTEL/GENERAL/3000010022674,4,2,Santika untuk hotel b3 udah oke bangett.,Diulas 106 minggu lalu
https://www.traveloka.com/id-id/user/review/consumption/HOTEL/GENERAL/3000010022674,4,3,"Lokasi strategis, cuma parkiran yang sulit.",Diulas 107 minggu lalu
https://www.traveloka.com/id-id/user/review/consumption/HOTEL/GENERAL/3000010022674,4,4,"Parkir: Terbatas, jadi harus gabung di mal. Kebersihan: Oke. Sarapan: Cukup variatif. Check out: Cepat. Check in: +/- 30 menit. TV: Masih belum smart TV (siaran terbatas).",Diulas 107 minggu lalu
https://www.traveloka.com/id-id/user/review/consumption/HOTEL/GENERAL/3000010022674,4,5,"Walau kaget dengan keadaan AC saat check in, namun segera terselesaikan. Pengalaman menginap yang menyenangkan dan akan kembali.",Diulas 107 minggu lalu
https://www.traveloka.com/id-id/user/review/consumption/HOTEL/GENERAL/3000010022674,4,6,"Ini kedua kalinya saya menginap di Hotel Santika Mega, Kota Bandung. Selalu senang dan puas menginap di sini. Kerja bagus dan pertahankan hal-hal baik ini.",Diulas 108 minggu lalu
https://www.traveloka.com/id-id/user/review/consumption/HOTEL/GENERAL/3000010022674,4,7,"Semua staf sangat ramah, makanan enak, kamar bersih dan nyaman.",Diulas 108 minggu lalu
https://www.traveloka.com/id-id/user/review/consumption/HOTEL/GENERAL/3000010022674,4,8,"Pelayanan sangat baik staff ramah kamar bersih nyaman, makanan enak.",Diulas 108 minggu lalu
https://www.traveloka.com/id-id/user/review/consumption/HOTEL/GENERAL/3000010022674,4,9,"Fasilitas tolong diperbarui, terutama TV. Kamar tipe superior queen tapi TV analog bukan smart TV, kamar bilas kolam berenang kurang memadai, tidak privasi saat pengganti, hanya sebatas hordeng sebagai penutup.",Diulas 110 minggu lalu
https://www.traveloka.com/id-id/user/review/consumption/HOTEL/GENERAL/3000010022674,4,10,"Breakfast enak, kamar nyaman, pelayanan ok.",Diulas 110 minggu lalu
https://www.traveloka.com/id-id/user/review/consumption/HOTEL/GENERAL/3000010022674,4,11,"Bagus, staycation bareng keluarga besar.",Diulas 110 minggu lalu
https://www.traveloka.com/id-id/user/review/consumption/HOTEL/GENERAL/3000010022674,4,12,"Kamar terlalu sempit, kurang pengharum ruangan. Selebihnya kalau pelayanan sangat memuaskan.",Diulas 113 minggu lalu
https://www.traveloka.com/id-id/user/review/consumption/HOTEL/GENERAL/3000010022674,4,13,"Kamar bersih, AC dingin, terutama makanan-nya variasi dan enak-enak, next di agendakan lagi ke sana.",Diulas 116 minggu lalu
https://www.traveloka.com/id-id/user/review/consumption/HOTEL/GENERAL/3000010022674,4,14,"Wifi nya kurang, mudah ilang ilang.",Diulas 117 minggu lalu
https://www.traveloka.com/id-id/user/review/consumption/HOTEL/GENERAL/3000010022674,4,15,Sangat menyenangkan menginap di Hotel Santika Mega Bekasi.,Diulas 117 minggu lalu
https://www.traveloka.com/id-id/user/review/consumption/HOTEL/GENERAL/3000010022674,4,16,Wifi lemot dan AC tidak dingin.,Diulas 117 minggu lalu
https://www.traveloka.com/id-id/user/review/consumption/HOTEL/GENERAL/3000010022674,4,17,"Sangat bagus dalam segala hal. Sarapan, pelayanan, kamar, fasilitas, dan tidak perlu khawatir soal parkir. Gratis. Bintang 5 pun rasanya tidak cukup untuk properti ini 😋🥰.",Diulas 118 minggu lalu
https://www.traveloka.com/id-id/user/review/consumption/HOTEL/GENERAL/3000010022674,4,18,"Pada saay check in ternyata bookingan saya belum tercatat di sistem mereka, sehingga saya harus menunggu sangat lama. Kondisi AC kamar panas.",Diulas 118 minggu lalu
https://www.traveloka.com/id-id/user/review/consumption/HOTEL/GENERAL/3000010022674,4,19,"Overall ok, cuma wifi nya lemot banget.",Diulas 119 minggu lalu
https://www.traveloka.com/id-id/user/review/consumption/HOTEL/GENERAL/3000010022674,4,20,"Pas di dalam mall, lumayan agak repot kl kembali ke hotel lebih dari jam 9 malam. Jalan jauh banget. Sinyal hilang muncul padahal pakai wifi hotel, sinyal ponsel di sana juga jadi jelek banget ntah kenapa padahal di lantai atas. Staf ramah banget juara. Makanan juga oke, banyak variasi.",Diulas 120 minggu lalu
https://www.traveloka.com/id-id/user/review/consumption/HOTEL/GENERAL/3000010022674,4,21,"Hotelnya gabung dengan mal Mega City Bekasi, akomodasinya lebih mudah mencari makanan dan hiburan, pegawainya ramah. Sangat direkomendasikan menginap di sini.",Diulas 121 minggu lalu
https://www.traveloka.com/id-id/user/review/consumption/HOTEL/GENERAL/3000010022674,4,22,"Hotelnya gabung dengan Mega City Mall Bekasi, untuk wisata belanja dan kuliner cukup banyak dan mudah. Mantap.",Diulas 121 minggu lalu
https://www.traveloka.com/id-id/user/review/consumption/HOTEL/GENERAL/3000010022674,4,23,"Sarapannya kurang enak, di kamar susah sinyal.",Diulas 121 minggu lalu
https://www.traveloka.com/id-id/user/review/consumption/HOTEL/GENERAL/3000010022674,4,24,"Hotelnya masuk wilayah mal Mega City Bekasi, kalau mau ke mal untuk sekadar jalan-jalan, belanja, atau cari makan sangat mudah. Tidak perlu jauh-jauh. Untuk wisata nonton bioskop juga bisa langsung lewat samping hotel saja. Mantap pokoknya.",Diulas 121 minggu lalu
https://www.traveloka.com/id-id/user/review/consumption/HOTEL/GENERAL/3000010022674,4,25,"Lokasi strategis, ruangan nyaman bersih, makanan enak.",Diulas 122 minggu lalu
https://www.traveloka.com/id-id/user/review/consumption/HOTEL/GENERAL/3000010022674,4,26,"Hotel yang sangat nyaman. Staf sangat ramah, kamar bersih dan menu sarapan yang enak. Seluruh staf sangat membantu kebutuhan kami selama menginap. Akses makan dan hiburan langsung lewat lift hotel ke dalam mal. Ada paket hemat menu makan di hotel dengan kisaran 50 ribuan sudah gratis es teh dan porsi yang cukup mengenyangkan. Khusus untuk yang tidak bawa kendaraan bila sampai hotel lewat jam 9 malam lebih baik minta diantar driver online langsung ke lantai 5 lobi hotel karena akses lewat dalam mal setelah jam 9 cukup gelap dan sepi. Selebihnya sangat menyenangkan untuk menginap di Hotel Santika Bekasi Barat.",Diulas 122 minggu lalu
https://www.traveloka.com/id-id/user/review/consumption/HOTEL/GENERAL/3000010022674,4,27,"Pelayanan nya bagus, saya langganan di hotel ini.",Diulas 122 minggu lalu
https://www.traveloka.com/id-id/user/review/consumption/HOTEL/GENERAL/3000010022674,4,28,"Sungguh mengejutkan, keramahan di hotel ini luar biasa. Menu sarapannya beragam dan sangat lezat, layaknya hotel bintang 4.",Diulas 123 minggu lalu
https://www.traveloka.com/id-id/user/review/consumption/HOTEL/GENERAL/3000010022674,4,29,Makanannya banyak variasi dan enak. Service-nya bagus. Kamar juga bersih. Overall semuanya mantap.,Diulas 123 minggu lalu
https://www.traveloka.com/id-id/user/review/consumption/HOTEL/GENERAL/3000010022674,4,30,Nyaman sekali di hotel santika megacity.,Diulas 124 minggu lalu
https://www.traveloka.com/id-id/user/review/consumption/HOTEL/GENERAL/3000010022674,4,31,"Hotel cukup baik, sayang ada kecoa, tapi langsung dibuang room service yang kebetulan sedang ikut antar bawaan. Pemandangan atap. Yah karena momen tahun baru sudah tidak ada banyak pilihan tersedia. Kita nikmati saja. Tapi overall bagus acaranya tahun baruan.",Diulas 124 minggu lalu
https://www.traveloka.com/id-id/user/review/consumption/HOTEL/GENERAL/3000010022674,4,32,"Kamarnya oke, AC dingin, kasurnya enak, overall nyaman. Paginya ada kendala air panas gak nyala tapi langsung tanggap dibenerin sama pihak hotel walau airnya tetap gak panas, cuma anget-anget aja. Untuk makanan maaf banget, banyak yang gak enak. Okonomiyaki lebih tepat disebut bakwan, rasa hambar. Ikan asam manisnya keasinan. Mashed potato with cheese-nya keasinan. Yang lainnya bingung deh rasanya, gak ada yang bener. Spagetti arabiata rasanya cuma kaya pasta campur saus tomat doang. Kue-nya lumayan lah, tapi pudingnya mohon maaf, kaya puding murah. Ada makanan India juga, jujur gak pernah makan makanan India sebelumnya jadi gak bisa menilai. Sate ayam sama mie gorengnya lumayan, dan yang paling enak cuma satu, iga garang asemnya. Karena tahun baru ini ekspektasinya mau ngabisin waktu dengan makan-makan enak dan tidur nyenyak, jadi cukup kecewa dengan kualitas makanannya. Semoga bisa ditingkatkan lagi. Saran, quality over quantity, mungkin jenis makanannya gak perlu terlalu banyak asal bisa lebih fokus ke rasanya.",Diulas 125 minggu lalu
https://www.traveloka.com/id-id/user/review/consumption/HOTEL/GENERAL/3000010022674,4,33,"Ini hotel terparah banget sih, bener bener buruk. Aku nginep ketika tahun baru yaitu 31 Desember 2024 nomor room 706. Awal mau check in sekitar jam 1.45 masuk lobby, ini rame ga karuan dan kondisi di lobby hotel lantai 5 nya ini bener bener panas. Aku liat ada 3 komputer fo tapi yang fungsi cuma 2. Jadi ya lumayan padat dan agak lama nunggu check in aja pun. Oke lanjut lah kami masuk kamar. Kondisi AC kotor (beneran ga dingin udah 1 jam ditungguin) dan agak bau debu udaranya. Oke lah kita abaikan, karena ada sodara kami datang, jadilah kami jemput. Kami tunggu di lantai 7 tapi sepanjang lorong itu beneran panas parah, kami tanya sama petugas house keeping dia bilang memang belum di nyalakan. Whats? Udah 4.30 dan tamu udah banyak banget masa iya ga nyala itu AC! Lanjut kita abaikan, mau malam taun baruan harus happy nih. Akhirnya masuk kamar trus tiba sorean deh nih, mau mandi. Ini air di kamar mandi genang terus. Lama banget surutnya. Ya ampun mau nangis. Tapi masih lumayan bersih lah airnya. Jadi yaudah lah ya. Puncaknya adalah besok hari ketika mau pulang. Ini aku bawa baby juga kan. Mau mandi bersih kan pulang hotel tinggal tidur. Ini kok airnya kotor (berlumpur hitam) fotonya aku masukin ya, kalian bisa liat sendiri. Akhirnya anakku mandi pakai air aqua, minta refil pun dikasih cuma satu sama hotelnya. Kita tanya lagi house keeping sebelah kamar kamar, eh ini dia bilang semuanya sama airnya. Omg! Serius deh gak lagi lagi nginep di sini! Lebih baik cari yang lain aja. Thank you.",Diulas 125 minggu lalu
https://www.traveloka.com/id-id/user/review/consumption/HOTEL/GENERAL/3000010022674,4,34,"Pelayanannya bagus, stafnya ramah, sarapan enak. Hotel dan kamarnya bersih.",Diulas 125 minggu lalu
https://www.traveloka.com/id-id/user/review/consumption/HOTEL/GENERAL/3000010022674,4,35,"Lokasi strategis dan menyatu dengan mall sehingga memudahkan. Kamar memang tidak luas, tapi nyaman, kasur dan bantal membuat nyenyak tidur. 😄 Pelayanan saat check-in dan check out lancar dan petugas ramah, bisa titip koper juga karena datang sebelum pukul 14.00. Menu di restoran saat sarapan cukup banyak dan lengkap, jus jeruknya enak. Tapi untuk cake, masih bisa ditingkatkan lagi rasanya. Terima kasih atas pelayanan selama saya dan keluarga menginap di Santika. 😊",Diulas 126 minggu lalu
https://www.traveloka.com/id-id/user/review/consumption/HOTEL/GENERAL/3000010022674,4,36,"Hotel yang bagus, strategis karena di atas mall, bersih, pelayanan cepat dan ramah.",Diulas 126 minggu lalu
https://www.traveloka.com/id-id/user/review/consumption/HOTEL/GENERAL/3000010022674,4,37,"Hotel yang lumayan menyenangkan untuk staycation, berada di atas Mega Bekasi City Mall tepatnya roof top lantai 5, yang gampang banget kalau mau jajan, nonton, belanja tinggal turun aja, untuk semua fasilitas dan pelayanannya sangat memuaskan, namun ada beberapa yang menurut saya menjadi kekurangan yakni: 1. Untuk akses antara hotel dan mall itu tidak private jadi siapa saja bisa bebas masuk hingga ke lobby hotel kecuali lift yang menuju kamar yang khusus menggunakan kartu. 2. Untuk di kolam renang tidak ada handuk jadi harus bawa handuk dari kamar. 3. Tidak ada hari dryer di kamar mandi. Tapi overall semuanya sangat-sangat oke, makanan enak dan variatif, kamar bersih, AC dingin, air hangat untuk mandi lancar, kolam renang bersih dan sudah disediakan ban bebek-bebekan untuk anak, di arena playground anak-anak terdapat mainan edukatif dan TV dengan tayangan kartun anak-anak. Jadi cukup recommended untuk staycation di sini dan akan kembali lagi. Terima kasih Santika Mega Bekasi.",Diulas 126 minggu lalu
https://www.traveloka.com/id-id/user/review/consumption/HOTEL/GENERAL/3000010022674,4,38,"Proses check-in dan check out cepat plus petugasnya ramah. Bisa titip koper dulu karena belum masuk waktu check-in. Porter juga ramah dan membantu. Luas kamar memang standar tapi kasur dan bantalnya nyaman. Tapi mungkin lampu kamar dan ketersediaan tisu perlu ditambah. Pada waktu saya menginap, ada acara di restoran yang suara musiknya cukup ramai karena tidak ada sekat penutup untuk meredam suara. Terima kasih atas pelayanannya.",Diulas 126 minggu lalu
https://www.traveloka.com/id-id/user/review/consumption/HOTEL/GENERAL/3000010022674,4,39,"Glad to be back to this hotel. Hotel favourite alm. Suami. Biasa nginep berdua, sekarang memberanikan diri stay sendirian. Full of happiness memory. Thank you santika.",Diulas 128 minggu lalu
https://www.traveloka.com/id-id/user/review/consumption/HOTEL/GENERAL/3000010022674,4,40,Makanan breakfastnya enak enak semua.,Diulas 128 minggu lalu
https://www.traveloka.com/id-id/user/review/consumption/HOTEL/GENERAL/3000010022674,5,1,"Kamar bagus aja sih, lokasinya di atas mall bagi yang suka belanja kuliner mungkin cocok aja ya, cuma yang mungkin sangat kurang di sini adalah sinyal telpon susah wifi juga buat saya susah, susah connect ke laptop maupun HP. Tapi temen bisa dan lancar ke HP entah mungkin beda lantai bisa beda kualitas juga mungkin ya.",Diulas 129 minggu lalu
https://www.traveloka.com/id-id/user/review/consumption/HOTEL/GENERAL/3000010022674,5,2,"AC lama dinginnya, sisanya nyaman semua.",Diulas 129 minggu lalu
https://www.traveloka.com/id-id/user/review/consumption/HOTEL/GENERAL/3000010022674,5,3,"Keseluruhan ruangan nyaman, fasilitas cukup, pelayanannya baik, menu sarapan variatif & enak. Awal datang ada welcome drink dan pengarahan oleh resepsionis ketika check in. Masuk kamar lantai agak lembap dan suhu kurang dingin karena ternyata pintu balkon terbuka, tidak ada kunci dan agak rusak jadi tidak tertutup sempurna. Cangkir minum dan lantai kamar mandi perlu deep clean. Tempat sampah perlu kantong sampah. Yang sangat disayangkan, ketika check out saya meminta resepsionis untuk konfirmasi apabila menemukan cincin saya yang sempat hilang kemungkinan di kamar. Hingga menunggu seminggu belum ada kabar. Akhirnya menghubungi nomor senemunya yang tertera di sosmed, ternyata kabarnya tidak ditemukan. Saran saja, apabila menemukan maupun tidak menemukan harusnya tetap konfirmasi ke customer.",Diulas 130 minggu lalu
https://www.traveloka.com/id-id/user/review/consumption/HOTEL/GENERAL/3000010022674,5,4,"Kamar nya agak sempit ya, dan tidak ada kulkas nya. Breakfastnya juga beragam cuma sayang banyak lalat.",Diulas 130 minggu lalu
https://www.traveloka.com/id-id/user/review/consumption/HOTEL/GENERAL/3000010022674,5,5,"Sempurna untuk waktu saya, akomodasi bagus, staf sangat profesional.",Diulas 132 minggu lalu
https://www.traveloka.com/id-id/user/review/consumption/HOTEL/GENERAL/3000010022674,5,6,"Tambah nyaman dan bagus untuk kamar dan pelayanannya serta untuk makanannya enak enak, next time bisa kita kesana lagi.",Diulas 133 minggu lalu
https://www.traveloka.com/id-id/user/review/consumption/HOTEL/GENERAL/3000010022674,5,7,Santika group gak pernah bikin kecewa. Sarapannya banyak banget termasuk gulali. Di atas mall yang lengkap juga.,Diulas 133 minggu lalu
https://www.traveloka.com/id-id/user/review/consumption/HOTEL/GENERAL/3000010022674,5,8,"Staffnya ramah, fasilitas oke. Makanannya enak, sangat recommended. Thank you for hospitality.",Diulas 134 minggu lalu
https://www.traveloka.com/id-id/user/review/consumption/HOTEL/GENERAL/3000010022674,5,9,Santika selalu menyajikan sarapan yang yummy. Kolam renangnya bersih dan pas untuk dewasa dan anak-anak.,Diulas 136 minggu lalu
https://www.traveloka.com/id-id/user/review/consumption/HOTEL/GENERAL/3000010022674,5,10,"Pelayanan staf sangat baik. Proses check-in cepat. Staf resepsionis sangat membantu. Saya harus mencetak 2 lembar dokumen saya di resepsionis dan mereka memberikannya secara gratis. Jika Anda membutuhkan sesuatu seperti pengering rambut, perlengkapan sholat, cukup hubungi resepsionis dan staf akan datang ke kamar Anda untuk memberikan barang-barang tersebut. Lokasi hotel di lantai 5 Mega City Bekasi sangat strategis. Damri memiliki kolam renang di Mega City Bekasi sehingga Anda dapat menggunakan Damri jika ingin pergi ke hotel atau CGK dan sebaliknya. Jika Anda ingin makan malam seperti DD, KFC, Hokben, Anda dapat pergi ke mal di bawah hotel dengan menggunakan lift dari hotel. Makanan untuk sarapan lumayan. Mereka menyediakan makanan tradisional, makanan barat, roti, sereal, salad, kue-kue. Tetapi roti agak kering karena diletakkan di keranjang tanpa penutup sehingga langsung terkena udara. Kamar oke, tidak luas tetapi oke. Saya mengalami beberapa masalah dengan kamar mandi saya karena air saat saya mandi tidak mengalir sepenuhnya ke saluran pembuangan. Tapi saya rasa petugas kebersihan selalu memperbaikinya ketika saya melakukan aktivitas di luar. Saya tidak mencoba kolam renang, pusat kebugaran mini, dan makanan dari layanan kamar mereka.",Diulas 139 minggu lalu
https://www.traveloka.com/id-id/user/review/consumption/HOTEL/GENERAL/3000010022674,5,11,Manajemennya bergerak cepat menindaklanjuti keluhan customer. Sinyal agak susah di kamar saya tapi ada wifi. Kolam renang untuk anak dan dewasa ada. Sarapannya bervariasi. Croissant dan Danish nya enak banget. Ada space untuk bermain anak.,Diulas 143 minggu lalu
https://www.traveloka.com/id-id/user/review/consumption/HOTEL/GENERAL/3000010022674,5,12,AC-nya bocor parah banget seperti hujan 😅.,Diulas 144 minggu lalu
https://www.traveloka.com/id-id/user/review/consumption/HOTEL/GENERAL/3000010022674,5,13,"Memberikan harga kamar berbeda dengan balkon, sudah 2x nginap tapi balkon dikunci dan tidak ada kuncinya di kamar.",Diulas 145 minggu lalu
https://www.traveloka.com/id-id/user/review/consumption/HOTEL/GENERAL/3000010022674,5,14,Kami menginap 2 hari niat hati mau ajak anak berenang tapi kolam renangnya tidak bisa digunakan.,Diulas 146 minggu lalu
https://www.traveloka.com/id-id/user/review/consumption/HOTEL/GENERAL/3000010022674,5,15,Hotel bagus di tengah Kota Bekasi.,Diulas 146 minggu lalu
https://www.traveloka.com/id-id/user/review/consumption/HOTEL/GENERAL/3000010022674,5,16,"Aeru sekali nginep di sini! Admin IG nya fast respon dan sangat helpful, sarapannya beragam dan enak! Staff F & B service juga pas sarapan ramah ramah, beberapa HK greeting juga, cuma FO nya agak jutek ya di pas check-in & check-outnya :( overall good sih, thank you for cake and decorate my room ✨.",Diulas 151 minggu lalu
https://www.traveloka.com/id-id/user/review/consumption/HOTEL/GENERAL/3000010022674,5,17,"Hotel yang nyaman, fasilitas nya oke.",Diulas 151 minggu lalu
https://www.traveloka.com/id-id/user/review/consumption/HOTEL/GENERAL/3000010022674,5,18,"Untuk staycation di pusat kota bekasi, cukup menyenangkan, akses ke mallnya bisa langsung via lift, jadi ga perlu capek-capek naik ekskalator. Pelayanannya ramah-ramah, menu sarapannya bervariasi. Pokoknya puas pengalaman menginap di hotel.",Diulas 151 minggu lalu
https://www.traveloka.com/id-id/user/review/consumption/HOTEL/GENERAL/3000010022674,5,19,Hotelnya nyaman sarapannya juga enak-enak.,Diulas 154 minggu lalu
https://www.traveloka.com/id-id/user/review/consumption/HOTEL/GENERAL/3000010022674,5,20,"Berdasarkan pengalaman yang saya alami. Sekelas Santika, makanannya ga ada yang enak. ACnya kurang dingin. Kecewa harga tidak sesuai dengan kualitas.",Diulas 157 minggu lalu
https://www.traveloka.com/id-id/user/review/consumption/HOTEL/GENERAL/3000010022674,5,21,"Kamar bersih, makan enak, apa lagi bubur ayam & roti top. 👍. Maaf untuk kasurnya agak sedikit bunyi.",Diulas 157 minggu lalu
https://www.traveloka.com/id-id/user/review/consumption/HOTEL/GENERAL/3000010022674,5,22,"Pesen dengan bawa anak 1, sampai di lokasi dikasih room smoking, terpaksa saya upgrade karena katanya ga ada kamar lagi, air panas nya ga begitu berfungsi.",Diulas 159 minggu lalu
https://www.traveloka.com/id-id/user/review/consumption/HOTEL/GENERAL/3000010022674,5,23,"Review jujur. Pertama kali kita stay di sini, bawa anak 3 balita sekaligus, pertama dateng securty hotel membantu saya dari mengangkat barang sampai di kamar hotel, staff nya ramah, pas berenang, kata anak saya adenya agak aneh rasanya jadi cuma sebentar kita berenang, minta hairdryer juga dikasih ko, yang agak menggangu pas malam kita tidur itu ada suara kaya orang lagi bersih bersih kebetulan kita di kamar 702 di ujung, selebihnya oke, breakfast anget anget, rotinya gak keras, buburnya enak, kuahnya gurih. Handuk, bantal semua bersih ya, pas mau check out juga kita dibantu sama securty dibawain barangnya ke mobil, kebetulan kami bawa barang lumayan.",Diulas 160 minggu lalu
https://www.traveloka.com/id-id/user/review/consumption/HOTEL/GENERAL/3000010022674,5,24,"Kamarnya oke, sarapannya enak, makasih.",Diulas 160 minggu lalu
https://www.traveloka.com/id-id/user/review/consumption/HOTEL/GENERAL/3000010022674,5,25,"Kali ini dapat kamar kurang bagus, dan agak kotor,",Diulas 160 minggu lalu
https://www.traveloka.com/id-id/user/review/consumption/HOTEL/GENERAL/3000010022674,5,26,"Pelayanan ramah- ramah banget, informatif dan kamarnya cukup bersih.",Diulas 161 minggu lalu
https://www.traveloka.com/id-id/user/review/consumption/HOTEL/GENERAL/3000010022674,5,27,Sekarang makanannya kurang enak dan kurang lengkap,Diulas 161 minggu lalu
https://www.traveloka.com/id-id/user/review/consumption/HOTEL/GENERAL/3000010022674,5,28,"Kamar dan breakfast ok, banyak pilihan.",Diulas 162 minggu lalu
https://www.traveloka.com/id-id/user/review/consumption/HOTEL/GENERAL/3000010022674,5,29,AC kamarnya tidak dingin walaupun sudah pindah kamar tetap tidak dingin. Dengan harga di atas 500 ribu kamarnya kecil tapi tidak dingin AC nya tidak nyaman. Semoga ada perbaikan di kualitas AC nya.,Diulas 163 minggu lalu
https://www.traveloka.com/id-id/user/review/consumption/HOTEL/GENERAL/3000010022674,5,30,"Luas, lega dan nyaman. Cocok untuk liburan bersama keluarga tercinta. Sayang lapisan lantainya ga dilapisin sama karpet jadi licin. Overall very good.",Diulas 163 minggu lalu
https://www.traveloka.com/id-id/user/review/consumption/HOTEL/GENERAL/3000010022674,5,31,"Check in cepat dan langsung bisa dapat kunci kurang dari 10 menit, kebetulan sahur makanan semua segar dan menambah selera makan dan Santika selalu sediakan jamu, ruangan kamar bersih dan nyaman, kamar mandi tersedia kran untuk ambil wudhu.",Diulas 165 minggu lalu
https://www.traveloka.com/id-id/user/review/consumption/HOTEL/GENERAL/3000010022674,5,32,"Pas pagi hari sekitar jam 8an ac kamar tiba-tiba bocor sampai keluar es batu dan airnya lumayan banyak, next nya harus lebih di perhatikan lagi ac nya.",Diulas 166 minggu lalu
https://www.traveloka.com/id-id/user/review/consumption/HOTEL/GENERAL/3000010022674,5,33,"Lokasi bagus, tapi pintu kamar mandi di room saya rusak.",Diulas 167 minggu lalu
https://www.traveloka.com/id-id/user/review/consumption/HOTEL/GENERAL/3000010022674,5,34,"Saya sangat menikmati menginap di sini, makanan sangat enak, kamarnya sangat nyaman, walaupun di awal sempet ga bisa buka pintu, tapi petugas hotel sangat sigap menangani keluhan kami, terima kasih banyak Hotel Santika.",Diulas 167 minggu lalu
https://www.traveloka.com/id-id/user/review/consumption/HOTEL/GENERAL/3000010022674,5,35,"Terpaksa pesan hotel di aplikasi karena kemalaman, langsung percaya aja karena nama Santika, pas menuju hotel, lokasinya di lantai 5 mall dimana aksesnya malam hari tidak ada lampu penerangan yang jelas lewat parkiran gedung yang muter-muter tanpa ada panah penunjuk jalan, hampir aja bertubrukan dengan mobil dari arah yang berlawanan. Parkiran sempit dan bercampur dengan parkiran loading dock mall. Lift pengunjungnya bercampur dengan lift barang yang menurunkan kursi-kursi. Lift nya sempit, jadi satu antara orang dan kursi. 😢. Kamarnya ada nyamuknya, bikin tidur bener-bener gak nyaman, kamar mandinya berbercak kotor, lantainya bikin hitam telapak kaki, seperti gak pernah dipel berbulan bulan. Hotelnya seperti kayak apartemen lama yang mungkin difungsikan jadi hotel saat ini kali ya. Gak lagi-lagi menginap di tempat ini.",Diulas 167 minggu lalu
https://www.traveloka.com/id-id/user/review/consumption/HOTEL/GENERAL/3000010022674,5,36,"Sudah menginap 2 kali, sejauh ini semuanya baik-baik saja.",Diulas 170 minggu lalu
https://www.traveloka.com/id-id/user/review/consumption/HOTEL/GENERAL/3000010022674,5,37,Hotel yang bagus di tengah Kota Bekasi dengan harga yang terjangkau dan free breakfast! Nyaman kamarnya dan tidak ada kekurangan,Diulas 171 minggu lalu
https://www.traveloka.com/id-id/user/review/consumption/HOTEL/GENERAL/3000010022674,5,38,"Interior kamar sudah tua, dan kamar sempit.",Diulas 176 minggu lalu
https://www.traveloka.com/id-id/user/review/consumption/HOTEL/GENERAL/3000010022674,5,39,"Worth it banget. Sheet bersih banget, ga ada debu-debu, air panas oke, sarapan enak-enak dan variatif. Harga sesuai. Bakalan jadi pilihan prioritas buat staycation sama anak-anak 😍 service nya JUARA.",Diulas 177 minggu lalu
https://www.traveloka.com/id-id/user/review/consumption/HOTEL/GENERAL/3000010022674,5,40,"Menginap di sini saat pergantian malam tahun baru dengan keluarga dapat kamar, 607 dan 617. Walaupun harus menunggu kamar 1 laginya sampai 2 jam tapi tetap sabar. Sebetulnya sih ga boleh sampai selama itu seharusnya. Kamarnya bersih, wangi, hanya pintu kamar mandinya di kamar 617 susah ditutup jadi harus di dorong kencang agar bisa rapet.",Diulas 177 minggu lalu
https://www.traveloka.com/id-id/user/review/consumption/HOTEL/GENERAL/3000010022674,6,1,Besok besok akan balik nginep di sini lagi.,Diulas 177 minggu lalu
https://www.traveloka.com/id-id/user/review/consumption/HOTEL/GENERAL/3000010022674,6,2,"Kemarin menginap 2 malam di hotel ini, diterima dengan baik dan ramah oleh staf dan security, saya pesan superior no smoking, ternyata superior smoking semua, tapi resepsionis Mbak Marisa langsung ganti dengan deluxe no smoking, karena saya bawa anak kecil, makasih banyak Mbak Marisa kebaikannya, dan tidak lupa terima kasih untuk Mbak Nyoman staf di restoran yang baik, ramah menyapa dan membantu mencarikan kursi baby anak saya, di tengah kesibukannya, makanannya banyak pilihan dan enak-enak semua. Sukses selalu untuk Hotel Santika, dan recommended hotel di tengah kota Bekasi, terima kasih.",Diulas 178 minggu lalu
https://www.traveloka.com/id-id/user/review/consumption/HOTEL/GENERAL/3000010022674,6,3,"Overall is Good, Staff Ramah dan membantu Thanks For Santika Mega City Bekasi.",Diulas 179 minggu lalu
https://www.traveloka.com/id-id/user/review/consumption/HOTEL/GENERAL/3000010022674,6,4,"Keramahan yang baik dan fasilitas yang baik, sangat nyaman untuk makanannya yang enak membuat saya betah menginap di hotel santika mega city bekasi.",Diulas 180 minggu lalu
https://www.traveloka.com/id-id/user/review/consumption/HOTEL/GENERAL/3000010022674,6,5,"Pengalaman hotel terbaik yang pernah ada😘! Menginap selama seminggu dan saya mendapat kejutan manis dan menyentuh dari seluruh kru! Ini benar-benar luar biasa dan keramahan hotel yang menakjubkan! Hotel Santika Mega City - Bekasi memang keren👍🥰. Luar biasa sekali, hotel terbaik yang pernah ada! Sangat nyaman menginap di sini, merasa seperti di rumah sendiri dengan kebaikan para kru. Terima kasih banyak, Santika Mega City. Kalian telah membuat hari-hari saya menyenangkan❤️!",Diulas 180 minggu lalu
https://www.traveloka.com/id-id/user/review/consumption/HOTEL/GENERAL/3000010022674,6,6,"Rapi, bersih, biaya parkir ditanggung, sarapanya best sih banyak pilihan, paling suka sama staffnya ramah, good attitude banget. Best pokoknya.",Diulas 180 minggu lalu
https://www.traveloka.com/id-id/user/review/consumption/HOTEL/GENERAL/3000010022674,6,7,"Seneng banget bisa nginep di sini, selain akses mudah keluar tol langsung disambut hotelnya. Pelayanan dari security, front office, pelayan restonya oke banget 😊.",Diulas 180 minggu lalu
https://www.traveloka.com/id-id/user/review/consumption/HOTEL/GENERAL/3000010022674,6,8,Sempat kecewa dengan kamar AC tidak dingin tapi pihak hotel memindahkan ke kamar lain di atas tipe yang kami pesan. Terima kasih Santika yang tanggap dengan pelayanannya.,Diulas 181 minggu lalu
https://www.traveloka.com/id-id/user/review/consumption/HOTEL/GENERAL/3000010022674,6,9,"Keseluruhan ok, hanya saja kamar saya 652 acnya tidak dingin sudah bilang dan sudah dibenerin tp masih belum dingin, tp masih okelah dan dapet complimentary cake. Pokoknya semua-semuanya 4.5/5 mantap ❤ sarapanya juga variatif dan enak juga. Next akan balik lagi kalo staycation.",Diulas 181 minggu lalu
https://www.traveloka.com/id-id/user/review/consumption/HOTEL/GENERAL/3000010022674,6,10,"Kemarin dapat kamar yang ACnya panas kemudian komplain dan akhirnya di ganti ke kamar yang ACnya super dingin. Masih di hotel terbaik di bekasi barat sih gak terlalu mahal, fasilitas bagus, dapet breakfast 🙏🏼.",Diulas 181 minggu lalu
https://www.traveloka.com/id-id/user/review/consumption/HOTEL/GENERAL/3000010022674,6,11,"Kamarnya bersih, luas juga. Cocok untuk yang bawa keluarga. Sarapanny juga enak. Dekat sama Mall juga, tinggal turun lift aja. Pelayanannya ramah. 👍.",Diulas 182 minggu lalu
https://www.traveloka.com/id-id/user/review/consumption/HOTEL/GENERAL/3000010022674,6,12,Pelayanannya sangat ramah dan cepat. Juga kebersihannya sangat baik.,Diulas 182 minggu lalu
https://www.traveloka.com/id-id/user/review/consumption/HOTEL/GENERAL/3000010022674,6,13,Tempat yang cozy & staff nya sangat ramah-ramah. Terima kasih Santika.,Diulas 183 minggu lalu
https://www.traveloka.com/id-id/user/review/consumption/HOTEL/GENERAL/3000010022674,6,14,"Kamarnya bersih, nyaman dan makanannya enak-enak.",Diulas 184 minggu lalu
https://www.traveloka.com/id-id/user/review/consumption/HOTEL/GENERAL/3000010022674,6,15,"Secara general bagus semua tidak ada yang kurang. Pelayanan dari tim front office sudah membatu, terima kasih Santika Hotel.",Diulas 184 minggu lalu
https://www.traveloka.com/id-id/user/review/consumption/HOTEL/GENERAL/3000010022674,6,16,"Kamar terawat dengan baik, makanan paginya lumayan enak. Hanya saja toilet yang dekat lobby terkesan kotor, tissue berserakan. Overall bagus, pelayanan staf ramah semua.",Diulas 185 minggu lalu
https://www.traveloka.com/id-id/user/review/consumption/HOTEL/GENERAL/3000010022674,6,17,Sangat Baik. Sarapan sangat bervariasi dan ada layanan egg corner yang cepat. Pelayan nya ramah dan fasilitas kamar cukup lengkap.,Diulas 185 minggu lalu
https://www.traveloka.com/id-id/user/review/consumption/HOTEL/GENERAL/3000010022674,6,18,"Pelayanan kami pada saat check out sangat cepat dan ramah, sarapannya juga enak, kamarnya juga besar pas untuk pasutri baru dan keluarga kecil untuk staycation, thanks for Mbak Marisa a lot.",Diulas 185 minggu lalu
https://www.traveloka.com/id-id/user/review/consumption/HOTEL/GENERAL/3000010022674,6,19,"Pelayanan sudah sangat oke, top banget.",Diulas 185 minggu lalu
https://www.traveloka.com/id-id/user/review/consumption/HOTEL/GENERAL/3000010022674,6,20,"Proses check in dan check out cepat dan lancar. Lokasi strategis, akan tetapi agak sulit menuju hotelnya karena lobby hotel berada di lantai 5 dari Mega City Hypermall Bekasi. Menu sarapan cukup bervariasi. Kebersihan kamar dan koridor hotel cukup baik.",Diulas 189 minggu lalu
https://www.traveloka.com/id-id/user/review/consumption/HOTEL/GENERAL/3000010022674,6,21,Istirahat yang nikmat di lantai 9,Diulas 190 minggu lalu
https://www.traveloka.com/id-id/user/review/consumption/HOTEL/GENERAL/3000010022674,6,22,"Seneng banget nginep di sini. Nuansanya enak meski suara dari depan kamar terdengar. Tapi alhamdulillah suaranya gak mngganggu banget. Sarapannya enak. Kayaknya baru ini hotel yang pas aku nginep rasanya bisa tidur pules. AC dingin. Kamar mandinya aku kasih jempol. Bukan karena bagus atau apa, tapi biasanya lantai kamar mandi di bagian shower kalo kena air bakalan licin lantainya. Di sini nggak, menandakan gak berlumut dan bersih. Aku gak ragu kayaknya kalo mau nginep kesini lagi. Minusnya cuma 1, tempat parkir motornya ga ada. Harus di basement mall. Staffnya ramah-ramah. Recommended buat staycation. Makasih Hotel Santika 🥰",Diulas 190 minggu lalu
https://www.traveloka.com/id-id/user/review/consumption/HOTEL/GENERAL/3000010022674,6,23,Bagus. Sesuai harga. Kamar nyaman. Makanan enak.,Diulas 190 minggu lalu
https://www.traveloka.com/id-id/user/review/consumption/HOTEL/GENERAL/3000010022674,6,24,"Sempat ada masalah karena pintu tidak bisa dibuka, tapi petugasnya langsung pada sigap dan melayani dengan baik. Diganti kamarnya walaupun ukurannya lebih kecil but overall ga pernah kecewa staycation di Santika.",Diulas 191 minggu lalu
https://www.traveloka.com/id-id/user/review/consumption/HOTEL/GENERAL/3000010022674,6,25,"Berada dan dekat ke beberapa shopping mall, receptionistnya ramah dan komunikatif, kamarnya besar dan wangi, sarapannya variatif, senang sudah memilih tempat ini.",Diulas 195 minggu lalu
https://www.traveloka.com/id-id/user/review/consumption/HOTEL/GENERAL/3000010022674,6,26,"Sarapannya enak, lokasinya di atas mall. Mudah untuk mencari makan siang ataupun makan malam.",Diulas 196 minggu lalu
https://www.traveloka.com/id-id/user/review/consumption/HOTEL/GENERAL/3000010022674,6,27,"Nyamana, receptionist sangat ramah dan membantu sekali. Mudah saat check in.",Diulas 198 minggu lalu
https://www.traveloka.com/id-id/user/review/consumption/HOTEL/GENERAL/3000010022674,6,28,"Hotel kurang nyaman, kemungkinan karena setelah pandemi karena jarang di pakai, lebih ditingkatkan kebersihan hotelnya.",Diulas 199 minggu lalu
https://www.traveloka.com/id-id/user/review/consumption/HOTEL/GENERAL/3000010022674,6,29,"Saya pesan room deluxe, pada saat check in normal gak terlalu lama, masuk ke room ternyata listrik kamar tidak bisa hidup karena terminal card bermasalah, 10 menit menunggu baru dateng staf hotel, akhirnya MCB listrik di bypass lampu bsa hidup. Saat periksa room ternyata pintu balkon gak bisa terkunci akhirnya telpon lagi ke reception dan 10 menit baru dateng staf tapi kunci yang dibawa gak pass, akhirnya nunggu lagi 15menit baru dateng staff hotel alhmdulillah bisa terkunci pintu balkon tersebut. 30menit lebih saya baru bisa istirahat dan ketika mau mandi ternyata kondisi handuknya kayak bukan handuk di hotel (foto terlampir) apa lagi saya pilih room deluxe karena sudah sangat capek akhirny saya gak minta pindah room. Sarapan cukup variatif walaupun saya cuma stay untuk 2 malam.",Diulas 200 minggu lalu
https://www.traveloka.com/id-id/user/review/consumption/HOTEL/GENERAL/3000010022674,6,30,"Lampu mati beberapa kali, kamar double, air panasnya kurang (hangat pun tidak), di lorong berisik banyak anak-anak, air minum tidak tersedia, saat pembersihan keset terlihat kumal dan handuk tidak diganti.",Diulas 200 minggu lalu
https://www.traveloka.com/id-id/user/review/consumption/HOTEL/GENERAL/3000010022674,6,31,"Hotelnya bersih, staff hotel juga ramah, sarapannya enak. Lokasinya juga strategis, gabung dengan mall jadi bisa sekalian jalan-jalan di mall jika bosen di hotel. Minusnya kamarnya tidak terlalu kedap suara. Jadi suara dari luar masih terdengar ke dalam kamar hotel. Overall keren sih.",Diulas 200 minggu lalu
https://www.traveloka.com/id-id/user/review/consumption/HOTEL/GENERAL/3000010022674,6,32,Lokasi parkir kurang memadai. Dan kamar sempit.,Diulas 201 minggu lalu
https://www.traveloka.com/id-id/user/review/consumption/HOTEL/GENERAL/3000010022674,6,33,"Sudah jam check in, tapi room nya belum ready. Perlengkapan di kamar mandi, sudah tidak layak.",Diulas 201 minggu lalu
https://www.traveloka.com/id-id/user/review/consumption/HOTEL/GENERAL/3000010022674,6,34,Pertamanya dapet kamar yang ac nya panas dan kamar mandi bau pesing tapi akhrnya bisa pindah kamar.,Diulas 202 minggu lalu
https://www.traveloka.com/id-id/user/review/consumption/HOTEL/GENERAL/3000010022674,6,35,"Breakfast nya bintang 5. Tapi untuk kebersihan kamar kurang masih ada yang berdebu lantai nya. Dan di kamar tidak ada kulkas. Untuk hairdryer harus minta dulu. Pelayanan nya ramah saya suka, disayangkan kamarnya masih berdebu dan tidak ada kulkas. Selebihnya puas. Trims.",Diulas 202 minggu lalu
https://www.traveloka.com/id-id/user/review/consumption/HOTEL/GENERAL/3000010022674,6,36,"Tempatnya strategis deket mall, tp ac-nya kurang dingin trus ga ada sinyal sama sekali gabisa pake wifi juga huhu.",Diulas 202 minggu lalu
https://www.traveloka.com/id-id/user/review/consumption/HOTEL/GENERAL/3000010022674,6,37,Tempatnya oke. Sepi ga berisik dengan suasana jalanan + langsung terkoneksi dengan pusat perbelanjaan. Kolam renang oke buat anak-anak. Varian sarapan juga banyak & enak.,Diulas 202 minggu lalu
https://www.traveloka.com/id-id/user/review/consumption/HOTEL/GENERAL/3000010022674,6,38,"Hotel bagus bersih wangi, staf nya ramah. Menu breakfast juga oke.",Diulas 204 minggu lalu
https://www.traveloka.com/id-id/user/review/consumption/HOTEL/GENERAL/3000010022674,6,39,"AC nya gak dingin padahal udah full, dan lantainya agak lengket huhu dan lumayan oke lah.",Diulas 204 minggu lalu
https://www.traveloka.com/id-id/user/review/consumption/HOTEL/GENERAL/3000010022674,6,40,Tempat parkir yang kurang tersedia di sekitar hotel.,Diulas 205 minggu lalu
https://www.traveloka.com/id-id/user/review/consumption/HOTEL/GENERAL/3000010022674,7,1,"Lokasinya di atas city mall bekasi dan ada akses lift turun langsung ke mall. Kamar bersih dan pelayanan oke. Sarapan juga enak, hanya pilihan menu nya masih tidak terlalu banyak.",Diulas 207 minggu lalu
https://www.traveloka.com/id-id/user/review/consumption/HOTEL/GENERAL/3000010022674,7,2,"Kamarnya nyaman, staf staf nya juga ramah-ramah dan standby selalu untuk membantu, breakfast nya juga enak-enak, so far memuaskan sih. Terima kasih Santika Mega City Bekasi.",Diulas 207 minggu lalu
https://www.traveloka.com/id-id/user/review/consumption/HOTEL/GENERAL/3000010022674,7,3,Kamarnya bersih dan hotel di tempat yang bagus di bekasi.,Diulas 207 minggu lalu
https://www.traveloka.com/id-id/user/review/consumption/HOTEL/GENERAL/3000010022674,7,4,"Pelayanannya ramah, breakfast-nya lumayan bervariasi kamarnya bersih lokasi juga strategis.",Diulas 207 minggu lalu
https://www.traveloka.com/id-id/user/review/consumption/HOTEL/GENERAL/3000010022674,7,5,Kamar hotel kecil. Pintu kamar mandi kamar 707 tidak bisa di kunci jaid terbuka terus. Sarapan lumayan variatif. Resto nya bersih dan luas. Kolam sepertinya kurang bersih sirkulasi air nya. Kolamnya kecil. Staff ramah & helf full. Sprei dan sarban terlihat ada noda kuning-kuning. Lokasi di atas mall. Butuh apa-apa tinggal turun. Dekat tol juga. Untuk lokasi strategis.,Diulas 208 minggu lalu
https://www.traveloka.com/id-id/user/review/consumption/HOTEL/GENERAL/3000010022674,7,6,"Pelayanan bagus, ramah rekomendasi.",Diulas 208 minggu lalu
https://www.traveloka.com/id-id/user/review/consumption/HOTEL/GENERAL/3000010022674,7,7,Wifi nya kurang lancar kalau hari Sabtu di mulai Jam 10 malam hari Jum'at nya.,Diulas 208 minggu lalu
https://www.traveloka.com/id-id/user/review/consumption/HOTEL/GENERAL/3000010022674,7,8,Sarapannya terbaik! Sukak sekali sama sarapannya dan pelayanannya.,Diulas 209 minggu lalu
https://www.traveloka.com/id-id/user/review/consumption/HOTEL/GENERAL/3000010022674,7,9,"Lokasi strategis di tengah kota di atas mall, kamar lumayan bersih hanya lantai kamar mandi agak licin, penataan interior rapi, pelayanan staf ramah dan responsif, sarapan lumayan variatif dan enak.",Diulas 210 minggu lalu
https://www.traveloka.com/id-id/user/review/consumption/HOTEL/GENERAL/3000010022674,7,10,Makananya enyaak kamarnya bagus. Ac dingin poll. Pelayanan super ramah.,Diulas 210 minggu lalu
https://www.traveloka.com/id-id/user/review/consumption/HOTEL/GENERAL/3000010022674,7,11,"Responnya cepet, semuanya ramah tamah.",Diulas 210 minggu lalu
https://www.traveloka.com/id-id/user/review/consumption/HOTEL/GENERAL/3000010022674,7,12,"Sempat kesulitan saat check in karena voucher app tidak terdaftar. Setelah menunggu, akhir bisa check in. Sayangnya, petugas tidak menginformasikan ada problem air. Air warna coklat dan kotor. Karena kondisi air tidak kunjung normal. Kurang lebih 2 jam setelah check in, kami check out 😪.",Diulas 210 minggu lalu
https://www.traveloka.com/id-id/user/review/consumption/HOTEL/GENERAL/3000010022674,7,13,"Saya senang menginap di sini, staff ramah, kamar bersih, sarapannya enak, suasananya sangat nyaman. Dan bisa langsung ke mall. Terima kasih ya pelayanannya Semoga lain kali bisa menginap di sini lagi.",Diulas 212 minggu lalu
https://www.traveloka.com/id-id/user/review/consumption/HOTEL/GENERAL/3000010022674,7,14,"Makanannya kurang enak, di tempat lain sudah full buffet, ini masih limited.",Diulas 214 minggu lalu
https://www.traveloka.com/id-id/user/review/consumption/HOTEL/GENERAL/3000010022674,7,15,Kolam renang tidak bisa dipakai. Sebaiknya menelpon terlebih dahulu sebelum menginap. Air panas saat jam 8 sampe check out tidak berfungsi. Hanya di sore dan malam hari air panas berfungsi baik.,Diulas 214 minggu lalu
https://www.traveloka.com/id-id/user/review/consumption/HOTEL/GENERAL/3000010022674,7,16,Susah parkir motor. Keluar malam. Akses ke hotel nya.,Diulas 214 minggu lalu
https://www.traveloka.com/id-id/user/review/consumption/HOTEL/GENERAL/3000010022674,7,17,"Pelayanan semuanya Ok. Sampai SAHUR pun dilayani dengan ramah 👍. Compliment untuk permintaan ulang tahun anak di antar ke kamar 👍. Kurangnya cuma akses melalui mall nya lift hanya berfungsi 1 dari 4, jadi sangat lama antrinya. Fasilitas kolam renang n kids Playground masih dituutup dan dalam renovasi 😥.",Diulas 214 minggu lalu
https://www.traveloka.com/id-id/user/review/consumption/HOTEL/GENERAL/3000010022674,7,18,Nyaman dan ramah pelayanan dari hotelnya.,Diulas 215 minggu lalu
https://www.traveloka.com/id-id/user/review/consumption/HOTEL/GENERAL/3000010022674,7,19,"Very recommended, friendly, comfort, staf front office sangat helpful, sarapan oke banget.",Diulas 216 minggu lalu
https://www.traveloka.com/id-id/user/review/consumption/HOTEL/GENERAL/3000010022674,7,20,"Setiap ke Bekasi, always stay di Santika. Kenapa? Layanannya ramah, sarapan pagi melimpah dan enak. Bersih, nyaman. Staf front office selalu membantu. Thanks Santika, see you on my next trip.",Diulas 216 minggu lalu
https://www.traveloka.com/id-id/user/review/consumption/HOTEL/GENERAL/3000010022674,7,21,"Hotelnya bersih, pelayanan ramah-cepat-tepat, breakfast di restoran aman karena semua dilayani petugas hotel, rasa masakan enak dan cukup beragam. Minusnya air kolam renang kurang bersih, dan arsitektur kamar agak kurang perawatan karena hotel lama, tapi overall hotel bersih dan puas menginap di sini dengan harga yang ditawarkan:).",Diulas 217 minggu lalu
https://www.traveloka.com/id-id/user/review/consumption/HOTEL/GENERAL/3000010022674,7,22,"Pelayanan sudah baik tapi dari sisi kamar yang saya tempati kurang nyaman. Exhaust kamar mandi aga bau, toilet airnya untuk cebok kecil dan hampir seperti tidak keluar padahal kerannya udah di besar kecilkan. Westafel airnya yang seperti tersumbat. Pintu kamar mandi yang rusak juga cukup mengganggu. Untuk sarapan sangat enak dan berasa walaupun agak kurang banyak pilihan. Kolam yang lumayan tapi mungkin kurang bersih menurut saya. But overall cukup oke.",Diulas 218 minggu lalu
https://www.traveloka.com/id-id/user/review/consumption/HOTEL/GENERAL/3000010022674,7,23,"Hotelnya lumayan, makanan nya enak, cuma agak sempit aja ruangan nya untuk harga segitu.",Diulas 218 minggu lalu
https://www.traveloka.com/id-id/user/review/consumption/HOTEL/GENERAL/3000010022674,7,24,"Saat mau check in saya sudah tanya ke resepsionis apakah breakfast bisa diantar ke kamar atau tidak, lalu dijawab""BISA"". Lalu saya bilang nanti akan saya kabari. Saat malam saya ke resepsionis lagi untuk konfirmasi dengan beda staff dijawab tidak bisa.",Diulas 219 minggu lalu
https://www.traveloka.com/id-id/user/review/consumption/HOTEL/GENERAL/3000010022674,7,25,"Reservasi cepat dan receptionist nya ramah, kamar bersih, saya di tipe deluxe king ada balkonnya tapi aksesnya dikunci harus request ke receptionist dulu, sarapan enak makanan bervariasi, kolam renang bersih.",Diulas 220 minggu lalu
https://www.traveloka.com/id-id/user/review/consumption/HOTEL/GENERAL/3000010022674,7,26,"Sebagai seseorang yang tinggal di Bekasi, saya senang ada hotel ini. Hanya saja kebijakan sarapan berbayar untuk anak berusia 6 tahun tidak tepat. Karena anak sekecil itu belum punya nafsu makan. Porsinya hanya sedikit.",Diulas 221 minggu lalu
https://www.traveloka.com/id-id/user/review/consumption/HOTEL/GENERAL/3000010022674,7,27,"Secara keseluruhan santika adalah yang terbaik. Dari staf yang ramah, bahkan keamanan, kamar hotel sangat bersih, nyaman. Makanan? Santika adalah yang terbaik, rasanya enak, begitu banyak pilihan makanan di sana untuk sarapan. Sangat direkomendasikan, sampai jumpa lagi Santika. Terima kasih telah melayani.",Diulas 222 minggu lalu
https://www.traveloka.com/id-id/user/review/consumption/HOTEL/GENERAL/3000010022674,7,28,"Sesuai standard Santika Group, bagus bersih breakfast juga enak.",Diulas 223 minggu lalu
https://www.traveloka.com/id-id/user/review/consumption/HOTEL/GENERAL/3000010022674,7,29,"Hotelnya bagus, karyawannya ramah, lokasinya strategis. Sangatt work it.",Diulas 224 minggu lalu
https://www.traveloka.com/id-id/user/review/consumption/HOTEL/GENERAL/3000010022674,7,30,"Sangat nyaman dan pelayanan staff-staffnya pun responsif dan ramah. Bersih dan taat protokol kesehatan. Breakfastnya juga hygene banget, terlindungi. Cocok buat staycation dimasa pandemi.",Diulas 225 minggu lalu
https://www.traveloka.com/id-id/user/review/consumption/HOTEL/GENERAL/3000010022674,7,31,Di awal check in tidak diinfo anak di atas usia 3 tahun breakfast harus bayar lagi. Setelah makan baru di tegur untuk bayar.,Diulas 225 minggu lalu
https://www.traveloka.com/id-id/user/review/consumption/HOTEL/GENERAL/3000010022674,7,32,"Pelayanan ramah, makanan enak, bisa request juga. Thankyou hotel santika 💕.",Diulas 226 minggu lalu
https://www.traveloka.com/id-id/user/review/consumption/HOTEL/GENERAL/3000010022674,7,33,Tempatnya strategis makanan enak kamar bersih.,Diulas 228 minggu lalu
https://www.traveloka.com/id-id/user/review/consumption/HOTEL/GENERAL/3000010022674,7,34,"Tuk pelayanan semua staff ramah, hanya saja tuk free parkir nya agak repot karena harus bolak balik ke receptionis. Dan kamar mandi tuk pmbuangan air nya salah lobang, jadi air tidak bisa msuk ke pmbuangan secara baik air nya jadi nge genang dan becek dan satu lagi menu sarapan kurang varian 🙏.",Diulas 229 minggu lalu
https://www.traveloka.com/id-id/user/review/consumption/HOTEL/GENERAL/3000010022674,7,35,"Pagi ini 2 jan22 hari ini , kamar saya 723 dan 725, mbak²nya penjaga restonya langsung menegor saya ditempat! Sampe saya kurang minat breakfast di sini. (keramahan hotel yang saat ini saya kira baik, seketika luntur). Saya pesan 2 kamar deluxe , untuk 4 dewasa dan 2 anak, mbak² penjaganya bilang iya kamar untuk 2 orang tapi breakfast bukan untuk anak. Maaf kurang etics mbaknya jadi males saya datang kembali. Padahal saya datang kedua kalinya di hotel ini dan merekomendasikan loh tapi karna kurang ramah mbaknya, saya ga akan datang lagi. Never. Bad attitude.",Diulas 229 minggu lalu
https://www.traveloka.com/id-id/user/review/consumption/HOTEL/GENERAL/3000010022674,7,36,Semuanya bagus cuma saran aja untuk parkiran motornya tolong di sediain supaya mudah terjangkau untuk parkir. Terima kasih.,Diulas 229 minggu lalu
https://www.traveloka.com/id-id/user/review/consumption/HOTEL/GENERAL/3000010022674,7,37,Pelayanan prima! Orang-orang yang bekerja di sini sangat baik dan mereka tahu apa yang mereka lakukan 👍🏼.,Diulas 229 minggu lalu
https://www.traveloka.com/id-id/user/review/consumption/HOTEL/GENERAL/3000010022674,7,38,"Overall cukup baik, petugas² ramah. Kondisi kamar cukup bersih, hanya terdapat noda hitam di bed sheet dan wastafel bathroom slow drain.",Diulas 230 minggu lalu
https://www.traveloka.com/id-id/user/review/consumption/HOTEL/GENERAL/3000010022674,7,39,"Staff ramah, hotel bersih dan terawat. Yang susah hanya akses masuk hotel menggunakan motor karena harus parkir di bawah dan agak sedikit susah cari lift di mall karena lift nya hanya 1. Jadi agak capek muter2 sambil bawa tas Makanan / sarapan okee, enak dan bersih, protokol kesehatan terjaga Kolam renang walaupun kecil juga bersih Harga terjangkau",Diulas 230 minggu lalu
https://www.traveloka.com/id-id/user/review/consumption/HOTEL/GENERAL/3000010022674,7,40,"Room nya nyaman, sayang closet nya kcil airnya. Makanan nya juga Ok, all Good 👍.",Diulas 231 minggu lalu
https://www.traveloka.com/id-id/user/review/consumption/HOTEL/GENERAL/3000010022674,8,1,"Sebagai pejalan kaki, kalau keluar hotel sebelum jam 10 pagi, cari pintu belakang mall lantai. G karena hanya 1 pintu itu yang terbuka pagi-pagi. Pengalaman pertama keluar hotel ini saya dan 1 orang lain bingung karena pintu depan mall masih tertutup. Baru dibuka setelah jam 10 pagi.",Diulas 231 minggu lalu
https://www.traveloka.com/id-id/user/review/consumption/HOTEL/GENERAL/3000010022674,8,2,"Untuk breakfast nya seharus nya anak usia 1-7 tahun free breakfast tidak harus membayar. Karena di hotel lain pun peraturannya usia 1-7 tahun , kalau di sini hanya sampe usia 3 tahun saja. Sedangkan 3 tahun ke atas wajib bayar 50k, anak anak kan makan nya tidak banyak bisa juga berdua dengan ortu nya, klu di sini nyuapin anak pake makanan punya ortu tetap tidak boleh. Pokok nya kecewa stay di sini, kolam renang pun kotor sekali, brankas di kamar pun tidak bsa di gunakan udah telpon teknisi tetap saja teknisi nya tidak bisa memperbaiki lalu saat minta HK untuk sapu & buang sampah di kamar tidak di lakukan dengan baik. Cukup Kecewa dengan harga segitu tapi Fasilitas Kurang.",Diulas 231 minggu lalu
https://www.traveloka.com/id-id/user/review/consumption/HOTEL/GENERAL/3000010022674,8,3,"Salah satu hotel favorite saya kalau staycation di Bekasi, cuma hari ini ada minus nya Ac kurang dingin di room 717 mohon segera di service ya, variasi breakfast nya gak banyak pilihan, beda dengan sebelum pendemic. Tp untuk prokes nya ok banget. Salam untuk staf atas nama Mbak Leliana (ramah, baik), waktu tahun 2019 saya di tawarkan member santika di bantu Mbak Leliana yang awalnya hanya 1 hari jadi extend 3hari tahun baru di santika. Di tunggu info promo nya ya santika.",Diulas 233 minggu lalu
https://www.traveloka.com/id-id/user/review/consumption/HOTEL/GENERAL/3000010022674,8,4,Bangga dengan penerapan prokesnya dimasa pandemi covid-29 … sesuai dengan slogannya hospitality hotel 👍.,Diulas 233 minggu lalu
https://www.traveloka.com/id-id/user/review/consumption/HOTEL/GENERAL/3000010022674,8,5,Good job santika kamar nyaman luas. Hanya makanan sedikit tetapi rasa sangat enak,Diulas 234 minggu lalu
https://www.traveloka.com/id-id/user/review/consumption/HOTEL/GENERAL/3000010022674,8,6,", Menunggu kamarnya cukup lama, tidak ada kompensasi welcome drink atau lainnya untuk menunggu dan lain-lain cukup mengexcewakan padahal baru check in.",Diulas 234 minggu lalu
https://www.traveloka.com/id-id/user/review/consumption/HOTEL/GENERAL/3000010022674,8,7,"AC tidak dingin dan akses masuk ke hotel hanya bisa mobil karena jika Sudah Malam pintu mall akan ditutup dan apabila kita pesan makanan melalui grab atau gojek, driver gojek atau grab tidak akan mau antar.",Diulas 235 minggu lalu
https://www.traveloka.com/id-id/user/review/consumption/HOTEL/GENERAL/3000010022674,8,8,Hotel menyatu dengan mol. Ketika lapar tinggal mencari makanan di mol.,Diulas 236 minggu lalu
https://www.traveloka.com/id-id/user/review/consumption/HOTEL/GENERAL/3000010022674,8,9,Variasi makanan saat sarapan tidak terlalu banyak. Kami tidak memiliki wewenang untuk mengambil makanan untuk sarapan dan makan siang.,Diulas 239 minggu lalu
https://www.traveloka.com/id-id/user/review/consumption/HOTEL/GENERAL/3000010022674,8,10,Petugas FO kurang ramah dalam penerimaannya.,Diulas 240 minggu lalu
https://www.traveloka.com/id-id/user/review/consumption/HOTEL/GENERAL/3000010022674,8,11,Tempat yang bagus untuk tinggal dan ruang pertemuan yang bagus untuk bekerja.,Diulas 240 minggu lalu
https://www.traveloka.com/id-id/user/review/consumption/HOTEL/GENERAL/3000010022674,8,12,"Kolam renang 1,5 meter, anak-anak senang, namun airnya asin kata mereka. Handuk coklat di kolam kurang banyak. Karena memang tidak ada penjaga. Untuk kamar, bersih dan pas untuk kami dan anak-anak. Sarapannya prasmanan.",Diulas 242 minggu lalu
https://www.traveloka.com/id-id/user/review/consumption/HOTEL/GENERAL/3000010022674,8,13,"AC di kamar sempat bocor, agak kurang bersih kolam renangnya.",Diulas 242 minggu lalu
https://www.traveloka.com/id-id/user/review/consumption/HOTEL/GENERAL/3000010022674,8,14,"Lokasi pas diatap mall dan kurang petunjuk jadi harus muter muter dulu, kasian yang naik motor parkirnya jauh, kalau mobil bisa langsung parkir di atas depan hotel.",Diulas 242 minggu lalu
https://www.traveloka.com/id-id/user/review/consumption/HOTEL/GENERAL/3000010022674,8,15,Akses menuju hotel menjadi sulit ketika pusat perbelanjaan tutup.,Diulas 242 minggu lalu
https://www.traveloka.com/id-id/user/review/consumption/HOTEL/GENERAL/3000010022674,8,16,"Overall untuk pelayanan cukup baik, fasilitas yang ditawarkan pun lumayan membantu, dan menu sarapan juga enak. Namun, yang perlu menjadi catatan untuk AC kamarnya kurang dingin dan fasilitas yang harusnya untuk 2 orang hanya ada untuk satu orang.",Diulas 242 minggu lalu
https://www.traveloka.com/id-id/user/review/consumption/HOTEL/GENERAL/3000010022674,8,17,"Makanannya enak, semuanya ramah, dan lain kali ingin nginap di sana lagi",Diulas 242 minggu lalu
https://www.traveloka.com/id-id/user/review/consumption/HOTEL/GENERAL/3000010022674,8,18,Makanannya enak tapi tempatnya kecil. Ada beberapa pelayan yang kurang ramah. Hanya B.,Diulas 243 minggu lalu
https://www.traveloka.com/id-id/user/review/consumption/HOTEL/GENERAL/3000010022674,8,19,"Untuk akses ke hotelnya agak susah, masuk area parkir mall dulu dan berada di lantai 5. Saat check in, receptionistnya menawarkan upgrade room ke deluxe dan free. Kamarnya oke, bersih dan dapat pool view. Tapi di wastafel airnya lama surut dan closetnya becek kyknya ada yang bocor. Untuk breakfast, menunya kurang bervariasi, rasanya juga standar, relatif hambar dan dingin juga. Untuk tambahan breakfast 1 orangnya 100rb dan menurut saya kurang worth it.",Diulas 243 minggu lalu
https://www.traveloka.com/id-id/user/review/consumption/HOTEL/GENERAL/3000010022674,8,20,Lumayan menyenangkan karena dekat dengan mall. Pelayanan nya ramah cek in cepat.,Diulas 244 minggu lalu
https://www.traveloka.com/id-id/user/review/consumption/HOTEL/GENERAL/3000010022674,8,21,"Untuk transit dan bisnis, hotel ini sangat pas.",Diulas 244 minggu lalu
https://www.traveloka.com/id-id/user/review/consumption/HOTEL/GENERAL/3000010022674,8,22,"Hotel nyaman, pelayanan ramah dan dekat dengan mall. Tidak bisa banyak comment karena hanya transit beberapa jam saja.",Diulas 245 minggu lalu
https://www.traveloka.com/id-id/user/review/consumption/HOTEL/GENERAL/3000010022674,8,23,"Kamar tidurnya sangat nyaman, bersih semua fasilitas banyak, breakfast  semua makanannya enak, pokonya puas banget, pelayanan nya sangat ramah 🥰",Diulas 245 minggu lalu
https://www.traveloka.com/id-id/user/review/consumption/HOTEL/GENERAL/3000010022674,8,24,Para stafnya ramah. Layanan hebat. Semuanya baik.,Diulas 246 minggu lalu
https://www.traveloka.com/id-id/user/review/consumption/HOTEL/GENERAL/3000010022674,8,25,"AC lama dinginnya, air panas tidak. Panas. Harap ada perbaikan. Terima kasih.",Diulas 246 minggu lalu
https://www.traveloka.com/id-id/user/review/consumption/HOTEL/GENERAL/3000010022674,8,26,Menyenangkan. Sesuai kelas nya. Semua oke banget. Bersih.,Diulas 246 minggu lalu
https://www.traveloka.com/id-id/user/review/consumption/HOTEL/GENERAL/3000010022674,8,27,"Staff ramah, proses check in mudah dan terbilang cepat, sayangnya untuk pelayanan restaurant yang sangat lama, harga makanannya juga mahal dan rasa lebih cendrung asin hampir di semua makanan yang saya pesan.",Diulas 246 minggu lalu
https://www.traveloka.com/id-id/user/review/consumption/HOTEL/GENERAL/3000010022674,8,28,"Lokasi strategis. Dekat dengan pusat perbelanjaan, sehingga mudah cari tempat makan.",Diulas 247 minggu lalu
https://www.traveloka.com/id-id/user/review/consumption/HOTEL/GENERAL/3000010022674,8,29,"Tidak bisa bilang luar biasa, karena kamarnya kotor, saya kira itu karena dampak pandemi. Tapi seharusnya mereka membersihkannya dulu.",Diulas 247 minggu lalu
https://www.traveloka.com/id-id/user/review/consumption/HOTEL/GENERAL/3000010022674,8,30,Strategis tapi agak ribet masuk ke dalam nya.,Diulas 248 minggu lalu
https://www.traveloka.com/id-id/user/review/consumption/HOTEL/GENERAL/3000010022674,8,31,"Bersih, tapi kamar lembab, kolam berenang bersih, petugas hotel ramah, sigap.",Diulas 248 minggu lalu
https://www.traveloka.com/id-id/user/review/consumption/HOTEL/GENERAL/3000010022674,8,32,"Kamar gak terlalu luas. Sheet, dan sarung bantal putih agak kekuningan. TV belum smart tv. Jadi gak bisa netflix, channelnya juga tv box biasa. Kebutuhan mandi lengkap. Kolam renang bisa digunakan. Cuma kaporitnya terlalu, perih banget mata. Minus banget karena bingung parkir motor dimana dan akses masuk harus dari Mallnya. Dan itu tuh mall nya gak jelas arah dan sign. Jadi muter-muter. Minus lagi. Sarapan, omelet hambar. Sunny side up nya juga hambar 🥲. Plus. Pelayanan sumpah keren. Ramah. Parkir gratis. Minta tiket ke resepsionis.",Diulas 249 minggu lalu
https://www.traveloka.com/id-id/user/review/consumption/HOTEL/GENERAL/3000010022674,8,33,"Akomodasi sangat strategis dekat kemana-mana, semua staff ramah-ramah?",Diulas 251 minggu lalu
https://www.traveloka.com/id-id/user/review/consumption/HOTEL/GENERAL/3000010022674,8,34,"Kamar bersih tempatnya enak, interior bagus, cuma akses ke hotelnya agak membingungkan😄",Diulas 255 minggu lalu
https://www.traveloka.com/id-id/user/review/consumption/HOTEL/GENERAL/3000010022674,8,35,Rekomendasi hotel. Bersih dan dekat dari pusat perbelanjaan.,Diulas 256 minggu lalu
https://www.traveloka.com/id-id/user/review/consumption/HOTEL/GENERAL/3000010022674,8,36,"Kamar bersih, receptionist ramah, tapi kalau mau gofood agak susah karena hotelnya di atas Mall, menu breakfast kurang banyak.",Diulas 258 minggu lalu
https://www.traveloka.com/id-id/user/review/consumption/HOTEL/GENERAL/3000010022674,8,37,Furniture hotel terkesan lama. Keran air mandi rusak. Air panas kurang panas. Nilai plusnya hanya lokasi strategis berada di rooftop Hypermall Bekasi,Diulas 259 minggu lalu
https://www.traveloka.com/id-id/user/review/consumption/HOTEL/GENERAL/3000010022674,8,38,"Ramah, aware, responsif, ruangannya bersih, dkt pusat perbelanjaan",Diulas 259 minggu lalu
https://www.traveloka.com/id-id/user/review/consumption/HOTEL/GENERAL/3000010022674,8,39,"Lokasinya terletak sangat strategis. Kamar bersih, seprei juga bersih. Handuk juga semuanya bersih, cuma kemarin di kamar 839 buat westafel nya airnya mampet tidak kebuka. Untuk breakfast nya menurut aku kurang lengkap pilihanya, cuma untuk rasa ya lumayan enak.",Diulas 259 minggu lalu
https://www.traveloka.com/id-id/user/review/consumption/HOTEL/GENERAL/3000010022674,8,40,"Staff ramah, 2 kali menginap tetap ramah utamanya Mas Rizal. 😇",Diulas 259 minggu lalu
https://www.traveloka.com/id-id/user/review/consumption/HOTEL/GENERAL/3000010022674,9,1,"Kamarnya luas dan bersih, sarapannya enak serta pelayanan staffnya juga baik. Masalah kebersihan dan pencegahan Covid juga sangat baik, apalagi sudah dapat sertifikat dari kementerian pariwisata, jadi bikin nyaman menginap di sini.",Diulas 259 minggu lalu
https://www.traveloka.com/id-id/user/review/consumption/HOTEL/GENERAL/3000010022674,9,2,"AC nya panas, makanan kurang enak.",Diulas 259 minggu lalu
https://www.traveloka.com/id-id/user/review/consumption/HOTEL/GENERAL/3000010022674,9,3,"Lokasi strategis, sarapannya juga enak.",Diulas 260 minggu lalu
https://www.traveloka.com/id-id/user/review/consumption/HOTEL/GENERAL/3000010022674,9,4,Memang kalo pesan gofood agak susah tapi kalian bisa pesan di resto karena buka sampai jam 12 malam makanannya enak kami suka dan harganya under 50 ribu kok,Diulas 260 minggu lalu
https://www.traveloka.com/id-id/user/review/consumption/HOTEL/GENERAL/3000010022674,9,5,"Puas banget sama pelayanan, kebersihan dan fasilitasnya. Cuma pas di kamar saya ac nya kurang dingin padahal temperatur udah paling kecil. Overall oke kok tapi! Bakal staycation ke sini lagi next time. 😄",Diulas 260 minggu lalu
https://www.traveloka.com/id-id/user/review/consumption/HOTEL/GENERAL/3000010022674,9,6,"Kamar luas, nyaman, pass liburan bersama keluarga",Diulas 260 minggu lalu
https://www.traveloka.com/id-id/user/review/consumption/HOTEL/GENERAL/3000010022674,9,7,Udah sering ke sini. Tapi baru kemarin dapat kamar yang ada sofa di pojokkan jendelannya. Lucu banget tapi sayang lupa foto hehe. Selalu senang ke sini karena proses check in nya cepet dan tidak ribet. Makanan sarapannya juga oke banget. Semua staff-nya ramah dari awal sampai pulang hehe. Thank u!,Diulas 261 minggu lalu
https://www.traveloka.com/id-id/user/review/consumption/HOTEL/GENERAL/3000010022674,9,8,Kami sangat senang bisa libur lebaran di Hotel Santika Mega City. Pelayannya sangat baik dan protokol kesehatannya sangat baik.,Diulas 261 minggu lalu
https://www.traveloka.com/id-id/user/review/consumption/HOTEL/GENERAL/3000010022674,9,9,"Kamarnya kurang bersih ah, dibagian dinding banyak coklat coklat gitu. tapi sarapannya boleh lah enak 👌",Diulas 261 minggu lalu
https://www.traveloka.com/id-id/user/review/consumption/HOTEL/GENERAL/3000010022674,9,10,Menu sarapan sangat terbatas pilihannya.,Diulas 261 minggu lalu
https://www.traveloka.com/id-id/user/review/consumption/HOTEL/GENERAL/3000010022674,9,11,"yang paling utama ada kolam renang untuk anak karena ini adalah liburan untuk keluarga dan anak sy sangat senang cuma airnya perih di mata apa karena kebanyakan obat pembersih air ya, tapi for all kita happy cari makan gampang tinggal ke bawah(mall) naik lift,pelayanan baik, parkir di mall gratis karena dapat surat dari hotel pas check out, protokol kesehatannya hotel pun bagus, dari pada ke tempat hiburan yg ramai dan di luar kota bisa kena macet, kena razia petugas satgas covid di jalan, dan bahaya virus covid juga karena berkerumunan karena ini moments libur hari raya",Diulas 262 minggu lalu
https://www.traveloka.com/id-id/user/review/consumption/HOTEL/GENERAL/3000010022674,9,12,Ketinggalan barang di kamar. Bisa hub ke nomor mana ya? Nomor hotel tidak bisa dihubungi,Diulas 262 minggu lalu
https://www.traveloka.com/id-id/user/review/consumption/HOTEL/GENERAL/3000010022674,9,13,"Menu breakfastnya sedikit, itu pun kalau menit lebih suka diliatin, kayak bagaimana gitu, jadi gak enak kalau menit nambah lagi, karena kita gak bisa ambil sendiri.",Diulas 262 minggu lalu
https://www.traveloka.com/id-id/user/review/consumption/HOTEL/GENERAL/3000010022674,9,14,"Terima kasih atas keramahtamahan dari seluruh staf hotel, khususnya Bapak Rizal, dengan sambutan yang luar biasa saat check in di meja resepsionis. Kamar bersih dan nyaman, kemarin TV 1 di kamar kami rusak dan harus diganti. Semoga pihak hotel dapat mempertahankan layanan dan fasilitas yang baik.",Diulas 262 minggu lalu
https://www.traveloka.com/id-id/user/review/consumption/HOTEL/GENERAL/3000010022674,9,15,"So far menyenangkan karena liburan bareng anak. Kamar nyaman, room service dan personel hotel baik & responsif sekali. Tapi ada 2 hal yang kurang menyenangkan: lift tamu Hotel Santika tidak bisa digunakan, padahal sangat dibutuhkan & menu sarapannya so-so aja huhu.",Diulas 263 minggu lalu
https://www.traveloka.com/id-id/user/review/consumption/HOTEL/GENERAL/3000010022674,9,16,"Saya dan anak-anak menginap 3 hari 2 malam. Kamarnya lumayan luas, dapat di lantai 7. Asiknya menginap di sini karena di bawahnya ada Mall nya, jadi tidak perlu keluar jauh-jauh buat makan dan ngajak anak main. Kurangnya kemarin, di kamar tempat saya itu tempat pembuangan air yang dekat toilet bau pesing banget. Akhirnya saya sirem aja pake air panas sama air dingin banyak-banyak, baru mulai agak hilang. Saran aja supaya lebih diperhatiin kebersihan toiletnya. Untuk breakfast, variasinya agak sedikit ya dan ngambilnya juga harus antri, diambilin sama petugas semua. Untuk anak 4-12 tahun kena charge 50rb. Agak sedikit mahal dengan variasi makanan yang sangat kurang. Tapi overall, anak-anak saya puas sih menginap di sini. Thank you, Hotel Santika.",Diulas 266 minggu lalu
https://www.traveloka.com/id-id/user/review/consumption/HOTEL/GENERAL/3000010022674,9,17,"Kolam renangnya kotor, begitu juga ruang ganti. Mereka mematikan AC di pusat kebugaran dan mengambil remote-nya. Sarapannya buruk. Mereka tidak menyajikan sosis sarapan yang merupakan favorit anak-anak. Stafnya tidak sopan, ketika saya membawa 3 anak saya, dia berkata: ""Ibu biarpun cuma makan roti tetep hrs bayar yaa..."" Saya kira ada banyak pilihan roti. Hanya ada satu croissant kecil dalam kantong plastik dan mereka menyajikan air panas dalam gelas jus. Kamarnya cukup oke dan staf resepsionis semuanya ramah.",Diulas 267 minggu lalu
https://www.traveloka.com/id-id/user/review/consumption/HOTEL/GENERAL/3000010022674,9,18,"Pesan bed besar, namun dapat bed yang disambung sehingga tidur tidak nyaman. baru tahu pagi-pagi buta setelah kami buka. komplain ke manajemen dan manajer yg bertugas saat itu, pak andar, kami diberikan kompensasi makan siang dan jika menginap lagi akan di upgrade ke kamar paling bagus(VIP) dengan harga sama (standard seperti yg kami pesan ini). untuk kebersihan dan fasilitas oke.",Diulas 267 minggu lalu
https://www.traveloka.com/id-id/user/review/consumption/HOTEL/GENERAL/3000010022674,9,19,"Kamarnya berpartisi, sehingga suara dari ruangan sebelah terdengar. dan terganggu.. membuat tidur tidak nyaman. dan bagian bawah pintu ada celah, sehingga suara dari luar pun terdengar..",Diulas 268 minggu lalu
https://www.traveloka.com/id-id/user/review/consumption/HOTEL/GENERAL/3000010022674,9,20,Kamar seperti gambar. Pelayanan ramah.,Diulas 268 minggu lalu
https://www.traveloka.com/id-id/user/review/consumption/HOTEL/GENERAL/3000010022674,9,21,"Dapat kamar di lantai 9, enak dan menyenangkan ... kamarnya luas dan bersih. sarapan lumayan lah, namun kurang beragam.",Diulas 268 minggu lalu
https://www.traveloka.com/id-id/user/review/consumption/HOTEL/GENERAL/3000010022674,9,22,"Menurut saya ada yang kurang: air panas untuk mandi tidak sepanas yang diharapkan. Dan untuk sarapan: menu camilan dan buah-buahan perlu diperluas. Selebihnya sangat bagus, menyenangkan 🤩",Diulas 269 minggu lalu
https://www.traveloka.com/id-id/user/review/consumption/HOTEL/GENERAL/3000010022674,9,23,"hotel ini sangat nyaman, semua petugas ramah, kamar dan kamar mandi bersih, saat pandemi protokol kesehatan sangat baik.. dan yg plg enak krn hotel ini berada di atas mall..",Diulas 270 minggu lalu
https://www.traveloka.com/id-id/user/review/consumption/HOTEL/GENERAL/3000010022674,9,24,"Nyaman dan staff ramah, fasilitas lengkap hanya saja untu menu sarapn bisa ditambah yaa 😆",Diulas 270 minggu lalu
https://www.traveloka.com/id-id/user/review/consumption/HOTEL/GENERAL/3000010022674,9,25,"Pertama-tama, saya tidak pernah memperhatikan bahwa ada hotel di atas mal itu. Waktu itu saya cari tempat menginap sebelum balik ke Papua dan menemukannya di Traveloka. Tapi secara keseluruhan, saya suka kamarnya dan makanannya oke. Recommended jika Anda mencari hotel di Bekasi yang dekat dengan mall dan tol Bekasi Barat.",Diulas 271 minggu lalu
https://www.traveloka.com/id-id/user/review/consumption/HOTEL/GENERAL/3000010022674,9,26,"AC nya ngga dingin, kamar nya agak sempit, sarapannya dikurangin variannya dan kurang enak.",Diulas 271 minggu lalu
https://www.traveloka.com/id-id/user/review/consumption/HOTEL/GENERAL/3000010022674,9,27,"Pada saat breakfast nya , makanan seadanya , bahkan utk minuman aja hrs di ambilkan.. tidak seperti hotel yg setara dgn HS , kok sy jd tidak pengen menginap di HS lg.",Diulas 271 minggu lalu
https://www.traveloka.com/id-id/user/review/consumption/HOTEL/GENERAL/3000010022674,9,28,"Cukup bagus, berada di atas mall mega city bekasi.",Diulas 271 minggu lalu
https://www.traveloka.com/id-id/user/review/consumption/HOTEL/GENERAL/3000010022674,9,29,"Req minta tambahan handuk diinfoinnya tidak bisa krn udah kebijakan hotel, padahal saya staycation di hotel-hotel lain pun bisa. AC tidak berfungsi optimal alhasil malam-malam kepanasan. Worst sih",Diulas 271 minggu lalu
https://www.traveloka.com/id-id/user/review/consumption/HOTEL/GENERAL/3000010022674,9,30,"Bagus, keramahannya luar biasa.",Diulas 271 minggu lalu
https://www.traveloka.com/id-id/user/review/consumption/HOTEL/GENERAL/3000010022674,9,31,pelayanannya memuaskan over all. Staf ramah. Pinjam hairdryer dan alat shalat tersedia dan cepat. Makanannya lumayan lengkap dan enak.,Diulas 271 minggu lalu
https://www.traveloka.com/id-id/user/review/consumption/HOTEL/GENERAL/3000010022674,9,32,"kamar sangat kecil tidak sesuai foto, akses ke hotel agak sulit, sarapan sangat standar, channel tv sedikit, king bed tapi uk.queen, kelebihannya staf sangat ramah.",Diulas 271 minggu lalu
https://www.traveloka.com/id-id/user/review/consumption/HOTEL/GENERAL/3000010022674,9,33,"Hotelnya bagus, kamarnya bersih, suasananya tenang cuma sayang a.c di kamar tidak dingin.",Diulas 272 minggu lalu
https://www.traveloka.com/id-id/user/review/consumption/HOTEL/GENERAL/3000010022674,9,34,nyaman puas kenyang enaklah overall,Diulas 272 minggu lalu
https://www.traveloka.com/id-id/user/review/consumption/HOTEL/GENERAL/3000010022674,9,35,"Chek in cepat, parkir pas penuh karena banyak acara nikahan gitu, kamar bagus nyaman tp ac tidak begitu dingin, bantal kurang empuk, toilet bersih, air panasnya ada, tidak ada kulkas, sayang pas foto deket kolam renang tidak dinyalakan lampunya jadi kelihatan gelap.. makanan karena pandemi mungkin tidak begitu variatif, over all kami suka karena bisa main k mega mall bekasi, kita emang tim mall ( suka nonton ) jadi rekomend sih buat staycation.. karena banyak makanan enak d mallnya 😬",Diulas 272 minggu lalu
https://www.traveloka.com/id-id/user/review/consumption/HOTEL/GENERAL/3000010022674,9,36,worth it hotel nya... yg menginap tidak terlalu ramai mungkin karena sedang pandemi .. Semoga pandemi cepat berlalu,Diulas 274 minggu lalu
https://www.traveloka.com/id-id/user/review/consumption/HOTEL/GENERAL/3000010022674,9,37,"Dapat kamar yang wastafelnya agak mampet, AC kurang dingin, menu makanan juga kurang beragam.",Diulas 275 minggu lalu
https://www.traveloka.com/id-id/user/review/consumption/HOTEL/GENERAL/3000010022674,9,38,"Klo hotel Santika sudah tidak usah diragukan lg, sudah langganan dari tahun 2010. Sy mau tny bagaimana kalau kartu member sy hilang utk membuatnya lg, tentunya msh tercatat nama dan berapa x sy menginap di hotel Santika.",Diulas 275 minggu lalu
https://www.traveloka.com/id-id/user/review/consumption/HOTEL/GENERAL/3000010022674,9,39,"Staf cukup ramah. Kamar lumayan nyaman. Harga bersaing utk bintang 3 dg harga tsb. Sayangnya sarapan diambilkan petugas, padahal sempat kita kira sarapan prasmanannya bebas ambil. Toh kl ambil, porsi juga tidak banyak2. Cuma suka icip2. Anak di atas 4 th, kena biaya kl ikut sarapan. Kmudian akses masuk hotel, kl tidak tau bisa repot. Krn jd lewat mall :( lift di mallnya cuma smp lantai 3. hotel di lt.5. kebayang ke sana sambil bawa2 koper :(. Jd yg mau nginep, mending tanya dl akses masuknya dari mana.. supaya tidak kayak sy dan keluarga :D. Trs jangan lupa sedia air minum. Krn di air minum beli di hotel mahal. Akses keluar lagi beli minum juga susah.. Krn ini liburan, sy nikmatin smbil ketawa aja deh.. :D",Diulas 275 minggu lalu
https://www.traveloka.com/id-id/user/review/consumption/HOTEL/GENERAL/3000010022674,9,40,"Fasilitas standar, kamar mandi bersih, menu breakfast agak sedikit. Overall 80",Diulas 276 minggu lalu
https://www.traveloka.com/id-id/user/review/consumption/HOTEL/GENERAL/3000010022674,10,1,"tidak sebersih yang saya harapkan. lobi itu panas seperti h * ll, ac mati kurasa. staf sangat ramah & membantu",Diulas 276 minggu lalu
https://www.traveloka.com/id-id/user/review/consumption/HOTEL/GENERAL/3000010022674,10,2,"TV nya bermasalah, saluran lokalnya beresek, sama ada yang tidak bisa",Diulas 276 minggu lalu
https://www.traveloka.com/id-id/user/review/consumption/HOTEL/GENERAL/3000010022674,10,3,"Puluhan kali saya menginap di hotel dengan protokol covid, baru kali ini hanya disediakan gelas kertas sekali pakai untuk bikin kopi/teh di room dan gelas plastik di kamar mandi, ini keterlaluan, tidak smart. Selimut, sprei, sarung bantal dari bahan yang kurang lembut. Hairdryer harus pinjam dulu ke house keeping. Karena posisi kamar pas di tikungan jadi ada tonjolan dinding yang menyebabkan space ruang kamar jadi sempit. Kebetulan menginap hari minggu, sarapan diantar ke kamar dengan menu minimalis (main course, sepotong roti, sedikit potongan buah dan air mineral) tidak ada jus, tidak ada omelet. Untuk kamar superior tidak ada view yang bagus, hanya view bangunan dan jendela kamar-kamar seberang. Setelah check-in harus menunggu beberapa menit karena penyemprotan desinfektan di kamar, padahal semestinya bisa diatur sedemikian rupa sehingga tidak membuat tamu menunggu di lobby. Kelebihan hotel ini posisi yang strategis, diatas Mal Mega Bekasi.",Diulas 276 minggu lalu
https://www.traveloka.com/id-id/user/review/consumption/HOTEL/GENERAL/3000010022674,10,4,"kamar nyaman, tapi tidak ada kulkas",Diulas 276 minggu lalu
https://www.traveloka.com/id-id/user/review/consumption/HOTEL/GENERAL/3000010022674,10,5,"Kamarnya clean banget, WiFi cepet, kamar lumayan besar.. cocok untuk honeymoon.. Tapi untuk telepon di kamar susah untuk digunakan, Mohon dicek lg.. over all bagussss! Lain kali styacation lg disitu",Diulas 276 minggu lalu
https://www.traveloka.com/id-id/user/review/consumption/HOTEL/GENERAL/3000010022674,10,6,Kualitas ruangan kamar di bawah standar hotel santika pada umumnya.,Diulas 277 minggu lalu
https://www.traveloka.com/id-id/user/review/consumption/HOTEL/GENERAL/3000010022674,10,7,kamar biasa saja .. sangat disayangkan tidak ada buffet untuk sarapan pagi hanya diantar ke setiap kamar karena covid pandemi .. makanan terasa biasa saja .. kamar mandi kurang memuaskan karena shower kurang bagus .. suami saya sangat puas dengan tempat gym .. itu benar-benar berhasil untuknya ..,Diulas 277 minggu lalu
https://www.traveloka.com/id-id/user/review/consumption/HOTEL/GENERAL/3000010022674,10,8,"staff kurang friendly sih menurut gw. Yg lainnya kayak kebersihan, kenyamanan, sama breakfast okelaah..",Diulas 277 minggu lalu
https://www.traveloka.com/id-id/user/review/consumption/HOTEL/GENERAL/3000010022674,10,9,"Sebenarnya maunya kamar yg Non Smoking, tapi karena satu dan lain hal jd dapat yg smoking, dan bau banget rokok (sepertinya baru banget cek out yg abis book sebelumnya 😔), AC nya kurang dingin dan seperti ada bau oli.. tapi Plusnya protokol kesehatannya sangat dijaga.. 👍👍",Diulas 278 minggu lalu
https://www.traveloka.com/id-id/user/review/consumption/HOTEL/GENERAL/3000010022674,10,10,saat masuk sudah tdk nyaman pelayanan front officenya. untuk cukup nyaman,Diulas 278 minggu lalu
https://www.traveloka.com/id-id/user/review/consumption/HOTEL/GENERAL/3000010022674,10,11,"Akses ke hotel susah jika menggunakan kendaraan bermotor karena apabila mal sudah tutup lift dan eskalator dimatikan, AC kurang dingin setelah decek oleh petugas akhirnya dipindah kamar tapi kamarnya kurang bersih karena saya menemukan puntung rokok dbalik gorden, Tidak ada kulkas di hairdryer (request).",Diulas 280 minggu lalu
https://www.traveloka.com/id-id/user/review/consumption/HOTEL/GENERAL/3000010022674,10,12,"Anak saya kena carge untuk sarapan. Padahal anak umur 4 tahun apa si makannya. Paling cuma koko crunch saja sama minum air putih, disuruh bayar 50 ribu, kecuali anak umur 8th keatas. Sudah bisa makan besar dipagi hari. Coba deh kasian kalau orang bawa anak 2 umur 4th dan 5. Mending saya sarapan di malnya.",Diulas 281 minggu lalu
https://www.traveloka.com/id-id/user/review/consumption/HOTEL/GENERAL/3000010022674,10,13,Makanan cukup bersih tapi tidak pantas untuk hotel sekelas itu dan tidak enak.,Diulas 282 minggu lalu
https://www.traveloka.com/id-id/user/review/consumption/HOTEL/GENERAL/3000010022674,10,14,Pelayanan yang memuaskan! Coba deh menginap disini.,Diulas 283 minggu lalu
https://www.traveloka.com/id-id/user/review/consumption/HOTEL/GENERAL/3000010022674,10,15,"Pengalaman pertama menginap dengan ibu dan adik kurang memuaskan dengan tipe kamar superior twin. Bantal keras, selalu terdengar dak duk didak duk, Terdengar suara kursi yang digeser-geser. Sarapan pagi bervariasi yang enak menu ayam dan kentangnya, untuk roti dan cake pisangnya biasa saja. Tapi saya akan menginap lagi disini bersama pasangan bln januari nanti, semoga sudah lebih baik.",Diulas 283 minggu lalu
https://www.traveloka.com/id-id/user/review/consumption/HOTEL/GENERAL/3000010022674,10,16,"Akses keluar bagi kendaraan bermotor cukup sulit di pagi hari karena, Lift tidak hidup eskalator tidak hidup jadi harus jalan kaki turun dari hotel lantai 5 ke lantai ug. Kalau untuk pelayanan hotel dan lain-lainnya saya cukup puas dan petugasnya juga ramah-ramah, hanya aksesnya saja, terima kasih.",Diulas 284 minggu lalu
https://www.traveloka.com/id-id/user/review/consumption/HOTEL/GENERAL/3000010022674,10,17,"Dari awal saat c/i pelayanan fO-nya dari mas enggal very helpful dan cepat, pelayanan roomnya warbiyasah very helpful and responsif dari mas danu, Maklum kamar wedding rada kotor karena bolak balik pas minta di bersihin langsung di bersihin dong, keren, pelayanan FB sama bagusnya dan bersih, Kolam renangnya bersih dan helpful service from swimming pool attendancenya overall dari saat c/I-i-stay, c/o, sangat memuaskan, Yang ter penting ialah karyawannya konsisten menerap kan protokoler covid-19, thank you all.",Diulas 284 minggu lalu
https://www.traveloka.com/id-id/user/review/consumption/HOTEL/GENERAL/3000010022674,10,18,"Akses ke hotel susah jika mal sudah tutup, selebihnya oke.",Diulas 285 minggu lalu
https://www.traveloka.com/id-id/user/review/consumption/HOTEL/GENERAL/3000010022674,10,19,"Kamar bersih, pelayanan juga baik dan untuk fasilitas covidisi ini sangat bagus.",Diulas 286 minggu lalu
https://www.traveloka.com/id-id/user/review/consumption/HOTEL/GENERAL/3000010022674,10,20,Senang banget kalau jam 10 malam bisa kok gojek naik ke atas antar makanan kalau pen pesan gofod.,Diulas 286 minggu lalu
https://www.traveloka.com/id-id/user/review/consumption/HOTEL/GENERAL/3000010022674,10,21,"Tempat bersih, nyaman, dekat dengan pusat perbelanjaan.",Diulas 286 minggu lalu
https://www.traveloka.com/id-id/user/review/consumption/HOTEL/GENERAL/3000010022674,10,22,"Akses keluar masuk lewat mal, tetapi selama pandemi mal tutup lebih awal. Sehingga mau balik ke hotel harus memutar jauh lewat pintu belakang dan kurang aman.",Diulas 287 minggu lalu
https://www.traveloka.com/id-id/user/review/consumption/HOTEL/GENERAL/3000010022674,10,23,"Akses yang sulit, mereka harus memastikan, customer tidak mendapatkan akses yang sulit untuk datang",Diulas 287 minggu lalu
https://www.traveloka.com/id-id/user/review/consumption/HOTEL/GENERAL/3000010022674,10,24,Hotel nyaman dan pelayanan juga baik.,Diulas 287 minggu lalu
https://www.traveloka.com/id-id/user/review/consumption/HOTEL/GENERAL/3000010022674,10,25,"Kamar sangat nyaman dengan ruangan yang bersih fasilitas yang baik dan pelayanan yang sangat baik. Hanya saja akses yang agak sulit karena lokasi ada di atas mal, Akses yang diberikan langsung ke lobby hanya yang menggunakan mobil kalau untuk yang menggunakan kendaraan bermotor akses harus masuk melewati mal dahulu.",Diulas 288 minggu lalu
https://www.traveloka.com/id-id/user/review/consumption/HOTEL/GENERAL/3000010022674,10,26,"Sarapan pagi enak, hanya saja lampu kamar kurang terang, wifi kurang cepat. 😁",Diulas 289 minggu lalu
https://www.traveloka.com/id-id/user/review/consumption/HOTEL/GENERAL/3000010022674,10,27,"sangat disayangkan fasilitas ngga bisa dipergunakan semua, kolam renang belum bisa digunakan, air ngembeng didekat kloset breakfast variasi kurang mungkin karena pandemik makanan diambilkan tapi untuk variasi buah aja cuma satu macam cukup disayangkan dengan predikat hotel berbintang tapi ngga sesuai",Diulas 289 minggu lalu
https://www.traveloka.com/id-id/user/review/consumption/HOTEL/GENERAL/3000010022674,10,28,"lokasi dia atas mall jadi ga perlu khawatir nyari makanan atau jajan, karena mallnya besar sempat tersasar jg cari eskalaor ke hotel, ternyata kamar lebih kecil di banding hotel santika lain yang pernah saya kunjungi, kolam renang dan tempat main anak masih tutup krn pandemi, sarapan ya karena lagi pandemi ga banyak pilhan walaupun lg long weekend serta setiap makanan diambilin petugas lebih bersih jdinya, kebersihan ok banget selalu diingatkan cuci tangan dan cek suhu setiap bolak balik masuk hotel, harga makanan di hotel lumayan terjangkau saya coba beli eskrim dan gado2 tapi datangnya lmyan lama pesan dari jam 10 pagi baru tiba jam 11 lewatan hampir dekat waktu check out, ac sempat mati tp smp pulang gda yang datang utk cek... tapi kl emang cm pgn rebahan trus maen ke mall deket bisa dicoba hotel ini.",Diulas 289 minggu lalu
https://www.traveloka.com/id-id/user/review/consumption/HOTEL/GENERAL/3000010022674,10,29,"Saya memesan kamar dengan keterangan mendapatkan balkony/teras, namun saya tidak mendapatkan hal tersebut. Tidak ada newspaper.",Diulas 289 minggu lalu
https://www.traveloka.com/id-id/user/review/consumption/HOTEL/GENERAL/3000010022674,10,30,"Kamar bersih, pelayanan cepat, breakfast kurang banyak variasinya, sehingga terkesan irit, dimaklumi mungkin karena pandemi, semoga lebih baik lagi ke depan.",Diulas 292 minggu lalu
https://www.traveloka.com/id-id/user/review/consumption/HOTEL/GENERAL/3000010022674,10,31,"wiper belakang hilang saat parkir di santika hati-hati...karena pagi hari saat saya taruh barang2 di bagasi masih ada.. lalu saya sarapan dan setelah sarapan cek-out sampai di kantor saya baru sadar wipernya di curi.. satpam pagi hari tidak ada di tempat.. selalu keluar ke arah pintu dapur yg berada disekitar parkiran. saat ada tamu baru memghampiri ke depan pintu lobby. harap di briefieng ulang. untuk kamar air panas tidak berfungsi maksimal.. dan mendapatkan view kamar sebrang (ball room).. tempat sabun sepertinya jarang di sikat dan shower mandi pancuran airnya tidak sesuai. stop kontak samping kasur hanya ada di kiri tempat tidur.. bukan di dua sis.i letak hotel di lantai 5.. kalau tidak bawa kendaraan menyulitkan karena harus lewat lift mall..apalagi kalau mall sudah tutup,.. kartu kamar hanya diberikan 1 walau saya tetap.mau deposit agar diberikan 2 kartu, tapi resepsionis beralasan habis.. what a reason. sarapan tidak banyak pilihan..rasa nasi goreng OK.. dan tidak ada chef di egg station saat jam 7.30. padahal saya minta dadar telur.. bukan omllete yg sudah tersedia.. karyawan restiran tidak menjalankan konsep hospitality.",Diulas 292 minggu lalu
https://www.traveloka.com/id-id/user/review/consumption/HOTEL/GENERAL/3000010022674,10,32,Saat pesan makan malam 4 menit dan harus telepon ke recept 3 kali.,Diulas 295 minggu lalu
https://www.traveloka.com/id-id/user/review/consumption/HOTEL/GENERAL/3000010022674,10,33,"Hotel yang bagus dan bersih. Hotel yang bagus, dan keramahan barang",Diulas 296 minggu lalu
https://www.traveloka.com/id-id/user/review/consumption/HOTEL/GENERAL/3000010022674,10,34,"Jendela tidak bisa ditutup rapat, pipa wastafel bocor (diperbaiki), slot pintu kamar mandi rusak (langsung diperbaiki), koneksi WiFi lemot, saluran TV buram, ada sampah bungkus snack dekat kursi dari tamu sebelumnya yang tidak dibersihkan, petugas pemeriksa suhu dan kebersihan di pintu masuk tidak konsisten, karyawan restoran kurang ramah. Terima kasih.",Diulas 296 minggu lalu
https://www.traveloka.com/id-id/user/review/consumption/HOTEL/GENERAL/3000010022674,10,35,"Makanan adalah yang terbaik, kamarnya tidak begitu bersih seperti standar santika",Diulas 297 minggu lalu
https://www.traveloka.com/id-id/user/review/consumption/HOTEL/GENERAL/3000010022674,10,36,"Ramah, nyaman, bersih dan strategis 👍😊",Diulas 297 minggu lalu
https://www.traveloka.com/id-id/user/review/consumption/HOTEL/GENERAL/3000010022674,10,37,"Lumayan untuk stay disana, simple dekat mal.",Diulas 298 minggu lalu
https://www.traveloka.com/id-id/user/review/consumption/HOTEL/GENERAL/3000010022674,10,38,Akomodasi sangat bagus cuma sayang untuk bagian tempat tdrnya goyang kalau kita mau tidur karena yang saya liat itu tempat tidur twin tapi dijadikan satu menjadi queen.,Diulas 300 minggu lalu
https://www.traveloka.com/id-id/user/review/consumption/HOTEL/GENERAL/3000010022674,10,39,"saya senang sekali bermalam di Santika Mega city semua pelayanan ramah, sopan, kamar bagus, menu sarapan lumayan enak, saya bermalam di Santika dalam rangka menghadiri akad Nikah putrinya teman saya di Jatibening 2, jalan kenanga V Jatibening.",Diulas 300 minggu lalu
https://www.traveloka.com/id-id/user/review/consumption/HOTEL/GENERAL/3000010022674,10,40,"Stafnya ramah, tempatnya sendiri cukup, AC, TV, Wifi oke, tidak seluruh kamar ada kulkas, makanannya bukan kompetensinya menurut saya.",Diulas 301 minggu lalu
https://www.traveloka.com/id-id/user/review/consumption/HOTEL/GENERAL/3000010022674,11,1,"sangat rekomendasi,, dekat dengan pusat kota pelayanan ramah, free parkir",Diulas 301 minggu lalu
https://www.traveloka.com/id-id/user/review/consumption/HOTEL/GENERAL/3000010022674,11,2,"Kamar bersih, waktu check-in cepat.",Diulas 301 minggu lalu
https://www.traveloka.com/id-id/user/review/consumption/HOTEL/GENERAL/3000010022674,11,3,"Read this!!! Saya menginap hari jumat dikamar 635, pertama harga memang murah sekitar 500K included breakfast 2 org, saat sy kesana lift menuju hotel mati jd sy harus pakai escalator dan letak hotelnya di lt 5. Saat tiba dicounter receptiont yg cwe tidak menyapa sy dan menunduk ke arah meja trus, menunggu bbrapa detik baru tnya “ada yg bs dibantu bu?” SOP check-in nya dmn? Stau sy 3 steps away from guest coming, u should greet the guest right? With the politeness gesture. Lalu, tdk menanyakan kamar non smoking apa tdk nunggu sy yg ksh tau, yg terparah fasilitas tdk djelaskn klo kolam renang d tutup (i know covid problems) but why u guys didn't put it on Traveloka or online website? Setelah itu, sy menuju kamar didalam tdk terdapat hairdryer (based on req) <— biasanya hampir smua kamar hotel ada hairdryer, tdk ada minibar yg sharusnya hotel bintang 4 sediakan. Besok paginya sy brfst nih, sy kecewa berat kenapa? Yg bener aja, masa harga 500K brfst cuma 1 line table doang, isinya nasgor, mie goreng, kentang goreng, vegetables, bubur dan omelete. Itupun diambilin, jd ga bs bebas! What? Dmana” kalo brfst buffet ada bnyk isinya, aneka roti, soto, aneka buah, cereal oya ngomong soal cereal yg sy foto itu ada, tp setelah sy req. Jus juga cm 2 tdk ada susu, kopi dan teh. Udah gitu, mie goreng gokiannya asin banget ckck parah! Sayangny sy ga sempet fotoin keadaan yg kosong, hey sy tau ini irit budget krn covid, tp ga bs gtu org udh expect makanan buffet yg ssuai reception saat sy checkin bilang, trnyata zonk!! Never comeback to this hotel anymore!! Begitu pula saat sy complaint dicheckout, reception yg handle lumayan ramah namanya Gabby (gatau org yg sama atau bukan) tp saat sy infokan soal buffet sedikit, dy cuma bilang “ya bu, krn disesuaikan oleh occupancy” haha sy pengen ketawa. Mana ada jawaban ky gtu diinfoin ke tamu, bayar ssuai harga ya harusny included benefit yaitu bfst buffet lengkap!! Jangan terlalu irit, tamu gak akan balik klo cara kalian treat tamu seperti itu, hotel rata” memang sepi semua, but u guys should consist the standard quality of service!! Is it 4 star hotel or 2 star hotel?",Diulas 301 minggu lalu
https://www.traveloka.com/id-id/user/review/consumption/HOTEL/GENERAL/3000010022674,11,4,"Kamar kecil, AC tidak dingin, kasur keras.",Diulas 303 minggu lalu
https://www.traveloka.com/id-id/user/review/consumption/HOTEL/GENERAL/3000010022674,11,5,Makannya pake nasi kotak dan agak kecewa kasih buah salak busuk dan bilangnya jus tapi sirup.,Diulas 303 minggu lalu
https://www.traveloka.com/id-id/user/review/consumption/HOTEL/GENERAL/3000010022674,11,6,"Yang lain oke, bersih dan rapi. Cuma AC saja kurang dingin.",Diulas 304 minggu lalu
https://www.traveloka.com/id-id/user/review/consumption/HOTEL/GENERAL/3000010022674,11,7,"Sudah 2 kali kesini, karena nyaman, pelayanannya super ramah, tempatnya steril dan bersih banget pokoknya. nice!",Diulas 304 minggu lalu
https://www.traveloka.com/id-id/user/review/consumption/HOTEL/GENERAL/3000010022674,11,8,"Staf hotel ramah, kamar juga bersih, tapi makanannya kurang variasi.",Diulas 304 minggu lalu
https://www.traveloka.com/id-id/user/review/consumption/HOTEL/GENERAL/3000010022674,11,9,"Good service over all, breakfast langsung diantar ke kamar mengingat keadaan yg sedang seperti ini menghindari kerumunan.",Diulas 304 minggu lalu
https://www.traveloka.com/id-id/user/review/consumption/HOTEL/GENERAL/3000010022674,11,10,"Semua staf sangat ramah sekali, proses check-in lancar.",Diulas 305 minggu lalu
https://www.traveloka.com/id-id/user/review/consumption/HOTEL/GENERAL/3000010022674,11,11,"Pelayanannya ramah sekali, kamarnya bersih, steril, semua perlengkapan masih terbungkus rapi, next bakal disini lagi.",Diulas 306 minggu lalu
https://www.traveloka.com/id-id/user/review/consumption/HOTEL/GENERAL/3000010022674,11,12,Kamar yang diberikan tidak sesuai dengan foto.,Diulas 306 minggu lalu
https://www.traveloka.com/id-id/user/review/consumption/HOTEL/GENERAL/3000010022674,11,13,"Saya suka sarapannya, enak!",Diulas 307 minggu lalu
https://www.traveloka.com/id-id/user/review/consumption/HOTEL/GENERAL/3000010022674,11,14,"Tempat kurang strategis karena harus masuk mal dulu untuk pengunjung yang tidak membawa kendaraan, Sarapan sangat tidak variatif, mungkin karena covid tapi sedih banget seperti besek pengajian buah pisangnya pisang lampung. Mohon maaf tapi kali ini saya sangat tidak puas.",Diulas 307 minggu lalu
https://www.traveloka.com/id-id/user/review/consumption/HOTEL/GENERAL/3000010022674,11,15,"Nyaman, bersih, makanannya enak.",Diulas 307 minggu lalu
https://www.traveloka.com/id-id/user/review/consumption/HOTEL/GENERAL/3000010022674,11,16,"Liburan pas masa pandami gini tidak enak, parkir motor harus di giant, kolam renang ditutup, breakfast dapatnya nasi kotak, benar-benar parah, Padahal sudah memilih yang stay clean.",Diulas 307 minggu lalu
https://www.traveloka.com/id-id/user/review/consumption/HOTEL/GENERAL/3000010022674,11,17,"Semalam dikatakan dapat fasilitas diantarkan sampai bawah, saat pagi pelayannya tidak mau + sampah!",Diulas 307 minggu lalu
https://www.traveloka.com/id-id/user/review/consumption/HOTEL/GENERAL/3000010022674,11,18,"Pada dasarnya hotel ini sudah bagus & baik dalam pelayanan, hanya saja kenyamanan kami menginap terganggu dengan 1 kamar yg terlalu berisik pada saat menginap. Anak kecil berlarian di lorong & orang tuanya malah ngobrol di depan kamar dengan suara yg aga keras. Tidak hanya pagi, siang, sore dan malam saja bahkan tengah malam sekitar jam setengah 12 lebih pun mereka masih saja berisik. Sampai kami harus pindah kamar yg letaknya aga jauh karna masalah ini. Setelah pindah kamar, suara tersebut tetap saja terdengar (anak kecil teriak & orang tuanya ngobrol juga suara nya kencang). Sangat amat menganggu kenyamanan kami menginap disini. Kami ingin menginap dengan nyaman, tapi terganggu tidur kami hanya karna 1 kamar yg tidak tahu bagaimana harus bersikap menjadu tamu juga yg menginap di hotel ini. Ketika kami komplain dengan pihak hotel sampai beberapa kali karna kejadian tersebut terulang terus, tapi pihak hotel hanya menelpon kamar tersebut saja terus menerus, tidak ada sanksi tegas yg diberikan. Pindah kamar dengan beda lantai kembali katanya sudah tidak bisa karna sudah memasuki malam hari & tidak ada tindak lanjutnya lagi. Lain kali pihak hotel seharusnya bisa memberikan ketegasan kepada tamu yg seperti itu, jangan hanya cuma menegur lewat telpon saja ke kamar tersebut. Kalo sudah 3x ditegur lewat telpon, seharusnya utk ke 4x nya diberikan sanksi tegas agar tamu lainnya nyaman utk beristirahat. Itu saja yg membuat kami kecewa menginap disini. Terima kasih",Diulas 311 minggu lalu
https://www.traveloka.com/id-id/user/review/consumption/HOTEL/GENERAL/3000010022674,11,19,Rasa makanan mereka standar. Dan saya memesan tempat tidur kembar. Tapi kasurnya tidak empuk. Sangat tidak nyaman,Diulas 321 minggu lalu
https://www.traveloka.com/id-id/user/review/consumption/HOTEL/GENERAL/3000010022674,11,20,"tidak ada signal, tidak ditawarkan voucher parkir padahal kata petugas parkir biasanya dikasih voucher parkir.",Diulas 322 minggu lalu
https://www.traveloka.com/id-id/user/review/consumption/HOTEL/GENERAL/3000010022674,11,21,"Kamar sesuai dengan pesanan, sarapan enak.",Diulas 322 minggu lalu
https://www.traveloka.com/id-id/user/review/consumption/HOTEL/GENERAL/3000010022674,11,22,"2x mati lampu di hotel ini Dan lumayan Lah 10 menitan.
Dan menurut saya kurang variatif untuk sarapannya

Pengalaman menginap di tanggal 18 maret 2019",Diulas 323 minggu lalu
https://www.traveloka.com/id-id/user/review/consumption/HOTEL/GENERAL/3000010022674,11,23,Kamar lapang. Breakfast lengkap dan enak.,Diulas 323 minggu lalu
https://www.traveloka.com/id-id/user/review/consumption/HOTEL/GENERAL/3000010022674,11,24,"AC-nya panas, dan untuk lantainya masih sedikit berdebu, sisanya bagus mantap untuk pelayannya.",Diulas 323 minggu lalu
https://www.traveloka.com/id-id/user/review/consumption/HOTEL/GENERAL/3000010022674,11,25,"Makanannya enak, kamarnya bagus, pelayanannya bagus.",Diulas 324 minggu lalu
https://www.traveloka.com/id-id/user/review/consumption/HOTEL/GENERAL/3000010022674,11,26,"Pelayanannya bagus, makanannya juara",Diulas 325 minggu lalu
https://www.traveloka.com/id-id/user/review/consumption/HOTEL/GENERAL/3000010022674,11,27,"Kamarnya agak kecil, saya pikir akan lebih besar. Proses check in agak makan waktu, karena staff hotel tidak menemukan bookingan saya dari app. Sarapan lumayan, gymnya standard aja",Diulas 325 minggu lalu
https://www.traveloka.com/id-id/user/review/consumption/HOTEL/GENERAL/3000010022674,11,28,Tidak pernah mengecewakan untuk room di santika hanya variasi breakfast yang kurang,Diulas 325 minggu lalu
https://www.traveloka.com/id-id/user/review/consumption/HOTEL/GENERAL/3000010022674,11,29,Tolong ditingkatkan untuk chanel televisi karena dikit sekali yang bisa ditonton.,Diulas 325 minggu lalu
https://www.traveloka.com/id-id/user/review/consumption/HOTEL/GENERAL/3000010022674,11,30,kenyamanan standar untuk hotel bintang 3 tetapi akses strategis ke hypermal raksasa dan transportasi umum.,Diulas 326 minggu lalu
https://www.traveloka.com/id-id/user/review/consumption/HOTEL/GENERAL/3000010022674,11,31,lokasi strategis.. makanan juga enak... turun 1 lantai langsung giant mega city bekasi...cuma bantalnya keras banget... apa bisa diganti yang lebig empuk ya,Diulas 326 minggu lalu
https://www.traveloka.com/id-id/user/review/consumption/HOTEL/GENERAL/3000010022674,11,32,"Recommended, kamar sangat bersih dan sangat nyaman, pelayanan sangat baik dan ramah, menu sarapan lengkap dan enak, it's good to be back here.",Diulas 326 minggu lalu
https://www.traveloka.com/id-id/user/review/consumption/HOTEL/GENERAL/3000010022674,11,33,"Kamar berisp, AC dingin, kamar mandi bersi, makanan cukup lengkap dan esak.",Diulas 327 minggu lalu
https://www.traveloka.com/id-id/user/review/consumption/HOTEL/GENERAL/3000010022674,11,34,Tempat tidur kurang nyaman dan tidak sesuai pesanan.,Diulas 327 minggu lalu
https://www.traveloka.com/id-id/user/review/consumption/HOTEL/GENERAL/3000010022674,11,35,Resepsionisnya tidak ngasih kartu buat free parkir jadi bayar parkir hampir 100 ribu an deh. Seharusnya wajib memberikan info atau kasih langsung kartu parkirnya tanpa diminta terlebih dahulu karena tidak semua orang tahu tentang hal ini.,Diulas 327 minggu lalu
https://www.traveloka.com/id-id/user/review/consumption/HOTEL/GENERAL/3000010022674,11,36,"Hotel bagus dan bersih, makanan juga lumayan enak.",Diulas 327 minggu lalu
https://www.traveloka.com/id-id/user/review/consumption/HOTEL/GENERAL/3000010022674,11,37,"Sangat menyenangkan, breakfastnya sangat enak wajib dicoba, wajib menginap lagi. pelayanannya sangat memuaskan, pegawainya ramah, aernya mengalir dengan deras  😂🤣 Pokoknya I like hotel santika, next time kita kesini lagi 💚",Diulas 327 minggu lalu
https://www.traveloka.com/id-id/user/review/consumption/HOTEL/GENERAL/3000010022674,11,38,Pelayanan bagus dan kamarnya bersih dan juga menu makan pagi lumayan lengkap.,Diulas 328 minggu lalu
https://www.traveloka.com/id-id/user/review/consumption/HOTEL/GENERAL/3000010022674,11,39,"Pertama kali menginap di Hotel Santika Mega City kesan saya Kamarnya bagus, bersih, nyaman. Terdapat sepasang handuk besar & handuk kecil. Menu sarapannya banyak variasinya, semua enak & pelayanannya yang ramah & sangat melayani tamu. Restorannya juga sangat luas & terdapat taman mungil dibawahnya, ada padang golf mini untuk bermain. Sangat cocok untuk keluarga yang mempunyai anak kecil. Worth it dengan harganya. Dan Gratis parkir juga",Diulas 328 minggu lalu
https://www.traveloka.com/id-id/user/review/consumption/HOTEL/GENERAL/3000010022674,11,40,"Anda bisa menginap di sini, mal ini besar dan memiliki banyak toko.",Diulas 328 minggu lalu
https://www.traveloka.com/id-id/user/review/consumption/HOTEL/GENERAL/3000010022674,12,1,Oke mantap baik dan bagus ramah.,Diulas 328 minggu lalu
https://www.traveloka.com/id-id/user/review/consumption/HOTEL/GENERAL/3000010022674,12,2,"Kamarnya kecil dan lembab, koridornya panas, makanannya kurang.",Diulas 328 minggu lalu
https://www.traveloka.com/id-id/user/review/consumption/HOTEL/GENERAL/3000010022674,12,3,Senang banget mengerayakan bridal showernya temenku di hotel ini. Dari manager sampai pegawai semua ramah. Sampai petugasnya di mintakan tolong buat foto mau. terima kasih hotel santika. Pokoknya akan balik lagi kesini deh.,Diulas 328 minggu lalu
https://www.traveloka.com/id-id/user/review/consumption/HOTEL/GENERAL/3000010022674,12,4,"Showernya enak kencang, hanya saja AC kurang dingin makanan oke channel TVnya diperbanyak, internet kencang.",Diulas 329 minggu lalu
https://www.traveloka.com/id-id/user/review/consumption/HOTEL/GENERAL/3000010022674,12,5,"Foto ruangan gym tidak sesuai dengan di aplikasi, pelayanan kurang cepat.",Diulas 329 minggu lalu
https://www.traveloka.com/id-id/user/review/consumption/HOTEL/GENERAL/3000010022674,12,6,Very good pelayanannya sangat memuaskan,Diulas 329 minggu lalu
https://www.traveloka.com/id-id/user/review/consumption/HOTEL/GENERAL/3000010022674,12,7,"Sarapan variatif, hanya saja kurang enak. Semoga lebih baik lagi :)",Diulas 329 minggu lalu
https://www.traveloka.com/id-id/user/review/consumption/HOTEL/GENERAL/3000010022674,12,8,"Hotel bagus, kamar nyaman tapi 1 kamar 607 AC-nya kurang dingin.",Diulas 330 minggu lalu
https://www.traveloka.com/id-id/user/review/consumption/HOTEL/GENERAL/3000010022674,12,9,Pelayanan cukup baik hanya wastafel kamar mandinya mampet.,Diulas 330 minggu lalu
https://www.traveloka.com/id-id/user/review/consumption/HOTEL/GENERAL/3000010022674,12,10,"Selama menginap di santika baru kali ini, ada pengalaman kurang menginak enakan, 1. AC bocor dan membasahi tas laptop dan action di reporer yang membuat saya harus keluar ruangan, Karena proses tersebut (tidak sempat ambil foto karena kesal duluan). Kenapa tidak di berikan kamar pengganti? 2. air mineral tidak ada, dan saya baru sadar saat mau minum setelah 4 jam check-in, Saat di komplain hanya beralasan air mineral stock habis, sangat lucu sekali hotel. Level bintang 3 kehabisan air mineral. Semoga tidak terulang kembali hal hal tersebut di atas, sebagai pelanggan yang sering menginap di situ tentu kecewa.",Diulas 331 minggu lalu
https://www.traveloka.com/id-id/user/review/consumption/HOTEL/GENERAL/3000010022674,12,11,"Layanannya bagus, kamarnya bersih dan nyaman. Mereka memiliki berbagai menu sarapan. Tapi, ketika saya punya kamar di lantai 6 sinyal ponsel saya buruk bahkan ketika saya menggunakan wifi, itu tidak membantu saya. Tapi secara keseluruhan, saya sangat merekomendasikan hotel bintang 3 ini.",Diulas 331 minggu lalu
https://www.traveloka.com/id-id/user/review/consumption/HOTEL/GENERAL/3000010022674,12,12,"Saya dapat upgrade kamar, breakfast cukup enak dan dekat tujuan di Bekasi.",Diulas 332 minggu lalu
https://www.traveloka.com/id-id/user/review/consumption/HOTEL/GENERAL/3000010022674,12,13,Cukup menyenangkan dan makanan enak.,Diulas 332 minggu lalu
https://www.traveloka.com/id-id/user/review/consumption/HOTEL/GENERAL/3000010022674,12,14,"Saya menikmati menginap disini, proses check-in cepat dan sangat membantu saya dalam melakukan perjalanan bisnis.",Diulas 332 minggu lalu
https://www.traveloka.com/id-id/user/review/consumption/HOTEL/GENERAL/3000010022674,12,15,"Makanannya recommended, banyak dan enak.",Diulas 332 minggu lalu
https://www.traveloka.com/id-id/user/review/consumption/HOTEL/GENERAL/3000010022674,12,16,"Happy banget rasanya, petugasnya kooperatif. Layanan check-in cepat tidak susah tapi secure. Akses ke mal ke hypermart mudah. Strategis pula tempannya.",Diulas 332 minggu lalu
https://www.traveloka.com/id-id/user/review/consumption/HOTEL/GENERAL/3000010022674,12,17,Kamarnya yg superior agak sempit sedikit. AC nya lama dinginnya. agak bau kurang enak. tp kebersihan nya bagus. Sarapannya beragam banyak sekali dan enak. Thankyou,Diulas 332 minggu lalu
https://www.traveloka.com/id-id/user/review/consumption/HOTEL/GENERAL/3000010022674,12,18,Bagus ramah-ramah dan dapat balkon yang pas tahun baru jadi bisa liat kembang api.,Diulas 332 minggu lalu
https://www.traveloka.com/id-id/user/review/consumption/HOTEL/GENERAL/3000010022674,12,19,"Tempatnya bagus dan nyaman, cuma memang aksesnya hanya dari mall, jadi kalau mau masuk hotel naik taksi online drop off nya di mall tidak lagsug lobby hotel hehe. Overall bagus nyaman, menu breakfast juga enak dan beragam.",Diulas 332 minggu lalu
https://www.traveloka.com/id-id/user/review/consumption/HOTEL/GENERAL/3000010022674,12,20,"Interior kamarnya bagus, hotelnya bersih, sarapannya juga banyak pilihan pokoknya puas deh.",Diulas 332 minggu lalu
https://www.traveloka.com/id-id/user/review/consumption/HOTEL/GENERAL/3000010022674,12,21,"Ruangan itu baik, sarapan juga.",Diulas 333 minggu lalu
https://www.traveloka.com/id-id/user/review/consumption/HOTEL/GENERAL/3000010022674,12,22,"Rapi, nyaman bagus, dan exclusive.",Diulas 333 minggu lalu
https://www.traveloka.com/id-id/user/review/consumption/HOTEL/GENERAL/3000010022674,12,23,"Selama Tahun Baru, sarapan buruk ... tidak ada persiapan yang baik, stasiun telur selesai jauh sebelum waktu sarapan berakhir.",Diulas 333 minggu lalu
https://www.traveloka.com/id-id/user/review/consumption/HOTEL/GENERAL/3000010022674,12,24,Makanannya masih sama seperti sebelumnya tapi kemarin seru ada tambahan basoknya.,Diulas 333 minggu lalu
https://www.traveloka.com/id-id/user/review/consumption/HOTEL/GENERAL/3000010022674,12,25,"Letak strategis berada di atas pusat belanja, kamar bersih dan suasana nyaman. Bagus.",Diulas 333 minggu lalu
https://www.traveloka.com/id-id/user/review/consumption/HOTEL/GENERAL/3000010022674,12,26,"check-in jam 14.00 baru dapat kamar jam 15.25, resepsionis kurang ramah, tidak ada fasilitas call car, Sehingga yang tidak bawa kendaraan rada repot nyari kendaraan, Selain itu yang lainnya lumayan bagus untuk hotel bintang. 3. manajernya lumayan sigap mengatasi situasi.",Diulas 333 minggu lalu
https://www.traveloka.com/id-id/user/review/consumption/HOTEL/GENERAL/3000010022674,12,27,"Kecewa! ini kedua kalinya menginap disini, waktu pertama kali saya puas. Tapi yang kedua kalinya saya sangat kecewa. pertama saat check-in, resepsionis mengatakan nanti malam ada dinner dan acara tahun baru, silahkan datang. Tanpa memberi tahu secara rinci. Saat saya datang ke dinner dan acara tahun baru. Ternyata saya harus membayar 200  ribu per orang. Kedua saat saya sangat lapar dan pesan menu makan malam bebek betutu serta iced chocolate pukul 18. 45, hingga pukul 19.15 makanan tidak datang, Saya telfon disuruh nunggu 5 menit, hingga 19.30 pun tak datang, saya telfon, ternyata menu saya tidak tercatat dan disuruh menunggu. Hingga pukul 20.00 saya telfon disuruh menunggu. saya marah dan minta cancel, menu datang saat itu juga dengan alasan sedang ramai. Mengapa menjanjikan di awal dan tidak mengatakan sedang ramai jika benar, segi pelayanan yang buruk. Semoga kedepannya tidak seperti ini lagi!",Diulas 334 minggu lalu
https://www.traveloka.com/id-id/user/review/consumption/HOTEL/GENERAL/3000010022674,12,28,"Nyaman, hanya saja saat ramai sarapan waiting list, housekeeping untuk 2 malam kurang total membersihkan, selebihnya sesuai.",Diulas 334 minggu lalu
https://www.traveloka.com/id-id/user/review/consumption/HOTEL/GENERAL/3000010022674,12,29,"Menyenangkan menginap disini, di luar ekspektasi. Hanya saja makanannya kurang variatif, untuk rasa enak",Diulas 334 minggu lalu
https://www.traveloka.com/id-id/user/review/consumption/HOTEL/GENERAL/3000010022674,12,30,"Saya memilih santika karena ada fasilitas balkon tapi ternyata balkonnya dikunci dan tidak boleh dibuka, mengecewakan.",Diulas 334 minggu lalu
https://www.traveloka.com/id-id/user/review/consumption/HOTEL/GENERAL/3000010022674,12,31,"Kalau bicara pelayanan dan kamar, sangat baik dan sesuai ekspektasi. Kamar bagus, AC dingin WiFi kencang and that little secret spot at the corner, I lovedith, hanya saja saya mendapatkan kamar yang non smoking room. (Saya perokok) dan tidak menyertakan special request untuk kamar non smoking room pada aplikasi. Tidak apa deh walaupun kalau mau sebat-sebat harus turun ke lobby dulu. Yang agak ganggu adalah balkon yang tidak dapat digunakan dan kebetulan saya dapat kamar yang viewnya agak kurang oke. sarapan enak, yang lain-lain oke. Thank you.",Diulas 334 minggu lalu
https://www.traveloka.com/id-id/user/review/consumption/HOTEL/GENERAL/3000010022674,12,32,Staffnya ramah dan pelayanan bagus untuk menu sarapan cukup bervariasi dan kamar kebetulan dapat view yang kurang bagus overal lumayan lah pas menginap di malam tahun baru acaranya bagus dan dapat voucher senangnya 😁 thanks Santika hotel Mega City sukses selalu....,Diulas 334 minggu lalu
https://www.traveloka.com/id-id/user/review/consumption/HOTEL/GENERAL/3000010022674,12,33,"Layanan bagus, kamar bagus, tempat bagus .. sangat nyaman untuk tinggal bersama keluarga ..",Diulas 334 minggu lalu
https://www.traveloka.com/id-id/user/review/consumption/HOTEL/GENERAL/3000010022674,12,34,"Overall good 👍🏻 makanan, fasilitas dll hanya saja wastafel kamar mandi macet saluran airnya, wifi nya kurang bagus, breakfast banyak variasi dan lumayan enak 👍🏻.",Diulas 334 minggu lalu
https://www.traveloka.com/id-id/user/review/consumption/HOTEL/GENERAL/3000010022674,12,35,Recommended banget pokoknya tempat ternyaman yang pernah ada.,Diulas 334 minggu lalu
https://www.traveloka.com/id-id/user/review/consumption/HOTEL/GENERAL/3000010022674,12,36,"Makanan lumayan, kamar bersih, tapi spreinya keliatan tidak diganti ada kotor walopun sedikit.",Diulas 334 minggu lalu
https://www.traveloka.com/id-id/user/review/consumption/HOTEL/GENERAL/3000010022674,12,37,Pelayanannya sangat baik dan kamarnya bagus. Yang paling menyenangkan di bawah ada mal jadi tidak bosan.,Diulas 335 minggu lalu
https://www.traveloka.com/id-id/user/review/consumption/HOTEL/GENERAL/3000010022674,12,38,"Untuk gambar-gambar yang ada di Situs Traveloka tidak sesuai dengan yang sebenarnya. Untuk isi ruangan, viewnya kamarnya dapat pemandangan atap genteng, untuk makanan (breakfast) oke punya dan banyak pilihan menunya.",Diulas 335 minggu lalu
https://www.traveloka.com/id-id/user/review/consumption/HOTEL/GENERAL/3000010022674,12,39,"Hotel bersih, staf baik semua, makanan enak dan beragam. Perjalanan bisnis berikutnya kalau di bekasi pasti ke sini lagi..",Diulas 335 minggu lalu
https://www.traveloka.com/id-id/user/review/consumption/HOTEL/GENERAL/3000010022674,12,40,"Bersih dan nyaman, AC-nya dingin.",Diulas 336 minggu lalu
https://www.traveloka.com/id-id/user/review/consumption/HOTEL/GENERAL/3000010022674,13,1,"Untuk kami yang baru check-out tadi siang hotel shantika sangat recommended overall, akhir tahun mau kembali lagi ke Shantika.",Diulas 336 minggu lalu
https://www.traveloka.com/id-id/user/review/consumption/HOTEL/GENERAL/3000010022674,13,2,"Kamar luas dan bersih. kolam renang juga bagus, hanya makanan saja kurang banyak menun dan rasanya biasa aja.",Diulas 336 minggu lalu
https://www.traveloka.com/id-id/user/review/consumption/HOTEL/GENERAL/3000010022674,13,3,Akses masuk lewat mal susah dicari.,Diulas 336 minggu lalu
https://www.traveloka.com/id-id/user/review/consumption/HOTEL/GENERAL/3000010022674,13,4,"Pengalaman menginap disini sangat nyaman. Lokasi hotel dekat dengan mal jadi bisa jalan-jalan di mal, sarapannya juga banyak pilihan dan juga enak. Staffnya yang ramah-ramah.",Diulas 337 minggu lalu
https://www.traveloka.com/id-id/user/review/consumption/HOTEL/GENERAL/3000010022674,13,5,"Sarapannya lengkap dan enak, bebas parkir, cocok sebagai meeting point, banyak tempat makan, akses ke mal dan xx1.",Diulas 337 minggu lalu
https://www.traveloka.com/id-id/user/review/consumption/HOTEL/GENERAL/3000010022674,13,6,"Kedua kalinya menginap di sini, proses check-in cepat, staffnya ramah-ramah.",Diulas 337 minggu lalu
https://www.traveloka.com/id-id/user/review/consumption/HOTEL/GENERAL/3000010022674,13,7,"Pelayanannya baik, sarapan enak, kamar bersih, suasana nyaman, tempat strategis karena menyatu dengan mal. Sayangnya agak sulit menemukan lokasi lift untuk menuju lobby hotel. Alangkah baiknya jika petunjuk untuk ke lobby hotel ditambah agar dapat menemukan tanpa bertanya. Sinyal WiFi di kamar lemot. Senang bisa menginap di hotel ini, semoga kedepan bisa lebih baik lagi.",Diulas 337 minggu lalu
https://www.traveloka.com/id-id/user/review/consumption/HOTEL/GENERAL/3000010022674,13,8,"Hotelnya tidak sesuai expektasi, pelayan cowo tidak ramah, minta ganti kamar dibilang full padahal masih jam orang check-out, kamar kotor dinding tidak terawat, pesan deluxe tapi jelek, sedikit kecewa tidak seperti biasanya, check in-nya lama pula.",Diulas 337 minggu lalu
https://www.traveloka.com/id-id/user/review/consumption/HOTEL/GENERAL/3000010022674,13,9,Pengalaman hebat menginap di Hotel Santika.,Diulas 337 minggu lalu
https://www.traveloka.com/id-id/user/review/consumption/HOTEL/GENERAL/3000010022674,13,10,Breakfastnya sangat bervariasi.,Diulas 337 minggu lalu
https://www.traveloka.com/id-id/user/review/consumption/HOTEL/GENERAL/3000010022674,13,11,"Kolam renang kurang luas, kamar sempit, AC kurang dingin.",Diulas 338 minggu lalu
https://www.traveloka.com/id-id/user/review/consumption/HOTEL/GENERAL/3000010022674,13,12,"Menyenangkan walaupun AC-nya kurang dingin, overall makasih Traveloka.",Diulas 338 minggu lalu
https://www.traveloka.com/id-id/user/review/consumption/HOTEL/GENERAL/3000010022674,13,13,"Pencahayaannya kurang, sehingga menciptakan kesan menyeramkan di lorong menuju kamar. Dari segi kebersihan, cukup oke, dan stafnya juga ramah. Saya mendapat kamar dengan AC yang tidak dingin, tetapi teknisi langsung memperbaikinya. Dari segi makanan, cukup enak, tetapi pilihannya kurang beragam.",Diulas 338 minggu lalu
https://www.traveloka.com/id-id/user/review/consumption/HOTEL/GENERAL/3000010022674,13,14,"Sarapannya enak, banyak macamnya. Ada kolam renangnya jadi anak-anak senang. Ramah anak karena ada tempat mainnya juga.",Diulas 338 minggu lalu
https://www.traveloka.com/id-id/user/review/consumption/HOTEL/GENERAL/3000010022674,13,15,Nyaman dan dekat dengan jalan raya.,Diulas 338 minggu lalu
https://www.traveloka.com/id-id/user/review/consumption/HOTEL/GENERAL/3000010022674,13,16,"Saya tidak diberikan parkir gratis sehingga harus bayar tunai seharga 22 jam parkir. Saat saya balik lagi untuk komplain, hanya dapat permintaan maaf saja dan parkir gratis saat saya balik lagi untuk komplain yg hanya parkir 15 menit saja. Tanpa ada inisiatif memberikan uang ganti atau voucher menginap. Akhirnya saya minta sendiri voucher menginap, tapi tetep kena syarat dan ketentuan yg berlaku tanpa kecuali. Paraaah abis.. Padahal tahun depan saya berencana mau mengadakan seminar di hotel tersebut, gara gara kasus kemaren saya batalkan, cari hotel lain saja. 👎",Diulas 338 minggu lalu
https://www.traveloka.com/id-id/user/review/consumption/HOTEL/GENERAL/3000010022674,13,17,"Air panas di kamar mandi tidak berfungsi, sudah dibayar dan memesan untuk perpanjangan check out tetapi masih mengetuk oleh layanan kamar karena kurangnya koordinasi dengan staf kantor depan. Jika tidak, makanannya enak, ada begitu banyak pilihan menu dari sarapan. Bukan layanan khas Santika tapi mungkin bisa lebih baik di masa depan.",Diulas 338 minggu lalu
https://www.traveloka.com/id-id/user/review/consumption/HOTEL/GENERAL/3000010022674,13,18,"Kamar dan toilet bersih, breakfast menunya sangat banyak dan enak.",Diulas 338 minggu lalu
https://www.traveloka.com/id-id/user/review/consumption/HOTEL/GENERAL/3000010022674,13,19,"Makanannya tidak enak, semuanya hambar dan tidak lezat.",Diulas 338 minggu lalu
https://www.traveloka.com/id-id/user/review/consumption/HOTEL/GENERAL/3000010022674,13,20,"Tidak bersih, AC kurang dingin, terlalu sempit.",Diulas 339 minggu lalu
https://www.traveloka.com/id-id/user/review/consumption/HOTEL/GENERAL/3000010022674,13,21,hotel yang bagus untuk menginap selama liburan di indonesia,Diulas 339 minggu lalu
https://www.traveloka.com/id-id/user/review/consumption/HOTEL/GENERAL/3000010022674,13,22,"Lokasi hotel masuk mal dan jauh naik ke atas, tidak bisa naik gojek, harus gocar.",Diulas 339 minggu lalu
https://www.traveloka.com/id-id/user/review/consumption/HOTEL/GENERAL/3000010022674,13,23,"Pelayanan cukup bagus, kamarnya bersih, lokasi strategis dekat pintu tol. Posisi hotel ada di atas mal di lantai.",Diulas 339 minggu lalu
https://www.traveloka.com/id-id/user/review/consumption/HOTEL/GENERAL/3000010022674,13,24,"Petugas resepsionis tidak memberikan informasi detail kepada pelanggan, dia tidak tersenyum dan makanannya tidak enak",Diulas 339 minggu lalu
https://www.traveloka.com/id-id/user/review/consumption/HOTEL/GENERAL/3000010022674,13,25,"Menginap disini menyenangkan. Proses check-in cepat, dilayani oleh staf front office yang ramah. kamar luas, bersih tapi AC kurang dingin. Fasilitas toilet lengkap, kloset duduk, wastafel, dan air panas. Ada fasilitas pemanas air minum juga. breakfastnya enak, pilihan menunya banyak dan ganti-ganti tiap hari. overall puas menginap disini. Letak hotel yang ada di atas pusat perbelanjaan sangat memudahkan kalau mau cari makan di luar/membeli sesuatu.",Diulas 339 minggu lalu
https://www.traveloka.com/id-id/user/review/consumption/HOTEL/GENERAL/3000010022674,13,26,"Seluruh petugas ramah dan sangat membantu, kamar sangat bersih dan nyaman, lokasinya paling mantap karena satu lokasi dengan mal, Makanannya juga enak dan bervariasi. Pokoknya the best banget kalau menginap di Bekasi akan menginap di sini terus pokoknya.",Diulas 339 minggu lalu
https://www.traveloka.com/id-id/user/review/consumption/HOTEL/GENERAL/3000010022674,13,27,"baru pertama nginep di santika mega, karna biasanya cekin di santika harapan indah pas kebetulan di sana full,, sampe sana di sambut staff reseps nya laki2 yang kurang ramah, ga di infokan akses kamar nya jadi bingung ternyata lift hotel ada di belakang, di bikin muter2 pas turun baru di jelasin, kamar nya bersih, cuman kurang luas ga kaya santika lain, selimut nya ga tau bahan apa gaenak di pake berisik kresek kresek ga kaya hotel biasanya, pintu balkon ga boleh di buka. ga guna juga dong ada balkon nya, breakfast rasa standart, menu Standart, pool nya ga bgitu luas, dab cenderung bahaya sih karna posisi tingkat naik tangga gitu, dan ga ada kulkas nya dong, ga setara sama harga, closet juga kurang nyaman, kamar mandi transparant keliatan dr kamar ga nyaman, ga di info juga parkiran nya tau2 di bawah di tagih biaya parkir 83rb 😂 enak nya cuman akses ke mall giant mega deket bgt nyari makan enak ga perlu jauh2",Diulas 339 minggu lalu
https://www.traveloka.com/id-id/user/review/consumption/HOTEL/GENERAL/3000010022674,13,28,"Lokasi hotel dan kamar hotel menyenangkan, tetapi proses check-in oleh dua petugas FO laki-laki berproses cukup lama, karena mereka sambil handling complain by phone dan memberikan informasi lewat telpon.",Diulas 340 minggu lalu
https://www.traveloka.com/id-id/user/review/consumption/HOTEL/GENERAL/3000010022674,13,29,"AC tidak dingin, kamar kecil dan kebersihan kurang.",Diulas 340 minggu lalu
https://www.traveloka.com/id-id/user/review/consumption/HOTEL/GENERAL/3000010022674,13,30,"Semua staf sangat ramah, kamar nyaman dan oke. Yang luar biasa adalah breakfast-nya, makanannya banyak pilihan. Dari makanan tradisional dan makanan lain-lainnya tersedia. Jadi bingung mau makan apa, rasanya juga enak-enak. Keren deh pokoknya dengan ukuran hotel bintang 3.",Diulas 340 minggu lalu
https://www.traveloka.com/id-id/user/review/consumption/HOTEL/GENERAL/3000010022674,13,31,"Pertama kali nginep di sini kesan pertama yang saya dapat receptionist staff ramah, maid staff ramah menyapa saya duluan, dan yang terpenting setiap saya nginep hotel adalah makanannya. Hotel bagus kalau makanannya gak enak zonk bagi saya. Menurut saya makanan di hotel ini luar biasa enak, highly recommended. Kekurangan dari hotel ini berisik saya bisa dengar gemuruh suara bioskop dan fasilitas wifi tidak bisa dipakai sayang sekali tidak ada kejelasan dan kompensasi dari pihak hotel mengenai ini.",Diulas 340 minggu lalu
https://www.traveloka.com/id-id/user/review/consumption/HOTEL/GENERAL/3000010022674,13,32,"Kamarnya bersih, nyaman buat family. Sarapannya lumayan bervariasi, hanya rasanya perlu ditingkatkan.",Diulas 340 minggu lalu
https://www.traveloka.com/id-id/user/review/consumption/HOTEL/GENERAL/3000010022674,13,33,"Hotelnya bagus, pelayannya ramah-ramah, makanannya lumayan enak. Tapi fasilitas kamar mandi sangat buruk dan tanggapan dari bagian pengurus kamar kurang memuaskan.",Diulas 341 minggu lalu
https://www.traveloka.com/id-id/user/review/consumption/HOTEL/GENERAL/3000010022674,13,34,Mati lampu jam 23.00 karena lampu depan kamar konslet.,Diulas 341 minggu lalu
https://www.traveloka.com/id-id/user/review/consumption/HOTEL/GENERAL/3000010022674,13,35,terlalu susah untuk mengakses keluar masuk nya bila tidak bawa kendaraan,Diulas 341 minggu lalu
https://www.traveloka.com/id-id/user/review/consumption/HOTEL/GENERAL/3000010022674,13,36,"Kamar bersih, pelayanannya sangat baik.",Diulas 341 minggu lalu
https://www.traveloka.com/id-id/user/review/consumption/HOTEL/GENERAL/3000010022674,13,37,Layanan terbaik! Kualitas luar biasa👍🏽,Diulas 341 minggu lalu
https://www.traveloka.com/id-id/user/review/consumption/HOTEL/GENERAL/3000010022674,13,38,"Hotel nyaman, hanya kamar tidak ada balkonnya.",Diulas 341 minggu lalu
https://www.traveloka.com/id-id/user/review/consumption/HOTEL/GENERAL/3000010022674,13,39,"Ada perbaikan di lantai atas, dan sangat menggangu pengerjaanya di malam hari, sudah ditelpon namun respon lama membuat anak susah tidur, makanan lumayan oke, staf kurang senyum, security kurang tanggap, kolam renang oke, ditingkatkan lagi pelayanannya..",Diulas 341 minggu lalu
https://www.traveloka.com/id-id/user/review/consumption/HOTEL/GENERAL/3000010022674,13,40,"Hotel sesuai yang diharapkan. Karena menyatu dengan mal jadi lebih banyak pilihan makanan, kamarnya bersih. Cuma kasur agak sedikit keras kamar mandi oke, staff-nya ramah-ramah, breakfast enak. lumayan banyak pilihan.",Diulas 341 minggu lalu
https://www.traveloka.com/id-id/user/review/consumption/HOTEL/GENERAL/3000010022674,14,1,"Tempatnya menyenangkan, hanya saat saya booking, saya pesan kamar no smoking, Tapi ternyata saat saya check-in kamar no smoking sudah penuh.",Diulas 341 minggu lalu
https://www.traveloka.com/id-id/user/review/consumption/HOTEL/GENERAL/3000010022674,14,2,"Akomodoasi sesuai dengan yang ditampilkan, makan enak, bersih, hanya anda harus mengingatkan kembali pesanan anda dengan resepsionis, jgn salah",Diulas 341 minggu lalu
https://www.traveloka.com/id-id/user/review/consumption/HOTEL/GENERAL/3000010022674,14,3,"AC panas benar-benar tidak nyaman, baru kali ini menginap di santika tapi tidak nyaman😑😑 Breakfast ketika banyak makanan kosong eh malah lama banget refillnya.",Diulas 341 minggu lalu
https://www.traveloka.com/id-id/user/review/consumption/HOTEL/GENERAL/3000010022674,14,4,"Variasi sarapan cukup baik, sekaligus rasanya juga oke. Untuk kebersihan kamar nilainya 4.5 tembok berdebu ada kotoran cecak di sudut meja. Semoga bisa lebih ditingkatkan lagi kebersihannya. Sukses!",Diulas 341 minggu lalu
https://www.traveloka.com/id-id/user/review/consumption/HOTEL/GENERAL/3000010022674,14,5,Kamarnya bersih dan pelayanannya ramah serta harganya terjangkau.,Diulas 342 minggu lalu
https://www.traveloka.com/id-id/user/review/consumption/HOTEL/GENERAL/3000010022674,14,6,"Staf di tempat parkir kurang tanggap. Saya membawa bayi dan anak kecil. Tapi saya harus parkir di tempat yang lebih jauh, sedangkan mobil pas di belakang saya bisa parkir di sebelah hotel.",Diulas 342 minggu lalu
https://www.traveloka.com/id-id/user/review/consumption/HOTEL/GENERAL/3000010022674,14,7,"Pelayanannya sangat lama, wifinya juga lemot.",Diulas 342 minggu lalu
https://www.traveloka.com/id-id/user/review/consumption/HOTEL/GENERAL/3000010022674,14,8,"Menyenangkan, anak-anak hanya ingin berenang jadi kolam renangnya di tambah waktu bukanya, makanannya enak ditambah lagi jenis makanannya, untuk pembuangan air kamar mandi agak lama.",Diulas 342 minggu lalu
https://www.traveloka.com/id-id/user/review/consumption/HOTEL/GENERAL/3000010022674,14,9,"Kamar tidak ada kulkas, WiFi di kamar cuma bisa buat 1 hp saja",Diulas 343 minggu lalu
https://www.traveloka.com/id-id/user/review/consumption/HOTEL/GENERAL/3000010022674,14,10,"Keren, ramah, nyaman, dan recommended buat baby moon disini.",Diulas 343 minggu lalu
https://www.traveloka.com/id-id/user/review/consumption/HOTEL/GENERAL/3000010022674,14,11,Sangat nyaman sekali.,Diulas 343 minggu lalu
https://www.traveloka.com/id-id/user/review/consumption/HOTEL/GENERAL/3000010022674,14,12,Cukup nyaman lebih enak lg kl ditambah lampu biar semakin terang.,Diulas 343 minggu lalu
https://www.traveloka.com/id-id/user/review/consumption/HOTEL/GENERAL/3000010022674,14,13,"Tempat luas, bersih dan nyaman. Jadi satu dengan giant yang banyak kulinernya, jadi tidak perlu jauh-jauh kalau mau kuliner.",Diulas 343 minggu lalu
https://www.traveloka.com/id-id/user/review/consumption/HOTEL/GENERAL/3000010022674,14,14,"Hotel ini baik-baik saja meskipun ac tidak dingin secara keseluruhan kamar ok untuk kebersihan juga ok, meskipun saya agak terkejut karena getaran semalam, rupanya di sebelah saya bioskop XXI! Saya di sini karena saya ingin mengadakan acara (haul) untuk ayah saya yang sudah meninggal, dan yang cukup baik tinggal di sini, saya juga suka tinggal di hotel jadi bagi saya itu cukup bagus",Diulas 343 minggu lalu
https://www.traveloka.com/id-id/user/review/consumption/HOTEL/GENERAL/3000010022674,14,15,"Respon refill saat breakfast terlalu lama, hanya bilang tunggu sebentar ya tapi tidak direfill, dan yang membuat telur juga sangat lama. Dan sisanya cukup memuaskan.",Diulas 344 minggu lalu
https://www.traveloka.com/id-id/user/review/consumption/HOTEL/GENERAL/3000010022674,14,16,"Wifi tidak stabil. Selain itu, kamar kami di 656 berisik karena dekat dengan generator listrik. Tapi, saya suka tempat tersembunyi di dekat jendela. Sangat nyaman",Diulas 344 minggu lalu
https://www.traveloka.com/id-id/user/review/consumption/HOTEL/GENERAL/3000010022674,14,17,AC-nya kurang dingin.,Diulas 344 minggu lalu
https://www.traveloka.com/id-id/user/review/consumption/HOTEL/GENERAL/3000010022674,14,18,"Hotel berada di lingkungan mal. Mudah untuk cari makan dan hiburan. masakan beraneka macam dan enak, kamar bersih dan kasurnya nyaman. namun sayang, dari beberapa kali inap di sini, agak kecewa tidak dapat kamar sesuai pesanan.",Diulas 345 minggu lalu
https://www.traveloka.com/id-id/user/review/consumption/HOTEL/GENERAL/3000010022674,14,19,"Parkir sempit, sarapan kurang nyaman.",Diulas 345 minggu lalu
https://www.traveloka.com/id-id/user/review/consumption/HOTEL/GENERAL/3000010022674,14,20,"Terlalu berisik, suara dari lorong atau dari kamar di samping terlalu bocor dan sangat mengganggu. Kamar 907 sangat sempit.",Diulas 345 minggu lalu
https://www.traveloka.com/id-id/user/review/consumption/HOTEL/GENERAL/3000010022674,14,21,"Saya datang pukul 14. 05 untuk check-in, dan saya harus menunggu s/d 14.30 karena sedang pengeringan kamar mandi. Pukul 10 pagi pihak hotel menelpon agar bersiap untuk check-out jam 12.00. Apa utk membersihkan 1 kamar di butuhkan wktu selama itu dr jam 12.00 s/d 14.30 ? Dan kamar yang kami dapat berbeda dgn apa yg di gambarkan pd website. Terima kasih.",Diulas 345 minggu lalu
https://www.traveloka.com/id-id/user/review/consumption/HOTEL/GENERAL/3000010022674,14,22,Hotelnya bersih kamarnya juga bersih makanannya enak cuma kudu ada pengering rambut sepertinya kasihan anak-anakku yang berhijab kalau mandi nunggu kering.,Diulas 346 minggu lalu
https://www.traveloka.com/id-id/user/review/consumption/HOTEL/GENERAL/3000010022674,14,23,"Unfortunatel, saya dapat kamar yang kurang memuaskan karena kamar sebelah berisik sekali dan suaranya tembus sampai ke kamar saya, Sangat mengganggu waktu istirahat, sarapannya juga buruk, beberapa protein hewannya basi, sepertinya sudah busuk sebelum dimasak.",Diulas 347 minggu lalu
https://www.traveloka.com/id-id/user/review/consumption/HOTEL/GENERAL/3000010022674,14,24,"WiFi jelek hilang-hilangkan terus akses ke WiFi juga susah, sinyal data seluler pun jelek di kamar tapi untuk keseluruhan kamar oke-oke saja.",Diulas 347 minggu lalu
https://www.traveloka.com/id-id/user/review/consumption/HOTEL/GENERAL/3000010022674,14,25,"Tempatnya strategis, nyaman, pelayanan ramah, pokoknya top lah.",Diulas 347 minggu lalu
https://www.traveloka.com/id-id/user/review/consumption/HOTEL/GENERAL/3000010022674,14,26,"Meskipun saat check-in agak lama, mana saya masih pakai gaun pengantin, tapi saya maklumin, kamarnya lumayan, standar, rapi dan bersih. Makanan breakfast-nya beragam, enak-enak juga. Overall my first night as newlyweds well spent here.",Diulas 348 minggu lalu
https://www.traveloka.com/id-id/user/review/consumption/HOTEL/GENERAL/3000010022674,14,27,Terbaik di kelasnya 😘 sudah ke 6 kali menginap di hotel ini.,Diulas 348 minggu lalu
https://www.traveloka.com/id-id/user/review/consumption/HOTEL/GENERAL/3000010022674,14,28,"Parkiran yang kecil, customer mendapatkan parkiran yang jauh dari hotel.",Diulas 348 minggu lalu
https://www.traveloka.com/id-id/user/review/consumption/HOTEL/GENERAL/3000010022674,14,29,"Tidak ada yang istimewa, tapi puas secara keseluruhan",Diulas 348 minggu lalu
https://www.traveloka.com/id-id/user/review/consumption/HOTEL/GENERAL/3000010022674,14,30,Bersih dan nyaman. Tempatnya strategis.,Diulas 348 minggu lalu
https://www.traveloka.com/id-id/user/review/consumption/HOTEL/GENERAL/3000010022674,14,31,Nyaman dan mudah mencari makanan.,Diulas 348 minggu lalu
https://www.traveloka.com/id-id/user/review/consumption/HOTEL/GENERAL/3000010022674,14,32,"kamar sesuai dengan foto, menu banyak dan bervariasi, cocok tuk keluarga. kolam renang bersih",Diulas 349 minggu lalu
https://www.traveloka.com/id-id/user/review/consumption/HOTEL/GENERAL/3000010022674,14,33,"Dengan harga segitu agak kurang worth it sebenarnya, WiFi yang kurang kencang malah sering mati, Ribet karena kodenya harus lewat otp no hp yang di daftarkan, lokasi hotel yang ada di atas mal jadi agak susah kalau mau keluar harus turun dlu lewat mal, Dan bangunan yang sudah agak usang sih, untuk sarapan lumayan lah.",Diulas 349 minggu lalu
https://www.traveloka.com/id-id/user/review/consumption/HOTEL/GENERAL/3000010022674,14,34,"Hotel terbaik di tempatnya, tepatnya di tengah kota, tetapi pada awalnya saya agak bingung karena lobi ada di lantai 5 Mega City Mall jadi saya harus meminta keamanan mal untuk mencari tahu 😅",Diulas 350 minggu lalu
https://www.traveloka.com/id-id/user/review/consumption/HOTEL/GENERAL/3000010022674,14,35,"tidak bisa masuk ke wi fi. dijanjikan kode OTP yang dikirim ke Ponsel melalui SMS. tidak pernah mencapai telepon saya. Disuruh menggunakan kata sandi lain. selalu ditolak oleh sistem. Lalu sampai lelah bahkan mencoba. Sarapan tidak seperti biasanya di bawah standar Santika, saya telah di Santika Jogja, Santika Bali, sarapan jauh lebih baik. dan kopinya juga tidak enak. Akan mencari opsi lain jika saya mengunjungi Bekasi.",Diulas 350 minggu lalu
https://www.traveloka.com/id-id/user/review/consumption/HOTEL/GENERAL/3000010022674,14,36,"Awalnya dapat kamar yang AC-nya tidak dingin, tapi pihak hotel sangat cepat meresponnya, dan akhirnya dipindah kamar yang tidak ada masalah. Makanan komplet dari tradisional sampai modern food, makasih.",Diulas 350 minggu lalu
https://www.traveloka.com/id-id/user/review/consumption/HOTEL/GENERAL/3000010022674,14,37,Air panas tidak berfungsi dan juga kebersihan kamar perlu ditingkatkan parfume ruangan juga perlu.,Diulas 351 minggu lalu
https://www.traveloka.com/id-id/user/review/consumption/HOTEL/GENERAL/3000010022674,14,38,Breakfastnya tidak pernah ngecewain. Fasilitas juga oke. Tapi sayang kamarnya lebih nyaman yang non smoking. Kamar yang smoking room tidak nyaman.,Diulas 351 minggu lalu
https://www.traveloka.com/id-id/user/review/consumption/HOTEL/GENERAL/3000010022674,14,39,Itu tolong dong sanggahan buat handuk jangan sampai lepas2. Pakunya tolong dikencangkan. Bikin orang kaget saja. Bantalnya terlalu keras,Diulas 351 minggu lalu
https://www.traveloka.com/id-id/user/review/consumption/HOTEL/GENERAL/3000010022674,14,40,Minimnya informasi akses menuju ke lokasi hotel via mal. Sehingga cukup menyulitkan. Hal ini akan menjadi kesulitan tersendiri bagi tamu hotel dari luar kota.,Diulas 352 minggu lalu
https://www.traveloka.com/id-id/user/review/consumption/HOTEL/GENERAL/3000010022674,15,1,hotel diatas malll. tapi perlu dijaga kebersihann hotel nya,Diulas 353 minggu lalu
https://www.traveloka.com/id-id/user/review/consumption/HOTEL/GENERAL/3000010022674,15,2,"Sempat bingung menuju lobby hotel. Artinya perlu petunjuk yg lebih banyak. Kasurnya nyaman, viewnya hanya dinding",Diulas 353 minggu lalu
https://www.traveloka.com/id-id/user/review/consumption/HOTEL/GENERAL/3000010022674,15,3,Kurang nyaman untuk 2 tamu karena kartu/kunci kamar hanya 1. Untuk tambahan dikenakan deposit...,Diulas 353 minggu lalu
https://www.traveloka.com/id-id/user/review/consumption/HOTEL/GENERAL/3000010022674,15,4,Menyenangkan dan AC suer dingin.,Diulas 353 minggu lalu
https://www.traveloka.com/id-id/user/review/consumption/HOTEL/GENERAL/3000010022674,15,5,"Kamarnya agak sempit, dan ada celah lobang pintu tidak rapat untuk kamar 915 jadi terdengar suara dari luar ke dalam ataupun sebaliknya, Tapi cukup nyaman dapat di lantai. 9. Karena AC-nya juga dingin, tidak sesuai review sebelumnya. Ada fasilitas gym dan poolnya dan ada staf yang incharge jadi tidak susah kalau mau minta towel. Sarapannya juga variatif menunya.",Diulas 353 minggu lalu
https://www.traveloka.com/id-id/user/review/consumption/HOTEL/GENERAL/3000010022674,15,6,"Oke deh pokoknya, pelayanan bagus.",Diulas 354 minggu lalu
https://www.traveloka.com/id-id/user/review/consumption/HOTEL/GENERAL/3000010022674,15,7,"Selalu suka menginap di santika soalnya selalu nyaman saja kalau menginap di setiap hotel santika tapi tidak gatau kenapa yang di mega bekasi ini beda banget sama santika-santika yang lain. Dari mulai AC kamar yang tidak dingin, kamar mandinya juga tidak bersih dan di bagian kaca kamar mandi keluar air dari bawah jadi agak becek ke kamar tidur. Terus servicenya juga kurang banget. Mohon di tingkatkan lagi ya.",Diulas 354 minggu lalu
https://www.traveloka.com/id-id/user/review/consumption/HOTEL/GENERAL/3000010022674,15,8,"Kamarnya kecil tapi sangat rapi, toilettries lengkap. Ada tempat untuk bersantai di luar, cozy banget. Saluran air sangat lama sehingga air tergenang. Overall oke karena hotel cuma untuk istirahat saja, makanan lengkap, rasanya juga lumayan.",Diulas 354 minggu lalu
https://www.traveloka.com/id-id/user/review/consumption/HOTEL/GENERAL/3000010022674,15,9,"Super mudah check-in dan check-out, harga wajar dan kamar bersih yang bagus",Diulas 354 minggu lalu
https://www.traveloka.com/id-id/user/review/consumption/HOTEL/GENERAL/3000010022674,15,10,"Air panas tidak menyala, sudah complaint tapi tidak di respon, sampai saya check-out.",Diulas 355 minggu lalu
https://www.traveloka.com/id-id/user/review/consumption/HOTEL/GENERAL/3000010022674,15,11,"Bersih, ramah, sopan, makanan enak, lokasi mantap.",Diulas 355 minggu lalu
https://www.traveloka.com/id-id/user/review/consumption/HOTEL/GENERAL/3000010022674,15,12,"Nyaman, bersih, pelayanan bagus, makanan banyak variasi.",Diulas 355 minggu lalu
https://www.traveloka.com/id-id/user/review/consumption/HOTEL/GENERAL/3000010022674,15,13,"Akses susah, proses check-in lama, kamar berdebu, makanan lumayan, mohon ditingkatkan.",Diulas 355 minggu lalu
https://www.traveloka.com/id-id/user/review/consumption/HOTEL/GENERAL/3000010022674,15,14,AC kamar tidak dingin. Kamar sempit sekali. WiFi tidak ditawarkan langsug saat check-in. Parkir mobil sedikit dan gabung sama pengunjung mal. Tapi untungnya menu sarapannya enak-enak dan variasi jadi tertolong.,Diulas 355 minggu lalu
https://www.traveloka.com/id-id/user/review/consumption/HOTEL/GENERAL/3000010022674,15,15,"Sarapannya enak, banyak pilihan kalau bisa resepsionis yang pas jaga malam ditambah. kadang keteteran kasian. selebihnya semua sudah oke.",Diulas 355 minggu lalu
https://www.traveloka.com/id-id/user/review/consumption/HOTEL/GENERAL/3000010022674,15,16,"Akomodasi sesuai harga, recommended.",Diulas 356 minggu lalu
https://www.traveloka.com/id-id/user/review/consumption/HOTEL/GENERAL/3000010022674,15,17,"Hotel bersih, rasa makanan standar sesuai harga, kolam renang kecil, pelayanan baik dan ramah, hotel dilokasi strategis dekat kemana-mana.",Diulas 356 minggu lalu
https://www.traveloka.com/id-id/user/review/consumption/HOTEL/GENERAL/3000010022674,15,18,"Dekat mal, banyak tempat belanja dan entertaiment, tapi sayang kita bukan liburan.",Diulas 356 minggu lalu
https://www.traveloka.com/id-id/user/review/consumption/HOTEL/GENERAL/3000010022674,15,19,"Kamarnya perlu di cat ulang, breakfast masakan indonesia lumayan.",Diulas 356 minggu lalu
https://www.traveloka.com/id-id/user/review/consumption/HOTEL/GENERAL/3000010022674,15,20,"Breakfastnya enak-enak, karyawannya ramah, lokasi mudah dijangkau.",Diulas 356 minggu lalu
https://www.traveloka.com/id-id/user/review/consumption/HOTEL/GENERAL/3000010022674,15,21,"Mantap, bagus hotelnya dekat dengan banyak mal di Bekasi.",Diulas 357 minggu lalu
https://www.traveloka.com/id-id/user/review/consumption/HOTEL/GENERAL/3000010022674,15,22,"Harga sesuai dengan hotel, kamar besar dan bersih, makanan standar untuk rasa, dan kolam renang kecil. Akses hotel sangat dekat kemana-mana.",Diulas 357 minggu lalu
https://www.traveloka.com/id-id/user/review/consumption/HOTEL/GENERAL/3000010022674,15,23,Kamarnya biasa saja. Tidak ada kulkas bahkan. Dissapointed. Luas sih memang tapi isinya standard banget dan terasa kosong. Lemari pakaian tidak ada pintunya terbuka begitu saja. Sarapan tidak banyak pilihan dan rasanya biasa banget.,Diulas 357 minggu lalu
https://www.traveloka.com/id-id/user/review/consumption/HOTEL/GENERAL/3000010022674,15,24,"Hotel bagus, pelayannya ramah, kamar superior luas, di bawah hotel ada mal, lokasi strategis.",Diulas 357 minggu lalu
https://www.traveloka.com/id-id/user/review/consumption/HOTEL/GENERAL/3000010022674,15,25,cukup baik dan ramah pelayanan,Diulas 357 minggu lalu
https://www.traveloka.com/id-id/user/review/consumption/HOTEL/GENERAL/3000010022674,15,26,"Kamarnya bersih, nyaman, sarapan paginya lumayan lengkap dan enak. Mungkin yang perlu diperhatikan tanda masuk hotel yang kurang besar dan jelas dari awal masuk mal, selebihnya sudah oke!",Diulas 357 minggu lalu
https://www.traveloka.com/id-id/user/review/consumption/HOTEL/GENERAL/3000010022674,15,27,Hal terbaik tentang hotel ini adalah tepat di samping bioskop. Baik untuk melarikan diri dari bisnis sehari-hari Anda.,Diulas 358 minggu lalu
https://www.traveloka.com/id-id/user/review/consumption/HOTEL/GENERAL/3000010022674,15,28,"Kami memiliki tinggal yang indah di hotel santika. Kamar bersih, tempat tidur super nyaman, sarapan memiliki banyak variasi makanan.",Diulas 358 minggu lalu
https://www.traveloka.com/id-id/user/review/consumption/HOTEL/GENERAL/3000010022674,15,29,Pelayanannya oke banget. Makananya enak banget aksesnya strategis. Dekat sama XXI jadi tidak jenuh. Setiap malam minggu live music.,Diulas 358 minggu lalu
https://www.traveloka.com/id-id/user/review/consumption/HOTEL/GENERAL/3000010022674,15,30,"Lokasi hotel strategis ada di atas mal sehingga gampang belanja, kuliner dan nonton XXI, staf ramah, sarapan banyak variasinya, kamar bersih dan nyaman.",Diulas 358 minggu lalu
https://www.traveloka.com/id-id/user/review/consumption/HOTEL/GENERAL/3000010022674,15,31,Hotelnya berada di atas mal bekasi. Mudah untuk cari makan.,Diulas 359 minggu lalu
https://www.traveloka.com/id-id/user/review/consumption/HOTEL/GENERAL/3000010022674,15,32,"Sangat recommended. Makanan dan pelayanannya. Hanya kecil untuk kolam renangnya, yang lainnya oke.",Diulas 359 minggu lalu
https://www.traveloka.com/id-id/user/review/consumption/HOTEL/GENERAL/3000010022674,15,33,"Letaknya strategis, berada di atas Mall, kamar premier luas namun tidak ada kulkas, wifi kenceng, sarapan berbayar bila lebih dari 2 orang (anak umur 4 s.d 10 tahun Rp.50.000,-/anak dan lebih dari 10 tahun Rp.100.000,-/orang) proses cek in agak lama tapi dapat dimaklumi karena banyak sekali tamu yang datang, ada ruang kecil untuk bermain anak, kolam renang dan ruang olahraga sederhana di dekat kolam renang.",Diulas 359 minggu lalu
https://www.traveloka.com/id-id/user/review/consumption/HOTEL/GENERAL/3000010022674,15,34,Waktu check-in menunggu sangat lama.,Diulas 359 minggu lalu
https://www.traveloka.com/id-id/user/review/consumption/HOTEL/GENERAL/3000010022674,15,35,"Hari pertama di hotel ini kesannya cukup enak. Kebetulan karena type kamar yang kami pesan habis, kamar kami diupdgrade ke type deluxe. Pertama kali masuk kamar memang berasa AC kurang dingin (sesuai ulasan review dari orang-orang). Karena sudah cukup malam kami malas komplain dan biarkan saja, syukurlah tambah malam tambah dingin, letak hotel di pusat kota, dekat dengan stasiun, lobby-nya di lantai 5 mega mal giant, pelayanan ramah, security ramah, makanan cukup lah variannya. Butuh kebutuhan apa apa tinggal turun ada Giant, ATM dan lain-lain lengkap. Dan akhirnya kita memutuskan extend lagi. Dan tetap di kamar yang sama, sangat menghargai kebijakan dari hotel. Terima kasih, recommended deh ini hotel.",Diulas 359 minggu lalu
https://www.traveloka.com/id-id/user/review/consumption/HOTEL/GENERAL/3000010022674,15,36,"Nyaman untuk anak-anak, kamar bersih, fasilitas oke, kolam renang bersih, pelayanan baik dan ramah, makanan enak dan variatif, recommended👍",Diulas 359 minggu lalu
https://www.traveloka.com/id-id/user/review/consumption/HOTEL/GENERAL/3000010022674,15,37,"Untuk check-in saja menunggunya lama banget padahal sudah pesan lewat agen online, komputer receptionistnya cuma dua jadinya antri lama, WiFi di kamar kurang lancar, kurang nyaman sering ada suara teriakan anak kecil dari luar sepertinya kamarnya tidak kedap suara. Untuk rasa sarapannya enak tapi staffnya lambat untuk menambah makanan yang habis dan lama untuk membersihkan meja-meja yang kotor untuk makan. Kolam renang kecil jika dipakai satu/dua keluarga sudah penuh.",Diulas 359 minggu lalu
https://www.traveloka.com/id-id/user/review/consumption/HOTEL/GENERAL/3000010022674,15,38,"Parkirannya dekat lobi penuh. Otomatis harus parkir di mal. Penuh juga. Not recommended lah. Kapok sejuta persen. Kolam renangnya kotor tak terawat. Sudah lagi kesana. Merusak suasana liburan, kalau makanan oke lah. Sarapannya enak. Kamar standar mirip gaya gaya anak kostan.",Diulas 359 minggu lalu
https://www.traveloka.com/id-id/user/review/consumption/HOTEL/GENERAL/3000010022674,15,39,"AC kamar kurang dingin padahal sudah paling rendah, ada celah di pintu antara kamar dengan balkon sehingga suara kipas AC terdengar bising, breakfast enak dan variasi menunya banyak, pelayanan room servis cepat dan staf ramah.",Diulas 359 minggu lalu
https://www.traveloka.com/id-id/user/review/consumption/HOTEL/GENERAL/3000010022674,15,40,"AC-nya kurang dingin, selimutnya agak kuning. Selain itu bagus semua.",Diulas 359 minggu lalu
https://www.traveloka.com/id-id/user/review/consumption/HOTEL/GENERAL/3000010022674,16,1,"Hotel nyaman, bersih, pelayanan cepat dan ramah.",Diulas 359 minggu lalu
https://www.traveloka.com/id-id/user/review/consumption/HOTEL/GENERAL/3000010022674,16,2,"Memilih Hotel Santika di Mega Bekasi sebetulnya karena berada diatas mall jadi bisa sekalian jalan-jalan di mall tsb. Tetapi lahan parkir yang disediakan oleh hotel sangat-sangat terbatas sehingga harus bergabung dgn Mall jadi harus masuk ke dalam mall dulu bila akan menuju lift untuk ke hotel plus susah ya dapet parkir di gedung parkiran mallnya. Breakfastnya lumayan, hanya saja pada saat ramai, refill makanannya lama. Terima kasih untuk up grade kamar yg saya pesan, tapi acnya hanya sepoi-sepoi saja tidak dingin",Diulas 360 minggu lalu
https://www.traveloka.com/id-id/user/review/consumption/HOTEL/GENERAL/3000010022674,16,3,"Pelayanan baik, check-in cepat, sayang sekali parkir bayar, padahal fo-nya beliga hanya tunjukan karcis parkir, ternyata bayar. Bayar 74 ribu cuma untuk parkir saja, kecewa.",Diulas 360 minggu lalu
https://www.traveloka.com/id-id/user/review/consumption/HOTEL/GENERAL/3000010022674,16,4,"Ruangan di luar kamar terasa panas banget, pengap, karena AC tidak dinyalain 1 pun. Lift kotor tidak ada petugas cleaning servis yang membersihkan. untuk sekelas santika, dengan harga segitu, tidak banget deh. tidak recommended.",Diulas 360 minggu lalu
https://www.traveloka.com/id-id/user/review/consumption/HOTEL/GENERAL/3000010022674,16,5,Hotel berada di lantai 5 dan sangat berada di belakang.,Diulas 360 minggu lalu
https://www.traveloka.com/id-id/user/review/consumption/HOTEL/GENERAL/3000010022674,16,6,"AC-nya kurang dingin, overall oke.",Diulas 360 minggu lalu
https://www.traveloka.com/id-id/user/review/consumption/HOTEL/GENERAL/3000010022674,16,7,"baik saya tidak berharap bahwa ruangan akan menjadi sangat kecil, hampir semuanya baik, saya tidak punya masalah kecuali satu hal balkon tidak balkon normal seperti itu bukan apa yang saya harapkan",Diulas 360 minggu lalu
https://www.traveloka.com/id-id/user/review/consumption/HOTEL/GENERAL/3000010022674,16,8,"Breakfast banyak macamnya, room bersih.",Diulas 361 minggu lalu
https://www.traveloka.com/id-id/user/review/consumption/HOTEL/GENERAL/3000010022674,16,9,"Cocok untuk bawa anak-anak,pelayanannya juga ramah",Diulas 361 minggu lalu
https://www.traveloka.com/id-id/user/review/consumption/HOTEL/GENERAL/3000010022674,16,10,"Tidak pernah dikecewakan kalau menginap disini. makanannya enak, ruangannya luas, pelayanan ramah.",Diulas 361 minggu lalu
https://www.traveloka.com/id-id/user/review/consumption/HOTEL/GENERAL/3000010022674,16,11,"Maaf tidak bermakasud menjatuhkan hanya bicara apa adanya over all lumayan tapi tidak istimewa, makanan kurang memuaskan karena tidak variatif. Makanan cepat habis tapi isi ulangnya lama. Anak-anak kena cash lagi saya baru tau sih, berkali-kali menginap di hotel lain tidak ada yang kena cash anak-anak untuk anak-anak. Kolam renang bagus. Yang terbaik dari hotel ini adalah kru dan staff hotel yang ramah-ramah. Saya sangat mengapresiasinya. Cuma mohon ditingkatkan lagi soal makanannya. Terima kasih.",Diulas 361 minggu lalu
https://www.traveloka.com/id-id/user/review/consumption/HOTEL/GENERAL/3000010022674,16,12,"Cuma wifinya saja yang tidak bisa digunakan, yang lainnya bagus, sangat nyaman.",Diulas 361 minggu lalu
https://www.traveloka.com/id-id/user/review/consumption/HOTEL/GENERAL/3000010022674,16,13,"Saya mengambil kamar superior. Cukup luas dan nyaman. Lokasi dekat dari stasiun bekasi dan gampang cari makan karena ada akses lift khusus ke mal. Kalau mau ke mal yang lebih besar tinggal nyebrang saja. Menu sarapan banyak dan enak, ada western dan indonesian food. untuk yang bawa anak-anak, aman deh, ada pilihan cereal, omelette, roti dan sosis. Ada kolam renang yang bikin anak-anak betah. Kalau menginap disana minta view yang ke kolam renang ya dan ada balkonnya. Cuma mbak yang di restoran kurang senyum wajahnya terlalu serius dalam menghadapi tamu yang mau sarapan.",Diulas 362 minggu lalu
https://www.traveloka.com/id-id/user/review/consumption/HOTEL/GENERAL/3000010022674,16,14,"Kasurnya keras, AC-nya tidak dingin, pesan kamar deluxe dikasih superior. Setelah komplain baru dipindahin ke kamar deluxe. sorry to say. tidak 2 kali menginap disini.",Diulas 362 minggu lalu
https://www.traveloka.com/id-id/user/review/consumption/HOTEL/GENERAL/3000010022674,16,15,"Keren nih hotel, berada di atas mal. Jadi kalau mau makan atau belanja tinggal turun. SPBU juga cuma di sebelah hotel. Ke Cikampek juga tinggal cus. Kamar luas. Karena kemarin check-out jam 4 pagi. Sarapannya juga bisa dikotakin buat bekal di jalan, tapi pesan dulu di resepsionis ya sebelumnya.",Diulas 362 minggu lalu
https://www.traveloka.com/id-id/user/review/consumption/HOTEL/GENERAL/3000010022674,16,16,"Pelayanannya cepat, makanannya enak, fasilitas memuaskan, cuma AC-nya tidak dingin.",Diulas 362 minggu lalu
https://www.traveloka.com/id-id/user/review/consumption/HOTEL/GENERAL/3000010022674,16,17,Cek in lama menunggu. Di deskripsi ada balkon tp kamar yg didapat tidak ada balkon. Yg positif hanya makanannya saja yg enak.,Diulas 362 minggu lalu
https://www.traveloka.com/id-id/user/review/consumption/HOTEL/GENERAL/3000010022674,16,18,"Pesan kamar dari aplikasi yang ada balkonnya agar bisa lihat pemandangan bagus seperti city view/kolam renang/taman tapi malah dikasih kamar yang tidak ada pemandangannya sama sekali, malah sampingnya mesin genset/AC/exhaust gedung atau apalah itu dan terdengar berisik jadi agak mengganggu, komplain untuk pindah kamar tapi tetap tidak bisa pindah juga. Untungnya kamarnya bagus dan AC-nya dingin. Untuk makanannya enak dan ada kolam renangnya walaupun tidak terlalu besar.",Diulas 362 minggu lalu
https://www.traveloka.com/id-id/user/review/consumption/HOTEL/GENERAL/3000010022674,16,19,"Secara kamar nyaman saja, hanya beberapa resepsionis kurang ramah, terutama yang cewek, sikapnya agak ketus mungkin karena tampilan saya yang tidak seperti orang kaya. SOP menawarkan kunci ganda tidak diinfokan, padahal kalau diinfokan ada deposit 100 ribu pun saya tidak masalah. Semoga bermanfaat dan menjadi perbaikan.",Diulas 362 minggu lalu
https://www.traveloka.com/id-id/user/review/consumption/HOTEL/GENERAL/3000010022674,16,20,"Promo ada balkon. Tapi balkon tidak diizinkan dibuka. Sangat mengecewakan, sprei tidak nyaman, AC tidak dingin.",Diulas 363 minggu lalu
https://www.traveloka.com/id-id/user/review/consumption/HOTEL/GENERAL/3000010022674,16,21,"Overall tidak ada yang mengecewakan, hanya yang kurang itu kolam renangnya terlalu kecil. Yang kolam buat dewasanya kecil, kolam untuk anaknya tambah kecil banget.",Diulas 363 minggu lalu
https://www.traveloka.com/id-id/user/review/consumption/HOTEL/GENERAL/3000010022674,16,22,"Kami check-in tgl 9 juni 2019. Pertama kali mendapatkan kamar di room 605, kami sudah merasakan AC tidak dingin, padahal kami sudah menunggu 30 menit mana tahu AC tunggu lama baru dingin. Akhirnya kami hubungi operator agar ditangani. Menunggu 15 menit belum datang kami complaint ke receptionist meminta pindah kamar. SPV menyarankan agar tunggu dibenerin dulu, tapi kami merasa tidak nyaman apabila kami sudah di kamar tapi ada orang keluar masuk untuk benerin AC (seharusnya pihak hotel sering ngecek/maintenance sehin). Akhirnya kami dipindah ke kamar 631, akan tetapi, masalah yang sama kembali terjadi. AC panas. Kami dipaksa tidak bisa pindah kamar oleh SPV-nya dengan alasan kamar lain belum ready padahal jam sudah menunjukkan pukul 16:35, hello. SPV dengan mudahnya bilang lebih baik nunggu tukang AC benerin dan disitu kita jadi tidak nyaman karena ada anak-anak, ditambah ada orang mondar-mandir untuk benerin AC. Seharusnya sebagai seperti apabila sudah 2 kali komplain dengan masalah yang sama tindakannya adalah turun langsung mengecek kamar yang sudah ready dan mengecek langsung ke kamar apakah kondisi layak diberikan kepada pelanggan bukannya disuruh menunggu dengan teknisi. Ditambah tidak ada permintaan maaf dari SPV yang bertugas saat itu bahkan kami adu bacot, bukannya menenangkan pelanggannya. SPV yang bertugas saat itu benar-benar tidak ada pemecahan masalah, malah saya dipaksa berpikir untuk memecahkan masalah tersebut. Pengalaman menginap paling parah ini yang pernah saya rasakan. Saya benar-benar tidak rekomendasi dan tidak akan balik ke sini lagi. Terima kasih atas pelayanan tidak ramahnya kepada kami santika mega city bekasi.",Diulas 363 minggu lalu
https://www.traveloka.com/id-id/user/review/consumption/HOTEL/GENERAL/3000010022674,16,23,"Sudah yang ketiga kali kami menginap di sini, kamar bersih, breakfast lumayan enak.",Diulas 363 minggu lalu
https://www.traveloka.com/id-id/user/review/consumption/HOTEL/GENERAL/3000010022674,16,24,"Hotelnya berada di atas Mall Mega City Bekasi tepatnya di lantai 5. Proses check-in sangat lama dikarenakan kamar belum siap, saya harus menunggu hampir 30 menit padahal waktu saya check-in sudah pukul 15:30. Saya memesan kamar Executive King Bed, kamarnya sangat besar, kamar mandinya pun sangat besar. Secara keseluruhan untuk hotel bintang 3 ya cukup memuaskan, hanya lama ketika proses check-in saja.",Diulas 363 minggu lalu
https://www.traveloka.com/id-id/user/review/consumption/HOTEL/GENERAL/3000010022674,16,25,"Hotelnya berada di atas Mall Mega City Bekasi tepatnya di lantai 5. Proses check-in sangat lama dikarenakan kamar belum siap, saya harus menunggu hampir 30 menit padahal waktu saya check-in sudah pukul 15:30. Saya memesan kamar Executive King Bed, kamarnya sangat besar, kamar mandinya pun sangat besar. Secara keseluruhan untuk hotel bintang 3 ya cukup memuaskan, hanya lama ketika proses check-in saja.",Diulas 363 minggu lalu
https://www.traveloka.com/id-id/user/review/consumption/HOTEL/GENERAL/3000010022674,16,26,Selalu senang menginap di Santika.,Diulas 363 minggu lalu
https://www.traveloka.com/id-id/user/review/consumption/HOTEL/GENERAL/3000010022674,16,27,"Nyaman, bersih, dan ramah, cuma makanan/sarapannya kurang enak 🙏",Diulas 363 minggu lalu
https://www.traveloka.com/id-id/user/review/consumption/HOTEL/GENERAL/3000010022674,16,28,"Makanannya enak, akses mudah, lokasi bersih, kamar tidak kedap suara, berdekatan dengan bioskop tempat gym tidak komplet dan ada yang tidak berfungsi kolam renang kurang bersih check-in progresnya lama tidak ada hair dryer.",Diulas 363 minggu lalu
https://www.traveloka.com/id-id/user/review/consumption/HOTEL/GENERAL/3000010022674,16,29,"check-in kurleb jam 8 malam, tidak dianterin petugas. kamar lumayan, tapi sayang tidak kedap suara, suara ketawa-ketiwi abang kamar sebelah kedengaran banget! AC dingin, peralatan mandi komplet, kolam renang dan gym bagus. bf menu beratnya biasa sajah, cuma kue-kuenya lumayan. So far menginap sehari disini bareng anak-anak cukup menyenangkan.",Diulas 363 minggu lalu
https://www.traveloka.com/id-id/user/review/consumption/HOTEL/GENERAL/3000010022674,16,30,"Lokasi hotel yang strategis, sarapannya enak dan kamar sangat nyaman. Proses check-in sempat agak lama karena komputer error.",Diulas 363 minggu lalu
https://www.traveloka.com/id-id/user/review/consumption/HOTEL/GENERAL/3000010022674,16,31,"Saya menginap di bulan puasa. Suami sahur pukul tiga sesuai konfirmasi hotel, ketika turun ke dining room, tidak ada staff yang stand by. Sampai kemudian kehabisan air putih dan gelas empty. Saya sarapan jam 7 pagi bersama anak saya, kondisi meja makan masih kotor semua. gelas kosong, sendok garpu harus cari di meja yang belum terpakai. Sangat mengecewakan sekali, karena tidak ada yang standby, saya tidak bisa minta omelette dan sosis juga belum ada.",Diulas 363 minggu lalu
https://www.traveloka.com/id-id/user/review/consumption/HOTEL/GENERAL/3000010022674,16,32,"Standar santika, lumayan bersih, makanan enak dan beragam, staf ramah dan membantu. Sayang posisi di atas mal, jadi parkir di atas dan terbatas.",Diulas 364 minggu lalu
https://www.traveloka.com/id-id/user/review/consumption/HOTEL/GENERAL/3000010022674,16,33,"makanan enak, kolam renang keren, tapi posisi hotel .. lebih baik cari mal lain",Diulas 364 minggu lalu
https://www.traveloka.com/id-id/user/review/consumption/HOTEL/GENERAL/3000010022674,16,34,Mantul makanan sedap tempat strategis.,Diulas 364 minggu lalu
https://www.traveloka.com/id-id/user/review/consumption/HOTEL/GENERAL/3000010022674,16,35,"Sangat menikmati menginap di sini, ada kolam renang untuk liburan anak-anak cocok, ada lift tersambung ke giant hypermal, mau belanja-belanja dan tempat makan dekat.",Diulas 364 minggu lalu
https://www.traveloka.com/id-id/user/review/consumption/HOTEL/GENERAL/3000010022674,16,36,"Nyaman, bersih, makanan pun enak, sudah langganan disini, terus tingkatkan pelayanan kepada tamu dan banyak berikan disc untuk pelanggan setia, terima kasih.",Diulas 364 minggu lalu
https://www.traveloka.com/id-id/user/review/consumption/HOTEL/GENERAL/3000010022674,16,37,"Pelayanan check-in lama .. pelayanan staf bagus,. kebersihan bagus,. makanan enak. AC kurang dingin.",Diulas 364 minggu lalu
https://www.traveloka.com/id-id/user/review/consumption/HOTEL/GENERAL/3000010022674,16,38,"Kamar bersih, suasana nyaman dan tenang, pelayanan ramah, harga terjangkau.",Diulas 364 minggu lalu
https://www.traveloka.com/id-id/user/review/consumption/HOTEL/GENERAL/3000010022674,16,39,"Waiter dan chefnya tidak profesional. saya pesan omelet lebih dahulu, tapi malah omelete saya tidak dibuatkan. Saya paling tidak suka ketika antrian saya di potong atau bahkan dilupakan, seperti kejadian di atas!",Diulas 364 minggu lalu
https://www.traveloka.com/id-id/user/review/consumption/HOTEL/GENERAL/3000010022674,16,40,Liburan yang luar biasa dengan sahabat dan pacarku,Diulas 365 minggu lalu
https://www.traveloka.com/id-id/user/review/consumption/HOTEL/GENERAL/3000010022674,17,1,So far good bersih. Tetapi kamar ukurannya kecil.,Diulas 365 minggu lalu
https://www.traveloka.com/id-id/user/review/consumption/HOTEL/GENERAL/3000010022674,17,2,Kamarnya bersih dan makanan enak.,Diulas 365 minggu lalu
https://www.traveloka.com/id-id/user/review/consumption/HOTEL/GENERAL/3000010022674,17,3,"Semua oke untuk keramahan petugas, kebersihan kamar, dan makanan, hanya satu, AC kurang dingin.",Diulas 365 minggu lalu
https://www.traveloka.com/id-id/user/review/consumption/HOTEL/GENERAL/3000010022674,17,4,"Kamar, fasilitas, sarapan, sebenarnya bagus cuma terakhir ketika minta stempel dan tandatangan resepsionis di voucher untuk spj kantor, tidak bersedia, alasannya stempel tidak sembarangan. Kemudian lewat telepon saya minta surat keterangan menginap sampai 2 kali menelepon tidak direspon.",Diulas 365 minggu lalu
https://www.traveloka.com/id-id/user/review/consumption/HOTEL/GENERAL/3000010022674,17,5,"Kamar bagus, lokasi sangat strategis di bawah mal giant (walaupun malnya sudah tidak update) langsung dekat tol bekasi barat, Yang paling enak tinggal jalan kaki ke samping gedung buat nonton xxi, makanan standar variant tidak terlalu banyak, rasapun standar, pelayanan oke, Hanya saja kasur sekelas santika kurang nyaman tidak empuk dan bantal keras tidak lembut jadi pegal-pegal lehernya, Tidak kaya santika Slipi kasur bantal nyaman, mungkin tiap hotel beda-beda standar, Sebab di santika slipi kalau mau makan tidak boleh pakai sandal hotel (agak lebih formal) sedungkan kalau di bekasi no rules, Ada kolam renang cuma suasana kurang menarik jadi saya tidak coba, 3 kali saya ke sini hanya untuk istirahat saja, so far so good tapi tidak terlalu wah.",Diulas 366 minggu lalu
https://www.traveloka.com/id-id/user/review/consumption/HOTEL/GENERAL/3000010022674,17,6,"Makanan besar, kamar tidur besar, suasana luar biasa.",Diulas 366 minggu lalu
https://www.traveloka.com/id-id/user/review/consumption/HOTEL/GENERAL/3000010022674,17,7,"Kamarnya nyaman, perlengkapan kamar mandi lumayan lengkap. Siaran TV juga bagus, ada channel movie.",Diulas 366 minggu lalu
https://www.traveloka.com/id-id/user/review/consumption/HOTEL/GENERAL/3000010022674,17,8,"Lokasi strategis dekat pintu tol bekasi barat dan pusat perbelanjaan, kamar tidak kedap suara. Terdengar suara dari kamar sebelah dan suara dari bioskop.",Diulas 366 minggu lalu
https://www.traveloka.com/id-id/user/review/consumption/HOTEL/GENERAL/3000010022674,17,9,"Menyenangkan,  hotelnya bersih,  rapih dan pelayanannya ramah",Diulas 366 minggu lalu
https://www.traveloka.com/id-id/user/review/consumption/HOTEL/GENERAL/3000010022674,17,10,"AC tidak dingin di kamarku, tidak tahu tentang orang lain",Diulas 367 minggu lalu
https://www.traveloka.com/id-id/user/review/consumption/HOTEL/GENERAL/3000010022674,17,11,Saya membawa keluarga menginap di sana. Pelayanan di resepsionis dan secara keseluruhan bagus. Tapi saat saya meminjam trolli buat mengangkut tas kekamar tidak ada petugas yang membantu dan security yang mengetahui hal itu tidak membantu malahan menyu.,Diulas 367 minggu lalu
https://www.traveloka.com/id-id/user/review/consumption/HOTEL/GENERAL/3000010022674,17,12,"Kamar oke, fasilitas oke, makanan oke.",Diulas 367 minggu lalu
https://www.traveloka.com/id-id/user/review/consumption/HOTEL/GENERAL/3000010022674,17,13,"Seluruh staffnya ramah, kebersihannya dan kerapihannya terjaga, menu makanannya juga banyak dan bervariatif. Kekurangannya adalah saat menghidupkan AC lama untuk dinginnya dan jaringan wifinya mohon di tingkatkan lagi 😊",Diulas 368 minggu lalu
https://www.traveloka.com/id-id/user/review/consumption/HOTEL/GENERAL/3000010022674,17,14,Pelayanan sangat puas dan sangat nyaman.,Diulas 368 minggu lalu
https://www.traveloka.com/id-id/user/review/consumption/HOTEL/GENERAL/3000010022674,17,15,Pelayanan lambat waktu check-in lama.,Diulas 368 minggu lalu
https://www.traveloka.com/id-id/user/review/consumption/HOTEL/GENERAL/3000010022674,17,16,"Tempat yang nyaman, kamar cukup bersih, ruangan cukup luas, menu sarapan lengkap, rasanya enak. Sedia kopi single origin buat yang suka ngopi. Lokasi strategis di bawahnya ada xxi dan mall. Kurangnya tidak ada kulkas, ttidak ada hairdryer dan koneksi internet parah banget (rencana mau sambil kerja gagal) buat hotel sekelas santika. Lebih recommend Santika Cikarang sih. Nothing is perfect, overall oke kok.",Diulas 368 minggu lalu
https://www.traveloka.com/id-id/user/review/consumption/HOTEL/GENERAL/3000010022674,17,17,"Proses check-in cepat, staf ramah, lokasi strategis.",Diulas 368 minggu lalu
https://www.traveloka.com/id-id/user/review/consumption/HOTEL/GENERAL/3000010022674,17,18,"Suka, kekurangannya pelayanan resepsionis pas check-in lama.",Diulas 368 minggu lalu
https://www.traveloka.com/id-id/user/review/consumption/HOTEL/GENERAL/3000010022674,17,19,"AC-nya tidak cukup kuat, jadi panas.",Diulas 369 minggu lalu
https://www.traveloka.com/id-id/user/review/consumption/HOTEL/GENERAL/3000010022674,17,20,"Waktu check-in nunggu lama alasan sistemnya gangguan, alhasil semua tamu banyak menunggu masuk kamar, Habis itu ditawari kamar yang smoking padahal bookingnya non smoking kedua laundry, Sudah pesan di receptionist ada laundry eh malam balik kamar laundrynya belum diambil, telepon receptionist jawabannya sangat tidak memuaskan, Masak dibilang tidak ada laundry padahal sudah jelas dibilang di receptionist, Akhirnya besoknya baru laundry besoknya lagi kata front office laundry selesai jam 10 malam, oke kita tunggu, dan malamnya laundrynya belum beres, Katanya jam 8 pagi besoknya baru diantar besok paginya jam 8 masih belum diantar, tambah bikin kesel, Setelah ditelepon-telepon berkali-kali ke front office jam 10 siang baru diantar kan pelayanan hotel bintang 3 yang sangat buruk bagi kami di hotel ini, Agar manajemen hotel memperbaiki standar pelayanannya kalau tidak ya turun saja jadi bintang 2.",Diulas 369 minggu lalu
https://www.traveloka.com/id-id/user/review/consumption/HOTEL/GENERAL/3000010022674,17,21,"Good, dekat dengan mal dan bioskop.",Diulas 369 minggu lalu
https://www.traveloka.com/id-id/user/review/consumption/HOTEL/GENERAL/3000010022674,17,22,Sinyal kurang bagus saat di kamar maupun di hotel.,Diulas 369 minggu lalu
https://www.traveloka.com/id-id/user/review/consumption/HOTEL/GENERAL/3000010022674,17,23,"Menyenangkan, kamar bersih dan pelayanan cepat.",Diulas 369 minggu lalu
https://www.traveloka.com/id-id/user/review/consumption/HOTEL/GENERAL/3000010022674,17,24,"Sangat amat merekomendasikan tempat ini. Saya dan istri akan kembali menginap di sana. Pilihan menu breakfast lengkap, pelayanan ramah, tersambung dengan lift ke mal giant.",Diulas 369 minggu lalu
https://www.traveloka.com/id-id/user/review/consumption/HOTEL/GENERAL/3000010022674,17,25,lokasi bagus dan kamar bersih..saya menghabiskan 2 malam di hotel ini,Diulas 370 minggu lalu
https://www.traveloka.com/id-id/user/review/consumption/HOTEL/GENERAL/3000010022674,17,26,"Untuk kamar lumayan bagi hotel 3, cukup luas, kamar mandi bagus. Minusnya, tapi tidak ada hairdryernya, minus kamar, AC tidak dingin. Padahal ini bekasi loh, panas banget, kalau mau kemana-mana sih dekat, dibawah ada mal mega bekasi, cukup banyak makanan. Ada gramedia dan bioskop xxi. Kalau butuh apa-apa giant ada, kalau kolam renangnya sangat kecil sekali. Breakfastnya lumayan tapi untuk lidah Medan saya, kurang banget rasanya.",Diulas 370 minggu lalu
https://www.traveloka.com/id-id/user/review/consumption/HOTEL/GENERAL/3000010022674,17,27,"Ruangan kamar dan kamar mandi nyaman, bersih, makanan enak dan variatif. Pasti saya akan menginap disini lagi.",Diulas 370 minggu lalu
https://www.traveloka.com/id-id/user/review/consumption/HOTEL/GENERAL/3000010022674,17,28,Menginap untuk ke 2 kalinya. AC kamar agak kurang dingin. Mencoba pesan makanan dan saya suka banget bebek betutunya.,Diulas 370 minggu lalu
https://www.traveloka.com/id-id/user/review/consumption/HOTEL/GENERAL/3000010022674,17,29,"Clean room , the breakfast was amazing! Banyak banget pilihannya! ❤️👍🏻❤️",Diulas 370 minggu lalu
https://www.traveloka.com/id-id/user/review/consumption/HOTEL/GENERAL/3000010022674,17,30,"Sarapan besar, kolam bagus, punya kolam anak-anak juga ....",Diulas 370 minggu lalu
https://www.traveloka.com/id-id/user/review/consumption/HOTEL/GENERAL/3000010022674,17,31,"Saya senang sekali menginap disini, pelayanan baik dan suasananya sangat nyaman.",Diulas 371 minggu lalu
https://www.traveloka.com/id-id/user/review/consumption/HOTEL/GENERAL/3000010022674,17,32,"Kami dulu tinggal di Santika Mega Bekasi kapan saja kami perlu tinggal di Bekasi, kecuali kamar tidak tersedia. Kami menyukai ambiens, mencintai breakdast mereka dan digunakan untuk makan malam juga. Tentu akan kembali lagi &amp; semoga mereka akan memberikan lebih banyak tempat parkir untuk kita. Terima kasih Santika Mega B ekasi &amp; terima kasih ke Traveloka",Diulas 371 minggu lalu
https://www.traveloka.com/id-id/user/review/consumption/HOTEL/GENERAL/3000010022674,17,33,"Menu sarapan oke, layanan oke, lokasi dekat pintu tol.",Diulas 372 minggu lalu
https://www.traveloka.com/id-id/user/review/consumption/HOTEL/GENERAL/3000010022674,17,34,"Saya meminta kamar bebas rokok dan mereka memberi saya kamar bebas, setelah saya mengeluh kemudian mereka mengubah kamar saya menjadi bebas rokok. staf kantor depan itu sangat tidak menyenangkan. Saya meminta untuk check out jam 2 siang, mereka bilang saya harus membayar lebih. Cukup baik berkata, saya tidak akan merekomendasikan siapa pun untuk menginap di hotel ini.",Diulas 372 minggu lalu
https://www.traveloka.com/id-id/user/review/consumption/HOTEL/GENERAL/3000010022674,17,35,"Staf hotel semuanya ramah, kamar cukup luas dan bersih. Menu sarapan juga lumayan banyak. Senang menginap disini.",Diulas 372 minggu lalu
https://www.traveloka.com/id-id/user/review/consumption/HOTEL/GENERAL/3000010022674,17,36,"Mudah untuk mengakses beberapa tempat di kota Bekasi dalam perjalanan bisnis saya. Thank you Traveloka, thank you Santika City Bekasi.",Diulas 372 minggu lalu
https://www.traveloka.com/id-id/user/review/consumption/HOTEL/GENERAL/3000010022674,17,37,Saya tidak dapat bekerja karena wifi tidak aktif,Diulas 372 minggu lalu
https://www.traveloka.com/id-id/user/review/consumption/HOTEL/GENERAL/3000010022674,17,38,"Staf di front office super ramah, dikasih permen lolipop buat keponakanku, welcome drinknya oke. pas masuk kamar, kamarnya luas, Bersih walau ada beberapa tembok yang catnya sudah ngeletek plus dicorat coret. Tapi wastafel kamar mandinya aernya mengendap. WiFi tidak nyala sama sekali. kolam renangnya enak. ter the best breakfastnya. Pls jaga kebersihan kamar dan lobby.",Diulas 372 minggu lalu
https://www.traveloka.com/id-id/user/review/consumption/HOTEL/GENERAL/3000010022674,17,39,"Hotelnya bagus dan pelayanannya ramah,  tapi agak susah untuk memesan makanan online karena pengantar makanan tidak bisa bawa motornya sampai lobby hotel karena posisi hotel di atas mal.",Diulas 372 minggu lalu
https://www.traveloka.com/id-id/user/review/consumption/HOTEL/GENERAL/3000010022674,17,40,"Hotel bersih, staff ramah, respon cepat, makanan enak, terutama spinach cream-nya mantul. Pojok santai di dalam kamar membuat kesan tersendiri. Letaknya yang gabung dengan mall bikin gampang kalo mau nge-mall. Untuk ukuran bintang 3, hotel ini recommended lah. Love it.",Diulas 373 minggu lalu
https://www.traveloka.com/id-id/user/review/consumption/HOTEL/GENERAL/3000010022674,18,1,"Pengalaman saya menginap di Santika cukup menyenangkan, karena dekat dengan mal. Tempatnya nyaman dan strategis.",Diulas 373 minggu lalu
https://www.traveloka.com/id-id/user/review/consumption/HOTEL/GENERAL/3000010022674,18,2,Ruangan itu bau. Kemudian tempat parkir penuh karena ada acara dan keamanan tidak melakukan apa pun. Tidak memberikan solusi apa pun.,Diulas 373 minggu lalu
https://www.traveloka.com/id-id/user/review/consumption/HOTEL/GENERAL/3000010022674,18,3,"Saya pesan kamar king size deluxe, tapi diberi tipe superior room, dan parahnya kanan kirinya sedang renovasi, debu dan mengganggu. Harus komplain dulu baru diganti, itupun pake bohong kamar penuh, saya marah baru dikasih. Jangan nunggu customer marah dulu lah.",Diulas 373 minggu lalu
https://www.traveloka.com/id-id/user/review/consumption/HOTEL/GENERAL/3000010022674,18,4,"Makanannya enak, tempatnya juga bagus, dekat mau kemana-mana.",Diulas 373 minggu lalu
https://www.traveloka.com/id-id/user/review/consumption/HOTEL/GENERAL/3000010022674,18,5,"Kamar sangat bersih, peralatan dalam kamar dan amenitis lengkap. Ada kolam renang yang bikin anak senang. Breakfast banyak pilihan dan enak-enak, spesialnya di bawah langsung mall, mantap deh.",Diulas 373 minggu lalu
https://www.traveloka.com/id-id/user/review/consumption/HOTEL/GENERAL/3000010022674,18,6,"Luas dan nyaman, untuk sarapan sangat memuaskan.",Diulas 373 minggu lalu
https://www.traveloka.com/id-id/user/review/consumption/HOTEL/GENERAL/3000010022674,18,7,"Untuk service dan kamarnya bagus, saya puas dengan menginap di hotel ini. Terima kasih",Diulas 374 minggu lalu
https://www.traveloka.com/id-id/user/review/consumption/HOTEL/GENERAL/3000010022674,18,8,Tempatnya bagus dan strategis di tengah kota.,Diulas 374 minggu lalu
https://www.traveloka.com/id-id/user/review/consumption/HOTEL/GENERAL/3000010022674,18,9,"Kedua kalinya saya tinggal di sini, kesan pertama yang membuat saya kembali ke sini adalah suasana hotel yang hening di pusat kota yang sangat ramai. selalu tidur nyenyak di sini, harga per malam masih berteman dengan kantong seperti saya. tidak melupakan layanan staf hotelnya dari kantor depan, keamanan, ob dan senyumnya yang sangat ramah dan murah. itu adalah esensi dari tinggal di sini untuk meringankan pikiran dan beban hidup",Diulas 374 minggu lalu
https://www.traveloka.com/id-id/user/review/consumption/HOTEL/GENERAL/3000010022674,18,10,Sangat direkomendasikan untuk liburan keluarga.,Diulas 374 minggu lalu
https://www.traveloka.com/id-id/user/review/consumption/HOTEL/GENERAL/3000010022674,18,11,kebersihan hotel sarapan sangat baik juga ramah dan staf,Diulas 374 minggu lalu
https://www.traveloka.com/id-id/user/review/consumption/HOTEL/GENERAL/3000010022674,18,12,"Pelayanannya ramah dan cepat, sarapan lumayan enak dan bervariatif.",Diulas 375 minggu lalu
https://www.traveloka.com/id-id/user/review/consumption/HOTEL/GENERAL/3000010022674,18,13,Stafnya ramah tempatnya nyaman tapi sayang kayanya ketutupan sama gedung mal ya.,Diulas 375 minggu lalu
https://www.traveloka.com/id-id/user/review/consumption/HOTEL/GENERAL/3000010022674,18,14,"Tempat nyaman karena di dalam mal, karyawan ramah, untuk breakfast makanan inti masakan asin tapi untuk yang lainnya enak semua, Untuk fasilitas kamar juga sudah kecuali AC-nya panas gak ada dingin-dingin sama sekali dan balkon terkunci tidak bisa dibuka",Diulas 375 minggu lalu
https://www.traveloka.com/id-id/user/review/consumption/HOTEL/GENERAL/3000010022674,18,15,"Sudah beberapa kali menginap di santika kalau pas ke bekasi. Tempatnya nyaman, strategis di pusat kota. kamar besar dan bersih. Pelayanan yang ramah dan breakfast yang variatif dan enak, mantap.",Diulas 375 minggu lalu
https://www.traveloka.com/id-id/user/review/consumption/HOTEL/GENERAL/3000010022674,18,16,Akomodasi sama dengan di foto. Hanya seharusnya diberikan deskripsi lebih lanjut mengenai pintu masuk yang ternyata ada di atas parkiran. Karena hotel satu gedung dengan Mal. Overall menyenangkan dan puas.,Diulas 375 minggu lalu
https://www.traveloka.com/id-id/user/review/consumption/HOTEL/GENERAL/3000010022674,18,17,"Hotel bersih, tenang, ramah, dan satu gedung dengan Mal dan 21. Sarapan enak dan banyak variasinya, bantal dan kasurnya empuk. Sayang shower air hangatnya tidak berfungsi, jadinya mandi dengan air dingin.",Diulas 376 minggu lalu
https://www.traveloka.com/id-id/user/review/consumption/HOTEL/GENERAL/3000010022674,18,18,"Menyenangkan, pihak hotel sangat ramah, kamarnya pun bersih, untuk breakfastnya makanannya sangat enak, hanya pihak hotel jarang sekali untuk menyapa tamu yang datang, overall good.",Diulas 376 minggu lalu
https://www.traveloka.com/id-id/user/review/consumption/HOTEL/GENERAL/3000010022674,18,19,"Hotel ini sangat cocok untuk liburan romantis yang menyatu dengan mal jadi dengan mudah untuk berbelanja, kuliner dan menonton. Sangat sangat memuaskan, apalagi harga termasuk terjangkau sekali, super direkomendasikan.",Diulas 376 minggu lalu
https://www.traveloka.com/id-id/user/review/consumption/HOTEL/GENERAL/3000010022674,18,20,Nyaman bersih dapat mal apa-apa gampang.,Diulas 376 minggu lalu
https://www.traveloka.com/id-id/user/review/consumption/HOTEL/GENERAL/3000010022674,18,21,"Sangat cocok untuk liburan bersama keluarga dan lokasinya yang strategis dekat dengan pusat belanja, kamar mandinya juga bersih.",Diulas 376 minggu lalu
https://www.traveloka.com/id-id/user/review/consumption/HOTEL/GENERAL/3000010022674,18,22,Itu ide cerdas untuk membangun hotel di dalam mal. Pengalaman menyenangkan saat kami menginap,Diulas 376 minggu lalu
https://www.traveloka.com/id-id/user/review/consumption/HOTEL/GENERAL/3000010022674,18,23,"Fasilitas hotel lumayan, kamar bersih, toilet bersih, pelayanan sangat baik. Rekomended untuk menginap di Santika Mega Bekasi.",Diulas 376 minggu lalu
https://www.traveloka.com/id-id/user/review/consumption/HOTEL/GENERAL/3000010022674,18,24,"Hotelnya bagus, kamarnya bersih dan makanannya enak.",Diulas 376 minggu lalu
https://www.traveloka.com/id-id/user/review/consumption/HOTEL/GENERAL/3000010022674,18,25,Bantalnya tinggi. Tidak nyaman buat tidur. Kurang ekonomic.,Diulas 376 minggu lalu
https://www.traveloka.com/id-id/user/review/consumption/HOTEL/GENERAL/3000010022674,18,26,"Kamar bersih, hanya agak berisik suara dari luar gedung.",Diulas 377 minggu lalu
https://www.traveloka.com/id-id/user/review/consumption/HOTEL/GENERAL/3000010022674,18,27,"Pengalaman sya menginap di hotel ini sangat menyenangkan, pelayanannya sangat baik dan ramah. Untuk saya yang baru pertama menginap di sini sangat memuaskan. Rekomended banget deh pokonya, dan saya akan menginap di hotel ini lagi. Terima kasih",Diulas 377 minggu lalu
https://www.traveloka.com/id-id/user/review/consumption/HOTEL/GENERAL/3000010022674,18,28,"Harga standar dengan kualitas, pelayanannya oke. Hanya parkiran di atas mega bekasi hupermall tanpa adanya atap. Kamar untuk harga yang ada cukup kecil. Untuk kebersihan oke overal 7.5.",Diulas 377 minggu lalu
https://www.traveloka.com/id-id/user/review/consumption/HOTEL/GENERAL/3000010022674,18,29,"Hotel nyaman dan bersih, namun AC-nya kurang baik karena memberi buntu yang kurang nyaman.",Diulas 377 minggu lalu
https://www.traveloka.com/id-id/user/review/consumption/HOTEL/GENERAL/3000010022674,18,30,"Hotel ini berada di lantai atas Mega Mal Bekasi. Di sebelah hotel ini ada Cinema 21 dan di lantai bawah ada Hypermart. Lokasi sangat strategis, mudah mencari makan. Hotel bersih dan layanan juga bagus.",Diulas 377 minggu lalu
https://www.traveloka.com/id-id/user/review/consumption/HOTEL/GENERAL/3000010022674,18,31,"Kamar nyaman, lokasi strategis, pelayanan ramah, breakfastnya oke. Saya akan menginap lagi di Santika jika ada kunjungan ke Bekasi lagi.",Diulas 377 minggu lalu
https://www.traveloka.com/id-id/user/review/consumption/HOTEL/GENERAL/3000010022674,18,32,"Sarapan pagi bermacam-macam menunya dan enak, cuma kamarnya tempat tidur dan selimutnya gatal-gatal.",Diulas 377 minggu lalu
https://www.traveloka.com/id-id/user/review/consumption/HOTEL/GENERAL/3000010022674,18,33,"Check in / out cepat, oke-lah semuanya.",Diulas 377 minggu lalu
https://www.traveloka.com/id-id/user/review/consumption/HOTEL/GENERAL/3000010022674,18,34,"Pelayanan ramah, tempat strategis, ada akses langsung ke mall (giant, hypermall dan XXI), kamar bersih wangi, sarapan pagi sesuai selera/enak, resepsionist cepat dan ramah, nyaman tidak berisik, dekat dengan akses tol Bekasi Barat. Recommended banget.",Diulas 377 minggu lalu
https://www.traveloka.com/id-id/user/review/consumption/HOTEL/GENERAL/3000010022674,18,35,Ruangan itu sangat nyaman dan bersih. Saya sarapan enak!,Diulas 377 minggu lalu
https://www.traveloka.com/id-id/user/review/consumption/HOTEL/GENERAL/3000010022674,18,36,Agak kecewa karena meminta check-in lebih awal tetapi disuruh menunggu lama.,Diulas 377 minggu lalu
https://www.traveloka.com/id-id/user/review/consumption/HOTEL/GENERAL/3000010022674,18,37,"Lokasi strategis di pusat kota Bekasi, hanya saja letaknya di rooftop Mega Mal Bekasi, overall semua bagus, fasilitas, sarapan, pelayanan dan lain-lain. Hanya saja untuk lift akses ke Mal agak sempit dan tidak terpisah dengan pengunjung Mal, dan AC lorong terrace lantai hotel kurang menyala, sehingga terkesan pengap.",Diulas 377 minggu lalu
https://www.traveloka.com/id-id/user/review/consumption/HOTEL/GENERAL/3000010022674,18,38,"Bersih, cuma harga cukup lumayan mahal dengan fasilitas kamar yang biasa saja.",Diulas 377 minggu lalu
https://www.traveloka.com/id-id/user/review/consumption/HOTEL/GENERAL/3000010022674,18,39,jadi rekomendasikan dan sangat nyaman dan nikmati,Diulas 378 minggu lalu
https://www.traveloka.com/id-id/user/review/consumption/HOTEL/GENERAL/3000010022674,18,40,"Pelayanannya bagus, ramah dan memuaskan.",Diulas 378 minggu lalu
https://www.traveloka.com/id-id/user/review/consumption/HOTEL/GENERAL/3000010022674,19,1,"Tetap murah, tetap luar biasa. Jika Anda menjadi mahal maka tidak ada yang tidak akan datang",Diulas 378 minggu lalu
https://www.traveloka.com/id-id/user/review/consumption/HOTEL/GENERAL/3000010022674,19,2,Kamar terasa bising karena dekat dengan blower,Diulas 378 minggu lalu
https://www.traveloka.com/id-id/user/review/consumption/HOTEL/GENERAL/3000010022674,19,3,"Ruangan oke, tapi balkonnya dikunci mati sehingga tidak bisa diakses oleh customer. Menurut saya kalau bisa diakses, akan lebih baik. Sarapan banyak pilihannya. Overall, cukup baik.",Diulas 378 minggu lalu
https://www.traveloka.com/id-id/user/review/consumption/HOTEL/GENERAL/3000010022674,19,4,"Kamarnya sih, enak dan nyaman. Tapi sayangnya yang saya rasakan di kamar tempat saya menginap seprei dan kasurnya seperti jarang dibersihkan dan bikin gatal-gatal. Handuk juga terlihat kurang bersih di cucinya dan tidak wangi. Semoga bisa lebih ditingkatkan lagi kebersihannya.",Diulas 378 minggu lalu
https://www.traveloka.com/id-id/user/review/consumption/HOTEL/GENERAL/3000010022674,19,5,"Staf hotel memang ramah, hanya saja akses ke hotel sulit, karena akses mudah satu2nya (kecuali naik mobil), lewat mall. Security mall tidak ramah, masa bicara sama anggota keluarga saya yang lebih tua nadanya keras. Apa karena kami dari luar kota? Padahal kami mau tanya, akses menuju ATM BNI terdekat. Terima kasih.",Diulas 379 minggu lalu
https://www.traveloka.com/id-id/user/review/consumption/HOTEL/GENERAL/3000010022674,19,6,"Awalnya mikir hotel di pinggir jalan utama dan dats mall bakalan ramai dan keganggu tidurnya, ternyata gak sama sekali. Tidur tenang tapi sempat kecewa karena dapat kamar yang pintu kamar mandinya gak bisa kebuka, coba pas gua di dalam dan gak ada yang tahu sampai besok check-out, ngeri kan. Untungnya pas gua di luar, jadi sempat pindah kamar, but pelayanannya cepat.",Diulas 379 minggu lalu
https://www.traveloka.com/id-id/user/review/consumption/HOTEL/GENERAL/3000010022674,19,7,Ac nya..kurang dingin gerah,Diulas 379 minggu lalu
https://www.traveloka.com/id-id/user/review/consumption/HOTEL/GENERAL/3000010022674,19,8,"Hotelnya bagus, cuma sulitnya kalau mau naik melalui 2 lift.",Diulas 379 minggu lalu
https://www.traveloka.com/id-id/user/review/consumption/HOTEL/GENERAL/3000010022674,19,9,"Kamarnya bersih banget 3 hari 2 malam menginap di sini, have fun sih. Bersih banget. Jujur saja ya setiap bulan saya tuh selalu dapat tugas dari kantor yang diharuskan menginap di hotel karena pergi pagi banget. Dan di sini makanan paginya tuh jam 6 mereka sudah siap dan hotel manapun kalah sama masakan hotel ini. Ku paling suka bubur ayamnya enak parah sama nasi gorengnya lidah indonesia banget yang banyak bumbunya 😍",Diulas 379 minggu lalu
https://www.traveloka.com/id-id/user/review/consumption/HOTEL/GENERAL/3000010022674,19,10,"Pelayanan sangat baik, yang tadinya disampaikan minimal C/I jam 14.00, tapi karena yang bertugas di receptionist saya itu melihat saya membawa 2 anak balita, dia mengusahakan sehingga jam 13.30 saya sudah bisa masuk kamar 👍  Memang saya tiba di hotel terlalu cepat, sekitar jam 13.00. Ada akses lift untuk ke mega mal, sehingga tidak kesulitan saat mau cari makanan.",Diulas 379 minggu lalu
https://www.traveloka.com/id-id/user/review/consumption/HOTEL/GENERAL/3000010022674,19,11,Kamarnya sangat bagus dan ber-AC. Saya suka sarapannya.,Diulas 379 minggu lalu
https://www.traveloka.com/id-id/user/review/consumption/HOTEL/GENERAL/3000010022674,19,12,"Recommended habis, pelayanannya ramah, makanan banyak variasinya dan kamarnya juga bersih, overall oke.",Diulas 379 minggu lalu
https://www.traveloka.com/id-id/user/review/consumption/HOTEL/GENERAL/3000010022674,19,13,"Pada tanggal 9 februari 2019 kami bermalam, untuk fasilitas cukup nyaman, makanan juga cukup enak.",Diulas 379 minggu lalu
https://www.traveloka.com/id-id/user/review/consumption/HOTEL/GENERAL/3000010022674,19,14,"Lokasi bagus, keramahan luar biasa, makanan enak, kamar bagus. Terima kasih banyak...",Diulas 379 minggu lalu
https://www.traveloka.com/id-id/user/review/consumption/HOTEL/GENERAL/3000010022674,19,15,"Akomodasi mudah, harga terjangkau, akses mudah, kamar standar, kebersihan terjaga, pelayanan bagus, makanan enak dan variatif.",Diulas 379 minggu lalu
https://www.traveloka.com/id-id/user/review/consumption/HOTEL/GENERAL/3000010022674,19,16,Lumayan banget ya pelayanan total dan lokasi strategis banget dengan makanan lainnya karena di atas mal mega bekasi.,Diulas 380 minggu lalu
https://www.traveloka.com/id-id/user/review/consumption/HOTEL/GENERAL/3000010022674,19,17,"Okay buat stay untuk urusan bisnis. Kamar bersih dan rapi. Makanan cukup tapi bisa lebih ditingkatkan. menginap 3 malam, pelayanan sewaktu check-in dan lain-lain sangat mudah.",Diulas 380 minggu lalu
https://www.traveloka.com/id-id/user/review/consumption/HOTEL/GENERAL/3000010022674,19,18,"AC kamar tidak dingin, walau seteringannya sudah maksimal. jadinya tidak nyaman sama sekali.",Diulas 380 minggu lalu
https://www.traveloka.com/id-id/user/review/consumption/HOTEL/GENERAL/3000010022674,19,19,"Selama saya menginap di Hotel Santika, pelayannya sangat ramah, waktu check in sangat cepat, sarapan pagi nakanannya enak. Saya sangat puas menginap di Hotel Santika Mega City Bekasi.",Diulas 380 minggu lalu
https://www.traveloka.com/id-id/user/review/consumption/HOTEL/GENERAL/3000010022674,19,20,"Tempatnya strategis, nyaman, bersih, pelayanannya bagus dan menyenangkan.",Diulas 380 minggu lalu
https://www.traveloka.com/id-id/user/review/consumption/HOTEL/GENERAL/3000010022674,19,21,"Layanan bagus, sangat bagus dan mengagumkan.",Diulas 380 minggu lalu
https://www.traveloka.com/id-id/user/review/consumption/HOTEL/GENERAL/3000010022674,19,22,Hotel Santika Mega City Mall Bekasi adalah salah satu tempat penginapan terbaik! Di kemacetan bekasi yg ramai tp kita bisa istirahat dg tenang. Dengan fasilitas yg sangat memadai! Holiyay? Hotel santika mega city mall bekasi aja!,Diulas 380 minggu lalu
https://www.traveloka.com/id-id/user/review/consumption/HOTEL/GENERAL/3000010022674,19,23,"Kamarnya bersih, makanan enak, lokasi strategis dan cocok untuk kepentingan bisnis seperti kami, mau cari makan dan jalan-jalan tidak susah di bawahnya ada mal 😍",Diulas 380 minggu lalu
https://www.traveloka.com/id-id/user/review/consumption/HOTEL/GENERAL/3000010022674,19,24,"Not too bad. Kamarnya bersih. Pesen yg twin bed, tapi bed yg satunya agak reot2 gitu. Menu sarapan variatif dan lumayan deh untuk taste nya Mas mas resepsionisnya juga helpful, padahal baru booking kamar waktu itu hampir banget menuju jam 12 malem. Untungnya msh keburu, tidak terhitung di hari esoknya heheh",Diulas 380 minggu lalu
https://www.traveloka.com/id-id/user/review/consumption/HOTEL/GENERAL/3000010022674,19,25,"Breakfastnya mantap dan beragam, hotelnya nyaman.",Diulas 380 minggu lalu
https://www.traveloka.com/id-id/user/review/consumption/HOTEL/GENERAL/3000010022674,19,26,"Hotel yang sangat nyaman dan mengesankan, layanan yang ramah dan santun.",Diulas 380 minggu lalu
https://www.traveloka.com/id-id/user/review/consumption/HOTEL/GENERAL/3000010022674,19,27,Yang pasti dekat ke mal dan tempat makan juga tempat hiburan lainnya.,Diulas 380 minggu lalu
https://www.traveloka.com/id-id/user/review/consumption/HOTEL/GENERAL/3000010022674,19,28,"Untuk posisi okee lahh yaa. Tepat diatas giant dan depan mall, makanan juga oke, tapi sayang untuk yang nginep kalau balik ke hotel pas malam-malam ga ada akses yang langsung ke pintu hotel jadi mesti masuk dalam mall dulu yang notabene lewat jam 10 mall sudah tutup. Serem juga kan kalau lagi jalan sendirian mesti lewat dalam mall yang udah tutup. Tolong dibuat akses tersendiri untuk ke hotel tersebut.",Diulas 380 minggu lalu
https://www.traveloka.com/id-id/user/review/consumption/HOTEL/GENERAL/3000010022674,19,29,Baik. Tidak ada masalah dengan layanan ini. Terima kasih banyak.,Diulas 381 minggu lalu
https://www.traveloka.com/id-id/user/review/consumption/HOTEL/GENERAL/3000010022674,19,30,"Sarapannya enak, kamarnya bersih dan luas, ada taman yang bagus untuk foto-foto dan kolam renangnya.",Diulas 381 minggu lalu
https://www.traveloka.com/id-id/user/review/consumption/HOTEL/GENERAL/3000010022674,19,31,Sangat menyenangkan menginap di hotel ini. Sangat mudah untuk mencapai semuanya karena tempat hotel ini di gedung mal juga. Makanan begitu. Tempat tidur bersih dan rapi,Diulas 381 minggu lalu
https://www.traveloka.com/id-id/user/review/consumption/HOTEL/GENERAL/3000010022674,19,32,"Staf yang baik &amp; ramah. Pengalaman yang baik. Mudah check-in. Kamarnya membuat kami nyaman, seperti berada di rumah. Kamar bersih dan eksterior luar biasa. Sarapan yang enak. Pasti, santika akan kembali ke mega kota bekasi.",Diulas 381 minggu lalu
https://www.traveloka.com/id-id/user/review/consumption/HOTEL/GENERAL/3000010022674,19,33,Mantap dekat mal bersih pelayanan memuaskan juga ramah-ramah senang pokoknya bersama keluarga.,Diulas 381 minggu lalu
https://www.traveloka.com/id-id/user/review/consumption/HOTEL/GENERAL/3000010022674,19,34,"Lokasi strategis, makanan enak, nyaman dan pelayanan ramah.",Diulas 381 minggu lalu
https://www.traveloka.com/id-id/user/review/consumption/HOTEL/GENERAL/3000010022674,19,35,tempat yang bagus untuk beristirahat sebentar.,Diulas 381 minggu lalu
https://www.traveloka.com/id-id/user/review/consumption/HOTEL/GENERAL/3000010022674,19,36,"Pelayanan yang baik, makanan di restaurant yang enak dan kamar yang nyaman. Thankyou Santika ❤️",Diulas 381 minggu lalu
https://www.traveloka.com/id-id/user/review/consumption/HOTEL/GENERAL/3000010022674,19,37,"Kamar nyaman dan bersih. Saya mendapakan uogtade kamar, karena kamar yang saya pesan sedang full. Pelayanan ramah dan cepat. Sarapan variatif dengan rasa yang cukup enak, kekurangannya hanya di parkir yang agak sempit.",Diulas 381 minggu lalu
https://www.traveloka.com/id-id/user/review/consumption/HOTEL/GENERAL/3000010022674,19,38,"Kamarnya nyaman, buffet untuk breakfast banyak pilihan, dekat dengan banyak mall dan pusat keramaian.",Diulas 381 minggu lalu
https://www.traveloka.com/id-id/user/review/consumption/HOTEL/GENERAL/3000010022674,19,39,"Kamar nyaman hanya saja AC lama dingin, makanan enak dan bervariasi. Kalau bisa setiap kamar ada kulkasnya. Bekasi kan panas jadi butuh minuman yang dingin.",Diulas 382 minggu lalu
https://www.traveloka.com/id-id/user/review/consumption/HOTEL/GENERAL/3000010022674,19,40,"Mantap, nyaman, anak pun senang menu breaked enak banget.",Diulas 382 minggu lalu
https://www.traveloka.com/id-id/user/review/consumption/HOTEL/GENERAL/3000010022674,20,1,Pelayanannya kurang baik dan kamarnya tidak redey mengecewakan.,Diulas 382 minggu lalu
https://www.traveloka.com/id-id/user/review/consumption/HOTEL/GENERAL/3000010022674,20,2,Hotelnya bagus banget. Pelayanan oke. Fasilitas oke banget. Nyaman banget. Makanannya juga enak-enak. Ga nyesel nginep disini.,Diulas 382 minggu lalu
https://www.traveloka.com/id-id/user/review/consumption/HOTEL/GENERAL/3000010022674,20,3,"Setiap dinas ke Bekasi, hampir selalu menginap disini. Overall oke.",Diulas 382 minggu lalu
https://www.traveloka.com/id-id/user/review/consumption/HOTEL/GENERAL/3000010022674,20,4,"Kamar yang saya pesan superior king, saya coba upgrade deluxe. Tenyata bising sekali karena ada blower sebelah kanan kamar, dan sarapan kurang enak, setau saya santika terkenal enak-enak makanannya, jadi no recommended lah.",Diulas 382 minggu lalu
https://www.traveloka.com/id-id/user/review/consumption/HOTEL/GENERAL/3000010022674,20,5,"Waktu check-in, saya dikasih kamar yang salah, tidak sesuai dengan pesanan karena saya pesana kamar king atau queen size, dikasihnya twin bed. Lalu saya harus turun lagi ke lobby untuk info ulang. Setelah nunggu lebih dari setengah jam, saya diantar ke kamar baru yang ternyata setelah saya cek, merupakan ranjang twin juga cuma digabung jadi satu.",Diulas 382 minggu lalu
https://www.traveloka.com/id-id/user/review/consumption/HOTEL/GENERAL/3000010022674,20,6,"Kamar sesuai dengan pesanan, suasana nyaman dan bersih. Staf hotel ramah, sarapan banyak menu pilihan. Hotel berada di lokasi strategis Bekasi Barat, jadi kalau mau jalan ke Mal tinggal jalan kaki saja. Meski hotel berada di pusat kebisingan, suara tidak sampai ke dalam kamar. Dengan harga 500 ribuan sangat recommend untuk liburan.",Diulas 382 minggu lalu
https://www.traveloka.com/id-id/user/review/consumption/HOTEL/GENERAL/3000010022674,20,7,"Makanannya enak, kamarnya juga nyaman.",Diulas 382 minggu lalu
https://www.traveloka.com/id-id/user/review/consumption/HOTEL/GENERAL/3000010022674,20,8,"Lokasi strategis untuk kami yang memerlukan waktu yang singkat di bekasi. Di lantai 5 mal mega bekasi, sehingga mudah untuk belanja ataupun mengisi perut. Anak-anak suka dengan fasilitas kolam renang juga menu-menu saat sarapan rasanya enak. terima kasih Situs Traveloka dan santika.",Diulas 382 minggu lalu
https://www.traveloka.com/id-id/user/review/consumption/HOTEL/GENERAL/3000010022674,20,9,"Bagus dan menyenangkan sekali, menu breakfast sangat beraneka ragam setiap harinya.",Diulas 383 minggu lalu
https://www.traveloka.com/id-id/user/review/consumption/HOTEL/GENERAL/3000010022674,20,10,Layanan bagus Makanan enak. Fasilitas bagus Satu-satunya masalah adalah tidak semua sopir taksi tahu di mana lobi berada. Lobi dapat diakses dengan memasuki tempat parkir mal kemudian naik ke atap. Anda akan menemukannya di salah satu sudut. Semoga berhasil.,Diulas 383 minggu lalu
https://www.traveloka.com/id-id/user/review/consumption/HOTEL/GENERAL/3000010022674,20,11,"Sangat menyenangkan menginap di hotel santika mega city bekasi ini. pelayanannya baik, staf and crew ramah dan murah senyum, Terus yang paling penting pelayanannya responsif banget di saat kita membutuhkan sesuatu. design modern dari lobby utama, garden, Swimming pool sampai kamar yang membuat menginap lebih nyaman dan berkesan. Letaknya yang bersamaan dengan mal di pusat kota bekasi lebih memudahkan kita untuk mencari keperluan yang dibutuhkan. Than yang paling utama dan penting hotel ini menawarkan harga yang value for money. Jadi tidak perlu rogoh kocek dalam dalam untuk mendapatkan menginap yang berkesan di hotel ini. Terima kasih hotel santika mega city bekasi.",Diulas 383 minggu lalu
https://www.traveloka.com/id-id/user/review/consumption/HOTEL/GENERAL/3000010022674,20,12,Buat saya menginap di santika bersama keluarga kecil saya sangat menyenangkan dan ingin kembali lagi untuk liburan bersama kelaga. Pelayanannya baik dan makanannya juga cukup enak ya. Boleh lah info teman dan kelagi untuk menginap di Santika. Semoga bisa ditingkatkan lagi ya kenyamanan kamarnya dan juga pelayanannya. Thank you.,Diulas 383 minggu lalu
https://www.traveloka.com/id-id/user/review/consumption/HOTEL/GENERAL/3000010022674,20,13,"Pelayanan sangat memuaskan, walau saat menginap ada kendala di AC tapi ditanggi cepat oleh pihak hotel 👍",Diulas 383 minggu lalu
https://www.traveloka.com/id-id/user/review/consumption/HOTEL/GENERAL/3000010022674,20,14,"Parkiran terbatas di p5 rooftop yang dekat dengan pintu hotel, terlalu rapat dan satpam kurang tanggap dalam membantu memarkirkan. Kamar hotel seperti hotel budget dengan tidak menggunakan bathtub untuk tipe deluxe dengan harga 670 ribu per malam dan kurangnya sofa dikamar. Kolam renangnya pun sangat kecil.",Diulas 383 minggu lalu
https://www.traveloka.com/id-id/user/review/consumption/HOTEL/GENERAL/3000010022674,20,15,"Minta king size dibilang kehabisan dapat single padahal sudah request. Mana bawa anak kecil, AC split lama dinginnya! Padahal sudah minta juga di Traveloka, padahal sudah sering menginap di sini, kali ini bad banget.",Diulas 383 minggu lalu
https://www.traveloka.com/id-id/user/review/consumption/HOTEL/GENERAL/3000010022674,20,16,Pada tengah malam jam 00:30 receptionist hotel bernama Enggal menelepon ke kamar yang saya tempati. Saat itu saya sedang tertidur lelap. Receptionis tersebut menelpon menanyakan konfirmasi voucher hotel yang saya beli dari aplikasi online salah atau tidak. Ini sangat gila dan menggangu kenyaman saya sebagai pemakai kamar.. Management hotel tidak bisa menunggu sampai pagi untuk menanyakan hal tersebut,Diulas 383 minggu lalu
https://www.traveloka.com/id-id/user/review/consumption/HOTEL/GENERAL/3000010022674,20,17,"Ini pertama kalinya saya menginap disini, kesan pertama saat masuk ke kamar, kamar sangat pengap dan bau, AC pun bermasalah tidak bisa dingin, Tapi untunglah saya segera menelepon bagian resepsionist untuk minta diperbaiki dan teknisi segera sampai. Untuk makanannya enak, Tetapi ada beberapa makanan yang terlalu asin.",Diulas 383 minggu lalu
https://www.traveloka.com/id-id/user/review/consumption/HOTEL/GENERAL/3000010022674,20,18,Check-in: early check-in oke lah (kamar belum siap jadi upgrade dengan tambahan charge). Day 2: minta pindah kamar sesuai aplikasi tidak usah katanya. Pas check-out tetap dikenakan charge (saya tidak bersedia). Kena charge biaya laundry karena kasurnya kotor yang entah bekas siapa? (Pertama kalinya dalam sejarah menginap di hotel harus bayarkan laundry.) Payah.,Diulas 384 minggu lalu
https://www.traveloka.com/id-id/user/review/consumption/HOTEL/GENERAL/3000010022674,20,19,"Agak kecewa karena pintu belkonnya tidak bisa di buka mau pindh kamar penuh, padahal mau liat petasan di malam thun baru, hmm jadi di dalam kamar jadi deh.",Diulas 384 minggu lalu
https://www.traveloka.com/id-id/user/review/consumption/HOTEL/GENERAL/3000010022674,20,20,"Tempat ini sangat strategis di pusat bisnis bekasi. Dekat dengan pusat perbelanjaan, dekat untuk jalan raya dan makanan yang benar-benar enak. Tapi mungkin harus memperbaiki untuk AC di lorong-lorong ke kamar, tersedia untuk dua lift. Karena ketika pertama kali pengalaman saya, hanya satu lift fungsi pergi ke kamar. Layanan untuk semua staf, saya sudah 5 bintang. Makanan yang sangat baik dan rasanya sangat lezat. Secara keseluruhan saya sudah 8/10 untuk hotel. Terima kasih Hotel Santika atas pengalaman dan layanannya. Saya harap kita akan bertemu segera untuk petualangan lainnya. Ciao 🙂",Diulas 384 minggu lalu
https://www.traveloka.com/id-id/user/review/consumption/HOTEL/GENERAL/3000010022674,20,21,"Menyenangkan, ramah, anak breakfast bervariasi. Hanya saja agak bingung untuk masuknya jika tidak bawa mobil dan bila lewat mal yang sudah tutup aksesnya setelah jam 10 malam. Front office agak lama pelayanannya, cukup lama menunggu almost setengah jam-1 jam. selain itu keren, suka, tidak kapok untuk kesini lagi lain kali.",Diulas 384 minggu lalu
https://www.traveloka.com/id-id/user/review/consumption/HOTEL/GENERAL/3000010022674,20,22,"Kamar sedikit lebih sempit dibanding saya menginap pertama kali, kasurnya bunyi tapi it's oke lah. Kamar mandi bersih dan channel TV cukup variatif. Yang memuaskan adalah sarapannya sangat variatif dan enak, lokasi hotel yang masih satu gedung dengan mal dan bioskop, memudahkan untuk berbelanja dan mencari hiburan. Ada taman dan kolam renang yang bisa dipakai untuk bersantai bersama keluarga.",Diulas 384 minggu lalu
https://www.traveloka.com/id-id/user/review/consumption/HOTEL/GENERAL/3000010022674,20,23,"Staf di tempat breakfastnya pada judes. Karyawannya kurang hospitalitynya kecuali satpamnya, satpamnya baik dan sangat membantu.",Diulas 384 minggu lalu
https://www.traveloka.com/id-id/user/review/consumption/HOTEL/GENERAL/3000010022674,20,24,staf tidak memiliki keramahan yang baik.hanya keamanan memiliki keramahan yang baik,Diulas 384 minggu lalu
https://www.traveloka.com/id-id/user/review/consumption/HOTEL/GENERAL/3000010022674,20,25,Kamarnya nyaman dan bersih. Breakfastnya tidak mengecewakan. ada akses langsung ke mal.,Diulas 384 minggu lalu
https://www.traveloka.com/id-id/user/review/consumption/HOTEL/GENERAL/3000010022674,20,26,Layanan hebat. Staf yang membantu dan lokasi yang bagus.,Diulas 384 minggu lalu
https://www.traveloka.com/id-id/user/review/consumption/HOTEL/GENERAL/3000010022674,20,27,"Hotelnya sangat bersih dan bagus, nyaman dan pelayanannya sangat ramah. Makannya juga sangat enak.",Diulas 384 minggu lalu
https://www.traveloka.com/id-id/user/review/consumption/HOTEL/GENERAL/3000010022674,20,28,Great hotel dengan harga yang luar biasa sangat berharga. Kamar bersih dan menyenangkan dan sarapan seperti hotel bintang 5,Diulas 384 minggu lalu
https://www.traveloka.com/id-id/user/review/consumption/HOTEL/GENERAL/3000010022674,20,29,"Sempurna, harga murah, tapi ramah dan bagus.",Diulas 385 minggu lalu
https://www.traveloka.com/id-id/user/review/consumption/HOTEL/GENERAL/3000010022674,20,30,"Mantap, hotel ini sangat cocok untuk kegiatan bisnis, letaknya diatas mall, mudah untuk mendapatkan kebutuhan apapun, staff yg ramah, hotel yang bersuh, nyaman, dengan menu makanan yang banyak pilihan dengan rasa yg lezat. Dan semua itu sangat spesial dapat dirasakan dengan bioking menggunakan traveloka serta mebggunakan metode bayar paylater. Kemarin saya mendadak garus menerima tamu dari luar kota, karna kebetulan saya pengusaha kecil, sangat kesulitan untuk menjamu tamu mendakak, syukurlah ada metode paylater, sangat membantu saya sebagai pengusaha kecil, dengan dapat memberikan tamu yg terbaik, dengan viaya yg dapat diangsur tanpa bunga, sangat sangat sangat membantu. Thanks traveloka, thanks santika hotel",Diulas 385 minggu lalu
https://www.traveloka.com/id-id/user/review/consumption/HOTEL/GENERAL/3000010022674,20,31,"Harga sesuai kualitas pelayanan, breakfast variatif dan enak, sayang waktu kami hanya sebentar.",Diulas 385 minggu lalu
https://www.traveloka.com/id-id/user/review/consumption/HOTEL/GENERAL/3000010022674,20,32,"Sudah kesekian kalinya saya bermalam di hotel ini, tidak pernah menyesal sama sekali bahkan front office suda pada hafal karena sering kesana. Sukses untuk kedepannya Santika",Diulas 385 minggu lalu
https://www.traveloka.com/id-id/user/review/consumption/HOTEL/GENERAL/3000010022674,20,33,Bagus tapi AC tidak bekerja juga.,Diulas 385 minggu lalu
https://www.traveloka.com/id-id/user/review/consumption/HOTEL/GENERAL/3000010022674,20,34,"Kamar oke, kolam renang lumayan, makanan enak.",Diulas 385 minggu lalu
https://www.traveloka.com/id-id/user/review/consumption/HOTEL/GENERAL/3000010022674,20,35,Kamar yang bagus dan sarapan yang lezat.,Diulas 385 minggu lalu
https://www.traveloka.com/id-id/user/review/consumption/HOTEL/GENERAL/3000010022674,20,36,"Kamar bagus, pelayanan ramah, makanan enak. Hanya parkiran hotelnya rebutan dengan pengunjung mal dan bioskop.",Diulas 385 minggu lalu
https://www.traveloka.com/id-id/user/review/consumption/HOTEL/GENERAL/3000010022674,20,37,"Kami tinggal di Santika untuk tujuan rekreasi. Ketika saya memesan kamar saya diminta kamar superior dengan kamar bebas rokok. Tetapi ketika kami check in, supervisor mengatakan kepada kami bahwa kamar mereka penuh. Saya sangat kesal tetapi kemudian mereka menawari kami untuk meningkatkan ke kamar deluxe tanpa biaya kompensasi kami. Kamar nyaman dan kami tinggal di sana selama 2 malam tapi kami tidak mendapatkan air panas selama kami tinggal. Prasmanan itu baik, dan aku suka croissant yang mereka buat. Sangat lezat. Mungkin kita akan menginap lagi di Santika ketika kita membutuhkan momen menyegarkan. Terima kasih.",Diulas 385 minggu lalu
https://www.traveloka.com/id-id/user/review/consumption/HOTEL/GENERAL/3000010022674,20,38,"Kamar bersih, keramahan yang bagus, staf yang baik dan mereka sangat membantu, baik rasa sarapan.",Diulas 385 minggu lalu
https://www.traveloka.com/id-id/user/review/consumption/HOTEL/GENERAL/3000010022674,20,39,Menginap disini worth it sih. Cuma kurangnya kamarnya tidak connecting jadi agak susah kalau bawa keluarga yang kamarnya dapat agak jauh. Overall menyenangkan.,Diulas 385 minggu lalu
https://www.traveloka.com/id-id/user/review/consumption/HOTEL/GENERAL/3000010022674,20,40,"Lift naik dari mal ke hotel kalau sudah malam hari aneh, lampu tidak menyala tapi dia turun dan parahnya ketika masuk hotel pas mal tutup jam 10an, Lift itu dipake cleaning service mal hotel buat bawa sampah.",Diulas 385 minggu lalu
https://www.traveloka.com/id-id/user/review/consumption/HOTEL/GENERAL/3000010022674,21,1,"Apa yang anda rasakan bila sampai kamar, lalu tidak lama kemudian air AC menetes? itulah yang saya rasakan. AC-nya tidak dingin, maintainnya sangat buruk.",Diulas 385 minggu lalu
https://www.traveloka.com/id-id/user/review/consumption/HOTEL/GENERAL/3000010022674,21,2,untuk kunjungan singkat adalah pilihan yang baik dan baik di jantung kota bekasi,Diulas 385 minggu lalu
https://www.traveloka.com/id-id/user/review/consumption/HOTEL/GENERAL/3000010022674,21,3,"Kamar luas banget, plus ada balkon, kamar mandi juga luas. Puas banget anak lelarian di kamar. Ada sofa juga bisa sebagai ganti extra bed. sudah free acara tahun baru, live music dan fireworks. Beruntung banget masih dapat goshow di Situs Traveloka. Mau makan tinggal turun lift dibawahnya mal komplet ada bioskop dan supermarket juga, belanja baju dan lain-lain banyak. Sarapan santika selalu memuaskan, Variatif ada lokal dan western enak-enak pula. Walau ramai tapi tertangani dengan sangat baik, makanan di refill terus. sangat puas. Thanks Santika, Traveloka.",Diulas 385 minggu lalu
https://www.traveloka.com/id-id/user/review/consumption/HOTEL/GENERAL/3000010022674,21,4,"Fasilitas oke, nyaman, enak, mantap deh.",Diulas 385 minggu lalu
https://www.traveloka.com/id-id/user/review/consumption/HOTEL/GENERAL/3000010022674,21,5,"Saya memilih kamar utama. Harga terjangkau, kamarnya begitu luas tapi terasa sedikit &quot;kosong&quot; dari furnitur dan tidak memiliki balkon atau jendela. Sarapan cukup baik dengan pilihan terbatas.",Diulas 385 minggu lalu
https://www.traveloka.com/id-id/user/review/consumption/HOTEL/GENERAL/3000010022674,21,6,Hotelnya sangat nyaman. Enak untuk liburan keluarga.,Diulas 386 minggu lalu
https://www.traveloka.com/id-id/user/review/consumption/HOTEL/GENERAL/3000010022674,21,7,"Bagus, bersih tapi dapat view yang tidak bagus, biasa saja. WiFi lumayan. Padahal sudah minta waktu buat check-in lebih awal tapi tetep tidak bisa.",Diulas 386 minggu lalu
https://www.traveloka.com/id-id/user/review/consumption/HOTEL/GENERAL/3000010022674,21,8,"Pelayanannya bagus, hotelnya bersih, kolam renangnya nyaman.",Diulas 386 minggu lalu
https://www.traveloka.com/id-id/user/review/consumption/HOTEL/GENERAL/3000010022674,21,9,"Kamarnya nyaman, bersih, sesuai harapan, pelayanannya baik, makanannya enak. Tentu saya akan kembali lagi untuk menginap disini.",Diulas 386 minggu lalu
https://www.traveloka.com/id-id/user/review/consumption/HOTEL/GENERAL/3000010022674,21,10,"Hotel berada tepat dengan mal, tidak perlu jauh jauh untuk cari makan, kebetulan bertepatan acara tahun baru dan acaranya seru dan tidak membosankan.",Diulas 386 minggu lalu
https://www.traveloka.com/id-id/user/review/consumption/HOTEL/GENERAL/3000010022674,21,11,Sangat nyaman untuk berlibur bersama keluarga.,Diulas 386 minggu lalu
https://www.traveloka.com/id-id/user/review/consumption/HOTEL/GENERAL/3000010022674,21,12,"Saya menikmati kamar. Tapi, sarapan agak mengecewakan. Ikan itu sangat kering, kebanyakan kosong, dan butuh waktu lama untuk diisi kembali",Diulas 386 minggu lalu
https://www.traveloka.com/id-id/user/review/consumption/HOTEL/GENERAL/3000010022674,21,13,"Tempatnya bagus, nyaman. pelayanannya juga ramah, kamar tidurnya rapi bersih dan wallpapernya cocok untuk foto endorse dan lain-lain. Gua rekomendasikan ini tempat, tidak akan menyesal.",Diulas 386 minggu lalu
https://www.traveloka.com/id-id/user/review/consumption/HOTEL/GENERAL/3000010022674,21,14,"Dinding kamar superiornya agak kotor tapi bersih, makanan bervariasi, kolam renang agak kecil. Suara bioskop agak kedengaran di kamar, overall is oke.",Diulas 386 minggu lalu
https://www.traveloka.com/id-id/user/review/consumption/HOTEL/GENERAL/3000010022674,21,15,Hotel yang bagus di lokasi terbaik dan sangat nyaman,Diulas 386 minggu lalu
https://www.traveloka.com/id-id/user/review/consumption/HOTEL/GENERAL/3000010022674,21,16,Hotel yang bagus di lokasi terbaik dan sangat nyaman,Diulas 386 minggu lalu
https://www.traveloka.com/id-id/user/review/consumption/HOTEL/GENERAL/3000010022674,21,17,"Kamar cukup bersih, pelayanan ramah.",Diulas 386 minggu lalu
https://www.traveloka.com/id-id/user/review/consumption/HOTEL/GENERAL/3000010022674,21,18,"Standar lah, hotel 3 bintang, paling plus, serasa ada bioskop pribadi, tepat di samping xxi, minusnya view di 80 1terbatas.",Diulas 386 minggu lalu
https://www.traveloka.com/id-id/user/review/consumption/HOTEL/GENERAL/3000010022674,21,19,"Saya pesan superior king, karena sesuatu hal di free upgrade ke deluxe king. Kamar tdk ada kulkas, lemari, bath tub. Baru dpt fasilitas tsb sprtinya di kelas premier. Wifi tdk bs digunakan. Kartu akses hnya bisa diberikan 1 dan ini menyulitkan, terutama karena berpergian bersama anak2. Agak sulit menghubungi FO, beberapa kali telpon tidak diangkat. Akhirnya turun ke bawah. Banyak hal yang tidak sesuai dengan buku Hotel Information seperti tidak adanya sentra bisnis, tidak bs telpon keluar (selain hotel), juga tidak ada newspaper yg diantar ke kamar. Mungkin itu utk kelas Premier jg. Balkon yg jdi nilai tambah kamar deluxe, ternyata dikunci, dan kunci tidak bs ditinggal di kamar. Sebaiknya kunci digantung di rolling doornya agar bs dibuka-kunci sesuai keinginan tamu. Toilet juga sedikit menganggu karena kloset duduknya tidak sesuai harapan (bukan menggunakan hand shower sprti yg nyaman digunakan orang Indo). Yg jadi nilai tambah adalah karyawannya ramah, akses yg mudah ke mall Mega city, dan menu breakfastnya benar2 kualitas Santika: enak dan amat bervariasi. Kamarnya jg luas, semua fasilitas lain sprti AC- TV- bathroom Shower-electric pot, berfungsi baik. Akses lift mudah (tidak crowded/ lama), ada kolam renang dan gym. Terimakasih Santika.",Diulas 386 minggu lalu
https://www.traveloka.com/id-id/user/review/consumption/HOTEL/GENERAL/3000010022674,21,20,Check-in jam 16.00 tapi tetap saja harus nunggu 15-20 menit lebih. Sengaja telat maksudnya datang langsung masuk. Dan AC-nya tidak dingin sama sekali.,Diulas 386 minggu lalu
https://www.traveloka.com/id-id/user/review/consumption/HOTEL/GENERAL/3000010022674,21,21,"Bagus tempatnya, nyaman, makanannya enak-enak.",Diulas 386 minggu lalu
https://www.traveloka.com/id-id/user/review/consumption/HOTEL/GENERAL/3000010022674,21,22,"Lokasi sangat bagus, karena berada di pusat keramaian kota Bekasi, conecting dengan Mega Mall Bekasi, sehingga sangat gampang kalo mau kuliner, dekat pintu tol Bekasi Barat. Makanan bervariasi, enak, anak saya menyukainya... Hanya saja pengalaman kurang nyaman di kamar seperti banyak suara tikus di plafond, hal ini cukup aneh, suara kamar lain masuk ke dalam kamar... selebihnya cukup menyenangkan..",Diulas 386 minggu lalu
https://www.traveloka.com/id-id/user/review/consumption/HOTEL/GENERAL/3000010022674,21,23,"Saya pesan king size, tapi karena sedang acara jadi berisik. Dan dia bilang bisa pindah kamar, tapi pas pindah malah dikasih twin bed. Dan dia bilang tidak ada lagi kamarnya, masa tidak ada solusi untuk kenyamanan CS, kalau di hotel lain mungkin sudah free upgrade kamar kalau seperti itu. Untuk sarapan juga tidak ditawari kopi/teh. makanan asin. Sudah jauh-jauh datang check-in jam 1:40 tidak bisa. kecewa tidak akan kembali lagi.",Diulas 386 minggu lalu
https://www.traveloka.com/id-id/user/review/consumption/HOTEL/GENERAL/3000010022674,21,24,Service check-in lama dan service tidak ramah.,Diulas 386 minggu lalu
https://www.traveloka.com/id-id/user/review/consumption/HOTEL/GENERAL/3000010022674,21,25,"Sangat baik dan delat dengan pusat perkotaan, Akses yang mudah ke mal dan delat dengan pintu tol semakin mempermudah akses disetiap kesibukan dengan padatnya rutinitas.",Diulas 387 minggu lalu
https://www.traveloka.com/id-id/user/review/consumption/HOTEL/GENERAL/3000010022674,21,26,"Memenangkan, dekat dengan tempat makan, ruangan bersih dan rapi.",Diulas 387 minggu lalu
https://www.traveloka.com/id-id/user/review/consumption/HOTEL/GENERAL/3000010022674,21,27,Tempat yang bagus untuk beristirahat dengan kekasihmu.,Diulas 387 minggu lalu
https://www.traveloka.com/id-id/user/review/consumption/HOTEL/GENERAL/3000010022674,21,28,"Enak tempatnya, dekat mal dan ada bioskop.",Diulas 387 minggu lalu
https://www.traveloka.com/id-id/user/review/consumption/HOTEL/GENERAL/3000010022674,21,29,"Dari segi kamar oke, sarapan juga oke, cuma dari segi pelayanan saja kurang sigap dan kurang ramah.",Diulas 387 minggu lalu
https://www.traveloka.com/id-id/user/review/consumption/HOTEL/GENERAL/3000010022674,21,30,"Hotelnya bagus, kamar bersih, makanannya enak-enak.",Diulas 387 minggu lalu
https://www.traveloka.com/id-id/user/review/consumption/HOTEL/GENERAL/3000010022674,21,31,"Front line kurang ramah-saya datang dari jauh, smp hotel jam 13.30 ditolak, harus jam 14.00 padahal sudah bayar lewat booking. Pegawai ruang makan lambat dalam membersihkan meja-meja, sehingga nampak kumuh, tamu bingung mencari meja yang bersih.",Diulas 387 minggu lalu
https://www.traveloka.com/id-id/user/review/consumption/HOTEL/GENERAL/3000010022674,21,32,"Menginap di sini selama 3 hari, 2 malam untuk liburan akhir pekan bersama keluarga. Begitu banyak perbaikan yang perlu dilakukan hotel ini. 1. Memesan kamar untuk tempat tidur twin dan resepsi memberi kami kamar tempat tidur queen, itu diselesaikan dengan penggantian kamar setelah 20 menit menunggu di kamar yang salah. 2. Mereka memiliki balkon tetapi terkunci untuk alasan keamanan (jadi anggap saja tidak ada balkon di kamar). 3. Gang terlalu panas, bahkan karyawan mengatakan kepada kami bahwa mereka kadang-kadang menyalakan pendingin udara gang mereka. 4. Sama halnya dengan lift, mereka memiliki 2 unit tetapi hanya menyalakan 1 lift yang membuat lift sering penuh dan membuat kita menunggu terlalu lama. 5. Sarapan hanya untuk 2 orang. Di atas 5 tahun, anak-anak juga akan dikenakan biaya. 6. Kolam renangnya terlalu kecil dan lantainya juga licin, terlihat dua tamu hotel merasa lemas karena lantainya licin. Sebagai kesimpulan .. hotel ini bukan untuk tujuan liburan keluarga, mungkin cukup baik untuk pelancong bisnis. Tapi tidak baik untuk liburan akhir pekan keluarga. Lebih baik bertahan dengan h * rris bekasi lainnya",Diulas 387 minggu lalu
https://www.traveloka.com/id-id/user/review/consumption/HOTEL/GENERAL/3000010022674,21,33,"Kamar luas dan bersih, fasilitas lengkap, pelayanan ramah, menu sarapan juga sangat memuaskan, recommended banget untuk menginap kembali di sini.",Diulas 387 minggu lalu
https://www.traveloka.com/id-id/user/review/consumption/HOTEL/GENERAL/3000010022674,21,34,"Lokasi strategis, tempat tepat di atasi mal sega bekasi. Sayang akses ke hotel agak susah. Lift digunakan bersama dengan pengunjung mal, jadi lama, terus kebersihan kamar kurang, kolam renang juga agak kotor, pelayan lumayan ramah. Makanan enak.",Diulas 387 minggu lalu
https://www.traveloka.com/id-id/user/review/consumption/HOTEL/GENERAL/3000010022674,21,35,"Semua staff nya ramah dan menolong, cm waktu itu saya dateng kamar ac g dingin minta ganti kamar awalnya g bs krn kamar penuh dan saya hrs nunggu ac di cuci dl, tp sy tetap mau ganti kamar dr lt.7 akhirnya di kasih lt.9 dah tuh sampai di atas kunci kamar g bisa di pakai, sy udah cape minta cleaning service tuk tuker kunci krn saya dah cape bolak balik masalah kamar, kita sempat nunggu d lorong kamar krn blm ada yg datang ksh kunci, anak saya dah BT akhirnya saya pun BT jg, g lama akhirnya dateng petugas ya kasih kunci kamar, kita masuk kamar sekitar jam 15.30 dari kedatangan saya yg jam 12.30, anak saya dah ribut aj lapar n cape, beruntungnya dari depan sampai semua staff yg saya minta tolong ramah ramah dan mau nolong dengan sigap jd agak ilang jg kesel saya nya... selain itu semua fine aj, sarapan walau kurang variasi tp cukup lah....",Diulas 387 minggu lalu
https://www.traveloka.com/id-id/user/review/consumption/HOTEL/GENERAL/3000010022674,21,36,"Kamarnya nyaman sesuai apa yang difoto bahkan kami diberikan upgrade gratis. Semua berfungsi dengan baik TV, air panas, perlengkapan mandi, pemanas air kopi/teh dan lain-lain. Menu makanan sarapan pagi yang cukup enak dan banyak varian menu yang ditawarkan. Hanya saja AC di kamar kami kurang begitu dingin.",Diulas 387 minggu lalu
https://www.traveloka.com/id-id/user/review/consumption/HOTEL/GENERAL/3000010022674,21,37,"AC-nya kurang dingin, sudah 2 kali komplain tapi perubahannya kurang signifikan.",Diulas 387 minggu lalu
https://www.traveloka.com/id-id/user/review/consumption/HOTEL/GENERAL/3000010022674,21,38,"Hotelnya bagus banget, kolam renangnya juga oke. Makanannya banyak dan variasinya banyak. Cocok untuk stay keperluan pekerjaan maupun liburan keluarga. Akses mudah dan dekat dengan bioskop (kepleset nyampe) very recommended. 👍🏼Thanks Santika.",Diulas 387 minggu lalu
https://www.traveloka.com/id-id/user/review/consumption/HOTEL/GENERAL/3000010022674,21,39,"kamarnya besar, bersih, nyaman .. kolam renangnya juga bagus .. saya akan segera kembali, pasti",Diulas 387 minggu lalu
https://www.traveloka.com/id-id/user/review/consumption/HOTEL/GENERAL/3000010022674,21,40,"Airnya hitam, kotor proses penanganannya cukup lama.",Diulas 387 minggu lalu
https://www.traveloka.com/id-id/user/review/consumption/HOTEL/GENERAL/3000010022674,22,1,"Kamar kecil, tidak ada pemandangan, pelayanan lambat.",Diulas 387 minggu lalu
https://www.traveloka.com/id-id/user/review/consumption/HOTEL/GENERAL/3000010022674,22,2,"Kamar yang bagus (tidak ada 629), fettuccini carbonara dan steak sirloin yang lezat, menu sarapan yang lezat ... mengagumkan ... tapi satu kekurangannya adalah tidak ada kartu tambahan untuk kamar saya pada hari itu tetapi semuanya baik untuk saya",Diulas 387 minggu lalu
https://www.traveloka.com/id-id/user/review/consumption/HOTEL/GENERAL/3000010022674,22,3,"Hotel ini sangat puas, harusnya hotel ini sudah binatang 5, lokasinya strategis mudah mau kemana-mana, pelayanannya oke, tapi AC-nya kemarin kurang dingin, tapi mantul banget, tidak kalah sama hotel yang sudah binatang 5 meskipun masih bintang 3. 😍",Diulas 387 minggu lalu
https://www.traveloka.com/id-id/user/review/consumption/HOTEL/GENERAL/3000010022674,22,4,"Kami, saat perjalanan bisnis sudah beberapa kali menginap di hotel ini, breakfastnya enak, akses ke pusat belanja/makan dekat. Parkir mudah kecuali (akhir minggu). Sayangnya saat kemarin tanggal 17 saya menginap sedang ada perbaikan pipa, Jadi air sedikit keruh meskipun terobati dengan pemberitahuan dari manajemen. Ke depan saya tetap pilih hotel santika mega city bekasi.",Diulas 388 minggu lalu
https://www.traveloka.com/id-id/user/review/consumption/HOTEL/GENERAL/3000010022674,22,5,"Nice room and clean, breakfast variasinya lengkap, dekat dengan business poin. Memudahkan saya dalam business trip.",Diulas 388 minggu lalu
https://www.traveloka.com/id-id/user/review/consumption/HOTEL/GENERAL/3000010022674,22,6,Baik dan enak. Suara dari luar tidak terdengar jadi nyaman.,Diulas 388 minggu lalu
https://www.traveloka.com/id-id/user/review/consumption/HOTEL/GENERAL/3000010022674,22,7,"Sebenarnya hotel ini cukup bagus untuk standard 3 bintang, cuma ada beberapa hal yang kurang berkenan bagi saya. Sewaktu mau cek in, Security yang bertugas di pintu masuk tidak mau membantu saat melihat saya masuk dengan membawa sebuah koper dan tas-tas kecil. Sewaktu masuk kamar kami tidak memperhatikan sekeliling karena kami langsung keluar dan kembali malam hari. Ternyata saat kami kembali ke kamar, Suara bisong dari luar sangat mengganggu sampai kami tidak bisa tidur. Suami turun ke bawah melapor pada petugas front office dan dijawab akan segera meminta petugas untuk mengecek. Ternyata sampai pagi tidak ada seorang pun yang datang. Jadi semalaman kami susah tidur. Ternyata setelah kami buka tirainya, di luar kamar kami terdapat beberapa “cerobong” besar. Bagi yang mau menginap di sini, saya sarankan jangan mau dikasih kamar nomer 652 dan samping kiri kanannya. Dijamin akan terganggu tidurnya karena suara “cerobong” nya bising sekali.",Diulas 388 minggu lalu
https://www.traveloka.com/id-id/user/review/consumption/HOTEL/GENERAL/3000010022674,22,8,Air yang keruh dikamar mandi jadi tidak nyaman untuk mandi dan lain-lain.,Diulas 388 minggu lalu
https://www.traveloka.com/id-id/user/review/consumption/HOTEL/GENERAL/3000010022674,22,9,"Saat check-in kamar belum tersedia. Harus menunggu. Kloset kotor. Komplain kemudian dibersihkan. AC tidak dingin. Akhirnya diperbaiki. Sprei dan sarung bantal ada bercak, mungkin laundrynya kurang bersih, petugas cepat ganti yang baru. Makanan biasa saja. Lorong menuju kamar sangat panas serasa tidak ada AC. Fitur kamar tidak sesuai premiere room king tapi tidak ada kulkas.",Diulas 388 minggu lalu
https://www.traveloka.com/id-id/user/review/consumption/HOTEL/GENERAL/3000010022674,22,10,"Lokasi sangat bagus. Mudah untuk menemukan makanan dan hal-hal lain karena hotel ini terletak di atas mal Megacity. Ini memiliki akses langsung ke mal. Sarapannya enak. Kamarnya cukup tapi bantalnya &quot;keras&quot;, membuatku susah tidur. Staf hotel responsif dan bermanfaat.",Diulas 388 minggu lalu
https://www.traveloka.com/id-id/user/review/consumption/HOTEL/GENERAL/3000010022674,22,11,Hotelnya bagus dan stafnya juga ramah. Terima kasih kepada Bapak Enggal atas peningkatan kamar yang diberikan.,Diulas 388 minggu lalu
https://www.traveloka.com/id-id/user/review/consumption/HOTEL/GENERAL/3000010022674,22,12,Samping kamar berisik dan AC tidak dingin.,Diulas 388 minggu lalu
https://www.traveloka.com/id-id/user/review/consumption/HOTEL/GENERAL/3000010022674,22,13,Hotel tidak cocok untuk padangan bulan madu. Karena suara di dalam kamar dapat terdengar di keluar/lorong.,Diulas 388 minggu lalu
https://www.traveloka.com/id-id/user/review/consumption/HOTEL/GENERAL/3000010022674,22,14,"Sudah sering menginap disini, tidak pernah bosan.",Diulas 389 minggu lalu
https://www.traveloka.com/id-id/user/review/consumption/HOTEL/GENERAL/3000010022674,22,15,"Pelayanannya ramah, bersih dan nyaman dekat dengan mall.",Diulas 389 minggu lalu
https://www.traveloka.com/id-id/user/review/consumption/HOTEL/GENERAL/3000010022674,22,16,"Bersih, nyaman, tapi CS kurang ramah, kurang senyum.",Diulas 389 minggu lalu
https://www.traveloka.com/id-id/user/review/consumption/HOTEL/GENERAL/3000010022674,22,17,"Hotel yang ada dalam mal dan bersebelahan dengan amaroosa grande, cocok untuk kegiatan pertemuan dengan peserta yang cukup banyak. Kamarnya nyaman dengan view yang menarik.",Diulas 389 minggu lalu
https://www.traveloka.com/id-id/user/review/consumption/HOTEL/GENERAL/3000010022674,22,18,"Variasi sarapan banyak, dekat dengan mal hanya sayangnya lift gabung dengan pengunjung. Ukuran bed pun bukan yang king hanya yang double standar saja padahal di infonya king size. Ukuran kamar juga terlalu sempit. Lokasi cukup strategis.",Diulas 389 minggu lalu
https://www.traveloka.com/id-id/user/review/consumption/HOTEL/GENERAL/3000010022674,22,19,"Pengalaman menyenangkan karena kamarnya luas, bersih, view di bawah langsung kolam renang, sarapan pagi cukup enak dan banyak macam.",Diulas 389 minggu lalu
https://www.traveloka.com/id-id/user/review/consumption/HOTEL/GENERAL/3000010022674,22,20,Saya sangat senang setiap kali saya harus tinggal di sini.,Diulas 389 minggu lalu
https://www.traveloka.com/id-id/user/review/consumption/HOTEL/GENERAL/3000010022674,22,21,"Dengan sangat bangga, kesan saya sangat puas, tolong saran saya dijaga keharmonisan kita, (hotel dan saya sebagai mengunjung), terima kasih saya ucapkan selama saya menginap di hotel santika, sukses selalu.",Diulas 389 minggu lalu
https://www.traveloka.com/id-id/user/review/consumption/HOTEL/GENERAL/3000010022674,22,22,"Kamar indah ada balkon, makanan enak pilihan banyak, hotel di bawah mall.",Diulas 389 minggu lalu
https://www.traveloka.com/id-id/user/review/consumption/HOTEL/GENERAL/3000010022674,22,23,"Ini adalah pengalaman pertama saya tinggal di sini. Kualitas jaringan wifi sangat lambat dan sulit untuk terhubung. Namun, jika dibandingkan dengan hotel sejenis lainnya. Hotel ini adalah salah satu pilihan yang tepat. Lokasi yang sangat strategis dengan pusat perbelanjaan, tol, fasilitas publik, dan bangunan yang sangat nyaman.",Diulas 389 minggu lalu
https://www.traveloka.com/id-id/user/review/consumption/HOTEL/GENERAL/3000010022674,22,24,"Saya perlu sering datang ke Indonesia untuk berbisnis. Saya menginap di hotel ini 1-2 kali sebulan. Saya menginap di sana selama 2 malam. Saya menemukan bahwa pemanas air di kamar mandi tidak berfungsi. Saya melaporkan ke resepsi keesokan paginya dan mereka berjanji akan meminta tim teknis untuk memeriksanya. Ketika saya kembali di malam yang sama, pemanas tidak berfungsi. Jika tidak bisa diperbaiki, mengapa tidak ada informasi atau solusi alternatif. Saya telah menyoroti formulir tanggapan hotel tetapi tidak ada yang mau repot-repot kembali kepada saya. Sarapan memiliki pilihan terbatas. Sekarang roti tidak perlu repot-repot untuk meletakkannya di bawah pemanas cahaya agar tetap hangat. Manajemen dan layanan yang sangat buruk",Diulas 389 minggu lalu
https://www.traveloka.com/id-id/user/review/consumption/HOTEL/GENERAL/3000010022674,22,25,"Tempatnya yang sangat strategis dekat dengan tol dengan fasilitas bisa belanja. Bisa ke restoran juga bisa menikmati nonton film di xxi Giant Bekasi. Kamar sangat nyaman dan bersih. Harga lumayan terjangkau, terima kasih hotel Santika, terima kasih.",Diulas 390 minggu lalu
https://www.traveloka.com/id-id/user/review/consumption/HOTEL/GENERAL/3000010022674,22,26,"Sangat tenang, makanan bagus, sangat recommended untuk liburan bersama keluarga maupun perjalanan bisnis.",Diulas 390 minggu lalu
https://www.traveloka.com/id-id/user/review/consumption/HOTEL/GENERAL/3000010022674,22,27,Saya suka tempat ini karena dekat dengan area perbelanjaan dan tempat parkir tidak berbagi dengan orang lain.,Diulas 390 minggu lalu
https://www.traveloka.com/id-id/user/review/consumption/HOTEL/GENERAL/3000010022674,22,28,"Hotelnya nyaman, bersih, makanannya lumayan enak. Lumayan buat relaksasi sesaat.",Diulas 390 minggu lalu
https://www.traveloka.com/id-id/user/review/consumption/HOTEL/GENERAL/3000010022674,22,29,Hotel yang cukup tenang di kota Bekasi. Akses mal dan XXI sangat mudah.,Diulas 390 minggu lalu
https://www.traveloka.com/id-id/user/review/consumption/HOTEL/GENERAL/3000010022674,22,30,"Pengalaman terburuk yang pernah ada! 1. Memberitahu resepsionis ketika saya check in bahwa saya akan check out terlambat. Dia bilang dia bisa memberi saya jam 2 siang. 2. Pagi ini setelah sarapan, saya mengkonfirmasi ke resepsionis bahwa saya akan check out jam 2 siang seperti kata resepsionis sebelumnya. Dia bilang ok. 3. Sebelum jam 1 siang, tiba-tiba seseorang masuk ke kamar saya. Dia membuka pintu tanpa izin saya dan bertanya apakah saya ingin memperpanjang atau memeriksa. Saya bilang saya akan check out jam 2 siang. 4. Pada jam 1 siang, listrik terputus dan telepon tidak berfungsi. 5. Saya dipanggil untuk menyalakan listrik karena sangat gelap. 6. Seseorang muncul pada pukul 1.25 siang dan meletakkan kartu baru untuk menyalakan listriknya. 7. Ketika saya check out pukul 2 siang, Pak Arif dari resepsionis mengatakan saya harus membayar biaya check out terlambat. Tinggal jauh dari hotel ini!",Diulas 390 minggu lalu
https://www.traveloka.com/id-id/user/review/consumption/HOTEL/GENERAL/3000010022674,22,31,Lokasi hotel cukup strategis karena di kawasan mal dan dekat dengan lokasi strategis lainnya. Kekurangannya hanya terkait tempat parkir kendaraan roda 4 di lantai 5 yang terbatas kapasitas lahan parkirnya.,Diulas 390 minggu lalu
https://www.traveloka.com/id-id/user/review/consumption/HOTEL/GENERAL/3000010022674,22,32,"Lokasi strategis banget nih. Kamar oke, bersih dan makanan, enak, ada 1 makanan pas breakfast yang saya suka, rasanya amazing, mie kuah ikan. Enak banget.",Diulas 390 minggu lalu
https://www.traveloka.com/id-id/user/review/consumption/HOTEL/GENERAL/3000010022674,22,33,"Sangat puas dengan pelayanan, bersih dan lokasi strategis di tengah kota dan pusat perbelanjaan, makanan enak dan banyak pilihan. Kalau ke Bekasi pasti akan ke hotel ini lagi.",Diulas 390 minggu lalu
https://www.traveloka.com/id-id/user/review/consumption/HOTEL/GENERAL/3000010022674,22,34,"Sesuai harapan, suasana juga sangat memuaskan.",Diulas 390 minggu lalu
https://www.traveloka.com/id-id/user/review/consumption/HOTEL/GENERAL/3000010022674,22,35,"Dua kali menginap disini pelayanan bagus saat pas kita mandi aliran airnya mampet teknisi cepat datang. ada swimmin poolnya untuk anak. kalau sore adem. Hotelnya jadi satu sama mal giant hypermat sehingga mudah untuk cari makan dan lain-lain. So far good, thanks Situs Traveloka.",Diulas 390 minggu lalu
https://www.traveloka.com/id-id/user/review/consumption/HOTEL/GENERAL/3000010022674,22,36,"Pengalaman menginap disini sangat memuaskan. Ketika tiba, disambut security dan recepsionist yang ramah banget. Diupgrade ke kamar deluxe, karena minta yang single bed, tapi tipe kamar yang dipesan hanya yang twin bed. Menu sarapannya variatif dan enak-enak makanannya, paling suka kolak ubi dan kacang hijaunya. Kalau ke Bekasi lagi, mau menginap disini lagi.",Diulas 391 minggu lalu
https://www.traveloka.com/id-id/user/review/consumption/HOTEL/GENERAL/3000010022674,22,37,"Tidak di sediakan parkiran motor, hanya yang memiliki mobil yang bisa parkir di depan Santika.",Diulas 391 minggu lalu
https://www.traveloka.com/id-id/user/review/consumption/HOTEL/GENERAL/3000010022674,22,38,"Nasi itu terasa seperti belum matang sempurna, masih terasa seperti nasi, dan perutku tidak enak sepanjang hari.",Diulas 391 minggu lalu
https://www.traveloka.com/id-id/user/review/consumption/HOTEL/GENERAL/3000010022674,22,39,"Hotelnya bersih, pelayanan recepsionistnya sangat ramah sekali. Hanya saja sarapan masih harus diubah lagi untuk menunya, agar lebih bervariasi.",Diulas 391 minggu lalu
https://www.traveloka.com/id-id/user/review/consumption/HOTEL/GENERAL/3000010022674,22,40,"Kamar luas, bersih, wangi, pelayanannya oke, makanannya enak.",Diulas 391 minggu lalu
https://www.traveloka.com/id-id/user/review/consumption/HOTEL/GENERAL/3000010022674,23,1,"Overall bagus, namun ada beberapa yang perlu diperbaiki seperti masuk dari mal yang tidak jelas, lamanya check-in, dan sarapan yang jam 8 sudah habis.",Diulas 391 minggu lalu
https://www.traveloka.com/id-id/user/review/consumption/HOTEL/GENERAL/3000010022674,23,2,"Kamar bersih, sarapan enak, cuma suara dari luar kalau orang lewat dan suara orang lagi ngobrol kedengaran cukup keras.",Diulas 391 minggu lalu
https://www.traveloka.com/id-id/user/review/consumption/HOTEL/GENERAL/3000010022674,23,3,Hotelnya dekat mal mau. Lokasi di pusat kota bekasi.,Diulas 391 minggu lalu
https://www.traveloka.com/id-id/user/review/consumption/HOTEL/GENERAL/3000010022674,23,4,"Kalau bawa motor, susah aksesnya karena diparkir di mall dan sulit untuk menuju liftnya. Saya pesan kamar superior, di fotonya terlihat besar. Ternyata kamar sedikit kecil. Sarapannya standar, tapi seharusnya bisa lebih baik. The good thing is kamarnya wangi. Peralatan lengkap, dan bisa request beberapa complimentary seperti hair dryer.",Diulas 391 minggu lalu
https://www.traveloka.com/id-id/user/review/consumption/HOTEL/GENERAL/3000010022674,23,5,"Bagus banget hotelnya, liburan ber 2 istri saya jadi tambah mengasyikan, puas juga pake Traveloka paylater, Baby moon ber dua istri jadi tambah 😘",Diulas 391 minggu lalu
https://www.traveloka.com/id-id/user/review/consumption/HOTEL/GENERAL/3000010022674,23,6,"Klasik, nyaman seperti di rumah sendiri. Recommended banget buat pecinta keunikan karyanya, yang kurang hanya sedikit pemandangan saja.",Diulas 391 minggu lalu
https://www.traveloka.com/id-id/user/review/consumption/HOTEL/GENERAL/3000010022674,23,7,"Nyaman, bersih, makin ditingkatkan kembali pelayanannya.",Diulas 391 minggu lalu
https://www.traveloka.com/id-id/user/review/consumption/HOTEL/GENERAL/3000010022674,23,8,"Lokasinya sangat strategis, dekat gerbang keluar tol Bekasi Barat, hotel ini terletak di atas mal terkenal di Bekasi, ada banyak restoran, supermarket dan department store. Ada kolam renang. Makanannya enak.",Diulas 392 minggu lalu
https://www.traveloka.com/id-id/user/review/consumption/HOTEL/GENERAL/3000010022674,23,9,"Kamarnya luas, nyaman, bersih. Kamar mandinya juga bersih.",Diulas 392 minggu lalu
https://www.traveloka.com/id-id/user/review/consumption/HOTEL/GENERAL/3000010022674,23,10,Hotel yang bagus dengan harga dan biaya murah!,Diulas 392 minggu lalu
https://www.traveloka.com/id-id/user/review/consumption/HOTEL/GENERAL/3000010022674,23,11,"Kekurangan hotel ini, akses ke mal yang terdekat hanya lift yang disatukan sama pengunjung mal, Jadi penuh liftnya, parkiran agak sempit sisanya bagus.",Diulas 392 minggu lalu
https://www.traveloka.com/id-id/user/review/consumption/HOTEL/GENERAL/3000010022674,23,12,"Senang sekali kemarin memutuskan untuk menginap disini. Kamar saya diupgrade ke premiere room dari sebelumnya deluxe room tanpa charge lagi. Hotel berintegrasi dengan giant mal, jadi sangat memudahkan untuk mencari barang-barang yang harus dibeli dan membeli makan siang dan makan malam untuk sarapan, variasi makanan cukup banyak dan lezat. Pasti akan kembali lagi kesini bersama keluarga.",Diulas 392 minggu lalu
https://www.traveloka.com/id-id/user/review/consumption/HOTEL/GENERAL/3000010022674,23,13,kamar bersih lokasi bagus dekat xxi,Diulas 393 minggu lalu
https://www.traveloka.com/id-id/user/review/consumption/HOTEL/GENERAL/3000010022674,23,14,"Kamar yang bagus untuk menginap. Nyaman juga, keramahan yang baik dengan layanan makanan / kamar yang baik juga. Terima kasih!",Diulas 393 minggu lalu
https://www.traveloka.com/id-id/user/review/consumption/HOTEL/GENERAL/3000010022674,23,15,"kamar bersih, sarapan lezat, arsitektur indah",Diulas 393 minggu lalu
https://www.traveloka.com/id-id/user/review/consumption/HOTEL/GENERAL/3000010022674,23,16,"Lumayan, tapi resepsionisnya kurang ramah mbak-mbaknya tu yang malam kurang senyum. Menu sarapannya banyak tapi kurang enak, kurang senyum.",Diulas 393 minggu lalu
https://www.traveloka.com/id-id/user/review/consumption/HOTEL/GENERAL/3000010022674,23,17,Saya memiliki staycation paling menyenangkan,Diulas 393 minggu lalu
https://www.traveloka.com/id-id/user/review/consumption/HOTEL/GENERAL/3000010022674,23,18,"Mulai dari proses check in dibantu oleh team FO yang ramah hingga pelayanan room service yang baik. Sedikit catatan bagi hotel, harap dipastikan ketersediaan parkir bagi tamu hotel karena kami lihat banyak pengunjung bioskop juga yang parkir di hotel jadi tamu hotel kesulitan untuk parkir. Lalu pada saat sarapan kalau bisa lebih cepat dalam proses refill nya karena baru sekitar jam 7.30 banyak makanan yang mulai habis di buffe. But overall it's good.",Diulas 393 minggu lalu
https://www.traveloka.com/id-id/user/review/consumption/HOTEL/GENERAL/3000010022674,23,19,"Yang paling saya suka adalah lokasi hotelnya. Di lantai teratas gedung mall Mega Bekasi. Mau ke XXI tinggal ngesot saja. Terlebih, posisi lokasi tepat beada di jantung Kota yg jg dekat dgn mall lainnya.",Diulas 393 minggu lalu
https://www.traveloka.com/id-id/user/review/consumption/HOTEL/GENERAL/3000010022674,23,20,"Kamar sangat bagus, kolam renang besar, makanan enak banget. Top lah pokoknya.",Diulas 393 minggu lalu
https://www.traveloka.com/id-id/user/review/consumption/HOTEL/GENERAL/3000010022674,23,21,"Kamar bersih, sarapannya endes. Top lah!",Diulas 393 minggu lalu
https://www.traveloka.com/id-id/user/review/consumption/HOTEL/GENERAL/3000010022674,23,22,"Breakfast rasanya sangat amat parah. Staf hotel saat breakfast tidak ramah, apalagi saya ambil kamar premiere. Untuk hotel sekelas santika sangat kacau.",Diulas 393 minggu lalu
https://www.traveloka.com/id-id/user/review/consumption/HOTEL/GENERAL/3000010022674,23,23,"Tamu saya baru check-in jam 2 dini hari karena mereka terjebak macet di tol Cikampek, tetapi hotel tetap memberikan pelayanan dengan baik. Thanks hotel santika bekasi.",Diulas 393 minggu lalu
https://www.traveloka.com/id-id/user/review/consumption/HOTEL/GENERAL/3000010022674,23,24,"Keren semuanya keren apalagi menu sarapan yang lengkap dan enak, thanks to Traveloka, thanks to Hotel Santika.",Diulas 393 minggu lalu
https://www.traveloka.com/id-id/user/review/consumption/HOTEL/GENERAL/3000010022674,23,25,"Ruangan kamar yang nyaman dan bersih, sarapan yang enak, pilihan hotel yang tepat deh buat seluruh keluarga.",Diulas 393 minggu lalu
https://www.traveloka.com/id-id/user/review/consumption/HOTEL/GENERAL/3000010022674,23,26,"Pemisah antar kamar pakai semacam plafond, berisik dari kamar sebelah kanan dan kiri. hal lainnya memuaskan.",Diulas 393 minggu lalu
https://www.traveloka.com/id-id/user/review/consumption/HOTEL/GENERAL/3000010022674,23,27,Pelayanan dan keunggulannya bagus .. tempat yang luar biasa,Diulas 393 minggu lalu
https://www.traveloka.com/id-id/user/review/consumption/HOTEL/GENERAL/3000010022674,23,28,Pelayanannya baik. fasilitas oke. berada di tengah tengah kota. thanks Situs Traveloka.,Diulas 393 minggu lalu
https://www.traveloka.com/id-id/user/review/consumption/HOTEL/GENERAL/3000010022674,23,29,Lokasi hotel mudah dijangkau kamar bersih dan sangat nyaman terlebih breakfast menunya sangat bervariasi dan enak.,Diulas 393 minggu lalu
https://www.traveloka.com/id-id/user/review/consumption/HOTEL/GENERAL/3000010022674,23,30,AC dikamar kurang dingin dan ada hewannya di dalam kamar.,Diulas 393 minggu lalu
https://www.traveloka.com/id-id/user/review/consumption/HOTEL/GENERAL/3000010022674,23,31,"Fasilitas oke, kolam renang, taman dan tempat breakfast. Tapi breakfast untuk anak harus tambah 1/2 harga.",Diulas 393 minggu lalu
https://www.traveloka.com/id-id/user/review/consumption/HOTEL/GENERAL/3000010022674,23,32,Sabun mandi dan sampo mandi tidak disediakan pada saat saya check-in. Dan saya menelepon cs untuk memintanya tapi tidak kunjung tiba sampai saya cekout.,Diulas 394 minggu lalu
https://www.traveloka.com/id-id/user/review/consumption/HOTEL/GENERAL/3000010022674,23,33,Hotelnya strategis sekali hanya beberapa langkah ke pusat perbelanjaan. Fasilitas lengkap dan kenyamanannya real bukan palausun.,Diulas 394 minggu lalu
https://www.traveloka.com/id-id/user/review/consumption/HOTEL/GENERAL/3000010022674,23,34,"Saya memesan 2 kamar superior untuk keluarga, dan mereka meningkatkan kamar saya menjadi mewah dengan balkon, dan layanan makanan dan tempat sangat baik! Direkomendasikan",Diulas 394 minggu lalu
https://www.traveloka.com/id-id/user/review/consumption/HOTEL/GENERAL/3000010022674,23,35,"Overall menginap disini oke, walau sebenarnya request non smoking tapi malah dikasih smoking room. Karena sudah cape naik turun tidak sudah tidak apa. Ada beberapa hal sepele dari housekeeping yang mungkin perlu diperhatikan seperti bungkus gula yang sudah terbuka dan tidak dibuang, Lalu untuk di laporkan ke engineering seperti safe deposit box yang mati, hanger handuk yang copot (tidak bisa dipakai untuk menggantung). Overall kamar dan menu makanan oke-oke saja.",Diulas 394 minggu lalu
https://www.traveloka.com/id-id/user/review/consumption/HOTEL/GENERAL/3000010022674,23,36,"tempat dan layanan bagus, tempat nyaman di kota bekasi",Diulas 394 minggu lalu
https://www.traveloka.com/id-id/user/review/consumption/HOTEL/GENERAL/3000010022674,23,37,Hotel yang nyaman dan pelayanan yang ramah.,Diulas 394 minggu lalu
https://www.traveloka.com/id-id/user/review/consumption/HOTEL/GENERAL/3000010022674,23,38,Hotel yang nyaman menyatu dengan mal bekasi.,Diulas 394 minggu lalu
https://www.traveloka.com/id-id/user/review/consumption/HOTEL/GENERAL/3000010022674,23,39,"Lift: Lift hotel sama mall sama. Jadi ngantri lama banget. Harusnya di buat lift hotel sendiri yang langsung ngarah ke lantai 5(lantai hotel). Check in: Proses cepat. saya check in jam 13.00. petugas security & front office nya ramah dan sopan. Saat menginap tidak pakai deposit. Kamar (607 superior): (+)pemandangan luar kamar tempat duduk taman, Ac dingin, saluran TV mulus, kamar bersih, kamar mandi bersih, air panas ada. (-) Kamar terbilang kecil :(, tidak ada kulkas, kasur bunyi karna kaki kakinya ga rata. Sarapan: Kayaknya kecewa banget. Dateng jam 8 posisi udah rame. Makanan udah pada kosong, Padahal petugas banyak. tapi ga sigap buat nge refil. Nasi lauknya ayam, capcay, bihun, ikan di cacak cacak. Ini ga enak. Puding: enak Omlet & Sosis: enak Sereal: Udah habis ga bersisa, dan ga ngerti kenapa ga di refil. Buah: Cuman pepaya sama melon itupun baru di refil setelah selesai makan. Roti: Untuk kue bolu nya enak, tapi roti nya enggak. keras :( Parkiran : gratis. minta vouchernya pas saat check in. tunjukin aja karcis parkirnya. Biasa nginep di horison / aston. Untuk harga segitu tinggal tambah dikit lagi lebih baik di horison. Ga lagi lagi nginep di santika mega bekasi",Diulas 394 minggu lalu
https://www.traveloka.com/id-id/user/review/consumption/HOTEL/GENERAL/3000010022674,23,40,"Lumayan dengan harga segitu, next mau coba yang premier.",Diulas 394 minggu lalu
https://www.traveloka.com/id-id/user/review/consumption/HOTEL/GENERAL/3000010022674,24,1,Hotel dekat dengan pintu toll dan satu gedung dengan mal jadi tak perlu kemana-mana lagi.,Diulas 394 minggu lalu
https://www.traveloka.com/id-id/user/review/consumption/HOTEL/GENERAL/3000010022674,24,2,"Lokasi hotel yang berada di mega mal bekasi membuat saya tidak perlu keluar untuk sekedar makan atau jalan-jalan. Tinggal turun 1 lantai sudah ada food court mal, fasilitas mal juga terbilang lengkap, kamar bersih dan nyaman, pelayanan pun baik. Makanan hotel juga sesuai selera saya.",Diulas 394 minggu lalu
https://www.traveloka.com/id-id/user/review/consumption/HOTEL/GENERAL/3000010022674,24,3,"Room service, pesan mie goreng minyak sisanya banyak sekali, sampai saya buang minyaknya di wastafel, lalu besoknya order soto ayam rasanya asin, Aduh ampun.",Diulas 394 minggu lalu
https://www.traveloka.com/id-id/user/review/consumption/HOTEL/GENERAL/3000010022674,24,4,"Enak dekat mal, cari apa apa gampang.",Diulas 395 minggu lalu
https://www.traveloka.com/id-id/user/review/consumption/HOTEL/GENERAL/3000010022674,24,5,Saya senang banget dengan pelayanan yang super keren. Tas saya ketinggalan dan dipermudah untuk mengambilnya. Kamar mandi bersih tempat tidur pun wangi. Breakfast dengan menu tradisionalnya enak-enak semua.,Diulas 395 minggu lalu
https://www.traveloka.com/id-id/user/review/consumption/HOTEL/GENERAL/3000010022674,24,6,"Hotel yang pas buat menginap dalam rangka weekend maupun kegiatan lain, Karena dekat dengan gerbang tol sehingga memudahkan akses apabila akan pergi ke tempat lain. Bagi yang suka belanja di sini telah tersedia tempat belanja untuk keperluan sehari-hari (giant) maupun untuk tempat untuk sekedar nongkrong, Kalau bosan bisa nonton film di xxi.",Diulas 395 minggu lalu
https://www.traveloka.com/id-id/user/review/consumption/HOTEL/GENERAL/3000010022674,24,7,"Sudah menyenangkan untuk menginap di Santika Mega Bekasi, saya mendapat kamar yang nyaman dan juga hotel ini membuat sudut sofa dengan menggunakan ruang kecil di kamar tetapi sangat terjangkau. Dan itu juga terhubung ke mal dan membuat saya lebih mudah untuk membeli barang. Pelayanan yang baik dan tempat yang direkomendasikan untuk menginap",Diulas 395 minggu lalu
https://www.traveloka.com/id-id/user/review/consumption/HOTEL/GENERAL/3000010022674,24,8,"Pelayanan staf front liner sangat ramah. Fasilitas kamar juga cukup bagus. Hanya saja pas kamar minta dibersihkan fasilitas (seperti teh gula dan handuk tangan) tidak disediakan dan kami harus meminta terlebih dahulu. Dikarenakan kami satu lantai dengan ballroom, suasana sangat ribut ditambah staf hotel juga tidak bisa menjada situasi agar tenang. Di tengah malam mereka ketawa keras seakan di lantai itu tidak ada tamu yang menginap. Untuk makanan, Kurang variasi dan staf restoran pun tidak cekatan saat makanan sudah habis dan harus tamu yang meminta untuk drefill.",Diulas 395 minggu lalu
https://www.traveloka.com/id-id/user/review/consumption/HOTEL/GENERAL/3000010022674,24,9,"Kamar persis seperti di foto, sarapan banyak variasi dan lezat. Mau cari makan pun mudah karena hanya turun lift sudah sampai mal, AC dingin, kamar mandi bersih.",Diulas 395 minggu lalu
https://www.traveloka.com/id-id/user/review/consumption/HOTEL/GENERAL/3000010022674,24,10,"Kamarnya besar, nyaman pelayanan memuaskan lain waktu pasti akan menginap disana lagi.",Diulas 395 minggu lalu
https://www.traveloka.com/id-id/user/review/consumption/HOTEL/GENERAL/3000010022674,24,11,"Kamar oke sesuai dengan gambar, tapi wifinya agak kurang oke.",Diulas 395 minggu lalu
https://www.traveloka.com/id-id/user/review/consumption/HOTEL/GENERAL/3000010022674,24,12,"Kamar sesuai deskripsi, bersih dan cukup luas. Pelayanan ramah dan breakfast variatif. Semoga kedepannya bisa ada tambahan kulkas untuk kamar deluxe.",Diulas 395 minggu lalu
https://www.traveloka.com/id-id/user/review/consumption/HOTEL/GENERAL/3000010022674,24,13,"Bagus, nyaman, suasananya juga nyaman. Pelayanan ramah.",Diulas 395 minggu lalu
https://www.traveloka.com/id-id/user/review/consumption/HOTEL/GENERAL/3000010022674,24,14,"kamar nyaman dan bersih, sarapan bervariasi, staff hotel ramah dan menyenangkan",Diulas 395 minggu lalu
https://www.traveloka.com/id-id/user/review/consumption/HOTEL/GENERAL/3000010022674,24,15,"Sarapannya enak, jalan masuk agak berliku. Kalau tidak bawa kendaraan pribadi musti masuk mal dulu.",Diulas 395 minggu lalu
https://www.traveloka.com/id-id/user/review/consumption/HOTEL/GENERAL/3000010022674,24,16,"Sangat memuaskan, sarapan enak dan variant.",Diulas 395 minggu lalu
https://www.traveloka.com/id-id/user/review/consumption/HOTEL/GENERAL/3000010022674,24,17,"Kamar nya bersih, seperti biasa, saya sudah nginap 2 x di santika mega bekasi , dan bbrp kali nginap di santika harapan indah. Menurut saya selalu menyenangkan untuk bisa menginap di santika hotel, karena tatanan kamar yg chic begitu juga dengan segala faslitas yang ada, seperti pool , ruang fitness, lobby. Juga breakfast yang enak dan banyak variasinya. Terima kasih santika hotel see you",Diulas 396 minggu lalu
https://www.traveloka.com/id-id/user/review/consumption/HOTEL/GENERAL/3000010022674,24,18,Hotel yang sangat lengkap menyatu dengan mal dan bioskop. Lumayan tinggi naik 5 lantai parkir. ruangan bersih. Breakfast bervariasi sayang rasanya kurang enak. biasa saja.,Diulas 396 minggu lalu
https://www.traveloka.com/id-id/user/review/consumption/HOTEL/GENERAL/3000010022674,24,19,"Hotel bagus, sayangnya pintu akses keluar harus menuju lift mal, Kalau mal sudah tutup jam 10 malam keluar harus lewat akses parkiran yang sangat jauh sekali.",Diulas 396 minggu lalu
https://www.traveloka.com/id-id/user/review/consumption/HOTEL/GENERAL/3000010022674,24,20,"Kamar nyaman, sarapan lengkap menunya, parkir luas, tempat strategis.",Diulas 396 minggu lalu
https://www.traveloka.com/id-id/user/review/consumption/HOTEL/GENERAL/3000010022674,24,21,Overall oke karena berada di pusat kota.,Diulas 396 minggu lalu
https://www.traveloka.com/id-id/user/review/consumption/HOTEL/GENERAL/3000010022674,24,22,"Lokasi strategis, hanya sayang breakfast kurang bervariasi.",Diulas 396 minggu lalu
https://www.traveloka.com/id-id/user/review/consumption/HOTEL/GENERAL/3000010022674,24,23,"Kamar bagus, berbagai sarapan, fasilitas bagus",Diulas 396 minggu lalu
https://www.traveloka.com/id-id/user/review/consumption/HOTEL/GENERAL/3000010022674,24,24,"Entah kurang karyawan atau kebetulan full book. Pas check-in nunggu sampai lama banget, karena kamar belum ready. Padahal sudah waktunya check-in jam 2 siang. Booking 2 kamar, yang 1 kamar baru bisa digunakan lebih dari jam 2 siang, dan yang 1 kamar lagi baru bisa di gunakan jam 6 sore, itu pun kita yang harus bolak/ik ke receptionis nanya kamarnya sudah ready atau belum.",Diulas 396 minggu lalu
https://www.traveloka.com/id-id/user/review/consumption/HOTEL/GENERAL/3000010022674,24,25,Sangat memuaskan. Kolam renangnya cukup bagus. Sangat strategis karena berada di dalam mal.,Diulas 396 minggu lalu
https://www.traveloka.com/id-id/user/review/consumption/HOTEL/GENERAL/3000010022674,24,26,"Tempat strategis, sarapan enak, makanan mudah ditemukan",Diulas 396 minggu lalu
https://www.traveloka.com/id-id/user/review/consumption/HOTEL/GENERAL/3000010022674,24,27,Nyaman pantesan teman aku recommend hotel ini dia juga selalu booking kesitu bagus pokoknya next ke bekasi pasti pilih hotel santika mega lagi kalau ke Bekasi.,Diulas 396 minggu lalu
https://www.traveloka.com/id-id/user/review/consumption/HOTEL/GENERAL/3000010022674,24,28,"Pelayanan sungguh buruk. ingin mendapatkan bantuan parkir mobil harus ngotot-ngototan dengan security. Kunci kamar tidak dapat diakses dan ketika mendapatkan kunci pengganti tidak juga dapat diakses dan kami dibiarkan dalam kamar yang gelap karena akses lias liangan liwi. Ketika menelepon room service yang angkat telepon terdengar sedang mengunyah dan seperti terburu-buru. Untuk kelas santika, hotel ini sungguh mengecewakan. Ingin istirahat malah dongkol, satu hal lagi, Ketika sudah mau tidur di pukil 22.15 ada tamu lain tiba-tiba masuk dan di kartunya tertera nomor kamar yang sama dengan kamar kami. what the! Pihak hotel hanya cukup minta maaf dan bilang ini ada kekeliruan! Santika mega bekasi? Ketika dikonfirmasi ulang kami diinformasikan seharusnya masuk kamar 812 sementara di kunci jelas tertera kamar kami di 821. Plis tolong yang nyaman dong fo-nya.",Diulas 396 minggu lalu
https://www.traveloka.com/id-id/user/review/consumption/HOTEL/GENERAL/3000010022674,24,29,"Hotel ini berada di belakang mal, menyatu dengan mal, aksesnya melalui lift mal, jadi enak mau makan/ke supermarket gampang. Bagi yang membawa mobil langsung dari pintu masuk lurus ke lantai 5, kalau motor parkir di mal (nanti minta voucher dari hotel, agar free parking) hotel dan kamar sesuai dengan di foto, saya dapat kamar 619, view gedung. Bawahnya taman. AC dingin, kamar bersih, lengkip dengan toiletries, cuma lantai kamar mandi kalau basah, licin banget jadi harus lebih hati-hati, terutama kalau bawa anak kecil/lansia, sarapan tersedia dari jam 7-10, menu sarapan banyak, lengkap, bervariasi memuaskan banget sarapannya. WiFi kamar sinyal kencang, tapi tidak kepakai, karena tulisan passw tidak kebaca, dan tidak connected (sudah nanya bolak balik). Overall saya suka disini, Next bakal kesini lagi. Thanks santika. Sukses selalu!",Diulas 397 minggu lalu
https://www.traveloka.com/id-id/user/review/consumption/HOTEL/GENERAL/3000010022674,24,30,"Lokasi strategis, kamar bersih, kurangnya komunikasi antar pelayan, menanyakan hal yang sama kepada setiap pelayan dan jawabannya berbeda, sehingga membuat Anda bingung harus mengikuti pelayan yang mana.",Diulas 397 minggu lalu
https://www.traveloka.com/id-id/user/review/consumption/HOTEL/GENERAL/3000010022674,24,31,Untuk luas kamar sudah cukup sesuai dikelasnya. Namun untuk pendingin udara kurang bekerja secara maksimal. kebersihan lantai kamar perlu ditingkatankan. Untuk menu makanan breakfast enak.,Diulas 397 minggu lalu
https://www.traveloka.com/id-id/user/review/consumption/HOTEL/GENERAL/3000010022674,24,32,"Sangat baik dan sangat memuaskan, berharap berkunjung lagi ke sana.",Diulas 397 minggu lalu
https://www.traveloka.com/id-id/user/review/consumption/HOTEL/GENERAL/3000010022674,24,33,"lokasi strategis, dekat mal dan bioskop ..",Diulas 397 minggu lalu
https://www.traveloka.com/id-id/user/review/consumption/HOTEL/GENERAL/3000010022674,24,34,"Kamarnya bersih, rapi, dan nyaman makanannya juga beragam, yang kurang hanya room service-nya saja agak lama, ditelfon sampai 3 kali, baru datang. Yang lain semuanya sudah baik.",Diulas 397 minggu lalu
https://www.traveloka.com/id-id/user/review/consumption/HOTEL/GENERAL/3000010022674,24,35,Sangat direkomendasikan untuk yang bawa baby.,Diulas 397 minggu lalu
https://www.traveloka.com/id-id/user/review/consumption/HOTEL/GENERAL/3000010022674,24,36,Kekurangan ya di kamar tidak ada lemari es atau kulkas.,Diulas 397 minggu lalu
https://www.traveloka.com/id-id/user/review/consumption/HOTEL/GENERAL/3000010022674,24,37,"Hotel yang menyenangkan, ke mal tinggal turun dari lift sudah sampai mal bekasi. Ditambah ke giant hypermall juga ada sehingga mudah berbelanja kebutuhan.",Diulas 397 minggu lalu
https://www.traveloka.com/id-id/user/review/consumption/HOTEL/GENERAL/3000010022674,24,38,"Kedua kalinya menginap di sini, pelayanan tetap ramah, kondisi kamar bersih dan nyaman, puas bisa menginap di santika.",Diulas 398 minggu lalu
https://www.traveloka.com/id-id/user/review/consumption/HOTEL/GENERAL/3000010022674,24,39,"Tempat yang bagus, pelayanan resepsionis sangat bagus, banyak varian menu sarapan.",Diulas 398 minggu lalu
https://www.traveloka.com/id-id/user/review/consumption/HOTEL/GENERAL/3000010022674,24,40,"Hotelnya sangat bagus, keluarga saya suka. dari segi fasilitasnya juga memadai, hanya saja breakfastnya kurang dari segi rasa.",Diulas 398 minggu lalu
https://www.traveloka.com/id-id/user/review/consumption/HOTEL/GENERAL/3000010022674,25,1,"Lokasi oke, staf oke, hanya fasilitas yang kurang oke (lift kotor and terkesan usang), Akses sangat terbatas jika mal tutup sehingga harus berjalan kaki naik turun melalui parkiran gedung/mal, kamar yang kurang bersih bahkan sarang laba-laba pun masih terlihat di langit-langit kamar, koridor lantai 10 sedikit gelap karena penerangannya dikurangi, dan lain-lain. Satu hal yang sangat saya beserta keluarga hargai adalah keramahan khas keluarga yang ditunjukkan oleh staf restoran bernama dian (semoga saya tak salah menulis nama). Komunikatif dan penuh atensi. Namun demikian saya yakin beberapa kekurangan yang saya sebutkan tadi sangat bisa segera diperbaiki oleh manajemen sekelas santika group. Dan apakah saya akan menginap lagi di hotel ini lain waktu? jawabannya: tentu! Sukses selalu santika hotel.",Diulas 398 minggu lalu
https://www.traveloka.com/id-id/user/review/consumption/HOTEL/GENERAL/3000010022674,25,2,Akses dengan pembelahan dekat dan lokasi strategis.,Diulas 398 minggu lalu
https://www.traveloka.com/id-id/user/review/consumption/HOTEL/GENERAL/3000010022674,25,3,"Sangat puas dengan semua fasilitas santika, tidak pernah kecewa sedikit pun. Nyaman tentram, dan yang paling penting pelayanannya ramah terhadap costumer",Diulas 398 minggu lalu
https://www.traveloka.com/id-id/user/review/consumption/HOTEL/GENERAL/3000010022674,25,4,Tempat yang bagus dan layanan dengan nilai yang baik.,Diulas 398 minggu lalu
https://www.traveloka.com/id-id/user/review/consumption/HOTEL/GENERAL/3000010022674,25,5,Nyaman dan juga dekat dengan mega city bekasi.,Diulas 398 minggu lalu
https://www.traveloka.com/id-id/user/review/consumption/HOTEL/GENERAL/3000010022674,25,6,"Makanan enak, ada kolam renang yang bersih dan tempat gym. Namun AC-nya tidak dingin, setelah diperbaiki teknisi baru dingin. Mohon untuk filter AC dibersihkan minimal 2 minggu sekali.",Diulas 398 minggu lalu
https://www.traveloka.com/id-id/user/review/consumption/HOTEL/GENERAL/3000010022674,25,7,Mudah dijangkau dan byk fasilitas hiburan dan kelengkapan berbelanja.. Petunjuk ke ke arah lokasi hotel kurang jelas ketika sudah masuk area perbelanjaan menuju lokasi hotel,Diulas 398 minggu lalu
https://www.traveloka.com/id-id/user/review/consumption/HOTEL/GENERAL/3000010022674,25,8,baik. tempat dan lokasi yang bagus. Bagus BF,Diulas 399 minggu lalu
https://www.traveloka.com/id-id/user/review/consumption/HOTEL/GENERAL/3000010022674,25,9,"Bersih, enak, nyaman, recommended buat kalau mau mau libur karena terubung langsung dengan mal.",Diulas 399 minggu lalu
https://www.traveloka.com/id-id/user/review/consumption/HOTEL/GENERAL/3000010022674,25,10,Kamarnya tidak nyaman terlalu kecil.,Diulas 399 minggu lalu
https://www.traveloka.com/id-id/user/review/consumption/HOTEL/GENERAL/3000010022674,25,11,"Hotel ini di dalam mal, jadi bisa santai sambil menunggu pesta mulai.",Diulas 399 minggu lalu
https://www.traveloka.com/id-id/user/review/consumption/HOTEL/GENERAL/3000010022674,25,12,"Proses administrasi tidak susah, pukul 14.00 check-in menerima kunci masuk kamar, kamar nyaman dan aman, karyawannya ramah-ramah dan responsif, sarapan pagi enak, hanya sayangnya akses lift ke hotel gabung dengan pengunjung mal jadi kalau mau naik turun lift agak lama. Sisanya oke.",Diulas 399 minggu lalu
https://www.traveloka.com/id-id/user/review/consumption/HOTEL/GENERAL/3000010022674,25,13,"nyaman dan bersih, suka dan akan tinggal lagi suatu hari nanti",Diulas 399 minggu lalu
https://www.traveloka.com/id-id/user/review/consumption/HOTEL/GENERAL/3000010022674,25,14,"Kamar bersih, staf hotel ramah dan helpful. Kalau mau ke mal, naik lift saja.",Diulas 400 minggu lalu
https://www.traveloka.com/id-id/user/review/consumption/HOTEL/GENERAL/3000010022674,25,15,"Kamarnya sangat bersih, makanannya sangat lezat, dan layanannya sangat luar biasa",Diulas 400 minggu lalu
https://www.traveloka.com/id-id/user/review/consumption/HOTEL/GENERAL/3000010022674,25,16,"Pelayanan hotel terlalu lama pada saat proses check-in dan check-out, foto kamar dengan aslinya beda sekali. Fasilitas kamar tidak sesuai dengan yang di profill. Pokoknya kurang memuaskan dan tidak nyaman.",Diulas 400 minggu lalu
https://www.traveloka.com/id-id/user/review/consumption/HOTEL/GENERAL/3000010022674,25,17,"Pelayanan good, cepat tanggap fasilitas sesuai dengan harga, akses WiFi puas untuk yang sedang bekerja. Minusnya akses ke lokasi di saat malam hari kurang bahkan sangat kurang untuk akses, all in the best.",Diulas 400 minggu lalu
https://www.traveloka.com/id-id/user/review/consumption/HOTEL/GENERAL/3000010022674,25,18,"Pelayanannya lambat, toom-nya tidak kedap suara dari luar, chanel TV gambarnya buram, AC tidak banget sejuk, dan lambat untuk membuat ruangan jadi sejuk.",Diulas 400 minggu lalu
https://www.traveloka.com/id-id/user/review/consumption/HOTEL/GENERAL/3000010022674,25,19,"Kondisi dan fasilitas di kamar sangat nyaman, sarapan juga banyak pilihan menunya, patut direkomendasikan.",Diulas 400 minggu lalu
https://www.traveloka.com/id-id/user/review/consumption/HOTEL/GENERAL/3000010022674,25,20,"Sangat menyenangkan, sarapannya enak-enak dan beragam. Oke lah, besok-besok bisa kesini lagi. Makasih Santika.",Diulas 400 minggu lalu
https://www.traveloka.com/id-id/user/review/consumption/HOTEL/GENERAL/3000010022674,25,21,"Pelayanannya sangat ramah, sopan hingga ke level manager-nya, special thanks to Pak Fadil, beliau sudah berkenan mendorong kursi roda mama saya dari lobby sampai kamar. Menu sarapan sangat bervariasi tapi sayangnya rasa kurang. Detailnya dicicipi dlu sebelum dihidangkan. Lokasi hotel yang menyatu dengan mal memudahkan jika kita membutuhkan makanan stay barang-barang lainnya tapi sebaiknya info akses menuju ke hotel lebih jawa. Thank you.",Diulas 400 minggu lalu
https://www.traveloka.com/id-id/user/review/consumption/HOTEL/GENERAL/3000010022674,25,22,"Lokasi sentral, sangat nyaman dan dekat dengan pusat perbelanjaan.",Diulas 400 minggu lalu
https://www.traveloka.com/id-id/user/review/consumption/HOTEL/GENERAL/3000010022674,25,23,"Lokasi yang sangat baik di atas Mega Bekasi mall, dekat dengan semua fasilitas, kamar agak kecil, bersih seperti hotel standar Santika, suka makanan.",Diulas 400 minggu lalu
https://www.traveloka.com/id-id/user/review/consumption/HOTEL/GENERAL/3000010022674,25,24,"Strategis. Kamar bagus, bersih dan rapi. sarapan enak. turun kebawah langsung mal. hanya saja tidak ada kulkas. Overall good.",Diulas 400 minggu lalu
https://www.traveloka.com/id-id/user/review/consumption/HOTEL/GENERAL/3000010022674,25,25,"Gantungan handuk rusak, restaurant sempit.",Diulas 400 minggu lalu
https://www.traveloka.com/id-id/user/review/consumption/HOTEL/GENERAL/3000010022674,25,26,"Kamar dan sarapannya bagus. Namun, akses itu menyusahkan bagi mereka yang datang dengan sepeda motor. Satu-satunya pintu masuk untuk Anda adalah melalui pintu mal, dan aksesnya terbatas jika Anda check-out dengan berjalan kaki sebelum pukul 10.00 pagi.",Diulas 400 minggu lalu
https://www.traveloka.com/id-id/user/review/consumption/HOTEL/GENERAL/3000010022674,25,27,"Air panas di showernya tidak ada, jadi mandinya pake air dingin sudah.",Diulas 401 minggu lalu
https://www.traveloka.com/id-id/user/review/consumption/HOTEL/GENERAL/3000010022674,25,28,Sikap yang sangat baik dari resepsionis dan semua staf.,Diulas 401 minggu lalu
https://www.traveloka.com/id-id/user/review/consumption/HOTEL/GENERAL/3000010022674,25,29,"Mereka keluar dari kamar superior yang saya pesan ketika saya check-in dan mereka memberi saya kamar deluxe tanpa biaya tambahan. Luar biasa. Di sisi lain, saya hampir jatuh ketika saya mandi karena lantai yang licin. Saya pikir mereka harus mengubah beton dengan tekstur yang agak kasar untuk menghindari hal yang sama terjadi.",Diulas 401 minggu lalu
https://www.traveloka.com/id-id/user/review/consumption/HOTEL/GENERAL/3000010022674,25,30,"Kamarnya nyaman. Bantal, tempat tidur dan handuk sangat lembut. Lokasinya bagus, dekat tol bekasi barat dan di atas mal. Kekurangannya pelayanan front office yang lama serta sarapan yang kurang enak. Nasinya cukup keras.",Diulas 401 minggu lalu
https://www.traveloka.com/id-id/user/review/consumption/HOTEL/GENERAL/3000010022674,25,31,"Sangat praktis jika mau ke mal, makanan enak hanya kalau lagi ramai jam 8 sudah banyak yang habis makannya, staf ramah semua, kolam renang standar dan tidak ada tempat mandi dan salin buat wanita karena terbuka, kamar bersih, bantalnya kurang. Semua yang saya tulis benar adanya silakan cek.",Diulas 402 minggu lalu
https://www.traveloka.com/id-id/user/review/consumption/HOTEL/GENERAL/3000010022674,25,32,"Nyaman, sesuai dengan foto, tapi kurang nyaman bagi yang tidak menggunakan kendaraan pribadi karena lobby berada di lantai. 5 bangunan mal, tapi overall menyenangkan.",Diulas 402 minggu lalu
https://www.traveloka.com/id-id/user/review/consumption/HOTEL/GENERAL/3000010022674,25,33,"Hotelnya menyenangkan, makanan sarapan banyak variasi dan enak. Recommended ya",Diulas 402 minggu lalu
https://www.traveloka.com/id-id/user/review/consumption/HOTEL/GENERAL/3000010022674,25,34,"Interior kamar sangat bagus, penataan barang juga toiletries. Kolam renang terlalu dalam buat yang tingginya kurang dari 160 cm. Sarapan pagi enak, cuma kecewa di bakerynya saja bau amis telor kecium banget. Overall oke lah kalau buat kamar dan kenyamanan.",Diulas 402 minggu lalu
https://www.traveloka.com/id-id/user/review/consumption/HOTEL/GENERAL/3000010022674,25,35,"Nyaman semuanya, kebersihan oke, hanya sedikit lama saat proses check-in.",Diulas 402 minggu lalu
https://www.traveloka.com/id-id/user/review/consumption/HOTEL/GENERAL/3000010022674,25,36,"Terima kasih pada staf Hotel Santika yang ramah dan membantu, dari mulai kekacauan saat pemesanan kedua hingga waktu check-out yang tidak bersamaan dan beberapa kamar mendapatkan upgrade. Makanan enak dan banyak variasi.",Diulas 402 minggu lalu
https://www.traveloka.com/id-id/user/review/consumption/HOTEL/GENERAL/3000010022674,25,37,"Kamar kami terletak di lantai. 10 paling atas, AC di dalamnya kurang dingin, jadi kami (terutama anak-anak) kepanasan di dalam kamar. Mungkin karena posisi kamar paling atas 10, jadi udara panasnya nembus dari luar.",Diulas 402 minggu lalu
https://www.traveloka.com/id-id/user/review/consumption/HOTEL/GENERAL/3000010022674,25,38,Sarapan tidak memuaskan dalam hal variasi makanan dan ada banyak prasmanan makanan kosong di 9:30 pagi.,Diulas 402 minggu lalu
https://www.traveloka.com/id-id/user/review/consumption/HOTEL/GENERAL/3000010022674,25,39,"Menginap 3 hari di sini bersama keluarga besar, lokasi strategis, pelayanan cukup baik, makanan cukup baik, Hanya kolam renang kecil dan lobby untuk parkir terbatas.",Diulas 402 minggu lalu
https://www.traveloka.com/id-id/user/review/consumption/HOTEL/GENERAL/3000010022674,25,40,Waktu dateng mau reservasi ngantri dan harus nunggu sampai hampir 2 jam.,Diulas 402 minggu lalu
https://www.traveloka.com/id-id/user/review/consumption/HOTEL/GENERAL/3000010022674,26,1,"Kamarnya nyaman banget, pelayanannya memuaskan, sarapannya enak, bakalan pengen balik lagi.",Diulas 402 minggu lalu
https://www.traveloka.com/id-id/user/review/consumption/HOTEL/GENERAL/3000010022674,26,2,"Menu makanannya kurang variatif dan rasanya kurang enak, fasilitas dan pelayanannya lumayan.",Diulas 403 minggu lalu
https://www.traveloka.com/id-id/user/review/consumption/HOTEL/GENERAL/3000010022674,26,3,Listriknya mati pas saya menginap. Posisinya di belakang mal sehingga sedikit sulit untuk beraktivitas.,Diulas 403 minggu lalu
https://www.traveloka.com/id-id/user/review/consumption/HOTEL/GENERAL/3000010022674,26,4,"Kasur yang kami dapat bukan king size tapi twin bed yang digabung, lalu ada asbak rokok yang menandakan itu kamar smoking room. Sarapan banyak macam tapi dari segi rasa sangat perlu perbaikan, pelayanan staf baik dan ramah.",Diulas 403 minggu lalu
https://www.traveloka.com/id-id/user/review/consumption/HOTEL/GENERAL/3000010022674,26,5,"Kamar tidak kedap suara, makanan di restaurant biasa saja.",Diulas 403 minggu lalu
https://www.traveloka.com/id-id/user/review/consumption/HOTEL/GENERAL/3000010022674,26,6,"setiap anggota staf profesional, membersihkan kamar, makanan enak",Diulas 403 minggu lalu
https://www.traveloka.com/id-id/user/review/consumption/HOTEL/GENERAL/3000010022674,26,7,"Kamar oke, makanan enak dan bervariasi, stafnya ramah kalau ketemu nyapa.",Diulas 403 minggu lalu
https://www.traveloka.com/id-id/user/review/consumption/HOTEL/GENERAL/3000010022674,26,8,"Kamar bagus, sarapan lumayan, check-in lama dan lahan parkir yang dekat lobby tidak luas karena bersebelahan dengan parkir bioskop.",Diulas 403 minggu lalu
https://www.traveloka.com/id-id/user/review/consumption/HOTEL/GENERAL/3000010022674,26,9,"Layanan bagus, makanan enak, tempat bagus.",Diulas 403 minggu lalu
https://www.traveloka.com/id-id/user/review/consumption/HOTEL/GENERAL/3000010022674,26,10,"Agak sulit mendapatkan opini masuk hotel untuk pejalan kaki, karena akses melalui lift mal. Kendaraan pun harus melalui area parkir gedung terlebih dahulu, selebihnya cukup baik, hanya sarapan rasanya standar-standar saja.",Diulas 404 minggu lalu
https://www.traveloka.com/id-id/user/review/consumption/HOTEL/GENERAL/3000010022674,26,11,Cocok untuk keluarga dengan berbagai menu sarapan,Diulas 404 minggu lalu
https://www.traveloka.com/id-id/user/review/consumption/HOTEL/GENERAL/3000010022674,26,12,"Hotel yang nyaman untuk beristirahat, kamarnya nyaman, bersih, kasurnya empuk, hanya saja pada saat menyalakan TV agak susah (TV no signal). Kamar mandi bersih, sabun dan shampo isinya tidak full, resepsionisnya ramah, menu untuk breakfast variasinya banyak, rasanya enak. Overall good service. Tingkatkan servicenya.",Diulas 404 minggu lalu
https://www.traveloka.com/id-id/user/review/consumption/HOTEL/GENERAL/3000010022674,26,13,"Hotel ini harganya tidak terlalu mahal tapi pelayanan dan kamarnya bagus. Menang sih ukuran kamarnya tidak begitu besar tapi karena kami tujuannya bulan madu jadi tidak masalah. Air panas tersedia, AC tidak ada masalah, tempat tidur bersih, makanan untuk sarapan bervariasi dan enak. Kurangnya hanya view dan wifinya.",Diulas 404 minggu lalu
https://www.traveloka.com/id-id/user/review/consumption/HOTEL/GENERAL/3000010022674,26,14,"Kamarnya kecil, makanannya biasa saja, nasgor tidak ada rasanya, restaurant jam 9 sudah tutup, saran saja sih karena mal sudah mulai tutup jam segitu, restaurant tutupnya jam 24.00 saja, kasihan yang tiba-tiba laper tengah malam, keluar hotel pun susah. Karena jadi 1 sama mal, jalan ke parkiran jauh, ngelewatin toko-toko yang sudah tutup plus gelap, seharusnya ada lift khusus sih. Terus parkiran tidak dipakai sampai check-out, setiap kalau mau keluar harus minta stempel, kalau tidak distempel bayar layaknya lagi ke mal. AC-nya bocor hari pertama, kencang banget. Ampun deh hehhe tapi pelayanannya bagus, tidak bising, bersih juga.",Diulas 404 minggu lalu
https://www.traveloka.com/id-id/user/review/consumption/HOTEL/GENERAL/3000010022674,26,15,"AC kamar kurang dingin, agak pengap.",Diulas 404 minggu lalu
https://www.traveloka.com/id-id/user/review/consumption/HOTEL/GENERAL/3000010022674,26,16,"Luangkan waktu untuk check-in, karena staf hanya 2 orang di meja pendaftaran",Diulas 404 minggu lalu
https://www.traveloka.com/id-id/user/review/consumption/HOTEL/GENERAL/3000010022674,26,17,"Saya check-in jam 2 pagi, karena ude ngantuk dan buru-buru jadi jari tangan kejepit pintu mobil. Tapi mungkin juga karena resepsionis liat saya kesakitan jadi kasian ya. Terus room saya yang awalnya superior di upgrade ke deluxe tanpa tambahan biaya. Masya Allah very good service. Terima kasih banyak Santika Hotel, terima kasih Traveloka. Next akan selalu menginap di Santika Group saja deh 🙏🏻🤗",Diulas 404 minggu lalu
https://www.traveloka.com/id-id/user/review/consumption/HOTEL/GENERAL/3000010022674,26,18,"Pintu arah ke dak tidak terkunci, sudah request untuk dikunci tidak datang, untuk yang lainnya oke.",Diulas 404 minggu lalu
https://www.traveloka.com/id-id/user/review/consumption/HOTEL/GENERAL/3000010022674,26,19,"hotel barang, sarapan ok, tidak buruk",Diulas 404 minggu lalu
https://www.traveloka.com/id-id/user/review/consumption/HOTEL/GENERAL/3000010022674,26,20,"Area parkir yang sangat buruk, tidak tertata dengan baik, malah terkesan acak-acakan tidak patut di pandang mata.",Diulas 404 minggu lalu
https://www.traveloka.com/id-id/user/review/consumption/HOTEL/GENERAL/3000010022674,26,21,"Sudah 2 kali menginap disana, tapi selalu dapat kamar AC-nya tidak dingin.",Diulas 405 minggu lalu
https://www.traveloka.com/id-id/user/review/consumption/HOTEL/GENERAL/3000010022674,26,22,"Kamar bagus lokasi straregis, hanya AC di kamar kurang dingin untuk pelayanannya bagus dan ramah-ramah stafnya.",Diulas 405 minggu lalu
https://www.traveloka.com/id-id/user/review/consumption/HOTEL/GENERAL/3000010022674,26,23,"TV di kamar rusak, bantalnya kotor.",Diulas 405 minggu lalu
https://www.traveloka.com/id-id/user/review/consumption/HOTEL/GENERAL/3000010022674,26,24,"Letak hotelnya tersembunyi di lantai 5 mal, menu makanannya variatif dan enak, cocok untuk liburan keluarga.",Diulas 405 minggu lalu
https://www.traveloka.com/id-id/user/review/consumption/HOTEL/GENERAL/3000010022674,26,25,"Overall oke, sayang datang di hotel dini hari gara-gara kena macet. Tidak bisa merasakan maksimal.",Diulas 405 minggu lalu
https://www.traveloka.com/id-id/user/review/consumption/HOTEL/GENERAL/3000010022674,26,26,Sudah dua kali pengalaman menyebalkan saat ingin membuka pintu kamar. Kartu selalu tidak bisa buat buka pintu. Alhasil harus turun ke resepsionis lagi. Tolong perhatikan keluhan ini. Karena kondisi orang yang capek ingin cepat istirahat masuk kamar.,Diulas 405 minggu lalu
https://www.traveloka.com/id-id/user/review/consumption/HOTEL/GENERAL/3000010022674,26,27,Secara keseluruhan oke banget. Direkomendasikan deh.,Diulas 405 minggu lalu
https://www.traveloka.com/id-id/user/review/consumption/HOTEL/GENERAL/3000010022674,26,28,"Hotel bagus, staf bagus, dan makanan enak.",Diulas 405 minggu lalu
https://www.traveloka.com/id-id/user/review/consumption/HOTEL/GENERAL/3000010022674,26,29,pelayanan yang baik dan hotel yang sangat ramah di Bekasi,Diulas 405 minggu lalu
https://www.traveloka.com/id-id/user/review/consumption/HOTEL/GENERAL/3000010022674,26,30,"Mencari makanan di luar hotel sangat mudah, karena lokasinya berada di tengah keramaian.",Diulas 405 minggu lalu
https://www.traveloka.com/id-id/user/review/consumption/HOTEL/GENERAL/3000010022674,26,31,"Sangat nyaman, fasilitas sesuai ekspektasi, makanannya enak. Hanya pihak hotel tidak memberi waktu lebih untuk check-out padahal dimanapun saya menginap selalu ada tenggang waktu check-out sampai jam 12-1 siang. FO sampai menelepon 2 kali dengan rentang waktu 10 menit di jam 12 tepat. menjengkelkan sekali.",Diulas 406 minggu lalu
https://www.traveloka.com/id-id/user/review/consumption/HOTEL/GENERAL/3000010022674,26,32,"Menginap di Santika Mega Bekasi kurang puas, karena kualitas kamar yang biasa saja, cenderung tidak kedap antar kamar karena dindingnya seperti gypsum. Namun, kualitas makanannya cukup bervariasi. Tapi sudah dingin saat kami sarapan, tolong diperbaiki lagi.",Diulas 406 minggu lalu
https://www.traveloka.com/id-id/user/review/consumption/HOTEL/GENERAL/3000010022674,26,33,"Proses check-in lumayan lama, depositnya juga lumayan besar, kamar nyaman, tenang makanannya juga enak.",Diulas 406 minggu lalu
https://www.traveloka.com/id-id/user/review/consumption/HOTEL/GENERAL/3000010022674,26,34,"Agak sedikit kecewa: 1. View jendela kamar yg terlihat hanya blower AC/ tempat pembuangan angin mall (?), dan suaranya berisik sepanjang malam. ketutup gedung pula, tidak bisa ngeliat view kota. jauh dr kesan indah, jadi tidak disarankan buka tirai jendela. Sempet minta ganti kamar, tapi kata front office utk tipe Superior seperti itu semua. 2. Lantai kamar mandi lumayan licin kl kena air, anak sempet terpleset jatuh, padahal jalan biasa. Alhamdulillah gak ada luka, tapi cukup menambah bad mood seisi kamar. 3. Sarapan bervariasi, tapi hanya nyobain nasi goreng-nya, ""seret"" : beberapa suap, kudu minum air. jadi nasinya kayak kurang air. tapi ini sih relatif. Kalau suka nasi agak keras, enak2 aja. Kelebihannya : 1. lift lobby hotel langsung terhubung dengan mall. 2. staff ramah.",Diulas 406 minggu lalu
https://www.traveloka.com/id-id/user/review/consumption/HOTEL/GENERAL/3000010022674,26,35,"Saya sangat senang bermalam di hotel Santika, dari dulu Santika memang terkenal dengan pelayanannya yang baik mulai dari kamar hingga breakfastnya bersih, Rapi dan design hotel baik sekali.",Diulas 406 minggu lalu
https://www.traveloka.com/id-id/user/review/consumption/HOTEL/GENERAL/3000010022674,26,36,"Untuk check-in mesti antri lama. Masuk kamar minimal jam 2 siang dan tidak bisa check-in sebelum jam 2 padahal tiba jam 2 kurang 15 menit. Alhasil saya menunggu, akan tetapi, setelah lewat jam 2 kamar masih belum ready, sehingga menunggu saya sampai 1 jam atau check-in jam 3 kurang 15 menit, tetapi, pelayanannya baik sehingga saya di upgrade dari standar ke deluxe. Saat check-out juga mesti antri lama, menu sarapan kurang rasa, kebersihan kolam renang juga kurang. Saran: petugasnya diberi pelatihan lagi sehingga cepat dan sigap.",Diulas 406 minggu lalu
https://www.traveloka.com/id-id/user/review/consumption/HOTEL/GENERAL/3000010022674,26,37,Pelayanan check-in berdiri terlalu lama di depan receptionis. Tidak ada bell boy. Yang mengantar ke kamar untuk pengecekan sebelum serah terima kunci. AC rusak tidak tanggap untuk ganti kamar. Harus menunggu teknisi bekerja menghambat saya yang segera ingin istirahat. Saya harus mondar mandi ke receptionis untuk komplain perbaikan toilet dan perbaikan AC.,Diulas 406 minggu lalu
https://www.traveloka.com/id-id/user/review/consumption/HOTEL/GENERAL/3000010022674,26,38,"Lokasi ada di lantai 5 giant bekasi barat, jadi pas bagi yang mau liburan sambil ke memal, tidak jauh, resepsionisnya ramah, fasilitas oke.",Diulas 406 minggu lalu
https://www.traveloka.com/id-id/user/review/consumption/HOTEL/GENERAL/3000010022674,26,39,Hotelnya bagus bersih di pusat kota. Yang di sayangkan waktu check-in diberi kamar yang tidak sesuai pesanan. Setelah komplain baru di ganti kamar yang di pesan tapi harus menunggu kembali 30 menit.,Diulas 406 minggu lalu
https://www.traveloka.com/id-id/user/review/consumption/HOTEL/GENERAL/3000010022674,26,40,"Pelayanannya ramah, kamar bersih rapi, menu sarapannya banyak banget pilihannya dan semuanya enak.",Diulas 406 minggu lalu
https://www.traveloka.com/id-id/user/review/consumption/HOTEL/GENERAL/3000010022674,27,1,"proses check in dan proses check out terlalu lambat. Saya harus berdiri dalam antrian selama hampir satu jam sehingga saya bisa masuk. OMG! tapi secara keseluruhan, kamarnya standar",Diulas 406 minggu lalu
https://www.traveloka.com/id-id/user/review/consumption/HOTEL/GENERAL/3000010022674,27,2,"Antri untuk check innya lama, bisa sampai 1 jam berdiri di receptionist dan bolak balik kamar-receptionist karena kunci kamar tidak dapat digunakan.",Diulas 406 minggu lalu
https://www.traveloka.com/id-id/user/review/consumption/HOTEL/GENERAL/3000010022674,27,3,"Tempatnya berada di pusat kota Bekasi, hotelnya nyaman dan harganya juga worth it! Recommend banget buat kalian yang mau liburan di hotel bintang 3 dengan rasa hotel bintang 5.",Diulas 407 minggu lalu
https://www.traveloka.com/id-id/user/review/consumption/HOTEL/GENERAL/3000010022674,27,4,"Hotel bersih, nyaman, makanan cukup variasi.",Diulas 407 minggu lalu
https://www.traveloka.com/id-id/user/review/consumption/HOTEL/GENERAL/3000010022674,27,5,"Overall nyaman, makanan enak, tempat bersih dan gampang dijangkau.",Diulas 407 minggu lalu
https://www.traveloka.com/id-id/user/review/consumption/HOTEL/GENERAL/3000010022674,27,6,"Pelayanan yang memuaskan. Dipindahkan ke tipe kamar yang lebih tinggi tanpa menambah biaya. Terima kasih, Santika! Puas sekali menginap di hotel ini.",Diulas 407 minggu lalu
https://www.traveloka.com/id-id/user/review/consumption/HOTEL/GENERAL/3000010022674,27,7,"Staf kantor depan sama sekali tidak ramah, tidak ada senyum, dan sangat kasar! Tidak ada kontak mata ketika dia berbicara. Tidak ada pengawalan saat kami membutuhkan bantuan bagaimana menuju ke kamar kami! Tidak ada penjelasan tentang cara mendapatkan wifi, saya pertama kali menginap dan sangat kecewa dengan staf. Kebersihannya luar biasa! Suka",Diulas 407 minggu lalu
https://www.traveloka.com/id-id/user/review/consumption/HOTEL/GENERAL/3000010022674,27,8,"Seperti biasa, pengalaman yang luar biasa dengan Santika",Diulas 407 minggu lalu
https://www.traveloka.com/id-id/user/review/consumption/HOTEL/GENERAL/3000010022674,27,9,"Untuk kamar, breakfast oke cuma tolong ditingkatkan pelayanan pada saat check-in dan check-out, pelayanannya terlalu lama sehingga antrian panjang.",Diulas 407 minggu lalu
https://www.traveloka.com/id-id/user/review/consumption/HOTEL/GENERAL/3000010022674,27,10,"Tempat strategis dengan mal, pelayanan baik.",Diulas 407 minggu lalu
https://www.traveloka.com/id-id/user/review/consumption/HOTEL/GENERAL/3000010022674,27,11,Layanan bagus dan tempat yang bagus karena dekat mal.,Diulas 407 minggu lalu
https://www.traveloka.com/id-id/user/review/consumption/HOTEL/GENERAL/3000010022674,27,12,"Sarapan paginya bagus banget, menu jajanan pasarnya kalau bisa di tambah lagi. Enak kue lopisnya",Diulas 408 minggu lalu
https://www.traveloka.com/id-id/user/review/consumption/HOTEL/GENERAL/3000010022674,27,13,"Dari resepsionis kurang ramah, sampai pas breakfast yang menawarkan kopi/teh sama sekali tidak ramah. Pegawainya agar mengesampingkan masalah pribadi (jika ada). Kamar mandi kamar air kloset untuk bersih-bersih setelah buang air sempat tidak jalan, AC kurang dingin banget. Ukuran kamar/tempat tidur tidak sesuai perkiraan, karena ada kata king di depan superior pada jenis kamar yang kami pilih, ternyata ukuran standard double kasurnya. WiFi tidak connect, sikat gigi tersedia hanya satu. terima kasih, ini pengalaman kami, selebihnya lumayan.",Diulas 408 minggu lalu
https://www.traveloka.com/id-id/user/review/consumption/HOTEL/GENERAL/3000010022674,27,14,WiFi paling terjelek sepanjang sejarah saya menginap,Diulas 408 minggu lalu
https://www.traveloka.com/id-id/user/review/consumption/HOTEL/GENERAL/3000010022674,27,15,"Wajar saja, kamarnya tidak bersih dan tidak nyaman.",Diulas 408 minggu lalu
https://www.traveloka.com/id-id/user/review/consumption/HOTEL/GENERAL/3000010022674,27,16,"Penginapan cukup nyaman, bersih",Diulas 408 minggu lalu
https://www.traveloka.com/id-id/user/review/consumption/HOTEL/GENERAL/3000010022674,27,17,Kamarnya memang tidak terlalu besar tapi rapi dan bagus. Untuk makanannya lumayan enak.,Diulas 409 minggu lalu
https://www.traveloka.com/id-id/user/review/consumption/HOTEL/GENERAL/3000010022674,27,18,Kenyamanan tempat hotel dan dekat dengan pusat perbelanjaan di bekasi kota..juga menu untuk sarapan adalah selera yang baik.,Diulas 409 minggu lalu
https://www.traveloka.com/id-id/user/review/consumption/HOTEL/GENERAL/3000010022674,27,19,Lahan parkir kurang luas. Kamar mandi tidak terdapat hairdyer. Untuk makanannya ada beberapa yang rasanya hambar. AC di kamar tidak cepat dingin.,Diulas 409 minggu lalu
https://www.traveloka.com/id-id/user/review/consumption/HOTEL/GENERAL/3000010022674,27,20,Lumayan bagus... Pelayanan bagus... Langsung connect ke mega mal... Makanannya variasi.,Diulas 409 minggu lalu
https://www.traveloka.com/id-id/user/review/consumption/HOTEL/GENERAL/3000010022674,27,21,Nyaman dan menyenangkan untuk menginap.,Diulas 409 minggu lalu
https://www.traveloka.com/id-id/user/review/consumption/HOTEL/GENERAL/3000010022674,27,22,Pelayanan front office sangat amatir.,Diulas 409 minggu lalu
https://www.traveloka.com/id-id/user/review/consumption/HOTEL/GENERAL/3000010022674,27,23,"Ramah pegawainya, tempatnya juga strategis, akan tetapi terdapat kekurangannya di kamar mandi tidak di sediakan shampo, dan harus minta berulang kali baru dikasih, tolong di perhatikan perlengkapan di setiap kamar",Diulas 409 minggu lalu
https://www.traveloka.com/id-id/user/review/consumption/HOTEL/GENERAL/3000010022674,27,24,Lokasi strategis dan hotelnya nyaman,Diulas 410 minggu lalu
https://www.traveloka.com/id-id/user/review/consumption/HOTEL/GENERAL/3000010022674,27,25,"Standar hotel santika ini dan santika lain (sukabumi, tasik, bandung) kok beda ya, serasa menginap di hotel budget, apa karena lokasinya jadi satu sama mal? keset kaki tidak ada sudah minta via telpon ditunggu semalaman tidak datang, Di front desk banyak tidak dijelaskan pendahuluannya ex: tidak dijelaskan arah kamar (liftnya beda untuk yang naik ke kamar, dan turun ke mal) lokasi sarapan, parkir dan lain-lain. tapi ya worth it lah ada kolamnya tapi tidak ada kulkas dan view saya atap bangunan sebelah. Kesimpulan cukup, saya di kamar 633.",Diulas 410 minggu lalu
https://www.traveloka.com/id-id/user/review/consumption/HOTEL/GENERAL/3000010022674,27,26,"Saya di kamar 720, tidak tahu mungkin karena kamarnya paling ujung jadi sinyal wifinya hilang-hilangkan, saluran air di tempat showernya lama surutnya.",Diulas 410 minggu lalu
https://www.traveloka.com/id-id/user/review/consumption/HOTEL/GENERAL/3000010022674,27,27,"1. Dikasih kamar tidak sesuai pesanan-pesanan. 2. Front officenya tidak ramah, ramah cuma kalau ada managernya 3. Makanannya banyak dan variatif tapi rasanya biasa saja",Diulas 410 minggu lalu
https://www.traveloka.com/id-id/user/review/consumption/HOTEL/GENERAL/3000010022674,27,28,"Pelayanannya bagus, breakfastnya enak, recommended buat yang bawa keluarga kesini.",Diulas 410 minggu lalu
https://www.traveloka.com/id-id/user/review/consumption/HOTEL/GENERAL/3000010022674,27,29,"Pelayanan ramah, kamar cukup bagus, makanan enak, dekat sama mal dan akses mudah dijangkau. Harga bersahabat. Thanks santika mega bekasi.",Diulas 410 minggu lalu
https://www.traveloka.com/id-id/user/review/consumption/HOTEL/GENERAL/3000010022674,27,30,Keren banget penuh cinta romantis.,Diulas 410 minggu lalu
https://www.traveloka.com/id-id/user/review/consumption/HOTEL/GENERAL/3000010022674,27,31,"Mengecewakan, lambat pembersihan kamarnya.",Diulas 411 minggu lalu
https://www.traveloka.com/id-id/user/review/consumption/HOTEL/GENERAL/3000010022674,27,32,Sangat memuaskan untuk pengunjung yang senang dengan suasana kedamaian dan bersih. Sarapan sangat enak. Saya ingin menginap lagi disini.,Diulas 411 minggu lalu
https://www.traveloka.com/id-id/user/review/consumption/HOTEL/GENERAL/3000010022674,27,33,"Toilet sedikit bau lokasi di atas mall tapi lainnya oke, makanan enak",Diulas 411 minggu lalu
https://www.traveloka.com/id-id/user/review/consumption/HOTEL/GENERAL/3000010022674,27,34,"Nyaman, luas kamarnya, pokoknya sip deh",Diulas 411 minggu lalu
https://www.traveloka.com/id-id/user/review/consumption/HOTEL/GENERAL/3000010022674,27,35,"Bersih, nyaman, puas dan keren",Diulas 411 minggu lalu
https://www.traveloka.com/id-id/user/review/consumption/HOTEL/GENERAL/3000010022674,27,36,"Bagus, kamar bersih dan pelayanan oke",Diulas 411 minggu lalu
https://www.traveloka.com/id-id/user/review/consumption/HOTEL/GENERAL/3000010022674,27,37,"Saya suka kolam renang, seperti lokasi dekat kota",Diulas 411 minggu lalu
https://www.traveloka.com/id-id/user/review/consumption/HOTEL/GENERAL/3000010022674,27,38,"Pelayanan baik, receptionist ramah, security ramah, ada kolam renang, dekat dengan mal cukup dari lift kebawah sudah mal. seberang juga mal, sebelah bioskop, jadi banyak hiburannya. breakfastnya enak dan bervariasi. terima kasih Traveloka dan santika.",Diulas 411 minggu lalu
https://www.traveloka.com/id-id/user/review/consumption/HOTEL/GENERAL/3000010022674,27,39,"Saya menginap bersama keluarga. Pertama membaca review untuk hotel ini agak sedikit khawatir juga tentang AC yang panas karena saya menginap dengan salah satu anak saya yang masih balita. Khawatir takut rewel jika kamar tidak dingin, tetapi apa yang saya khawatirkan sama sekali tidak terjadi. AC di kamar sangat dingin. Sama sekali tidak bermasalah, sangat puas sekali menginap di santika mega city bekasi, staf hotel yang ramah, Lokasi yang sangat strategis karena turun lift kita sudah bisa langsung ke mal dan jalan sedikit dari samping lobby hotel kita sudah bisa ke Exi. Hanya saja perlu di tingkatkan lagi pada pelayanan saat breakfast. Saya turun jam 8 ternyata sudah banyak sekali yang kosong. Pelayanan bagus dan goreng dan sosis. Walaupun di refill tapi itu cukup lama sekali, bahkan cangkir teh pun kosong di meja. Harap perlu di perhatikan kembali untuk menambah karyawan pada saat breakfast terlebih lagi pada saat weekend seperti saya kemarin. Selebihnya tidak ada kekurangan, sukses untuk santika mega city bekasi. Terima kasih.",Diulas 411 minggu lalu
https://www.traveloka.com/id-id/user/review/consumption/HOTEL/GENERAL/3000010022674,27,40,Sudah 3 kali menginap disini dan tidak pernah menyesal. Apalagi makanannya enak. Thanks,Diulas 412 minggu lalu
https://www.traveloka.com/id-id/user/review/consumption/HOTEL/GENERAL/3000010022674,28,1,"Hotelnya bagus, tapi akses masuk hotel agak sulit karena gabung dengan mal.",Diulas 412 minggu lalu
https://www.traveloka.com/id-id/user/review/consumption/HOTEL/GENERAL/3000010022674,28,2,"Lokasi dekat pusat perbelanjaan, akses ke toll dekat dan mudah. Menu sarapannya bervariatif. Buat yang bawa kendaraan juga parkirnya relatif mudah. Ruangan bersih, tidak terlalu kedap suara. Fasilitasnya memuaskan, WiFi kencang.",Diulas 412 minggu lalu
https://www.traveloka.com/id-id/user/review/consumption/HOTEL/GENERAL/3000010022674,28,3,Saya tidak akan pernah kembali ke hotel ini lagi.,Diulas 412 minggu lalu
https://www.traveloka.com/id-id/user/review/consumption/HOTEL/GENERAL/3000010022674,28,4,"Kamarnya berisik sekali karena ada pengerjaan konstruksi. Alhasil semalaman tidak bisa tidur. Makanan pagi menunya banyak tapi tidak enak. Gelas kopi yang belum dipake, masih ada sisa kopinya.",Diulas 412 minggu lalu
https://www.traveloka.com/id-id/user/review/consumption/HOTEL/GENERAL/3000010022674,28,5,Letak strategis. Oke buat perjalanan bisnis or keluarga.,Diulas 412 minggu lalu
https://www.traveloka.com/id-id/user/review/consumption/HOTEL/GENERAL/3000010022674,28,6,"Pelayanan cukup memuaskan, namun untuk menu makanan dan rasa masih standard.",Diulas 412 minggu lalu
https://www.traveloka.com/id-id/user/review/consumption/HOTEL/GENERAL/3000010022674,28,7,"Kamarnya dingin. Makanannya lumayan. channel TV ada yang kabur. safe deposit box mesti di cek dulu sebelum menyimpan barang, Karena bisa habis bateren dan tombol not responding.",Diulas 412 minggu lalu
https://www.traveloka.com/id-id/user/review/consumption/HOTEL/GENERAL/3000010022674,28,8,Nyaman sesuai untuk beristirahat.,Diulas 413 minggu lalu
https://www.traveloka.com/id-id/user/review/consumption/HOTEL/GENERAL/3000010022674,28,9,Secara keseluruhan sih memuaskan cuma yang kurang kolam renangnya agak kotor mungkin karena banyak pengunjung untuk makanan banyak variannya.,Diulas 413 minggu lalu
https://www.traveloka.com/id-id/user/review/consumption/HOTEL/GENERAL/3000010022674,28,10,"Kamarnya enak, overall nyaman, cuma makanan breakfastnya jam 9 sudah agak kosong. mungkin karena lebaran, gak tahu juga.",Diulas 413 minggu lalu
https://www.traveloka.com/id-id/user/review/consumption/HOTEL/GENERAL/3000010022674,28,11,"Hotelnya nyaman, cuma kemarin karena lagi lebaran tidak tahu bagaimana, makanan pas, brekafastnya cepat banget habis dan jam 9 pagi sudah agak kosong",Diulas 413 minggu lalu
https://www.traveloka.com/id-id/user/review/consumption/HOTEL/GENERAL/3000010022674,28,12,"Kamar luas, bersih, hanya breakfast kurang nikmat rasanya.",Diulas 414 minggu lalu
https://www.traveloka.com/id-id/user/review/consumption/HOTEL/GENERAL/3000010022674,28,13,Pilihan makanan untuk sarapan,Diulas 414 minggu lalu
https://www.traveloka.com/id-id/user/review/consumption/HOTEL/GENERAL/3000010022674,28,14,Keramah-tamahan yang diberikan para karyawan/staf sangat lekat di hotel ini.,Diulas 414 minggu lalu
https://www.traveloka.com/id-id/user/review/consumption/HOTEL/GENERAL/3000010022674,28,15,"Service bagus, kamar bagus dan pas untuk keluarga, akses fleksibel tengah kota dekat dengan banyak mal. Good job.",Diulas 414 minggu lalu
https://www.traveloka.com/id-id/user/review/consumption/HOTEL/GENERAL/3000010022674,28,16,"Kamar bersih, rapi dan nyaman. Fasilitas oke.",Diulas 414 minggu lalu
https://www.traveloka.com/id-id/user/review/consumption/HOTEL/GENERAL/3000010022674,28,17,"Tempat nyaman, bersih sesuai dengan budget, kolam renang bersih.",Diulas 414 minggu lalu
https://www.traveloka.com/id-id/user/review/consumption/HOTEL/GENERAL/3000010022674,28,18,Para pelayan restoran tidak ramah terhadap para tamu.,Diulas 414 minggu lalu
https://www.traveloka.com/id-id/user/review/consumption/HOTEL/GENERAL/3000010022674,28,19,Nyaman di sini. Puas banget menginap disini,Diulas 414 minggu lalu
https://www.traveloka.com/id-id/user/review/consumption/HOTEL/GENERAL/3000010022674,28,20,"AC-nya payah, kamar jadi panas padahal type yang deluxe, seharusnya hotel sekelas Santika pakai AC central bukan AC split seperti itu. menu sarapan juga sedikit.",Diulas 415 minggu lalu
https://www.traveloka.com/id-id/user/review/consumption/HOTEL/GENERAL/3000010022674,28,21,"AC-nya sama sekali tidak berfungsi, jadi panas sekali.",Diulas 415 minggu lalu
https://www.traveloka.com/id-id/user/review/consumption/HOTEL/GENERAL/3000010022674,28,22,Akses ke mal sangat dekat untuk shopping dan kenyamanan sangat memuaskan.,Diulas 415 minggu lalu
https://www.traveloka.com/id-id/user/review/consumption/HOTEL/GENERAL/3000010022674,28,23,"Kamar bagus, pelayanan baik, bersih",Diulas 415 minggu lalu
https://www.traveloka.com/id-id/user/review/consumption/HOTEL/GENERAL/3000010022674,28,24,Parkiran motornya susah... Liftnya setiap lantai terbuka sendiri. pembuangan air agak tersendat dan air kloset kuning. Breakfastnya ternyata ambil sendiri.,Diulas 415 minggu lalu
https://www.traveloka.com/id-id/user/review/consumption/HOTEL/GENERAL/3000010022674,28,25,Tanda tiba tidak bisa di cap dan di ttd. Keluar ontung Traveloka pesan hotelnya. Baru pertama di hotel ini. Lain kali cari hotel lain saja klu melalui Traleloka. Untuk yang berdinas di bekasi.,Diulas 416 minggu lalu
https://www.traveloka.com/id-id/user/review/consumption/HOTEL/GENERAL/3000010022674,28,26,Pelayanannya memuaskan dan sangat bagus.,Diulas 416 minggu lalu
https://www.traveloka.com/id-id/user/review/consumption/HOTEL/GENERAL/3000010022674,28,27,"Saya pesan paket ramadhan promo 5 orang dengan fasilitas dapat menu berbuka. Pas mau berbuka, ternyata petugas tidak ada konfirmasi sehingga harus cek dulunya perlu waktu lama. Akibatnya berbuka kita sangat terlambat di kita putuskan batal berbuka di hotel.",Diulas 416 minggu lalu
https://www.traveloka.com/id-id/user/review/consumption/HOTEL/GENERAL/3000010022674,28,28,Seperti biasa tidak pernah kecewa sama pelayanan Santika,Diulas 416 minggu lalu
https://www.traveloka.com/id-id/user/review/consumption/HOTEL/GENERAL/3000010022674,28,29,Satu-satunya kekurangan adalah sarapannya yang kurang memuaskan.,Diulas 417 minggu lalu
https://www.traveloka.com/id-id/user/review/consumption/HOTEL/GENERAL/3000010022674,28,30,"Kotor lantai kamarnya, saya lap dengan handuk kecil sampai begitu kotor.",Diulas 418 minggu lalu
https://www.traveloka.com/id-id/user/review/consumption/HOTEL/GENERAL/3000010022674,28,31,"Tidak buruk, dekat dengan mal, tetapi kamar deluxe-nya kecil dan sempit.",Diulas 418 minggu lalu
https://www.traveloka.com/id-id/user/review/consumption/HOTEL/GENERAL/3000010022674,28,32,"Untuk parkirannya susah di bawah yang mau naik ke hotel itu jalan di tutup tapi tidak ada yang jaganya sama ada 1 receptionis yang tidak ramah, tidak senyum sama sekali.",Diulas 419 minggu lalu
https://www.traveloka.com/id-id/user/review/consumption/HOTEL/GENERAL/3000010022674,28,33,Sangat menyenangkan mempunyai pengalaman bersama Santika.,Diulas 419 minggu lalu
https://www.traveloka.com/id-id/user/review/consumption/HOTEL/GENERAL/3000010022674,28,34,Semuanya bagus; Saya memesan kamar dengan balkon tetapi pintu balkon terkunci.,Diulas 419 minggu lalu
https://www.traveloka.com/id-id/user/review/consumption/HOTEL/GENERAL/3000010022674,28,35,"Hotelnya strategis bagus, and akses untuk beli kebutuhan harian sangat muda, karena langsung satu gedung dengan super market.",Diulas 419 minggu lalu
https://www.traveloka.com/id-id/user/review/consumption/HOTEL/GENERAL/3000010022674,28,36,"Saya menginap bareng sama temennya anak-anak saya usia 9-10 tahunan, dan kami semua bertujuh. Saya ambil 2 kamar. Terpaksa saya terima tawaran kamar smoking, Karena hanya kamar ini yang bisa 1 lantai kata CS. Lainnya kata CS beda lantai. Karena saya harus mengawasin anak-anak, Tidak mungkin ambil kamar beda lantai dong... jauh dan susah. Kamar kami depan-depan pintunya. Jam 20.30 kamar kami ditelepon receptionist, yang meminta agar kami tidak berisik, kamar sebelah komplain mau tidur kata si receptionist. Jam 20.30? Di komplain kamar sebelah mau tisur, tidak bolehberisik. Karena ngomongnya bagus, saya tidak alah deh. Oke lah. Saya ingetin anak-anak untuk lebih tenang. Tidak tahunya, Sekitar jam 9.30 sayup-sayup dari kamar saya, saya dengar ada suara orang ngomong, sebenarnya orang lewat, Tamu lain menutup pintu juga bisa kedengaran sih di kamar. Kayaknya kualitas peredam kamar hotel ini kurang bagus deh. Saya cek anak-anak, Ternyata kata mereka, tadi ada mas-mas hotel ngetok pintu bilang ke mereka supaya jangan berisik. Helloo). Hotel macam apa ini? Namanya anak-anak ngobrol cekikikan di kamar sama teman-temannya wajar lah. Kualitas peredam suara di kamarnya yang kurang bagus, Lantas mengorbankan tamu lain yang juga bayar, demi kenyamanan tamu lain. Yang saya kesel, jam 20.30 sudah menelepon, bilang jangan berisik, Tamu sebelah mau tidur. Masih sore loh istilahnya jam segitu... Gimana tidak bikin ilfil nih hotel... Tidak 2 kali deh menginap disini! Meski begitu, untuk masakan di menu sarapannya, oke lah menurut saya, lumayan enak-enak. Tapi servicenya Harus diperbaiki!",Diulas 419 minggu lalu
https://www.traveloka.com/id-id/user/review/consumption/HOTEL/GENERAL/3000010022674,28,37,Menunya tidak variasi agar dapat ditingkatkan,Diulas 419 minggu lalu
https://www.traveloka.com/id-id/user/review/consumption/HOTEL/GENERAL/3000010022674,28,38,"Recommended hotel, pelayanan yang ramah, fasilitas yang baik.",Diulas 419 minggu lalu
https://www.traveloka.com/id-id/user/review/consumption/HOTEL/GENERAL/3000010022674,28,39,"Hotelnya nyaman, stafnya ramah, breakfastnya oke.",Diulas 420 minggu lalu
https://www.traveloka.com/id-id/user/review/consumption/HOTEL/GENERAL/3000010022674,28,40,Tidak suka saya sama desain kamar mandinya bikin tidak nyaman kaca transparannya itu. Ganti tembok biasa saja sih.,Diulas 420 minggu lalu
https://www.traveloka.com/id-id/user/review/consumption/HOTEL/GENERAL/3000010022674,29,1,"Pelayanan sangat baik, dan hanya saja sedikit terjadi sesuatu yang horor, tingkatkan kebersihan.",Diulas 420 minggu lalu
https://www.traveloka.com/id-id/user/review/consumption/HOTEL/GENERAL/3000010022674,29,2,Liburan yang menyenangkan. Mungkin jika ke Bekasi lagi akan mempertimbangkan untuk menginap disini lagi?,Diulas 420 minggu lalu
https://www.traveloka.com/id-id/user/review/consumption/HOTEL/GENERAL/3000010022674,29,3,"Senang bisa menginap di Hotel Santika Mega Bekasi, pelayanan sangat memuaskan.",Diulas 420 minggu lalu
https://www.traveloka.com/id-id/user/review/consumption/HOTEL/GENERAL/3000010022674,29,4,"Makanannya enak, bervariasi, fasilitas oke.",Diulas 420 minggu lalu
https://www.traveloka.com/id-id/user/review/consumption/HOTEL/GENERAL/3000010022674,29,5,Secara keseluruhan bagus. Sangat beruntung mendapatkan peningkatan gratis.,Diulas 420 minggu lalu
https://www.traveloka.com/id-id/user/review/consumption/HOTEL/GENERAL/3000010022674,29,6,"Hotelnya bersih, kamarnya nyaman, pilihan makanan cukup banyak, rasanya enak, memang jaminan nama Santika cukup baik",Diulas 420 minggu lalu
https://www.traveloka.com/id-id/user/review/consumption/HOTEL/GENERAL/3000010022674,29,7,"Sedikit kurang memuaskan tetapi tidak mengecewakan, AC-nya kurang dingin dan request yang saya cantumkan tidak dipenuhi dan tidak ada konfirmasi lagi. Selebihnya saya puas dengan kebersihan kamarnya, sarapannya juga enak dan pelayanannya ra.mah",Diulas 420 minggu lalu
https://www.traveloka.com/id-id/user/review/consumption/HOTEL/GENERAL/3000010022674,29,8,"Waktu kita check-out... resepsionis lama responnya dan judes... padahal hanya ada 1 pengunjung yang di layani saat itu, dan tidak ramah dan senyum sama sekali, namanya laurnya enak",Diulas 420 minggu lalu
https://www.traveloka.com/id-id/user/review/consumption/HOTEL/GENERAL/3000010022674,29,9,Kamarnya kecil. WiFi sangat payah.,Diulas 421 minggu lalu
https://www.traveloka.com/id-id/user/review/consumption/HOTEL/GENERAL/3000010022674,29,10,"Sangat bagus sekali, ini nomer satu.",Diulas 421 minggu lalu
https://www.traveloka.com/id-id/user/review/consumption/HOTEL/GENERAL/3000010022674,29,11,"Bersih dan nyaman tempatnya, thanks.",Diulas 421 minggu lalu
https://www.traveloka.com/id-id/user/review/consumption/HOTEL/GENERAL/3000010022674,29,12,"Baik. Hanya khusus makanan banyak variasi tapi kurang enak. Nasi goreng butternya tidak ada rasa dan nasi pera, lupis ketannya kelembekkan kukusnya, Makaroninya tidak ada rasa, bihun gorengnya juga kering banget dan tidak ada rasa. Bad food. kamar mandi, saluran air agak mampet dan agak banjir jika habis mandi. Agak lama turun airnya disalurannya. Sayang sekali saya dan suami sudah bayar cukup mahal menginap di HS tapi makanan kurang enak. Diharapkan hotel sekelas santika bisa lebih memperhatikan soal rasa makanannya lagi. Thanks",Diulas 421 minggu lalu
https://www.traveloka.com/id-id/user/review/consumption/HOTEL/GENERAL/3000010022674,29,13,"Hotelnya sangat nyaman, bersih pelayanannya baik. Saya rekomendasikan hotel ini. Sehingga saya akan kembali menginap di hotel ini.",Diulas 421 minggu lalu
https://www.traveloka.com/id-id/user/review/consumption/HOTEL/GENERAL/3000010022674,29,14,Untuk kamar oke lah cuma AC-nya kurang dingin terus staf-staffnya kurang ramah untuk bagian FO dan kasir Restonya kurang ramah. Tapi sarapan paginya rasa makanannya nilainya 100 sudah tidak ada yang tidak enak semua enak-enak masakan indonesia serta yang lain-lain enak. juara lah,Diulas 422 minggu lalu
https://www.traveloka.com/id-id/user/review/consumption/HOTEL/GENERAL/3000010022674,29,15,"Layanan kamar oke, booking dan pembayaran mudah, makanan oke. Tak ada kendala untuk kamar. Hanya fasilitas di ballroom yang mengecewakan. Meeting di Ballroom dan AC, mati",Diulas 422 minggu lalu
https://www.traveloka.com/id-id/user/review/consumption/HOTEL/GENERAL/3000010022674,29,16,"Overall memuaskan, kamar nyaman, sarapan juga enak dengan beberapa pilihan menu.",Diulas 422 minggu lalu
https://www.traveloka.com/id-id/user/review/consumption/HOTEL/GENERAL/3000010022674,29,17,"Bikin pengen balik lagi deh kesana. Semoga semakin lancar jaya, management Hotel Santika is the recommended hotel.",Diulas 422 minggu lalu
https://www.traveloka.com/id-id/user/review/consumption/HOTEL/GENERAL/3000010022674,29,18,"Hrus ada uang deposit. Kamar dekat dengan suara bising yang tidak tahu apa, jadi sepanjang siang tidak bisa istirahat. Ketika ambil uang deposit tidak bisa diwakilkan pada istri dengan alasan harus tanda tangan yang yang saya, bayangkan kalau saya harus pergi duluan karena urusan lain dan istri yang belakang, maka berarti deposit tidak bisa diambil. Sangat merepotkan.",Diulas 422 minggu lalu
https://www.traveloka.com/id-id/user/review/consumption/HOTEL/GENERAL/3000010022674,29,19,Hotelnya bagus pelayanannya baik untuk breakfastnya pun enak dan banyak pilihan top deh.,Diulas 422 minggu lalu
https://www.traveloka.com/id-id/user/review/consumption/HOTEL/GENERAL/3000010022674,29,20,"Kamar oke cuma sayang dapat yang smoking room. sarapan oke banyak pilihan, ada gym center dan swimming pool",Diulas 422 minggu lalu
https://www.traveloka.com/id-id/user/review/consumption/HOTEL/GENERAL/3000010022674,29,21,"Lokasi terbaik.
Kamar biasa saja.
Makanan biasa saja",Diulas 423 minggu lalu
https://www.traveloka.com/id-id/user/review/consumption/HOTEL/GENERAL/3000010022674,29,22,Hotelnya nyaman dan para pegawainya sangat ramah.,Diulas 423 minggu lalu
https://www.traveloka.com/id-id/user/review/consumption/HOTEL/GENERAL/3000010022674,29,23,Petugas yang baik dan membantu tetapi untuk parkir mobil tidak cukup baik.,Diulas 423 minggu lalu
https://www.traveloka.com/id-id/user/review/consumption/HOTEL/GENERAL/3000010022674,29,24,dinding ruangan tertutup gypsum sehingga sedikit tidak nyaman.,Diulas 423 minggu lalu
https://www.traveloka.com/id-id/user/review/consumption/HOTEL/GENERAL/3000010022674,29,25,"Hotel yang nyaman, bersih, strategis, pelayanan memuaskan, makanan bervariasi tapi rasanya kurang enak apalagi nasinya keras, overall semua bagus kecuali breakfastnya",Diulas 424 minggu lalu
https://www.traveloka.com/id-id/user/review/consumption/HOTEL/GENERAL/3000010022674,29,26,Saya memesan untuk hadiah pernikahan sepupu saya. Sangat memuaskan request untuk kasih ucapan disambut baik oleh management hotel. Trims buat santika hotel megacity,Diulas 424 minggu lalu
https://www.traveloka.com/id-id/user/review/consumption/HOTEL/GENERAL/3000010022674,29,27,"Proses check in sangat panjang. Saya harus menunggu 1 jam bahkan saya datang tepat waktu pada jam 2 siang. Dia mengatakan bahwa beberapa tamu terlambat check out ... dan kamar tidak siap. Saya tidak ingin tahu tentang itu .. karena itu tanggung jawab hotel untuk membersihkan kamar sebelum waktu check in! Setelah saya keluhan di resepsionis dan pemesanan layanan pelanggan sisi, akhirnya saya check in dan mereka meng-upgrade kamar saya .. tapi ruangan itu panas dan AC tidak cukup dingin bahkan saya mengaturnya sampai suhu terendah!",Diulas 424 minggu lalu
https://www.traveloka.com/id-id/user/review/consumption/HOTEL/GENERAL/3000010022674,29,28,"Kamar besar, bersih dan nyaman",Diulas 424 minggu lalu
https://www.traveloka.com/id-id/user/review/consumption/HOTEL/GENERAL/3000010022674,29,29,Sangat strategis untuk bisnis dan lokasi bagus sekali pelayanannya bagus.,Diulas 425 minggu lalu
https://www.traveloka.com/id-id/user/review/consumption/HOTEL/GENERAL/3000010022674,29,30,"Semua kamar superior tidak ada viewnya, untuk hotel bintang 3 yang harga 500 lebih seharusnya ada viewnya, pengap.",Diulas 425 minggu lalu
https://www.traveloka.com/id-id/user/review/consumption/HOTEL/GENERAL/3000010022674,29,31,"Sangat puas dengan pelayanan santika, selain murah kamarnya juga nyaman. Santika mega bekasi memang terbaik!",Diulas 425 minggu lalu
https://www.traveloka.com/id-id/user/review/consumption/HOTEL/GENERAL/3000010022674,29,32,Selalu jadi favorit hotel yang ada malnya.,Diulas 425 minggu lalu
https://www.traveloka.com/id-id/user/review/consumption/HOTEL/GENERAL/3000010022674,29,33,Sangat baik dan sangat nyaman juga lokasinya sangat strategis!,Diulas 425 minggu lalu
https://www.traveloka.com/id-id/user/review/consumption/HOTEL/GENERAL/3000010022674,29,34,"Standar hotel bintang 3, lokasi agak kurang strategis untuk makan, untuk main oke.",Diulas 426 minggu lalu
https://www.traveloka.com/id-id/user/review/consumption/HOTEL/GENERAL/3000010022674,29,35,"Staf rumah tangga mengetuk pintu saya pukul 6 pagi dan mendorong pintu saya karena saya tidak menjawab. Aku setengah tertidur, demi Tuhan. mengapa Anda pikir Anda punya hak untuk membangunkan saya sepagi itu?",Diulas 426 minggu lalu
https://www.traveloka.com/id-id/user/review/consumption/HOTEL/GENERAL/3000010022674,29,36,Nyaman dan lokasinya sangat strategis. Menu sarapan beraneka ragam dan enak.,Diulas 426 minggu lalu
https://www.traveloka.com/id-id/user/review/consumption/HOTEL/GENERAL/3000010022674,29,37,"Pelayanan bagus, minuman enak, kamar bersih",Diulas 426 minggu lalu
https://www.traveloka.com/id-id/user/review/consumption/HOTEL/GENERAL/3000010022674,29,38,Kamar bersih luas dan nyaman serta menu sarapan bervariatif,Diulas 426 minggu lalu
https://www.traveloka.com/id-id/user/review/consumption/HOTEL/GENERAL/3000010022674,29,39,"Cukup bagus pelayanannya, terima kasih Santika Bekasi",Diulas 426 minggu lalu
https://www.traveloka.com/id-id/user/review/consumption/HOTEL/GENERAL/3000010022674,29,40,Pelayanannya ramah baik dan sopan. Tempatnya nyaman,Diulas 426 minggu lalu
https://www.traveloka.com/id-id/user/review/consumption/HOTEL/GENERAL/3000010022674,30,1,Hotelnya dalam mal. Ramah-ramah staf hotelnya hotelnya bersih,Diulas 426 minggu lalu
https://www.traveloka.com/id-id/user/review/consumption/HOTEL/GENERAL/3000010022674,30,2,"Lokasi hotel berdekatan dengan Mal dan Bioskop, makanannya bervariasi, Kolam renangnya cukup bersih dan pelayanannya ramah hanya satu yang kurang yaitu saat akan check-in dan check-out cukup lama. Tapi keseluruhannya oke.",Diulas 426 minggu lalu
https://www.traveloka.com/id-id/user/review/consumption/HOTEL/GENERAL/3000010022674,30,3,"Tempatnya strategis, kamarnya bagus dan bersih.",Diulas 426 minggu lalu
https://www.traveloka.com/id-id/user/review/consumption/HOTEL/GENERAL/3000010022674,30,4,Kamar standar. Breakfast beragam tapi semua dingin tidak dipanaskan.,Diulas 427 minggu lalu
https://www.traveloka.com/id-id/user/review/consumption/HOTEL/GENERAL/3000010022674,30,5,Hotel yang cukup bagus. Tepat di atas Mega City Bekasi yang strategis buat kemana-mana. Hanya saja lobby dan jalan keluar kalau malam agak susah.,Diulas 427 minggu lalu
https://www.traveloka.com/id-id/user/review/consumption/HOTEL/GENERAL/3000010022674,30,6,"Bersih dan rapi, tetapi pilihan makanannya kurang beragam.",Diulas 427 minggu lalu
https://www.traveloka.com/id-id/user/review/consumption/HOTEL/GENERAL/3000010022674,30,7,"Service-nya oke, dari mulai staff di area kolam renang sampai ketinggalan buku pun diantarkan.",Diulas 427 minggu lalu
https://www.traveloka.com/id-id/user/review/consumption/HOTEL/GENERAL/3000010022674,30,8,Banyak pilihan menu untuk sarapannya.,Diulas 427 minggu lalu
https://www.traveloka.com/id-id/user/review/consumption/HOTEL/GENERAL/3000010022674,30,9,Bagus ... setiap saat terasa indah,Diulas 427 minggu lalu
https://www.traveloka.com/id-id/user/review/consumption/HOTEL/GENERAL/3000010022674,30,10,"Catering nya tolong diperhatikan atau di teliti maximal penyajian makanan yg disajikan
Saya beberapa kali dapat mie yg mau basi sama kue yg masi keras karna pendinginan dari kulkas",Diulas 428 minggu lalu
https://www.traveloka.com/id-id/user/review/consumption/HOTEL/GENERAL/3000010022674,30,11,Saya sudah dua kali menginap disana. Untuk kamar cukup baik.,Diulas 428 minggu lalu
https://www.traveloka.com/id-id/user/review/consumption/HOTEL/GENERAL/3000010022674,30,12,Suasana baik. Kamar bersih. Keluhan cuma pada bantal yang tidak nyaman. Keras dan terlalu tinggi. Tidak nyaman dipake tidur. Alangkah baiknya bila bantal diganti.,Diulas 428 minggu lalu
https://www.traveloka.com/id-id/user/review/consumption/HOTEL/GENERAL/3000010022674,30,13,"Pilihan yang bagus untuk istirahat, setelah seharian rapat.",Diulas 428 minggu lalu
https://www.traveloka.com/id-id/user/review/consumption/HOTEL/GENERAL/3000010022674,30,14,"Bersih, ramah, fasilitas bagus, sesuai gambar,  variasi makanan banyak. Overall is excellent",Diulas 428 minggu lalu
https://www.traveloka.com/id-id/user/review/consumption/HOTEL/GENERAL/3000010022674,30,15,"WiFi gak fungsi, makanan restonya oke.",Diulas 429 minggu lalu
https://www.traveloka.com/id-id/user/review/consumption/HOTEL/GENERAL/3000010022674,30,16,Pengalaman hebat Saya tidak punya keluhan. Sarapan adalah mengagumkan dengan banyak variasi.,Diulas 429 minggu lalu
https://www.traveloka.com/id-id/user/review/consumption/HOTEL/GENERAL/3000010022674,30,17,Tempat yang bagus; Sayangnya sarapannya tidak begitu enak lagi ...,Diulas 429 minggu lalu
https://www.traveloka.com/id-id/user/review/consumption/HOTEL/GENERAL/3000010022674,30,18,"Beberapa sikat gigi tidak bisa di pakai, untuk yang kebetulan tidak bawa sikat gigi sedikit mengganggu, Mungkin kualitasnya sedikit di perbaiki untuk ke depannya Terima Kasih",Diulas 429 minggu lalu
https://www.traveloka.com/id-id/user/review/consumption/HOTEL/GENERAL/3000010022674,30,19,"Kurang nyaman sedikit, ruangan-nya agak panas",Diulas 429 minggu lalu
https://www.traveloka.com/id-id/user/review/consumption/HOTEL/GENERAL/3000010022674,30,20,"Baru kali ini dikasih kamar yang kecil, padahal biasanya besar.",Diulas 429 minggu lalu
https://www.traveloka.com/id-id/user/review/consumption/HOTEL/GENERAL/3000010022674,30,21,"Anak-anak nyaman, sarapan menunya banyak pilihan pokoknya oke untuk liburan keluarga",Diulas 429 minggu lalu
https://www.traveloka.com/id-id/user/review/consumption/HOTEL/GENERAL/3000010022674,30,22,Bagus tapi untuk check in sulit karena untuk akses harus sampai 5 lantai,Diulas 429 minggu lalu
https://www.traveloka.com/id-id/user/review/consumption/HOTEL/GENERAL/3000010022674,30,23,"Staffnya ramah, cepat dan tanggap untuk permasalahan di hotel, makanan enak, lokasi strategis.",Diulas 429 minggu lalu
https://www.traveloka.com/id-id/user/review/consumption/HOTEL/GENERAL/3000010022674,30,24,"Suasana enak,lokasi sangat stategis,pelayanan ramah menyenangkan,sayangnya rasa makanan kurang,terasa kurang rasa disemua jenis makanan yg tersedia,padahal makananya banyak beragam",Diulas 429 minggu lalu
https://www.traveloka.com/id-id/user/review/consumption/HOTEL/GENERAL/3000010022674,30,25,"Kamar sesuai dengan gambar, staf yang ramah, menu makanan banyak variasi dan enak, saya akan menginap di santika lagi",Diulas 429 minggu lalu
https://www.traveloka.com/id-id/user/review/consumption/HOTEL/GENERAL/3000010022674,30,26,Bagus. kamar bersih. dekat pusat perbelanjaan,Diulas 430 minggu lalu
https://www.traveloka.com/id-id/user/review/consumption/HOTEL/GENERAL/3000010022674,30,27,Saya mengalami proses check-in terlama untuk booking yang ini. Tanpa ada kejelasan masalahnya apa. Selain itu bagus.,Diulas 430 minggu lalu
https://www.traveloka.com/id-id/user/review/consumption/HOTEL/GENERAL/3000010022674,30,28,Sayang tidak bisa keluar balkon padahal di kamar deluxe ada balkonnya,Diulas 430 minggu lalu
https://www.traveloka.com/id-id/user/review/consumption/HOTEL/GENERAL/3000010022674,30,29,"Mantap, sesuai dengan kantong.",Diulas 430 minggu lalu
https://www.traveloka.com/id-id/user/review/consumption/HOTEL/GENERAL/3000010022674,30,30,"Secara keseluruhan, hotel ini sangat direkomendasikan...",Diulas 430 minggu lalu
https://www.traveloka.com/id-id/user/review/consumption/HOTEL/GENERAL/3000010022674,30,31,Saya kurang puas. tidak seperti hotel santika lainnya yang selalu ramah dalam pelayanan disantika mega bekasi saya tidak mendapatkannya.,Diulas 430 minggu lalu
https://www.traveloka.com/id-id/user/review/consumption/HOTEL/GENERAL/3000010022674,30,32,Bagus. makanan oke. pelayanannya ramah. overall oke banget. pertahankan,Diulas 431 minggu lalu
https://www.traveloka.com/id-id/user/review/consumption/HOTEL/GENERAL/3000010022674,30,33,"Kebersihan, pelayanan baik, jika tidak menggunakan kendaraan tidak memiliki akses langsung, akses via mall.",Diulas 431 minggu lalu
https://www.traveloka.com/id-id/user/review/consumption/HOTEL/GENERAL/3000010022674,30,34,"Ruang besar dengan banyak bantal yang saya cintai! variasi besar sarapan pagi, lingkungan bersih dan segar. hanya layak!",Diulas 431 minggu lalu
https://www.traveloka.com/id-id/user/review/consumption/HOTEL/GENERAL/3000010022674,30,35,Hotel terletak di dalam mall mega Bekasi lantai 5. Kamar tidak terlalu besar namun nyaman. Staff ramah. saya minta sendok dan mangkuk itu cepat di tanggapi dan diantar ke kamar. Terimakasih. Breakfast rasa nasi goreng dan kwetiau nya kurang. Namun untuk variasi makanan banyak dan menarik.,Diulas 431 minggu lalu
https://www.traveloka.com/id-id/user/review/consumption/HOTEL/GENERAL/3000010022674,30,36,Hotel bagus dan yang menarik sarapannya variatif.,Diulas 431 minggu lalu
https://www.traveloka.com/id-id/user/review/consumption/HOTEL/GENERAL/3000010022674,30,37,"Bagus, kamar bersih, pelayanan ramah, breakfast-nya enak, dan menyatu dengan mall.",Diulas 431 minggu lalu
https://www.traveloka.com/id-id/user/review/consumption/HOTEL/GENERAL/3000010022674,30,38,"Ruangnya tidak kedap, tamu berisik di lorong kamar terdengar berisik",Diulas 432 minggu lalu
https://www.traveloka.com/id-id/user/review/consumption/HOTEL/GENERAL/3000010022674,30,39,Sangat memuaskan dan ramah pelayanan nya serta fasilitas nya oke semuanya.,Diulas 432 minggu lalu
https://www.traveloka.com/id-id/user/review/consumption/HOTEL/GENERAL/3000010022674,30,40,"Saya harus membayar, menyetor 200k rupiah, acara kamar tanpa kulkas, tamu lain disamping saya saat saya check in, itu diperbolehkan untuk menolak deposit, terima kasih.",Diulas 432 minggu lalu
https://www.traveloka.com/id-id/user/review/consumption/HOTEL/GENERAL/3000010022674,31,1,Resepsionis sangat sopan. Menu sarapan pagi sangat banyak dan overall sangat memuaskan.,Diulas 432 minggu lalu
https://www.traveloka.com/id-id/user/review/consumption/HOTEL/GENERAL/3000010022674,31,2,Lumayan. kamar yang bersih dekat dengan mall,Diulas 432 minggu lalu
https://www.traveloka.com/id-id/user/review/consumption/HOTEL/GENERAL/3000010022674,31,3,Lokasi agak kurang mudah diakses karena harus naik ke atas parkiran mall. kamar bersih pelayanan ramah sarapan pagi kurang bervariasi,Diulas 432 minggu lalu
https://www.traveloka.com/id-id/user/review/consumption/HOTEL/GENERAL/3000010022674,31,4,"Hanya saat breakfast makanannya kurang memuaskan. lebih diperbaiki lagi kualitas rasa dan variasinya. Bubur dingin, tidak panas bubur nya. Untuk kamar saya puas dengan kenyamanan ruangan dan bed nya.",Diulas 432 minggu lalu
https://www.traveloka.com/id-id/user/review/consumption/HOTEL/GENERAL/3000010022674,31,5,"Pelayanan di front office tidak baik, Awalnya kami tidak diijinkan check in lagi 1 kamar karena website belum mengirimkan email. Kemudian tidak ada senyum sangat tidak ramah dan tidak friendly pelayanan sangat lelet saat check in maupun check out",Diulas 432 minggu lalu
https://www.traveloka.com/id-id/user/review/consumption/HOTEL/GENERAL/3000010022674,31,6,Harga terbaik tapi perlu menambahkan lebih banyak saluran TV,Diulas 432 minggu lalu
https://www.traveloka.com/id-id/user/review/consumption/HOTEL/GENERAL/3000010022674,31,7,"Koridor berisik terdengar dari kamar, all oke.",Diulas 432 minggu lalu
https://www.traveloka.com/id-id/user/review/consumption/HOTEL/GENERAL/3000010022674,31,8,"Alhamdulillah, cukup puas, kamar bersih, makanan banyak dan enak.",Diulas 432 minggu lalu
https://www.traveloka.com/id-id/user/review/consumption/HOTEL/GENERAL/3000010022674,31,9,"Kamar bersih tapi sarapan buruk, tidak banyak pilihan. Beberapa item (porriage bahkan dingin). Ada kopi di lantai dan butuh waktu setengah jam agar staf membersihkannya, cukup berbahaya.",Diulas 432 minggu lalu
https://www.traveloka.com/id-id/user/review/consumption/HOTEL/GENERAL/3000010022674,31,10,Cukup nyawan dan tempatnya strategis untuk apapun.,Diulas 432 minggu lalu
https://www.traveloka.com/id-id/user/review/consumption/HOTEL/GENERAL/3000010022674,31,11,"Terima kasih sudah diberikan kamar yang terbaik. Namun da beberapa yang harus diperbaiki seperti pintu kamar mandi. terus mesti sering cek cctv. karena pada saat setelah saya chek in, da yang masuk ke kamar 753. Sehingga da singlet yang menurut kami itu bukan singlet saya atau teman saya ataupun singlet saudara saya. Berarti bisa dibilang singlet orang lain.",Diulas 433 minggu lalu
https://www.traveloka.com/id-id/user/review/consumption/HOTEL/GENERAL/3000010022674,31,12,"Nyaman dan enak, lokasi bagus.",Diulas 433 minggu lalu
https://www.traveloka.com/id-id/user/review/consumption/HOTEL/GENERAL/3000010022674,31,13,Receptionist-nya kurang ramah.,Diulas 434 minggu lalu
https://www.traveloka.com/id-id/user/review/consumption/HOTEL/GENERAL/3000010022674,31,14,"Saya meminta surat konfirmasi masa inap tetapi tidak diberikan, alasannya karena tidak ada tanda tangan, saya meminta agar surat tersebut dikirim melalui email tetapi juga tidak dikirim.",Diulas 434 minggu lalu
https://www.traveloka.com/id-id/user/review/consumption/HOTEL/GENERAL/3000010022674,31,15,Mutu makanan perlu ditingkatkan untuk macam menu cukup banyak. Kami menginap di premier room ternyata untuk cool box harus request dulu seharusnya sudah selalu ada untuk harga kamar 750 ribu lebih. thanks.,Diulas 434 minggu lalu
https://www.traveloka.com/id-id/user/review/consumption/HOTEL/GENERAL/3000010022674,31,16,"Wi fii agak sulit terkoneksi, sering putus, tapi overall sangat baik.",Diulas 434 minggu lalu
https://www.traveloka.com/id-id/user/review/consumption/HOTEL/GENERAL/3000010022674,31,17,"Kamarnya nyaman banget karena saya upgrade ke delux, sarapannya juga enak-enak makanannya tapi kurang saat chekin doang karena cuma ada 2 staff-nya jadi ngantri lama.",Diulas 434 minggu lalu
https://www.traveloka.com/id-id/user/review/consumption/HOTEL/GENERAL/3000010022674,31,18,Cukup bagus. Memuaskan. Terima kasih.,Diulas 435 minggu lalu
https://www.traveloka.com/id-id/user/review/consumption/HOTEL/GENERAL/3000010022674,31,19,Simple dekat kemana-mana di bawah Hotel ada Mall jadi menghemat juga.,Diulas 435 minggu lalu
https://www.traveloka.com/id-id/user/review/consumption/HOTEL/GENERAL/3000010022674,31,20,Staf front office tidak stand by 24 jam.,Diulas 435 minggu lalu
https://www.traveloka.com/id-id/user/review/consumption/HOTEL/GENERAL/3000010022674,31,21,Strategis tapi sayang kualitas TV-nya kurang banyak channel.,Diulas 436 minggu lalu
https://www.traveloka.com/id-id/user/review/consumption/HOTEL/GENERAL/3000010022674,31,22,"Senang banget pelayanannya sama wulan reseptionist, kehilangan kunci, good job!",Diulas 436 minggu lalu
https://www.traveloka.com/id-id/user/review/consumption/HOTEL/GENERAL/3000010022674,31,23,Pelayanan dan breakfast sangat memuaskan.,Diulas 436 minggu lalu
https://www.traveloka.com/id-id/user/review/consumption/HOTEL/GENERAL/3000010022674,31,24,"Hotel bersih, menu sarapan enak dan variatif, lokasi strategis karena satu gedung dengan mall dan depan juga mall. Turun lantai langsung food court dan bioskop. senangnya. Terima kasih juga cake birthday cakenya,surprise banget. Hanya lokasi parkirnya yang agak susah ditemukan, channel tv luarnya khusus yang menayangkan film kurang banyak, dan pada saat saya kesana kolam renang sedang dalam perbaikan jadi tidak bisa menikmati deh. Tapi overall very good. Semoga sukses selalu ya",Diulas 436 minggu lalu
https://www.traveloka.com/id-id/user/review/consumption/HOTEL/GENERAL/3000010022674,31,25,"Akses masuknya agak ribet kalau malam di atas jam operasional mall, makanannnya enak. service-nya bagus.",Diulas 436 minggu lalu
https://www.traveloka.com/id-id/user/review/consumption/HOTEL/GENERAL/3000010022674,31,26,"AC kurang dingin, deposit 200rb, kalau naik ke hotel musti 2 kali naik lift, lift mall ke lobby baru naik lagi pake lift hotel",Diulas 436 minggu lalu
https://www.traveloka.com/id-id/user/review/consumption/HOTEL/GENERAL/3000010022674,31,27,Kamar 801 bantal nya tidak enak. terlalu keras dan tinggi. dipake tidur tidak nyaman di kepala. hampir semua kamar di santika giant bekasi bantal tidak enak.,Diulas 436 minggu lalu
https://www.traveloka.com/id-id/user/review/consumption/HOTEL/GENERAL/3000010022674,31,28,Toiletnya bau. Wastafel mampet. Pelayanannya kurang ramah,Diulas 437 minggu lalu
https://www.traveloka.com/id-id/user/review/consumption/HOTEL/GENERAL/3000010022674,31,29,"Kamar yang dipesan di websute ada balkon. kenyataannya tidak sesuai saat checkin dihotel yang ada balkon harus upgrade 200 ribu. saya bayar cash. dan harus deposit saya menggunakan kartu kredit untuk open bill. kamar boleh merokok tp tidak ada asbak. Gelasnya ada bekas kopi dan ada adukan kopi yang terpakai di bawah nampan, lantai kotor, sprei ada noda, sarapan pagi tidak ada rasa nasi goreng kering, lontong sayur keras, kolam renang tidak bisa digunakan, saya kecewa. hotel ini sangat tidak sesuai dengan ulasannya. petugas yang telepon ke kamar tidak sopan. tidak servis excelence",Diulas 437 minggu lalu
https://www.traveloka.com/id-id/user/review/consumption/HOTEL/GENERAL/3000010022674,31,30,"Disana kan harus ada deposit 200 ribu dan saya menginap disana untuk merayakan tahun baru bersama teman-teman saya. Saya pesan makanan harus bayar dan sudah saya bayar setiap saya pesan makanan dan teman saya pesan BIR memang belum bayar harganya 75 ribu, pas saya check out seharusnya saya tidak mengeluarkan uang dong karena deposit uang saya masih 200 ribu belum terpakai tapi kata pelayan atau kasirnya saya kurang 30 ribu dan saya bayar dong pake uang 100 ribu. dia bilang kekurangan uang atas makanan yang saya pesan padahal semua makanan yang saya pesan,saya sudah bayar setelah makanan datang kekamar saya . Dan seharusnya uang 200 ribu saya kembali dong. kalau memang saya harus bayar 75 ribu berarti yang harus di kembalikan kesaya 155 ribu karena saya menambahkan lagi 30 ribu yang di minta sama mba-mbanya. dan yang lebih parahnya lagi saya tidak di kasih struk pembayaran saya.Sungguh mengecewakan menurut saya, saya berasa di bohongi oleh mba-mbanya . saya harap sih hotel santika bisa memecat mba-mba yang tukang tipu atau pembohong itu.",Diulas 437 minggu lalu
https://www.traveloka.com/id-id/user/review/consumption/HOTEL/GENERAL/3000010022674,31,31,Pelayanan yang baik dan ramah,Diulas 437 minggu lalu
https://www.traveloka.com/id-id/user/review/consumption/HOTEL/GENERAL/3000010022674,31,32,Udara con tidak kuat. Sarapan begitu begitu tapi secara keseluruhan ok,Diulas 437 minggu lalu
https://www.traveloka.com/id-id/user/review/consumption/HOTEL/GENERAL/3000010022674,31,33,"Masih kayak biasa sih nyaman, ramah, kl menginap sabtu minggu ramai banyak pengunjung mall.",Diulas 437 minggu lalu
https://www.traveloka.com/id-id/user/review/consumption/HOTEL/GENERAL/3000010022674,31,34,"ini sudah ke 2 kalinya ngnep dsni.krna yang pertama kali ngnep disini saya ngerasain nyaman.tp ternyata pas ke2 kali, saya tidak terlalu ngerasain hal itu.dkarenakan : 1. tempat tidur saya dapat 2 tempat tidur single,pdhl saya datang dengan suami,masa kami tidur pisah tempat tidur.sblmnya saya sudah request untuk satu ranjang besar. 2. makanan sarapan menurut saya rasanya hambar,tdk ada rasa sama sekali.dan ketika saya sampai makanan sudah habis dan tidak drefiil sehingga saya makan cuma nasi goreng+ikan asin.nasi gorengnya benar2 hambar bgt.gak ada rasa asin ataupn pedas.msh enakan makan nasi putih sepertinya. 3.kolam renang yang terlalu kecil sehingga ketika ada perayaan tahun baru seperti ini,kolam renang full banget 4.tempat gym yang bnr2 minimalis. Cuma ada 4 alat..sehingga ketika saya mau gunakan,saya harus antri hampir stengah jam lebih karena di dalam ada orang yang menggunakan.itupn ketika masuk, saya cuma bisa gunakan 1 alat,yg lain masih dipakai org.. 5.tidak ada petugas kebersihan dipagi hari.setau saya tiap saya menginap dhotel,tiap pagi ada petugas kebersihan kamar,yg menanyakan apakah kamar mau dbersihkan?dan mengambil sampah dkamar.tp ini tidak ada. overall lumayan baiklah..",Diulas 437 minggu lalu
https://www.traveloka.com/id-id/user/review/consumption/HOTEL/GENERAL/3000010022674,31,35,"Hotel berada di lokasi yang strategis, hotelnya pun nyaman bersih berada satu bangunan dengan mall,staff hotel ramah dan sangat membantu. Tapi akses menuju hotel kurang nyaman karena berada di atas mall dan saya mendapat kejadian kurang enak saat menuju mall dari hotel lift sempat mati jadi agak trauma untuk ke mall lagi Dan di kamar pun tidak ada kulkas, untuk breakfast lumayan enak dan banyak pilihan.",Diulas 437 minggu lalu
https://www.traveloka.com/id-id/user/review/consumption/HOTEL/GENERAL/3000010022674,31,36,Kamar cukup bersih untuk sarapan pagi menu yang tersedia cukup lengkap kalau bisa check out bisa sampai jam 14 pasti setiap akhir minggu saya beserta keluarga menginap di santika giant bekasi terus,Diulas 437 minggu lalu
https://www.traveloka.com/id-id/user/review/consumption/HOTEL/GENERAL/3000010022674,31,37,"Tempat yang sangat bagus sekali. Sunyi dan damai jadi cocok untuk orang yang ingin bersantai-santai. Sayangnya AC di kamar saya kurang dingin. Dingin tapi agak lama. Makanan banyak variasinya, pelayanan ramah dan tempat luas. Sayangnya kolam renang senang dalam maintenance, padahal saya sengaja menginap disini cuma untuk berenang. Tapi secara kesluruhan hotel ini bagus dan rekomendasi bangets. Thanks juga untuk mbak wulan yang telah membantu saya.",Diulas 437 minggu lalu
https://www.traveloka.com/id-id/user/review/consumption/HOTEL/GENERAL/3000010022674,31,38,Makanan buffet penyajiannya lama. Sehingga banyak yang kosong,Diulas 438 minggu lalu
https://www.traveloka.com/id-id/user/review/consumption/HOTEL/GENERAL/3000010022674,31,39,"Agak kurang ngga nyaman, karena pas saya ngga di kamar housekipping membersihkan kamar tanpa ada permintaan dari tamu..",Diulas 438 minggu lalu
https://www.traveloka.com/id-id/user/review/consumption/HOTEL/GENERAL/3000010022674,31,40,"Mulai dari pelayanan, tempat, dan makanan semua enak nyaman.",Diulas 438 minggu lalu
https://www.traveloka.com/id-id/user/review/consumption/HOTEL/GENERAL/3000010022674,32,1,Pelayanan dan fasilitasnya ok banget.,Diulas 438 minggu lalu
https://www.traveloka.com/id-id/user/review/consumption/HOTEL/GENERAL/3000010022674,32,2,"Layanan hebat, akan menginap di hotel ini waktu berikutnya",Diulas 438 minggu lalu
https://www.traveloka.com/id-id/user/review/consumption/HOTEL/GENERAL/3000010022674,32,3,Sarapan pagi yang komplit dan sesuai selera,Diulas 438 minggu lalu
https://www.traveloka.com/id-id/user/review/consumption/HOTEL/GENERAL/3000010022674,32,4,Bagus dan nyaman hotel. Staf juga sangat ramah.,Diulas 438 minggu lalu
https://www.traveloka.com/id-id/user/review/consumption/HOTEL/GENERAL/3000010022674,32,5,Sedikit kecewa pesanan khusus bed ranjang besar sudah di isi di pesanan kusus tp tidak ada pemberitahuan habis ..yg lain bagus semua makanan juga pelayanan,Diulas 438 minggu lalu
https://www.traveloka.com/id-id/user/review/consumption/HOTEL/GENERAL/3000010022674,32,6,Pengalaman yang sangat baik untuk tinggal dengan hotel,Diulas 438 minggu lalu
https://www.traveloka.com/id-id/user/review/consumption/HOTEL/GENERAL/3000010022674,32,7,Terima kasih hotel santika mega city bekasi,Diulas 438 minggu lalu
https://www.traveloka.com/id-id/user/review/consumption/HOTEL/GENERAL/3000010022674,32,8,"Aku terganggu oleh suara kipas AC di luar, seperti kipas besar, aku tidak tahu kenapa berisik sekali, seperti ada suara ""dum dum dum"" (mungkin dari bioskop).",Diulas 438 minggu lalu
https://www.traveloka.com/id-id/user/review/consumption/HOTEL/GENERAL/3000010022674,32,9,"Hotel bersih, makanan enak, pelayanan ramah dan membuat nyaman, berada di pusat kota, akses mudah ke pusat hiburan dan perbelanjaan.",Diulas 438 minggu lalu
https://www.traveloka.com/id-id/user/review/consumption/HOTEL/GENERAL/3000010022674,32,10,Enak dan nyaman. Buat keluarga untuk liburan. Harga masih sesuai.,Diulas 439 minggu lalu
https://www.traveloka.com/id-id/user/review/consumption/HOTEL/GENERAL/3000010022674,32,11,Hotelnya bagus tapi aksesnya susah.,Diulas 439 minggu lalu
https://www.traveloka.com/id-id/user/review/consumption/HOTEL/GENERAL/3000010022674,32,12,"Mengecewakan, saya dikasih kamar beda dengan pada saat saya menginap pertama dan kedua bulan2 lalu",Diulas 439 minggu lalu
https://www.traveloka.com/id-id/user/review/consumption/HOTEL/GENERAL/3000010022674,32,13,"Nyaman dan para pegawainya cekatan, namun sayang lahan parkirnya sangat terbatas di area dekat lobby hotel",Diulas 439 minggu lalu
https://www.traveloka.com/id-id/user/review/consumption/HOTEL/GENERAL/3000010022674,32,14,"Over all service sangat bagus, untuk menu breakfast banyak variannya. Good Job",Diulas 439 minggu lalu
https://www.traveloka.com/id-id/user/review/consumption/HOTEL/GENERAL/3000010022674,32,15,Mengecewakan dengan standar pelayanan Santika lainnya.,Diulas 439 minggu lalu
https://www.traveloka.com/id-id/user/review/consumption/HOTEL/GENERAL/3000010022674,32,16,"Senang, sudah ke empat kali menginap di hotel ini, suka banget, setelah dari mall, bisa istirahat, tenang suasananya.",Diulas 439 minggu lalu
https://www.traveloka.com/id-id/user/review/consumption/HOTEL/GENERAL/3000010022674,32,17,Cukup baik dan cukup memuaskan,Diulas 440 minggu lalu
https://www.traveloka.com/id-id/user/review/consumption/HOTEL/GENERAL/3000010022674,32,18,"Pelayanan yang baik, tempat bagus, makanan enak.",Diulas 440 minggu lalu
https://www.traveloka.com/id-id/user/review/consumption/HOTEL/GENERAL/3000010022674,32,19,Suara dari luar masih terdengar. Tapi dekat dengan pusat perbelanjaan. Makanan perlu ditingkatkan lagi. So far nyaman.,Diulas 440 minggu lalu
https://www.traveloka.com/id-id/user/review/consumption/HOTEL/GENERAL/3000010022674,32,20,Sangat rekomendasi. Pelayanan sangat sangat mantap.,Diulas 440 minggu lalu
https://www.traveloka.com/id-id/user/review/consumption/HOTEL/GENERAL/3000010022674,32,21,"Hotel bersih, pelayanan ramah dan memuaskan",Diulas 440 minggu lalu
https://www.traveloka.com/id-id/user/review/consumption/HOTEL/GENERAL/3000010022674,32,22,Hotel yang nyaman dengan pelayanan yang memuaskan serta makanan yang enak,Diulas 440 minggu lalu
https://www.traveloka.com/id-id/user/review/consumption/HOTEL/GENERAL/3000010022674,32,23,"Lokasi strategis, staff ramah, sarapan enak dan lengkap, 1 area dengan pusat hiburan nilai plus lainnya. hanya 1 kekurangannya kamar tidak kedap suara karena masih bisa dengar suara di lorong.",Diulas 440 minggu lalu
https://www.traveloka.com/id-id/user/review/consumption/HOTEL/GENERAL/3000010022674,32,24,"Bagus skali, di tengah kota, dengan dengan pusat belanja. Jadi kemana-mana dekat. kamarnya juga bagus, rapi dan bersih.",Diulas 440 minggu lalu
https://www.traveloka.com/id-id/user/review/consumption/HOTEL/GENERAL/3000010022674,32,25,"Dapat kamar deluxe di nomor 656, check in jam setengah 1 malam dalam keadaan lelah. Kamar cukup luas dan bersih, kamar mandi juga bersih. Yang membuat saya kecewa itu ternyata kamarnya bersebelahan dengan ruang mesin/kompresor sehingga suara mesinnya terdengar sampai ke dalam kamar. Mau komplain sudah lelah, mencoba tidur dengan ditutup bantal juga tidak berpengaruh. Alhasil baru bisa tertidur jam 4 pagi karena sudah sangat mengantuk, jam 5 lebih sudah harus bangun. Ketika sarapan, menu makanan cukup variatif tetapi ternyata soal rasa sangat perlu ada peningkatan.",Diulas 440 minggu lalu
https://www.traveloka.com/id-id/user/review/consumption/HOTEL/GENERAL/3000010022674,32,26,AC tidak dingin tidak ada jendela untuk lihat keluar.,Diulas 441 minggu lalu
https://www.traveloka.com/id-id/user/review/consumption/HOTEL/GENERAL/3000010022674,32,27,"Overall sangat baik, hanya akses lift dari/ ke hotel/ mall sangat lama.",Diulas 441 minggu lalu
https://www.traveloka.com/id-id/user/review/consumption/HOTEL/GENERAL/3000010022674,32,28,"Makan sarapan tidak memuaskan. Banyak menu yang habis. Dimsum keras, jagung rebus sudah asam rasanya.",Diulas 441 minggu lalu
https://www.traveloka.com/id-id/user/review/consumption/HOTEL/GENERAL/3000010022674,32,29,Mantap bersih dan makanannya enak.,Diulas 441 minggu lalu
https://www.traveloka.com/id-id/user/review/consumption/HOTEL/GENERAL/3000010022674,32,30,Hotelnya bersih dan nyaman. Peralatan di kamarnya lengkap. Makanannya juga enak-enak. Puas,Diulas 441 minggu lalu
https://www.traveloka.com/id-id/user/review/consumption/HOTEL/GENERAL/3000010022674,32,31,"menginap disini enak, nyaman, cuma masakan ayamnya keasinan banget",Diulas 441 minggu lalu
https://www.traveloka.com/id-id/user/review/consumption/HOTEL/GENERAL/3000010022674,32,32,"Keren dan bagus, sekali jos",Diulas 441 minggu lalu
https://www.traveloka.com/id-id/user/review/consumption/HOTEL/GENERAL/3000010022674,32,33,Pelayanan bagus. Bersih. Makanan bervariasi. AC kurang dingin.,Diulas 442 minggu lalu
https://www.traveloka.com/id-id/user/review/consumption/HOTEL/GENERAL/3000010022674,32,34,"Pelayanan receptionisnya kurang profesional tidak di beri tahukan kalau konci bisa di akses setelah 3 menit dan membuat saya bingung hingga turun naik,dan tidak di beri tahukan jam breakfast dari jam berapa sampr jam berapa,dan apa kah ada kupon atau tidak yaa hal simpel sih tapi itu pengaruh loh",Diulas 442 minggu lalu
https://www.traveloka.com/id-id/user/review/consumption/HOTEL/GENERAL/3000010022674,32,35,Lokasinya unik. Pintu masuknya ada di atas Mall,Diulas 442 minggu lalu
https://www.traveloka.com/id-id/user/review/consumption/HOTEL/GENERAL/3000010022674,32,36,"Cukup menyenangkan, dan puas dengan makananya enak. Kamar bersih,tapi disayangkan hari pertama dan kedua kolam renang masih dalam perbaikan tp setelah itu sudah bisa di pakai lagi dan keluarga kami menikmati fasilitas kolam renangnya. Kamar mandi juga nyaman meskipun untuk closet semprotnya agak lama keluarnya harus nunggu agar bisa menyemprot,selebihnya ok. untuk lokasinya strategis di atas mall dan sekitarnya banyak mall dan cari makanan gampang karena tinggal turun lift langsung masuk ke mall,selain itu kalau mau nonton bioskop cukup jalan kaki karena bersebelahan dengan XXI mega mall bekasi. Kemudian akses jalan juga pas di depan masuk dan keluar pintu tol. Mantap,,,lain kali pasti menginap disini lagi.",Diulas 442 minggu lalu
https://www.traveloka.com/id-id/user/review/consumption/HOTEL/GENERAL/3000010022674,32,37,Cukup memuaskan semoga dapat ditingkatkan lagi,Diulas 442 minggu lalu
https://www.traveloka.com/id-id/user/review/consumption/HOTEL/GENERAL/3000010022674,32,38,"Sangat Nyaman, keluarga saya suka menginap disini, bersih banget, pegawainya ramah.",Diulas 442 minggu lalu
https://www.traveloka.com/id-id/user/review/consumption/HOTEL/GENERAL/3000010022674,32,39,"WiFi lambat, sering disconnect sendiri. Makanan untuk sarapan kurang fresh, kolam renang kurang bersih. Tapi untuk kenyamanan dan akses sangat baik.",Diulas 442 minggu lalu
https://www.traveloka.com/id-id/user/review/consumption/HOTEL/GENERAL/3000010022674,32,40,"Setiap menginap disana pokoknya selalu puas sama pelayanannya, dari proses chek in sampai chek out tidak ada kendala",Diulas 442 minggu lalu
https://www.traveloka.com/id-id/user/review/consumption/HOTEL/GENERAL/3000010022674,33,1,"Bagus, bersih, ramah, dan privasinya oke karena naik lift harus pake akses card kamar tapi kurangnya parkirannya lewat mall dan itu gratis hanya 1 kali keluar aja. selebihnya bayar.selebihnya oke.",Diulas 442 minggu lalu
https://www.traveloka.com/id-id/user/review/consumption/HOTEL/GENERAL/3000010022674,33,2,"Secara keseluruhan, tempat yang bagus untuk tinggal. Hotel Santika Bagus",Diulas 442 minggu lalu
https://www.traveloka.com/id-id/user/review/consumption/HOTEL/GENERAL/3000010022674,33,3,Senang karena semua fasilitasnya memuaskan,Diulas 442 minggu lalu
https://www.traveloka.com/id-id/user/review/consumption/HOTEL/GENERAL/3000010022674,33,4,Menginap di hotel santika cukup memuaskan terutama bg kami para pebisnis,Diulas 442 minggu lalu
https://www.traveloka.com/id-id/user/review/consumption/HOTEL/GENERAL/3000010022674,33,5,"WiFi sangat lemot, khususnya lantai 7",Diulas 443 minggu lalu
https://www.traveloka.com/id-id/user/review/consumption/HOTEL/GENERAL/3000010022674,33,6,"Menyenangkan. Namun kami kecewa saat hari terakhir disana kami sedang sarapan lalu kembali ke kamar, jendela2 kamar kami dibuka, mungkin house keeping pikir kami sudah check out, sebagian barang kamipun masih ada di kamar. Artinya komunikasi karyawan hotel disana kurang. Terima kasih",Diulas 443 minggu lalu
https://www.traveloka.com/id-id/user/review/consumption/HOTEL/GENERAL/3000010022674,33,7,"Pada waktu subuh, ketika AC room saya matikan tercium aroma sampah yang masuk ke kamar saya. Untuk pelayanan lebih baik daripada sebelumnya serta masakan cukup untuk cita rasanya.",Diulas 443 minggu lalu
https://www.traveloka.com/id-id/user/review/consumption/HOTEL/GENERAL/3000010022674,33,8,"Overall oke, hanya saja tolong ditibgkatkan kualitas Wifi-nya",Diulas 443 minggu lalu
https://www.traveloka.com/id-id/user/review/consumption/HOTEL/GENERAL/3000010022674,33,9,"Bagus, nyaman, WiFi kenceng, overall bagus",Diulas 443 minggu lalu
https://www.traveloka.com/id-id/user/review/consumption/HOTEL/GENERAL/3000010022674,33,10,"Stafnya ramah, kamar cukup luas Dan bersih.",Diulas 443 minggu lalu
https://www.traveloka.com/id-id/user/review/consumption/HOTEL/GENERAL/3000010022674,33,11,"Recommend, tempat strategis dan dekat dengan mall",Diulas 443 minggu lalu
https://www.traveloka.com/id-id/user/review/consumption/HOTEL/GENERAL/3000010022674,33,12,Saat ini tempat nya bersih dan nyaman untuk tempat menginap,Diulas 443 minggu lalu
https://www.traveloka.com/id-id/user/review/consumption/HOTEL/GENERAL/3000010022674,33,13,"Menurut saya karyawan-karyawan kurang bersahabat, mungkin ketika saya datang banyak rombongan yang datang juga tapi sebagai hotel yang mengutamakan pelayanan service dan pelayanan tetap harus dijaga",Diulas 444 minggu lalu
https://www.traveloka.com/id-id/user/review/consumption/HOTEL/GENERAL/3000010022674,33,14,"Nice, tapi susah akses masuk dan keluar karena menyatu dengan pintu masuk mall.",Diulas 444 minggu lalu
https://www.traveloka.com/id-id/user/review/consumption/HOTEL/GENERAL/3000010022674,33,15,"Sejauh ini bagus, layanannya sangat bagus",Diulas 444 minggu lalu
https://www.traveloka.com/id-id/user/review/consumption/HOTEL/GENERAL/3000010022674,33,16,Overall good...cuma AC kurang dingin...,Diulas 444 minggu lalu
https://www.traveloka.com/id-id/user/review/consumption/HOTEL/GENERAL/3000010022674,33,17,"Sedikit kecewa karena lift eror, tidak bisa berhenti di lantai 7, untuk makan harus ke lantai 5, karena kaki sakit, tidak bisa naik turun tangga, akhirnya tidak jadi sarapan",Diulas 444 minggu lalu
https://www.traveloka.com/id-id/user/review/consumption/HOTEL/GENERAL/3000010022674,33,18,"CS nya tidak ramah ketika saya mau cek in ,depositnya besar sekali 200rb. berbeda dengan hotel berbintang yang tdi dminta deposit. kamar tidak sesuai dengan pesanan",Diulas 444 minggu lalu
https://www.traveloka.com/id-id/user/review/consumption/HOTEL/GENERAL/3000010022674,33,19,Kamar dan pelayanan ok. Kebersihan juga ok. Hanya saja lokasi yang kurang sesuai,Diulas 444 minggu lalu
https://www.traveloka.com/id-id/user/review/consumption/HOTEL/GENERAL/3000010022674,33,20,"Posisinya strategis, di pusat kota Bekasi. Mantap deh. Makasih Traveloka sudah bikin hidup jauh lebih mudah.",Diulas 444 minggu lalu
https://www.traveloka.com/id-id/user/review/consumption/HOTEL/GENERAL/3000010022674,33,21,Masuk hotel sedikit membingungkan,Diulas 445 minggu lalu
https://www.traveloka.com/id-id/user/review/consumption/HOTEL/GENERAL/3000010022674,33,22,Tempat nyaman dan menu makanan yang enak.,Diulas 445 minggu lalu
https://www.traveloka.com/id-id/user/review/consumption/HOTEL/GENERAL/3000010022674,33,23,Ramah ramah pelayanan dan breakfast banyak pilihan tapi kamar kurang gede tidak sesuai dengan harga.,Diulas 445 minggu lalu
https://www.traveloka.com/id-id/user/review/consumption/HOTEL/GENERAL/3000010022674,33,24,Sudah sering kesini tapi terakhir breakfasnya agak kurang memuaskan baik dari segi variasi dan rasa,Diulas 445 minggu lalu
https://www.traveloka.com/id-id/user/review/consumption/HOTEL/GENERAL/3000010022674,33,25,Tempat yang bagus dengan harga terjangkau; direkomendasikan,Diulas 445 minggu lalu
https://www.traveloka.com/id-id/user/review/consumption/HOTEL/GENERAL/3000010022674,33,26,Suka banget karena strategis dekat dengan moll tapi pendingin kamar kurang makimal dan tidak ada kulkas.,Diulas 445 minggu lalu
https://www.traveloka.com/id-id/user/review/consumption/HOTEL/GENERAL/3000010022674,33,27,Selalu puas!! Dan bikin pengen balik lagi,Diulas 445 minggu lalu
https://www.traveloka.com/id-id/user/review/consumption/HOTEL/GENERAL/3000010022674,33,28,"One of the best place to stay. Review saya hanya akses ke hotelnya saja yang terpaksa harus ke lantai 5 dan AC kamar yang tidak dingin, selebihnya saya sangat terkesan dan breakfastnya lengkap dan sangat enak. Please keep up the good work and please adjust the facility. Thank you",Diulas 445 minggu lalu
https://www.traveloka.com/id-id/user/review/consumption/HOTEL/GENERAL/3000010022674,33,29,"Semua baik dan bagus, hanya saja kemaren lift-nya macet, sempet naik tangga.. Selebihnya oke, makasih.",Diulas 445 minggu lalu
https://www.traveloka.com/id-id/user/review/consumption/HOTEL/GENERAL/3000010022674,33,30,Secara keseluruhan fasilitas sebagai bintang rating dan tidak ada komentar tentang hal itu tapi layanan meja depan tidak efisien. Check-in ditempuh lebih dari 45 menit. Ruangan itu tidak siap bahkan kedatangan saya di 9 pm.,Diulas 446 minggu lalu
https://www.traveloka.com/id-id/user/review/consumption/HOTEL/GENERAL/3000010022674,33,31,Lokasi hotel yang sangat strategis.,Diulas 446 minggu lalu
https://www.traveloka.com/id-id/user/review/consumption/HOTEL/GENERAL/3000010022674,33,32,"Pelayanan prima, juga tempat yang nyaman.",Diulas 446 minggu lalu
https://www.traveloka.com/id-id/user/review/consumption/HOTEL/GENERAL/3000010022674,33,33,"Bagus, mengagumkan untuk perjalanan saya.",Diulas 446 minggu lalu
https://www.traveloka.com/id-id/user/review/consumption/HOTEL/GENERAL/3000010022674,33,34,"Sarapan bervariasi and enak, letak strategis, hanya saja check in harus jam 2.",Diulas 446 minggu lalu
https://www.traveloka.com/id-id/user/review/consumption/HOTEL/GENERAL/3000010022674,33,35,"Kamarnya kecil dan view keluar hanya blok kamar sebrang, tidak sesuai dengan di photo Traveloka sarapannya saja yang baik.",Diulas 447 minggu lalu
https://www.traveloka.com/id-id/user/review/consumption/HOTEL/GENERAL/3000010022674,33,36,Cek out telat 1jam di denda 25%,Diulas 447 minggu lalu
https://www.traveloka.com/id-id/user/review/consumption/HOTEL/GENERAL/3000010022674,33,37,"Ketika saya tinggal, saya merasa di kamar AC tidak bekerja dengan baik, panas. Mudah-mudahan untuk kunjungan berikutnya 5 November, AC bekerja dengan lancar",Diulas 447 minggu lalu
https://www.traveloka.com/id-id/user/review/consumption/HOTEL/GENERAL/3000010022674,33,38,Pelayanan oke.. Makanannya enak,Diulas 447 minggu lalu
https://www.traveloka.com/id-id/user/review/consumption/HOTEL/GENERAL/3000010022674,33,39,Terus tingkatkan kebersihannya.,Diulas 447 minggu lalu
https://www.traveloka.com/id-id/user/review/consumption/HOTEL/GENERAL/3000010022674,33,40,Bersih. Semakin tingkatkan lagi,Diulas 447 minggu lalu
https://www.traveloka.com/id-id/user/review/consumption/HOTEL/GENERAL/3000010022674,34,1,"Sangat senang sekali, nyaman, bersih",Diulas 447 minggu lalu
https://www.traveloka.com/id-id/user/review/consumption/HOTEL/GENERAL/3000010022674,34,2,"Pelayanan memuaskan.good job, well done",Diulas 447 minggu lalu
https://www.traveloka.com/id-id/user/review/consumption/HOTEL/GENERAL/3000010022674,34,3,"Hotelnya bagus service-nya juga, cuman pagi-pagi kok ada yg ketok-ketok room service yaa? Untuk dibersihkan bukannya pas keluar itu titip kunci ke resepsionis baru di request untuk dibersihkan karena menganggu ya, sama ac kurang dingin tolong pembenahannya untuk hotel santika",Diulas 447 minggu lalu
https://www.traveloka.com/id-id/user/review/consumption/HOTEL/GENERAL/3000010022674,34,4,"Pelayanan nya sangat baik, tempat nya yang strategis, mudah untuk akses kemanapun, kamar yang di pesen sangat sesuai seperti yang di tampilkan",Diulas 447 minggu lalu
https://www.traveloka.com/id-id/user/review/consumption/HOTEL/GENERAL/3000010022674,34,5,"Breakfast enak, kamar lumayan nyaman dan bersih",Diulas 448 minggu lalu
https://www.traveloka.com/id-id/user/review/consumption/HOTEL/GENERAL/3000010022674,34,6,Breakfastnya enak.kamarnya lumayan nyaman dan bersih tapi kalau mau pesen taksi jangan lewat hotel karena tidak datang-datang. lebih baik pesan sendiri.,Diulas 448 minggu lalu
https://www.traveloka.com/id-id/user/review/consumption/HOTEL/GENERAL/3000010022674,34,7,Kartu akses ke kamar cuma dapat satu. Waktu minta tambah kartu akses katanya tidak bisa,Diulas 448 minggu lalu
https://www.traveloka.com/id-id/user/review/consumption/HOTEL/GENERAL/3000010022674,34,8,"Hotelnya menyatu dengan pusat perbelanjaan, jadi gampang mau cari makanan.",Diulas 448 minggu lalu
https://www.traveloka.com/id-id/user/review/consumption/HOTEL/GENERAL/3000010022674,34,9,"Hotelnya comfort pelayanan kurang baik saya minta hair dryer tidak datang-datang harus berkali-kali diminta, sarapan oke tapi tidak semua enak. overall good. lokasinya untuk yang tidak pakai kendaraan pribadi agak ribet naik ke atas lewat elevator mall giant.",Diulas 448 minggu lalu
https://www.traveloka.com/id-id/user/review/consumption/HOTEL/GENERAL/3000010022674,34,10,Kamar mandi aliran untuk pembuangan air tidak lancar air menggenang. Kurang nyaman kamar mandinya,Diulas 448 minggu lalu
https://www.traveloka.com/id-id/user/review/consumption/HOTEL/GENERAL/3000010022674,34,11,Good facility.Strategis. Pelayanan baik. Breakfast sangat memuaskan,Diulas 448 minggu lalu
https://www.traveloka.com/id-id/user/review/consumption/HOTEL/GENERAL/3000010022674,34,12,"Tempatnya sangat tenang, akses atau petunjuk untuk ke lobby sangat kurang dan tidak informatif",Diulas 448 minggu lalu
https://www.traveloka.com/id-id/user/review/consumption/HOTEL/GENERAL/3000010022674,34,13,"Saya order non smoking room tetapi pas masuk kamar bau rokok, saya komplain ke receptionis menurut dia kamar sudah non smoking dan minta untuk menyemprot. Setelah datang yang menyemprot saya tanyakan kok kamar non smoking tapi bau rokok, bagian room service malah bilang kamar ini memang kamar smoking. Saya bener-bener kesel ditambah setelah disemprot malah saya jadi batuk-batuk, kemudian saya angkut barang-barang saya ke lobby untuk komplain dan minta kamar baru dan kamar baru ternyata bersih tidak bau rokok. Tetapi ada lagi kekesalan karena wifi tidak tersambung dan setelah lapor responnya sangat lama sampai saya harus telephone lagi, jadi saya kecewa. Untung hanya satu malam",Diulas 448 minggu lalu
https://www.traveloka.com/id-id/user/review/consumption/HOTEL/GENERAL/3000010022674,34,14,Senang menginap di Santika,Diulas 448 minggu lalu
https://www.traveloka.com/id-id/user/review/consumption/HOTEL/GENERAL/3000010022674,34,15,Tingkatkan terus pelayanannya supaya makin baik. Teriima kasih,Diulas 449 minggu lalu
https://www.traveloka.com/id-id/user/review/consumption/HOTEL/GENERAL/3000010022674,34,16,"Kebersihan, lokasi dan.kenyamanan ok, hotel ok, tapi sepertinya ada perbedaan antara pembelian traveloka dengan pembelian langsung, karena keinginan kita yang beli via online minta view yang bagus tidak terpenuhi..",Diulas 449 minggu lalu
https://www.traveloka.com/id-id/user/review/consumption/HOTEL/GENERAL/3000010022674,34,17,Tempat istirahat yang nyaman dan privasi dan area shoping,Diulas 449 minggu lalu
https://www.traveloka.com/id-id/user/review/consumption/HOTEL/GENERAL/3000010022674,34,18,"Pelayanan lama, sampai menunggu lama di lobby untuk check in. mohon diperbaiki",Diulas 449 minggu lalu
https://www.traveloka.com/id-id/user/review/consumption/HOTEL/GENERAL/3000010022674,34,19,Awalnya kamar tidak dingin acnya. kemudian komplain dan langsung disuruh pindah kamar. walaupun desain kamarnya beda dan kayaknya lebih kecil tapi gak apa apa. makanan enak semua. good job!,Diulas 449 minggu lalu
https://www.traveloka.com/id-id/user/review/consumption/HOTEL/GENERAL/3000010022674,34,20,"Kamar, pelayanan, breakfast, lokasi dan lain-lain memuaskan, saya senang menginap di Hotel Santika Mega City Bekasi. Akan tetapi tolong ditingkatkan untuk kualitas wifi yang menurut saya sangat jelek, selama menginap saya tetap menggunakan data selular saya dikarenakan wifi nya yang jelek, Over All Excelent. Thanks",Diulas 449 minggu lalu
https://www.traveloka.com/id-id/user/review/consumption/HOTEL/GENERAL/3000010022674,34,21,"Karena kami menginap hanya semalam.tidak begitu berkesan, tempat strategis tapi kurang nyaman",Diulas 449 minggu lalu
https://www.traveloka.com/id-id/user/review/consumption/HOTEL/GENERAL/3000010022674,34,22,"Bagus, bersih, breakfast enak, kalau bisa di lengkapi hair dryer.",Diulas 449 minggu lalu
https://www.traveloka.com/id-id/user/review/consumption/HOTEL/GENERAL/3000010022674,34,23,"Hotel yang kurang menarik dalam hal 1. Pelayanan yang kurang 2. Lokasi yang sangat sulit, dmn kita hanya bisa melewati lift mall atau parkir mall yang ada di lantai 5. 3. Makanan yang sangat tidak enak untuk harga yang cukup tinggi. 4. Kebersihan dari hotel yang kurang",Diulas 449 minggu lalu
https://www.traveloka.com/id-id/user/review/consumption/HOTEL/GENERAL/3000010022674,34,24,"Kekurangannya, akses masuk dan keluar hotel bila tidak dengan kendaraan (jalan kaki) harus melalui swalayan. Harusnya dibuat akses khusus hotel.",Diulas 449 minggu lalu
https://www.traveloka.com/id-id/user/review/consumption/HOTEL/GENERAL/3000010022674,34,25,"Cukup bagus, memuaskan dan recommend",Diulas 450 minggu lalu
https://www.traveloka.com/id-id/user/review/consumption/HOTEL/GENERAL/3000010022674,34,26,"Hotelnya nyaman banget, untuk menu breakfastnya oke banget. Lengkap.",Diulas 450 minggu lalu
https://www.traveloka.com/id-id/user/review/consumption/HOTEL/GENERAL/3000010022674,34,27,Lokasi strategis & fasilitas lengkap,Diulas 450 minggu lalu
https://www.traveloka.com/id-id/user/review/consumption/HOTEL/GENERAL/3000010022674,34,28,Layanan sangat baik. Senang tinggal di sini,Diulas 450 minggu lalu
https://www.traveloka.com/id-id/user/review/consumption/HOTEL/GENERAL/3000010022674,34,29,"Over all keren, Fasilitas kamar keren, break fast mantap variasi banyak.",Diulas 450 minggu lalu
https://www.traveloka.com/id-id/user/review/consumption/HOTEL/GENERAL/3000010022674,34,30,"Menyenangkan, semua pelayanan baik, mulai dari resepsionis, layanan kamar hingga restoran semuanya memuaskan.",Diulas 450 minggu lalu
https://www.traveloka.com/id-id/user/review/consumption/HOTEL/GENERAL/3000010022674,34,31,Memuaskan tapi sayang kolam renang anak terlalu kecil,Diulas 450 minggu lalu
https://www.traveloka.com/id-id/user/review/consumption/HOTEL/GENERAL/3000010022674,34,32,"Nyaman dan bersih, recommended",Diulas 450 minggu lalu
https://www.traveloka.com/id-id/user/review/consumption/HOTEL/GENERAL/3000010022674,34,33,Nyaman dan praktis karena kalau mau mall mega bekasi tinggal kebawah  menu sarapan lengkap dan enak,Diulas 450 minggu lalu
https://www.traveloka.com/id-id/user/review/consumption/HOTEL/GENERAL/3000010022674,34,34,Kamar bagus tapi wastafelnya mampet..,Diulas 451 minggu lalu
https://www.traveloka.com/id-id/user/review/consumption/HOTEL/GENERAL/3000010022674,34,35,"Breakfast enak, tetapi coba tkong ditambah lagi variasi nya.. pelayanan ok, kebersihan dan lain-lain good",Diulas 451 minggu lalu
https://www.traveloka.com/id-id/user/review/consumption/HOTEL/GENERAL/3000010022674,34,36,Layanan sangat baik dan makanan yang baik.,Diulas 451 minggu lalu
https://www.traveloka.com/id-id/user/review/consumption/HOTEL/GENERAL/3000010022674,34,37,Ok.. Nyaman.. Lucu tempatnya ..,Diulas 451 minggu lalu
https://www.traveloka.com/id-id/user/review/consumption/HOTEL/GENERAL/3000010022674,34,38,Sarapannya lengkap. Semuanya bagus cuma yang gak ada mesin coffee makernya. Masa hotel segede itu gak ada coffee makernya. Campuran kopinya cuma pake susu kental manis...,Diulas 451 minggu lalu
https://www.traveloka.com/id-id/user/review/consumption/HOTEL/GENERAL/3000010022674,34,39,"Sangat puas, tapi tadi ada kendala saat masuk ada air sisa di dalem gelas, tappi semuanya oke, suka pemandangannya kolam renang.",Diulas 451 minggu lalu
https://www.traveloka.com/id-id/user/review/consumption/HOTEL/GENERAL/3000010022674,34,40,Tempatnya enak strategis juga dan nyaman,Diulas 451 minggu lalu
https://www.traveloka.com/id-id/user/review/consumption/HOTEL/GENERAL/3000010022674,35,1,"Hotelnya nyaman untuk harga yang menurut saya sangat pantas, kasur dan bantalnya bagus dan nyaman banget (investasi wajib untuk sebuah hotel adalah kasur dan bantal yang nyaman hehe), pilihan menu all you can eat breakfastnya juga banyak, minumannya lengkap ada jamu2 tradisional segala, infused water, susu, dll, overall puas, cuma ada minusnya, shower di kamar saya agak rusak, bocor gitu, jadi airnya ke mana2, tidak fokus ke bawah, tapi water heaternya berfungsi baik. ACnya menurut saya kurang dingin, padahal udah di stel yang paling dingin, karena saya tidak suka dingin jadi nyaman2 aja, tapi kalau yang suka dingin banget ya bakal kerasa, tapi tidak gerah kok, Bakal balik lagi deh ^.^",Diulas 451 minggu lalu
https://www.traveloka.com/id-id/user/review/consumption/HOTEL/GENERAL/3000010022674,35,2,"Sering menginap di sini, enak buat istirahat, jauh dari keramaian, tapi kayaknya ada beberapa pelayanan yang kurang menyenangkan.",Diulas 451 minggu lalu
https://www.traveloka.com/id-id/user/review/consumption/HOTEL/GENERAL/3000010022674,35,3,Lokasi strategis banget di pusat perbelanjaan,Diulas 451 minggu lalu
https://www.traveloka.com/id-id/user/review/consumption/HOTEL/GENERAL/3000010022674,35,4,"Lokasi strategis, sarapan banyak pilihan menu, pelayanan oke.",Diulas 452 minggu lalu
https://www.traveloka.com/id-id/user/review/consumption/HOTEL/GENERAL/3000010022674,35,5,"Semua oke, apalagi sarapannya",Diulas 452 minggu lalu
https://www.traveloka.com/id-id/user/review/consumption/HOTEL/GENERAL/3000010022674,35,6,"Kamar bagus, menu sarapan pagi enak",Diulas 452 minggu lalu
https://www.traveloka.com/id-id/user/review/consumption/HOTEL/GENERAL/3000010022674,35,7,Ketika check in oke..smooth tidak ada masalah..kamarnya juga bagus bersih tp pas check out officernya kurang bersahabat terutama yang namanya Bayu..mohon lebih senyum,Diulas 452 minggu lalu
https://www.traveloka.com/id-id/user/review/consumption/HOTEL/GENERAL/3000010022674,35,8,Aku akan segera kembali! 2 acungan jempol,Diulas 452 minggu lalu
https://www.traveloka.com/id-id/user/review/consumption/HOTEL/GENERAL/3000010022674,35,9,lobby jauh dari jalan utama karena berada di parkiran lantai 5,Diulas 452 minggu lalu
https://www.traveloka.com/id-id/user/review/consumption/HOTEL/GENERAL/3000010022674,35,10,Memuaskan dan menyenangkan,Diulas 452 minggu lalu
https://www.traveloka.com/id-id/user/review/consumption/HOTEL/GENERAL/3000010022674,35,11,"Bersih, ramah, menu ok, akses mudah.",Diulas 453 minggu lalu
https://www.traveloka.com/id-id/user/review/consumption/HOTEL/GENERAL/3000010022674,35,12,"Nyaman untuk keluarga,dekat dengan giant",Diulas 453 minggu lalu
https://www.traveloka.com/id-id/user/review/consumption/HOTEL/GENERAL/3000010022674,35,13,"Kalau tidak membawa kendaraan, jalan masuk ke hotel membingungkan karena harus melalui mall.",Diulas 453 minggu lalu
https://www.traveloka.com/id-id/user/review/consumption/HOTEL/GENERAL/3000010022674,35,14,Hotel sangat nyaman besar terima kasih,Diulas 453 minggu lalu
https://www.traveloka.com/id-id/user/review/consumption/HOTEL/GENERAL/3000010022674,35,15,AC tidak berfungsi sebagaimana mestinya.,Diulas 453 minggu lalu
https://www.traveloka.com/id-id/user/review/consumption/HOTEL/GENERAL/3000010022674,35,16,Memuaskan sekali sangat nyaman strategis,Diulas 453 minggu lalu
https://www.traveloka.com/id-id/user/review/consumption/HOTEL/GENERAL/3000010022674,35,17,Bersih dan nyaman. Nice place and strategis,Diulas 453 minggu lalu
https://www.traveloka.com/id-id/user/review/consumption/HOTEL/GENERAL/3000010022674,35,18,Oke ya lumayan,Diulas 453 minggu lalu
https://www.traveloka.com/id-id/user/review/consumption/HOTEL/GENERAL/3000010022674,35,19,fasilitas dan layanan yang baik,Diulas 453 minggu lalu
https://www.traveloka.com/id-id/user/review/consumption/HOTEL/GENERAL/3000010022674,35,20,"Itu bersih, kondisi udara tidak berfungsi dengan baik, murah, pelayanan yang baik",Diulas 453 minggu lalu
https://www.traveloka.com/id-id/user/review/consumption/HOTEL/GENERAL/3000010022674,35,21,"Dikasih ruang merokok, padahal ada anak bayi dan kami merequest kamar tidak merokok Kartu kamar sering rusak, harus bolak balik ke resepsionis. Makanan breakfast membosankan.",Diulas 453 minggu lalu
https://www.traveloka.com/id-id/user/review/consumption/HOTEL/GENERAL/3000010022674,35,22,Akses kalau malam hari agak repot karena berada di mall,Diulas 453 minggu lalu
https://www.traveloka.com/id-id/user/review/consumption/HOTEL/GENERAL/3000010022674,35,23,"Kamar yang layak, layanan buruk, lingkungan yang sangat bau, staf yang sangat terlambat merespons, tidak akan pernah kembali ke sini lagi.",Diulas 454 minggu lalu
https://www.traveloka.com/id-id/user/review/consumption/HOTEL/GENERAL/3000010022674,35,24,"Ramah, kamar cukup luas, bersih, sejuk.",Diulas 454 minggu lalu
https://www.traveloka.com/id-id/user/review/consumption/HOTEL/GENERAL/3000010022674,35,25,Akses mudah dekat dengan jalan tol dan mall untuk belanja,Diulas 454 minggu lalu
https://www.traveloka.com/id-id/user/review/consumption/HOTEL/GENERAL/3000010022674,35,26,"Hotelnya bagus, pelayanannya juga bagus, yang jadi nilai minusnya karena terletak di atas mall sehingga kurang diketahui orang jadinya agak-agak ribet nyarinya",Diulas 454 minggu lalu
https://www.traveloka.com/id-id/user/review/consumption/HOTEL/GENERAL/3000010022674,35,27,Karyawan hotel yang sopan dalam melayani tamu.,Diulas 454 minggu lalu
https://www.traveloka.com/id-id/user/review/consumption/HOTEL/GENERAL/3000010022674,35,28,"Deket mall, deket bioskop, menu breakfasnya lengkap dan bervariasi tiap harinya. Lokasi strategis. Nice!",Diulas 454 minggu lalu
https://www.traveloka.com/id-id/user/review/consumption/HOTEL/GENERAL/3000010022674,35,29,"Nyaman, pelayanan memuaskan, ternyata ada swimming poolnya, karena di website belum ada swimming pool. Lokasi pas di samping mall dan bioskop, pas untuk liburan keluarga",Diulas 454 minggu lalu
https://www.traveloka.com/id-id/user/review/consumption/HOTEL/GENERAL/3000010022674,35,30,"Sangat baik dan memuaskan, segala kemudahan dapat di temukan di sini",Diulas 454 minggu lalu
https://www.traveloka.com/id-id/user/review/consumption/HOTEL/GENERAL/3000010022674,35,31,Sangat puas dengan pelayanan Santika Hotel Mega City Bekasi. Referensi banget deh.,Diulas 454 minggu lalu
https://www.traveloka.com/id-id/user/review/consumption/HOTEL/GENERAL/3000010022674,35,32,Kebersihan baik dan lokasi hotel memuaskan. Hanya kamar sangat kecil dan kamar mandi juga sangat kecil sehingga air menggenang,Diulas 454 minggu lalu
https://www.traveloka.com/id-id/user/review/consumption/HOTEL/GENERAL/3000010022674,35,33,Termasuk hotel baru tetap cukup baik dari segi kualitas dan pelayanannya cukup baik dan receptionist nya ramah. Akses cukup mudah untuk dijangkau,Diulas 454 minggu lalu
https://www.traveloka.com/id-id/user/review/consumption/HOTEL/GENERAL/3000010022674,35,34,Memuaskan selain bersih ruangannya juga harum semerbak. Dipertahankan kalau perlu ditingkatkan,Diulas 454 minggu lalu
https://www.traveloka.com/id-id/user/review/consumption/HOTEL/GENERAL/3000010022674,35,35,Selalu saja kendala pada kunci kamar yang tidak bisa di access. Sehingga harus turun lagi ke reception.,Diulas 454 minggu lalu
https://www.traveloka.com/id-id/user/review/consumption/HOTEL/GENERAL/3000010022674,35,36,"Fasilitas oke, location strategis, tempat bersih dan nyaman. Pelayanan dalam check in kurang memuaskan atas keterlambatannya jam check in",Diulas 454 minggu lalu
https://www.traveloka.com/id-id/user/review/consumption/HOTEL/GENERAL/3000010022674,35,37,"Kamar bersih, fasilitas cukup lumayan lengkap, hanya menu breakfast perlu ditingkatkan lagi kualitas dan rasanya.",Diulas 455 minggu lalu
https://www.traveloka.com/id-id/user/review/consumption/HOTEL/GENERAL/3000010022674,35,38,Secara keseluruhan baik. Hanya terdapat keterbatasan pelayanan,Diulas 455 minggu lalu
https://www.traveloka.com/id-id/user/review/consumption/HOTEL/GENERAL/3000010022674,35,39,Memuaskan untuk menginap acara Dinas,Diulas 455 minggu lalu
https://www.traveloka.com/id-id/user/review/consumption/HOTEL/GENERAL/3000010022674,35,40,"AC kurang dingin tapi, secara keseluruhan cukup baik",Diulas 455 minggu lalu
https://www.traveloka.com/id-id/user/review/consumption/HOTEL/GENERAL/3000010022674,36,1,Itu tempat yang bagus untuk tidur. Dekat Stadion Patriot jadi jika Anda ingin menonton pertandingan sepak bola di Stadion Patriot Bekasi. Itu tempat terbaik.,Diulas 455 minggu lalu
https://www.traveloka.com/id-id/user/review/consumption/HOTEL/GENERAL/3000010022674,36,2,"Breakfast banyak pilihan walaupun gulai ayamnya hambar, lokasi mudah dijangkau, dan diatap mall, tapi sayangnya di kamar tempat saya menginap AC tidak dingin, kasur berderit saat ditiduri, dan ""eco-washer"" di toilet airnya kecil, tidak bisa dipakai untuk membasuh, untung cuma semalam, jadi bisa pakai toilet di lobby atau di mall kalau kebelet.",Diulas 455 minggu lalu
https://www.traveloka.com/id-id/user/review/consumption/HOTEL/GENERAL/3000010022674,36,3,Recommended deh. Next trip bisnis bakal kesini lagi.,Diulas 455 minggu lalu
https://www.traveloka.com/id-id/user/review/consumption/HOTEL/GENERAL/3000010022674,36,4,Sangat memuaskan dengan pelayanan yang baik. Bersih dan nyaman,Diulas 455 minggu lalu
https://www.traveloka.com/id-id/user/review/consumption/HOTEL/GENERAL/3000010022674,36,5,Another great place at bekasi.,Diulas 455 minggu lalu
https://www.traveloka.com/id-id/user/review/consumption/HOTEL/GENERAL/3000010022674,36,6,AC kamar kurang dingin. Tolong diperbaiki dan diperhatikan kualitas setiap kamar!,Diulas 455 minggu lalu
https://www.traveloka.com/id-id/user/review/consumption/HOTEL/GENERAL/3000010022674,36,7,"Tempatnya bersih dan nyaman, pelayanannya juga ramah, dan sarapan nya lumayan enak, so far so good.",Diulas 455 minggu lalu
https://www.traveloka.com/id-id/user/review/consumption/HOTEL/GENERAL/3000010022674,36,8,Harga murah tapi pelayanan tidak murahan,Diulas 456 minggu lalu
https://www.traveloka.com/id-id/user/review/consumption/HOTEL/GENERAL/3000010022674,36,9,"Breakfastnya kurang enak, tidak segar, kerupuknya masuk angin. Lokasi di mall tua",Diulas 456 minggu lalu
https://www.traveloka.com/id-id/user/review/consumption/HOTEL/GENERAL/3000010022674,36,10,Semoga semakin sukses buat Hotel Santika Bekasi,Diulas 456 minggu lalu
https://www.traveloka.com/id-id/user/review/consumption/HOTEL/GENERAL/3000010022674,36,11,"Over all bagus. Tapi bagi yang tidak bawa mobil, masuknya lumayan membingungkan dan agak ribet.",Diulas 456 minggu lalu
https://www.traveloka.com/id-id/user/review/consumption/HOTEL/GENERAL/3000010022674,36,12,Fasilitasnya sangat nyaman untuk keluarga terutama kolam renang dan fitnesnya,Diulas 456 minggu lalu
https://www.traveloka.com/id-id/user/review/consumption/HOTEL/GENERAL/3000010022674,36,13,"Pelayanan nya sangat ramah, tempat nya sangat trategis, makanan nya lumayan.",Diulas 456 minggu lalu
https://www.traveloka.com/id-id/user/review/consumption/HOTEL/GENERAL/3000010022674,36,14,"Pelayanan,breakfast,dan kebersihan terjaga. Mohon disediakan parkir untuk konsumen yang membawa kendaraan roda 2, karena cukup lumayan untuk naek ke lokasi hotel.",Diulas 456 minggu lalu
https://www.traveloka.com/id-id/user/review/consumption/HOTEL/GENERAL/3000010022674,36,15,"Nice place, ke mall, makan, minum tinggal turun saja.",Diulas 456 minggu lalu
https://www.traveloka.com/id-id/user/review/consumption/HOTEL/GENERAL/3000010022674,36,16,Tempat dan pelayanan yang sangat memuaskan,Diulas 456 minggu lalu
https://www.traveloka.com/id-id/user/review/consumption/HOTEL/GENERAL/3000010022674,36,17,"Kebersihan, pelayanan, kenyamanan dan makanannya sudah baik.",Diulas 457 minggu lalu
https://www.traveloka.com/id-id/user/review/consumption/HOTEL/GENERAL/3000010022674,36,18,saya kecewa dengan pelayanannya. tidak bisa membantu tamu untuk check-in lebih awal. padahal banyak tamu yang datang sebelum jam 2 (jam checkin) lebih dulu diberi kamar. padahal jenis kamar yang kami pesan sama. saya sudah menunggu 5jam hanya untuk checkin. padahal saya ada acara dengan suami jam 2 siang. saya dikamar lantai 7 wifi jelek sekali. tidak bisa conect. hanya bisa di lobby hotel sj. hanya makanannya yang enak.,Diulas 457 minggu lalu
https://www.traveloka.com/id-id/user/review/consumption/HOTEL/GENERAL/3000010022674,36,19,"Pelayanan nya sangat baik, pertahankan",Diulas 457 minggu lalu
https://www.traveloka.com/id-id/user/review/consumption/HOTEL/GENERAL/3000010022674,36,20,tempatnya cukup bagus dan di atas mol jdi kalau mau blanja tinggal ke bwah sarapan pginya juga cukup brfariasi bagus semua,Diulas 457 minggu lalu
https://www.traveloka.com/id-id/user/review/consumption/HOTEL/GENERAL/3000010022674,36,21,Cukup baik serta nyaman. Makanan baik,Diulas 457 minggu lalu
https://www.traveloka.com/id-id/user/review/consumption/HOTEL/GENERAL/3000010022674,36,22,"Straytegis hotel nya, bersih dan lumayan sarapan nya",Diulas 457 minggu lalu
https://www.traveloka.com/id-id/user/review/consumption/HOTEL/GENERAL/3000010022674,36,23,"Ok makanannya, nilai 8 untuk makanannya",Diulas 457 minggu lalu
https://www.traveloka.com/id-id/user/review/consumption/HOTEL/GENERAL/3000010022674,36,24,Balkonya tidak bisa terbuka alasan pelayan'a kunci hilang...hufttt,Diulas 457 minggu lalu
https://www.traveloka.com/id-id/user/review/consumption/HOTEL/GENERAL/3000010022674,36,25,Menyenangkan Dan memuaskan Pelayanannya,Diulas 457 minggu lalu
https://www.traveloka.com/id-id/user/review/consumption/HOTEL/GENERAL/3000010022674,36,26,Sebuah hotel besar untuk perjalanan bisnis,Diulas 457 minggu lalu
https://www.traveloka.com/id-id/user/review/consumption/HOTEL/GENERAL/3000010022674,36,27,Bantalnya tidak nyaman (seperti plastik). Lainnya oke. Makanan variatif tapi kurang enak.,Diulas 457 minggu lalu
https://www.traveloka.com/id-id/user/review/consumption/HOTEL/GENERAL/3000010022674,36,28,"Recommended banget, makanan nya oke!, cuma1 kekurangannya tidak ada keset di kamar. Thanks next kita ro lagi",Diulas 457 minggu lalu
https://www.traveloka.com/id-id/user/review/consumption/HOTEL/GENERAL/3000010022674,36,29,"Hotelnya bersih, stafnya ramah, makanannya bervariasi dan sesuai selera.",Diulas 458 minggu lalu
https://www.traveloka.com/id-id/user/review/consumption/HOTEL/GENERAL/3000010022674,36,30,"Besar dan bersih hotel, direkomendasikan untuk tinggal",Diulas 458 minggu lalu
https://www.traveloka.com/id-id/user/review/consumption/HOTEL/GENERAL/3000010022674,36,31,Di dalam kamar tidak ada mini kulkas.,Diulas 458 minggu lalu
https://www.traveloka.com/id-id/user/review/consumption/HOTEL/GENERAL/3000010022674,36,32,"Tempatnya kurang nyaman, dekat dengan mall tapi mallnya banyak tutup. terus kamar mandinya airnya menggenang.",Diulas 458 minggu lalu
https://www.traveloka.com/id-id/user/review/consumption/HOTEL/GENERAL/3000010022674,36,33,Enak kok makanannya banyak fariasinya,Diulas 458 minggu lalu
https://www.traveloka.com/id-id/user/review/consumption/HOTEL/GENERAL/3000010022674,36,34,"Hotel bersih, pelayanan ramah.. makanan enak..",Diulas 458 minggu lalu
https://www.traveloka.com/id-id/user/review/consumption/HOTEL/GENERAL/3000010022674,36,35,Kamar mandi mampet air tergenang.,Diulas 458 minggu lalu
https://www.traveloka.com/id-id/user/review/consumption/HOTEL/GENERAL/3000010022674,36,36,"Cukup lumayan, pelayanannya, terima kasih",Diulas 459 minggu lalu
https://www.traveloka.com/id-id/user/review/consumption/HOTEL/GENERAL/3000010022674,36,37,Pelayanannya memuaskan kamar bersih makannya enak,Diulas 459 minggu lalu
https://www.traveloka.com/id-id/user/review/consumption/HOTEL/GENERAL/3000010022674,36,38,"Pengalaman bagus dan bagus, dua jempol",Diulas 459 minggu lalu
https://www.traveloka.com/id-id/user/review/consumption/HOTEL/GENERAL/3000010022674,36,39,Bagus pelayanan oke dan tempat nyaman,Diulas 459 minggu lalu
https://www.traveloka.com/id-id/user/review/consumption/HOTEL/GENERAL/3000010022674,36,40,Memuaskan dan pengen kesana lagi.,Diulas 459 minggu lalu
https://www.traveloka.com/id-id/user/review/consumption/HOTEL/GENERAL/3000010022674,37,1,"Memuaskan,makanannya enak,kamar bersih.",Diulas 459 minggu lalu
https://www.traveloka.com/id-id/user/review/consumption/HOTEL/GENERAL/3000010022674,37,2,"Hotel bagus terawat, karyawan ramah-ramah. Hotel pas di atas mall jadi deket buat kuliner dan belanja.",Diulas 459 minggu lalu
https://www.traveloka.com/id-id/user/review/consumption/HOTEL/GENERAL/3000010022674,37,3,Sangat puas walaupun harus memutar jalan jika pulang malam atau keluar pagi karena pintu mall belum buka.,Diulas 460 minggu lalu
https://www.traveloka.com/id-id/user/review/consumption/HOTEL/GENERAL/3000010022674,37,4,"Mantap, sesuai yang diharapkan.",Diulas 460 minggu lalu
https://www.traveloka.com/id-id/user/review/consumption/HOTEL/GENERAL/3000010022674,37,5,"Hotel yang nyaman, murah dan strategis",Diulas 460 minggu lalu
https://www.traveloka.com/id-id/user/review/consumption/HOTEL/GENERAL/3000010022674,37,6,"AC nya lama dinginnya. 1-1.5 jam baru dingin, kemudian jendela ke balkon juga tidak terkunci. overall Good. good service good meal good facility good cleanliness thanks traveloka, thanks hotel santika.",Diulas 460 minggu lalu
https://www.traveloka.com/id-id/user/review/consumption/HOTEL/GENERAL/3000010022674,37,7,Makanannya kurang enak pelayanan ramah,Diulas 460 minggu lalu
https://www.traveloka.com/id-id/user/review/consumption/HOTEL/GENERAL/3000010022674,37,8,Cukup menyenangkan pelayanan ramah,Diulas 460 minggu lalu
https://www.traveloka.com/id-id/user/review/consumption/HOTEL/GENERAL/3000010022674,37,9,"Sarapan pagi harus nambah bayar lagi padahal yang sarapan hanya 1 dewasa dan 4 anak dibawah usia 12 tahun, harapannya supaya sarapan anak itu free, mudah-mudahan selanjutnya free. Menu sarapan pagi supaya lebih dilengkapin dan lebih banyak lagi pilihannya. Parkir mobil tidak otomatis terhubung dengan parkir tamu hotel, jadi setiap keluar masuk hotel harus minta cap ke resepsionis, kalau lupa di cap ya mesti bayar normal per jam. Kartu akses ke kamar hanya diberi 1, jadi kalau mau keluar kamar ya mesti keluar semua karena nantinya tidak bisa naik lift menuju ke kamar, seharusnya diberi 2 kartu biar memudahkan tamu.",Diulas 460 minggu lalu
https://www.traveloka.com/id-id/user/review/consumption/HOTEL/GENERAL/3000010022674,37,10,"Kamar bersih, staff melayani dengan ramah dan sigap. Good service and ambience!.",Diulas 460 minggu lalu
https://www.traveloka.com/id-id/user/review/consumption/HOTEL/GENERAL/3000010022674,37,11,"Bersih dan lokasi cukup baik, dekat dengan pusat perbelanjaan",Diulas 461 minggu lalu
https://www.traveloka.com/id-id/user/review/consumption/HOTEL/GENERAL/3000010022674,37,12,Sebuah hotel besar dan layanan sempurna!,Diulas 461 minggu lalu
https://www.traveloka.com/id-id/user/review/consumption/HOTEL/GENERAL/3000010022674,37,13,Overall oke. hanya masalah lokasi parkir yang waktu itu karena ada seminar jadi tidak bisa parkir dan harus ikut di mall yang waktunya dibatasi jamnya.,Diulas 461 minggu lalu
https://www.traveloka.com/id-id/user/review/consumption/HOTEL/GENERAL/3000010022674,37,14,Cukup bagus pelayanan maupun kebersihannya,Diulas 461 minggu lalu
https://www.traveloka.com/id-id/user/review/consumption/HOTEL/GENERAL/3000010022674,37,15,"Tempatnya nyaman, bersih, dan ramah"".",Diulas 461 minggu lalu
https://www.traveloka.com/id-id/user/review/consumption/HOTEL/GENERAL/3000010022674,37,16,PELAYANAN CUKUP BAIK DAN MAKANAN banyak VARIAN nya,Diulas 461 minggu lalu
https://www.traveloka.com/id-id/user/review/consumption/HOTEL/GENERAL/3000010022674,37,17,"Tempat bagus, bersih,  puas, makanan aja yang kurang",Diulas 461 minggu lalu
https://www.traveloka.com/id-id/user/review/consumption/HOTEL/GENERAL/3000010022674,37,18,Nyaman Dan bersih... Next datang lagi ya.. Makasih,Diulas 461 minggu lalu
https://www.traveloka.com/id-id/user/review/consumption/HOTEL/GENERAL/3000010022674,37,19,Sangat puas dan nyaman tempat tinggal.,Diulas 461 minggu lalu
https://www.traveloka.com/id-id/user/review/consumption/HOTEL/GENERAL/3000010022674,37,20,"Remote kamar 625 tidak cocok. Kamar sudah dibersihkan tapi air minum belum ada, setelah diminta baru di antar. Secara umum, baik dan lokasi sangat strategis.",Diulas 461 minggu lalu
https://www.traveloka.com/id-id/user/review/consumption/HOTEL/GENERAL/3000010022674,37,21,Silakan periksa air panas di kamar mandi,Diulas 461 minggu lalu
https://www.traveloka.com/id-id/user/review/consumption/HOTEL/GENERAL/3000010022674,37,22,"Cukup bersih, rapi, nyaman, hanya lokasi terlalu tinggi",Diulas 461 minggu lalu
https://www.traveloka.com/id-id/user/review/consumption/HOTEL/GENERAL/3000010022674,37,23,Happy menginap di sini bareng istri saya,Diulas 461 minggu lalu
https://www.traveloka.com/id-id/user/review/consumption/HOTEL/GENERAL/3000010022674,37,24,"Hotel yang bagus. Direkomendasikan untuk kesenangan, bisnis",Diulas 461 minggu lalu
https://www.traveloka.com/id-id/user/review/consumption/HOTEL/GENERAL/3000010022674,37,25,"Aman, nyaman, bersih, dan pelayanan baik",Diulas 461 minggu lalu
https://www.traveloka.com/id-id/user/review/consumption/HOTEL/GENERAL/3000010022674,37,26,Untuk kamar mandi hotel kerannya bocor tapi cukup nyaman,Diulas 461 minggu lalu
https://www.traveloka.com/id-id/user/review/consumption/HOTEL/GENERAL/3000010022674,37,27,So far so good. Cuma agak kecewa dikamar dan dikamar mandi ada serangga. Dan dikamar mandi khususnya wastafel airnya lama turunnya.,Diulas 461 minggu lalu
https://www.traveloka.com/id-id/user/review/consumption/HOTEL/GENERAL/3000010022674,37,28,Terima kasih atas kebaikannya,Diulas 461 minggu lalu
https://www.traveloka.com/id-id/user/review/consumption/HOTEL/GENERAL/3000010022674,37,29,"Pengalaman saya di Hotel Santika Mega Kota Bekasi itu bagus, nyaman, tapi di kamar mandi bukan kebersihan.",Diulas 461 minggu lalu
https://www.traveloka.com/id-id/user/review/consumption/HOTEL/GENERAL/3000010022674,37,30,Kami berdua puas dengan semua pelayanan hotel santika mega cyti,Diulas 461 minggu lalu
https://www.traveloka.com/id-id/user/review/consumption/HOTEL/GENERAL/3000010022674,37,31,Akses menuju hotel dari jalan utama kurang informatif check in bisa molor karena kamar belum siap,Diulas 462 minggu lalu
https://www.traveloka.com/id-id/user/review/consumption/HOTEL/GENERAL/3000010022674,37,32,"Pelayanan kurang, kolam renang lagi maintenance selama menginap disana. Akses ke hotelnya kalau tidak bawa kendaraaan harus lewat dalam mall dan liftnya lama nunggu.",Diulas 462 minggu lalu
https://www.traveloka.com/id-id/user/review/consumption/HOTEL/GENERAL/3000010022674,37,33,"Mantap, bersih dan rapi, makanan juga enak",Diulas 462 minggu lalu
https://www.traveloka.com/id-id/user/review/consumption/HOTEL/GENERAL/3000010022674,37,34,"Hotelnya nyaman sekali, sayangnya ketika saya menginap bed pada kamar yang saya dapat twin bed dikarenakan pada saat itu kamar hotel sedang full, mungkin karena hotelnya nyaman jadi laris manis yes.",Diulas 462 minggu lalu
https://www.traveloka.com/id-id/user/review/consumption/HOTEL/GENERAL/3000010022674,37,35,"Nice hotel, sayang area kolam renang masih belum rapih. Masih terlihat berantakan",Diulas 462 minggu lalu
https://www.traveloka.com/id-id/user/review/consumption/HOTEL/GENERAL/3000010022674,37,36,Lokasi di atas mal tapi sayangnya sulit ditemukan untuk pertama kalinya,Diulas 462 minggu lalu
https://www.traveloka.com/id-id/user/review/consumption/HOTEL/GENERAL/3000010022674,37,37,"Di dekat Bekasi pusat, dan direkomendasikan.",Diulas 462 minggu lalu
https://www.traveloka.com/id-id/user/review/consumption/HOTEL/GENERAL/3000010022674,37,38,"Kebersihan bagus, dan sangat banyak variasi menu nya saat Breakfast",Diulas 463 minggu lalu
https://www.traveloka.com/id-id/user/review/consumption/HOTEL/GENERAL/3000010022674,37,39,Semakin Tingkatkan kenyamanan dan keamanan,Diulas 463 minggu lalu
https://www.traveloka.com/id-id/user/review/consumption/HOTEL/GENERAL/3000010022674,37,40,"Cukup memuaskan, pelayanan yang ramah, kamar yang bersih dan nyaman juga lokasi yang sangat strategis..",Diulas 463 minggu lalu
https://www.traveloka.com/id-id/user/review/consumption/HOTEL/GENERAL/3000010022674,38,1,Bersih dan asik serta menyenangkan.,Diulas 463 minggu lalu
https://www.traveloka.com/id-id/user/review/consumption/HOTEL/GENERAL/3000010022674,38,2,"Nyaman, lingkungan mall jadi enak untuk jalan jalan lebih mudah.",Diulas 463 minggu lalu
https://www.traveloka.com/id-id/user/review/consumption/HOTEL/GENERAL/3000010022674,38,3,"Bagus, hanya ruangan kamar kurang besar dan tidak ada kulkas walaupun standard room.",Diulas 463 minggu lalu
https://www.traveloka.com/id-id/user/review/consumption/HOTEL/GENERAL/3000010022674,38,4,Memuaskan untuk liburan bersama keluarga,Diulas 463 minggu lalu
https://www.traveloka.com/id-id/user/review/consumption/HOTEL/GENERAL/3000010022674,38,5,Pelayanan yang baik dan kebersihan.,Diulas 463 minggu lalu
https://www.traveloka.com/id-id/user/review/consumption/HOTEL/GENERAL/3000010022674,38,6,tidak ada yang jelek TOP banget untuk hotel *3,Diulas 463 minggu lalu
https://www.traveloka.com/id-id/user/review/consumption/HOTEL/GENERAL/3000010022674,38,7,"Pelayanan yang baik dan sopan,saya kaget waktu check out dapat kue ulang tahun bertepatan di tanggal ultah saya,terimakasih Santika Mega Bekasi",Diulas 463 minggu lalu
https://www.traveloka.com/id-id/user/review/consumption/HOTEL/GENERAL/3000010022674,38,8,Saya kebetulan late check in jam 23.00 dilayani dengan baik dan di upgrade kamar karena kehabisan kamar. Overall baik hanya wifi saja yang mengecewakan karena tidak bisa conect dari malam sampai saya check out. Dan lokasi yang dipojok mall dan kurang petunjuk arah agak bikin bingung untuk pengunjung pertama.,Diulas 463 minggu lalu
https://www.traveloka.com/id-id/user/review/consumption/HOTEL/GENERAL/3000010022674,38,9,"Nyaman, pelayanan bagus dan akses mudah.",Diulas 463 minggu lalu
https://www.traveloka.com/id-id/user/review/consumption/HOTEL/GENERAL/3000010022674,38,10,"Pemberian kunci kamar hanya satu, jadi bingung kalau salah satu keluarga ad yang mau kluar, harus bolak balik nganter, karena menginap untuk liburan, anak2 lngsng tertuju pd kolam renang, sayang kolam renangnya seperti memaksakan kecil",Diulas 463 minggu lalu
https://www.traveloka.com/id-id/user/review/consumption/HOTEL/GENERAL/3000010022674,38,11,Baik review dan direkomendasikan. Terima kasih dan akan kembali,Diulas 463 minggu lalu
https://www.traveloka.com/id-id/user/review/consumption/HOTEL/GENERAL/3000010022674,38,12,bantalnya tebal amat....yang lainnya oke,Diulas 463 minggu lalu
https://www.traveloka.com/id-id/user/review/consumption/HOTEL/GENERAL/3000010022674,38,13,"Hotel yang nyaman,dekat dengan area berbelanja,bersih makanan enak enak",Diulas 464 minggu lalu
https://www.traveloka.com/id-id/user/review/consumption/HOTEL/GENERAL/3000010022674,38,14,"Bersih, pelayanan yang baik dan lokasi bagus.",Diulas 464 minggu lalu
https://www.traveloka.com/id-id/user/review/consumption/HOTEL/GENERAL/3000010022674,38,15,"tempat strategis, dan pelayannya ramah dan sangat membantu kami,,",Diulas 464 minggu lalu
https://www.traveloka.com/id-id/user/review/consumption/HOTEL/GENERAL/3000010022674,38,16,Kamar bersih makanan enak dan tidur nyenyak bangeet,Diulas 464 minggu lalu
https://www.traveloka.com/id-id/user/review/consumption/HOTEL/GENERAL/3000010022674,38,17,Kamar 731 pengait pintu perlu diperbaiki,Diulas 464 minggu lalu
https://www.traveloka.com/id-id/user/review/consumption/HOTEL/GENERAL/3000010022674,38,18,"Puas dengan pelayanannya, cuman ada kekurangan saja. Gak ada guling sama kulkas😂😂",Diulas 464 minggu lalu
https://www.traveloka.com/id-id/user/review/consumption/HOTEL/GENERAL/3000010022674,38,19,akses sangat mudah dan pelayanan yang sangat ramah,Diulas 464 minggu lalu
https://www.traveloka.com/id-id/user/review/consumption/HOTEL/GENERAL/3000010022674,38,20,"Kamar nya bagus, tapi sayang untuk deluxe terlalu kecil",Diulas 464 minggu lalu
https://www.traveloka.com/id-id/user/review/consumption/HOTEL/GENERAL/3000010022674,38,21,Overall bagus dan recomended.. hanya saja menunggu cek in dri jam 10 pagi baru bisa masuk kamar jam 1.30.,Diulas 464 minggu lalu
https://www.traveloka.com/id-id/user/review/consumption/HOTEL/GENERAL/3000010022674,38,22,"Bagus, lebih baik lagi jika tidak ada deposito yaitu tambahan 200 ribu dan di kembalikan jika akan check out.",Diulas 464 minggu lalu
https://www.traveloka.com/id-id/user/review/consumption/HOTEL/GENERAL/3000010022674,38,23,"proses check in lama bgt, sampe jam 2 lewat baru di proses dan dapat kamar pengganti yg di upgrade cuma, kyk belum dibersihin bgt, ruangan bau rokok dan berdebu, kyknya cuma sepreinya aja yg di ganti.. makanan sih OK.. cuma harap di perhatikan untuk pelayanan, yg datang duluan harusnya duluan di di layani...",Diulas 464 minggu lalu
https://www.traveloka.com/id-id/user/review/consumption/HOTEL/GENERAL/3000010022674,38,24,"Lokasi strategis di pusat kota Bekasi, hanya karena bersatu dengan mall timbul masalah parkir yang set terbatas dan sulit",Diulas 464 minggu lalu
https://www.traveloka.com/id-id/user/review/consumption/HOTEL/GENERAL/3000010022674,38,25,"Overall oke lah hotel nya, bersih, makanan variasi. Kurang enak nya saat istirahat siang krn dekat dengan bioskop, terdengar suara dr bioskop nya..",Diulas 465 minggu lalu
https://www.traveloka.com/id-id/user/review/consumption/HOTEL/GENERAL/3000010022674,38,26,"Hotel yang bagus, kami suka dan kembali",Diulas 465 minggu lalu
https://www.traveloka.com/id-id/user/review/consumption/HOTEL/GENERAL/3000010022674,38,27,Sangat memuaskan dan bersih.,Diulas 465 minggu lalu
https://www.traveloka.com/id-id/user/review/consumption/HOTEL/GENERAL/3000010022674,38,28,"Lokasi bagus, cukup beragam makanan.",Diulas 466 minggu lalu
https://www.traveloka.com/id-id/user/review/consumption/HOTEL/GENERAL/3000010022674,38,29,"Membersihkan kamar dan seperti biasa, menu sarapan memiliki selera yang bagus. Tapi maaf untuk mengatakan AC tidak bekerja baik.",Diulas 467 minggu lalu
https://www.traveloka.com/id-id/user/review/consumption/HOTEL/GENERAL/3000010022674,38,30,"Kamar nyaman dan beraih,pelayanan cepat dan sarapan juga enak",Diulas 467 minggu lalu
https://www.traveloka.com/id-id/user/review/consumption/HOTEL/GENERAL/3000010022674,38,31,"Dari segi kenyamanan kurang karena masih sering mendengar suara berisik dari luar karena kamar tidak kedap suara dan yang paling mengecewakan sekali bisa ada tikus di dalam kamar, tolong lebih di tingkatkan lagi kebersihannya..",Diulas 467 minggu lalu
https://www.traveloka.com/id-id/user/review/consumption/HOTEL/GENERAL/3000010022674,38,32,Cari makan di hotel mudah tinggal turun sudah ada foodcourt mall,Diulas 467 minggu lalu
https://www.traveloka.com/id-id/user/review/consumption/HOTEL/GENERAL/3000010022674,38,33,"Aman, nyaman, bersih dan ramah",Diulas 467 minggu lalu
https://www.traveloka.com/id-id/user/review/consumption/HOTEL/GENERAL/3000010022674,38,34,"Nyaman, aman, bersih dan strategis",Diulas 467 minggu lalu
https://www.traveloka.com/id-id/user/review/consumption/HOTEL/GENERAL/3000010022674,38,35,Recommend banget buat teman-teman yang berapa di bekasi deket tol dan berada di Pusat kota berada di atas bekasi mall jadi deket yang mau belanja,Diulas 467 minggu lalu
https://www.traveloka.com/id-id/user/review/consumption/HOTEL/GENERAL/3000010022674,38,36,Sangat mengecewakan dalam memberikan pelayanan.,Diulas 468 minggu lalu
https://www.traveloka.com/id-id/user/review/consumption/HOTEL/GENERAL/3000010022674,38,37,"Hotel yang nyaman dan menyenangkan, hanya saja kekurangannya Kamar Mandi nya kecil",Diulas 468 minggu lalu
https://www.traveloka.com/id-id/user/review/consumption/HOTEL/GENERAL/3000010022674,38,38,"Pelayanannya bagus. Tetapi perlu lebih banyak perbaikan untuk akses ke hotel. Parkir tidak terpisah dengan pengunjung mal, jadi tempat parkir sangat ramai dan terlalu jauh dari hotel",Diulas 468 minggu lalu
https://www.traveloka.com/id-id/user/review/consumption/HOTEL/GENERAL/3000010022674,38,39,"Untuk ukuran Santika, sepertinya ini cenderung paling rendah diantara santika-santika lainnya. tapi tetap enak.",Diulas 468 minggu lalu
https://www.traveloka.com/id-id/user/review/consumption/HOTEL/GENERAL/3000010022674,38,40,"Next akan menginap disini lg, menyenangkan !",Diulas 468 minggu lalu
https://www.traveloka.com/id-id/user/review/consumption/HOTEL/GENERAL/3000010022674,39,1,"Breakfast lumayan enak, hotel bersih, nyaman dan pelayanan sopan.",Diulas 469 minggu lalu
https://www.traveloka.com/id-id/user/review/consumption/HOTEL/GENERAL/3000010022674,39,2,"Layanan sangat bagus, lokasinya strategis.",Diulas 469 minggu lalu
https://www.traveloka.com/id-id/user/review/consumption/HOTEL/GENERAL/3000010022674,39,3,Selalu tetap di sini saat berbisnis.,Diulas 469 minggu lalu
https://www.traveloka.com/id-id/user/review/consumption/HOTEL/GENERAL/3000010022674,39,4,Pelayanan cepat dan ramah pelayannya.,Diulas 469 minggu lalu
https://www.traveloka.com/id-id/user/review/consumption/HOTEL/GENERAL/3000010022674,39,5,Parkir sangat sedikit dan sempit.,Diulas 469 minggu lalu
https://www.traveloka.com/id-id/user/review/consumption/HOTEL/GENERAL/3000010022674,39,6,Komunikasi yang buruk dari petugas malam.,Diulas 469 minggu lalu
https://www.traveloka.com/id-id/user/review/consumption/HOTEL/GENERAL/3000010022674,39,7,Hotelnya bagus dan nyaman tapi uang depositnya besar 200rb.,Diulas 469 minggu lalu
https://www.traveloka.com/id-id/user/review/consumption/HOTEL/GENERAL/3000010022674,39,8,Suasana dan lokasi hotelnya nyaman,Diulas 469 minggu lalu
https://www.traveloka.com/id-id/user/review/consumption/HOTEL/GENERAL/3000010022674,39,9,"Fasilitas oke, sesuai dengan hotel ⭐3. Lokasi hotel yang berada di mall agak merepotkan untuk masuk ke Lobby hotel yang harus melalui mall. Makanan standar, masih kurang banyak variasinya. Kebersihan cukup bersih.",Diulas 469 minggu lalu
https://www.traveloka.com/id-id/user/review/consumption/HOTEL/GENERAL/3000010022674,39,10,"Makanannya cukup enak, kamarnya bersih hanya saja AC nya kurang dingin.",Diulas 469 minggu lalu
https://www.traveloka.com/id-id/user/review/consumption/HOTEL/GENERAL/3000010022674,39,11,Sesuai dengan budget. Kamar nyaman.,Diulas 470 minggu lalu
https://www.traveloka.com/id-id/user/review/consumption/HOTEL/GENERAL/3000010022674,39,12,Overall memuaskan hanya AC nya kurang dingin.,Diulas 470 minggu lalu
https://www.traveloka.com/id-id/user/review/consumption/HOTEL/GENERAL/3000010022674,39,13,"AC tidak dingin, sarapan pagi kurang variatif dan rasanya kurang, internetnya putus-putus.",Diulas 470 minggu lalu
https://www.traveloka.com/id-id/user/review/consumption/HOTEL/GENERAL/3000010022674,39,14,"Lokasi strategis, tempat yang nyaman dan pelayanan yang prima.",Diulas 470 minggu lalu
https://www.traveloka.com/id-id/user/review/consumption/HOTEL/GENERAL/3000010022674,39,15,tempatnya strategis. dibawah ada mall. Petunjuk akses ke hotel untuk pejalan kaki (tanpa mobil) agak susah. terutama kalau mall sudah tutup,Diulas 470 minggu lalu
https://www.traveloka.com/id-id/user/review/consumption/HOTEL/GENERAL/3000010022674,39,16,Sudah beberapa kali menginap disini dan sangat nyaman,Diulas 470 minggu lalu
https://www.traveloka.com/id-id/user/review/consumption/HOTEL/GENERAL/3000010022674,39,17,"Hotel ok, lokasi ok dan pelayanan juga ok.",Diulas 470 minggu lalu
https://www.traveloka.com/id-id/user/review/consumption/HOTEL/GENERAL/3000010022674,39,18,Sangat memuaskan pelayanannya baik dan ramah,Diulas 470 minggu lalu
https://www.traveloka.com/id-id/user/review/consumption/HOTEL/GENERAL/3000010022674,39,19,"Memuaskan, dekat dengan pusat perbelanjaan.",Diulas 470 minggu lalu
https://www.traveloka.com/id-id/user/review/consumption/HOTEL/GENERAL/3000010022674,39,20,"Makanannya lezat, kamarnya nyaman dan bersih",Diulas 470 minggu lalu
https://www.traveloka.com/id-id/user/review/consumption/HOTEL/GENERAL/3000010022674,39,21,"Memuaskan, pelayanannya ramah dan sopan.",Diulas 471 minggu lalu
https://www.traveloka.com/id-id/user/review/consumption/HOTEL/GENERAL/3000010022674,39,22,Bagus dan sangat memuaskan sekali,Diulas 471 minggu lalu
https://www.traveloka.com/id-id/user/review/consumption/HOTEL/GENERAL/3000010022674,39,23,"Lokasi strategis, kamar nyaman, makanan enak.",Diulas 471 minggu lalu
https://www.traveloka.com/id-id/user/review/consumption/HOTEL/GENERAL/3000010022674,39,24,Hotelnya bau dan sepraynya kotor dan lampu juga kedap kedip nggak karuan,Diulas 471 minggu lalu
https://www.traveloka.com/id-id/user/review/consumption/HOTEL/GENERAL/3000010022674,39,25,"Hotelya bagus rapih dan bersih tapi untuk aksesnya susah kecuali menggunakan mobil, tidak ada sendal dalam kamar",Diulas 471 minggu lalu
https://www.traveloka.com/id-id/user/review/consumption/HOTEL/GENERAL/3000010022674,39,26,Staf hebat. Mereka melakukan yang terbaik yang bisa mereka bantu.,Diulas 471 minggu lalu
https://www.traveloka.com/id-id/user/review/consumption/HOTEL/GENERAL/3000010022674,39,27,"Makanan enak, pelayanan excellent. Aliran pembuangan air di kamar mandi mampet jadi pas mandi tidak nyaman.",Diulas 471 minggu lalu
https://www.traveloka.com/id-id/user/review/consumption/HOTEL/GENERAL/3000010022674,39,28,Greta hotel. Ruang besar Layanan hebat Fasilitas yang bagus. Terima kasih,Diulas 471 minggu lalu
https://www.traveloka.com/id-id/user/review/consumption/HOTEL/GENERAL/3000010022674,39,29,Bersih nyaman sarapan memuaskan,Diulas 472 minggu lalu
https://www.traveloka.com/id-id/user/review/consumption/HOTEL/GENERAL/3000010022674,39,30,"lokasi ok, strategis mudah dijangkau",Diulas 472 minggu lalu
https://www.traveloka.com/id-id/user/review/consumption/HOTEL/GENERAL/3000010022674,39,31,"Makanan yang cukup lezat, kenyamanan yang memuaskan dekat dengan mall tidak usah jalan jauh, tinggal turun naik lift..",Diulas 472 minggu lalu
https://www.traveloka.com/id-id/user/review/consumption/HOTEL/GENERAL/3000010022674,39,32,Tempat yang baik untuk istirahat dan kenyamanan.,Diulas 472 minggu lalu
https://www.traveloka.com/id-id/user/review/consumption/HOTEL/GENERAL/3000010022674,39,33,"Bagus, Nyaman dan pelayanan ramah",Diulas 472 minggu lalu
https://www.traveloka.com/id-id/user/review/consumption/HOTEL/GENERAL/3000010022674,39,34,"Bantalnya terlalu tebal, kain selimut bahannya seperti ada plastiknya, brisik",Diulas 472 minggu lalu
https://www.traveloka.com/id-id/user/review/consumption/HOTEL/GENERAL/3000010022674,39,35,"Lokasi strategis, layanan sangat baik, baik dilakukan semuanya.Terima kasih",Diulas 473 minggu lalu
https://www.traveloka.com/id-id/user/review/consumption/HOTEL/GENERAL/3000010022674,39,36,"Pelayanannya ramah, makanannya enak, tetap pertahankan kerja bagusnya, buat pelanggan puas.",Diulas 473 minggu lalu
https://www.traveloka.com/id-id/user/review/consumption/HOTEL/GENERAL/3000010022674,39,37,"Tempat parkir kurang baik, berantakan.",Diulas 473 minggu lalu
https://www.traveloka.com/id-id/user/review/consumption/HOTEL/GENERAL/3000010022674,39,38,Memuaskan semua mulai dari pelayanan dan situasi di kamar hotel.,Diulas 473 minggu lalu
https://www.traveloka.com/id-id/user/review/consumption/HOTEL/GENERAL/3000010022674,39,39,Variasi makanannya kurang banyak dan rasa kurang enak.,Diulas 473 minggu lalu
https://www.traveloka.com/id-id/user/review/consumption/HOTEL/GENERAL/3000010022674,39,40,Di kamar yang ditempati tidak ada petunjuk arah Kiblat (kamar 835). Mohon mendapat perhatian. Menu sarapan bagus dan beragam.,Diulas 473 minggu lalu
https://www.traveloka.com/id-id/user/review/consumption/HOTEL/GENERAL/3000010022674,40,1,"Nyaman,murah,bersih,dekat kemana-mana.",Diulas 473 minggu lalu
https://www.traveloka.com/id-id/user/review/consumption/HOTEL/GENERAL/3000010022674,40,2,Kenyamanan kamarnya sangat super,Diulas 473 minggu lalu
https://www.traveloka.com/id-id/user/review/consumption/HOTEL/GENERAL/3000010022674,40,3,"Puas banget, makanan enak, kamarnya nyaman, petugasnya semua ramah dan baik.",Diulas 473 minggu lalu
https://www.traveloka.com/id-id/user/review/consumption/HOTEL/GENERAL/3000010022674,40,4,Yang kurang hanya akses masuk yang harus melalui mall.,Diulas 473 minggu lalu
https://www.traveloka.com/id-id/user/review/consumption/HOTEL/GENERAL/3000010022674,40,5,Agar retap dijaga harga yang ekonomis,Diulas 474 minggu lalu
https://www.traveloka.com/id-id/user/review/consumption/HOTEL/GENERAL/3000010022674,40,6,"Bagus, cuma sayang balkonnya tidak bisa dibuka, padahal mau dipake buat foto foto, view-nya kurang bagus, tidak bagus malah. tapi kalau kamar, pelayanan dll, bagus. Applause buat resepsionisnya .",Diulas 474 minggu lalu
https://www.traveloka.com/id-id/user/review/consumption/HOTEL/GENERAL/3000010022674,40,7,"Petunjuk arah kiblat tidak ada, pintu masuk kurang rapat bawah nya karena baru (memuai). Lebih di tingkatkan saja.",Diulas 474 minggu lalu
https://www.traveloka.com/id-id/user/review/consumption/HOTEL/GENERAL/3000010022674,40,8,mandi yang rusak. waktu 2 jam untuk diperbaiki. manajemen hotel harus memeriksa lebih teratur tentang fasilitas mereka. Lokasi sulit untuk menemukan.,Diulas 474 minggu lalu
https://www.traveloka.com/id-id/user/review/consumption/HOTEL/GENERAL/3000010022674,40,9,Kurang bersih dan nyaman dalam pelayanan.,Diulas 474 minggu lalu
https://www.traveloka.com/id-id/user/review/consumption/HOTEL/GENERAL/3000010022674,40,10,"Tempat yang bagus, menu yang enak, dan orang-orang yang ramah.",Diulas 475 minggu lalu
https://www.traveloka.com/id-id/user/review/consumption/HOTEL/GENERAL/3000010022674,40,11,Ruangan/kamar kurang dingin respon wifi lambat meja tidak tersedia,Diulas 475 minggu lalu
https://www.traveloka.com/id-id/user/review/consumption/HOTEL/GENERAL/3000010022674,40,12,"Good service, bersih... Nyaman...",Diulas 475 minggu lalu
https://www.traveloka.com/id-id/user/review/consumption/HOTEL/GENERAL/3000010022674,40,13,Sayang tidak kedap suara sangat mnggangu suara2 dari luar kamar,Diulas 475 minggu lalu
https://www.traveloka.com/id-id/user/review/consumption/HOTEL/GENERAL/3000010022674,40,14,"Very good. Sangat menikmati saat menginap di kamar, AC dingin, kamar bersih, peralatan semua lengkap dan nyaman. Hanya 1 kritik di breakfast makanannya agak hambar. Tapi overall sih oke lah. Di bawahnya langsung mall jadi gak bosen di hotel. Good lah santika mega bekasi.",Diulas 475 minggu lalu
https://www.traveloka.com/id-id/user/review/consumption/HOTEL/GENERAL/3000010022674,40,15,Agak kecewa dengan makanannya.,Diulas 475 minggu lalu
https://www.traveloka.com/id-id/user/review/consumption/HOTEL/GENERAL/3000010022674,40,16,akses menuju hotel dari mall kalau malam sedikit membingungkan....selebihnya OK,Diulas 475 minggu lalu
https://www.traveloka.com/id-id/user/review/consumption/HOTEL/GENERAL/3000010022674,40,17,"Bumper mobil peach ditabrak CCTV tidak ada, security kurang tanggap.",Diulas 475 minggu lalu
https://www.traveloka.com/id-id/user/review/consumption/HOTEL/GENERAL/3000010022674,40,18,Untuk sarapan pagi sudah di tanyain dari kamar berapa dan saat makan di tanyain lagi,Diulas 475 minggu lalu
https://www.traveloka.com/id-id/user/review/consumption/HOTEL/GENERAL/3000010022674,40,19,Terlalu tinggi lokasinya lantai 5,Diulas 475 minggu lalu
https://www.traveloka.com/id-id/user/review/consumption/HOTEL/GENERAL/3000010022674,40,20,saya sangat puas. tingkatkan terus,Diulas 476 minggu lalu
https://www.traveloka.com/id-id/user/review/consumption/HOTEL/GENERAL/3000010022674,40,21,Semoga ke depannya ada tempat parkir untuk motor. Thanks.,Diulas 476 minggu lalu
https://www.traveloka.com/id-id/user/review/consumption/HOTEL/GENERAL/3000010022674,40,22,"Tempat tinggal, akan datang kembali.",Diulas 476 minggu lalu
https://www.traveloka.com/id-id/user/review/consumption/HOTEL/GENERAL/3000010022674,40,23,"Hotel baru, kamar bersih, cukup nyaman, lokasi strategis, staff sopan dan sangat membantu, sarapan beragam. Semoga proyek bangunan sebelah cepat selesai karena mengganggu akses masuk.",Diulas 476 minggu lalu
https://www.traveloka.com/id-id/user/review/consumption/HOTEL/GENERAL/3000010022674,40,24,Makanannya agak hambar.,Diulas 476 minggu lalu
https://www.traveloka.com/id-id/user/review/consumption/HOTEL/GENERAL/3000010022674,40,25,"Hotel yang bagus,sayangnya untuk kuncinya masih bermasalah dan ke teras jendela tidak ada kuncinya atau terbuka.",Diulas 476 minggu lalu
https://www.traveloka.com/id-id/user/review/consumption/HOTEL/GENERAL/3000010022674,40,26,"Oke, pilihan makanan banyak, fasilitas lengkap. Hanya lokasi saja yang agak sulit di jangkau, karena melewati mall (kalau anda yang suka belanja, pasti suka) Mudah2an kedepannya bisa dibuatkan jalan langsung di bagian depan mall untuk yang mau langsung ke area hotel.",Diulas 476 minggu lalu
https://www.traveloka.com/id-id/user/review/consumption/HOTEL/GENERAL/3000010022674,40,27,Ruangan bau merasa baik seperti rumah,Diulas 476 minggu lalu
https://www.traveloka.com/id-id/user/review/consumption/HOTEL/GENERAL/3000010022674,40,28,"Bagus, mewah dan bersih... Pelayannya ramah",Diulas 476 minggu lalu
https://www.traveloka.com/id-id/user/review/consumption/HOTEL/GENERAL/3000010022674,40,29,"Semuanya standar saja. Masih ada fasilitas yang belum lengkap, lemari es dikamar delux & hair dryer tidak ada. Padahal harga kamar tidak bisa diomong murah.",Diulas 476 minggu lalu
https://www.traveloka.com/id-id/user/review/consumption/HOTEL/GENERAL/3000010022674,40,30,Sangat memuaskan bisa bermalam di santika hotel mega Bekasi.,Diulas 477 minggu lalu
https://www.traveloka.com/id-id/user/review/consumption/HOTEL/GENERAL/3000010022674,40,31,"Kamar bersih dan nyaman, hanya tempat parkir kurang nyaman sempit dan panas",Diulas 477 minggu lalu
https://www.traveloka.com/id-id/user/review/consumption/HOTEL/GENERAL/3000010022674,40,32,"Hotelnya lumayan bagus sesuai budget,,kamarnya bersih,makanannya banyan variasinya cuma akses menuju hotel yang agak susah karena tempatnya diatas",Diulas 477 minggu lalu
https://www.traveloka.com/id-id/user/review/consumption/HOTEL/GENERAL/3000010022674,40,33,"Akses masuk hotel tidak strategis, harus melalui jalur parkir mall. Sebaiknya akses ke hotel terpisah dengan akses ke mall.",Diulas 477 minggu lalu
https://www.traveloka.com/id-id/user/review/consumption/HOTEL/GENERAL/3000010022674,40,34,"Nyaman, makanan enak, bersih, lokasi strategis.",Diulas 477 minggu lalu
https://www.traveloka.com/id-id/user/review/consumption/HOTEL/GENERAL/3000010022674,40,35,"Nyaman, tapi kalau boleh kasih saran, beri petunjuk arah menuju hotel saat masuk dari mall. Terima kasih",Diulas 477 minggu lalu
https://www.traveloka.com/id-id/user/review/consumption/HOTEL/GENERAL/3000010022674,40,36,"Hotelnya keren, tenang, makanannya lumayan, tapi banyak variasinya kamar mandinya juga bagus, pokoknya seneng banget nginep disini.",Diulas 477 minggu lalu
https://www.traveloka.com/id-id/user/review/consumption/HOTEL/GENERAL/3000010022674,40,37,"Bersih , nyaman dan tenang untuk beristirahat , braekfast nya lumayan cocok",Diulas 477 minggu lalu
https://www.traveloka.com/id-id/user/review/consumption/HOTEL/GENERAL/3000010022674,40,38,Pilihan makanannya kurang variasi.,Diulas 477 minggu lalu
https://www.traveloka.com/id-id/user/review/consumption/HOTEL/GENERAL/3000010022674,40,39,"Nyaman, bersih, kamarnya luas.. Makanannya aja kurang panas",Diulas 477 minggu lalu
https://www.traveloka.com/id-id/user/review/consumption/HOTEL/GENERAL/3000010022674,40,40,"Biasa saja, sulit mencari alamatnya",Diulas 477 minggu lalu
https://www.traveloka.com/id-id/user/review/consumption/HOTEL/GENERAL/3000010022674,41,1,Sangat bagus dan menakjubkan secara keseluruhan.,Diulas 477 minggu lalu
https://www.traveloka.com/id-id/user/review/consumption/HOTEL/GENERAL/3000010022674,41,2,"Tidak ada lemari es, saya pesan dengan fasilitas lemari es.",Diulas 478 minggu lalu
https://www.traveloka.com/id-id/user/review/consumption/HOTEL/GENERAL/3000010022674,41,3,Wifi kencang 24 jam resto untuk yg baru pertama ke sini mungkin sedikit kesulitan mencari lokasi hotel,Diulas 478 minggu lalu
https://www.traveloka.com/id-id/user/review/consumption/HOTEL/GENERAL/3000010022674,41,4,So Nice ... kenyamanan .... sangat baik layanan .. ... menyukainya,Diulas 478 minggu lalu
https://www.traveloka.com/id-id/user/review/consumption/HOTEL/GENERAL/3000010022674,41,5,"Pelayanan memuaskan, housekeeping cepat dalam melayani untuk kamar & kelengkapan toiletries bagus. Hanya saja WiFi di lantai 7 yang sangat buruk. Lokasi satu area dengan Giant Mall. Breakfast lumayan bervariatif.",Diulas 478 minggu lalu
https://www.traveloka.com/id-id/user/review/consumption/HOTEL/GENERAL/3000010022674,41,6,Pada saat liat deskripsinya pemesanan itu kamar ada balkon nya..tapi sewaktu cek in ternyata tidak ada (sudah ditutup).Mohon direvisi penjelasannya.terima kasih.,Diulas 478 minggu lalu
https://www.traveloka.com/id-id/user/review/consumption/HOTEL/GENERAL/3000010022674,41,7,"Kamar luas dan bagus kebersihan cukup baik dan kamar mandi yang bersih, untuk view kirang karena saya dapat view ke gedung sebelah jadi tertutup, untuk makan pagi banyak fariasi tapi menurut saya kurang enak, untuk pelayanan sangat baik dan cepat dan lokasi yang berada di gengah kota bekasi",Diulas 478 minggu lalu
https://www.traveloka.com/id-id/user/review/consumption/HOTEL/GENERAL/3000010022674,41,8,Pelayanan yang baik dan bersih baik makanan,Diulas 478 minggu lalu
https://www.traveloka.com/id-id/user/review/consumption/HOTEL/GENERAL/3000010022674,41,9,Overall oke. Harga sesuai dengan service yang ditawarkan.,Diulas 478 minggu lalu
https://www.traveloka.com/id-id/user/review/consumption/HOTEL/GENERAL/3000010022674,41,10,"Baik .... Recomended, setiap kali",Diulas 478 minggu lalu
https://www.traveloka.com/id-id/user/review/consumption/HOTEL/GENERAL/3000010022674,41,11,"Lokasinya sebenarnya enak di tengah kota dan berada tepat di pusat perbelanjaan, namun akses untuk yang tidak membawa mobil sdikit menyulitkan karena harus kluar masuk menggunakan lift mall. Sayangnya kamar belum dilengkapi dengan kulkas yang biasanya hotel sekelasnya sudah memiliki fasilitas tersebut Untuk keseluruhan recommended lah hotel ini.",Diulas 479 minggu lalu
https://www.traveloka.com/id-id/user/review/consumption/HOTEL/GENERAL/3000010022674,41,12,"Harusnya diberikan kartu kamar 2 buah, supaya lebih nyaman bagi tamu",Diulas 479 minggu lalu
https://www.traveloka.com/id-id/user/review/consumption/HOTEL/GENERAL/3000010022674,41,13,"Pelayanan sangat memuaskan, sehingga saya ingin menginap disana lagi.",Diulas 479 minggu lalu
https://www.traveloka.com/id-id/user/review/consumption/HOTEL/GENERAL/3000010022674,41,14,Nyaman menginap di hotel santika mega city,Diulas 479 minggu lalu
https://www.traveloka.com/id-id/user/review/consumption/HOTEL/GENERAL/3000010022674,41,15,Enak dan nyaman banget menginap disini,Diulas 479 minggu lalu
https://www.traveloka.com/id-id/user/review/consumption/HOTEL/GENERAL/3000010022674,41,16,Terus diperbaiki ya....,Diulas 479 minggu lalu
https://www.traveloka.com/id-id/user/review/consumption/HOTEL/GENERAL/3000010022674,41,17,Pelayanannya ok fasilitas hotelnya juga mantab,Diulas 479 minggu lalu
https://www.traveloka.com/id-id/user/review/consumption/HOTEL/GENERAL/3000010022674,41,18,Hotel bagus di pusat kota Bekasi,Diulas 479 minggu lalu
https://www.traveloka.com/id-id/user/review/consumption/HOTEL/GENERAL/3000010022674,41,19,"AC-nya kurang dingin, perlu diservis... Selebihnya baik-baik saja...",Diulas 479 minggu lalu
https://www.traveloka.com/id-id/user/review/consumption/HOTEL/GENERAL/3000010022674,41,20,"Nyaman, aksesnya mudah, makanannya enak.",Diulas 479 minggu lalu
https://www.traveloka.com/id-id/user/review/consumption/HOTEL/GENERAL/3000010022674,41,21,"Secara keseluruhan itu hebat, tapi aku tidak bisa memesan tempat tidur tambahan.",Diulas 479 minggu lalu
https://www.traveloka.com/id-id/user/review/consumption/HOTEL/GENERAL/3000010022674,41,22,"Nyaman, tenang & yang paling penting bisa menikmati suasana secara relax",Diulas 479 minggu lalu
https://www.traveloka.com/id-id/user/review/consumption/HOTEL/GENERAL/3000010022674,41,23,"Sukaa.. oke kamar nya bersih, cuma sayang nya tidak ada lemari es, padahal di detail kamar ada.. wifi tidak oke",Diulas 479 minggu lalu
https://www.traveloka.com/id-id/user/review/consumption/HOTEL/GENERAL/3000010022674,41,24,"Kami harus menunggu lama untuk masuk ke kamar karena kami tiba di siang hari, banyak sarapan yang sudah habis/belum lengkap meskipun masih pukul 8 pagi.",Diulas 479 minggu lalu
https://www.traveloka.com/id-id/user/review/consumption/HOTEL/GENERAL/3000010022674,41,25,"Aman, bagus, keren.",Diulas 479 minggu lalu
https://www.traveloka.com/id-id/user/review/consumption/HOTEL/GENERAL/3000010022674,41,26,Lumayan nyaman untuk menginap dan istirahat.,Diulas 479 minggu lalu
https://www.traveloka.com/id-id/user/review/consumption/HOTEL/GENERAL/3000010022674,41,27,Lokasinya di dalam mall kalau tidak bawa kendaraan agak ribet. Makanan bervariasi namun rasa biasa saja. AC kurang dingin untuk kota bekasi yang cenderung panas. Bantal gede tapi tidak nyaman. Staff ramah.,Diulas 480 minggu lalu
https://www.traveloka.com/id-id/user/review/consumption/HOTEL/GENERAL/3000010022674,41,28,Lebih baik dari pada kunjungan saya yang pertama kali ketika hotel baru beroperasi..,Diulas 480 minggu lalu
https://www.traveloka.com/id-id/user/review/consumption/HOTEL/GENERAL/3000010022674,41,29,"Lokasi mudah di jangkau, berada di atas pusat perbelanjaan",Diulas 480 minggu lalu
https://www.traveloka.com/id-id/user/review/consumption/HOTEL/GENERAL/3000010022674,41,30,Enak dan nyaman sekali menginap disini,Diulas 480 minggu lalu
https://www.traveloka.com/id-id/user/review/consumption/HOTEL/GENERAL/3000010022674,41,31,"Nyaman, tenang, lumayan bersih, makanan sarapan pagi lumayan bervariasi dan enak.",Diulas 480 minggu lalu
https://www.traveloka.com/id-id/user/review/consumption/HOTEL/GENERAL/3000010022674,41,32,Bukan liburan tepatnya ada acara keluarga...,Diulas 480 minggu lalu
https://www.traveloka.com/id-id/user/review/consumption/HOTEL/GENERAL/3000010022674,41,33,Wifinya kurang bagus koneksinya.,Diulas 480 minggu lalu
https://www.traveloka.com/id-id/user/review/consumption/HOTEL/GENERAL/3000010022674,41,34,"Tidak ada hair dryer, tissue di kamar kurang banyak. Tidak ada kulkas",Diulas 480 minggu lalu
https://www.traveloka.com/id-id/user/review/consumption/HOTEL/GENERAL/3000010022674,41,35,Hotel yang lumayan bagus dan bersih,Diulas 480 minggu lalu
https://www.traveloka.com/id-id/user/review/consumption/HOTEL/GENERAL/3000010022674,41,36,"Hotelnya bersih dan lokasi dekat dengan pusat perbelanjaan serta transportasi masa, sangat direkomendasikan untuk semua jenis tujuan perjalanan.",Diulas 480 minggu lalu
https://www.traveloka.com/id-id/user/review/consumption/HOTEL/GENERAL/3000010022674,41,37,"pelayanan yang baik, kenyamanan, tetapi area parkir memiliki batas rendah, itu adalah hal yang menyedihkan",Diulas 480 minggu lalu
https://www.traveloka.com/id-id/user/review/consumption/HOTEL/GENERAL/3000010022674,41,38,Hotel nyaman. Cuma akses menuju lantai 5 tempat hotelnya menggunakan lift dalam mall yang antriannya banyak jadi menunggu lama.,Diulas 480 minggu lalu
https://www.traveloka.com/id-id/user/review/consumption/HOTEL/GENERAL/3000010022674,41,39,Fasilitas bagus. Pelayanan baik.,Diulas 480 minggu lalu
https://www.traveloka.com/id-id/user/review/consumption/HOTEL/GENERAL/3000010022674,41,40,Pelayanannya memuaskan dan nyaman.,Diulas 481 minggu lalu
https://www.traveloka.com/id-id/user/review/consumption/HOTEL/GENERAL/3000010022674,42,1,"Servicenya bagus ramah, room bersih",Diulas 481 minggu lalu
https://www.traveloka.com/id-id/user/review/consumption/HOTEL/GENERAL/3000010022674,42,2,Pernah saya telefon dan diangkat oleh bagian reservasinya sangat tidak ramah dalam komunikasi.,Diulas 481 minggu lalu
https://www.traveloka.com/id-id/user/review/consumption/HOTEL/GENERAL/3000010022674,42,3,"Lokasi strategis, pelayanan sangat baik, makanan besar.",Diulas 481 minggu lalu
https://www.traveloka.com/id-id/user/review/consumption/HOTEL/GENERAL/3000010022674,42,4,Fasilitas bersih dan pelayanan memuaskan.,Diulas 481 minggu lalu
https://www.traveloka.com/id-id/user/review/consumption/HOTEL/GENERAL/3000010022674,42,5,Akses menuju receptionist sulit bagi kendaraan roda 2. Saya kehilangan helm karena parkir di area parkir mall.,Diulas 481 minggu lalu
https://www.traveloka.com/id-id/user/review/consumption/HOTEL/GENERAL/3000010022674,42,6,"Kebersihan OK, Pelayanan OK & ramah, Lokasi mudah dijangkau, Kenyamanan OK, Makanannya (Sarapan) bervariasi dan enak.",Diulas 481 minggu lalu
https://www.traveloka.com/id-id/user/review/consumption/HOTEL/GENERAL/3000010022674,42,7,Senang menginap di hotel santika mega city.. langganan banget disini,Diulas 481 minggu lalu
https://www.traveloka.com/id-id/user/review/consumption/HOTEL/GENERAL/3000010022674,42,8,"Nyaman, bersih, lokasi strategis, free parking, overall is good",Diulas 481 minggu lalu
https://www.traveloka.com/id-id/user/review/consumption/HOTEL/GENERAL/3000010022674,42,9,"Ada hal yg buat kami tdk nyaman; 1. Tiba-tiba kamar kami diketuk dg kencang pd malam hari, saat dibuka ada room boy menanyakan apa ada laundry, biasanya klo memang kita ada laundry penjemputannya di pagi hari dan itupun mrk tinggal ambil kantong baju yg sdh kita letakkan dlm kantong laundry. 2. Saat saya dan anak anak kembali dr mall stlh makan siang, ketika kita akan menuju lift hotel stlh keluar dr lift yg menghubungkan hotel dg mall, ada security yg menjaga lobby, terus memperhatikan gerak gerik kami lalu menghampiri smbl berkata maaf mau kemana ya? Kami sangat tdk nyaman diperlakukan demikian di area lobby yg terbuka, seolah kami bukan tamu mereka, mkgn caranya yg buat kami krg sreg",Diulas 481 minggu lalu
https://www.traveloka.com/id-id/user/review/consumption/HOTEL/GENERAL/3000010022674,42,10,Mantap betah dan ingin kembali lagi,Diulas 481 minggu lalu
https://www.traveloka.com/id-id/user/review/consumption/HOTEL/GENERAL/3000010022674,42,11,"Pelayanan cepat dan ramah, kamar ok.",Diulas 481 minggu lalu
https://www.traveloka.com/id-id/user/review/consumption/HOTEL/GENERAL/3000010022674,42,12,"Nyaman, baik layanan, menyukainya begitu banyak",Diulas 481 minggu lalu
https://www.traveloka.com/id-id/user/review/consumption/HOTEL/GENERAL/3000010022674,42,13,"Pelayanan yang ramah, makanannya enak",Diulas 482 minggu lalu
https://www.traveloka.com/id-id/user/review/consumption/HOTEL/GENERAL/3000010022674,42,14,"Pelayanan cepat dan ramah, lokasi strategis",Diulas 482 minggu lalu
https://www.traveloka.com/id-id/user/review/consumption/HOTEL/GENERAL/3000010022674,42,15,"Secara keseluruhan bagus, sangat bersih, layanan yang sangat baik.",Diulas 482 minggu lalu
https://www.traveloka.com/id-id/user/review/consumption/HOTEL/GENERAL/3000010022674,42,16,"Sangat menyenangkan semuanya, pelayanannya baik dan ramah.",Diulas 482 minggu lalu
https://www.traveloka.com/id-id/user/review/consumption/HOTEL/GENERAL/3000010022674,42,17,"Cukup keren, namun akses dari bawah mall terlalu jauh.",Diulas 482 minggu lalu
https://www.traveloka.com/id-id/user/review/consumption/HOTEL/GENERAL/3000010022674,42,18,"Cukup strategis karena lokasi yang gabung dengan Mall Mega City Bekasi, apabila ada keperluan mendadak bisa langsung turun ke Mall",Diulas 482 minggu lalu
https://www.traveloka.com/id-id/user/review/consumption/HOTEL/GENERAL/3000010022674,42,19,"Kamar mandinya mampet, jadi air tergenang.",Diulas 482 minggu lalu
https://www.traveloka.com/id-id/user/review/consumption/HOTEL/GENERAL/3000010022674,42,20,Hotel Santika Mega City Bekasi is good.,Diulas 482 minggu lalu
https://www.traveloka.com/id-id/user/review/consumption/HOTEL/GENERAL/3000010022674,42,21,Ok sangat nyaman lux dan menyenangkan,Diulas 482 minggu lalu
https://www.traveloka.com/id-id/user/review/consumption/HOTEL/GENERAL/3000010022674,42,22,Makanan yang baik. Baik ruangan. Tingkat baik,Diulas 482 minggu lalu
https://www.traveloka.com/id-id/user/review/consumption/HOTEL/GENERAL/3000010022674,42,23,"Nyamanlah buat menginap buat keluarga, hanya saja lokasi hotel yang berada di lantai 5 gedung mega mall yang suka bikin ribet. Apalagi kl plgnya udah kemalaman.",Diulas 482 minggu lalu
https://www.traveloka.com/id-id/user/review/consumption/HOTEL/GENERAL/3000010022674,42,24,Lain kali aku akan kembali ke hotel Santika,Diulas 482 minggu lalu
https://www.traveloka.com/id-id/user/review/consumption/HOTEL/GENERAL/3000010022674,42,25,"Sangat Memuaskan, dan Menyenangkan",Diulas 483 minggu lalu
https://www.traveloka.com/id-id/user/review/consumption/HOTEL/GENERAL/3000010022674,42,26,Cukup nyaman hanya untuk parkir paling atas agak kurang nyaman,Diulas 483 minggu lalu
https://www.traveloka.com/id-id/user/review/consumption/HOTEL/GENERAL/3000010022674,42,27,"Rekomendasi Hotel ditengah kota Bekasi, dan akses yang mudah terjangkau.",Diulas 483 minggu lalu
https://www.traveloka.com/id-id/user/review/consumption/HOTEL/GENERAL/3000010022674,42,28,Lebih banyak lagi untuk variasi makanan.. kamar kurang wangi,Diulas 483 minggu lalu
https://www.traveloka.com/id-id/user/review/consumption/HOTEL/GENERAL/3000010022674,42,29,"Hotelnya bagus, bersih, menu sarapannya banyak, lokasi strategis dekat dengan tempat yang mau dikunjungi selain itu dibawah hotel langsung mall kalau mau makan, shopping atau jalan2 ke mall tinggal turun. Overall bagus dan recomended....tapi kamar hotel sebaiknya dilengkapi lemari, untuk ukuran hotel dengan harga 1 jt per malam aneh kamarnya tidak dilengkapi lemari",Diulas 483 minggu lalu
https://www.traveloka.com/id-id/user/review/consumption/HOTEL/GENERAL/3000010022674,42,30,"Pelayanan Lama Sekali, Saya memesan bellboy untuk membantu menurunkan barang dengan menelepon ke front office lebih dari 3x tidak ada tanggapan, memakan waktu sampai setengah jam lebih, akhirnya saya sampai menghampiri front office, baru sepuluh menit kemudian bellboy datang, sangat mengecewakan, bahkan tidak ada permintaan maaf dari pihak hotel, kalau hotelnya ecek-ecek sih tidak apa-apa, hotel Santika Mega Bekasi sangat mengecewakan karena tidak bisa menjaga reputasi & nama baik dengan pelayanan yang lambat kepada customer",Diulas 483 minggu lalu
https://www.traveloka.com/id-id/user/review/consumption/HOTEL/GENERAL/3000010022674,42,31,Sarapan sangat baik dibandingkan dengan harga dan ramah dengan anak-anak di bawah 6,Diulas 483 minggu lalu
https://www.traveloka.com/id-id/user/review/consumption/HOTEL/GENERAL/3000010022674,42,32,"Baik nyaman, wifi room agak bermasalah.",Diulas 484 minggu lalu
https://www.traveloka.com/id-id/user/review/consumption/HOTEL/GENERAL/3000010022674,42,33,Great..so far oke..makananya juga enak,Diulas 484 minggu lalu
https://www.traveloka.com/id-id/user/review/consumption/HOTEL/GENERAL/3000010022674,42,34,Lebih bagus lagi untuk pelayanannya.,Diulas 484 minggu lalu
https://www.traveloka.com/id-id/user/review/consumption/HOTEL/GENERAL/3000010022674,42,35,Hotel bersih sayang kamar kurang kedap sehingga suara dr luar terdengar kekamar,Diulas 484 minggu lalu
https://www.traveloka.com/id-id/user/review/consumption/HOTEL/GENERAL/3000010022674,42,36,"Kelabihan : Enak, hotel baru, bersih, makanan enak, deket bioskop, di dalam area mall, gampang cari makan Kekurangan : Letaknya di Lt.5, susah kalau tidak bawa Kendaraan. Bisa pakai lift mall tapi terbatas sama jam, diatas jam 22.00 tidak bisa pake lift mall tidak ada kolam renang, padahal anak ikut pengen berenang jadi tidak jadi berenang (jadi kurang kids friendly), deket situ ada aston dan amarossa dengan harga beda sedikit tapi ada kolam renang.",Diulas 484 minggu lalu
https://www.traveloka.com/id-id/user/review/consumption/HOTEL/GENERAL/3000010022674,42,37,Tempat strategis di pusat perbelanjaan.,Diulas 484 minggu lalu
https://www.traveloka.com/id-id/user/review/consumption/HOTEL/GENERAL/3000010022674,42,38,"breakfast variatif, mau ke mall tinggal turun, nice place !",Diulas 484 minggu lalu
https://www.traveloka.com/id-id/user/review/consumption/HOTEL/GENERAL/3000010022674,42,39,Harga kompetitif dengan kualitas maksimal.,Diulas 484 minggu lalu
https://www.traveloka.com/id-id/user/review/consumption/HOTEL/GENERAL/3000010022674,42,40,pelayanan baik dan memuaskan.. thanks,Diulas 484 minggu lalu
https://www.traveloka.com/id-id/user/review/consumption/HOTEL/GENERAL/3000010022674,43,1,"Sudah 2x menginap di Santika Mega City Bekasi. Pelayanan receptionist ramah, bersih, makanan nya variatif. Security nya pas saya check out agak kurang ramah, berbeda pada saat saya check in. Overall Great lah.",Diulas 484 minggu lalu
https://www.traveloka.com/id-id/user/review/consumption/HOTEL/GENERAL/3000010022674,43,2,"Bagus, pelayanannya oke, excellent service!",Diulas 485 minggu lalu
https://www.traveloka.com/id-id/user/review/consumption/HOTEL/GENERAL/3000010022674,43,3,Kadang terdengar suara mesin dari luar kamar,Diulas 485 minggu lalu
https://www.traveloka.com/id-id/user/review/consumption/HOTEL/GENERAL/3000010022674,43,4,"Overall baik, namun untuk breakfast kurang banyak variannya.",Diulas 485 minggu lalu
https://www.traveloka.com/id-id/user/review/consumption/HOTEL/GENERAL/3000010022674,43,5,"Hotel baru, bersih dan sarapan beragam.",Diulas 485 minggu lalu
https://www.traveloka.com/id-id/user/review/consumption/HOTEL/GENERAL/3000010022674,43,6,"OK, dekat ke Mall, lumayan lah untuk bisnis trip.",Diulas 485 minggu lalu
https://www.traveloka.com/id-id/user/review/consumption/HOTEL/GENERAL/3000010022674,43,7,Akses utk masuk ke lift jalannya melewati pertokoan/kios2 dan kalau malam agak gelap. Jadinya agak seram2 gimana gitu. Tapi so far suasana hotel dan fasilitasnya nyaman.,Diulas 485 minggu lalu
https://www.traveloka.com/id-id/user/review/consumption/HOTEL/GENERAL/3000010022674,43,8,Tidak baik untuk hotel bintang 3.,Diulas 485 minggu lalu
https://www.traveloka.com/id-id/user/review/consumption/HOTEL/GENERAL/3000010022674,43,9,Sangat memuaskan untuk semuanya top.,Diulas 486 minggu lalu
https://www.traveloka.com/id-id/user/review/consumption/HOTEL/GENERAL/3000010022674,43,10,"Sesuai dengan harganya, bersih, nyaman, security bagus, lokasi strategis...",Diulas 486 minggu lalu
https://www.traveloka.com/id-id/user/review/consumption/HOTEL/GENERAL/3000010022674,43,11,Sangat memuaskan... tingkatkan lagi untuk kepuasan pelanggan.,Diulas 486 minggu lalu
https://www.traveloka.com/id-id/user/review/consumption/HOTEL/GENERAL/3000010022674,43,12,Kamar sangat bersih dan para staf juga sangat membantu,Diulas 486 minggu lalu
https://www.traveloka.com/id-id/user/review/consumption/HOTEL/GENERAL/3000010022674,43,13,"Secara umum kamar,makanan & pelayanan baik. Yang kurang adalah tidak adanya kulkas & hair dryer padahal saya tidur di kamar type delux. Juga kamar no.656 sangat berisik dengan adanya blower exhaust dari mall yang tepat didepan balkon kamar.",Diulas 486 minggu lalu
https://www.traveloka.com/id-id/user/review/consumption/HOTEL/GENERAL/3000010022674,43,14,"Lokasi oke, makanan oke, pokonya siip lah.. kenyamanan kamar tolong ditingkatkan kadang2 AC kurang dingin .....",Diulas 486 minggu lalu
https://www.traveloka.com/id-id/user/review/consumption/HOTEL/GENERAL/3000010022674,43,15,"Bersih, kamar luas, pelayanan cepat, hanya lokasinya kurang bagus.",Diulas 487 minggu lalu
https://www.traveloka.com/id-id/user/review/consumption/HOTEL/GENERAL/3000010022674,43,16,"Untuk pelayanan udah bagus, hanya saja untuk house keeping kurang",Diulas 487 minggu lalu
https://www.traveloka.com/id-id/user/review/consumption/HOTEL/GENERAL/3000010022674,43,17,Luar biasa makanannya yang bikin pengen balik lagi kesana,Diulas 487 minggu lalu
https://www.traveloka.com/id-id/user/review/consumption/HOTEL/GENERAL/3000010022674,43,18,Dekat dengan mall dan makanannya bervariasi,Diulas 487 minggu lalu
https://www.traveloka.com/id-id/user/review/consumption/HOTEL/GENERAL/3000010022674,43,19,"Sangat memuaskan, lift dari mall ke hotel rada lama.",Diulas 487 minggu lalu
https://www.traveloka.com/id-id/user/review/consumption/HOTEL/GENERAL/3000010022674,43,20,Lokasinya Ok...Bangunan hotel nya masih baru..Tapi outdoor AC terdengar sampai ke dalam kamar.. Pelayanan F&B nya pada saat breakfast mantap.. Mr Anto dan Mr Indra.. empat jempol untuk mereka...Dan yang terakhir GM Mr Hendra sangat profesional untuk menghandle masalah operasional hotel... Bintang 5 untuk Mr Hendra...,Diulas 487 minggu lalu
https://www.traveloka.com/id-id/user/review/consumption/HOTEL/GENERAL/3000010022674,43,21,Hotel baru ....akses ke mall2 mudah...recomended gan,Diulas 487 minggu lalu
https://www.traveloka.com/id-id/user/review/consumption/HOTEL/GENERAL/3000010022674,43,22,"Hotelnya bagus rapi, bersih, cuma tidak ada menyediakan air mineral di kamar, pelayanan nya kurang sigap dan tidak ramah terhadap tamu..",Diulas 487 minggu lalu
https://www.traveloka.com/id-id/user/review/consumption/HOTEL/GENERAL/3000010022674,43,23,"Nyaman dan menyenangkan, sejauh ini oke.",Diulas 488 minggu lalu
https://www.traveloka.com/id-id/user/review/consumption/HOTEL/GENERAL/3000010022674,43,24,Overall bagus & tidak ada masalah,Diulas 488 minggu lalu
https://www.traveloka.com/id-id/user/review/consumption/HOTEL/GENERAL/3000010022674,43,25,"Mungkin hotel ini masih baru kali ya, jadi semua servicenya masih kurang. Kebersihannya juga kurang.",Diulas 488 minggu lalu
https://www.traveloka.com/id-id/user/review/consumption/HOTEL/GENERAL/3000010022674,43,26,Staffnya sangat ramah dan membantu sekali dalam persiapan pernikahan kami di Santika. Lokasiny menyatu dengan Giant bekasi dan Cinema XXI. Harga yang ditawarkan cukup terjangkau,Diulas 488 minggu lalu
https://www.traveloka.com/id-id/user/review/consumption/HOTEL/GENERAL/3000010022674,43,27,"Pelayanan ramah dan memuaskan, bersih, nyaman, lokasi strategis.",Diulas 488 minggu lalu
https://www.traveloka.com/id-id/user/review/consumption/HOTEL/GENERAL/3000010022674,43,28,Menu seragam sangat beragam. Jadi tamu bisa memilih makanan yg disukai. Keramahtamahan seluruh staf juga baik dengan mengucapkan salam kepada setiap tamu.,Diulas 488 minggu lalu
https://www.traveloka.com/id-id/user/review/consumption/HOTEL/GENERAL/3000010022674,43,29,Ada Guest Relation yang datang ke kamar untuk nawarin koran. Tapi caranya yang main ketuk pintu terus langsung BUKA PINTU itu tidak sopan banget ya.,Diulas 488 minggu lalu
https://www.traveloka.com/id-id/user/review/consumption/HOTEL/GENERAL/3000010022674,43,30,Menu sarapan sangat beragam. Jadi tamu memiliki banyak pilihan. Keramah tamahan staf juga sangat terasa. Tidak hanya staf front office tapi juga staf yang lain.,Diulas 488 minggu lalu
https://www.traveloka.com/id-id/user/review/consumption/HOTEL/GENERAL/3000010022674,43,31,"Bersih, nyaman oke deh pokoknya",Diulas 488 minggu lalu
https://www.traveloka.com/id-id/user/review/consumption/HOTEL/GENERAL/3000010022674,43,32,Sangat nyaman untuk beristirahat & memuaskan.,Diulas 489 minggu lalu
https://www.traveloka.com/id-id/user/review/consumption/HOTEL/GENERAL/3000010022674,43,33,"Cukup bagus walau saat masuk ke kamar, dari AC mengeluarkan bau tidak enak.. Mungkin karna jarang di buka.. Tapi setelah di berikan parfum di acnya, sudah tidak ada masalah",Diulas 489 minggu lalu
https://www.traveloka.com/id-id/user/review/consumption/HOTEL/GENERAL/3000010022674,43,34,"Bersih, nyaman dan menyenangkan.",Diulas 489 minggu lalu
https://www.traveloka.com/id-id/user/review/consumption/HOTEL/GENERAL/3000010022674,43,35,"sangat menyenangkan, sangat dekat dengan XXI",Diulas 489 minggu lalu
https://www.traveloka.com/id-id/user/review/consumption/HOTEL/GENERAL/3000010022674,43,36,Strategis..dekat pintu tol.. Puas..,Diulas 490 minggu lalu
https://www.traveloka.com/id-id/user/review/consumption/HOTEL/GENERAL/3000010022674,43,37,Lokasi bagu terhubung dengan mall mega bekasi Sarapan untuk ukuran santika rasa biasa saja,Diulas 490 minggu lalu
https://www.traveloka.com/id-id/user/review/consumption/HOTEL/GENERAL/3000010022674,43,38,"Sangat nyaman, pelayanan memuaskan.",Diulas 490 minggu lalu
https://www.traveloka.com/id-id/user/review/consumption/HOTEL/GENERAL/3000010022674,43,39,"Bersih, nyaman , tenang bisa istirahat dengan tenang , tapi makanannya kurang enak",Diulas 491 minggu lalu
https://www.traveloka.com/id-id/user/review/consumption/HOTEL/GENERAL/3000010022674,43,40,Layanan bagus disediakan,Diulas 491 minggu lalu
https://www.traveloka.com/id-id/user/review/consumption/HOTEL/GENERAL/3000010022674,44,1,"Good, kebanyakan jadinya males ngetik",Diulas 491 minggu lalu
https://www.traveloka.com/id-id/user/review/consumption/HOTEL/GENERAL/3000010022674,44,2,"Lantainya berdebu, bedding setnya pemilihannya bahannya yang kasar. Ketika order room service, pesanannya lama sekali datangnya. Kemudian kembali order room service di jam 11 pm, line room service tidak diangkat, operator juga tidak di angkat (room service 24 hr)",Diulas 491 minggu lalu
https://www.traveloka.com/id-id/user/review/consumption/HOTEL/GENERAL/3000010022674,44,3,"Lokasinya bagus, tepat di sebelah pusat perbelanjaan.",Diulas 491 minggu lalu
https://www.traveloka.com/id-id/user/review/consumption/HOTEL/GENERAL/3000010022674,44,4,Menu sarapan sangat bervariasi. Semua alat elektronik di kamar berfungsi dengan baik. Petugas yg ramah tamah,Diulas 491 minggu lalu
https://www.traveloka.com/id-id/user/review/consumption/HOTEL/GENERAL/3000010022674,44,5,"Cukup bagus ,tenang,nyaman dan strategis",Diulas 491 minggu lalu
https://www.traveloka.com/id-id/user/review/consumption/HOTEL/GENERAL/3000010022674,44,6,"Sebenarnya kondisi didalam hotelnya sendiri sangat baik, hanya saja menyatu dengan mega Bekasi nampaknya bukan keputusan yang tepat selain itu bantal serta kasur menjadi kombinasi yang buruk untuk tidur nyenyak",Diulas 491 minggu lalu
https://www.traveloka.com/id-id/user/review/consumption/HOTEL/GENERAL/3000010022674,44,7,Baguslah pokoknya. Cuma menginap semalem aja sih. Tapi sayangnya aku menginap di kamar yang nggak ada balkonnya.,Diulas 492 minggu lalu
https://www.traveloka.com/id-id/user/review/consumption/HOTEL/GENERAL/3000010022674,44,8,"Tidak ada kulkas mini di dalam kamar, menu sarapan tidak seperti santika lainnya banyak pilihan nusantara.",Diulas 492 minggu lalu
https://www.traveloka.com/id-id/user/review/consumption/HOTEL/GENERAL/3000010022674,44,9,"Bersih, nyaman, recommended!",Diulas 492 minggu lalu
https://www.traveloka.com/id-id/user/review/consumption/HOTEL/GENERAL/3000010022674,44,10,"Kamar bau , tidak wangi.. kamar mandi kuranh bersih. Makanan sih enak ko",Diulas 492 minggu lalu
https://www.traveloka.com/id-id/user/review/consumption/HOTEL/GENERAL/3000010022674,44,11,"Hotelnya bersih nyaman, Pelayanannya ramah dan memuaskan. makanannya enak hanya saja kurang variatif jika dibandingkan hotel santika di daerah lain. over all santika the best",Diulas 492 minggu lalu
https://www.traveloka.com/id-id/user/review/consumption/HOTEL/GENERAL/3000010022674,44,12,"Kualitas makanan perlu ditingkatkan, dan area parkir juga perlu disiapkan agar dapat menampung lebih banyak orang dan berada di dalam ruangan.",Diulas 492 minggu lalu
https://www.traveloka.com/id-id/user/review/consumption/HOTEL/GENERAL/3000010022674,44,13,Kamarnya nyaman. Tapi yg gak bikin nyaman toiletnya. Karna toiletnya gak bisa di flush.,Diulas 492 minggu lalu
https://www.traveloka.com/id-id/user/review/consumption/HOTEL/GENERAL/3000010022674,44,14,Parkirnya membingungkan /tidak ada perunjuk,Diulas 492 minggu lalu
https://www.traveloka.com/id-id/user/review/consumption/HOTEL/GENERAL/3000010022674,44,15,Hotelnya bagus. Receptionisnya ngelayani tmu agak lama pd saat check-out & kulkas untuk kamar yang type tinggi tidak ad.,Diulas 493 minggu lalu
https://www.traveloka.com/id-id/user/review/consumption/HOTEL/GENERAL/3000010022674,44,16,"Makanan yang perlu ditingkatkan, akses aga sulit u/ di lobby karena diatas",Diulas 493 minggu lalu
https://www.traveloka.com/id-id/user/review/consumption/HOTEL/GENERAL/3000010022674,44,17,"Bersih, nyaman dan staff yang ramah. Breakfast kalo bisa ditambah variasinya.",Diulas 493 minggu lalu
https://www.traveloka.com/id-id/user/review/consumption/HOTEL/GENERAL/3000010022674,44,18,"Semprotan wc rusak, menyebalkan",Diulas 493 minggu lalu
https://www.traveloka.com/id-id/user/review/consumption/HOTEL/GENERAL/3000010022674,44,19,"Mungkin karena masih baru, semuanya masih rapih dan baik, terkadang internetny suka mati walaupun sebentar. untuk lokasi agak susah bagi yang tidak membawa kendaraan",Diulas 493 minggu lalu
https://www.traveloka.com/id-id/user/review/consumption/HOTEL/GENERAL/3000010022674,44,20,Bersih dan pelayanan yang ramah,Diulas 493 minggu lalu
https://www.traveloka.com/id-id/user/review/consumption/HOTEL/GENERAL/3000010022674,44,21,hotel yang selalu good buat sy. makanan nya tidak ad yang tandingi tapi untuk kamar nya lumayan lah. smoga bisa d kembangkan lagi menjadi lebih bagus.,Diulas 494 minggu lalu
https://www.traveloka.com/id-id/user/review/consumption/HOTEL/GENERAL/3000010022674,44,22,"Sudah sangat memuaskan hanya saja tidak ada hairdryer,, Jika bisa disediakan hairdryer😁",Diulas 494 minggu lalu
https://www.traveloka.com/id-id/user/review/consumption/HOTEL/GENERAL/3000010022674,44,23,Hotel nya lumayan cuma posisi kamar hotel nya kurang bagus,Diulas 494 minggu lalu
https://www.traveloka.com/id-id/user/review/consumption/HOTEL/GENERAL/3000010022674,44,24,"Di kamar 615 terkadang dari arah kamar mandi, terdengar suara. Entah pipa air atau apa. tapi secara keseluruhan sih bagus. Hanya saja, info untuk mencari letak hotel kurang dan tidak ada view yang bisa dilihat.",Diulas 494 minggu lalu
https://www.traveloka.com/id-id/user/review/consumption/HOTEL/GENERAL/3000010022674,44,25,Bersih. Bagus dan pelayanannya ramah.,Diulas 494 minggu lalu
https://www.traveloka.com/id-id/user/review/consumption/HOTEL/GENERAL/3000010022674,44,26,"Kamar oke, tapi AC sepertinya kurang dingin. Makanan enak. Lokasi strategis. tapi fasilitas ATM masih jauh..",Diulas 494 minggu lalu
https://www.traveloka.com/id-id/user/review/consumption/HOTEL/GENERAL/3000010022674,44,27,"Saya menginap mendapatkan kamar nomer 6019 (Kalo tidak salah,intinya lantai 6). Cukup nyaman karena hotel ini masih baru, Fasilitas belom lengkap, Pool baru dibuat di lantai rooftop. Kamar seperti kamar kost eklusif. Kebersihan : Bagus, bersih mulai dari kasur,dan kamar mandi, Pelayanan : Staff hotal yang ramah dengan sapaan dan senyumnya, Lokasi : Menyatu dengan pusat perbelanjaan (Giant Mall) dan XX1 langsung. Kenyamanan : Baru kali ini selama menginap hotel bantal berisi angin sehingga untuk di gunakan kepala terasa licin sehingga butuh penyesuaian dengan posisi kepala,kalo tidak ya akan licin dan tidur tidak menggunakan bantal. Makanan : Standart hotel bintang 4 banyak pilihan dan rasanya cukup enak. Keselurahan : sangat layak untuk menginap.",Diulas 495 minggu lalu
https://www.traveloka.com/id-id/user/review/consumption/HOTEL/GENERAL/3000010022674,44,28,Makanan kurang enak dan kurang variatif,Diulas 495 minggu lalu
https://www.traveloka.com/id-id/user/review/consumption/HOTEL/GENERAL/3000010022674,44,29,"Cocok untuk urusan bisnis di Bekasi, lokasi strategis",Diulas 495 minggu lalu
https://www.traveloka.com/id-id/user/review/consumption/HOTEL/GENERAL/3000010022674,44,30,Sarapan tidak sebaik di Santika lainnya. Sprei tidak yang nyaman baik.,Diulas 495 minggu lalu
https://www.traveloka.com/id-id/user/review/consumption/HOTEL/GENERAL/3000010022674,44,31,Karyawan ramah. Makanan lezat dan kamar nyaman.,Diulas 495 minggu lalu
https://www.traveloka.com/id-id/user/review/consumption/HOTEL/GENERAL/3000010022674,44,32,"Overall bagus semuanya,simple,bagus..design ok.",Diulas 495 minggu lalu
https://www.traveloka.com/id-id/user/review/consumption/HOTEL/GENERAL/3000010022674,44,33,"Bagus. Kemarin dapat kamar paling pojok. Lokasi kamar jauh dari lift, harus ekstra jalan. Karena hotel baru, jadi kebersihan bagus lah. Makanan juga beragam.",Diulas 495 minggu lalu
https://www.traveloka.com/id-id/user/review/consumption/HOTEL/GENERAL/3000010022674,44,34,"Enak dan nyaman, lokasinya strategis",Diulas 496 minggu lalu
https://www.traveloka.com/id-id/user/review/consumption/HOTEL/GENERAL/3000010022674,44,35,"Bersih, pelayanan ramah, lokasi mudah dijangkau",Diulas 496 minggu lalu
https://www.traveloka.com/id-id/user/review/consumption/HOTEL/GENERAL/3000010022674,44,36,"Baru, bersih, baik sarapan, staf yang ramah",Diulas 496 minggu lalu
https://www.traveloka.com/id-id/user/review/consumption/HOTEL/GENERAL/3000010022674,44,37,Hotel yang sangat memuaskan dan sangat nyaman.,Diulas 496 minggu lalu
https://www.traveloka.com/id-id/user/review/consumption/HOTEL/GENERAL/3000010022674,44,38,Cukup bagus dan nyaman karena masih baru,Diulas 496 minggu lalu
https://www.traveloka.com/id-id/user/review/consumption/HOTEL/GENERAL/3000010022674,44,39,"Bagus, kapan-kapan ke sana cuma kalau bawa motor keluar pagi-pagi susah karena mall nya mawih di kunci",Diulas 496 minggu lalu
https://www.traveloka.com/id-id/user/review/consumption/HOTEL/GENERAL/3000010022674,44,40,Nyaman karena semua masih baru ( minus kolam renang belum jadi ),Diulas 496 minggu lalu
https://www.traveloka.com/id-id/user/review/consumption/HOTEL/GENERAL/3000010022674,45,1,"Ini baik, direkomendasikan untuk liburan ...",Diulas 497 minggu lalu
https://www.traveloka.com/id-id/user/review/consumption/HOTEL/GENERAL/3000010022674,45,2,Sangat memuaskan dan menu makananya lengkap,Diulas 497 minggu lalu
https://www.traveloka.com/id-id/user/review/consumption/HOTEL/GENERAL/3000010022674,45,3,Sangat mengesankan......... thankyou,Diulas 497 minggu lalu
https://www.traveloka.com/id-id/user/review/consumption/HOTEL/GENERAL/3000010022674,45,4,"Tempatnya strategis, kebersihan & kenyamanannya oke, tempatnya juga tenang walaupun lokasi di tengah kota (mungkin karna hotel nya diatas mall), Pelayanannya super ramah. Minusnya cuma rasa makanan pas breakfast. Mohon ditingkatkan lagi yaa.",Diulas 498 minggu lalu
https://www.traveloka.com/id-id/user/review/consumption/HOTEL/GENERAL/3000010022674,45,5,"Good Hotel, Nyaman sekali baik pelayanan, kebersihan dan lainnya",Diulas 498 minggu lalu
https://www.traveloka.com/id-id/user/review/consumption/HOTEL/GENERAL/3000010022674,45,6,"Buat traveler khususnya backpacker pejalan kaki, lokasinya terlalu melelahkan untuk dituju..",Diulas 498 minggu lalu
https://www.traveloka.com/id-id/user/review/consumption/HOTEL/GENERAL/3000010022674,45,7,Memuaskan dan sangat menyenangkan.,Diulas 498 minggu lalu
https://www.traveloka.com/id-id/user/review/consumption/HOTEL/GENERAL/3000010022674,45,8,"Hotel bagus, harga bagus, fasilitas yang baik",Diulas 498 minggu lalu
https://www.traveloka.com/id-id/user/review/consumption/HOTEL/GENERAL/3000010022674,45,9,Sangat memuaskan dan liburan kami banget indah,Diulas 498 minggu lalu
https://www.traveloka.com/id-id/user/review/consumption/HOTEL/GENERAL/3000010022674,45,10,"Pada saat check in kamar yg dipesan ternyata tidak tersedia, kemudian sementara diganti kamar tipe lain. Ketika diminta pindah kamar kita sempat akan diturunkan grade kamarnya krn kmr yg dipesan msh blm tersedia, setelah terjadi komunikasi dan negosiasi akhirnya everybody happy. Good. Thanks.",Diulas 498 minggu lalu
https://www.traveloka.com/id-id/user/review/consumption/HOTEL/GENERAL/3000010022674,45,11,Cukup memuaskan dan tingkatkan pelayanan,Diulas 498 minggu lalu
https://www.traveloka.com/id-id/user/review/consumption/HOTEL/GENERAL/3000010022674,45,12,Sangat nyaman tempatnya dan servicenya bagus,Diulas 498 minggu lalu
https://www.traveloka.com/id-id/user/review/consumption/HOTEL/GENERAL/3000010022674,45,13,Oke hanya internet koneksi kurang baik on off,Diulas 498 minggu lalu
https://www.traveloka.com/id-id/user/review/consumption/HOTEL/GENERAL/3000010022674,45,14,"Sangat memuaskan, mudah saat cek-in, hanya viewnya kurang.",Diulas 498 minggu lalu
https://www.traveloka.com/id-id/user/review/consumption/HOTEL/GENERAL/3000010022674,45,15,"Bagus dan pelayanan ramah,kualitas tvnya aja kalau bisa diperbaiki soalnya di hotel lain lebih baik gambarnya.",Diulas 498 minggu lalu
https://www.traveloka.com/id-id/user/review/consumption/HOTEL/GENERAL/3000010022674,45,16,tempat yang baik di kota Bekasi bahagia,Diulas 498 minggu lalu
https://www.traveloka.com/id-id/user/review/consumption/HOTEL/GENERAL/3000010022674,45,17,Memuaskan dan dekat dengan pusat perbelanjaan.,Diulas 499 minggu lalu
https://www.traveloka.com/id-id/user/review/consumption/HOTEL/GENERAL/3000010022674,45,18,"Bagus. Hotel baru, masih nyaman...",Diulas 499 minggu lalu
https://www.traveloka.com/id-id/user/review/consumption/HOTEL/GENERAL/3000010022674,45,19,Ini adalah hotel baru ... bersih dan rapi .. terlihat modern .. makanan juga baik .. yang terbaik adalah staf yang ramah dan Anda dapat merasa ada yang tulus layanan pemberian dari hati mereka. Tinggal yang baik!,Diulas 499 minggu lalu
https://www.traveloka.com/id-id/user/review/consumption/HOTEL/GENERAL/3000010022674,45,20,"Hanya kurang di view, tipe kamar yang ada balkon pintu ke balkon tidak bisa dibuka karena tidak ada kuncinya.",Diulas 499 minggu lalu
https://www.traveloka.com/id-id/user/review/consumption/HOTEL/GENERAL/3000010022674,45,21,"Recommended, nyaman, bersih dan makananya enak",Diulas 499 minggu lalu
https://www.traveloka.com/id-id/user/review/consumption/HOTEL/GENERAL/3000010022674,45,22,Cukup baik... sesuai harga....,Diulas 499 minggu lalu
https://www.traveloka.com/id-id/user/review/consumption/HOTEL/GENERAL/3000010022674,45,23,"Sangat bagus, dipertahankan & ditingkatkan dengan menambahkan cooler di kamar.",Diulas 499 minggu lalu
https://www.traveloka.com/id-id/user/review/consumption/HOTEL/GENERAL/3000010022674,45,24,Sangat puas Sekali. Bersih. Nyaman,Diulas 499 minggu lalu
https://www.traveloka.com/id-id/user/review/consumption/HOTEL/GENERAL/3000010022674,45,25,Sangat memuaskan untuk melakukan bisnis,Diulas 499 minggu lalu
https://www.traveloka.com/id-id/user/review/consumption/HOTEL/GENERAL/3000010022674,45,26,"Overall memuaskan,kondisi kamar & breakfast nya dua jempol deh; cuma untuk parkiran yang mybe harus di perluas (krna mungkin masih baru hotelnya)",Diulas 499 minggu lalu
https://www.traveloka.com/id-id/user/review/consumption/HOTEL/GENERAL/3000010022674,45,27,"ini merupakan kunjungan saya yang 2 kali, 2 kali kunjungan saya mengalami kekecewaan. kunjungan pertama saya komplain mengenai WIFI yang buruk, laundry yang tidak sesuai janji. kunjungan yang kedua kamar yang saya pesan tidak ada dengan alasan ada group besar yang melakukan all booking untuk type kamar twin bed dan menyisakan single bed , padahal saya sudah melakukan pemesanan dan sudah di confirm  ketersediaannya dan telah terbit pemesanan dilakukan 4 hari dari sebelum kedatangan. alhasil saya tidur seranjang dengan rekan saya.. amazing experience.. saya pemegang kartu santika inportance person dan itu tidak ada fungsinya hanya slogan / kartu biasa saja. terima kasih santika mega mall bekasi.",Diulas 500 minggu lalu
https://www.traveloka.com/id-id/user/review/consumption/HOTEL/GENERAL/3000010022674,45,28,"Oase, antara kerumunan Bekasi ini.",Diulas 500 minggu lalu
https://www.traveloka.com/id-id/user/review/consumption/HOTEL/GENERAL/3000010022674,45,29,"Wifi bermasalah, banyak makanan sarapan yang belum siap dalam waktu lama.",Diulas 500 minggu lalu
https://www.traveloka.com/id-id/user/review/consumption/HOTEL/GENERAL/3000010022674,45,30,"AC kamar kurang dingin di 620,saya pesan kamar deluxe ! tapi itu deluxe atau seperior ya ?",Diulas 500 minggu lalu
https://www.traveloka.com/id-id/user/review/consumption/HOTEL/GENERAL/3000010022674,45,31,"Bangunan baru, jadi semua furniture masih bagus. Cuma tidak ad pintu masuk lain slain lift dalam mall. Ato yang pny mobil bisa naik langsung ke parkiran dan pintu masuk lobby hotel. Kasian yang jalan kaki. Apalagi kl mall sudah tutup.",Diulas 500 minggu lalu
https://www.traveloka.com/id-id/user/review/consumption/HOTEL/GENERAL/3000010022674,45,32,hotel yang bagus untuk tinggal,Diulas 500 minggu lalu
https://www.traveloka.com/id-id/user/review/consumption/HOTEL/GENERAL/3000010022674,45,33,tempat yang nyaman ... terus bergerak pada .. dan cepat tumbuh,Diulas 501 minggu lalu
https://www.traveloka.com/id-id/user/review/consumption/HOTEL/GENERAL/3000010022674,45,34,Saya suka ini tapi pastikan untuk menu sarapan.,Diulas 501 minggu lalu
https://www.traveloka.com/id-id/user/review/consumption/HOTEL/GENERAL/3000010022674,45,35,Lokasi kurang strategis dan wifi tidak dapat connect. Overall yang lainnya sudah oke.,Diulas 501 minggu lalu
https://www.traveloka.com/id-id/user/review/consumption/HOTEL/GENERAL/3000010022674,45,36,Sangat bersih lokasi strategis dan pelayanan ramah dan menyenangkan,Diulas 501 minggu lalu
https://www.traveloka.com/id-id/user/review/consumption/HOTEL/GENERAL/3000010022674,45,37,Hotel baru yang sangat bersih..nyaman..,Diulas 502 minggu lalu
https://www.traveloka.com/id-id/user/review/consumption/HOTEL/GENERAL/3000010022674,45,38,Sangat nyaman.. kedepan saya mau menginap lagi jika ke bekasi,Diulas 502 minggu lalu
https://www.traveloka.com/id-id/user/review/consumption/HOTEL/GENERAL/3000010022674,45,39,Nyaman dan bersih. Keamanan terjaga.,Diulas 502 minggu lalu
https://www.traveloka.com/id-id/user/review/consumption/HOTEL/GENERAL/3000010022674,45,40,"mohon untuk diperbaiki akses liftnya, karena hanya ada 1 lift menuju hotel berbarengan dengan mall. mohon disediakan kulkas.",Diulas 502 minggu lalu
https://www.traveloka.com/id-id/user/review/consumption/HOTEL/GENERAL/3000010022674,46,1,Makan kurang sedikit dalam rasa dan keberagamannya serta saat ini tidak ada non smoking room karena masih campur dan dikamar kadang-kadang masih ada serangga kecil mungkin karena masih baru....diluar itu semuanya ok dan nyaman. Khususnya pelanyanan yang prima.,Diulas 502 minggu lalu
https://www.traveloka.com/id-id/user/review/consumption/HOTEL/GENERAL/3000010022674,46,2,Nyaman dan memuaskan dan juga pelayanan bagus,Diulas 502 minggu lalu
https://www.traveloka.com/id-id/user/review/consumption/HOTEL/GENERAL/3000010022674,46,3,Sangat memuaskan dengan pelayanan yang bagus dan karyawan yang ramah,Diulas 503 minggu lalu
https://www.traveloka.com/id-id/user/review/consumption/HOTEL/GENERAL/3000010022674,46,4,Baik. Hanya bed cover dan bantal tampaknya tidak nyaman.,Diulas 503 minggu lalu
https://www.traveloka.com/id-id/user/review/consumption/HOTEL/GENERAL/3000010022674,46,5,Semuanya bagus.. harus deposit dulu katanya. Ini yang membuat lambat pelayanan....,Diulas 503 minggu lalu
https://www.traveloka.com/id-id/user/review/consumption/HOTEL/GENERAL/3000010022674,46,6,"Hotel bersih , menyenangkan cuma AC kurang dingin.Sarapan pagi bagus cuma masakannya kurang memuaskan, dimsum keras kurang mateng, nasi goreng terlalu kering,dan beberapa kue yang kurang rasanya. Selebihnya pelayanan bagus",Diulas 503 minggu lalu
https://www.traveloka.com/id-id/user/review/consumption/HOTEL/GENERAL/3000010022674,46,7,"Breakfast ok,bersih,cuma bingung masuknya dari mana..",Diulas 504 minggu lalu
https://www.traveloka.com/id-id/user/review/consumption/HOTEL/GENERAL/3000010022674,46,8,"Nyaman, bagus, transportasi mudah",Diulas 504 minggu lalu
https://www.traveloka.com/id-id/user/review/consumption/HOTEL/GENERAL/3000010022674,46,9,"Menu makanan yg kurang variatif, utk minumannya juga sangat minim, bahkan untuk beli sebungkus rokok saja tidak ada",Diulas 504 minggu lalu
https://www.traveloka.com/id-id/user/review/consumption/HOTEL/GENERAL/3000010022674,46,10,"bagus , cuman hotwaternya tdk berfungsi dengan baik",Diulas 504 minggu lalu
