page,review_index,nama,negara,tipe_traveler,tipe_kamar,durasi_menginap,rating,rating_text,judul_ulasan,teks_ulasan,tanggal
1,1,Inne,Indonesia,Family with teens,Superior Twin,Stayed 1 night in January 2025,9.6,Exceptional,Nyamannya menginap di Santika Hotel Cirebon,"Lokasi hotel ditengah kota sangat strategis, dekat dengan pusat perbelanjaan, rumah sakit, transportasi umum, perkantoran. Kebersihannya terjaga dengan baik. Fasilitas kamar cukup lengkap : shower air panas & dingin, toiletries, mini bar, notes & pinsil. Fasilitas hotel cukup lengkap : gym, kolam renang, resto, wifi, tempat parkir luas. Keistimewaan yg berbeda dgn hotel lain, setiap pagi mobil kami sudah kinclong dibersihkan oleh staf hotel 👍🏻👏🏻 Ini kali kedua kami menginap di Santika Hotel Cirebon. Saran : varian menu makanan sarapan pagi tolong ditambah 😊 Terimakasih","January 24, 2025"
1,2,achyar,Indonesia,Family with young children,Superior Twin,Stayed 1 night in September 2025,8.8,Excellent,Excellent,"Lokasi berdekatan lokasi perkantoran kota cirebon, kamar luas dengan cukup bersih. Kolam renang bersih dengan disediakan handuk. Staf sangat ramah dan menunjukkan inisiatif untuk membantu terutama yg bertugas di kolam renang dan kebun/ taman sekitar kolam. Untuk makanan biasa saja.","September 15, 2025"
1,3,Inne,Indonesia,Business traveler,Superior Twin,Stayed 1 night in January 2025,8.8,Excellent,"Hotel dgn lokasi, fasilitas dan pelayanan memuaskan","Hotel dengan lokasi ditengah kota Cirebon dengan fasilitas lengkap dan pelayanan yg baik, staff yg ramah dan helpfull, membuat perjalanan bisnis menjadi menyenangkan. Kamarnya nyaman, toiletries cukup lengkap, menu breakfast beragam dan rasanya lezat. Terimakasih Hotel Santika Cirebon 🙏🏻","January 14, 2025"
1,4,Sahid,Indonesia,Group,Superior Twin,Stayed 1 night in October 2025,10.0,Exceptional,Exceptional,Tempat yg nyaman buat istirahat saya dn keluarga ketika ke kota Cirebon apalagi kolam renangnya luas dn bersih,"October 14, 2025"
1,5,Maemunah,Indonesia,Family with young children,Superior Twin,Stayed 2 nights in June 2025,9.6,Exceptional,Liburan Mengesankan,"Disambut dengan staf yg ramah dan pelayanan yg baik, kamarnya bersih, fasilitas lainnya lengkap (resto, kolam renang anak dan dewasa, tempat fitness)… next time bisa nginep lagi…","June 15, 2025"
1,6,Inne,Indonesia,Family with teens,Superior Twin,Stayed 1 night in January 2025,9.6,Exceptional,Nyamannya menginap di Santika Hotel Cirebon,"Lokasi hotel ditengah kota sangat strategis, dekat dengan pusat perbelanjaan, rumah sakit, transportasi umum, perkantoran. Kebersihannya terjaga dengan baik. Fasilitas kamar cukup lengkap : shower air panas & dingin, toiletries, mini bar, notes & pinsil. Fasilitas hotel cukup lengkap : gym, kolam renang, resto, wifi, tempat parkir luas. Keistimewaan yg berbeda dgn hotel lain, setiap pagi mobil kami sudah kinclong dibersihkan oleh staf hotel 👍🏻👏🏻 Ini kali kedua kami menginap di Santika Hotel Cirebon. Saran : varian menu makanan sarapan pagi tolong ditambah 😊 Terimakasih","January 24, 2025"
1,7,achyar,Indonesia,Family with young children,Superior Twin,Stayed 1 night in September 2025,8.8,Excellent,Excellent,"Lokasi berdekatan lokasi perkantoran kota cirebon, kamar luas dengan cukup bersih. Kolam renang bersih dengan disediakan handuk. Staf sangat ramah dan menunjukkan inisiatif untuk membantu terutama yg bertugas di kolam renang dan kebun/ taman sekitar kolam. Untuk makanan biasa saja.","September 15, 2025"
1,8,Inne,Indonesia,Business traveler,Superior Twin,Stayed 1 night in January 2025,8.8,Excellent,"Hotel dgn lokasi, fasilitas dan pelayanan memuaskan","Hotel dengan lokasi ditengah kota Cirebon dengan fasilitas lengkap dan pelayanan yg baik, staff yg ramah dan helpfull, membuat perjalanan bisnis menjadi menyenangkan. Kamarnya nyaman, toiletries cukup lengkap, menu breakfast beragam dan rasanya lezat. Terimakasih Hotel Santika Cirebon 🙏🏻","January 14, 2025"
1,9,Sahid,Indonesia,Group,Superior Twin,Stayed 1 night in October 2025,10.0,Exceptional,Exceptional,Tempat yg nyaman buat istirahat saya dn keluarga ketika ke kota Cirebon apalagi kolam renangnya luas dn bersih,"October 14, 2025"
1,10,Maemunah,Indonesia,Family with young children,Superior Twin,Stayed 2 nights in June 2025,9.6,Exceptional,Liburan Mengesankan,"Disambut dengan staf yg ramah dan pelayanan yg baik, kamarnya bersih, fasilitas lainnya lengkap (resto, kolam renang anak dan dewasa, tempat fitness)… next time bisa nginep lagi…","June 15, 2025"
2,11,Dadik,Indonesia,Family with young children,Superior Twin,Stayed 1 night in July 2025,10.0,Exceptional,Perfect,"Hotel bersih, rapi, kamar luas, dan harga sangat bersahabat. Ada fasilitas free yg wow: - mobil dicucikan. Tiba2 pagi hari mobil sudah kinclong - free EV charging Strongly recommended.","July 14, 2025"
2,12,Yulia,Indonesia,Family with teens,Superior Twin,Stayed 2 nights in June 2025,10.0,Exceptional,Hotel yang menyenangkan,"Kamar besar, bersih, staf semua ramah, sarapan bervariasi.. Recommended hotel di Cirebon, pertahankan yaaa","June 11, 2025"
2,13,moe,Indonesia,Couple,Executive King,Stayed 1 night in September 2024,10.0,Exceptional,Puas,"Kamar executive bersih, luas dan perlengkapan cukup, km mandi ok, staf ramah, sarapan pagi cukup variatif dan rasa sesuai selera. Harga terjangkau.","September 16, 2024"
2,14,Gumiwang,Indonesia,Family with young children,Superior Twin,Stayed 2 nights in January 2026,8.8,Excellent,Senang menginap di hotel santika,Lokasi yg strategis dekat kemana2 n kolam renangnya yg menyenangkan buat anak2 kecil,"January 03, 2026"
2,15,a,Indonesia,Family with young children,Superior Twin,Stayed 1 night in March 2025,10.0,Exceptional,Liburan,"Anak anak senang menginap di sini, kamarnya nyaman dan kolam renangnya bersih. Untuk sarapan mungkin bisa lebih diperhatikan lagi.","April 02, 2025"
2,16,Inne,Indonesia,Family with teens,Superior Twin,Stayed 1 night in January 2025,9.6,Exceptional,Nyamannya menginap di Santika Hotel Cirebon,"Lokasi hotel ditengah kota sangat strategis, dekat dengan pusat perbelanjaan, rumah sakit, transportasi umum, perkantoran. Kebersihannya terjaga dengan baik. Fasilitas kamar cukup lengkap : shower air panas & dingin, toiletries, mini bar, notes & pinsil. Fasilitas hotel cukup lengkap : gym, kolam renang, resto, wifi, tempat parkir luas. Keistimewaan yg berbeda dgn hotel lain, setiap pagi mobil kami sudah kinclong dibersihkan oleh staf hotel 👍🏻👏🏻 Ini kali kedua kami menginap di Santika Hotel Cirebon. Saran : varian menu makanan sarapan pagi tolong ditambah 😊 Terimakasih","January 24, 2025"
2,17,achyar,Indonesia,Family with young children,Superior Twin,Stayed 1 night in September 2025,8.8,Excellent,Excellent,"Lokasi berdekatan lokasi perkantoran kota cirebon, kamar luas dengan cukup bersih. Kolam renang bersih dengan disediakan handuk. Staf sangat ramah dan menunjukkan inisiatif untuk membantu terutama yg bertugas di kolam renang dan kebun/ taman sekitar kolam. Untuk makanan biasa saja.","September 15, 2025"
2,18,Inne,Indonesia,Business traveler,Superior Twin,Stayed 1 night in January 2025,8.8,Excellent,"Hotel dgn lokasi, fasilitas dan pelayanan memuaskan","Hotel dengan lokasi ditengah kota Cirebon dengan fasilitas lengkap dan pelayanan yg baik, staff yg ramah dan helpfull, membuat perjalanan bisnis menjadi menyenangkan. Kamarnya nyaman, toiletries cukup lengkap, menu breakfast beragam dan rasanya lezat. Terimakasih Hotel Santika Cirebon 🙏🏻","January 14, 2025"
2,19,Sahid,Indonesia,Group,Superior Twin,Stayed 1 night in October 2025,10.0,Exceptional,Exceptional,Tempat yg nyaman buat istirahat saya dn keluarga ketika ke kota Cirebon apalagi kolam renangnya luas dn bersih,"October 14, 2025"
2,20,Maemunah,Indonesia,Family with young children,Superior Twin,Stayed 2 nights in June 2025,9.6,Exceptional,Liburan Mengesankan,"Disambut dengan staf yg ramah dan pelayanan yg baik, kamarnya bersih, fasilitas lainnya lengkap (resto, kolam renang anak dan dewasa, tempat fitness)… next time bisa nginep lagi…","June 15, 2025"
3,21,Yulianti,Indonesia,Family with teens,Executive King,Stayed 1 night in June 2025,10.0,Exceptional,Pengalaman menyenangkan,"Santika dimana2 selalu memuaskan sehingga jadi pilihan utama jika menginap, kamarnya bersih dan cukup luas, breakfast enak, ada swimming pool juga yang cukup luas dan dalam untuk dewasa...","June 30, 2025"
3,22,Yeni,Indonesia,Group,Superior Twin,Stayed 1 night in September 2024,10.0,Exceptional,Nyaman dan bersih,"Hotel di tengah kota, tempat parkir luas, nyaman, bersih, AC dingin, makanan variatif","October 01, 2024"
3,23,Imelda,Indonesia,Family with young children,Superior Twin,Stayed 1 night in January 2025,9.2,Exceptional,Hotel nyaman,"Untuk pertama kalinya menginap di hotel saat setelah cek in, masuk kamar sudah dengan kamar dingin, AC sudah menyala,tidak harus menunggu masukan kartu dulu. Anak2 jadi bisa langsung tidur tenang ngak kepanasan","September 27, 2025"
3,24,verdi,Indonesia,Family with young children,Executive King,Stayed 1 night in April 2025,10.0,Exceptional,Menikmati transjawa dengan menginap di hotel yang historisnya tinggi,"Santika merupakan hotel warisan di kota cirebon, walaupun tua bangunannya tetapi nyaman untuk dihuni dan layanan internasional yang tetap digunakan","April 13, 2025"
3,25,Monica,Indonesia,Couple,Superior Twin,Stayed 1 night in May 2025,8.8,Excellent,Nice vibes,Hotelnya memang bangunan lama tetapi sangat estetik dan kebersihannya juga dijaga meskipun ada beberapa bagian yang harus diupgrade. Breakfast dengan rasa yang cukup makteh dan enak. Staff-nya sangat ramah dan helpful.,"May 04, 2025"
3,26,Inne,Indonesia,Family with teens,Superior Twin,Stayed 1 night in January 2025,9.6,Exceptional,Nyamannya menginap di Santika Hotel Cirebon,"Lokasi hotel ditengah kota sangat strategis, dekat dengan pusat perbelanjaan, rumah sakit, transportasi umum, perkantoran. Kebersihannya terjaga dengan baik. Fasilitas kamar cukup lengkap : shower air panas & dingin, toiletries, mini bar, notes & pinsil. Fasilitas hotel cukup lengkap : gym, kolam renang, resto, wifi, tempat parkir luas. Keistimewaan yg berbeda dgn hotel lain, setiap pagi mobil kami sudah kinclong dibersihkan oleh staf hotel 👍🏻👏🏻 Ini kali kedua kami menginap di Santika Hotel Cirebon. Saran : varian menu makanan sarapan pagi tolong ditambah 😊 Terimakasih","January 24, 2025"
3,27,achyar,Indonesia,Family with young children,Superior Twin,Stayed 1 night in September 2025,8.8,Excellent,Excellent,"Lokasi berdekatan lokasi perkantoran kota cirebon, kamar luas dengan cukup bersih. Kolam renang bersih dengan disediakan handuk. Staf sangat ramah dan menunjukkan inisiatif untuk membantu terutama yg bertugas di kolam renang dan kebun/ taman sekitar kolam. Untuk makanan biasa saja.","September 15, 2025"
3,28,Inne,Indonesia,Business traveler,Superior Twin,Stayed 1 night in January 2025,8.8,Excellent,"Hotel dgn lokasi, fasilitas dan pelayanan memuaskan","Hotel dengan lokasi ditengah kota Cirebon dengan fasilitas lengkap dan pelayanan yg baik, staff yg ramah dan helpfull, membuat perjalanan bisnis menjadi menyenangkan. Kamarnya nyaman, toiletries cukup lengkap, menu breakfast beragam dan rasanya lezat. Terimakasih Hotel Santika Cirebon 🙏🏻","January 14, 2025"
3,29,Sahid,Indonesia,Group,Superior Twin,Stayed 1 night in October 2025,10.0,Exceptional,Exceptional,Tempat yg nyaman buat istirahat saya dn keluarga ketika ke kota Cirebon apalagi kolam renangnya luas dn bersih,"October 14, 2025"
3,30,Maemunah,Indonesia,Family with young children,Superior Twin,Stayed 2 nights in June 2025,9.6,Exceptional,Liburan Mengesankan,"Disambut dengan staf yg ramah dan pelayanan yg baik, kamarnya bersih, fasilitas lainnya lengkap (resto, kolam renang anak dan dewasa, tempat fitness)… next time bisa nginep lagi…","June 15, 2025"
4,31,Yoseph,Indonesia,Family with young children,Deluxe King,Stayed 2 nights in May 2024,9.2,Exceptional,Oldies but goodies,"This is quite an old hotel but well maintained. Room was clean and spacious, the staffs were very nice and friendly. The breakfast can be better, need improving. Location is very nice, there are a shopping malls and restaurants nearby.","July 02, 2024"
4,32,Catur,Indonesia,Couple,Superior Twin,Stayed 1 night in May 2025,9.6,Exceptional,Exceptional,"Great hotel for the price, pools good, and once you check out, you got your car cleaned up, nice one","May 11, 2025"
4,33,AIR,Indonesia,Group,Superior Twin,Stayed 1 night in September 2024,10.0,Exceptional,HOTEL TERBAIK DI CIREBON,Semua terbaik deh sarapan komplite Ruang kamar bersih bagus Hotel model lama tapi pelayanan bintang 5 terbaik Kolam renang bagus bersih dekat dengan sarapan.,"September 16, 2024"
4,34,Sarah,Indonesia,Couple,Superior Twin,Stayed 1 night in April 2025,8.0,Excellent,Hotel santika cirebon,"Breakfast was good, the cleanliness is on the spot, warm welcome from the receptionist","April 19, 2025"
4,35,LIU,Indonesia,Group,Superior Twin,Stayed 1 night in January 2025,9.6,Exceptional,Nice stay,Kamar tidur dan kamar mandi luas dan nyaman. Hotel tua tapi masih terpelihara dengan baik. Staff sangat ramah dan helpful. Anak2 sangat suka berenang di kolam renangnya.,"January 06, 2025"
4,36,Inne,Indonesia,Family with teens,Superior Twin,Stayed 1 night in January 2025,9.6,Exceptional,Nyamannya menginap di Santika Hotel Cirebon,"Lokasi hotel ditengah kota sangat strategis, dekat dengan pusat perbelanjaan, rumah sakit, transportasi umum, perkantoran. Kebersihannya terjaga dengan baik. Fasilitas kamar cukup lengkap : shower air panas & dingin, toiletries, mini bar, notes & pinsil. Fasilitas hotel cukup lengkap : gym, kolam renang, resto, wifi, tempat parkir luas. Keistimewaan yg berbeda dgn hotel lain, setiap pagi mobil kami sudah kinclong dibersihkan oleh staf hotel 👍🏻👏🏻 Ini kali kedua kami menginap di Santika Hotel Cirebon. Saran : varian menu makanan sarapan pagi tolong ditambah 😊 Terimakasih","January 24, 2025"
4,37,achyar,Indonesia,Family with young children,Superior Twin,Stayed 1 night in September 2025,8.8,Excellent,Excellent,"Lokasi berdekatan lokasi perkantoran kota cirebon, kamar luas dengan cukup bersih. Kolam renang bersih dengan disediakan handuk. Staf sangat ramah dan menunjukkan inisiatif untuk membantu terutama yg bertugas di kolam renang dan kebun/ taman sekitar kolam. Untuk makanan biasa saja.","September 15, 2025"
4,38,Inne,Indonesia,Business traveler,Superior Twin,Stayed 1 night in January 2025,8.8,Excellent,"Hotel dgn lokasi, fasilitas dan pelayanan memuaskan","Hotel dengan lokasi ditengah kota Cirebon dengan fasilitas lengkap dan pelayanan yg baik, staff yg ramah dan helpfull, membuat perjalanan bisnis menjadi menyenangkan. Kamarnya nyaman, toiletries cukup lengkap, menu breakfast beragam dan rasanya lezat. Terimakasih Hotel Santika Cirebon 🙏🏻","January 14, 2025"
4,39,Sahid,Indonesia,Group,Superior Twin,Stayed 1 night in October 2025,10.0,Exceptional,Exceptional,Tempat yg nyaman buat istirahat saya dn keluarga ketika ke kota Cirebon apalagi kolam renangnya luas dn bersih,"October 14, 2025"
4,40,Maemunah,Indonesia,Family with young children,Superior Twin,Stayed 2 nights in June 2025,9.6,Exceptional,Liburan Mengesankan,"Disambut dengan staf yg ramah dan pelayanan yg baik, kamarnya bersih, fasilitas lainnya lengkap (resto, kolam renang anak dan dewasa, tempat fitness)… next time bisa nginep lagi…","June 15, 2025"
5,41,Mita,Indonesia,Family with young children,Deluxe King,Stayed 1 night in April 2025,10.0,Exceptional,Upgrade Room Level Prize,Thank you for the extraordinary service and for giving us the gift of a room upgrade. Santika is always the best choice,"April 24, 2025"
5,42,Muhammad,Indonesia,Group,Superior Twin,Stayed 2 nights in October 2025,8.0,Excellent,Location,"Location are great, not to busy but in main street of Cirebon. Pool is the best, as it one of the old resort like hotel in Cirebon. Cleanliness of all aspect are must be improve. Breakfast are great. Staff must improve for greetings and willingness for helping customer. Will be great if renovation the whole hotel.","November 06, 2025"
5,43,Desty,Indonesia,Family with young children,Superior Twin,Stayed 1 night in May 2024,10.0,Exceptional,Menyenangkan,"Kamar luas, bersih harum semua nya berfungsi dengan baik.. Kolam renang besar dan paling penting bersih terawat dengan baik..","May 09, 2024"
5,44,Yeni,Indonesia,Group,Deluxe King,Stayed 1 night in July 2024,10.0,Exceptional,One of the best hotel,"Pelayanan, staff, fasilitas, kebersihan, breakfast, lokasi semua OK no complaint. Jadi salah satu pilihan utama kalau berkunjung ke Cirebon","July 10, 2024"
5,45,Yoseph,Indonesia,Family with young children,Deluxe King,Stayed 2 nights in May 2024,8.4,Excellent,oldies but goodies,"This is quite an old hotel but well maintained. Room was clean and spacious, the staffs were very nice and friendly. The breakfast can be better, need improving. Location is very nice, there are a shopping malls and restaurants nearby.","July 02, 2024"
5,46,Inne,Indonesia,Family with teens,Superior Twin,Stayed 1 night in January 2025,9.6,Exceptional,Nyamannya menginap di Santika Hotel Cirebon,"Lokasi hotel ditengah kota sangat strategis, dekat dengan pusat perbelanjaan, rumah sakit, transportasi umum, perkantoran. Kebersihannya terjaga dengan baik. Fasilitas kamar cukup lengkap : shower air panas & dingin, toiletries, mini bar, notes & pinsil. Fasilitas hotel cukup lengkap : gym, kolam renang, resto, wifi, tempat parkir luas. Keistimewaan yg berbeda dgn hotel lain, setiap pagi mobil kami sudah kinclong dibersihkan oleh staf hotel 👍🏻👏🏻 Ini kali kedua kami menginap di Santika Hotel Cirebon. Saran : varian menu makanan sarapan pagi tolong ditambah 😊 Terimakasih","January 24, 2025"
5,47,achyar,Indonesia,Family with young children,Superior Twin,Stayed 1 night in September 2025,8.8,Excellent,Excellent,"Lokasi berdekatan lokasi perkantoran kota cirebon, kamar luas dengan cukup bersih. Kolam renang bersih dengan disediakan handuk. Staf sangat ramah dan menunjukkan inisiatif untuk membantu terutama yg bertugas di kolam renang dan kebun/ taman sekitar kolam. Untuk makanan biasa saja.","September 15, 2025"
5,48,Inne,Indonesia,Business traveler,Superior Twin,Stayed 1 night in January 2025,8.8,Excellent,"Hotel dgn lokasi, fasilitas dan pelayanan memuaskan","Hotel dengan lokasi ditengah kota Cirebon dengan fasilitas lengkap dan pelayanan yg baik, staff yg ramah dan helpfull, membuat perjalanan bisnis menjadi menyenangkan. Kamarnya nyaman, toiletries cukup lengkap, menu breakfast beragam dan rasanya lezat. Terimakasih Hotel Santika Cirebon 🙏🏻","January 14, 2025"
5,49,Sahid,Indonesia,Group,Superior Twin,Stayed 1 night in October 2025,10.0,Exceptional,Exceptional,Tempat yg nyaman buat istirahat saya dn keluarga ketika ke kota Cirebon apalagi kolam renangnya luas dn bersih,"October 14, 2025"
5,50,Maemunah,Indonesia,Family with young children,Superior Twin,Stayed 2 nights in June 2025,9.6,Exceptional,Liburan Mengesankan,"Disambut dengan staf yg ramah dan pelayanan yg baik, kamarnya bersih, fasilitas lainnya lengkap (resto, kolam renang anak dan dewasa, tempat fitness)… next time bisa nginep lagi…","June 15, 2025"
6,51,Yani,Indonesia,Couple,Superior Twin,Stayed 1 night in February 2025,9.6,Exceptional,Amazing hotel,Kamar yg besar nyaman dan bersih dg fasilitas yg lengkap...berada di pusat kofa deket kalo kmana². Klo ke crb pasti balik ksini lagi,"February 12, 2025"
6,52,Andy,Indonesia,Couple,Superior Twin,Stayed 1 night in January 2026,9.6,Exceptional,pleasant experience staying at Santika Cirebon,"Santika Hotel, even though it is an older hotel, still feels luxurious for the city of Cirebon. All the room facilities are still OK, the staff are friendly, only the quality of breakfast may need to be improved.","January 06, 2026"
6,53,maya,Indonesia,Family with young children,Superior Twin,Stayed 1 night in November 2025,10.0,Exceptional,The Best Hotel at Cirebon,"Semua staff nya baik banget, mempermudah kita dalam check in, fasilitas lengkap, lokasi terjangkau.. paket complete lah.. dibanding hotel lainnya, ini recomended","January 12, 2026"
6,54,Sortha,Indonesia,Family with young children,Superior Twin,Stayed 2 nights in May 2025,8.4,Excellent,Excellent,"Staff nya ramah2 tapi pas kmi nginap hari pertama breakfast time seperti understaff. Ga ada yg jaga, makanan sering kosong. Menu perlu diperbaiki. Yang lain ok lah","June 21, 2025"
6,55,Muhammad,Indonesia,Family with young children,Superior Twin,Stayed 1 night in May 2025,8.4,Excellent,Old but still good,"Hotel with old style but still good with resort style pool and garden. Location are good with distance to major Cirebon attraction. Checkin and out are fast, but the staff need to be more attractive, more responsible to guest. Room was good, big enough, bed was good, amenities superb. Things to improve are cleanliness dust and smell of the room, towel are worn and stain. Breakfast was good. At last this hotel very value for money for us, will be back. thank you.","June 05, 2025"
6,56,Inne,Indonesia,Family with teens,Superior Twin,Stayed 1 night in January 2025,9.6,Exceptional,Nyamannya menginap di Santika Hotel Cirebon,"Lokasi hotel ditengah kota sangat strategis, dekat dengan pusat perbelanjaan, rumah sakit, transportasi umum, perkantoran. Kebersihannya terjaga dengan baik. Fasilitas kamar cukup lengkap : shower air panas & dingin, toiletries, mini bar, notes & pinsil. Fasilitas hotel cukup lengkap : gym, kolam renang, resto, wifi, tempat parkir luas. Keistimewaan yg berbeda dgn hotel lain, setiap pagi mobil kami sudah kinclong dibersihkan oleh staf hotel 👍🏻👏🏻 Ini kali kedua kami menginap di Santika Hotel Cirebon. Saran : varian menu makanan sarapan pagi tolong ditambah 😊 Terimakasih","January 24, 2025"
6,57,achyar,Indonesia,Family with young children,Superior Twin,Stayed 1 night in September 2025,8.8,Excellent,Excellent,"Lokasi berdekatan lokasi perkantoran kota cirebon, kamar luas dengan cukup bersih. Kolam renang bersih dengan disediakan handuk. Staf sangat ramah dan menunjukkan inisiatif untuk membantu terutama yg bertugas di kolam renang dan kebun/ taman sekitar kolam. Untuk makanan biasa saja.","September 15, 2025"
6,58,Inne,Indonesia,Business traveler,Superior Twin,Stayed 1 night in January 2025,8.8,Excellent,"Hotel dgn lokasi, fasilitas dan pelayanan memuaskan","Hotel dengan lokasi ditengah kota Cirebon dengan fasilitas lengkap dan pelayanan yg baik, staff yg ramah dan helpfull, membuat perjalanan bisnis menjadi menyenangkan. Kamarnya nyaman, toiletries cukup lengkap, menu breakfast beragam dan rasanya lezat. Terimakasih Hotel Santika Cirebon 🙏🏻","January 14, 2025"
6,59,Sahid,Indonesia,Group,Superior Twin,Stayed 1 night in October 2025,10.0,Exceptional,Exceptional,Tempat yg nyaman buat istirahat saya dn keluarga ketika ke kota Cirebon apalagi kolam renangnya luas dn bersih,"October 14, 2025"
6,60,Maemunah,Indonesia,Family with young children,Superior Twin,Stayed 2 nights in June 2025,9.6,Exceptional,Liburan Mengesankan,"Disambut dengan staf yg ramah dan pelayanan yg baik, kamarnya bersih, fasilitas lainnya lengkap (resto, kolam renang anak dan dewasa, tempat fitness)… next time bisa nginep lagi…","June 15, 2025"
7,61,noviyanti,Singapore,Family with young children,Superior Twin,Stayed 1 night in June 2025,10.0,Exceptional,Amazing hotel,"Super satisfied with their hospitality! It's an old hotel, but the room and bed were super clean and smelled very nice. If I could give 10 stars, I would. They even gave us a free car wash, and the staff were so nice and polite. The breakfast was nice too. We booked three rooms, and all were good! No complaints. Thanks to all the staff there for giving us a good experience. We will definitely return.","June 09, 2025"
7,62,Betsy,Indonesia,Couple,Superior Twin,Stayed 1 night in July 2024,10.0,Exceptional,Exceptional,"Selalu stay disini jika ke Cirebon, dr anak2 masih kecil, smp sudah ada yg menikah, kami berdua sll nyaman stay di hotel Santika, tidak ada yg berobah. Pertahankan trs utk kebersihan kamarnya, lampu di kamar saja yg perlu diganti yg lebih terang spy lbh fresh.","July 30, 2024"
7,63,noviyanti,Singapore,Family with young children,Superior Twin,Stayed 1 night in June 2025,10.0,Exceptional,Amazing Hotel,"Super satisfied with their hospitality! It's an old hotel, but the room and bed were super clean and smelled very nice. If I could give 10 stars, I would. They even gave us a free car wash, and the staff were so nice and polite. The breakfast was nice too. We booked three rooms, and all were good! No complaints. Thanks to all the staff there for giving us a good experience. We will definitely return.","June 09, 2025"
7,64,Hendy,Indonesia,Family with young children,Superior Twin,Stayed 1 night in January 2025,9.2,Exceptional,Joyful stay,"We booked 4 rooms and stayed for just 1 night. The hotel staff are very helpful, the breakfast is nice and the pool is big and clean. The kids love the kids pool.","January 30, 2025"
7,65,hadi,Indonesia,Family with young children,Deluxe King,Stayed 1 night in September 2024,10.0,Exceptional,Masih tetap oke walau sudah tuaaaaaa dan belum direnov,"Sampai saat ini, masih jadi pilihan keluarga saya. Saran urgent adalah segera ganti toilet umumnya, depan lift (geli liatnya serasa bukan fasilitas hotel, masih bagus toilet spbu)","September 16, 2024"
7,66,Inne,Indonesia,Family with teens,Superior Twin,Stayed 1 night in January 2025,9.6,Exceptional,Nyamannya menginap di Santika Hotel Cirebon,"Lokasi hotel ditengah kota sangat strategis, dekat dengan pusat perbelanjaan, rumah sakit, transportasi umum, perkantoran. Kebersihannya terjaga dengan baik. Fasilitas kamar cukup lengkap : shower air panas & dingin, toiletries, mini bar, notes & pinsil. Fasilitas hotel cukup lengkap : gym, kolam renang, resto, wifi, tempat parkir luas. Keistimewaan yg berbeda dgn hotel lain, setiap pagi mobil kami sudah kinclong dibersihkan oleh staf hotel 👍🏻👏🏻 Ini kali kedua kami menginap di Santika Hotel Cirebon. Saran : varian menu makanan sarapan pagi tolong ditambah 😊 Terimakasih","January 24, 2025"
7,67,achyar,Indonesia,Family with young children,Superior Twin,Stayed 1 night in September 2025,8.8,Excellent,Excellent,"Lokasi berdekatan lokasi perkantoran kota cirebon, kamar luas dengan cukup bersih. Kolam renang bersih dengan disediakan handuk. Staf sangat ramah dan menunjukkan inisiatif untuk membantu terutama yg bertugas di kolam renang dan kebun/ taman sekitar kolam. Untuk makanan biasa saja.","September 15, 2025"
7,68,Inne,Indonesia,Business traveler,Superior Twin,Stayed 1 night in January 2025,8.8,Excellent,"Hotel dgn lokasi, fasilitas dan pelayanan memuaskan","Hotel dengan lokasi ditengah kota Cirebon dengan fasilitas lengkap dan pelayanan yg baik, staff yg ramah dan helpfull, membuat perjalanan bisnis menjadi menyenangkan. Kamarnya nyaman, toiletries cukup lengkap, menu breakfast beragam dan rasanya lezat. Terimakasih Hotel Santika Cirebon 🙏🏻","January 14, 2025"
7,69,Sahid,Indonesia,Group,Superior Twin,Stayed 1 night in October 2025,10.0,Exceptional,Exceptional,Tempat yg nyaman buat istirahat saya dn keluarga ketika ke kota Cirebon apalagi kolam renangnya luas dn bersih,"October 14, 2025"
7,70,Maemunah,Indonesia,Family with young children,Superior Twin,Stayed 2 nights in June 2025,9.6,Exceptional,Liburan Mengesankan,"Disambut dengan staf yg ramah dan pelayanan yg baik, kamarnya bersih, fasilitas lainnya lengkap (resto, kolam renang anak dan dewasa, tempat fitness)… next time bisa nginep lagi…","June 15, 2025"
8,71,Agi,Indonesia,Family with young children,Superior Twin,Stayed 3 nights in May 2025,9.6,Exceptional,Great Hotel,"It’s a nice hotel, but the house keeping staff often open the door without any knocking or ring the bell.","May 13, 2025"
8,72,Rahayu,Indonesia,Family with young children,Deluxe King,Stayed 1 night in April 2025,10.0,Exceptional,Pengalaman menginap,"Santika selalu jadi pilihan untuk menginap semoga semua fasilitas dan keramahan stafnya dari mulai garderner sampai semua stafnya baik, helping dan ramah sekali, semoga tetap di pertahankan","April 15, 2025"
8,73,Heri,Indonesia,Family with young children,Superior Twin,Stayed 1 night in May 2024,8.8,Excellent,Old but wonderful,"It's an old hotel but can still hold its weight. Clean. Good pool. Breakfast was average, taste wise.. Staff were awesome. The car wash guy was awesome. Only thing I was disappointed about was we were put in a room at the edge of the world. Cmon, yall occupancy werent that high.","May 28, 2024"
8,74,Tjhin,Indonesia,Business traveler,Superior Twin,Stayed 1 night in May 2025,8.8,Excellent,"Cukup OK, Bangunan Lama","Beberapa sudut dan interior perlu diupdate, ambiencenya masih kental dengan hotel dengan bangunan lama, beberapa finishingnya sudah kurang baik, termasuk pintu dan interior kamar. lainnya ok.","May 20, 2025"
8,75,Genesia,Indonesia,Family with teens,Deluxe Suite,Stayed 1 night in April 2025,9.6,Exceptional,"Can't Complain, Perfect!","WHY THIS HOTEL IS ONLY 3 STARS??? IMO, Santika Cirebon has everything to be rated at least 4 stars! Checking in was smooth and very sat set, considering I lost my id card in prev hotel. We stayed in deluxe suite room and the room was exceeding my expectation. It's equipped with a jacuzzi and everything was working properly. Well, maybe, except the room key. It was hard to open the door with that jadul key. Food was super delish! They have marshmallow and chocolate fountain. My kids were delighted! Swimming pool was big and clean. They also wash our car, for free 👌 I was touched by the kindness of the old gardener, I forgot his name, but he's old and clothed in green. Please raise his salary! I'm so gonna visit again in my next trip to Cirebon!","April 07, 2025"
8,76,Inne,Indonesia,Family with teens,Superior Twin,Stayed 1 night in January 2025,9.6,Exceptional,Nyamannya menginap di Santika Hotel Cirebon,"Lokasi hotel ditengah kota sangat strategis, dekat dengan pusat perbelanjaan, rumah sakit, transportasi umum, perkantoran. Kebersihannya terjaga dengan baik. Fasilitas kamar cukup lengkap : shower air panas & dingin, toiletries, mini bar, notes & pinsil. Fasilitas hotel cukup lengkap : gym, kolam renang, resto, wifi, tempat parkir luas. Keistimewaan yg berbeda dgn hotel lain, setiap pagi mobil kami sudah kinclong dibersihkan oleh staf hotel 👍🏻👏🏻 Ini kali kedua kami menginap di Santika Hotel Cirebon. Saran : varian menu makanan sarapan pagi tolong ditambah 😊 Terimakasih","January 24, 2025"
8,77,achyar,Indonesia,Family with young children,Superior Twin,Stayed 1 night in September 2025,8.8,Excellent,Excellent,"Lokasi berdekatan lokasi perkantoran kota cirebon, kamar luas dengan cukup bersih. Kolam renang bersih dengan disediakan handuk. Staf sangat ramah dan menunjukkan inisiatif untuk membantu terutama yg bertugas di kolam renang dan kebun/ taman sekitar kolam. Untuk makanan biasa saja.","September 15, 2025"
8,78,Inne,Indonesia,Business traveler,Superior Twin,Stayed 1 night in January 2025,8.8,Excellent,"Hotel dgn lokasi, fasilitas dan pelayanan memuaskan","Hotel dengan lokasi ditengah kota Cirebon dengan fasilitas lengkap dan pelayanan yg baik, staff yg ramah dan helpfull, membuat perjalanan bisnis menjadi menyenangkan. Kamarnya nyaman, toiletries cukup lengkap, menu breakfast beragam dan rasanya lezat. Terimakasih Hotel Santika Cirebon 🙏🏻","January 14, 2025"
8,79,Sahid,Indonesia,Group,Superior Twin,Stayed 1 night in October 2025,10.0,Exceptional,Exceptional,Tempat yg nyaman buat istirahat saya dn keluarga ketika ke kota Cirebon apalagi kolam renangnya luas dn bersih,"October 14, 2025"
8,80,Maemunah,Indonesia,Family with young children,Superior Twin,Stayed 2 nights in June 2025,9.6,Exceptional,Liburan Mengesankan,"Disambut dengan staf yg ramah dan pelayanan yg baik, kamarnya bersih, fasilitas lainnya lengkap (resto, kolam renang anak dan dewasa, tempat fitness)… next time bisa nginep lagi…","June 15, 2025"
9,81,Ian,Indonesia,Family with young children,Superior Twin,Stayed 1 night in July 2024,9.6,Exceptional,Safe & easy Choice,"Santika hotel is a great place my one day transit hotel from Solo to Cirebon. Breakfast is ok, Room was clean, and well-maintained. Good hospitality, and what I highly appreciate was one of the hotel staff took an initiative to wash my car at the parking lot.","March 04, 2025"
9,82,lince,Indonesia,Family with young children,Superior Twin,Stayed 1 night in April 2025,8.8,Excellent,hotel tua namun masih bagus,"hotel bangunan tua tapi masi bagus fasilitas nya, pelayanan ramah, kebersihan lumayan","April 09, 2025"
9,83,Ranggo,Indonesia,Couple,Superior Twin,Stayed 1 night in February 2025,8.0,Excellent,Nice Hotel,"Stayed in a Superior room at Hotel Santika Cirebon it was a pleasant experience. Despite being a Superior type, the room was quite spacious and well-equipped with a mini fridge, kettle, and four bottles of mineral water. The air conditioning worked perfectly, ensuring a comfortable stay. However, I was slightly disappointed that my request for a large bed was not met; instead, two twin beds were combined into one. Another downside was that, although the floor looked clean, it turned out to be quite dirty when wiped with tissue. The bathroom was also spacious and came with adequate toiletries. Two large towels and two small towels were provided, and the hot water ran smoothly. Breakfast was varied and delicious, offering a good selection of dishes. The staff were very friendly and helpful, adding to the positive experience. A nice extra touch was that our vehicle was also washed. Overall, staying at this hotel was very enjoyable!","February 23, 2025"
9,84,Ranggo,Indonesia,Couple,Superior Twin,Stayed 1 night in March 2025,8.0,Excellent,Old but cozy,"I stayed in a Superior Room at Hotel Santika Cirebon for the second time because this hotel is quite comfortable for an overnight stay. The bedroom and bathroom are spacious enough and well-equipped with adequate amenities. One great added value of this hotel is the complimentary vehicle cleaning, which is a nice touch. The sahur menu was quite complete and delicious. The staff was friendly, and the check-in and check-out process was fast and efficient. Overall, staying at this hotel was a very pleasant experience.","March 03, 2025"
9,85,Muhammad,Indonesia,Family with young children,Superior Twin,Stayed 1 night in October 2025,8.4,Excellent,Pool are great,"We very like the pool, it was like a resort with a garden. The pool are warm because of the weather. Cleanliness of whole aspect must be improve. Please renovating the hotel.","November 06, 2025"
9,86,Inne,Indonesia,Family with teens,Superior Twin,Stayed 1 night in January 2025,9.6,Exceptional,Nyamannya menginap di Santika Hotel Cirebon,"Lokasi hotel ditengah kota sangat strategis, dekat dengan pusat perbelanjaan, rumah sakit, transportasi umum, perkantoran. Kebersihannya terjaga dengan baik. Fasilitas kamar cukup lengkap : shower air panas & dingin, toiletries, mini bar, notes & pinsil. Fasilitas hotel cukup lengkap : gym, kolam renang, resto, wifi, tempat parkir luas. Keistimewaan yg berbeda dgn hotel lain, setiap pagi mobil kami sudah kinclong dibersihkan oleh staf hotel 👍🏻👏🏻 Ini kali kedua kami menginap di Santika Hotel Cirebon. Saran : varian menu makanan sarapan pagi tolong ditambah 😊 Terimakasih","January 24, 2025"
9,87,achyar,Indonesia,Family with young children,Superior Twin,Stayed 1 night in September 2025,8.8,Excellent,Excellent,"Lokasi berdekatan lokasi perkantoran kota cirebon, kamar luas dengan cukup bersih. Kolam renang bersih dengan disediakan handuk. Staf sangat ramah dan menunjukkan inisiatif untuk membantu terutama yg bertugas di kolam renang dan kebun/ taman sekitar kolam. Untuk makanan biasa saja.","September 15, 2025"
9,88,Inne,Indonesia,Business traveler,Superior Twin,Stayed 1 night in January 2025,8.8,Excellent,"Hotel dgn lokasi, fasilitas dan pelayanan memuaskan","Hotel dengan lokasi ditengah kota Cirebon dengan fasilitas lengkap dan pelayanan yg baik, staff yg ramah dan helpfull, membuat perjalanan bisnis menjadi menyenangkan. Kamarnya nyaman, toiletries cukup lengkap, menu breakfast beragam dan rasanya lezat. Terimakasih Hotel Santika Cirebon 🙏🏻","January 14, 2025"
9,89,Sahid,Indonesia,Group,Superior Twin,Stayed 1 night in October 2025,10.0,Exceptional,Exceptional,Tempat yg nyaman buat istirahat saya dn keluarga ketika ke kota Cirebon apalagi kolam renangnya luas dn bersih,"October 14, 2025"
9,90,Maemunah,Indonesia,Family with young children,Superior Twin,Stayed 2 nights in June 2025,9.6,Exceptional,Liburan Mengesankan,"Disambut dengan staf yg ramah dan pelayanan yg baik, kamarnya bersih, fasilitas lainnya lengkap (resto, kolam renang anak dan dewasa, tempat fitness)… next time bisa nginep lagi…","June 15, 2025"
10,91,Awalludin,Indonesia,Family with young children,Superior Twin,Stayed 1 night in May 2025,10.0,Exceptional,Pleasant Surprise,"It's a very pleasant experience, they allow me to check in early which is very helpful since my little kid is feeling unwell. They also clean my car as a pleasant surprise as well. Breakfast quite delicious and also nice pool.","May 06, 2025"
10,92,Tamas,Hungary,Family with young children,Superior Twin,Stayed 1 night in August 2024,8.4,Excellent,Family stay,The hotel’s staff were friendly and helpful. The carwash service was a pleasant surprise on the next morning! Very nice swimming pool for kids and decent gym to workout.,"August 10, 2024"
10,93,Redo,Indonesia,Couple,Superior Twin,Stayed 1 night in April 2025,9.6,Exceptional,Convenient Hotel in the City Center,"Location wise its really convenient and close to actions, also the staffs giving exceptional service. we also really loves the vibes.","April 09, 2025"
10,94,Elviera,Indonesia,Solo traveler,Executive King,Stayed 1 night in October 2025,8.4,Excellent,Quick trip to Cirebon,"The hotel is quiet an outdated facilities, but the room amenities still well maintained and functioned. The location is great, right in the major street which mostly surrounded by government offices. The hotel provided free EV charging station (AC outlet) for the tenant. PLN EV charging center is close by to the hotel.","October 18, 2025"
10,95,Santo,Indonesia,Couple,Deluxe King,Stayed 2 nights in June 2025,9.2,Exceptional,Old But Well Maintained Hotel,"Kembali menginap di Santika Hotel Cirebon setelah beberapa tahun berlalu. Kali ini terasa jika hotel sudah cukup tua dibanding hotel sekelas lainnya yang lebih modern di kota Cirebon. Sudah waktunya untuk dibangun baru karena sudah terlihat usang & tua bangunannya walaupun terawat dengan baik. Untuk fasilitas cukup memadai, lahan parkir luas, pelayanan dari security sampai receptionist sangat baik. Breakfast cukup standar.","June 30, 2025"
10,96,Inne,Indonesia,Family with teens,Superior Twin,Stayed 1 night in January 2025,9.6,Exceptional,Nyamannya menginap di Santika Hotel Cirebon,"Lokasi hotel ditengah kota sangat strategis, dekat dengan pusat perbelanjaan, rumah sakit, transportasi umum, perkantoran. Kebersihannya terjaga dengan baik. Fasilitas kamar cukup lengkap : shower air panas & dingin, toiletries, mini bar, notes & pinsil. Fasilitas hotel cukup lengkap : gym, kolam renang, resto, wifi, tempat parkir luas. Keistimewaan yg berbeda dgn hotel lain, setiap pagi mobil kami sudah kinclong dibersihkan oleh staf hotel 👍🏻👏🏻 Ini kali kedua kami menginap di Santika Hotel Cirebon. Saran : varian menu makanan sarapan pagi tolong ditambah 😊 Terimakasih","January 24, 2025"
10,97,achyar,Indonesia,Family with young children,Superior Twin,Stayed 1 night in September 2025,8.8,Excellent,Excellent,"Lokasi berdekatan lokasi perkantoran kota cirebon, kamar luas dengan cukup bersih. Kolam renang bersih dengan disediakan handuk. Staf sangat ramah dan menunjukkan inisiatif untuk membantu terutama yg bertugas di kolam renang dan kebun/ taman sekitar kolam. Untuk makanan biasa saja.","September 15, 2025"
10,98,Inne,Indonesia,Business traveler,Superior Twin,Stayed 1 night in January 2025,8.8,Excellent,"Hotel dgn lokasi, fasilitas dan pelayanan memuaskan","Hotel dengan lokasi ditengah kota Cirebon dengan fasilitas lengkap dan pelayanan yg baik, staff yg ramah dan helpfull, membuat perjalanan bisnis menjadi menyenangkan. Kamarnya nyaman, toiletries cukup lengkap, menu breakfast beragam dan rasanya lezat. Terimakasih Hotel Santika Cirebon 🙏🏻","January 14, 2025"
10,99,Sahid,Indonesia,Group,Superior Twin,Stayed 1 night in October 2025,10.0,Exceptional,Exceptional,Tempat yg nyaman buat istirahat saya dn keluarga ketika ke kota Cirebon apalagi kolam renangnya luas dn bersih,"October 14, 2025"
10,100,Maemunah,Indonesia,Family with young children,Superior Twin,Stayed 2 nights in June 2025,9.6,Exceptional,Liburan Mengesankan,"Disambut dengan staf yg ramah dan pelayanan yg baik, kamarnya bersih, fasilitas lainnya lengkap (resto, kolam renang anak dan dewasa, tempat fitness)… next time bisa nginep lagi…","June 15, 2025"
11,101,hesty,Indonesia,Family with young children,Superior Twin,Stayed 1 night in May 2024,10.0,Exceptional,Hotel lama dan tetap mengesankan,"Proses check in cepat .kmr lumayan bersih, namun properties sdh terlalu usang seharusnya diperbaharui ( bed, tempat sampah, lemari dll ), namun bersih sekali.lantai lembab jadi jika terkena air akan sulit kering , membuat tidak nyaman.sarapan variatif sekali dan enak.kolam renang bersih, namun tempat bilas kurang terawat dan terkesan seram.next time akan kembali ke sini lagi.","May 25, 2024"
11,102,Sidik,Indonesia,Family with young children,Deluxe King,Stayed 1 night in October 2024,9.6,Exceptional,Nice Staycation for Families,"The hotel offers excellent value for money, with a quiet location making it easily going to nearby culinary destinations. The cleanliness and staff service were okay. Facilities were good overall, with positive aspects such as ample parking and reliable WiFi. My car was washed also in the morning.","November 26, 2024"
11,103,Herman,Indonesia,Couple,Superior Twin,Stayed 2 nights in May 2024,10.0,Exceptional,Comfort place,"For 3rd time stayed here, still nice & comfort with big room & clean , we enjoyed the breakfast with local menu...recommended for staycation","May 28, 2024"
11,104,Rika,Indonesia,Family with young children,Superior Twin,Stayed 1 night in December 2025,8.8,Excellent,"Nice hotel, it is in city center","Good hotel to stay on. It is in the middle of city, you can easily find culinary places. It is close to Cirebon station as well. It has swimming pool inside. It is old yet clean hotel, you will see old key room (with holes in it). Makes me explaining to kids, what is it :D","December 29, 2025"
11,105,Lidya,Indonesia,Family with teens,Superior Twin,Stayed 1 night in April 2025,9.6,Exceptional,Service dan kebersihan sangat bagus,"Sangat rekomended untuk menginap disini, kebersihan mulai dari kamar, kamar mandi, hingga kolam renang sangat baik. Makanannya juga cukup variatif dan enak. Suasana kamar meski terbilang cukup tua namun tidak menyeramkan. Service staffnya juga sangat baik dan cepat, plus bonus mobil dicuciin ini sangat baik sekali. Kemarin dapet di harga 575k sangat rekomended","April 28, 2025"
11,106,Inne,Indonesia,Family with teens,Superior Twin,Stayed 1 night in January 2025,9.6,Exceptional,Nyamannya menginap di Santika Hotel Cirebon,"Lokasi hotel ditengah kota sangat strategis, dekat dengan pusat perbelanjaan, rumah sakit, transportasi umum, perkantoran. Kebersihannya terjaga dengan baik. Fasilitas kamar cukup lengkap : shower air panas & dingin, toiletries, mini bar, notes & pinsil. Fasilitas hotel cukup lengkap : gym, kolam renang, resto, wifi, tempat parkir luas. Keistimewaan yg berbeda dgn hotel lain, setiap pagi mobil kami sudah kinclong dibersihkan oleh staf hotel 👍🏻👏🏻 Ini kali kedua kami menginap di Santika Hotel Cirebon. Saran : varian menu makanan sarapan pagi tolong ditambah 😊 Terimakasih","January 24, 2025"
11,107,achyar,Indonesia,Family with young children,Superior Twin,Stayed 1 night in September 2025,8.8,Excellent,Excellent,"Lokasi berdekatan lokasi perkantoran kota cirebon, kamar luas dengan cukup bersih. Kolam renang bersih dengan disediakan handuk. Staf sangat ramah dan menunjukkan inisiatif untuk membantu terutama yg bertugas di kolam renang dan kebun/ taman sekitar kolam. Untuk makanan biasa saja.","September 15, 2025"
11,108,Inne,Indonesia,Business traveler,Superior Twin,Stayed 1 night in January 2025,8.8,Excellent,"Hotel dgn lokasi, fasilitas dan pelayanan memuaskan","Hotel dengan lokasi ditengah kota Cirebon dengan fasilitas lengkap dan pelayanan yg baik, staff yg ramah dan helpfull, membuat perjalanan bisnis menjadi menyenangkan. Kamarnya nyaman, toiletries cukup lengkap, menu breakfast beragam dan rasanya lezat. Terimakasih Hotel Santika Cirebon 🙏🏻","January 14, 2025"
11,109,Sahid,Indonesia,Group,Superior Twin,Stayed 1 night in October 2025,10.0,Exceptional,Exceptional,Tempat yg nyaman buat istirahat saya dn keluarga ketika ke kota Cirebon apalagi kolam renangnya luas dn bersih,"October 14, 2025"
11,110,Maemunah,Indonesia,Family with young children,Superior Twin,Stayed 2 nights in June 2025,9.6,Exceptional,Liburan Mengesankan,"Disambut dengan staf yg ramah dan pelayanan yg baik, kamarnya bersih, fasilitas lainnya lengkap (resto, kolam renang anak dan dewasa, tempat fitness)… next time bisa nginep lagi…","June 15, 2025"
12,111,Fanny,Indonesia,Family with young children,Superior Twin,Stayed 1 night in October 2025,10.0,Exceptional,Trip cirebon 11-12 Okt,"Trip pendek ke cirebon kali ini kami mencoba menginap di Hotel Santika.. Ternyata menyenangkan menginap di Santika kamarnya luas & bersih , lokasi juga di pusat kota cirebon, parkirnya gampang dan pagi mobil sudah bersih dicucikan , kolam renangnya juga oke, utk breakfast okelah cukup menyenangkan juga. Staff juga juga ramah ramah.. Next kecirebon bisa diulang menginap disini","October 12, 2025"
12,112,Silvya,Indonesia,Couple,Deluxe King,Stayed 1 night in November 2025,8.8,Excellent,Nice hotel but less staff,this is the first time i'm trying to stay at this hotel.And quite shock that its very hard to find any bell boy or security on the lobby area.We aririve around 7 pm and lobby area is very quite.only 1 person on the front desk agent and another front desk agent coming right after i set on the lobby.Service is excellent but i know that this hotel is dont have enough staff. i like open area and traditional hotel actually.But when out see the garden its look not handling properly. Food is nice (better than my previous hotel) Overall is very good hotel anyway.,"November 26, 2025"
12,113,Syifa,Indonesia,Solo traveler,Superior Twin,Stayed 2 nights in June 2025,10.0,Exceptional,Definitely akan balik lagi,"Walau dari gerbang dan lobby bahkan sampai kamar tuh kesannya hotel tua, dan ternyata di kamar nyaman sekali. Memang ada beberapa yg keliatan tua seperti gelas, tolonglah gelasnya diganti yg baru, di bagian dalamnya borat baret, harga gelas gak mahal loh.... dan kebersihan oke banget, kamar mandi juga oke, pinjam setrika dikasih sama mejanya ini nilai plus bangettt! Kasur nyaman, walau ada sedikit noda di sprei but oke lah. Sedikit terganggu sama derap langkah di lantai atas, kok kayak kedengeran kenceng bgt ya (?) TAPI MENU SARAPANNYA ENAK SEMUA, wafflenya enak bgt, menu nasi dan lauknya enak semua, bubur manis nya enak semua. dengan harga segitu dgn experience yg didapat seperti itu, akan menjadi pilihan balik lagi kalo lagi di cirebon😁","July 02, 2025"
12,114,Hans,Indonesia,Family with young children,Deluxe King,Stayed 1 night in June 2025,8.4,Excellent,Favourite Hotel in Cirebon,Room comfort and swimming pool is the big selling point. But for breakfast feels somewhat lacking. Need more protein. And yeah no Smart TV as well. But I do love that there are car washing people that cleans our car every morning. But they do need some training maybe? Just to keep it professional.,"June 20, 2025"
12,115,Nurhayati,New Zealand,Couple,Superior Twin,Stayed 2 nights in June 2025,7.2,Very good,"Disappointing Room, Enjoyable Breakfast and Pool","The room was just average and a bit dusty—I could feel the dust on my bare feet after taking off my shoes. It felt quite old, with a torn bedsheet and a leaking toilet. For a 3-star hotel, the towels were disappointing—worn out and not up to standard, even compared to budget hotels. On the bright side, I really liked the swimming pool, and the breakfast menu changed daily. The staff were also very friendly and helpful.","July 06, 2025"
12,116,Inne,Indonesia,Family with teens,Superior Twin,Stayed 1 night in January 2025,9.6,Exceptional,Nyamannya menginap di Santika Hotel Cirebon,"Lokasi hotel ditengah kota sangat strategis, dekat dengan pusat perbelanjaan, rumah sakit, transportasi umum, perkantoran. Kebersihannya terjaga dengan baik. Fasilitas kamar cukup lengkap : shower air panas & dingin, toiletries, mini bar, notes & pinsil. Fasilitas hotel cukup lengkap : gym, kolam renang, resto, wifi, tempat parkir luas. Keistimewaan yg berbeda dgn hotel lain, setiap pagi mobil kami sudah kinclong dibersihkan oleh staf hotel 👍🏻👏🏻 Ini kali kedua kami menginap di Santika Hotel Cirebon. Saran : varian menu makanan sarapan pagi tolong ditambah 😊 Terimakasih","January 24, 2025"
12,117,achyar,Indonesia,Family with young children,Superior Twin,Stayed 1 night in September 2025,8.8,Excellent,Excellent,"Lokasi berdekatan lokasi perkantoran kota cirebon, kamar luas dengan cukup bersih. Kolam renang bersih dengan disediakan handuk. Staf sangat ramah dan menunjukkan inisiatif untuk membantu terutama yg bertugas di kolam renang dan kebun/ taman sekitar kolam. Untuk makanan biasa saja.","September 15, 2025"
12,118,Inne,Indonesia,Business traveler,Superior Twin,Stayed 1 night in January 2025,8.8,Excellent,"Hotel dgn lokasi, fasilitas dan pelayanan memuaskan","Hotel dengan lokasi ditengah kota Cirebon dengan fasilitas lengkap dan pelayanan yg baik, staff yg ramah dan helpfull, membuat perjalanan bisnis menjadi menyenangkan. Kamarnya nyaman, toiletries cukup lengkap, menu breakfast beragam dan rasanya lezat. Terimakasih Hotel Santika Cirebon 🙏🏻","January 14, 2025"
12,119,Sahid,Indonesia,Group,Superior Twin,Stayed 1 night in October 2025,10.0,Exceptional,Exceptional,Tempat yg nyaman buat istirahat saya dn keluarga ketika ke kota Cirebon apalagi kolam renangnya luas dn bersih,"October 14, 2025"
12,120,Maemunah,Indonesia,Family with young children,Superior Twin,Stayed 2 nights in June 2025,9.6,Exceptional,Liburan Mengesankan,"Disambut dengan staf yg ramah dan pelayanan yg baik, kamarnya bersih, fasilitas lainnya lengkap (resto, kolam renang anak dan dewasa, tempat fitness)… next time bisa nginep lagi…","June 15, 2025"
13,121,Francisco,Indonesia,Solo traveler,Superior Twin,Stayed 2 nights in May 2025,6.8,Good,Mixed Experience,"The property's location, staff, and facilities were highlights of my stay. The garden and pool were very well maintained. I also appreciated the newly upgraded Wi-Fi. However, the value for money was lacking as the room was not in a very good condition, very bad in fact! Unfortunately, I did not take photos to show the cracking walls caused by water damaged and the black stained in the bathroom and also the AC ducts. Good thing the hotel and room were kept clean and the staff were attentive with their service. Overall, a decent stay with some room for improvement. I will come back only if the rooms are renovated.","May 06, 2025"
13,122,Sol,Indonesia,Family with young children,Superior Twin,Stayed 2 nights in March 2026,9.2,Exceptional,Fasilitas room,"Over all sudah sangat baik, apalagi restonya semua menu makanan enak. Namun untuk type kamar superior tdk ada hairdryer ini sangat disayangkan.","March 25, 2026"
13,123,Nugroho,Indonesia,Group,Superior Twin,Stayed 1 night in January 2026,8.4,Excellent,Nice,Located in the heart of the city. They have a nice swimming pool to take a dip.,"February 25, 2026"
13,124,Ridwan,Indonesia,Family with young children,Superior Twin,Stayed 1 night in February 2026,8.0,Excellent,Good location,Good....!,"February 12, 2026"
13,125,Dhani,Indonesia,Family with young children,Superior Twin,Stayed 1 night in January 2026,9.6,Exceptional,Need Renovation,Need refreshment on the facilities,"January 09, 2026"
13,126,Inne,Indonesia,Family with teens,Superior Twin,Stayed 1 night in January 2025,9.6,Exceptional,Nyamannya menginap di Santika Hotel Cirebon,"Lokasi hotel ditengah kota sangat strategis, dekat dengan pusat perbelanjaan, rumah sakit, transportasi umum, perkantoran. Kebersihannya terjaga dengan baik. Fasilitas kamar cukup lengkap : shower air panas & dingin, toiletries, mini bar, notes & pinsil. Fasilitas hotel cukup lengkap : gym, kolam renang, resto, wifi, tempat parkir luas. Keistimewaan yg berbeda dgn hotel lain, setiap pagi mobil kami sudah kinclong dibersihkan oleh staf hotel 👍🏻👏🏻 Ini kali kedua kami menginap di Santika Hotel Cirebon. Saran : varian menu makanan sarapan pagi tolong ditambah 😊 Terimakasih","January 24, 2025"
13,127,achyar,Indonesia,Family with young children,Superior Twin,Stayed 1 night in September 2025,8.8,Excellent,Excellent,"Lokasi berdekatan lokasi perkantoran kota cirebon, kamar luas dengan cukup bersih. Kolam renang bersih dengan disediakan handuk. Staf sangat ramah dan menunjukkan inisiatif untuk membantu terutama yg bertugas di kolam renang dan kebun/ taman sekitar kolam. Untuk makanan biasa saja.","September 15, 2025"
13,128,Inne,Indonesia,Business traveler,Superior Twin,Stayed 1 night in January 2025,8.8,Excellent,"Hotel dgn lokasi, fasilitas dan pelayanan memuaskan","Hotel dengan lokasi ditengah kota Cirebon dengan fasilitas lengkap dan pelayanan yg baik, staff yg ramah dan helpfull, membuat perjalanan bisnis menjadi menyenangkan. Kamarnya nyaman, toiletries cukup lengkap, menu breakfast beragam dan rasanya lezat. Terimakasih Hotel Santika Cirebon 🙏🏻","January 14, 2025"
13,129,Sahid,Indonesia,Group,Superior Twin,Stayed 1 night in October 2025,10.0,Exceptional,Exceptional,Tempat yg nyaman buat istirahat saya dn keluarga ketika ke kota Cirebon apalagi kolam renangnya luas dn bersih,"October 14, 2025"
13,130,Maemunah,Indonesia,Family with young children,Superior Twin,Stayed 2 nights in June 2025,9.6,Exceptional,Liburan Mengesankan,"Disambut dengan staf yg ramah dan pelayanan yg baik, kamarnya bersih, fasilitas lainnya lengkap (resto, kolam renang anak dan dewasa, tempat fitness)… next time bisa nginep lagi…","June 15, 2025"
14,131,Sylvanto,Indonesia,Family with teens,Deluxe King,Stayed 1 night in January 2026,9.6,Exceptional,Exceptional,Good service quality from check in until check out,"January 04, 2026"
14,132,Kirby,Malaysia,Solo traveler,Superior Twin,Stayed 1 night in November 2025,8.8,Excellent,Quiet comfy,"Oldish but quiet , nice breakfast with poolview","December 07, 2025"
14,133,Willy,Indonesia,Couple,Deluxe King,Stayed 1 night in November 2025,7.6,Very good,Ok,"Its ok, old style hotel. Breakfast could be improved.","December 05, 2025"
14,134,shodri,Indonesia,Family with young children,Superior Twin,Stayed 1 night in November 2025,10.0,Exceptional,Good,Near with importants places,"November 30, 2025"
14,135,Satiarsiatun,Indonesia,Family with teens,Superior Twin,Stayed 1 night in October 2025,10.0,Exceptional,Exceptional,comfortable and easy to reach,"November 10, 2025"
14,136,Inne,Indonesia,Family with teens,Superior Twin,Stayed 1 night in January 2025,9.6,Exceptional,Nyamannya menginap di Santika Hotel Cirebon,"Lokasi hotel ditengah kota sangat strategis, dekat dengan pusat perbelanjaan, rumah sakit, transportasi umum, perkantoran. Kebersihannya terjaga dengan baik. Fasilitas kamar cukup lengkap : shower air panas & dingin, toiletries, mini bar, notes & pinsil. Fasilitas hotel cukup lengkap : gym, kolam renang, resto, wifi, tempat parkir luas. Keistimewaan yg berbeda dgn hotel lain, setiap pagi mobil kami sudah kinclong dibersihkan oleh staf hotel 👍🏻👏🏻 Ini kali kedua kami menginap di Santika Hotel Cirebon. Saran : varian menu makanan sarapan pagi tolong ditambah 😊 Terimakasih","January 24, 2025"
14,137,achyar,Indonesia,Family with young children,Superior Twin,Stayed 1 night in September 2025,8.8,Excellent,Excellent,"Lokasi berdekatan lokasi perkantoran kota cirebon, kamar luas dengan cukup bersih. Kolam renang bersih dengan disediakan handuk. Staf sangat ramah dan menunjukkan inisiatif untuk membantu terutama yg bertugas di kolam renang dan kebun/ taman sekitar kolam. Untuk makanan biasa saja.","September 15, 2025"
14,138,Inne,Indonesia,Business traveler,Superior Twin,Stayed 1 night in January 2025,8.8,Excellent,"Hotel dgn lokasi, fasilitas dan pelayanan memuaskan","Hotel dengan lokasi ditengah kota Cirebon dengan fasilitas lengkap dan pelayanan yg baik, staff yg ramah dan helpfull, membuat perjalanan bisnis menjadi menyenangkan. Kamarnya nyaman, toiletries cukup lengkap, menu breakfast beragam dan rasanya lezat. Terimakasih Hotel Santika Cirebon 🙏🏻","January 14, 2025"
14,139,Sahid,Indonesia,Group,Superior Twin,Stayed 1 night in October 2025,10.0,Exceptional,Exceptional,Tempat yg nyaman buat istirahat saya dn keluarga ketika ke kota Cirebon apalagi kolam renangnya luas dn bersih,"October 14, 2025"
14,140,Maemunah,Indonesia,Family with young children,Superior Twin,Stayed 2 nights in June 2025,9.6,Exceptional,Liburan Mengesankan,"Disambut dengan staf yg ramah dan pelayanan yg baik, kamarnya bersih, fasilitas lainnya lengkap (resto, kolam renang anak dan dewasa, tempat fitness)… next time bisa nginep lagi…","June 15, 2025"
15,141,Irman,Indonesia,Family with young children,Superior Twin,Stayed 1 night in October 2025,9.6,Exceptional,Exceptional,Fasilitas lengkap dan sarapannya memuaskan,"October 16, 2025"
15,142,lolly,Indonesia,Group,Deluxe King,Stayed 1 night in June 2025,8.4,Excellent,Nice hotel,Cukup baik,"October 10, 2025"
15,143,Fenny,Indonesia,Family with teens,Superior Twin,Stayed 1 night in September 2025,10.0,Exceptional,Excellent,Selalu puas menginap di Hotel Santika Cirebon. Thank you so much 🙏,"September 28, 2025"
15,144,Teddy,Indonesia,Couple,Deluxe King,Stayed 2 nights in September 2025,5.6,,Hotel Tua lapuk,"Menginap di kamar 502 hotel santika cirebon. Kamar tua, panas karena ac central tidak berfungsi sebagaimana mustinya. Kondisi tersebut telah disampaikan kpd staf front office, hingga 2 malam menginap usai : tak ada perbaikan yg dilakukan. Tampaknya hotel ini harus mendapat refurbish total utk kembali layak huni","September 25, 2025"
15,145,Green,Indonesia,Couple,Superior Twin,Stayed 4 nights in December 2024,10.0,Exceptional,Exceptional,Great stay like resort,"September 24, 2025"
15,146,Inne,Indonesia,Family with teens,Superior Twin,Stayed 1 night in January 2025,9.6,Exceptional,Nyamannya menginap di Santika Hotel Cirebon,"Lokasi hotel ditengah kota sangat strategis, dekat dengan pusat perbelanjaan, rumah sakit, transportasi umum, perkantoran. Kebersihannya terjaga dengan baik. Fasilitas kamar cukup lengkap : shower air panas & dingin, toiletries, mini bar, notes & pinsil. Fasilitas hotel cukup lengkap : gym, kolam renang, resto, wifi, tempat parkir luas. Keistimewaan yg berbeda dgn hotel lain, setiap pagi mobil kami sudah kinclong dibersihkan oleh staf hotel 👍🏻👏🏻 Ini kali kedua kami menginap di Santika Hotel Cirebon. Saran : varian menu makanan sarapan pagi tolong ditambah 😊 Terimakasih","January 24, 2025"
15,147,achyar,Indonesia,Family with young children,Superior Twin,Stayed 1 night in September 2025,8.8,Excellent,Excellent,"Lokasi berdekatan lokasi perkantoran kota cirebon, kamar luas dengan cukup bersih. Kolam renang bersih dengan disediakan handuk. Staf sangat ramah dan menunjukkan inisiatif untuk membantu terutama yg bertugas di kolam renang dan kebun/ taman sekitar kolam. Untuk makanan biasa saja.","September 15, 2025"
15,148,Inne,Indonesia,Business traveler,Superior Twin,Stayed 1 night in January 2025,8.8,Excellent,"Hotel dgn lokasi, fasilitas dan pelayanan memuaskan","Hotel dengan lokasi ditengah kota Cirebon dengan fasilitas lengkap dan pelayanan yg baik, staff yg ramah dan helpfull, membuat perjalanan bisnis menjadi menyenangkan. Kamarnya nyaman, toiletries cukup lengkap, menu breakfast beragam dan rasanya lezat. Terimakasih Hotel Santika Cirebon 🙏🏻","January 14, 2025"
15,149,Sahid,Indonesia,Group,Superior Twin,Stayed 1 night in October 2025,10.0,Exceptional,Exceptional,Tempat yg nyaman buat istirahat saya dn keluarga ketika ke kota Cirebon apalagi kolam renangnya luas dn bersih,"October 14, 2025"
15,150,Maemunah,Indonesia,Family with young children,Superior Twin,Stayed 2 nights in June 2025,9.6,Exceptional,Liburan Mengesankan,"Disambut dengan staf yg ramah dan pelayanan yg baik, kamarnya bersih, fasilitas lainnya lengkap (resto, kolam renang anak dan dewasa, tempat fitness)… next time bisa nginep lagi…","June 15, 2025"
16,151,Budi,Indonesia,Couple,Superior Twin,Stayed 1 night in September 2025,10.0,Exceptional,"Bersih, fasilitas terawat",Mobil di cuci kan gratis,"September 05, 2025"
16,152,MASUD,Indonesia,Couple,Superior Twin,Stayed 1 night in July 2025,8.0,Excellent,Very good,"Aku kasih bintang 5 utk semua kategori penilaian, hanya 1 yg aku kasih bintang 4 yaitu kebersihan. Kebetulan aku dapet kamar yg kebersihannya 4/5 tapi maklum karena mgkin perlu maintenance rutin saja. Over all bagus","July 17, 2025"
16,153,Hendrie,Indonesia,Couple,Superior Twin,Stayed 1 night in July 2025,9.6,Exceptional,Santika cirebon,Good ambiance and clean,"July 11, 2025"
16,154,Tubagus,Indonesia,Family with young children,Superior Twin,Stayed 1 night in June 2025,8.8,Excellent,Menyenangkan,"Lokasinya yang terletak di area startegis memudahkan untuk mencari makan dan mencapai area di tengah kota. Fasilitas hiburan hanya kolam renang saja, namun bersih dan karena tidak banyak tamu jadi nyaman untuk berenang. Mobil juga dicucikan, mantap. 😁","July 07, 2025"
16,155,Sarah,Indonesia,Couple,Superior Twin,Stayed 1 night in April 2025,8.4,Excellent,Santika Cirebon,"The quality of the breakfast is lower than usual, the room quite spacious.","July 01, 2025"
16,156,Inne,Indonesia,Family with teens,Superior Twin,Stayed 1 night in January 2025,9.6,Exceptional,Nyamannya menginap di Santika Hotel Cirebon,"Lokasi hotel ditengah kota sangat strategis, dekat dengan pusat perbelanjaan, rumah sakit, transportasi umum, perkantoran. Kebersihannya terjaga dengan baik. Fasilitas kamar cukup lengkap : shower air panas & dingin, toiletries, mini bar, notes & pinsil. Fasilitas hotel cukup lengkap : gym, kolam renang, resto, wifi, tempat parkir luas. Keistimewaan yg berbeda dgn hotel lain, setiap pagi mobil kami sudah kinclong dibersihkan oleh staf hotel 👍🏻👏🏻 Ini kali kedua kami menginap di Santika Hotel Cirebon. Saran : varian menu makanan sarapan pagi tolong ditambah 😊 Terimakasih","January 24, 2025"
16,157,achyar,Indonesia,Family with young children,Superior Twin,Stayed 1 night in September 2025,8.8,Excellent,Excellent,"Lokasi berdekatan lokasi perkantoran kota cirebon, kamar luas dengan cukup bersih. Kolam renang bersih dengan disediakan handuk. Staf sangat ramah dan menunjukkan inisiatif untuk membantu terutama yg bertugas di kolam renang dan kebun/ taman sekitar kolam. Untuk makanan biasa saja.","September 15, 2025"
16,158,Inne,Indonesia,Business traveler,Superior Twin,Stayed 1 night in January 2025,8.8,Excellent,"Hotel dgn lokasi, fasilitas dan pelayanan memuaskan","Hotel dengan lokasi ditengah kota Cirebon dengan fasilitas lengkap dan pelayanan yg baik, staff yg ramah dan helpfull, membuat perjalanan bisnis menjadi menyenangkan. Kamarnya nyaman, toiletries cukup lengkap, menu breakfast beragam dan rasanya lezat. Terimakasih Hotel Santika Cirebon 🙏🏻","January 14, 2025"
16,159,Sahid,Indonesia,Group,Superior Twin,Stayed 1 night in October 2025,10.0,Exceptional,Exceptional,Tempat yg nyaman buat istirahat saya dn keluarga ketika ke kota Cirebon apalagi kolam renangnya luas dn bersih,"October 14, 2025"
16,160,Maemunah,Indonesia,Family with young children,Superior Twin,Stayed 2 nights in June 2025,9.6,Exceptional,Liburan Mengesankan,"Disambut dengan staf yg ramah dan pelayanan yg baik, kamarnya bersih, fasilitas lainnya lengkap (resto, kolam renang anak dan dewasa, tempat fitness)… next time bisa nginep lagi…","June 15, 2025"
17,161,Hikmat,Indonesia,Couple,Superior Twin,Stayed 2 nights in June 2025,10.0,Exceptional,Exceptional,Good,"June 30, 2025"
17,162,Hikmat,Indonesia,Couple,Superior Twin,Stayed 2 nights in June 2025,10.0,Exceptional,Exceptional,Good,"June 30, 2025"
17,163,Nurhayati,New Zealand,Couple,Superior Twin,Stayed 2 nights in June 2025,7.2,Very good,Room Disappointment but enjoyable amenities,"I stayed in Room 212 and encountered several issues. The floor was dusty upon arrival, and the room felt outdated. There was a leak in the bathroom, poor water pressure in the shower, and the hand shower didn’t work at all. Maintaining a steady warm water temperature was also challenging. Additionally, the bedsheet had a small tear, the towel appeared old and faded, and there was only one bedside table, which was slightly inconvenient. On a positive note, I appreciated the spacious and enjoyable swimming pool. The daily variety in the breakfast menu was a nice touch, and the Wi-Fi remained stable throughout my stay.","June 29, 2025"
17,164,Budi,Indonesia,Couple,Superior Twin,Stayed 1 night in May 2025,5.6,,Hotel Tua,Tidak ada pemeriharaan ....sudah sangat tuaaa,"June 29, 2025"
17,165,Ferr,Indonesia,Couple,Superior Twin,Stayed 1 night in June 2025,9.6,Exceptional,Exceptional,Excellent,"June 27, 2025"
17,166,Inne,Indonesia,Family with teens,Superior Twin,Stayed 1 night in January 2025,9.6,Exceptional,Nyamannya menginap di Santika Hotel Cirebon,"Lokasi hotel ditengah kota sangat strategis, dekat dengan pusat perbelanjaan, rumah sakit, transportasi umum, perkantoran. Kebersihannya terjaga dengan baik. Fasilitas kamar cukup lengkap : shower air panas & dingin, toiletries, mini bar, notes & pinsil. Fasilitas hotel cukup lengkap : gym, kolam renang, resto, wifi, tempat parkir luas. Keistimewaan yg berbeda dgn hotel lain, setiap pagi mobil kami sudah kinclong dibersihkan oleh staf hotel 👍🏻👏🏻 Ini kali kedua kami menginap di Santika Hotel Cirebon. Saran : varian menu makanan sarapan pagi tolong ditambah 😊 Terimakasih","January 24, 2025"
17,167,achyar,Indonesia,Family with young children,Superior Twin,Stayed 1 night in September 2025,8.8,Excellent,Excellent,"Lokasi berdekatan lokasi perkantoran kota cirebon, kamar luas dengan cukup bersih. Kolam renang bersih dengan disediakan handuk. Staf sangat ramah dan menunjukkan inisiatif untuk membantu terutama yg bertugas di kolam renang dan kebun/ taman sekitar kolam. Untuk makanan biasa saja.","September 15, 2025"
17,168,Inne,Indonesia,Business traveler,Superior Twin,Stayed 1 night in January 2025,8.8,Excellent,"Hotel dgn lokasi, fasilitas dan pelayanan memuaskan","Hotel dengan lokasi ditengah kota Cirebon dengan fasilitas lengkap dan pelayanan yg baik, staff yg ramah dan helpfull, membuat perjalanan bisnis menjadi menyenangkan. Kamarnya nyaman, toiletries cukup lengkap, menu breakfast beragam dan rasanya lezat. Terimakasih Hotel Santika Cirebon 🙏🏻","January 14, 2025"
17,169,Sahid,Indonesia,Group,Superior Twin,Stayed 1 night in October 2025,10.0,Exceptional,Exceptional,Tempat yg nyaman buat istirahat saya dn keluarga ketika ke kota Cirebon apalagi kolam renangnya luas dn bersih,"October 14, 2025"
17,170,Maemunah,Indonesia,Family with young children,Superior Twin,Stayed 2 nights in June 2025,9.6,Exceptional,Liburan Mengesankan,"Disambut dengan staf yg ramah dan pelayanan yg baik, kamarnya bersih, fasilitas lainnya lengkap (resto, kolam renang anak dan dewasa, tempat fitness)… next time bisa nginep lagi…","June 15, 2025"
18,171,Ferr,Indonesia,Couple,Superior Twin,Stayed 2 nights in June 2025,10.0,Exceptional,Exceptional,Excellent,"June 25, 2025"
18,172,Tony,Indonesia,Couple,Superior Twin,Stayed 1 night in June 2025,10.0,Exceptional,Oke,Bagus,"June 07, 2025"
18,173,budi,Indonesia,Family with young children,Deluxe King,Stayed 1 night in May 2025,9.6,Exceptional,hotel yang bagus,over all ok,"May 29, 2025"
18,174,Wilda,Indonesia,Couple,Superior Twin,Stayed 2 nights in April 2025,8.0,Excellent,Recommended,"Pilihan hotel klo ke Cirebon. Walaupun klo malam agak terganggu dengan suara dari lantai 4. Sejak dulu klo booking pasti dapat nya di lantai 3, mungkin itu jatah klo reservasi melalui e-commerce kali ya... Tapi sejauh ini Santika jadi hotel pilihan dengan suasana yang asri & bersih","April 30, 2025"
18,175,Hui,Singapore,Couple,Superior Twin,Stayed 1 night in April 2025,4.0,,Acceptable,一进入大堂香气扑鼻，没想到进入房间却有股臭味。白毛巾是灰色的，床单被罩也不干净，睡到整身痒。餐厅环境不卫生，有苍蝇沾在食物上。前台服务人员（ Melanda)亲切友善，乐于助人。,"April 27, 2025"
18,176,Inne,Indonesia,Family with teens,Superior Twin,Stayed 1 night in January 2025,9.6,Exceptional,Nyamannya menginap di Santika Hotel Cirebon,"Lokasi hotel ditengah kota sangat strategis, dekat dengan pusat perbelanjaan, rumah sakit, transportasi umum, perkantoran. Kebersihannya terjaga dengan baik. Fasilitas kamar cukup lengkap : shower air panas & dingin, toiletries, mini bar, notes & pinsil. Fasilitas hotel cukup lengkap : gym, kolam renang, resto, wifi, tempat parkir luas. Keistimewaan yg berbeda dgn hotel lain, setiap pagi mobil kami sudah kinclong dibersihkan oleh staf hotel 👍🏻👏🏻 Ini kali kedua kami menginap di Santika Hotel Cirebon. Saran : varian menu makanan sarapan pagi tolong ditambah 😊 Terimakasih","January 24, 2025"
18,177,achyar,Indonesia,Family with young children,Superior Twin,Stayed 1 night in September 2025,8.8,Excellent,Excellent,"Lokasi berdekatan lokasi perkantoran kota cirebon, kamar luas dengan cukup bersih. Kolam renang bersih dengan disediakan handuk. Staf sangat ramah dan menunjukkan inisiatif untuk membantu terutama yg bertugas di kolam renang dan kebun/ taman sekitar kolam. Untuk makanan biasa saja.","September 15, 2025"
18,178,Inne,Indonesia,Business traveler,Superior Twin,Stayed 1 night in January 2025,8.8,Excellent,"Hotel dgn lokasi, fasilitas dan pelayanan memuaskan","Hotel dengan lokasi ditengah kota Cirebon dengan fasilitas lengkap dan pelayanan yg baik, staff yg ramah dan helpfull, membuat perjalanan bisnis menjadi menyenangkan. Kamarnya nyaman, toiletries cukup lengkap, menu breakfast beragam dan rasanya lezat. Terimakasih Hotel Santika Cirebon 🙏🏻","January 14, 2025"
18,179,Sahid,Indonesia,Group,Superior Twin,Stayed 1 night in October 2025,10.0,Exceptional,Exceptional,Tempat yg nyaman buat istirahat saya dn keluarga ketika ke kota Cirebon apalagi kolam renangnya luas dn bersih,"October 14, 2025"
18,180,Maemunah,Indonesia,Family with young children,Superior Twin,Stayed 2 nights in June 2025,9.6,Exceptional,Liburan Mengesankan,"Disambut dengan staf yg ramah dan pelayanan yg baik, kamarnya bersih, fasilitas lainnya lengkap (resto, kolam renang anak dan dewasa, tempat fitness)… next time bisa nginep lagi…","June 15, 2025"
19,181,Chipta,Indonesia,Family with young children,Superior Twin,Stayed 2 nights in April 2025,10.0,Exceptional,Hotel Santika,Never go wrong; everything is just going as we expected.,"April 24, 2025"
19,182,Lely,Indonesia,Couple,Superior Twin,Stayed 1 night in April 2025,10.0,Exceptional,very recommended,excellent place to staycation,"April 16, 2025"
19,183,Wahyuni,Australia,Family with young children,Superior Twin,Stayed 14 nights in April 2025,8.8,Excellent,Good Indonesian Style Hotel,Value for Money Good Breakfast Staff Friendly,"April 16, 2025"
19,184,henry,Indonesia,Couple,Superior Twin,Stayed 1 night in April 2025,6.8,Good,Poor service - no bar,"Poor service - no welcome drink - no help with luggage - in room safe did not work- no bar or drink service in lobby - no beer at all in hotel,","April 13, 2025"
19,185,eva,Indonesia,Couple,Superior Twin,Stayed 1 night in April 2025,8.0,Excellent,Excellent,Excellent,"April 08, 2025"
19,186,Inne,Indonesia,Family with teens,Superior Twin,Stayed 1 night in January 2025,9.6,Exceptional,Nyamannya menginap di Santika Hotel Cirebon,"Lokasi hotel ditengah kota sangat strategis, dekat dengan pusat perbelanjaan, rumah sakit, transportasi umum, perkantoran. Kebersihannya terjaga dengan baik. Fasilitas kamar cukup lengkap : shower air panas & dingin, toiletries, mini bar, notes & pinsil. Fasilitas hotel cukup lengkap : gym, kolam renang, resto, wifi, tempat parkir luas. Keistimewaan yg berbeda dgn hotel lain, setiap pagi mobil kami sudah kinclong dibersihkan oleh staf hotel 👍🏻👏🏻 Ini kali kedua kami menginap di Santika Hotel Cirebon. Saran : varian menu makanan sarapan pagi tolong ditambah 😊 Terimakasih","January 24, 2025"
19,187,achyar,Indonesia,Family with young children,Superior Twin,Stayed 1 night in September 2025,8.8,Excellent,Excellent,"Lokasi berdekatan lokasi perkantoran kota cirebon, kamar luas dengan cukup bersih. Kolam renang bersih dengan disediakan handuk. Staf sangat ramah dan menunjukkan inisiatif untuk membantu terutama yg bertugas di kolam renang dan kebun/ taman sekitar kolam. Untuk makanan biasa saja.","September 15, 2025"
19,188,Inne,Indonesia,Business traveler,Superior Twin,Stayed 1 night in January 2025,8.8,Excellent,"Hotel dgn lokasi, fasilitas dan pelayanan memuaskan","Hotel dengan lokasi ditengah kota Cirebon dengan fasilitas lengkap dan pelayanan yg baik, staff yg ramah dan helpfull, membuat perjalanan bisnis menjadi menyenangkan. Kamarnya nyaman, toiletries cukup lengkap, menu breakfast beragam dan rasanya lezat. Terimakasih Hotel Santika Cirebon 🙏🏻","January 14, 2025"
19,189,Sahid,Indonesia,Group,Superior Twin,Stayed 1 night in October 2025,10.0,Exceptional,Exceptional,Tempat yg nyaman buat istirahat saya dn keluarga ketika ke kota Cirebon apalagi kolam renangnya luas dn bersih,"October 14, 2025"
19,190,Maemunah,Indonesia,Family with young children,Superior Twin,Stayed 2 nights in June 2025,9.6,Exceptional,Liburan Mengesankan,"Disambut dengan staf yg ramah dan pelayanan yg baik, kamarnya bersih, fasilitas lainnya lengkap (resto, kolam renang anak dan dewasa, tempat fitness)… next time bisa nginep lagi…","June 15, 2025"
20,191,eva,Indonesia,Family with young children,Superior Twin,Stayed 1 night in April 2025,8.0,Excellent,Excellent,Excellent,"April 08, 2025"
20,192,Sanny,Indonesia,Family with teens,Superior Twin,Stayed 2 nights in March 2025,6.4,Good,Need a lot of improvement,"This hotel was old, needs a lot of improvements. The room smelled damp, a lot of cracks on the walls, marks of leaks on the ceiling. The breakfast was acceptable. The staffs were friendly.","April 02, 2025"
20,193,Astya,Indonesia,Family with young children,Deluxe King,Stayed 1 night in March 2025,8.4,Excellent,Excellent,Service bagus bgt tp fasilitas perlu peremajaan,"March 31, 2025"
20,194,IWAN,Indonesia,Couple,Superior Twin,Stayed 1 night in February 2025,7.6,Very good,Old building in the city,"Its an old hotel and need alot of improvement. Room, bed, furniture and bathroom need to replace and renovate. Breakfast Ok for us, one highlight was that they provide someone to wash guest car in the early morning. Thanks","February 25, 2025"
20,195,Lia,Indonesia,Couple,Deluxe King,Stayed 1 night in February 2025,10.0,Exceptional,Exceptional,Good,"February 24, 2025"
20,196,Inne,Indonesia,Family with teens,Superior Twin,Stayed 1 night in January 2025,9.6,Exceptional,Nyamannya menginap di Santika Hotel Cirebon,"Lokasi hotel ditengah kota sangat strategis, dekat dengan pusat perbelanjaan, rumah sakit, transportasi umum, perkantoran. Kebersihannya terjaga dengan baik. Fasilitas kamar cukup lengkap : shower air panas & dingin, toiletries, mini bar, notes & pinsil. Fasilitas hotel cukup lengkap : gym, kolam renang, resto, wifi, tempat parkir luas. Keistimewaan yg berbeda dgn hotel lain, setiap pagi mobil kami sudah kinclong dibersihkan oleh staf hotel 👍🏻👏🏻 Ini kali kedua kami menginap di Santika Hotel Cirebon. Saran : varian menu makanan sarapan pagi tolong ditambah 😊 Terimakasih","January 24, 2025"
20,197,achyar,Indonesia,Family with young children,Superior Twin,Stayed 1 night in September 2025,8.8,Excellent,Excellent,"Lokasi berdekatan lokasi perkantoran kota cirebon, kamar luas dengan cukup bersih. Kolam renang bersih dengan disediakan handuk. Staf sangat ramah dan menunjukkan inisiatif untuk membantu terutama yg bertugas di kolam renang dan kebun/ taman sekitar kolam. Untuk makanan biasa saja.","September 15, 2025"
20,198,Inne,Indonesia,Business traveler,Superior Twin,Stayed 1 night in January 2025,8.8,Excellent,"Hotel dgn lokasi, fasilitas dan pelayanan memuaskan","Hotel dengan lokasi ditengah kota Cirebon dengan fasilitas lengkap dan pelayanan yg baik, staff yg ramah dan helpfull, membuat perjalanan bisnis menjadi menyenangkan. Kamarnya nyaman, toiletries cukup lengkap, menu breakfast beragam dan rasanya lezat. Terimakasih Hotel Santika Cirebon 🙏🏻","January 14, 2025"
20,199,Sahid,Indonesia,Group,Superior Twin,Stayed 1 night in October 2025,10.0,Exceptional,Exceptional,Tempat yg nyaman buat istirahat saya dn keluarga ketika ke kota Cirebon apalagi kolam renangnya luas dn bersih,"October 14, 2025"
20,200,Maemunah,Indonesia,Family with young children,Superior Twin,Stayed 2 nights in June 2025,9.6,Exceptional,Liburan Mengesankan,"Disambut dengan staf yg ramah dan pelayanan yg baik, kamarnya bersih, fasilitas lainnya lengkap (resto, kolam renang anak dan dewasa, tempat fitness)… next time bisa nginep lagi…","June 15, 2025"
21,201,Martha,Indonesia,Family with young children,Superior Twin,Stayed 2 nights in January 2025,9.6,Exceptional,Exceptional,Kalau ke cirebon akan kembali lg untuk menginap disini. Harga mmg dpt long wiken jd sedikit mahal,"February 15, 2025"
21,202,DIYANTO,Indonesia,Family with young children,Superior Twin,Stayed 1 night in January 2025,9.2,Exceptional,Exceptional,"Hotel nya lumayan lah, dekat dengan pusat kota dan ada EV Charger.","February 03, 2025"
21,203,Rifqi,Indonesia,Family with young children,Superior Twin,Stayed 1 night in May 2024,10.0,Exceptional,Exceptional,Hotel dengan bangunan yg lama tpi sangat terjaga kualitasnya. Semuanya sangat baik. Thank you,"February 01, 2025"
21,204,M,Indonesia,Group,Superior Twin,Stayed 3 nights in January 2025,9.2,Exceptional,"good hotel, 1 small problem","good hotel, friendly staffs and good breakfast. the only problem is the room key, it's really hard to unlock the room","February 01, 2025"
21,205,Nofaria,Indonesia,Couple,Superior Twin,Stayed 1 night in May 2024,9.2,Exceptional,Large area and strategic location.,Hotel has large area but old building. There is staff who will wash your car in the night manually and we thank him sincerely. Hotel need maintenance and change the door lock to be card not key anymore.,"January 15, 2025"
21,206,Inne,Indonesia,Family with teens,Superior Twin,Stayed 1 night in January 2025,9.6,Exceptional,Nyamannya menginap di Santika Hotel Cirebon,"Lokasi hotel ditengah kota sangat strategis, dekat dengan pusat perbelanjaan, rumah sakit, transportasi umum, perkantoran. Kebersihannya terjaga dengan baik. Fasilitas kamar cukup lengkap : shower air panas & dingin, toiletries, mini bar, notes & pinsil. Fasilitas hotel cukup lengkap : gym, kolam renang, resto, wifi, tempat parkir luas. Keistimewaan yg berbeda dgn hotel lain, setiap pagi mobil kami sudah kinclong dibersihkan oleh staf hotel 👍🏻👏🏻 Ini kali kedua kami menginap di Santika Hotel Cirebon. Saran : varian menu makanan sarapan pagi tolong ditambah 😊 Terimakasih","January 24, 2025"
21,207,achyar,Indonesia,Family with young children,Superior Twin,Stayed 1 night in September 2025,8.8,Excellent,Excellent,"Lokasi berdekatan lokasi perkantoran kota cirebon, kamar luas dengan cukup bersih. Kolam renang bersih dengan disediakan handuk. Staf sangat ramah dan menunjukkan inisiatif untuk membantu terutama yg bertugas di kolam renang dan kebun/ taman sekitar kolam. Untuk makanan biasa saja.","September 15, 2025"
21,208,Inne,Indonesia,Business traveler,Superior Twin,Stayed 1 night in January 2025,8.8,Excellent,"Hotel dgn lokasi, fasilitas dan pelayanan memuaskan","Hotel dengan lokasi ditengah kota Cirebon dengan fasilitas lengkap dan pelayanan yg baik, staff yg ramah dan helpfull, membuat perjalanan bisnis menjadi menyenangkan. Kamarnya nyaman, toiletries cukup lengkap, menu breakfast beragam dan rasanya lezat. Terimakasih Hotel Santika Cirebon 🙏🏻","January 14, 2025"
21,209,Sahid,Indonesia,Group,Superior Twin,Stayed 1 night in October 2025,10.0,Exceptional,Exceptional,Tempat yg nyaman buat istirahat saya dn keluarga ketika ke kota Cirebon apalagi kolam renangnya luas dn bersih,"October 14, 2025"
21,210,Maemunah,Indonesia,Family with young children,Superior Twin,Stayed 2 nights in June 2025,9.6,Exceptional,Liburan Mengesankan,"Disambut dengan staf yg ramah dan pelayanan yg baik, kamarnya bersih, fasilitas lainnya lengkap (resto, kolam renang anak dan dewasa, tempat fitness)… next time bisa nginep lagi…","June 15, 2025"
22,211,Lidia,Indonesia,Family with young children,Superior Twin,Stayed 1 night in December 2024,10.0,Exceptional,Exceptional,"Good hotel, good service & good location","January 09, 2025"
22,212,Dhani,Indonesia,Family with young children,Superior Twin,Stayed 2 nights in December 2024,7.6,Very good,Enjoy Staying,Cuma 1.. Pintu+ furniture harus diremajakan kembali,"January 03, 2025"
22,213,husein,Indonesia,Family with young children,Superior Twin,Stayed 2 nights in December 2024,10.0,Exceptional,nyaman,dapat kamar disamping genset sepertinya jadi agak sedikit bising tp overall ok,"January 03, 2025"
22,214,Pribadi,Indonesia,Family with young children,Deluxe King,Stayed 2 nights in December 2024,9.6,Exceptional,Hotel Keren di Cirebon dg harga affordable,"Harganya wajar dengan fasilitas yang bagus, bersih. Kolam renangnya bersih. Sarapan paginya banyak pilihan. Cocok untuk keluarga dengan anak dibawah 7 thn.","January 02, 2025"
22,215,ASHABUL,Indonesia,Family with young children,Superior Twin,Stayed 2 nights in December 2024,10.0,Exceptional,Good Deh Pokoknya,Biarkan Bintang yang berbicara,"January 01, 2025"
22,216,Inne,Indonesia,Family with teens,Superior Twin,Stayed 1 night in January 2025,9.6,Exceptional,Nyamannya menginap di Santika Hotel Cirebon,"Lokasi hotel ditengah kota sangat strategis, dekat dengan pusat perbelanjaan, rumah sakit, transportasi umum, perkantoran. Kebersihannya terjaga dengan baik. Fasilitas kamar cukup lengkap : shower air panas & dingin, toiletries, mini bar, notes & pinsil. Fasilitas hotel cukup lengkap : gym, kolam renang, resto, wifi, tempat parkir luas. Keistimewaan yg berbeda dgn hotel lain, setiap pagi mobil kami sudah kinclong dibersihkan oleh staf hotel 👍🏻👏🏻 Ini kali kedua kami menginap di Santika Hotel Cirebon. Saran : varian menu makanan sarapan pagi tolong ditambah 😊 Terimakasih","January 24, 2025"
22,217,achyar,Indonesia,Family with young children,Superior Twin,Stayed 1 night in September 2025,8.8,Excellent,Excellent,"Lokasi berdekatan lokasi perkantoran kota cirebon, kamar luas dengan cukup bersih. Kolam renang bersih dengan disediakan handuk. Staf sangat ramah dan menunjukkan inisiatif untuk membantu terutama yg bertugas di kolam renang dan kebun/ taman sekitar kolam. Untuk makanan biasa saja.","September 15, 2025"
22,218,Inne,Indonesia,Business traveler,Superior Twin,Stayed 1 night in January 2025,8.8,Excellent,"Hotel dgn lokasi, fasilitas dan pelayanan memuaskan","Hotel dengan lokasi ditengah kota Cirebon dengan fasilitas lengkap dan pelayanan yg baik, staff yg ramah dan helpfull, membuat perjalanan bisnis menjadi menyenangkan. Kamarnya nyaman, toiletries cukup lengkap, menu breakfast beragam dan rasanya lezat. Terimakasih Hotel Santika Cirebon 🙏🏻","January 14, 2025"
22,219,Sahid,Indonesia,Group,Superior Twin,Stayed 1 night in October 2025,10.0,Exceptional,Exceptional,Tempat yg nyaman buat istirahat saya dn keluarga ketika ke kota Cirebon apalagi kolam renangnya luas dn bersih,"October 14, 2025"
22,220,Maemunah,Indonesia,Family with young children,Superior Twin,Stayed 2 nights in June 2025,9.6,Exceptional,Liburan Mengesankan,"Disambut dengan staf yg ramah dan pelayanan yg baik, kamarnya bersih, fasilitas lainnya lengkap (resto, kolam renang anak dan dewasa, tempat fitness)… next time bisa nginep lagi…","June 15, 2025"
23,221,Pratiwi,Indonesia,Solo traveler,Deluxe King,Stayed 1 night in February 2024,8.0,Excellent,Good,"It looks like this is an old hotel. Other than that, everything is good","December 29, 2024"
23,222,Fretce,Indonesia,Family with young children,Superior Twin,Stayed 1 night in December 2024,9.6,Exceptional,Cirebon,Very nice hotel,"December 29, 2024"
23,223,Yusuf,United States,Group,Superior Twin,Stayed 1 night in July 2024,10.0,Exceptional,Best and affordable.,This hotel offer affordable accomodation for family.,"December 28, 2024"
23,224,Ludovicus,Indonesia,Couple,Superior Twin,Stayed 1 night in March 2024,10.0,Exceptional,Good,"Good atmosfer, good location..","December 26, 2024"
23,225,hendi,Indonesia,Family with teens,Superior Twin,Stayed 1 night in November 2024,8.0,Excellent,ok,ok,"December 05, 2024"
23,226,Inne,Indonesia,Family with teens,Superior Twin,Stayed 1 night in January 2025,9.6,Exceptional,Nyamannya menginap di Santika Hotel Cirebon,"Lokasi hotel ditengah kota sangat strategis, dekat dengan pusat perbelanjaan, rumah sakit, transportasi umum, perkantoran. Kebersihannya terjaga dengan baik. Fasilitas kamar cukup lengkap : shower air panas & dingin, toiletries, mini bar, notes & pinsil. Fasilitas hotel cukup lengkap : gym, kolam renang, resto, wifi, tempat parkir luas. Keistimewaan yg berbeda dgn hotel lain, setiap pagi mobil kami sudah kinclong dibersihkan oleh staf hotel 👍🏻👏🏻 Ini kali kedua kami menginap di Santika Hotel Cirebon. Saran : varian menu makanan sarapan pagi tolong ditambah 😊 Terimakasih","January 24, 2025"
23,227,achyar,Indonesia,Family with young children,Superior Twin,Stayed 1 night in September 2025,8.8,Excellent,Excellent,"Lokasi berdekatan lokasi perkantoran kota cirebon, kamar luas dengan cukup bersih. Kolam renang bersih dengan disediakan handuk. Staf sangat ramah dan menunjukkan inisiatif untuk membantu terutama yg bertugas di kolam renang dan kebun/ taman sekitar kolam. Untuk makanan biasa saja.","September 15, 2025"
23,228,Inne,Indonesia,Business traveler,Superior Twin,Stayed 1 night in January 2025,8.8,Excellent,"Hotel dgn lokasi, fasilitas dan pelayanan memuaskan","Hotel dengan lokasi ditengah kota Cirebon dengan fasilitas lengkap dan pelayanan yg baik, staff yg ramah dan helpfull, membuat perjalanan bisnis menjadi menyenangkan. Kamarnya nyaman, toiletries cukup lengkap, menu breakfast beragam dan rasanya lezat. Terimakasih Hotel Santika Cirebon 🙏🏻","January 14, 2025"
23,229,Sahid,Indonesia,Group,Superior Twin,Stayed 1 night in October 2025,10.0,Exceptional,Exceptional,Tempat yg nyaman buat istirahat saya dn keluarga ketika ke kota Cirebon apalagi kolam renangnya luas dn bersih,"October 14, 2025"
23,230,Maemunah,Indonesia,Family with young children,Superior Twin,Stayed 2 nights in June 2025,9.6,Exceptional,Liburan Mengesankan,"Disambut dengan staf yg ramah dan pelayanan yg baik, kamarnya bersih, fasilitas lainnya lengkap (resto, kolam renang anak dan dewasa, tempat fitness)… next time bisa nginep lagi…","June 15, 2025"
24,231,mufti,Indonesia,Couple,Executive King,Stayed 2 nights in October 2024,5.6,,Santika Cirebon,"Hotel lama, lift juga lama, kamar juga tidak begitu yg dibayangkan. dan keluar hotel menuju ke kamar di sambut cuaca luar yg lumayan terik.(siang). menang di lokasi aja","December 05, 2024"
24,232,Wilda,Indonesia,Couple,Superior Twin,Stayed 2 nights in November 2024,8.4,Excellent,Excellent,"Setiap ke cirebon pilihan selalu hotel Santika, karena bersih, suasana nyaman, fasilitas lengkap dan receptionis mba Melanda sangat ramah.","November 21, 2024"
24,233,Daniah,Indonesia,Family with young children,Superior Twin,Stayed 1 night in November 2024,9.6,Exceptional,Exceptional,It’s great hotel Great swimming pool The kids are very happy,"November 17, 2024"
24,234,Sherly,Indonesia,Family with young children,Deluxe King,Stayed 1 night in July 2024,10.0,Exceptional,5 star,Nice hotel with good ambiance,"November 10, 2024"
24,235,BUDIYANTO,Indonesia,Couple,Superior Twin,Stayed 1 night in October 2024,9.6,Exceptional,Kebersihan,Meskipun hotel lama tapi kebersihan dan fungsi masih bagus.tempat tidur dan kamar mandi bersih.,"October 31, 2024"
24,236,Inne,Indonesia,Family with teens,Superior Twin,Stayed 1 night in January 2025,9.6,Exceptional,Nyamannya menginap di Santika Hotel Cirebon,"Lokasi hotel ditengah kota sangat strategis, dekat dengan pusat perbelanjaan, rumah sakit, transportasi umum, perkantoran. Kebersihannya terjaga dengan baik. Fasilitas kamar cukup lengkap : shower air panas & dingin, toiletries, mini bar, notes & pinsil. Fasilitas hotel cukup lengkap : gym, kolam renang, resto, wifi, tempat parkir luas. Keistimewaan yg berbeda dgn hotel lain, setiap pagi mobil kami sudah kinclong dibersihkan oleh staf hotel 👍🏻👏🏻 Ini kali kedua kami menginap di Santika Hotel Cirebon. Saran : varian menu makanan sarapan pagi tolong ditambah 😊 Terimakasih","January 24, 2025"
24,237,achyar,Indonesia,Family with young children,Superior Twin,Stayed 1 night in September 2025,8.8,Excellent,Excellent,"Lokasi berdekatan lokasi perkantoran kota cirebon, kamar luas dengan cukup bersih. Kolam renang bersih dengan disediakan handuk. Staf sangat ramah dan menunjukkan inisiatif untuk membantu terutama yg bertugas di kolam renang dan kebun/ taman sekitar kolam. Untuk makanan biasa saja.","September 15, 2025"
24,238,Inne,Indonesia,Business traveler,Superior Twin,Stayed 1 night in January 2025,8.8,Excellent,"Hotel dgn lokasi, fasilitas dan pelayanan memuaskan","Hotel dengan lokasi ditengah kota Cirebon dengan fasilitas lengkap dan pelayanan yg baik, staff yg ramah dan helpfull, membuat perjalanan bisnis menjadi menyenangkan. Kamarnya nyaman, toiletries cukup lengkap, menu breakfast beragam dan rasanya lezat. Terimakasih Hotel Santika Cirebon 🙏🏻","January 14, 2025"
24,239,Sahid,Indonesia,Group,Superior Twin,Stayed 1 night in October 2025,10.0,Exceptional,Exceptional,Tempat yg nyaman buat istirahat saya dn keluarga ketika ke kota Cirebon apalagi kolam renangnya luas dn bersih,"October 14, 2025"
24,240,Maemunah,Indonesia,Family with young children,Superior Twin,Stayed 2 nights in June 2025,9.6,Exceptional,Liburan Mengesankan,"Disambut dengan staf yg ramah dan pelayanan yg baik, kamarnya bersih, fasilitas lainnya lengkap (resto, kolam renang anak dan dewasa, tempat fitness)… next time bisa nginep lagi…","June 15, 2025"
25,241,Ade,Indonesia,Couple,Superior Twin,Stayed 1 night in September 2024,10.0,Exceptional,Hotel besar di area Cirebon,"Banyak pilihan hotel kecil yang lebih murah di Cirebon, tapi kami cukup sering stay disini.. untuk: sarapan enak, kamar luas dan staff yang helpful..","October 26, 2024"
25,242,billi,Indonesia,Family with young children,Superior Twin,Stayed 2 nights in July 2024,10.0,Exceptional,Good choice for family,"Good hotel, good breakfast, good facilities, good location","October 14, 2024"
25,243,Evelin,Indonesia,Family with teens,Superior Twin,Stayed 1 night in September 2024,10.0,Exceptional,Santika's standard,"Staying at this hotel should be no worry..the reception for check in is open air area...with no Aircon and the fresh wind flow were so refreshing...the staff also well trained and friendly...the only disadvantage was..during the breakfast time...the food provided are not quickly added and topping up the food are just taking forever and the time was just around 8.30am and well, in peak season of long weekend","September 18, 2024"
25,244,Wilda,Indonesia,Couple,Superior Twin,Stayed 1 night in September 2024,9.2,Exceptional,Recommended Hotel,"Comfortable to stay , good vibes","September 13, 2024"
25,245,Josephine,Indonesia,Family with teens,Superior Twin,Stayed 1 night in May 2024,6.4,Good,Good,"Easy to get food, swimming pool must be clean up more , the garden must be to clean up more.","September 11, 2024"
25,246,Inne,Indonesia,Family with teens,Superior Twin,Stayed 1 night in January 2025,9.6,Exceptional,Nyamannya menginap di Santika Hotel Cirebon,"Lokasi hotel ditengah kota sangat strategis, dekat dengan pusat perbelanjaan, rumah sakit, transportasi umum, perkantoran. Kebersihannya terjaga dengan baik. Fasilitas kamar cukup lengkap : shower air panas & dingin, toiletries, mini bar, notes & pinsil. Fasilitas hotel cukup lengkap : gym, kolam renang, resto, wifi, tempat parkir luas. Keistimewaan yg berbeda dgn hotel lain, setiap pagi mobil kami sudah kinclong dibersihkan oleh staf hotel 👍🏻👏🏻 Ini kali kedua kami menginap di Santika Hotel Cirebon. Saran : varian menu makanan sarapan pagi tolong ditambah 😊 Terimakasih","January 24, 2025"
25,247,achyar,Indonesia,Family with young children,Superior Twin,Stayed 1 night in September 2025,8.8,Excellent,Excellent,"Lokasi berdekatan lokasi perkantoran kota cirebon, kamar luas dengan cukup bersih. Kolam renang bersih dengan disediakan handuk. Staf sangat ramah dan menunjukkan inisiatif untuk membantu terutama yg bertugas di kolam renang dan kebun/ taman sekitar kolam. Untuk makanan biasa saja.","September 15, 2025"
25,248,Inne,Indonesia,Business traveler,Superior Twin,Stayed 1 night in January 2025,8.8,Excellent,"Hotel dgn lokasi, fasilitas dan pelayanan memuaskan","Hotel dengan lokasi ditengah kota Cirebon dengan fasilitas lengkap dan pelayanan yg baik, staff yg ramah dan helpfull, membuat perjalanan bisnis menjadi menyenangkan. Kamarnya nyaman, toiletries cukup lengkap, menu breakfast beragam dan rasanya lezat. Terimakasih Hotel Santika Cirebon 🙏🏻","January 14, 2025"
25,249,Sahid,Indonesia,Group,Superior Twin,Stayed 1 night in October 2025,10.0,Exceptional,Exceptional,Tempat yg nyaman buat istirahat saya dn keluarga ketika ke kota Cirebon apalagi kolam renangnya luas dn bersih,"October 14, 2025"
25,250,Maemunah,Indonesia,Family with young children,Superior Twin,Stayed 2 nights in June 2025,9.6,Exceptional,Liburan Mengesankan,"Disambut dengan staf yg ramah dan pelayanan yg baik, kamarnya bersih, fasilitas lainnya lengkap (resto, kolam renang anak dan dewasa, tempat fitness)… next time bisa nginep lagi…","June 15, 2025"
26,251,Wilda,Indonesia,Couple,Superior Twin,Stayed 1 night in September 2024,10.0,Exceptional,Exceptional,Good hotel & nice vibes,"September 09, 2024"
26,252,fiedieschy,Indonesia,Couple,Superior Twin,Stayed 1 night in January 2024,7.6,Very good,Very good,oke juga tp aga jau dr pelabuhan,"August 05, 2024"
26,253,Lisa,Indonesia,Couple,Superior Twin,Stayed 2 nights in July 2024,8.0,Excellent,Very good,Tolong kamarnya lebih bersih lagi,"August 04, 2024"
26,254,Emilia,Indonesia,Group,Superior Twin,Stayed 1 night in July 2024,9.6,Exceptional,Great,All great. Staff are friendly.,"July 18, 2024"
26,255,bidan,Canada,Couple,Superior Twin,Stayed 1 night in July 2024,10.0,Exceptional,Memekdo,Ndkdkd diskdkn sndkdk dkdkdj dkdkdkd skdkdkd,"July 14, 2024"
26,256,Inne,Indonesia,Family with teens,Superior Twin,Stayed 1 night in January 2025,9.6,Exceptional,Nyamannya menginap di Santika Hotel Cirebon,"Lokasi hotel ditengah kota sangat strategis, dekat dengan pusat perbelanjaan, rumah sakit, transportasi umum, perkantoran. Kebersihannya terjaga dengan baik. Fasilitas kamar cukup lengkap : shower air panas & dingin, toiletries, mini bar, notes & pinsil. Fasilitas hotel cukup lengkap : gym, kolam renang, resto, wifi, tempat parkir luas. Keistimewaan yg berbeda dgn hotel lain, setiap pagi mobil kami sudah kinclong dibersihkan oleh staf hotel 👍🏻👏🏻 Ini kali kedua kami menginap di Santika Hotel Cirebon. Saran : varian menu makanan sarapan pagi tolong ditambah 😊 Terimakasih","January 24, 2025"
26,257,achyar,Indonesia,Family with young children,Superior Twin,Stayed 1 night in September 2025,8.8,Excellent,Excellent,"Lokasi berdekatan lokasi perkantoran kota cirebon, kamar luas dengan cukup bersih. Kolam renang bersih dengan disediakan handuk. Staf sangat ramah dan menunjukkan inisiatif untuk membantu terutama yg bertugas di kolam renang dan kebun/ taman sekitar kolam. Untuk makanan biasa saja.","September 15, 2025"
26,258,Inne,Indonesia,Business traveler,Superior Twin,Stayed 1 night in January 2025,8.8,Excellent,"Hotel dgn lokasi, fasilitas dan pelayanan memuaskan","Hotel dengan lokasi ditengah kota Cirebon dengan fasilitas lengkap dan pelayanan yg baik, staff yg ramah dan helpfull, membuat perjalanan bisnis menjadi menyenangkan. Kamarnya nyaman, toiletries cukup lengkap, menu breakfast beragam dan rasanya lezat. Terimakasih Hotel Santika Cirebon 🙏🏻","January 14, 2025"
26,259,Sahid,Indonesia,Group,Superior Twin,Stayed 1 night in October 2025,10.0,Exceptional,Exceptional,Tempat yg nyaman buat istirahat saya dn keluarga ketika ke kota Cirebon apalagi kolam renangnya luas dn bersih,"October 14, 2025"
26,260,Maemunah,Indonesia,Family with young children,Superior Twin,Stayed 2 nights in June 2025,9.6,Exceptional,Liburan Mengesankan,"Disambut dengan staf yg ramah dan pelayanan yg baik, kamarnya bersih, fasilitas lainnya lengkap (resto, kolam renang anak dan dewasa, tempat fitness)… next time bisa nginep lagi…","June 15, 2025"
27,261,Akhmad,Qatar,Family with teens,Superior Twin,Stayed 1 night in June 2024,7.2,Very good,Old building,"Old building, everything maintain well, breakfast excellent","June 27, 2024"
27,262,Daphne,Indonesia,Group,Superior Twin,Stayed 2 nights in June 2024,9.6,Exceptional,Exceptional,"Such a pleasant to be able to stay at Santika. Especially hosted by Ms Melanda, she was helpful & kind, she recommended us the most visited places in Cirebon during our stays! Will be staying here in the future","June 18, 2024"
27,263,Dewi,Indonesia,Group,Superior Twin,Stayed 2 nights in March 2024,10.0,Exceptional,Great place,"Nice room, clean, comfy. All staffs are friendly.","June 11, 2024"
27,264,farrah,Indonesia,Business traveler,Superior Twin,Stayed 2 nights in May 2024,9.2,Exceptional,Public Facility,"Overall hotel recommended utk yg sedang cari tempat penginapan di cirebon. Hanya 1 yang perlu diperbaiki yaitu fasilitas publik, seperti toilet yang ada di area lobby. Begitu masuk ke dalam toilet sudah tercium bau tidak sedap. Tidak ada pengharum ruangan dan kloset duduknya terlihat sudah kusam dan tua serta peelu diganti dengan kloset baru yang lebuh baik. Hal tersebut membuat siapa saja yang menggunakan toilet akan merasa tidak nyaman, dan bisa saja calon tamu yang akan menginap mengurungkan niatnua untuk menginap di hotel","May 18, 2024"
27,265,Windhu,Indonesia,Family with young children,Superior Twin,Stayed 1 night in February 2024,9.2,Exceptional,Overall okay,Walaupun bangunan dan interior kamarya sudah terlihat berumur tapi masih berfungsi dengan baik.lokasi okeyy banget di tengah kota,"May 17, 2024"
27,266,Inne,Indonesia,Family with teens,Superior Twin,Stayed 1 night in January 2025,9.6,Exceptional,Nyamannya menginap di Santika Hotel Cirebon,"Lokasi hotel ditengah kota sangat strategis, dekat dengan pusat perbelanjaan, rumah sakit, transportasi umum, perkantoran. Kebersihannya terjaga dengan baik. Fasilitas kamar cukup lengkap : shower air panas & dingin, toiletries, mini bar, notes & pinsil. Fasilitas hotel cukup lengkap : gym, kolam renang, resto, wifi, tempat parkir luas. Keistimewaan yg berbeda dgn hotel lain, setiap pagi mobil kami sudah kinclong dibersihkan oleh staf hotel 👍🏻👏🏻 Ini kali kedua kami menginap di Santika Hotel Cirebon. Saran : varian menu makanan sarapan pagi tolong ditambah 😊 Terimakasih","January 24, 2025"
27,267,achyar,Indonesia,Family with young children,Superior Twin,Stayed 1 night in September 2025,8.8,Excellent,Excellent,"Lokasi berdekatan lokasi perkantoran kota cirebon, kamar luas dengan cukup bersih. Kolam renang bersih dengan disediakan handuk. Staf sangat ramah dan menunjukkan inisiatif untuk membantu terutama yg bertugas di kolam renang dan kebun/ taman sekitar kolam. Untuk makanan biasa saja.","September 15, 2025"
27,268,Inne,Indonesia,Business traveler,Superior Twin,Stayed 1 night in January 2025,8.8,Excellent,"Hotel dgn lokasi, fasilitas dan pelayanan memuaskan","Hotel dengan lokasi ditengah kota Cirebon dengan fasilitas lengkap dan pelayanan yg baik, staff yg ramah dan helpfull, membuat perjalanan bisnis menjadi menyenangkan. Kamarnya nyaman, toiletries cukup lengkap, menu breakfast beragam dan rasanya lezat. Terimakasih Hotel Santika Cirebon 🙏🏻","January 14, 2025"
27,269,Sahid,Indonesia,Group,Superior Twin,Stayed 1 night in October 2025,10.0,Exceptional,Exceptional,Tempat yg nyaman buat istirahat saya dn keluarga ketika ke kota Cirebon apalagi kolam renangnya luas dn bersih,"October 14, 2025"
27,270,Maemunah,Indonesia,Family with young children,Superior Twin,Stayed 2 nights in June 2025,9.6,Exceptional,Liburan Mengesankan,"Disambut dengan staf yg ramah dan pelayanan yg baik, kamarnya bersih, fasilitas lainnya lengkap (resto, kolam renang anak dan dewasa, tempat fitness)… next time bisa nginep lagi…","June 15, 2025"
28,271,Feri,Indonesia,Couple,Superior Twin,Stayed 1 night in May 2024,10.0,Exceptional,Exceptional,"Semua pelayan sangat ramah, kamar nyaman dan bersih, menu makan pagi ckup bervariasi dan enak. Akses ke hotel cukup mudah dan bukan di jalur macet. Dan yang sangat menarik adalah pagi pagi mobil di cuci dari pihak hotel.","May 12, 2024"
28,272,Yudha,Indonesia,Family with young children,Superior Twin,Stayed 1 night in April 2024,10.0,Exceptional,Nice place for Family,Very suitable for family trips. The swimming pool and food are so good.,"May 07, 2024"
28,273,Beni,Indonesia,Couple,Superior Twin,Stayed 1 night in April 2024,10.0,Exceptional,Ok,Bersih dan nyaman,"May 04, 2024"
28,274,ica,Indonesia,Family with teens,Superior Twin,Stayed 1 night in April 2024,8.8,Excellent,2d1n with lansia and kids,"overall good, but there is a slight misscomm in the restaurant staff who asks for a charge because there are 2 extra people at breakfast, please check again every person who comes to the restaurant","April 30, 2024"
28,275,Adiputra,Indonesia,Couple,Superior Twin,Stayed 1 night in October 2023,10.0,Exceptional,Plaxe,Okkkkkkkkk,"April 28, 2024"
28,276,Inne,Indonesia,Family with teens,Superior Twin,Stayed 1 night in January 2025,9.6,Exceptional,Nyamannya menginap di Santika Hotel Cirebon,"Lokasi hotel ditengah kota sangat strategis, dekat dengan pusat perbelanjaan, rumah sakit, transportasi umum, perkantoran. Kebersihannya terjaga dengan baik. Fasilitas kamar cukup lengkap : shower air panas & dingin, toiletries, mini bar, notes & pinsil. Fasilitas hotel cukup lengkap : gym, kolam renang, resto, wifi, tempat parkir luas. Keistimewaan yg berbeda dgn hotel lain, setiap pagi mobil kami sudah kinclong dibersihkan oleh staf hotel 👍🏻👏🏻 Ini kali kedua kami menginap di Santika Hotel Cirebon. Saran : varian menu makanan sarapan pagi tolong ditambah 😊 Terimakasih","January 24, 2025"
28,277,achyar,Indonesia,Family with young children,Superior Twin,Stayed 1 night in September 2025,8.8,Excellent,Excellent,"Lokasi berdekatan lokasi perkantoran kota cirebon, kamar luas dengan cukup bersih. Kolam renang bersih dengan disediakan handuk. Staf sangat ramah dan menunjukkan inisiatif untuk membantu terutama yg bertugas di kolam renang dan kebun/ taman sekitar kolam. Untuk makanan biasa saja.","September 15, 2025"
28,278,Inne,Indonesia,Business traveler,Superior Twin,Stayed 1 night in January 2025,8.8,Excellent,"Hotel dgn lokasi, fasilitas dan pelayanan memuaskan","Hotel dengan lokasi ditengah kota Cirebon dengan fasilitas lengkap dan pelayanan yg baik, staff yg ramah dan helpfull, membuat perjalanan bisnis menjadi menyenangkan. Kamarnya nyaman, toiletries cukup lengkap, menu breakfast beragam dan rasanya lezat. Terimakasih Hotel Santika Cirebon 🙏🏻","January 14, 2025"
28,279,Sahid,Indonesia,Group,Superior Twin,Stayed 1 night in October 2025,10.0,Exceptional,Exceptional,Tempat yg nyaman buat istirahat saya dn keluarga ketika ke kota Cirebon apalagi kolam renangnya luas dn bersih,"October 14, 2025"
28,280,Maemunah,Indonesia,Family with young children,Superior Twin,Stayed 2 nights in June 2025,9.6,Exceptional,Liburan Mengesankan,"Disambut dengan staf yg ramah dan pelayanan yg baik, kamarnya bersih, fasilitas lainnya lengkap (resto, kolam renang anak dan dewasa, tempat fitness)… next time bisa nginep lagi…","June 15, 2025"
29,281,Novita,Indonesia,Family with young children,Superior Twin,Stayed 1 night in April 2024,9.2,Exceptional,Awesome Hotel,"Good facilities, good food, good staff","April 21, 2024"
29,282,hendro,Indonesia,Family with young children,Superior Twin,Stayed 5 nights in April 2024,10.0,Exceptional,Nice Hotel,Good for stay,"April 17, 2024"
29,283,Rocky,Indonesia,Family with young children,Superior Twin,Stayed 2 nights in April 2024,8.0,Excellent,Best enough for short holiday,Need improvement in several facilities compared to the price. Welcome drink mas not given and room is missing hair dwyer.,"April 14, 2024"
29,284,Erlinda,South Africa,Couple,Superior Twin,Stayed 2 nights in April 2024,8.8,Excellent,Pelayanan baik,"Semua staf ramah. Sarapan beraneka ragam dan enak semua. Pihak hotel bahkan mau mengantarkan kami ke stasiun sebelum subuh karena sulit mendapatkan taksi online. Selain itu, kami juga diberikan sarapan yang dibungkus lengkap dengan buah dan air. Secara keseluruhan baik sekali meskipun termasuk hotel lawas.","April 14, 2024"
29,285,EGGY,Indonesia,Family with teens,Superior Twin,Stayed 1 night in April 2024,9.2,Exceptional,Peggy,Over all recommended,"April 12, 2024"
29,286,Inne,Indonesia,Family with teens,Superior Twin,Stayed 1 night in January 2025,9.6,Exceptional,Nyamannya menginap di Santika Hotel Cirebon,"Lokasi hotel ditengah kota sangat strategis, dekat dengan pusat perbelanjaan, rumah sakit, transportasi umum, perkantoran. Kebersihannya terjaga dengan baik. Fasilitas kamar cukup lengkap : shower air panas & dingin, toiletries, mini bar, notes & pinsil. Fasilitas hotel cukup lengkap : gym, kolam renang, resto, wifi, tempat parkir luas. Keistimewaan yg berbeda dgn hotel lain, setiap pagi mobil kami sudah kinclong dibersihkan oleh staf hotel 👍🏻👏🏻 Ini kali kedua kami menginap di Santika Hotel Cirebon. Saran : varian menu makanan sarapan pagi tolong ditambah 😊 Terimakasih","January 24, 2025"
29,287,achyar,Indonesia,Family with young children,Superior Twin,Stayed 1 night in September 2025,8.8,Excellent,Excellent,"Lokasi berdekatan lokasi perkantoran kota cirebon, kamar luas dengan cukup bersih. Kolam renang bersih dengan disediakan handuk. Staf sangat ramah dan menunjukkan inisiatif untuk membantu terutama yg bertugas di kolam renang dan kebun/ taman sekitar kolam. Untuk makanan biasa saja.","September 15, 2025"
29,288,Inne,Indonesia,Business traveler,Superior Twin,Stayed 1 night in January 2025,8.8,Excellent,"Hotel dgn lokasi, fasilitas dan pelayanan memuaskan","Hotel dengan lokasi ditengah kota Cirebon dengan fasilitas lengkap dan pelayanan yg baik, staff yg ramah dan helpfull, membuat perjalanan bisnis menjadi menyenangkan. Kamarnya nyaman, toiletries cukup lengkap, menu breakfast beragam dan rasanya lezat. Terimakasih Hotel Santika Cirebon 🙏🏻","January 14, 2025"
29,289,Sahid,Indonesia,Group,Superior Twin,Stayed 1 night in October 2025,10.0,Exceptional,Exceptional,Tempat yg nyaman buat istirahat saya dn keluarga ketika ke kota Cirebon apalagi kolam renangnya luas dn bersih,"October 14, 2025"
29,290,Maemunah,Indonesia,Family with young children,Superior Twin,Stayed 2 nights in June 2025,9.6,Exceptional,Liburan Mengesankan,"Disambut dengan staf yg ramah dan pelayanan yg baik, kamarnya bersih, fasilitas lainnya lengkap (resto, kolam renang anak dan dewasa, tempat fitness)… next time bisa nginep lagi…","June 15, 2025"
30,291,Abel,Indonesia,Family with young children,Superior Twin,Stayed 1 night in February 2024,8.8,Excellent,Excellent,"No staff around the pool, so we have to ask arround for get the towel. Room spacius, breakfast many choice. Staff not so welcoming and serving.","April 11, 2024"
30,292,Wage,Indonesia,Family with young children,Superior Twin,Stayed 1 night in April 2024,10.0,Exceptional,Exceptional,"Kamarnya bersih, kolam renangnya bagus, bersih dan cocok untuk anak2","April 08, 2024"
30,293,Michael,Indonesia,Family with young children,Superior Twin,Stayed 1 night in March 2024,8.8,Excellent,Hotel lama tapi strategis,Hotel sudah tua tetapi dekat mall,"April 02, 2024"
30,294,nuri,Indonesia,Couple,Superior Twin,Stayed 1 night in January 2024,10.0,Exceptional,meki,mls,"March 05, 2024"
30,295,bidan,United States,Couple,Superior Twin,Stayed 1 night in February 2024,10.0,Exceptional,nice hotel good good breakfast,nice hotel good good breakfast,"February 28, 2024"
30,296,Inne,Indonesia,Family with teens,Superior Twin,Stayed 1 night in January 2025,9.6,Exceptional,Nyamannya menginap di Santika Hotel Cirebon,"Lokasi hotel ditengah kota sangat strategis, dekat dengan pusat perbelanjaan, rumah sakit, transportasi umum, perkantoran. Kebersihannya terjaga dengan baik. Fasilitas kamar cukup lengkap : shower air panas & dingin, toiletries, mini bar, notes & pinsil. Fasilitas hotel cukup lengkap : gym, kolam renang, resto, wifi, tempat parkir luas. Keistimewaan yg berbeda dgn hotel lain, setiap pagi mobil kami sudah kinclong dibersihkan oleh staf hotel 👍🏻👏🏻 Ini kali kedua kami menginap di Santika Hotel Cirebon. Saran : varian menu makanan sarapan pagi tolong ditambah 😊 Terimakasih","January 24, 2025"
30,297,achyar,Indonesia,Family with young children,Superior Twin,Stayed 1 night in September 2025,8.8,Excellent,Excellent,"Lokasi berdekatan lokasi perkantoran kota cirebon, kamar luas dengan cukup bersih. Kolam renang bersih dengan disediakan handuk. Staf sangat ramah dan menunjukkan inisiatif untuk membantu terutama yg bertugas di kolam renang dan kebun/ taman sekitar kolam. Untuk makanan biasa saja.","September 15, 2025"
30,298,Inne,Indonesia,Business traveler,Superior Twin,Stayed 1 night in January 2025,8.8,Excellent,"Hotel dgn lokasi, fasilitas dan pelayanan memuaskan","Hotel dengan lokasi ditengah kota Cirebon dengan fasilitas lengkap dan pelayanan yg baik, staff yg ramah dan helpfull, membuat perjalanan bisnis menjadi menyenangkan. Kamarnya nyaman, toiletries cukup lengkap, menu breakfast beragam dan rasanya lezat. Terimakasih Hotel Santika Cirebon 🙏🏻","January 14, 2025"
30,299,Sahid,Indonesia,Group,Superior Twin,Stayed 1 night in October 2025,10.0,Exceptional,Exceptional,Tempat yg nyaman buat istirahat saya dn keluarga ketika ke kota Cirebon apalagi kolam renangnya luas dn bersih,"October 14, 2025"
30,300,Maemunah,Indonesia,Family with young children,Superior Twin,Stayed 2 nights in June 2025,9.6,Exceptional,Liburan Mengesankan,"Disambut dengan staf yg ramah dan pelayanan yg baik, kamarnya bersih, fasilitas lainnya lengkap (resto, kolam renang anak dan dewasa, tempat fitness)… next time bisa nginep lagi…","June 15, 2025"
31,301,Ayom,Indonesia,Family with young children,Superior Twin,Stayed 1 night in December 2023,6.0,,Breakfastnya parah,"Untuk kelas Santika, hotel ini cenderung adalah hotel tua, tapi kamarnya cukup lumayan ok. Cuma untuk breakfastnya nggak worthed sama sekali, untuk sekelas santika, agak memalukan. Receptionistnya juga kurang ramah.","February 23, 2024"
31,302,Astia,Indonesia,Family with young children,Superior Twin,Stayed 2 nights in February 2024,10.0,Exceptional,Nice and Warm Family Stay,"Overall, Hotel Santika Cirebon is a hotel with a classic feel, clean, friendly service. Very suitable for vacation with family and children. Thank you.","February 14, 2024"
31,303,Alexies,Indonesia,Family with young children,Superior Twin,Stayed 1 night in December 2023,9.2,Exceptional,Exceptional,Nice hotel and cozy,"February 14, 2024"
31,304,Indri,Indonesia,Family with young children,Deluxe King,Stayed 2 nights in February 2024,9.6,Exceptional,Exceptional,"Santika cirebon merupakan salah satu hotel fav keluarga, walo bangunannya sudah old tapi kebersihan dan fasilitasnya terjaga sangat baik. Kolam renangnya juga bersih, variasi bfast cukup dan rasanya enak. Yang cukup buat saya kaget kenapa hair dryer mesti call minta dlu dan ga tersedia di kamar, semoga next kesana udh jadi salah satu fasilitas yang memang tersedia disetiap kamar ya. Sukses terus utk santika 🩷","February 10, 2024"
31,305,Rizki,Indonesia,Couple,Superior Twin,Stayed 1 night in February 2024,10.0,Exceptional,Shantika is Shantika,"Stayed for a night, the room was so clean, the staff have quick response and very friendly. There were complete amenities and you could also request another amenities such as hair dryer and the staff will send it to your room. The breakfast was good but nothing extraordinary about breakfast. The look of the hotel might be kind of old but overall it worth for the money.","February 07, 2024"
31,306,Inne,Indonesia,Family with teens,Superior Twin,Stayed 1 night in January 2025,9.6,Exceptional,Nyamannya menginap di Santika Hotel Cirebon,"Lokasi hotel ditengah kota sangat strategis, dekat dengan pusat perbelanjaan, rumah sakit, transportasi umum, perkantoran. Kebersihannya terjaga dengan baik. Fasilitas kamar cukup lengkap : shower air panas & dingin, toiletries, mini bar, notes & pinsil. Fasilitas hotel cukup lengkap : gym, kolam renang, resto, wifi, tempat parkir luas. Keistimewaan yg berbeda dgn hotel lain, setiap pagi mobil kami sudah kinclong dibersihkan oleh staf hotel 👍🏻👏🏻 Ini kali kedua kami menginap di Santika Hotel Cirebon. Saran : varian menu makanan sarapan pagi tolong ditambah 😊 Terimakasih","January 24, 2025"
31,307,achyar,Indonesia,Family with young children,Superior Twin,Stayed 1 night in September 2025,8.8,Excellent,Excellent,"Lokasi berdekatan lokasi perkantoran kota cirebon, kamar luas dengan cukup bersih. Kolam renang bersih dengan disediakan handuk. Staf sangat ramah dan menunjukkan inisiatif untuk membantu terutama yg bertugas di kolam renang dan kebun/ taman sekitar kolam. Untuk makanan biasa saja.","September 15, 2025"
31,308,Inne,Indonesia,Business traveler,Superior Twin,Stayed 1 night in January 2025,8.8,Excellent,"Hotel dgn lokasi, fasilitas dan pelayanan memuaskan","Hotel dengan lokasi ditengah kota Cirebon dengan fasilitas lengkap dan pelayanan yg baik, staff yg ramah dan helpfull, membuat perjalanan bisnis menjadi menyenangkan. Kamarnya nyaman, toiletries cukup lengkap, menu breakfast beragam dan rasanya lezat. Terimakasih Hotel Santika Cirebon 🙏🏻","January 14, 2025"
31,309,Sahid,Indonesia,Group,Superior Twin,Stayed 1 night in October 2025,10.0,Exceptional,Exceptional,Tempat yg nyaman buat istirahat saya dn keluarga ketika ke kota Cirebon apalagi kolam renangnya luas dn bersih,"October 14, 2025"
31,310,Maemunah,Indonesia,Family with young children,Superior Twin,Stayed 2 nights in June 2025,9.6,Exceptional,Liburan Mengesankan,"Disambut dengan staf yg ramah dan pelayanan yg baik, kamarnya bersih, fasilitas lainnya lengkap (resto, kolam renang anak dan dewasa, tempat fitness)… next time bisa nginep lagi…","June 15, 2025"
32,311,Yuanita,Indonesia,Couple,Deluxe King,Stayed 2 nights in June 2023,10.0,Exceptional,-,-,"February 05, 2024"
32,312,SUNIWATI,Indonesia,Family with young children,Deluxe King,Stayed 1 night in January 2024,10.0,Exceptional,Good service,Luarbiasa pelayanan reception dan semua petugas hotel. Keren ada yang mencuci mobil kami. Terima kasih ya...,"January 31, 2024"
32,313,Fendy,Indonesia,Couple,Superior Twin,Stayed 1 night in January 2024,8.8,Excellent,Nice hotel at cirebon,Good hotel,"January 26, 2024"
32,314,Angela,Australia,Couple,Superior Twin,Stayed 2 nights in January 2024,10.0,Exceptional,My favourite place to staying in Cirebon,"This place it’s not far from everything’s , thank you santika, they are so friendly and help full stuff, See you next time 🙏🙏","January 25, 2024"
32,315,Herman,Indonesia,Family with teens,Superior Twin,Stayed 2 nights in January 2024,9.2,Exceptional,Comfort hotel for staying,"Love the ambience of this hotel, space room with king size bed, good facilities .... many variety foods for breakfast","January 11, 2024"
32,316,Inne,Indonesia,Family with teens,Superior Twin,Stayed 1 night in January 2025,9.6,Exceptional,Nyamannya menginap di Santika Hotel Cirebon,"Lokasi hotel ditengah kota sangat strategis, dekat dengan pusat perbelanjaan, rumah sakit, transportasi umum, perkantoran. Kebersihannya terjaga dengan baik. Fasilitas kamar cukup lengkap : shower air panas & dingin, toiletries, mini bar, notes & pinsil. Fasilitas hotel cukup lengkap : gym, kolam renang, resto, wifi, tempat parkir luas. Keistimewaan yg berbeda dgn hotel lain, setiap pagi mobil kami sudah kinclong dibersihkan oleh staf hotel 👍🏻👏🏻 Ini kali kedua kami menginap di Santika Hotel Cirebon. Saran : varian menu makanan sarapan pagi tolong ditambah 😊 Terimakasih","January 24, 2025"
32,317,achyar,Indonesia,Family with young children,Superior Twin,Stayed 1 night in September 2025,8.8,Excellent,Excellent,"Lokasi berdekatan lokasi perkantoran kota cirebon, kamar luas dengan cukup bersih. Kolam renang bersih dengan disediakan handuk. Staf sangat ramah dan menunjukkan inisiatif untuk membantu terutama yg bertugas di kolam renang dan kebun/ taman sekitar kolam. Untuk makanan biasa saja.","September 15, 2025"
32,318,Inne,Indonesia,Business traveler,Superior Twin,Stayed 1 night in January 2025,8.8,Excellent,"Hotel dgn lokasi, fasilitas dan pelayanan memuaskan","Hotel dengan lokasi ditengah kota Cirebon dengan fasilitas lengkap dan pelayanan yg baik, staff yg ramah dan helpfull, membuat perjalanan bisnis menjadi menyenangkan. Kamarnya nyaman, toiletries cukup lengkap, menu breakfast beragam dan rasanya lezat. Terimakasih Hotel Santika Cirebon 🙏🏻","January 14, 2025"
32,319,Sahid,Indonesia,Group,Superior Twin,Stayed 1 night in October 2025,10.0,Exceptional,Exceptional,Tempat yg nyaman buat istirahat saya dn keluarga ketika ke kota Cirebon apalagi kolam renangnya luas dn bersih,"October 14, 2025"
32,320,Maemunah,Indonesia,Family with young children,Superior Twin,Stayed 2 nights in June 2025,9.6,Exceptional,Liburan Mengesankan,"Disambut dengan staf yg ramah dan pelayanan yg baik, kamarnya bersih, fasilitas lainnya lengkap (resto, kolam renang anak dan dewasa, tempat fitness)… next time bisa nginep lagi…","June 15, 2025"
33,321,Shinta,Indonesia,Family with young children,Superior Twin,Stayed 1 night in January 2024,8.8,Excellent,Excellent,Udah chat minta early check in tapi ga dikasih Ya sudah gpp untung loby nya enak bisa utk isirahat yg ngebantu kolam renang nya sih bersih kamar juga bersih,"January 08, 2024"
33,322,Angela,Australia,Couple,Superior Twin,Stayed 5 nights in January 2024,7.6,Very good,For my birthday,Really back to my memories this place And my birthday always I stay in this place 😋,"January 08, 2024"
33,323,Wahyu,Indonesia,Family with teens,Superior Twin,Stayed 1 night in November 2023,8.8,Excellent,Value for money,"Nice hotel, but many mosquito","January 03, 2024"
33,324,bidan,United States,Group,Superior Twin,Stayed 1 night in January 2024,10.0,Exceptional,Nice pool,Awesome place,"January 02, 2024"
33,325,fiedieschy,Indonesia,Family with young children,Superior Twin,Stayed 1 night in December 2023,8.0,Excellent,Very good,oke sih cuma harga mulai mahal ya,"December 24, 2023"
33,326,Inne,Indonesia,Family with teens,Superior Twin,Stayed 1 night in January 2025,9.6,Exceptional,Nyamannya menginap di Santika Hotel Cirebon,"Lokasi hotel ditengah kota sangat strategis, dekat dengan pusat perbelanjaan, rumah sakit, transportasi umum, perkantoran. Kebersihannya terjaga dengan baik. Fasilitas kamar cukup lengkap : shower air panas & dingin, toiletries, mini bar, notes & pinsil. Fasilitas hotel cukup lengkap : gym, kolam renang, resto, wifi, tempat parkir luas. Keistimewaan yg berbeda dgn hotel lain, setiap pagi mobil kami sudah kinclong dibersihkan oleh staf hotel 👍🏻👏🏻 Ini kali kedua kami menginap di Santika Hotel Cirebon. Saran : varian menu makanan sarapan pagi tolong ditambah 😊 Terimakasih","January 24, 2025"
33,327,achyar,Indonesia,Family with young children,Superior Twin,Stayed 1 night in September 2025,8.8,Excellent,Excellent,"Lokasi berdekatan lokasi perkantoran kota cirebon, kamar luas dengan cukup bersih. Kolam renang bersih dengan disediakan handuk. Staf sangat ramah dan menunjukkan inisiatif untuk membantu terutama yg bertugas di kolam renang dan kebun/ taman sekitar kolam. Untuk makanan biasa saja.","September 15, 2025"
33,328,Inne,Indonesia,Business traveler,Superior Twin,Stayed 1 night in January 2025,8.8,Excellent,"Hotel dgn lokasi, fasilitas dan pelayanan memuaskan","Hotel dengan lokasi ditengah kota Cirebon dengan fasilitas lengkap dan pelayanan yg baik, staff yg ramah dan helpfull, membuat perjalanan bisnis menjadi menyenangkan. Kamarnya nyaman, toiletries cukup lengkap, menu breakfast beragam dan rasanya lezat. Terimakasih Hotel Santika Cirebon 🙏🏻","January 14, 2025"
33,329,Sahid,Indonesia,Group,Superior Twin,Stayed 1 night in October 2025,10.0,Exceptional,Exceptional,Tempat yg nyaman buat istirahat saya dn keluarga ketika ke kota Cirebon apalagi kolam renangnya luas dn bersih,"October 14, 2025"
33,330,Maemunah,Indonesia,Family with young children,Superior Twin,Stayed 2 nights in June 2025,9.6,Exceptional,Liburan Mengesankan,"Disambut dengan staf yg ramah dan pelayanan yg baik, kamarnya bersih, fasilitas lainnya lengkap (resto, kolam renang anak dan dewasa, tempat fitness)… next time bisa nginep lagi…","June 15, 2025"
34,331,bidan,United States,Group,Executive King,Stayed 1 night in December 2023,10.0,Exceptional,Comfortable room,Nice to vacation with children,"December 24, 2023"
34,332,Roni,Indonesia,Couple,Superior Twin,Stayed 1 night in June 2023,10.0,Exceptional,Good,Good place for stay,"December 11, 2023"
34,333,Nurilla,Indonesia,Family with young children,Superior Twin,Stayed 1 night in October 2023,9.2,Exceptional,Definitely Will Come Back,"As other Santika Hotel, they have spacious room, comfortable bed, and big&clean swimming pool. Their AC controller works fine, but unfortunately if you set it warmer or set the fan slower, the air will start to smell not fresh. Apart from that, staying in Santika was my best experience compared to other 4 hotels I've stayed in Cirebon. Note: They also give an unexpected plus service: washing your car.","October 23, 2023"
34,334,Hadi,Singapore,Family with young children,Superior Twin,Stayed 2 nights in September 2023,8.4,Excellent,Stay in Santika Cirebon,"All are good., clean, good location, good staff, but the hotel is old, maybe the hotel need for renovation to keep up in the market due to tight business competition now.","September 16, 2023"
34,335,Rinah,Indonesia,Family with teens,Superior Twin,Stayed 1 night in September 2023,9.6,Exceptional,Hotel Bersih dan Pelayanan bagus,"Menginap 1 malam.Makanan enak, kamar bersih, hanya kok tidak disediakan tisue dalam kamar hanya ada tisue gulung di toilet.Ruang fitness ada alat2 yang tidak berfungsi seperti sepeda statis.Niat OR jadi tidak bisa.Selebihnya semua oke.pelayanan bagus sekali.Hotel Santika langganan saya jika nginap di berbagai kota.","September 04, 2023"
34,336,Inne,Indonesia,Family with teens,Superior Twin,Stayed 1 night in January 2025,9.6,Exceptional,Nyamannya menginap di Santika Hotel Cirebon,"Lokasi hotel ditengah kota sangat strategis, dekat dengan pusat perbelanjaan, rumah sakit, transportasi umum, perkantoran. Kebersihannya terjaga dengan baik. Fasilitas kamar cukup lengkap : shower air panas & dingin, toiletries, mini bar, notes & pinsil. Fasilitas hotel cukup lengkap : gym, kolam renang, resto, wifi, tempat parkir luas. Keistimewaan yg berbeda dgn hotel lain, setiap pagi mobil kami sudah kinclong dibersihkan oleh staf hotel 👍🏻👏🏻 Ini kali kedua kami menginap di Santika Hotel Cirebon. Saran : varian menu makanan sarapan pagi tolong ditambah 😊 Terimakasih","January 24, 2025"
34,337,achyar,Indonesia,Family with young children,Superior Twin,Stayed 1 night in September 2025,8.8,Excellent,Excellent,"Lokasi berdekatan lokasi perkantoran kota cirebon, kamar luas dengan cukup bersih. Kolam renang bersih dengan disediakan handuk. Staf sangat ramah dan menunjukkan inisiatif untuk membantu terutama yg bertugas di kolam renang dan kebun/ taman sekitar kolam. Untuk makanan biasa saja.","September 15, 2025"
34,338,Inne,Indonesia,Business traveler,Superior Twin,Stayed 1 night in January 2025,8.8,Excellent,"Hotel dgn lokasi, fasilitas dan pelayanan memuaskan","Hotel dengan lokasi ditengah kota Cirebon dengan fasilitas lengkap dan pelayanan yg baik, staff yg ramah dan helpfull, membuat perjalanan bisnis menjadi menyenangkan. Kamarnya nyaman, toiletries cukup lengkap, menu breakfast beragam dan rasanya lezat. Terimakasih Hotel Santika Cirebon 🙏🏻","January 14, 2025"
34,339,Sahid,Indonesia,Group,Superior Twin,Stayed 1 night in October 2025,10.0,Exceptional,Exceptional,Tempat yg nyaman buat istirahat saya dn keluarga ketika ke kota Cirebon apalagi kolam renangnya luas dn bersih,"October 14, 2025"
34,340,Maemunah,Indonesia,Family with young children,Superior Twin,Stayed 2 nights in June 2025,9.6,Exceptional,Liburan Mengesankan,"Disambut dengan staf yg ramah dan pelayanan yg baik, kamarnya bersih, fasilitas lainnya lengkap (resto, kolam renang anak dan dewasa, tempat fitness)… next time bisa nginep lagi…","June 15, 2025"
35,341,bidan,United States,Family with young children,Superior Twin,Stayed 1 night in September 2023,8.0,Excellent,the swimming pool is good,the swimming pool is good,"September 03, 2023"
35,342,ARIEF,Indonesia,Business traveler,Superior Twin,Stayed 1 night in August 2023,9.6,Exceptional,IMPACT M/C&CHEMS Demo Trip,Hotel yang sangat perhatiann dengan cuatomer khusus nya Breakfast,"August 19, 2023"
35,343,roe.apurnomo,Indonesia,Business traveler,Superior Twin,Stayed 1 night in August 2023,10.0,Exceptional,Nice staff and place,Overall oke banget,"August 14, 2023"
35,344,Anton,Indonesia,Couple,Superior Twin,Stayed 1 night in July 2023,8.0,Excellent,Great stay in superb hotel,"Great swimming pool, dan good breakfast","August 11, 2023"
35,345,Alexander,Indonesia,Couple,Superior Twin,Stayed 1 night in June 2023,7.6,Very good,Nice hotel,Facility in a good condition. What makes me impress is the gardener willing to wash our dirty car from Road trip to Malang. Great!!,"July 12, 2023"
35,346,Inne,Indonesia,Family with teens,Superior Twin,Stayed 1 night in January 2025,9.6,Exceptional,Nyamannya menginap di Santika Hotel Cirebon,"Lokasi hotel ditengah kota sangat strategis, dekat dengan pusat perbelanjaan, rumah sakit, transportasi umum, perkantoran. Kebersihannya terjaga dengan baik. Fasilitas kamar cukup lengkap : shower air panas & dingin, toiletries, mini bar, notes & pinsil. Fasilitas hotel cukup lengkap : gym, kolam renang, resto, wifi, tempat parkir luas. Keistimewaan yg berbeda dgn hotel lain, setiap pagi mobil kami sudah kinclong dibersihkan oleh staf hotel 👍🏻👏🏻 Ini kali kedua kami menginap di Santika Hotel Cirebon. Saran : varian menu makanan sarapan pagi tolong ditambah 😊 Terimakasih","January 24, 2025"
35,347,achyar,Indonesia,Family with young children,Superior Twin,Stayed 1 night in September 2025,8.8,Excellent,Excellent,"Lokasi berdekatan lokasi perkantoran kota cirebon, kamar luas dengan cukup bersih. Kolam renang bersih dengan disediakan handuk. Staf sangat ramah dan menunjukkan inisiatif untuk membantu terutama yg bertugas di kolam renang dan kebun/ taman sekitar kolam. Untuk makanan biasa saja.","September 15, 2025"
35,348,Inne,Indonesia,Business traveler,Superior Twin,Stayed 1 night in January 2025,8.8,Excellent,"Hotel dgn lokasi, fasilitas dan pelayanan memuaskan","Hotel dengan lokasi ditengah kota Cirebon dengan fasilitas lengkap dan pelayanan yg baik, staff yg ramah dan helpfull, membuat perjalanan bisnis menjadi menyenangkan. Kamarnya nyaman, toiletries cukup lengkap, menu breakfast beragam dan rasanya lezat. Terimakasih Hotel Santika Cirebon 🙏🏻","January 14, 2025"
35,349,Sahid,Indonesia,Group,Superior Twin,Stayed 1 night in October 2025,10.0,Exceptional,Exceptional,Tempat yg nyaman buat istirahat saya dn keluarga ketika ke kota Cirebon apalagi kolam renangnya luas dn bersih,"October 14, 2025"
35,350,Maemunah,Indonesia,Family with young children,Superior Twin,Stayed 2 nights in June 2025,9.6,Exceptional,Liburan Mengesankan,"Disambut dengan staf yg ramah dan pelayanan yg baik, kamarnya bersih, fasilitas lainnya lengkap (resto, kolam renang anak dan dewasa, tempat fitness)… next time bisa nginep lagi…","June 15, 2025"
36,351,Rini,Indonesia,Couple,Superior Twin,Stayed 1 night in July 2023,10.0,Exceptional,Rekomended,"Nyaman, bersih, petugasnya ramah ramah dan helpfull. Trims","July 08, 2023"
36,352,Didit,Indonesia,Couple,Deluxe King,Stayed 1 night in June 2023,10.0,Exceptional,Hotel with an excellent service,"Our family spent one night and it was the best. The room, the hotel facilities, the location, the parking, and down to one simple yet touching gesture in providing car wash in the morning. Recommended.","July 04, 2023"
36,353,atiek,Indonesia,Family with young children,Superior Twin,Stayed 2 nights in June 2023,10.0,Exceptional,Excellent,Excellent,"July 02, 2023"
36,354,Arnastya,Indonesia,Family with teens,Superior Twin,Stayed 1 night in April 2023,10.0,Exceptional,Friendly Hotel,traveling in several cities will be very meaningful with hotel santika Cirebon services. we are amazed by the car wash service. i wish in every hotel santika provide this kind of service.,"April 28, 2023"
36,355,Astranivari,Indonesia,Couple,Superior Room,Stayed 1 night in January 2023,10.0,Exceptional,Charge your EV car for free while staying here,"The main reason why we chose staying here was because they provide free charging for EV cars. But we grew to love the hotel, it has nice big and spacious swimming pool and the breakfast menu was pretty good. Room was big but old vibe, need to renovate.","March 27, 2023"
36,356,Inne,Indonesia,Family with teens,Superior Twin,Stayed 1 night in January 2025,9.6,Exceptional,Nyamannya menginap di Santika Hotel Cirebon,"Lokasi hotel ditengah kota sangat strategis, dekat dengan pusat perbelanjaan, rumah sakit, transportasi umum, perkantoran. Kebersihannya terjaga dengan baik. Fasilitas kamar cukup lengkap : shower air panas & dingin, toiletries, mini bar, notes & pinsil. Fasilitas hotel cukup lengkap : gym, kolam renang, resto, wifi, tempat parkir luas. Keistimewaan yg berbeda dgn hotel lain, setiap pagi mobil kami sudah kinclong dibersihkan oleh staf hotel 👍🏻👏🏻 Ini kali kedua kami menginap di Santika Hotel Cirebon. Saran : varian menu makanan sarapan pagi tolong ditambah 😊 Terimakasih","January 24, 2025"
36,357,achyar,Indonesia,Family with young children,Superior Twin,Stayed 1 night in September 2025,8.8,Excellent,Excellent,"Lokasi berdekatan lokasi perkantoran kota cirebon, kamar luas dengan cukup bersih. Kolam renang bersih dengan disediakan handuk. Staf sangat ramah dan menunjukkan inisiatif untuk membantu terutama yg bertugas di kolam renang dan kebun/ taman sekitar kolam. Untuk makanan biasa saja.","September 15, 2025"
36,358,Inne,Indonesia,Business traveler,Superior Twin,Stayed 1 night in January 2025,8.8,Excellent,"Hotel dgn lokasi, fasilitas dan pelayanan memuaskan","Hotel dengan lokasi ditengah kota Cirebon dengan fasilitas lengkap dan pelayanan yg baik, staff yg ramah dan helpfull, membuat perjalanan bisnis menjadi menyenangkan. Kamarnya nyaman, toiletries cukup lengkap, menu breakfast beragam dan rasanya lezat. Terimakasih Hotel Santika Cirebon 🙏🏻","January 14, 2025"
36,359,Sahid,Indonesia,Group,Superior Twin,Stayed 1 night in October 2025,10.0,Exceptional,Exceptional,Tempat yg nyaman buat istirahat saya dn keluarga ketika ke kota Cirebon apalagi kolam renangnya luas dn bersih,"October 14, 2025"
36,360,Maemunah,Indonesia,Family with young children,Superior Twin,Stayed 2 nights in June 2025,9.6,Exceptional,Liburan Mengesankan,"Disambut dengan staf yg ramah dan pelayanan yg baik, kamarnya bersih, fasilitas lainnya lengkap (resto, kolam renang anak dan dewasa, tempat fitness)… next time bisa nginep lagi…","June 15, 2025"
37,361,Vivi,Indonesia,Family with teens,Superior Room,Stayed 2 nights in January 2023,10.0,Exceptional,Clean and nice bfast,Great for family,"February 14, 2023"
37,362,Purwanti,Indonesia,Family with teens,Superior Room,Stayed 1 night in January 2023,10.0,Exceptional,Penilaian,Good jobs,"January 21, 2023"
37,363,Lanny,Indonesia,Family with teens,Superior Room,Stayed 2 nights in January 2023,8.8,Excellent,Great value,"The hotel has been here for quite a long time so you’d encounter many old furnitures and arrangements. But worry not, the hotel room is remodeled and clean. As it’s a pretty old hotel, some parts of it are old and quite scary. The guest toilet on the first floor, the gym/fitness center. It’d be way nicer to have it remodeled. But overall, with its price, it was a very nice stay.","January 07, 2023"
37,364,cristiano,Indonesia,Business traveler,Superior Room,Stayed 1 night in December 2022,8.8,Excellent,Old but still ok,"Don't expect a fancy hotel, rooms are tired but clean and big and staff is really kind.","December 28, 2022"
37,365,Armeyn,Indonesia,Couple,Superior Room,Stayed 1 night in December 2022,9.2,Exceptional,Good service,Good service Wide parking Fast check in out Bfast variety,"December 20, 2022"
37,366,Inne,Indonesia,Family with teens,Superior Twin,Stayed 1 night in January 2025,9.6,Exceptional,Nyamannya menginap di Santika Hotel Cirebon,"Lokasi hotel ditengah kota sangat strategis, dekat dengan pusat perbelanjaan, rumah sakit, transportasi umum, perkantoran. Kebersihannya terjaga dengan baik. Fasilitas kamar cukup lengkap : shower air panas & dingin, toiletries, mini bar, notes & pinsil. Fasilitas hotel cukup lengkap : gym, kolam renang, resto, wifi, tempat parkir luas. Keistimewaan yg berbeda dgn hotel lain, setiap pagi mobil kami sudah kinclong dibersihkan oleh staf hotel 👍🏻👏🏻 Ini kali kedua kami menginap di Santika Hotel Cirebon. Saran : varian menu makanan sarapan pagi tolong ditambah 😊 Terimakasih","January 24, 2025"
37,367,achyar,Indonesia,Family with young children,Superior Twin,Stayed 1 night in September 2025,8.8,Excellent,Excellent,"Lokasi berdekatan lokasi perkantoran kota cirebon, kamar luas dengan cukup bersih. Kolam renang bersih dengan disediakan handuk. Staf sangat ramah dan menunjukkan inisiatif untuk membantu terutama yg bertugas di kolam renang dan kebun/ taman sekitar kolam. Untuk makanan biasa saja.","September 15, 2025"
37,368,Inne,Indonesia,Business traveler,Superior Twin,Stayed 1 night in January 2025,8.8,Excellent,"Hotel dgn lokasi, fasilitas dan pelayanan memuaskan","Hotel dengan lokasi ditengah kota Cirebon dengan fasilitas lengkap dan pelayanan yg baik, staff yg ramah dan helpfull, membuat perjalanan bisnis menjadi menyenangkan. Kamarnya nyaman, toiletries cukup lengkap, menu breakfast beragam dan rasanya lezat. Terimakasih Hotel Santika Cirebon 🙏🏻","January 14, 2025"
37,369,Sahid,Indonesia,Group,Superior Twin,Stayed 1 night in October 2025,10.0,Exceptional,Exceptional,Tempat yg nyaman buat istirahat saya dn keluarga ketika ke kota Cirebon apalagi kolam renangnya luas dn bersih,"October 14, 2025"
37,370,Maemunah,Indonesia,Family with young children,Superior Twin,Stayed 2 nights in June 2025,9.6,Exceptional,Liburan Mengesankan,"Disambut dengan staf yg ramah dan pelayanan yg baik, kamarnya bersih, fasilitas lainnya lengkap (resto, kolam renang anak dan dewasa, tempat fitness)… next time bisa nginep lagi…","June 15, 2025"
38,371,Norman,Indonesia,Business traveler,Superior Twin,Stayed 2 nights in August 2022,8.4,Excellent,great,hebat hebat hebat hebat,"September 30, 2022"
38,372,Henry,Indonesia,Couple,Superior Twin,Stayed 1 night in July 2022,7.2,Very good,Santika has shown the quality.,You better come and enjoy the hospitality of Santika. You will not regret.,"September 15, 2022"
38,373,Devyzar,Indonesia,Couple,Superior Twin,Stayed 1 night in August 2022,6.0,,Old hotel,Old hotel without good maintenance,"September 01, 2022"
38,374,Ana,Indonesia,Group,Superior Twin,Stayed 1 night in August 2022,10.0,Exceptional,Enjoy bersama santika hotel,The best quality,"August 19, 2022"
38,375,Fitri,Indonesia,Family with young children,Superior Twin,Stayed 1 night in August 2022,10.0,Exceptional,Short staycation,"Santika is one of the best hotel in Cirebon, located in the centre of city, near to train station, malls, restaurants, etc. The swimming pool's probably one of the best pool i've tried in Cirebon, very clean and large. I like when i entered the room, the staff already prepared the room so the air conditioner was already on so the room's very cool and comfy.. they also wash our car, and this is beyond expectation. The breakfast menu was very completed, vary and delicious, yet the hospitality was very good. One night is never enough.","August 14, 2022"
38,376,Inne,Indonesia,Family with teens,Superior Twin,Stayed 1 night in January 2025,9.6,Exceptional,Nyamannya menginap di Santika Hotel Cirebon,"Lokasi hotel ditengah kota sangat strategis, dekat dengan pusat perbelanjaan, rumah sakit, transportasi umum, perkantoran. Kebersihannya terjaga dengan baik. Fasilitas kamar cukup lengkap : shower air panas & dingin, toiletries, mini bar, notes & pinsil. Fasilitas hotel cukup lengkap : gym, kolam renang, resto, wifi, tempat parkir luas. Keistimewaan yg berbeda dgn hotel lain, setiap pagi mobil kami sudah kinclong dibersihkan oleh staf hotel 👍🏻👏🏻 Ini kali kedua kami menginap di Santika Hotel Cirebon. Saran : varian menu makanan sarapan pagi tolong ditambah 😊 Terimakasih","January 24, 2025"
38,377,achyar,Indonesia,Family with young children,Superior Twin,Stayed 1 night in September 2025,8.8,Excellent,Excellent,"Lokasi berdekatan lokasi perkantoran kota cirebon, kamar luas dengan cukup bersih. Kolam renang bersih dengan disediakan handuk. Staf sangat ramah dan menunjukkan inisiatif untuk membantu terutama yg bertugas di kolam renang dan kebun/ taman sekitar kolam. Untuk makanan biasa saja.","September 15, 2025"
38,378,Inne,Indonesia,Business traveler,Superior Twin,Stayed 1 night in January 2025,8.8,Excellent,"Hotel dgn lokasi, fasilitas dan pelayanan memuaskan","Hotel dengan lokasi ditengah kota Cirebon dengan fasilitas lengkap dan pelayanan yg baik, staff yg ramah dan helpfull, membuat perjalanan bisnis menjadi menyenangkan. Kamarnya nyaman, toiletries cukup lengkap, menu breakfast beragam dan rasanya lezat. Terimakasih Hotel Santika Cirebon 🙏🏻","January 14, 2025"
38,379,Sahid,Indonesia,Group,Superior Twin,Stayed 1 night in October 2025,10.0,Exceptional,Exceptional,Tempat yg nyaman buat istirahat saya dn keluarga ketika ke kota Cirebon apalagi kolam renangnya luas dn bersih,"October 14, 2025"
38,380,Maemunah,Indonesia,Family with young children,Superior Twin,Stayed 2 nights in June 2025,9.6,Exceptional,Liburan Mengesankan,"Disambut dengan staf yg ramah dan pelayanan yg baik, kamarnya bersih, fasilitas lainnya lengkap (resto, kolam renang anak dan dewasa, tempat fitness)… next time bisa nginep lagi…","June 15, 2025"
39,381,Ardian,Indonesia,Family with young children,Superior Twin,Stayed 3 nights in July 2022,10.0,Exceptional,Very nice place to stay,"This is the second time we were stay here. Our fam almost have no complain from the premises and their services. Room always clean. Hot water was good. Everyday we got clean car without asking. Their coffeshop was spacious and nice. The pool could accomodate kid and adult, and also no hassle for towel request. We thought only quality of the breakfast that they must improve. We will stay in here for next trip.","August 06, 2022"
39,382,Rosna,Indonesia,Family with teens,Deluxe King,Stayed 1 night in July 2022,9.6,Exceptional,Exceptional,Good place,"August 04, 2022"
39,383,Irfan,Indonesia,Family with teens,Deluxe King,Stayed 2 nights in July 2022,9.2,Exceptional,Extra service,"We met somebody who washed visitors vehicle. Basically, that service was the extraordinary. Great service. Thank you","July 11, 2022"
39,384,Rido,Indonesia,Family with young children,Superior Twin,Stayed 1 night in July 2022,2.0,,Tertinggal Topi & Sajadah,"Says Rido. . Room 401 dan 402. Tertinggal Topi Uniqlo dan Sajadah Buttonscrave. No one from hotel konfirm mengenai ini. Jujur, disappointed..","July 09, 2022"
39,385,didik,Indonesia,Family with young children,Superior Twin,Stayed 1 night in December 2021,8.8,Excellent,Good place to stay,"Good location, good price","June 30, 2022"
39,386,Inne,Indonesia,Family with teens,Superior Twin,Stayed 1 night in January 2025,9.6,Exceptional,Nyamannya menginap di Santika Hotel Cirebon,"Lokasi hotel ditengah kota sangat strategis, dekat dengan pusat perbelanjaan, rumah sakit, transportasi umum, perkantoran. Kebersihannya terjaga dengan baik. Fasilitas kamar cukup lengkap : shower air panas & dingin, toiletries, mini bar, notes & pinsil. Fasilitas hotel cukup lengkap : gym, kolam renang, resto, wifi, tempat parkir luas. Keistimewaan yg berbeda dgn hotel lain, setiap pagi mobil kami sudah kinclong dibersihkan oleh staf hotel 👍🏻👏🏻 Ini kali kedua kami menginap di Santika Hotel Cirebon. Saran : varian menu makanan sarapan pagi tolong ditambah 😊 Terimakasih","January 24, 2025"
39,387,achyar,Indonesia,Family with young children,Superior Twin,Stayed 1 night in September 2025,8.8,Excellent,Excellent,"Lokasi berdekatan lokasi perkantoran kota cirebon, kamar luas dengan cukup bersih. Kolam renang bersih dengan disediakan handuk. Staf sangat ramah dan menunjukkan inisiatif untuk membantu terutama yg bertugas di kolam renang dan kebun/ taman sekitar kolam. Untuk makanan biasa saja.","September 15, 2025"
39,388,Inne,Indonesia,Business traveler,Superior Twin,Stayed 1 night in January 2025,8.8,Excellent,"Hotel dgn lokasi, fasilitas dan pelayanan memuaskan","Hotel dengan lokasi ditengah kota Cirebon dengan fasilitas lengkap dan pelayanan yg baik, staff yg ramah dan helpfull, membuat perjalanan bisnis menjadi menyenangkan. Kamarnya nyaman, toiletries cukup lengkap, menu breakfast beragam dan rasanya lezat. Terimakasih Hotel Santika Cirebon 🙏🏻","January 14, 2025"
39,389,Sahid,Indonesia,Group,Superior Twin,Stayed 1 night in October 2025,10.0,Exceptional,Exceptional,Tempat yg nyaman buat istirahat saya dn keluarga ketika ke kota Cirebon apalagi kolam renangnya luas dn bersih,"October 14, 2025"
39,390,Maemunah,Indonesia,Family with young children,Superior Twin,Stayed 2 nights in June 2025,9.6,Exceptional,Liburan Mengesankan,"Disambut dengan staf yg ramah dan pelayanan yg baik, kamarnya bersih, fasilitas lainnya lengkap (resto, kolam renang anak dan dewasa, tempat fitness)… next time bisa nginep lagi…","June 15, 2025"
40,391,AP,Indonesia,Family with young children,Deluxe King,Stayed 1 night in June 2022,7.6,Very good,Okay,Just an average hotel...the hotel is quite old but the service is quite okay,"June 30, 2022"
40,392,Vera,Indonesia,Family with teens,Deluxe King,Stayed 2 nights in June 2022,8.8,Excellent,Old hotel but has a good maintenance,"After 10 years we choose santika again, anf it is still good, they upgrade our room. Maybe they should clean the sofa from spot of dirt. Swimming pool quite big and has a deep spot. Just input for their breakfast, need more improvement, escp the main course. But overall is ok. We will back here next time","June 29, 2022"
40,393,David,Indonesia,Business traveler,Superior Twin,Stayed 1 night in June 2022,5.6,,Nothing,Old hotel,"June 13, 2022"
40,394,Tan,Indonesia,Couple,Superior Twin,Stayed 1 night in March 2022,7.6,Very good,It's good,The hotel is old but still clean,"June 01, 2022"
40,395,Novita,Indonesia,Family with young children,Superior Twin,Stayed 2 nights in May 2022,8.8,Excellent,Review Hotel Santika Cirebon,Good facilities.. Good services👍🤩,"May 28, 2022"
40,396,Inne,Indonesia,Family with teens,Superior Twin,Stayed 1 night in January 2025,9.6,Exceptional,Nyamannya menginap di Santika Hotel Cirebon,"Lokasi hotel ditengah kota sangat strategis, dekat dengan pusat perbelanjaan, rumah sakit, transportasi umum, perkantoran. Kebersihannya terjaga dengan baik. Fasilitas kamar cukup lengkap : shower air panas & dingin, toiletries, mini bar, notes & pinsil. Fasilitas hotel cukup lengkap : gym, kolam renang, resto, wifi, tempat parkir luas. Keistimewaan yg berbeda dgn hotel lain, setiap pagi mobil kami sudah kinclong dibersihkan oleh staf hotel 👍🏻👏🏻 Ini kali kedua kami menginap di Santika Hotel Cirebon. Saran : varian menu makanan sarapan pagi tolong ditambah 😊 Terimakasih","January 24, 2025"
40,397,achyar,Indonesia,Family with young children,Superior Twin,Stayed 1 night in September 2025,8.8,Excellent,Excellent,"Lokasi berdekatan lokasi perkantoran kota cirebon, kamar luas dengan cukup bersih. Kolam renang bersih dengan disediakan handuk. Staf sangat ramah dan menunjukkan inisiatif untuk membantu terutama yg bertugas di kolam renang dan kebun/ taman sekitar kolam. Untuk makanan biasa saja.","September 15, 2025"
40,398,Inne,Indonesia,Business traveler,Superior Twin,Stayed 1 night in January 2025,8.8,Excellent,"Hotel dgn lokasi, fasilitas dan pelayanan memuaskan","Hotel dengan lokasi ditengah kota Cirebon dengan fasilitas lengkap dan pelayanan yg baik, staff yg ramah dan helpfull, membuat perjalanan bisnis menjadi menyenangkan. Kamarnya nyaman, toiletries cukup lengkap, menu breakfast beragam dan rasanya lezat. Terimakasih Hotel Santika Cirebon 🙏🏻","January 14, 2025"
40,399,Sahid,Indonesia,Group,Superior Twin,Stayed 1 night in October 2025,10.0,Exceptional,Exceptional,Tempat yg nyaman buat istirahat saya dn keluarga ketika ke kota Cirebon apalagi kolam renangnya luas dn bersih,"October 14, 2025"
40,400,Maemunah,Indonesia,Family with young children,Superior Twin,Stayed 2 nights in June 2025,9.6,Exceptional,Liburan Mengesankan,"Disambut dengan staf yg ramah dan pelayanan yg baik, kamarnya bersih, fasilitas lainnya lengkap (resto, kolam renang anak dan dewasa, tempat fitness)… next time bisa nginep lagi…","June 15, 2025"
41,401,LUD,Indonesia,Family with young children,Deluxe King,Stayed 1 night in May 2022,9.6,Exceptional,Exceptional,So Far ok,"May 13, 2022"
41,402,Mahargianto,Indonesia,Family with young children,Superior Twin,Stayed 1 night in May 2022,10.0,Exceptional,Best of Hotel in Cirebon,"In my opinion, this is the best hotel in Cirebon City, there is a large parking area, when it is full there is no need to park on the side of the road. Good breakfast and traditional Cirebon food available. The location of this hotel is close to the center of Cirebon City","May 07, 2022"
41,403,Ronald,Indonesia,Family with young children,Superior Twin,Stayed 1 night in May 2022,9.2,Exceptional,Overall good,"Overall, good experience staying here 1 night.","May 04, 2022"
41,404,Muchamad,Indonesia,Solo traveler,Superior Twin,Stayed 3 nights in December 2021,8.0,Excellent,Very good,Affordable with decent facilities,"February 01, 2022"
41,405,Denny,Indonesia,Couple,Superior Twin,Stayed 1 night in December 2021,9.2,Exceptional,To Keep good need to Re-maintain Facilities,"This hotel is very good for resting with family compared to a minimalist hotel. this hotel is much more comfortable. but because it is old, the furniture should be made fresh again. Suggestion: The toilet in the lobby should be renovated immediately.","December 29, 2021"
41,406,Inne,Indonesia,Family with teens,Superior Twin,Stayed 1 night in January 2025,9.6,Exceptional,Nyamannya menginap di Santika Hotel Cirebon,"Lokasi hotel ditengah kota sangat strategis, dekat dengan pusat perbelanjaan, rumah sakit, transportasi umum, perkantoran. Kebersihannya terjaga dengan baik. Fasilitas kamar cukup lengkap : shower air panas & dingin, toiletries, mini bar, notes & pinsil. Fasilitas hotel cukup lengkap : gym, kolam renang, resto, wifi, tempat parkir luas. Keistimewaan yg berbeda dgn hotel lain, setiap pagi mobil kami sudah kinclong dibersihkan oleh staf hotel 👍🏻👏🏻 Ini kali kedua kami menginap di Santika Hotel Cirebon. Saran : varian menu makanan sarapan pagi tolong ditambah 😊 Terimakasih","January 24, 2025"
41,407,achyar,Indonesia,Family with young children,Superior Twin,Stayed 1 night in September 2025,8.8,Excellent,Excellent,"Lokasi berdekatan lokasi perkantoran kota cirebon, kamar luas dengan cukup bersih. Kolam renang bersih dengan disediakan handuk. Staf sangat ramah dan menunjukkan inisiatif untuk membantu terutama yg bertugas di kolam renang dan kebun/ taman sekitar kolam. Untuk makanan biasa saja.","September 15, 2025"
41,408,Inne,Indonesia,Business traveler,Superior Twin,Stayed 1 night in January 2025,8.8,Excellent,"Hotel dgn lokasi, fasilitas dan pelayanan memuaskan","Hotel dengan lokasi ditengah kota Cirebon dengan fasilitas lengkap dan pelayanan yg baik, staff yg ramah dan helpfull, membuat perjalanan bisnis menjadi menyenangkan. Kamarnya nyaman, toiletries cukup lengkap, menu breakfast beragam dan rasanya lezat. Terimakasih Hotel Santika Cirebon 🙏🏻","January 14, 2025"
41,409,Sahid,Indonesia,Group,Superior Twin,Stayed 1 night in October 2025,10.0,Exceptional,Exceptional,Tempat yg nyaman buat istirahat saya dn keluarga ketika ke kota Cirebon apalagi kolam renangnya luas dn bersih,"October 14, 2025"
41,410,Maemunah,Indonesia,Family with young children,Superior Twin,Stayed 2 nights in June 2025,9.6,Exceptional,Liburan Mengesankan,"Disambut dengan staf yg ramah dan pelayanan yg baik, kamarnya bersih, fasilitas lainnya lengkap (resto, kolam renang anak dan dewasa, tempat fitness)… next time bisa nginep lagi…","June 15, 2025"
42,411,Rossi,Indonesia,Family with young children,Superior Twin,Stayed 1 night in December 2021,10.0,Exceptional,Exceptional,Recomended for staycation with children,"December 10, 2021"
42,412,Oceany,Indonesia,Family with teens,Superior Twin,Stayed 1 night in June 2021,10.0,Exceptional,Recommended,"Good for family vacation, especially if You going with elderly.","June 20, 2021"
42,413,Yulianti,Indonesia,Family with teens,Superior Twin,Stayed 1 night in April 2021,8.0,Excellent,Hotel with good food and location,Hotel with good food and location,"April 19, 2021"
42,414,Yulianti,Indonesia,Family with teens,,Stayed 1 night in April 2021,8.0,Excellent,Hotel with good food and location,Hotel with good food and location,"April 19, 2021"
42,415,karisma,Indonesia,Family with young children,,Stayed 1 night in March 2021,10.0,Exceptional,nice and kind,"the staff is very nice and kind. The breakfast choice is not so much, maybe because of pandemic, but when we ordered dinner the food was very good. overall we satisfied staying the night at this hotel.","March 16, 2021"
42,416,Inne,Indonesia,Family with teens,Superior Twin,Stayed 1 night in January 2025,9.6,Exceptional,Nyamannya menginap di Santika Hotel Cirebon,"Lokasi hotel ditengah kota sangat strategis, dekat dengan pusat perbelanjaan, rumah sakit, transportasi umum, perkantoran. Kebersihannya terjaga dengan baik. Fasilitas kamar cukup lengkap : shower air panas & dingin, toiletries, mini bar, notes & pinsil. Fasilitas hotel cukup lengkap : gym, kolam renang, resto, wifi, tempat parkir luas. Keistimewaan yg berbeda dgn hotel lain, setiap pagi mobil kami sudah kinclong dibersihkan oleh staf hotel 👍🏻👏🏻 Ini kali kedua kami menginap di Santika Hotel Cirebon. Saran : varian menu makanan sarapan pagi tolong ditambah 😊 Terimakasih","January 24, 2025"
42,417,achyar,Indonesia,Family with young children,Superior Twin,Stayed 1 night in September 2025,8.8,Excellent,Excellent,"Lokasi berdekatan lokasi perkantoran kota cirebon, kamar luas dengan cukup bersih. Kolam renang bersih dengan disediakan handuk. Staf sangat ramah dan menunjukkan inisiatif untuk membantu terutama yg bertugas di kolam renang dan kebun/ taman sekitar kolam. Untuk makanan biasa saja.","September 15, 2025"
42,418,Inne,Indonesia,Business traveler,Superior Twin,Stayed 1 night in January 2025,8.8,Excellent,"Hotel dgn lokasi, fasilitas dan pelayanan memuaskan","Hotel dengan lokasi ditengah kota Cirebon dengan fasilitas lengkap dan pelayanan yg baik, staff yg ramah dan helpfull, membuat perjalanan bisnis menjadi menyenangkan. Kamarnya nyaman, toiletries cukup lengkap, menu breakfast beragam dan rasanya lezat. Terimakasih Hotel Santika Cirebon 🙏🏻","January 14, 2025"
42,419,Sahid,Indonesia,Group,Superior Twin,Stayed 1 night in October 2025,10.0,Exceptional,Exceptional,Tempat yg nyaman buat istirahat saya dn keluarga ketika ke kota Cirebon apalagi kolam renangnya luas dn bersih,"October 14, 2025"
42,420,Maemunah,Indonesia,Family with young children,Superior Twin,Stayed 2 nights in June 2025,9.6,Exceptional,Liburan Mengesankan,"Disambut dengan staf yg ramah dan pelayanan yg baik, kamarnya bersih, fasilitas lainnya lengkap (resto, kolam renang anak dan dewasa, tempat fitness)… next time bisa nginep lagi…","June 15, 2025"
43,421,Anatasia,Indonesia,Couple,Room Assigned on Arrival,Stayed 1 night in February 2021,8.0,Excellent,"Good place, clean and great romantic valentine dinner","Good place, clean and great romantic valentine dinner","February 19, 2021"
43,422,Anna,Indonesia,Solo traveler,,Stayed 2 nights in February 2021,9.6,Exceptional,Hotel Santika Cirebon,I loved my stay in Santika Hotel. The staffs were so accommodating and helpful. My room is clean and disinfected. I particularly enjoyed my me time at the pool every night. The foods were delicious. I would definitely go back.,"February 16, 2021"
43,423,Budi,Indonesia,Family with teens,,Stayed 1 night in February 2021,9.6,Exceptional,Light,Minus only in lighting. Not bright enough,"February 16, 2021"
43,424,neti,Indonesia,Family with young children,Superior Twin,Stayed 1 night in January 2021,6.8,Good,One night stay,"Ok, hotel look a bit old. But ok. There’s a guy doing car service and that is big help.","January 09, 2021"
43,425,Amarrarudin,United States,Business traveler,Superior Twin,Stayed 1 night in December 2020,10.0,Exceptional,good,awesome,"January 01, 2021"
43,426,Inne,Indonesia,Family with teens,Superior Twin,Stayed 1 night in January 2025,9.6,Exceptional,Nyamannya menginap di Santika Hotel Cirebon,"Lokasi hotel ditengah kota sangat strategis, dekat dengan pusat perbelanjaan, rumah sakit, transportasi umum, perkantoran. Kebersihannya terjaga dengan baik. Fasilitas kamar cukup lengkap : shower air panas & dingin, toiletries, mini bar, notes & pinsil. Fasilitas hotel cukup lengkap : gym, kolam renang, resto, wifi, tempat parkir luas. Keistimewaan yg berbeda dgn hotel lain, setiap pagi mobil kami sudah kinclong dibersihkan oleh staf hotel 👍🏻👏🏻 Ini kali kedua kami menginap di Santika Hotel Cirebon. Saran : varian menu makanan sarapan pagi tolong ditambah 😊 Terimakasih","January 24, 2025"
43,427,achyar,Indonesia,Family with young children,Superior Twin,Stayed 1 night in September 2025,8.8,Excellent,Excellent,"Lokasi berdekatan lokasi perkantoran kota cirebon, kamar luas dengan cukup bersih. Kolam renang bersih dengan disediakan handuk. Staf sangat ramah dan menunjukkan inisiatif untuk membantu terutama yg bertugas di kolam renang dan kebun/ taman sekitar kolam. Untuk makanan biasa saja.","September 15, 2025"
43,428,Inne,Indonesia,Business traveler,Superior Twin,Stayed 1 night in January 2025,8.8,Excellent,"Hotel dgn lokasi, fasilitas dan pelayanan memuaskan","Hotel dengan lokasi ditengah kota Cirebon dengan fasilitas lengkap dan pelayanan yg baik, staff yg ramah dan helpfull, membuat perjalanan bisnis menjadi menyenangkan. Kamarnya nyaman, toiletries cukup lengkap, menu breakfast beragam dan rasanya lezat. Terimakasih Hotel Santika Cirebon 🙏🏻","January 14, 2025"
43,429,Sahid,Indonesia,Group,Superior Twin,Stayed 1 night in October 2025,10.0,Exceptional,Exceptional,Tempat yg nyaman buat istirahat saya dn keluarga ketika ke kota Cirebon apalagi kolam renangnya luas dn bersih,"October 14, 2025"
43,430,Maemunah,Indonesia,Family with young children,Superior Twin,Stayed 2 nights in June 2025,9.6,Exceptional,Liburan Mengesankan,"Disambut dengan staf yg ramah dan pelayanan yg baik, kamarnya bersih, fasilitas lainnya lengkap (resto, kolam renang anak dan dewasa, tempat fitness)… next time bisa nginep lagi…","June 15, 2025"
44,431,Izmi,Indonesia,Couple,Superior Twin,Stayed 1 night in October 2020,10.0,Exceptional,Nice hotel,"The hotel is nice, good swimming pool, and the staff is friendly and helpful. I would love to stay in Santika Hotel Cirebon again if I travel to Cirebon next time.","November 18, 2020"
44,432,Defi,Indonesia,Family with teens,,Stayed 3 nights in October 2020,6.8,Good,Lack of maintenance,"Below my expectation...i used to like stayed at santika but its gettin old, my a.c room was very noisy and the wifi's very bad also the floor was dirty under the table etc..full of dust, but i still recommend this hotel for the location","November 01, 2020"
44,433,Uli,Indonesia,Solo traveler,,Stayed 1 night in October 2020,7.2,Very good,Below expectation,"Room 405 where I stayed was not squeaky clean. The aircon outlet was dirty. Traces of moved bedpost on the wall. Only one nightstand despite the double bed.. All furniture was dented a lot everywhere. Cracked basin in the bathroom. Swimming pool was out of service. Breakfast was far from delicious. COVID-19 protocol in place though: hand sanitizer (at the lobby entrance, receptionist table and lifts), plastic packed towels in the bathroom.","October 05, 2020"
44,434,Edhi,Indonesia,Couple,Superior Twin,Stayed 1 night in July 2020,9.2,Exceptional,Exceptional,"Going to Cirebon for some business things, we choose Santika. One stop service for your staycation.","August 18, 2020"
44,435,Diah,Indonesia,Family with young children,Superior Twin,Stayed 1 night in August 2020,7.6,Very good,Good,All good,"August 11, 2020"
44,436,Inne,Indonesia,Family with teens,Superior Twin,Stayed 1 night in January 2025,9.6,Exceptional,Nyamannya menginap di Santika Hotel Cirebon,"Lokasi hotel ditengah kota sangat strategis, dekat dengan pusat perbelanjaan, rumah sakit, transportasi umum, perkantoran. Kebersihannya terjaga dengan baik. Fasilitas kamar cukup lengkap : shower air panas & dingin, toiletries, mini bar, notes & pinsil. Fasilitas hotel cukup lengkap : gym, kolam renang, resto, wifi, tempat parkir luas. Keistimewaan yg berbeda dgn hotel lain, setiap pagi mobil kami sudah kinclong dibersihkan oleh staf hotel 👍🏻👏🏻 Ini kali kedua kami menginap di Santika Hotel Cirebon. Saran : varian menu makanan sarapan pagi tolong ditambah 😊 Terimakasih","January 24, 2025"
44,437,achyar,Indonesia,Family with young children,Superior Twin,Stayed 1 night in September 2025,8.8,Excellent,Excellent,"Lokasi berdekatan lokasi perkantoran kota cirebon, kamar luas dengan cukup bersih. Kolam renang bersih dengan disediakan handuk. Staf sangat ramah dan menunjukkan inisiatif untuk membantu terutama yg bertugas di kolam renang dan kebun/ taman sekitar kolam. Untuk makanan biasa saja.","September 15, 2025"
44,438,Inne,Indonesia,Business traveler,Superior Twin,Stayed 1 night in January 2025,8.8,Excellent,"Hotel dgn lokasi, fasilitas dan pelayanan memuaskan","Hotel dengan lokasi ditengah kota Cirebon dengan fasilitas lengkap dan pelayanan yg baik, staff yg ramah dan helpfull, membuat perjalanan bisnis menjadi menyenangkan. Kamarnya nyaman, toiletries cukup lengkap, menu breakfast beragam dan rasanya lezat. Terimakasih Hotel Santika Cirebon 🙏🏻","January 14, 2025"
44,439,Sahid,Indonesia,Group,Superior Twin,Stayed 1 night in October 2025,10.0,Exceptional,Exceptional,Tempat yg nyaman buat istirahat saya dn keluarga ketika ke kota Cirebon apalagi kolam renangnya luas dn bersih,"October 14, 2025"
44,440,Maemunah,Indonesia,Family with young children,Superior Twin,Stayed 2 nights in June 2025,9.6,Exceptional,Liburan Mengesankan,"Disambut dengan staf yg ramah dan pelayanan yg baik, kamarnya bersih, fasilitas lainnya lengkap (resto, kolam renang anak dan dewasa, tempat fitness)… next time bisa nginep lagi…","June 15, 2025"
45,441,Dwi,Indonesia,Family with teens,,Stayed 1 night in August 2020,9.2,Exceptional,Proper accommodation...😎,"My family and I have a blast of excitement this weekend for our short gateway trip. We have no complaint whatsoever, apart from a very short list of dining menu. Still we have tons of places to go for culinary destination. Yet we still managed to follow healthy protocol of this covid pandemic. For sure, we may come again for another holiday. One more thing, my car was given a nice bath so it was clean the next morning. Just give them a nifty changes.","August 09, 2020"
45,442,Keleri,Indonesia,Group,,Stayed 1 night in July 2020,8.0,Excellent,Clean Hotel,"The hotel is a bit old, but clean.","July 27, 2020"
45,443,ismail,Indonesia,Couple,Superior Twin,Stayed 2 nights in June 2020,8.8,Excellent,Best for sanitation,when it comes to desinfect your rooms and amenities. I 100% trust Santika.,"July 01, 2020"
45,444,Ade,Indonesia,Couple,Superior Twin,Stayed 1 night in June 2020,8.0,Excellent,Recommended stay in Cirebon,"Comfy & clean room. But furniture a bit rundown, upgrade / refurbishing needed. Overall, we enjoyed our stay. Recommended.","June 07, 2020"
45,445,Novita,Indonesia,Family with young children,Superior Twin,Stayed 1 night in December 2019,7.6,Very good,old but comfy,"it has some ages, but in general well maintained. Food is nice, many option, strategic location, the water in the swimming pool is warm.","March 13, 2020"
45,446,Inne,Indonesia,Family with teens,Superior Twin,Stayed 1 night in January 2025,9.6,Exceptional,Nyamannya menginap di Santika Hotel Cirebon,"Lokasi hotel ditengah kota sangat strategis, dekat dengan pusat perbelanjaan, rumah sakit, transportasi umum, perkantoran. Kebersihannya terjaga dengan baik. Fasilitas kamar cukup lengkap : shower air panas & dingin, toiletries, mini bar, notes & pinsil. Fasilitas hotel cukup lengkap : gym, kolam renang, resto, wifi, tempat parkir luas. Keistimewaan yg berbeda dgn hotel lain, setiap pagi mobil kami sudah kinclong dibersihkan oleh staf hotel 👍🏻👏🏻 Ini kali kedua kami menginap di Santika Hotel Cirebon. Saran : varian menu makanan sarapan pagi tolong ditambah 😊 Terimakasih","January 24, 2025"
45,447,achyar,Indonesia,Family with young children,Superior Twin,Stayed 1 night in September 2025,8.8,Excellent,Excellent,"Lokasi berdekatan lokasi perkantoran kota cirebon, kamar luas dengan cukup bersih. Kolam renang bersih dengan disediakan handuk. Staf sangat ramah dan menunjukkan inisiatif untuk membantu terutama yg bertugas di kolam renang dan kebun/ taman sekitar kolam. Untuk makanan biasa saja.","September 15, 2025"
45,448,Inne,Indonesia,Business traveler,Superior Twin,Stayed 1 night in January 2025,8.8,Excellent,"Hotel dgn lokasi, fasilitas dan pelayanan memuaskan","Hotel dengan lokasi ditengah kota Cirebon dengan fasilitas lengkap dan pelayanan yg baik, staff yg ramah dan helpfull, membuat perjalanan bisnis menjadi menyenangkan. Kamarnya nyaman, toiletries cukup lengkap, menu breakfast beragam dan rasanya lezat. Terimakasih Hotel Santika Cirebon 🙏🏻","January 14, 2025"
45,449,Sahid,Indonesia,Group,Superior Twin,Stayed 1 night in October 2025,10.0,Exceptional,Exceptional,Tempat yg nyaman buat istirahat saya dn keluarga ketika ke kota Cirebon apalagi kolam renangnya luas dn bersih,"October 14, 2025"
45,450,Maemunah,Indonesia,Family with young children,Superior Twin,Stayed 2 nights in June 2025,9.6,Exceptional,Liburan Mengesankan,"Disambut dengan staf yg ramah dan pelayanan yg baik, kamarnya bersih, fasilitas lainnya lengkap (resto, kolam renang anak dan dewasa, tempat fitness)… next time bisa nginep lagi…","June 15, 2025"
46,451,Daniel,Indonesia,Family with young children,Superior Twin,Stayed 2 nights in December 2019,10.0,Exceptional,Exceptional,First time for my family celebrated old & new in Cirebon. The hotel invited us for gala dinner with so many hotel voucher door prizes. I loved to stay here for my son enjoy swimming. The hotel near the city and Cirebon Super Block (one of big Mall in Cirebon).,"January 06, 2020"
46,452,Diana,Indonesia,Couple,Superior Twin,Stayed 1 night in December 2019,7.6,Very good,Old hotel,"Old hotel but still packed with occupants. The bedsheet color was already turned into greyish. Got a room on the fourth floor, did not know how and why people upstairs seemed to love to move the furniture every night started at 10PM till 3:30AM, we stayed 3 nights. So annoying they intermittenly moved the furniture. Other than that, our stay was okay","January 03, 2020"
46,453,ROBERTUS,Indonesia,Family with teens,Superior Twin,Stayed 1 night in December 2019,9.2,Exceptional,The hotel was great and quite old. The staffs are not as friendly as I thought.,The room was comfy and spacious for 3 person. The fitness facilities quite old and the equipments are not as good as the other. The food was excellent and delicious. It's location is strategic and great,"December 26, 2019"
46,454,Tri,Indonesia,Business traveler,Superior Twin,Stayed 1 night in November 2019,10.0,Exceptional,good hotel,"friendly staff, good facilities, good food","December 02, 2019"
46,455,Vitrie,Indonesia,Family with teens,Superior Twin,Stayed 1 night in November 2019,8.4,Excellent,Weekend trip,Even the room not soundproof; hear many from outside and up floor but the bed is ok. The food taste good.,"November 27, 2019"
46,456,Inne,Indonesia,Family with teens,Superior Twin,Stayed 1 night in January 2025,9.6,Exceptional,Nyamannya menginap di Santika Hotel Cirebon,"Lokasi hotel ditengah kota sangat strategis, dekat dengan pusat perbelanjaan, rumah sakit, transportasi umum, perkantoran. Kebersihannya terjaga dengan baik. Fasilitas kamar cukup lengkap : shower air panas & dingin, toiletries, mini bar, notes & pinsil. Fasilitas hotel cukup lengkap : gym, kolam renang, resto, wifi, tempat parkir luas. Keistimewaan yg berbeda dgn hotel lain, setiap pagi mobil kami sudah kinclong dibersihkan oleh staf hotel 👍🏻👏🏻 Ini kali kedua kami menginap di Santika Hotel Cirebon. Saran : varian menu makanan sarapan pagi tolong ditambah 😊 Terimakasih","January 24, 2025"
46,457,achyar,Indonesia,Family with young children,Superior Twin,Stayed 1 night in September 2025,8.8,Excellent,Excellent,"Lokasi berdekatan lokasi perkantoran kota cirebon, kamar luas dengan cukup bersih. Kolam renang bersih dengan disediakan handuk. Staf sangat ramah dan menunjukkan inisiatif untuk membantu terutama yg bertugas di kolam renang dan kebun/ taman sekitar kolam. Untuk makanan biasa saja.","September 15, 2025"
46,458,Inne,Indonesia,Business traveler,Superior Twin,Stayed 1 night in January 2025,8.8,Excellent,"Hotel dgn lokasi, fasilitas dan pelayanan memuaskan","Hotel dengan lokasi ditengah kota Cirebon dengan fasilitas lengkap dan pelayanan yg baik, staff yg ramah dan helpfull, membuat perjalanan bisnis menjadi menyenangkan. Kamarnya nyaman, toiletries cukup lengkap, menu breakfast beragam dan rasanya lezat. Terimakasih Hotel Santika Cirebon 🙏🏻","January 14, 2025"
46,459,Sahid,Indonesia,Group,Superior Twin,Stayed 1 night in October 2025,10.0,Exceptional,Exceptional,Tempat yg nyaman buat istirahat saya dn keluarga ketika ke kota Cirebon apalagi kolam renangnya luas dn bersih,"October 14, 2025"
46,460,Maemunah,Indonesia,Family with young children,Superior Twin,Stayed 2 nights in June 2025,9.6,Exceptional,Liburan Mengesankan,"Disambut dengan staf yg ramah dan pelayanan yg baik, kamarnya bersih, fasilitas lainnya lengkap (resto, kolam renang anak dan dewasa, tempat fitness)… next time bisa nginep lagi…","June 15, 2025"
47,461,Arturo,Spain,Business traveler,Superior Twin,Stayed 1 night in September 2019,8.8,Excellent,GOOD LOCATED HOTEL WITH FRIENDLY STAFF AND GOOD AMENITIES. BREAKFAST THE BEST,A good hotel with wonderful cousine and friendly staff,"September 20, 2019"
47,462,Stefany,Indonesia,Family with young children,Superior Twin,Stayed 2 nights in August 2019,8.4,Excellent,nice,"The hotel, the staff, the breakfast all together made our vacation happy ! thanks Santika","August 26, 2019"
47,463,Mika,Australia,Couple,Deluxe King,Stayed 1 night in July 2019,9.2,Exceptional,Breakfast Staff Lazy and unattentive,"Front desk and welcome were excellent. Breakfast staff were silly girls playing around and not being attentive, many dirty tables, yet playing mobile phone and giggling, instead of working. Went elsewhere for coffee. Otherwise hotel was really co.mfy","July 26, 2019"
47,464,Desiana,Indonesia,Solo traveler,Executive King,Stayed 1 night in July 2019,10.0,Exceptional,Nice and friendly hotel,"Pegawainya Ramah,","July 07, 2019"
47,465,Rina,Indonesia,Couple,Superior Twin,Stayed 1 night in August 2018,10.0,Exceptional,Exceptional,Oldies but goodies,"July 01, 2019"
47,466,Inne,Indonesia,Family with teens,Superior Twin,Stayed 1 night in January 2025,9.6,Exceptional,Nyamannya menginap di Santika Hotel Cirebon,"Lokasi hotel ditengah kota sangat strategis, dekat dengan pusat perbelanjaan, rumah sakit, transportasi umum, perkantoran. Kebersihannya terjaga dengan baik. Fasilitas kamar cukup lengkap : shower air panas & dingin, toiletries, mini bar, notes & pinsil. Fasilitas hotel cukup lengkap : gym, kolam renang, resto, wifi, tempat parkir luas. Keistimewaan yg berbeda dgn hotel lain, setiap pagi mobil kami sudah kinclong dibersihkan oleh staf hotel 👍🏻👏🏻 Ini kali kedua kami menginap di Santika Hotel Cirebon. Saran : varian menu makanan sarapan pagi tolong ditambah 😊 Terimakasih","January 24, 2025"
47,467,achyar,Indonesia,Family with young children,Superior Twin,Stayed 1 night in September 2025,8.8,Excellent,Excellent,"Lokasi berdekatan lokasi perkantoran kota cirebon, kamar luas dengan cukup bersih. Kolam renang bersih dengan disediakan handuk. Staf sangat ramah dan menunjukkan inisiatif untuk membantu terutama yg bertugas di kolam renang dan kebun/ taman sekitar kolam. Untuk makanan biasa saja.","September 15, 2025"
47,468,Inne,Indonesia,Business traveler,Superior Twin,Stayed 1 night in January 2025,8.8,Excellent,"Hotel dgn lokasi, fasilitas dan pelayanan memuaskan","Hotel dengan lokasi ditengah kota Cirebon dengan fasilitas lengkap dan pelayanan yg baik, staff yg ramah dan helpfull, membuat perjalanan bisnis menjadi menyenangkan. Kamarnya nyaman, toiletries cukup lengkap, menu breakfast beragam dan rasanya lezat. Terimakasih Hotel Santika Cirebon 🙏🏻","January 14, 2025"
47,469,Sahid,Indonesia,Group,Superior Twin,Stayed 1 night in October 2025,10.0,Exceptional,Exceptional,Tempat yg nyaman buat istirahat saya dn keluarga ketika ke kota Cirebon apalagi kolam renangnya luas dn bersih,"October 14, 2025"
47,470,Maemunah,Indonesia,Family with young children,Superior Twin,Stayed 2 nights in June 2025,9.6,Exceptional,Liburan Mengesankan,"Disambut dengan staf yg ramah dan pelayanan yg baik, kamarnya bersih, fasilitas lainnya lengkap (resto, kolam renang anak dan dewasa, tempat fitness)… next time bisa nginep lagi…","June 15, 2025"
48,471,Adi,Indonesia,Family with young children,Superior Twin,Stayed 1 night in June 2019,8.0,Excellent,Very good,"Overall, we enjoyed our stay at the hotel. The staff are friendly and helpful, the room was clean and the most important the kids loved the swimming pool.","June 10, 2019"
48,472,Ucu,Indonesia,Family with young children,Superior Twin,Stayed 5 nights in June 2018,6.8,Good,Old Hotel,Need restoration for some part of the buildings.,"June 03, 2019"
48,473,Arturo,Spain,Business traveler,Superior Twin,Stayed 1 night in May 2019,7.6,Very good,Beatiful hotel if you want to feel in a tropical resort. Excellent food.,"I go often to Cirebon and this is one of the preferred place. You feel like a resort, the staff is very pleasant and the breakfast is a must try indonesian breakfast although if you are coward eater, you have wide selection of bread and pastries. Great swimming pool.","May 14, 2019"
48,474,SAHARIMAN,Malaysia,Business traveler,Superior Twin,Stayed 1 night in February 2019,8.0,Excellent,ok,ok,"February 23, 2019"
48,475,SAHARIMAN,Malaysia,Business traveler,Superior Twin,Stayed 1 night in February 2019,8.0,Excellent,ok,ok,"February 23, 2019"
48,476,Inne,Indonesia,Family with teens,Superior Twin,Stayed 1 night in January 2025,9.6,Exceptional,Nyamannya menginap di Santika Hotel Cirebon,"Lokasi hotel ditengah kota sangat strategis, dekat dengan pusat perbelanjaan, rumah sakit, transportasi umum, perkantoran. Kebersihannya terjaga dengan baik. Fasilitas kamar cukup lengkap : shower air panas & dingin, toiletries, mini bar, notes & pinsil. Fasilitas hotel cukup lengkap : gym, kolam renang, resto, wifi, tempat parkir luas. Keistimewaan yg berbeda dgn hotel lain, setiap pagi mobil kami sudah kinclong dibersihkan oleh staf hotel 👍🏻👏🏻 Ini kali kedua kami menginap di Santika Hotel Cirebon. Saran : varian menu makanan sarapan pagi tolong ditambah 😊 Terimakasih","January 24, 2025"
48,477,achyar,Indonesia,Family with young children,Superior Twin,Stayed 1 night in September 2025,8.8,Excellent,Excellent,"Lokasi berdekatan lokasi perkantoran kota cirebon, kamar luas dengan cukup bersih. Kolam renang bersih dengan disediakan handuk. Staf sangat ramah dan menunjukkan inisiatif untuk membantu terutama yg bertugas di kolam renang dan kebun/ taman sekitar kolam. Untuk makanan biasa saja.","September 15, 2025"
48,478,Inne,Indonesia,Business traveler,Superior Twin,Stayed 1 night in January 2025,8.8,Excellent,"Hotel dgn lokasi, fasilitas dan pelayanan memuaskan","Hotel dengan lokasi ditengah kota Cirebon dengan fasilitas lengkap dan pelayanan yg baik, staff yg ramah dan helpfull, membuat perjalanan bisnis menjadi menyenangkan. Kamarnya nyaman, toiletries cukup lengkap, menu breakfast beragam dan rasanya lezat. Terimakasih Hotel Santika Cirebon 🙏🏻","January 14, 2025"
48,479,Sahid,Indonesia,Group,Superior Twin,Stayed 1 night in October 2025,10.0,Exceptional,Exceptional,Tempat yg nyaman buat istirahat saya dn keluarga ketika ke kota Cirebon apalagi kolam renangnya luas dn bersih,"October 14, 2025"
48,480,Maemunah,Indonesia,Family with young children,Superior Twin,Stayed 2 nights in June 2025,9.6,Exceptional,Liburan Mengesankan,"Disambut dengan staf yg ramah dan pelayanan yg baik, kamarnya bersih, fasilitas lainnya lengkap (resto, kolam renang anak dan dewasa, tempat fitness)… next time bisa nginep lagi…","June 15, 2025"
49,481,Widianti,Indonesia,Family with young children,Superior Twin,Stayed 2 nights in February 2019,8.8,Excellent,Excellent,"Semuanya baik, kecuali permintaan kasur double yg ternyata kasur twins yg disatukan. But overall it’s ok.","February 20, 2019"
49,482,liris,Indonesia,Family with teens,Superior Twin,Stayed 1 night in January 2019,9.2,Exceptional,cirebon tradition in a pack of hotel,"the building is so cirebon, there is tarling music, and the food is also good with cirebon style. the staff is great! thanks santika.","January 17, 2019"
49,483,WILLIAM,Indonesia,Family with young children,Superior Twin,Stayed 1 night in January 2019,9.2,Exceptional,Good staffs and hospitality,Good staffs and hospitality,"January 03, 2019"
49,484,Santoso,Indonesia,Family with teens,Deluxe King,Stayed 1 night in December 2018,7.2,Very good,One night in Cirebon,"Check in was swift, even though at 4pm we still need to wait a bit for the room to be ready. Staff is friendly enough. Room is a bit dated but clean enough. No warm shower though. It is either very hot or cold water. Breakfast varieties is good enough but quality of the food is so so.","December 24, 2018"
49,485,maharani,Indonesia,Family with young children,Superior Twin,Stayed 2 nights in December 2018,10.0,Exceptional,Exceptional,"good food, nice room, nice place over all good hotel","December 11, 2018"
49,486,Inne,Indonesia,Family with teens,Superior Twin,Stayed 1 night in January 2025,9.6,Exceptional,Nyamannya menginap di Santika Hotel Cirebon,"Lokasi hotel ditengah kota sangat strategis, dekat dengan pusat perbelanjaan, rumah sakit, transportasi umum, perkantoran. Kebersihannya terjaga dengan baik. Fasilitas kamar cukup lengkap : shower air panas & dingin, toiletries, mini bar, notes & pinsil. Fasilitas hotel cukup lengkap : gym, kolam renang, resto, wifi, tempat parkir luas. Keistimewaan yg berbeda dgn hotel lain, setiap pagi mobil kami sudah kinclong dibersihkan oleh staf hotel 👍🏻👏🏻 Ini kali kedua kami menginap di Santika Hotel Cirebon. Saran : varian menu makanan sarapan pagi tolong ditambah 😊 Terimakasih","January 24, 2025"
49,487,achyar,Indonesia,Family with young children,Superior Twin,Stayed 1 night in September 2025,8.8,Excellent,Excellent,"Lokasi berdekatan lokasi perkantoran kota cirebon, kamar luas dengan cukup bersih. Kolam renang bersih dengan disediakan handuk. Staf sangat ramah dan menunjukkan inisiatif untuk membantu terutama yg bertugas di kolam renang dan kebun/ taman sekitar kolam. Untuk makanan biasa saja.","September 15, 2025"
49,488,Inne,Indonesia,Business traveler,Superior Twin,Stayed 1 night in January 2025,8.8,Excellent,"Hotel dgn lokasi, fasilitas dan pelayanan memuaskan","Hotel dengan lokasi ditengah kota Cirebon dengan fasilitas lengkap dan pelayanan yg baik, staff yg ramah dan helpfull, membuat perjalanan bisnis menjadi menyenangkan. Kamarnya nyaman, toiletries cukup lengkap, menu breakfast beragam dan rasanya lezat. Terimakasih Hotel Santika Cirebon 🙏🏻","January 14, 2025"
49,489,Sahid,Indonesia,Group,Superior Twin,Stayed 1 night in October 2025,10.0,Exceptional,Exceptional,Tempat yg nyaman buat istirahat saya dn keluarga ketika ke kota Cirebon apalagi kolam renangnya luas dn bersih,"October 14, 2025"
49,490,Maemunah,Indonesia,Family with young children,Superior Twin,Stayed 2 nights in June 2025,9.6,Exceptional,Liburan Mengesankan,"Disambut dengan staf yg ramah dan pelayanan yg baik, kamarnya bersih, fasilitas lainnya lengkap (resto, kolam renang anak dan dewasa, tempat fitness)… next time bisa nginep lagi…","June 15, 2025"
50,491,RENNY,Indonesia,Solo traveler,Superior Twin,Stayed 1 night in October 2018,9.2,Exceptional,Nice place to stay,"Love my stay at Santika Hotel Cirebon, everything is good👍","October 08, 2018"
50,492,Amy,Singapore,Business traveler,Superior Twin,Stayed 4 nights in August 2018,9.6,Exceptional,Exceptional,Clean. Good Services. Quiet. Resort environment. Staff very friendly.,"August 14, 2018"
50,493,Arturo,Spain,Business traveler,Superior Twin,Stayed 1 night in August 2018,8.0,Excellent,Best breakfast in Cirebon with a nice garden and swimming pool,The best of this hotel is the staff and the breakfast. Also very advisable for dinning in the garden with soft local music play for a band but bring a big amount of mosquito lotion. Rooms are big and nice but needs some maintenance.,"August 06, 2018"
50,494,Indra,Indonesia,Family with young children,Deluxe King,Stayed 1 night in July 2018,9.6,Exceptional,Lokasi strategis,"Meninap dadakan dapat harga kurang lebih 800rb per malam, breakfast oke lokasi juga di tengah kota","July 31, 2018"
50,495,Arie,Indonesia,Family with young children,Superior Twin,Stayed 2 nights in February 2018,6.4,Good,"Old but Clean, Kids love the Swimming Pool",The Location is not centered but near to some of our target spots Kids love the pool but the room is not too spacious Probably will find another alternative next time,"July 09, 2018"
50,496,Inne,Indonesia,Family with teens,Superior Twin,Stayed 1 night in January 2025,9.6,Exceptional,Nyamannya menginap di Santika Hotel Cirebon,"Lokasi hotel ditengah kota sangat strategis, dekat dengan pusat perbelanjaan, rumah sakit, transportasi umum, perkantoran. Kebersihannya terjaga dengan baik. Fasilitas kamar cukup lengkap : shower air panas & dingin, toiletries, mini bar, notes & pinsil. Fasilitas hotel cukup lengkap : gym, kolam renang, resto, wifi, tempat parkir luas. Keistimewaan yg berbeda dgn hotel lain, setiap pagi mobil kami sudah kinclong dibersihkan oleh staf hotel 👍🏻👏🏻 Ini kali kedua kami menginap di Santika Hotel Cirebon. Saran : varian menu makanan sarapan pagi tolong ditambah 😊 Terimakasih","January 24, 2025"
50,497,achyar,Indonesia,Family with young children,Superior Twin,Stayed 1 night in September 2025,8.8,Excellent,Excellent,"Lokasi berdekatan lokasi perkantoran kota cirebon, kamar luas dengan cukup bersih. Kolam renang bersih dengan disediakan handuk. Staf sangat ramah dan menunjukkan inisiatif untuk membantu terutama yg bertugas di kolam renang dan kebun/ taman sekitar kolam. Untuk makanan biasa saja.","September 15, 2025"
50,498,Inne,Indonesia,Business traveler,Superior Twin,Stayed 1 night in January 2025,8.8,Excellent,"Hotel dgn lokasi, fasilitas dan pelayanan memuaskan","Hotel dengan lokasi ditengah kota Cirebon dengan fasilitas lengkap dan pelayanan yg baik, staff yg ramah dan helpfull, membuat perjalanan bisnis menjadi menyenangkan. Kamarnya nyaman, toiletries cukup lengkap, menu breakfast beragam dan rasanya lezat. Terimakasih Hotel Santika Cirebon 🙏🏻","January 14, 2025"
50,499,Sahid,Indonesia,Group,Superior Twin,Stayed 1 night in October 2025,10.0,Exceptional,Exceptional,Tempat yg nyaman buat istirahat saya dn keluarga ketika ke kota Cirebon apalagi kolam renangnya luas dn bersih,"October 14, 2025"
50,500,Maemunah,Indonesia,Family with young children,Superior Twin,Stayed 2 nights in June 2025,9.6,Exceptional,Liburan Mengesankan,"Disambut dengan staf yg ramah dan pelayanan yg baik, kamarnya bersih, fasilitas lainnya lengkap (resto, kolam renang anak dan dewasa, tempat fitness)… next time bisa nginep lagi…","June 15, 2025"
51,501,selly,Indonesia,Family with young children,Superior Twin,Stayed 1 night in July 2018,9.6,Exceptional,"Excellent location, value for money","The hotel is located very near from the train station and there are lots of delicious food stalls nearby to explore. The room is spacious and comfortable, just need a little bit more care in keeping it really dust-free since the floor is wood. The food is delicious and has lots of varieties, even for a 3-star hotel. The staffs are very attentive and helpful. We definitely will stay here again when we visit Cirebon in the future.","July 07, 2018"
51,502,Muhammad,Indonesia,Family with young children,Superior Twin,Stayed 1 night in September 2017,8.0,Excellent,Nice,A good place for family trip,"July 06, 2018"
51,503,Sekar,Indonesia,Family with teens,Deluxe King,Stayed 1 night in June 2018,9.6,Exceptional,90,900,"June 25, 2018"
51,504,DENY,Indonesia,Family with teens,Superior Twin,Stayed 1 night in June 2018,8.0,Excellent,good hotel,"spaciois room , good services, but breakfast is so so","June 22, 2018"
51,505,Hubazurine,Indonesia,Family with young children,Superior Twin,Stayed 1 night in May 2018,9.6,Exceptional,"Best services, nice pool","Old hotel but perfect, nice pool, good breakfast and best services","May 07, 2018"
51,506,Inne,Indonesia,Family with teens,Superior Twin,Stayed 1 night in January 2025,9.6,Exceptional,Nyamannya menginap di Santika Hotel Cirebon,"Lokasi hotel ditengah kota sangat strategis, dekat dengan pusat perbelanjaan, rumah sakit, transportasi umum, perkantoran. Kebersihannya terjaga dengan baik. Fasilitas kamar cukup lengkap : shower air panas & dingin, toiletries, mini bar, notes & pinsil. Fasilitas hotel cukup lengkap : gym, kolam renang, resto, wifi, tempat parkir luas. Keistimewaan yg berbeda dgn hotel lain, setiap pagi mobil kami sudah kinclong dibersihkan oleh staf hotel 👍🏻👏🏻 Ini kali kedua kami menginap di Santika Hotel Cirebon. Saran : varian menu makanan sarapan pagi tolong ditambah 😊 Terimakasih","January 24, 2025"
51,507,achyar,Indonesia,Family with young children,Superior Twin,Stayed 1 night in September 2025,8.8,Excellent,Excellent,"Lokasi berdekatan lokasi perkantoran kota cirebon, kamar luas dengan cukup bersih. Kolam renang bersih dengan disediakan handuk. Staf sangat ramah dan menunjukkan inisiatif untuk membantu terutama yg bertugas di kolam renang dan kebun/ taman sekitar kolam. Untuk makanan biasa saja.","September 15, 2025"
51,508,Inne,Indonesia,Business traveler,Superior Twin,Stayed 1 night in January 2025,8.8,Excellent,"Hotel dgn lokasi, fasilitas dan pelayanan memuaskan","Hotel dengan lokasi ditengah kota Cirebon dengan fasilitas lengkap dan pelayanan yg baik, staff yg ramah dan helpfull, membuat perjalanan bisnis menjadi menyenangkan. Kamarnya nyaman, toiletries cukup lengkap, menu breakfast beragam dan rasanya lezat. Terimakasih Hotel Santika Cirebon 🙏🏻","January 14, 2025"
51,509,Sahid,Indonesia,Group,Superior Twin,Stayed 1 night in October 2025,10.0,Exceptional,Exceptional,Tempat yg nyaman buat istirahat saya dn keluarga ketika ke kota Cirebon apalagi kolam renangnya luas dn bersih,"October 14, 2025"
51,510,Maemunah,Indonesia,Family with young children,Superior Twin,Stayed 2 nights in June 2025,9.6,Exceptional,Liburan Mengesankan,"Disambut dengan staf yg ramah dan pelayanan yg baik, kamarnya bersih, fasilitas lainnya lengkap (resto, kolam renang anak dan dewasa, tempat fitness)… next time bisa nginep lagi…","June 15, 2025"
52,511,Arturo,Spain,Business traveler,Superior Twin,Stayed 2 nights in April 2018,7.6,Very good,Good hotel with excellent Indonesian breakfast and great swimming pool,Maintenance is poor: broken toilette and safe box but maintenance came fast. If you wanna taste good Indonesian dishes in the morning you have a good selection.,"May 04, 2018"
52,512,Fredy,Indonesia,Family with young children,Superior Twin,Stayed 1 night in April 2018,9.2,Exceptional,I hope I can stay longer,"I had a very short but pleasant stay at Hotel Santika. The location is very strategic and not far from shopping malls, traditional market, souvenir shop, gas station, mini market, and so on. I love the swimming pool and gym, which is well equipped for me. The breakfast has quite a selection of menu, especially the local foods and snacks. They even wash our cars early in the morning!","April 26, 2018"
52,513,Rizky,Indonesia,Group,Superior Twin,Stayed 2 nights in March 2018,8.0,Excellent,good hotel with some of understandable flaw,"the staffs are very friendly, and the room is neat and clean, but on the second day we're very disappointed with the breakfast, its still 8:45am but most of the breakfast buffet already empty and there are no tea or coffee ready at the time, it take a while for the staff to refill it (after we complain), they seems understaff but the breakfast is better on the next day and they are more prepared. And the next disappointment that our room is cleaned on afternoon around 3:30 pm, well we understand that its a long weekend, the hotel is fully booked, besides all that the hotel is good, and near the shopping district","April 02, 2018"
52,514,Natawari,Indonesia,Family with young children,Superior Twin,Stayed 3 nights in February 2018,6.8,Good,its worth for money,But the facilities such a lift need to be renewed,"March 01, 2018"
52,515,Andi,Indonesia,Family with young children,Deluxe King,Stayed 2 nights in April 2017,8.4,Excellent,Nice place for family,"Good food, friendly staff.","February 21, 2018"
52,516,Inne,Indonesia,Family with teens,Superior Twin,Stayed 1 night in January 2025,9.6,Exceptional,Nyamannya menginap di Santika Hotel Cirebon,"Lokasi hotel ditengah kota sangat strategis, dekat dengan pusat perbelanjaan, rumah sakit, transportasi umum, perkantoran. Kebersihannya terjaga dengan baik. Fasilitas kamar cukup lengkap : shower air panas & dingin, toiletries, mini bar, notes & pinsil. Fasilitas hotel cukup lengkap : gym, kolam renang, resto, wifi, tempat parkir luas. Keistimewaan yg berbeda dgn hotel lain, setiap pagi mobil kami sudah kinclong dibersihkan oleh staf hotel 👍🏻👏🏻 Ini kali kedua kami menginap di Santika Hotel Cirebon. Saran : varian menu makanan sarapan pagi tolong ditambah 😊 Terimakasih","January 24, 2025"
52,517,achyar,Indonesia,Family with young children,Superior Twin,Stayed 1 night in September 2025,8.8,Excellent,Excellent,"Lokasi berdekatan lokasi perkantoran kota cirebon, kamar luas dengan cukup bersih. Kolam renang bersih dengan disediakan handuk. Staf sangat ramah dan menunjukkan inisiatif untuk membantu terutama yg bertugas di kolam renang dan kebun/ taman sekitar kolam. Untuk makanan biasa saja.","September 15, 2025"
52,518,Inne,Indonesia,Business traveler,Superior Twin,Stayed 1 night in January 2025,8.8,Excellent,"Hotel dgn lokasi, fasilitas dan pelayanan memuaskan","Hotel dengan lokasi ditengah kota Cirebon dengan fasilitas lengkap dan pelayanan yg baik, staff yg ramah dan helpfull, membuat perjalanan bisnis menjadi menyenangkan. Kamarnya nyaman, toiletries cukup lengkap, menu breakfast beragam dan rasanya lezat. Terimakasih Hotel Santika Cirebon 🙏🏻","January 14, 2025"
52,519,Sahid,Indonesia,Group,Superior Twin,Stayed 1 night in October 2025,10.0,Exceptional,Exceptional,Tempat yg nyaman buat istirahat saya dn keluarga ketika ke kota Cirebon apalagi kolam renangnya luas dn bersih,"October 14, 2025"
52,520,Maemunah,Indonesia,Family with young children,Superior Twin,Stayed 2 nights in June 2025,9.6,Exceptional,Liburan Mengesankan,"Disambut dengan staf yg ramah dan pelayanan yg baik, kamarnya bersih, fasilitas lainnya lengkap (resto, kolam renang anak dan dewasa, tempat fitness)… next time bisa nginep lagi…","June 15, 2025"
53,521,MP,Indonesia,Family with young children,Superior Twin,Stayed 1 night in February 2018,5.2,,Not Suitable for family with kids.,"Well. they know that we are booking two rooms for family with infant. but they put us in smoking room. becouse the rooms is full. our room is still have cigarette odor in it. though the pool is pretty descent, pretty big with minimum chlorine. and hotel has no fasility for children to play indoor. pretty dissapointed with this hotel.","February 05, 2018"
53,522,Wella,Indonesia,Family with teens,Superior Twin,Stayed 1 night in January 2018,8.0,Excellent,Nice Breakfast and Pool,"Rooms still using kind of bit old furniture, wifi great. Pool is great, and the scenery is lush green garder, nice to relax. Breakfast was also the best, many options including local dishes and traditional cart/booth.","January 18, 2018"
53,523,Fanny,Indonesia,Family with young children,Superior Twin,Stayed 1 night in January 2018,9.2,Exceptional,Exceptional,The hotel building is old but the facilites well maintained. Very nice and helpfull staff. Breakfast menu has many options. The hotel staff also wash our car. Impressed with the service. Will be back again someday.,"January 08, 2018"
53,524,Mira,Indonesia,Family with young children,Superior Twin,Stayed 1 night in December 2017,10.0,Exceptional,Quick but nice,"We olny stayed for one night and didn't get to the hotel until 8 pm due to traffic. The room was great, the swimming pool was nice. The food they have for breakfast is varied and delicious. Definitely will come back if we ever come to the city again.","December 27, 2017"
53,525,Rizky,Indonesia,Business traveler,Superior Twin,Stayed 2 nights in November 2017,8.8,Excellent,I wish they have more variants for breakfast,"I have a huge hope when I went to Santika. I knew the property in Surabaya has a very good breakfast variants. The service are excellence!! You do not even need to ask, they knew when you need something! Superb services. The only thing drag me down was the MASSAGE service. I ordered massage service around 7.50pm, and the masseuse came almost 1 hour after. And the disappointment came when the masseuse said that she can only massage for 30 minutes since it's already too late. They even did not mentioned 30 minutes massage services. The shortest is 60 minutes. How unprofessional!","December 26, 2017"
53,526,Inne,Indonesia,Family with teens,Superior Twin,Stayed 1 night in January 2025,9.6,Exceptional,Nyamannya menginap di Santika Hotel Cirebon,"Lokasi hotel ditengah kota sangat strategis, dekat dengan pusat perbelanjaan, rumah sakit, transportasi umum, perkantoran. Kebersihannya terjaga dengan baik. Fasilitas kamar cukup lengkap : shower air panas & dingin, toiletries, mini bar, notes & pinsil. Fasilitas hotel cukup lengkap : gym, kolam renang, resto, wifi, tempat parkir luas. Keistimewaan yg berbeda dgn hotel lain, setiap pagi mobil kami sudah kinclong dibersihkan oleh staf hotel 👍🏻👏🏻 Ini kali kedua kami menginap di Santika Hotel Cirebon. Saran : varian menu makanan sarapan pagi tolong ditambah 😊 Terimakasih","January 24, 2025"
53,527,achyar,Indonesia,Family with young children,Superior Twin,Stayed 1 night in September 2025,8.8,Excellent,Excellent,"Lokasi berdekatan lokasi perkantoran kota cirebon, kamar luas dengan cukup bersih. Kolam renang bersih dengan disediakan handuk. Staf sangat ramah dan menunjukkan inisiatif untuk membantu terutama yg bertugas di kolam renang dan kebun/ taman sekitar kolam. Untuk makanan biasa saja.","September 15, 2025"
53,528,Inne,Indonesia,Business traveler,Superior Twin,Stayed 1 night in January 2025,8.8,Excellent,"Hotel dgn lokasi, fasilitas dan pelayanan memuaskan","Hotel dengan lokasi ditengah kota Cirebon dengan fasilitas lengkap dan pelayanan yg baik, staff yg ramah dan helpfull, membuat perjalanan bisnis menjadi menyenangkan. Kamarnya nyaman, toiletries cukup lengkap, menu breakfast beragam dan rasanya lezat. Terimakasih Hotel Santika Cirebon 🙏🏻","January 14, 2025"
53,529,Sahid,Indonesia,Group,Superior Twin,Stayed 1 night in October 2025,10.0,Exceptional,Exceptional,Tempat yg nyaman buat istirahat saya dn keluarga ketika ke kota Cirebon apalagi kolam renangnya luas dn bersih,"October 14, 2025"
53,530,Maemunah,Indonesia,Family with young children,Superior Twin,Stayed 2 nights in June 2025,9.6,Exceptional,Liburan Mengesankan,"Disambut dengan staf yg ramah dan pelayanan yg baik, kamarnya bersih, fasilitas lainnya lengkap (resto, kolam renang anak dan dewasa, tempat fitness)… next time bisa nginep lagi…","June 15, 2025"
54,531,Agus,Indonesia,Couple,Superior Twin,Stayed 1 night in July 2017,7.6,Very good,"Love The Food, The Pool and The Staff","For me, the hotel is my best choice so far. They provide such enough space of pool for sport or leisure, or local food which are fitted to my tongue, or kind and helpful staff. Just try to stay in the hotel, and you may find comfort while you are enjoying the city.","December 12, 2017"
54,532,Sufan,"Hong Kong SAR, China",Business traveler,Superior Twin,Stayed 2 nights in November 2017,7.6,Very good,Good hotel but in dire need of renovation,It looks old and tired. Good staffs and good facility let down by the age of the hotel,"November 27, 2017"
54,533,Rizky,Indonesia,Business traveler,Superior Twin,Stayed 1 night in November 2017,8.8,Excellent,The room is spacious and clean,"I love Santika for the friendliness of staffs. I did not need to call them, they can read gestures and come to me to help. Extraordinary! The varieties of breakfast is quite good. Indonesian food and local Cirebon food were abundant. Unfortunately lack of western style breakfast. The only disappointment I got from Santika is for the masseuse service. They claim the room service masseuse is for 1 hour, but the masseuse was late to come and said that she only can massage for half hour! Even though she cut the money into half price, it still not acceptable due she did not give me any room to choose.","November 15, 2017"
54,534,Nadia,Indonesia,Family with young children,Executive King,Stayed 1 night in October 2017,7.6,Very good,Nice swimming pool,"It may need new look for the hotel interior such as wash room, changing room at swimming pool facility, room interior, upgrade lighting design, lobby area, elevator","October 30, 2017"
54,535,utami,Indonesia,Family with young children,Executive King,Stayed 1 night in September 2017,9.6,Exceptional,"Pool, breakfast n staff are excellent, they surprised us with car washing, the room a little bit old","All are excellent, i do very happy with the staffs initiatives and helpfulness, its only the room seems a little bit old, executive just like deluxe but it covers by the surroundings and make us extend one more night.","October 02, 2017"
54,536,Inne,Indonesia,Family with teens,Superior Twin,Stayed 1 night in January 2025,9.6,Exceptional,Nyamannya menginap di Santika Hotel Cirebon,"Lokasi hotel ditengah kota sangat strategis, dekat dengan pusat perbelanjaan, rumah sakit, transportasi umum, perkantoran. Kebersihannya terjaga dengan baik. Fasilitas kamar cukup lengkap : shower air panas & dingin, toiletries, mini bar, notes & pinsil. Fasilitas hotel cukup lengkap : gym, kolam renang, resto, wifi, tempat parkir luas. Keistimewaan yg berbeda dgn hotel lain, setiap pagi mobil kami sudah kinclong dibersihkan oleh staf hotel 👍🏻👏🏻 Ini kali kedua kami menginap di Santika Hotel Cirebon. Saran : varian menu makanan sarapan pagi tolong ditambah 😊 Terimakasih","January 24, 2025"
54,537,achyar,Indonesia,Family with young children,Superior Twin,Stayed 1 night in September 2025,8.8,Excellent,Excellent,"Lokasi berdekatan lokasi perkantoran kota cirebon, kamar luas dengan cukup bersih. Kolam renang bersih dengan disediakan handuk. Staf sangat ramah dan menunjukkan inisiatif untuk membantu terutama yg bertugas di kolam renang dan kebun/ taman sekitar kolam. Untuk makanan biasa saja.","September 15, 2025"
54,538,Inne,Indonesia,Business traveler,Superior Twin,Stayed 1 night in January 2025,8.8,Excellent,"Hotel dgn lokasi, fasilitas dan pelayanan memuaskan","Hotel dengan lokasi ditengah kota Cirebon dengan fasilitas lengkap dan pelayanan yg baik, staff yg ramah dan helpfull, membuat perjalanan bisnis menjadi menyenangkan. Kamarnya nyaman, toiletries cukup lengkap, menu breakfast beragam dan rasanya lezat. Terimakasih Hotel Santika Cirebon 🙏🏻","January 14, 2025"
54,539,Sahid,Indonesia,Group,Superior Twin,Stayed 1 night in October 2025,10.0,Exceptional,Exceptional,Tempat yg nyaman buat istirahat saya dn keluarga ketika ke kota Cirebon apalagi kolam renangnya luas dn bersih,"October 14, 2025"
54,540,Maemunah,Indonesia,Family with young children,Superior Twin,Stayed 2 nights in June 2025,9.6,Exceptional,Liburan Mengesankan,"Disambut dengan staf yg ramah dan pelayanan yg baik, kamarnya bersih, fasilitas lainnya lengkap (resto, kolam renang anak dan dewasa, tempat fitness)… next time bisa nginep lagi…","June 15, 2025"
55,541,Natawari,Indonesia,Family with young children,Superior Twin,Stayed 2 nights in September 2017,7.6,Very good,Worthy,Everything good but the Gym equipment need new,"September 25, 2017"
55,542,Enrique,Spain,Family with young children,Superior Twin,Stayed 3 nights in September 2017,8.8,Excellent,"Nice place, but there is room for improvement","I liked the place, the swimming pool is great and the room perfect. Wifi was a bit annoying, having to log in every once in a while. And the restaurant could have more choices. Other than that, good.","September 25, 2017"
55,543,Fenni,Indonesia,Family with young children,Superior Twin,Stayed 2 nights in September 2017,7.6,Very good,Old but clean and well maintain,"They served very cheap angkringan daily and there is entertainment in certain hour such as keroncong and other traditional music. Overall service are good, variety of breakfast good and bathroom is very clean.","September 20, 2017"
55,544,dimas,Indonesia,Family with young children,Superior Twin,Stayed 3 nights in July 2017,6.8,Good,classic hotel but good enough for family trip,,"September 17, 2017"
55,545,Yudhi,Indonesia,Business traveler,Superior Twin,Stayed 1 night in August 2017,6.0,,vintage hotel,vintage hotel at Cirebon so far so good,"September 06, 2017"
55,546,Inne,Indonesia,Family with teens,Superior Twin,Stayed 1 night in January 2025,9.6,Exceptional,Nyamannya menginap di Santika Hotel Cirebon,"Lokasi hotel ditengah kota sangat strategis, dekat dengan pusat perbelanjaan, rumah sakit, transportasi umum, perkantoran. Kebersihannya terjaga dengan baik. Fasilitas kamar cukup lengkap : shower air panas & dingin, toiletries, mini bar, notes & pinsil. Fasilitas hotel cukup lengkap : gym, kolam renang, resto, wifi, tempat parkir luas. Keistimewaan yg berbeda dgn hotel lain, setiap pagi mobil kami sudah kinclong dibersihkan oleh staf hotel 👍🏻👏🏻 Ini kali kedua kami menginap di Santika Hotel Cirebon. Saran : varian menu makanan sarapan pagi tolong ditambah 😊 Terimakasih","January 24, 2025"
55,547,achyar,Indonesia,Family with young children,Superior Twin,Stayed 1 night in September 2025,8.8,Excellent,Excellent,"Lokasi berdekatan lokasi perkantoran kota cirebon, kamar luas dengan cukup bersih. Kolam renang bersih dengan disediakan handuk. Staf sangat ramah dan menunjukkan inisiatif untuk membantu terutama yg bertugas di kolam renang dan kebun/ taman sekitar kolam. Untuk makanan biasa saja.","September 15, 2025"
55,548,Inne,Indonesia,Business traveler,Superior Twin,Stayed 1 night in January 2025,8.8,Excellent,"Hotel dgn lokasi, fasilitas dan pelayanan memuaskan","Hotel dengan lokasi ditengah kota Cirebon dengan fasilitas lengkap dan pelayanan yg baik, staff yg ramah dan helpfull, membuat perjalanan bisnis menjadi menyenangkan. Kamarnya nyaman, toiletries cukup lengkap, menu breakfast beragam dan rasanya lezat. Terimakasih Hotel Santika Cirebon 🙏🏻","January 14, 2025"
55,549,Sahid,Indonesia,Group,Superior Twin,Stayed 1 night in October 2025,10.0,Exceptional,Exceptional,Tempat yg nyaman buat istirahat saya dn keluarga ketika ke kota Cirebon apalagi kolam renangnya luas dn bersih,"October 14, 2025"
55,550,Maemunah,Indonesia,Family with young children,Superior Twin,Stayed 2 nights in June 2025,9.6,Exceptional,Liburan Mengesankan,"Disambut dengan staf yg ramah dan pelayanan yg baik, kamarnya bersih, fasilitas lainnya lengkap (resto, kolam renang anak dan dewasa, tempat fitness)… next time bisa nginep lagi…","June 15, 2025"
56,551,RAULT,France,Business traveler,Superior Twin,Stayed 1 night in August 2017,7.6,Very good,Need western breakfast,Ok But need western breakfast,"August 31, 2017"
56,552,Arturo,Spain,Business traveler,Superior Twin,Stayed 2 nights in August 2017,8.0,Excellent,An oasis of peace in the middle of Cirabon,Excellent garden and swimming pool but the best is the breakfast. Many typical great from Cirebon plus good assortment of European food.,"August 09, 2017"
56,553,PUrnama,Indonesia,Couple,Superior Twin,Stayed 1 night in July 2017,9.2,Exceptional,"Its an old hotel yet clean and have friendly staff,. The bed matressesnis not too good.",Need to replace the bed matresses to a new pne. Overall it is a nice hotel.,"July 31, 2017"
56,554,Agus,Indonesia,Solo traveler,Superior Twin,Stayed 1 night in July 2017,8.0,Excellent,A Retreat in the middle of A Transit,"A transit in a middle of a journey may give you a fast pacing time and annoying. But, lucky for me to stay in the hotel. Bed is comfy, room is quite spacious (not big, but enough space to move around), and the food is quite delicious for my tongue. The pool is great, with 180 cm depth in one side of the pool. The staffs are quite modest and you can feel their hospitality from the moment you were picked up from the train station. Overall, I enjoyed the night of my stay in the hotel. May come back soon.","July 18, 2017"
56,555,Caroline,Indonesia,Family with teens,Superior Twin,Stayed 1 night in June 2017,8.0,Excellent,Very good,"Santika Cirebon, I think was an old hotel, so there's some sign of it on the building. But, the room is quite large, the bed is comfortable (I think the bed is firm or medium firm), the shower room is Good and clean. There's an electric kettle to make tea or coffee, along with all the amenities. Mini fridge, tv cable (unfortunately the image is not quite clear but good enough to read the news). They also have a different range of breakfast, although my mom said the taste is just so-so, but for me it's enough. You can choose from bread, cereal, rice porridge, fried rice, white rice and other Indonesian food. Overall it's quite enjoyable to stay in Hotel Santika.","June 20, 2017"
56,556,Inne,Indonesia,Family with teens,Superior Twin,Stayed 1 night in January 2025,9.6,Exceptional,Nyamannya menginap di Santika Hotel Cirebon,"Lokasi hotel ditengah kota sangat strategis, dekat dengan pusat perbelanjaan, rumah sakit, transportasi umum, perkantoran. Kebersihannya terjaga dengan baik. Fasilitas kamar cukup lengkap : shower air panas & dingin, toiletries, mini bar, notes & pinsil. Fasilitas hotel cukup lengkap : gym, kolam renang, resto, wifi, tempat parkir luas. Keistimewaan yg berbeda dgn hotel lain, setiap pagi mobil kami sudah kinclong dibersihkan oleh staf hotel 👍🏻👏🏻 Ini kali kedua kami menginap di Santika Hotel Cirebon. Saran : varian menu makanan sarapan pagi tolong ditambah 😊 Terimakasih","January 24, 2025"
56,557,achyar,Indonesia,Family with young children,Superior Twin,Stayed 1 night in September 2025,8.8,Excellent,Excellent,"Lokasi berdekatan lokasi perkantoran kota cirebon, kamar luas dengan cukup bersih. Kolam renang bersih dengan disediakan handuk. Staf sangat ramah dan menunjukkan inisiatif untuk membantu terutama yg bertugas di kolam renang dan kebun/ taman sekitar kolam. Untuk makanan biasa saja.","September 15, 2025"
56,558,Inne,Indonesia,Business traveler,Superior Twin,Stayed 1 night in January 2025,8.8,Excellent,"Hotel dgn lokasi, fasilitas dan pelayanan memuaskan","Hotel dengan lokasi ditengah kota Cirebon dengan fasilitas lengkap dan pelayanan yg baik, staff yg ramah dan helpfull, membuat perjalanan bisnis menjadi menyenangkan. Kamarnya nyaman, toiletries cukup lengkap, menu breakfast beragam dan rasanya lezat. Terimakasih Hotel Santika Cirebon 🙏🏻","January 14, 2025"
56,559,Sahid,Indonesia,Group,Superior Twin,Stayed 1 night in October 2025,10.0,Exceptional,Exceptional,Tempat yg nyaman buat istirahat saya dn keluarga ketika ke kota Cirebon apalagi kolam renangnya luas dn bersih,"October 14, 2025"
56,560,Maemunah,Indonesia,Family with young children,Superior Twin,Stayed 2 nights in June 2025,9.6,Exceptional,Liburan Mengesankan,"Disambut dengan staf yg ramah dan pelayanan yg baik, kamarnya bersih, fasilitas lainnya lengkap (resto, kolam renang anak dan dewasa, tempat fitness)… next time bisa nginep lagi…","June 15, 2025"
57,561,Mailan,Indonesia,Business traveler,Superior Twin,Stayed 1 night in April 2017,8.4,Excellent,good,great room and location,"April 26, 2017"
57,562,Ayuningtyas,Indonesia,Family with young children,Superior Twin,Stayed 1 night in April 2017,8.0,Excellent,Good Place for Stay,"Friendly Staf, and I was surprised when I got my car very clean in the early morning..then I saw a man wash all the car in the parking area that morning..I think its very good service and I'm satisfied stay at this Hotel..","April 20, 2017"
57,563,ASH,Indonesia,Couple,Superior Twin,Stayed 1 night in March 2017,7.2,Very good,DIMAS ASH WAS HERE,VERY....VERY GOOD HOTEL.............,"March 04, 2017"
57,564,Tessa,Indonesia,Family with young children,Superior Twin,Stayed 1 night in January 2017,7.2,Very good,Need renovation,"Need upgrade ur room , room smells not good and poor air con. Also air con in the ballroom. Last week we had wedding party at the ballroom, but the air con is poor.. really poor, cuz all the people in the ballroom sweating ☹️☹️☹️☹️☹️☹️☹️☹️☹️. This is the first time got sweating on the wedding at hotel 👎🏼👎🏼👎🏼👎🏼. Need to taste ur breakfast menu .. please... i hope this review can make the hotel better","February 04, 2017"
57,565,ROTUA,Indonesia,Family with young children,Deluxe King,Stayed 1 night in January 2017,7.2,Very good,the hotel was good but the foods should be better,The hotel was good but they have to focus on the foods.,"January 06, 2017"
57,566,Inne,Indonesia,Family with teens,Superior Twin,Stayed 1 night in January 2025,9.6,Exceptional,Nyamannya menginap di Santika Hotel Cirebon,"Lokasi hotel ditengah kota sangat strategis, dekat dengan pusat perbelanjaan, rumah sakit, transportasi umum, perkantoran. Kebersihannya terjaga dengan baik. Fasilitas kamar cukup lengkap : shower air panas & dingin, toiletries, mini bar, notes & pinsil. Fasilitas hotel cukup lengkap : gym, kolam renang, resto, wifi, tempat parkir luas. Keistimewaan yg berbeda dgn hotel lain, setiap pagi mobil kami sudah kinclong dibersihkan oleh staf hotel 👍🏻👏🏻 Ini kali kedua kami menginap di Santika Hotel Cirebon. Saran : varian menu makanan sarapan pagi tolong ditambah 😊 Terimakasih","January 24, 2025"
57,567,achyar,Indonesia,Family with young children,Superior Twin,Stayed 1 night in September 2025,8.8,Excellent,Excellent,"Lokasi berdekatan lokasi perkantoran kota cirebon, kamar luas dengan cukup bersih. Kolam renang bersih dengan disediakan handuk. Staf sangat ramah dan menunjukkan inisiatif untuk membantu terutama yg bertugas di kolam renang dan kebun/ taman sekitar kolam. Untuk makanan biasa saja.","September 15, 2025"
57,568,Inne,Indonesia,Business traveler,Superior Twin,Stayed 1 night in January 2025,8.8,Excellent,"Hotel dgn lokasi, fasilitas dan pelayanan memuaskan","Hotel dengan lokasi ditengah kota Cirebon dengan fasilitas lengkap dan pelayanan yg baik, staff yg ramah dan helpfull, membuat perjalanan bisnis menjadi menyenangkan. Kamarnya nyaman, toiletries cukup lengkap, menu breakfast beragam dan rasanya lezat. Terimakasih Hotel Santika Cirebon 🙏🏻","January 14, 2025"
57,569,Sahid,Indonesia,Group,Superior Twin,Stayed 1 night in October 2025,10.0,Exceptional,Exceptional,Tempat yg nyaman buat istirahat saya dn keluarga ketika ke kota Cirebon apalagi kolam renangnya luas dn bersih,"October 14, 2025"
57,570,Maemunah,Indonesia,Family with young children,Superior Twin,Stayed 2 nights in June 2025,9.6,Exceptional,Liburan Mengesankan,"Disambut dengan staf yg ramah dan pelayanan yg baik, kamarnya bersih, fasilitas lainnya lengkap (resto, kolam renang anak dan dewasa, tempat fitness)… next time bisa nginep lagi…","June 15, 2025"
58,571,EKO,Indonesia,Family with young children,,Stayed 1 night in August 2012,4.8,,average hotel,"many mosquitoes, breakfast need upgrade","January 01, 2017"
58,572,Dityas,Indonesia,Family with young children,,Stayed 1 night in March 2016,6.0,,Nice hotel,Old but nice hotel,"December 28, 2016"
58,573,ARIE,Indonesia,Family with young children,,Stayed 1 night in December 2015,7.2,Very good,good,good,"December 13, 2016"
58,574,Christian,Indonesia,Business traveler,Superior Twin,Stayed 1 night in December 2016,10.0,Exceptional,"Good Staff , Nice Room,",NICE.....,"December 05, 2016"
58,575,David,Indonesia,Business traveler,,Stayed 1 night in November 2016,6.0,,Stopping by overnight from Wonosobo to Jakarta,Unique architecture at main lobby.,"November 29, 2016"
58,576,Inne,Indonesia,Family with teens,Superior Twin,Stayed 1 night in January 2025,9.6,Exceptional,Nyamannya menginap di Santika Hotel Cirebon,"Lokasi hotel ditengah kota sangat strategis, dekat dengan pusat perbelanjaan, rumah sakit, transportasi umum, perkantoran. Kebersihannya terjaga dengan baik. Fasilitas kamar cukup lengkap : shower air panas & dingin, toiletries, mini bar, notes & pinsil. Fasilitas hotel cukup lengkap : gym, kolam renang, resto, wifi, tempat parkir luas. Keistimewaan yg berbeda dgn hotel lain, setiap pagi mobil kami sudah kinclong dibersihkan oleh staf hotel 👍🏻👏🏻 Ini kali kedua kami menginap di Santika Hotel Cirebon. Saran : varian menu makanan sarapan pagi tolong ditambah 😊 Terimakasih","January 24, 2025"
58,577,achyar,Indonesia,Family with young children,Superior Twin,Stayed 1 night in September 2025,8.8,Excellent,Excellent,"Lokasi berdekatan lokasi perkantoran kota cirebon, kamar luas dengan cukup bersih. Kolam renang bersih dengan disediakan handuk. Staf sangat ramah dan menunjukkan inisiatif untuk membantu terutama yg bertugas di kolam renang dan kebun/ taman sekitar kolam. Untuk makanan biasa saja.","September 15, 2025"
58,578,Inne,Indonesia,Business traveler,Superior Twin,Stayed 1 night in January 2025,8.8,Excellent,"Hotel dgn lokasi, fasilitas dan pelayanan memuaskan","Hotel dengan lokasi ditengah kota Cirebon dengan fasilitas lengkap dan pelayanan yg baik, staff yg ramah dan helpfull, membuat perjalanan bisnis menjadi menyenangkan. Kamarnya nyaman, toiletries cukup lengkap, menu breakfast beragam dan rasanya lezat. Terimakasih Hotel Santika Cirebon 🙏🏻","January 14, 2025"
58,579,Sahid,Indonesia,Group,Superior Twin,Stayed 1 night in October 2025,10.0,Exceptional,Exceptional,Tempat yg nyaman buat istirahat saya dn keluarga ketika ke kota Cirebon apalagi kolam renangnya luas dn bersih,"October 14, 2025"
58,580,Maemunah,Indonesia,Family with young children,Superior Twin,Stayed 2 nights in June 2025,9.6,Exceptional,Liburan Mengesankan,"Disambut dengan staf yg ramah dan pelayanan yg baik, kamarnya bersih, fasilitas lainnya lengkap (resto, kolam renang anak dan dewasa, tempat fitness)… next time bisa nginep lagi…","June 15, 2025"
59,581,Laksmi,Indonesia,Family with young children,,Stayed 2 nights in December 2014,10.0,Exceptional,"Great food, clean room, nice people",Highly recommended,"September 25, 2016"
59,582,Theera,Thailand,Family with young children,Superior Twin,Stayed 1 night in July 2016,7.2,Very good,NICE PLACE,"NICE ROOM, NICE PLACE, NICE STAFF.","July 13, 2016"
59,583,Jeffri,Indonesia,Family with young children,Superior Twin,Stayed 1 night in June 2016,8.8,Excellent,Excellent,Need some renovation and change the gym facilities,"June 29, 2016"
59,584,Hilman,Indonesia,Family with young children,,Stayed 1 night in September 2015,8.8,Excellent,Good Hotel,"The Hotel is very great either for Business Trips or for family with young children. A lot of nearby shops and culinary destination. The rooms are very clean, staffs are friendly, foods are great and facilities are well provided.","June 06, 2016"
59,585,Hilman,Indonesia,Family with young children,,Stayed 1 night in September 2015,9.6,Exceptional,Gppd Hotel,"The Hotel is very great either for Business Trips or for family with young children. A lot of nearby shops and culinary destination. The rooms are very clean, staffs are friendly, foods are great and facilities are well provided.","June 06, 2016"
59,586,Inne,Indonesia,Family with teens,Superior Twin,Stayed 1 night in January 2025,9.6,Exceptional,Nyamannya menginap di Santika Hotel Cirebon,"Lokasi hotel ditengah kota sangat strategis, dekat dengan pusat perbelanjaan, rumah sakit, transportasi umum, perkantoran. Kebersihannya terjaga dengan baik. Fasilitas kamar cukup lengkap : shower air panas & dingin, toiletries, mini bar, notes & pinsil. Fasilitas hotel cukup lengkap : gym, kolam renang, resto, wifi, tempat parkir luas. Keistimewaan yg berbeda dgn hotel lain, setiap pagi mobil kami sudah kinclong dibersihkan oleh staf hotel 👍🏻👏🏻 Ini kali kedua kami menginap di Santika Hotel Cirebon. Saran : varian menu makanan sarapan pagi tolong ditambah 😊 Terimakasih","January 24, 2025"
59,587,achyar,Indonesia,Family with young children,Superior Twin,Stayed 1 night in September 2025,8.8,Excellent,Excellent,"Lokasi berdekatan lokasi perkantoran kota cirebon, kamar luas dengan cukup bersih. Kolam renang bersih dengan disediakan handuk. Staf sangat ramah dan menunjukkan inisiatif untuk membantu terutama yg bertugas di kolam renang dan kebun/ taman sekitar kolam. Untuk makanan biasa saja.","September 15, 2025"
59,588,Inne,Indonesia,Business traveler,Superior Twin,Stayed 1 night in January 2025,8.8,Excellent,"Hotel dgn lokasi, fasilitas dan pelayanan memuaskan","Hotel dengan lokasi ditengah kota Cirebon dengan fasilitas lengkap dan pelayanan yg baik, staff yg ramah dan helpfull, membuat perjalanan bisnis menjadi menyenangkan. Kamarnya nyaman, toiletries cukup lengkap, menu breakfast beragam dan rasanya lezat. Terimakasih Hotel Santika Cirebon 🙏🏻","January 14, 2025"
59,589,Sahid,Indonesia,Group,Superior Twin,Stayed 1 night in October 2025,10.0,Exceptional,Exceptional,Tempat yg nyaman buat istirahat saya dn keluarga ketika ke kota Cirebon apalagi kolam renangnya luas dn bersih,"October 14, 2025"
59,590,Maemunah,Indonesia,Family with young children,Superior Twin,Stayed 2 nights in June 2025,9.6,Exceptional,Liburan Mengesankan,"Disambut dengan staf yg ramah dan pelayanan yg baik, kamarnya bersih, fasilitas lainnya lengkap (resto, kolam renang anak dan dewasa, tempat fitness)… next time bisa nginep lagi…","June 15, 2025"
60,591,NADIA,Indonesia,Couple,,Stayed 1 night in April 2016,6.0,,"Good location, good breakfast, nice pool. Overall really satisfying.","the only minor thing is the temperature in our superior room, was a little warm, even though we already set it for 15 degrees.","April 11, 2016"
60,592,Erwin,Indonesia,Family with young children,,Stayed 1 night in March 2016,8.8,Excellent,Holiday overnight,.,"March 30, 2016"
60,593,N,Indonesia,Business traveler,,Stayed 1 night in February 2016,8.0,Excellent,"Good meals, nice room and good hospitality","Good meals, nice room and good hospitality","March 29, 2016"
60,594,Ronni,Indonesia,Solo traveler,,Stayed 1 night in March 2016,10.0,Exceptional,"Good hotel, good location","Located at center of city, 3 mnt from big mall.Good and big room, good breakfast as well with local menu","March 23, 2016"
60,595,Wipsar,Indonesia,Family with young children,Superior Twin,Stayed 1 night in March 2016,8.7,Excellent,"good food, good ambience",,"March 08, 2016"
60,596,Inne,Indonesia,Family with teens,Superior Twin,Stayed 1 night in January 2025,9.6,Exceptional,Nyamannya menginap di Santika Hotel Cirebon,"Lokasi hotel ditengah kota sangat strategis, dekat dengan pusat perbelanjaan, rumah sakit, transportasi umum, perkantoran. Kebersihannya terjaga dengan baik. Fasilitas kamar cukup lengkap : shower air panas & dingin, toiletries, mini bar, notes & pinsil. Fasilitas hotel cukup lengkap : gym, kolam renang, resto, wifi, tempat parkir luas. Keistimewaan yg berbeda dgn hotel lain, setiap pagi mobil kami sudah kinclong dibersihkan oleh staf hotel 👍🏻👏🏻 Ini kali kedua kami menginap di Santika Hotel Cirebon. Saran : varian menu makanan sarapan pagi tolong ditambah 😊 Terimakasih","January 24, 2025"
60,597,achyar,Indonesia,Family with young children,Superior Twin,Stayed 1 night in September 2025,8.8,Excellent,Excellent,"Lokasi berdekatan lokasi perkantoran kota cirebon, kamar luas dengan cukup bersih. Kolam renang bersih dengan disediakan handuk. Staf sangat ramah dan menunjukkan inisiatif untuk membantu terutama yg bertugas di kolam renang dan kebun/ taman sekitar kolam. Untuk makanan biasa saja.","September 15, 2025"
60,598,Inne,Indonesia,Business traveler,Superior Twin,Stayed 1 night in January 2025,8.8,Excellent,"Hotel dgn lokasi, fasilitas dan pelayanan memuaskan","Hotel dengan lokasi ditengah kota Cirebon dengan fasilitas lengkap dan pelayanan yg baik, staff yg ramah dan helpfull, membuat perjalanan bisnis menjadi menyenangkan. Kamarnya nyaman, toiletries cukup lengkap, menu breakfast beragam dan rasanya lezat. Terimakasih Hotel Santika Cirebon 🙏🏻","January 14, 2025"
60,599,Sahid,Indonesia,Group,Superior Twin,Stayed 1 night in October 2025,10.0,Exceptional,Exceptional,Tempat yg nyaman buat istirahat saya dn keluarga ketika ke kota Cirebon apalagi kolam renangnya luas dn bersih,"October 14, 2025"
60,600,Maemunah,Indonesia,Family with young children,Superior Twin,Stayed 2 nights in June 2025,9.6,Exceptional,Liburan Mengesankan,"Disambut dengan staf yg ramah dan pelayanan yg baik, kamarnya bersih, fasilitas lainnya lengkap (resto, kolam renang anak dan dewasa, tempat fitness)… next time bisa nginep lagi…","June 15, 2025"
61,601,alia,Indonesia,Family with young children,,Stayed 2 nights in February 2016,9.7,Exceptional,Pleasant and relaxing stay,"We stayed for 2 nights and had our rooms upgraded from superior to deluxe rooms. Rooms were spacey, clean and very comfortable. Breakfast was okay, with Indonesian and local food menu. Location of the hotel is in the heart of Cirebon city and near the train station, malls and recommended local restaurant. Pharmacy and convenient store are on walking distance few mins away.","February 08, 2016"
61,602,gilles,France,Couple,,Stayed 1 night in January 2016,9.0,Exceptional,"food, swimming pool location",excellent. very confortable,"January 13, 2016"
61,603,Yulia,Indonesia,Group,,Stayed 1 night in October 2015,8.0,Excellent,Good hotel and I am satisfied,I am satisfied,"January 05, 2016"
61,604,Ridwan,Indonesia,Family with teens,,Stayed 1 night in December 2015,8.3,Excellent,Santika Cirebon value for money hotel,Reservation via agoda,"December 31, 2015"
61,605,Obi,Indonesia,Family with young children,,Stayed 2 nights in November 2015,7.3,Very good,Hotel Santika Cirebon,"Well maintain hotel, nice for holiday with young children. Delicious food.","November 29, 2015"
61,606,Inne,Indonesia,Family with teens,Superior Twin,Stayed 1 night in January 2025,9.6,Exceptional,Nyamannya menginap di Santika Hotel Cirebon,"Lokasi hotel ditengah kota sangat strategis, dekat dengan pusat perbelanjaan, rumah sakit, transportasi umum, perkantoran. Kebersihannya terjaga dengan baik. Fasilitas kamar cukup lengkap : shower air panas & dingin, toiletries, mini bar, notes & pinsil. Fasilitas hotel cukup lengkap : gym, kolam renang, resto, wifi, tempat parkir luas. Keistimewaan yg berbeda dgn hotel lain, setiap pagi mobil kami sudah kinclong dibersihkan oleh staf hotel 👍🏻👏🏻 Ini kali kedua kami menginap di Santika Hotel Cirebon. Saran : varian menu makanan sarapan pagi tolong ditambah 😊 Terimakasih","January 24, 2025"
61,607,achyar,Indonesia,Family with young children,Superior Twin,Stayed 1 night in September 2025,8.8,Excellent,Excellent,"Lokasi berdekatan lokasi perkantoran kota cirebon, kamar luas dengan cukup bersih. Kolam renang bersih dengan disediakan handuk. Staf sangat ramah dan menunjukkan inisiatif untuk membantu terutama yg bertugas di kolam renang dan kebun/ taman sekitar kolam. Untuk makanan biasa saja.","September 15, 2025"
61,608,Inne,Indonesia,Business traveler,Superior Twin,Stayed 1 night in January 2025,8.8,Excellent,"Hotel dgn lokasi, fasilitas dan pelayanan memuaskan","Hotel dengan lokasi ditengah kota Cirebon dengan fasilitas lengkap dan pelayanan yg baik, staff yg ramah dan helpfull, membuat perjalanan bisnis menjadi menyenangkan. Kamarnya nyaman, toiletries cukup lengkap, menu breakfast beragam dan rasanya lezat. Terimakasih Hotel Santika Cirebon 🙏🏻","January 14, 2025"
61,609,Sahid,Indonesia,Group,Superior Twin,Stayed 1 night in October 2025,10.0,Exceptional,Exceptional,Tempat yg nyaman buat istirahat saya dn keluarga ketika ke kota Cirebon apalagi kolam renangnya luas dn bersih,"October 14, 2025"
61,610,Maemunah,Indonesia,Family with young children,Superior Twin,Stayed 2 nights in June 2025,9.6,Exceptional,Liburan Mengesankan,"Disambut dengan staf yg ramah dan pelayanan yg baik, kamarnya bersih, fasilitas lainnya lengkap (resto, kolam renang anak dan dewasa, tempat fitness)… next time bisa nginep lagi…","June 15, 2025"
62,611,Yulia,Indonesia,Group,,Stayed 1 night in October 2015,8.0,Excellent,Good hotel and I am satisfied,I am satisfied and recommend people to stay here,"November 02, 2015"
62,612,Harris,Indonesia,Business traveler,,Stayed 1 night in October 2015,9.0,Exceptional,a Very Good Hotel in Cirebon,"I'm regular santika's group customer hence i knew how good this hotel chain services. its been good stay at santika cirebon, hopefully i can return to this hotel","October 15, 2015"
62,613,Anton,Indonesia,Group,,Stayed 1 night in October 2015,7.7,Very good,"Good Staff, Good Location, Comfort to Stay","Good Staff, Good Location, Comfort to Stay It is very nice to stay in this hotel. Very comfort, good staff, very helpfull","October 12, 2015"
62,614,HENNY,Indonesia,Couple,,Stayed 1 night in September 2015,7.7,Very good,recomended hotel,,"September 28, 2015"
62,615,Nathanael,Indonesia,Family with young children,,Stayed 2 nights in September 2015,6.0,,Good hotel,,"September 27, 2015"
62,616,Inne,Indonesia,Family with teens,Superior Twin,Stayed 1 night in January 2025,9.6,Exceptional,Nyamannya menginap di Santika Hotel Cirebon,"Lokasi hotel ditengah kota sangat strategis, dekat dengan pusat perbelanjaan, rumah sakit, transportasi umum, perkantoran. Kebersihannya terjaga dengan baik. Fasilitas kamar cukup lengkap : shower air panas & dingin, toiletries, mini bar, notes & pinsil. Fasilitas hotel cukup lengkap : gym, kolam renang, resto, wifi, tempat parkir luas. Keistimewaan yg berbeda dgn hotel lain, setiap pagi mobil kami sudah kinclong dibersihkan oleh staf hotel 👍🏻👏🏻 Ini kali kedua kami menginap di Santika Hotel Cirebon. Saran : varian menu makanan sarapan pagi tolong ditambah 😊 Terimakasih","January 24, 2025"
62,617,achyar,Indonesia,Family with young children,Superior Twin,Stayed 1 night in September 2025,8.8,Excellent,Excellent,"Lokasi berdekatan lokasi perkantoran kota cirebon, kamar luas dengan cukup bersih. Kolam renang bersih dengan disediakan handuk. Staf sangat ramah dan menunjukkan inisiatif untuk membantu terutama yg bertugas di kolam renang dan kebun/ taman sekitar kolam. Untuk makanan biasa saja.","September 15, 2025"
62,618,Inne,Indonesia,Business traveler,Superior Twin,Stayed 1 night in January 2025,8.8,Excellent,"Hotel dgn lokasi, fasilitas dan pelayanan memuaskan","Hotel dengan lokasi ditengah kota Cirebon dengan fasilitas lengkap dan pelayanan yg baik, staff yg ramah dan helpfull, membuat perjalanan bisnis menjadi menyenangkan. Kamarnya nyaman, toiletries cukup lengkap, menu breakfast beragam dan rasanya lezat. Terimakasih Hotel Santika Cirebon 🙏🏻","January 14, 2025"
62,619,Sahid,Indonesia,Group,Superior Twin,Stayed 1 night in October 2025,10.0,Exceptional,Exceptional,Tempat yg nyaman buat istirahat saya dn keluarga ketika ke kota Cirebon apalagi kolam renangnya luas dn bersih,"October 14, 2025"
62,620,Maemunah,Indonesia,Family with young children,Superior Twin,Stayed 2 nights in June 2025,9.6,Exceptional,Liburan Mengesankan,"Disambut dengan staf yg ramah dan pelayanan yg baik, kamarnya bersih, fasilitas lainnya lengkap (resto, kolam renang anak dan dewasa, tempat fitness)… next time bisa nginep lagi…","June 15, 2025"
63,621,Maheda,Indonesia,Business traveler,,Stayed 1 night in September 2015,7.3,Very good,the complete and convenient hotel,Booking via Agoda.com,"September 21, 2015"
63,622,Danil,Indonesia,Family with young children,,Stayed 1 night in September 2015,8.0,Excellent,Fine hotel,It was great.,"September 21, 2015"
63,623,Lely,Indonesia,Business traveler,,Stayed 3 nights in August 2015,5.3,,Staf banquet hrs lbh teliti dg kebersihan,via agoda,"August 30, 2015"
63,624,Wahyudi,Indonesia,Business traveler,,Stayed 1 night in August 2015,8.0,Excellent,Quite good for an old hotel.,"Overall, good. Good job Santika Hotel Cirebon.","August 18, 2015"
63,625,sherly,Indonesia,Family with young children,Superior Twin,Stayed 2 nights in July 2015,9.0,Exceptional,kids friendly,I visited my family in cirebon and this hotel is the best choice for family with small kids. the big swimming pool and kids pool would always be a favorite things to do in the morning after breakfast,"July 11, 2015"
63,626,Inne,Indonesia,Family with teens,Superior Twin,Stayed 1 night in January 2025,9.6,Exceptional,Nyamannya menginap di Santika Hotel Cirebon,"Lokasi hotel ditengah kota sangat strategis, dekat dengan pusat perbelanjaan, rumah sakit, transportasi umum, perkantoran. Kebersihannya terjaga dengan baik. Fasilitas kamar cukup lengkap : shower air panas & dingin, toiletries, mini bar, notes & pinsil. Fasilitas hotel cukup lengkap : gym, kolam renang, resto, wifi, tempat parkir luas. Keistimewaan yg berbeda dgn hotel lain, setiap pagi mobil kami sudah kinclong dibersihkan oleh staf hotel 👍🏻👏🏻 Ini kali kedua kami menginap di Santika Hotel Cirebon. Saran : varian menu makanan sarapan pagi tolong ditambah 😊 Terimakasih","January 24, 2025"
63,627,achyar,Indonesia,Family with young children,Superior Twin,Stayed 1 night in September 2025,8.8,Excellent,Excellent,"Lokasi berdekatan lokasi perkantoran kota cirebon, kamar luas dengan cukup bersih. Kolam renang bersih dengan disediakan handuk. Staf sangat ramah dan menunjukkan inisiatif untuk membantu terutama yg bertugas di kolam renang dan kebun/ taman sekitar kolam. Untuk makanan biasa saja.","September 15, 2025"
63,628,Inne,Indonesia,Business traveler,Superior Twin,Stayed 1 night in January 2025,8.8,Excellent,"Hotel dgn lokasi, fasilitas dan pelayanan memuaskan","Hotel dengan lokasi ditengah kota Cirebon dengan fasilitas lengkap dan pelayanan yg baik, staff yg ramah dan helpfull, membuat perjalanan bisnis menjadi menyenangkan. Kamarnya nyaman, toiletries cukup lengkap, menu breakfast beragam dan rasanya lezat. Terimakasih Hotel Santika Cirebon 🙏🏻","January 14, 2025"
63,629,Sahid,Indonesia,Group,Superior Twin,Stayed 1 night in October 2025,10.0,Exceptional,Exceptional,Tempat yg nyaman buat istirahat saya dn keluarga ketika ke kota Cirebon apalagi kolam renangnya luas dn bersih,"October 14, 2025"
63,630,Maemunah,Indonesia,Family with young children,Superior Twin,Stayed 2 nights in June 2025,9.6,Exceptional,Liburan Mengesankan,"Disambut dengan staf yg ramah dan pelayanan yg baik, kamarnya bersih, fasilitas lainnya lengkap (resto, kolam renang anak dan dewasa, tempat fitness)… next time bisa nginep lagi…","June 15, 2025"
64,631,Willem,Indonesia,Family with young children,,Stayed 1 night in June 2015,8.3,Excellent,Old but well maintenance hotel,"Located at the heart of Cirebon, Santika is an old but well maintenance hotel. I think our room is newly renovated. Need to extend the variety of breakfast buffet","July 06, 2015"
64,632,Edward,Indonesia,Business traveler,,Stayed 1 night in June 2015,10.0,Exceptional,Bestr Value hotel @ city of Cirebon,very pleasant,"June 27, 2015"
64,633,Simon,Indonesia,Family with young children,,Stayed 2 nights in June 2015,7.0,Very good,Funny vacation,"Great, except its room aircon was not good.","June 26, 2015"
64,634,Friedrich,Indonesia,Family with young children,,Stayed 1 night in June 2015,7.7,Very good,Never Dissapoint with Santika,"It was quite a tiring trip after 12 hours of car drive from Yogyakarta, and Santika is the one and only that I don't need to worry...it always be the right choice to stay.","June 19, 2015"
64,635,Prayoga,Indonesia,Solo traveler,,Stayed 1 night in May 2015,8.3,Excellent,Good,I would consider it as a pleasant stay.,"June 05, 2015"
64,636,Inne,Indonesia,Family with teens,Superior Twin,Stayed 1 night in January 2025,9.6,Exceptional,Nyamannya menginap di Santika Hotel Cirebon,"Lokasi hotel ditengah kota sangat strategis, dekat dengan pusat perbelanjaan, rumah sakit, transportasi umum, perkantoran. Kebersihannya terjaga dengan baik. Fasilitas kamar cukup lengkap : shower air panas & dingin, toiletries, mini bar, notes & pinsil. Fasilitas hotel cukup lengkap : gym, kolam renang, resto, wifi, tempat parkir luas. Keistimewaan yg berbeda dgn hotel lain, setiap pagi mobil kami sudah kinclong dibersihkan oleh staf hotel 👍🏻👏🏻 Ini kali kedua kami menginap di Santika Hotel Cirebon. Saran : varian menu makanan sarapan pagi tolong ditambah 😊 Terimakasih","January 24, 2025"
64,637,achyar,Indonesia,Family with young children,Superior Twin,Stayed 1 night in September 2025,8.8,Excellent,Excellent,"Lokasi berdekatan lokasi perkantoran kota cirebon, kamar luas dengan cukup bersih. Kolam renang bersih dengan disediakan handuk. Staf sangat ramah dan menunjukkan inisiatif untuk membantu terutama yg bertugas di kolam renang dan kebun/ taman sekitar kolam. Untuk makanan biasa saja.","September 15, 2025"
64,638,Inne,Indonesia,Business traveler,Superior Twin,Stayed 1 night in January 2025,8.8,Excellent,"Hotel dgn lokasi, fasilitas dan pelayanan memuaskan","Hotel dengan lokasi ditengah kota Cirebon dengan fasilitas lengkap dan pelayanan yg baik, staff yg ramah dan helpfull, membuat perjalanan bisnis menjadi menyenangkan. Kamarnya nyaman, toiletries cukup lengkap, menu breakfast beragam dan rasanya lezat. Terimakasih Hotel Santika Cirebon 🙏🏻","January 14, 2025"
64,639,Sahid,Indonesia,Group,Superior Twin,Stayed 1 night in October 2025,10.0,Exceptional,Exceptional,Tempat yg nyaman buat istirahat saya dn keluarga ketika ke kota Cirebon apalagi kolam renangnya luas dn bersih,"October 14, 2025"
64,640,Maemunah,Indonesia,Family with young children,Superior Twin,Stayed 2 nights in June 2025,9.6,Exceptional,Liburan Mengesankan,"Disambut dengan staf yg ramah dan pelayanan yg baik, kamarnya bersih, fasilitas lainnya lengkap (resto, kolam renang anak dan dewasa, tempat fitness)… next time bisa nginep lagi…","June 15, 2025"
65,641,Kasman,Indonesia,Family with young children,,Stayed 2 nights in May 2015,8.0,Excellent,Good value for money,Food is very good taste and a lot of food variety especially traditional cuisine provided for breakfast. Additionally swimming pool is outstanding and my kids are really enjoy the swimming time.,"June 05, 2015"
65,642,Reza,Indonesia,Family with young children,,Stayed 2 nights in May 2015,6.7,Good,old hotel but well maintained,,"May 04, 2015"
65,643,Reza,Indonesia,Family with young children,,Stayed 2 nights in May 2015,6.7,Good,value for money,,"May 04, 2015"
65,644,novy,Indonesia,Business traveler,,Stayed 2 nights in March 2015,6.0,,cleans,"the room design, bedroom and bathroom very elegant, very clean and nice design...","April 18, 2015"
65,645,Herastya,Indonesia,Family with young children,,Stayed 2 nights in April 2015,8.0,Excellent,Good hotel for families.,,"April 10, 2015"
65,646,Inne,Indonesia,Family with teens,Superior Twin,Stayed 1 night in January 2025,9.6,Exceptional,Nyamannya menginap di Santika Hotel Cirebon,"Lokasi hotel ditengah kota sangat strategis, dekat dengan pusat perbelanjaan, rumah sakit, transportasi umum, perkantoran. Kebersihannya terjaga dengan baik. Fasilitas kamar cukup lengkap : shower air panas & dingin, toiletries, mini bar, notes & pinsil. Fasilitas hotel cukup lengkap : gym, kolam renang, resto, wifi, tempat parkir luas. Keistimewaan yg berbeda dgn hotel lain, setiap pagi mobil kami sudah kinclong dibersihkan oleh staf hotel 👍🏻👏🏻 Ini kali kedua kami menginap di Santika Hotel Cirebon. Saran : varian menu makanan sarapan pagi tolong ditambah 😊 Terimakasih","January 24, 2025"
65,647,achyar,Indonesia,Family with young children,Superior Twin,Stayed 1 night in September 2025,8.8,Excellent,Excellent,"Lokasi berdekatan lokasi perkantoran kota cirebon, kamar luas dengan cukup bersih. Kolam renang bersih dengan disediakan handuk. Staf sangat ramah dan menunjukkan inisiatif untuk membantu terutama yg bertugas di kolam renang dan kebun/ taman sekitar kolam. Untuk makanan biasa saja.","September 15, 2025"
65,648,Inne,Indonesia,Business traveler,Superior Twin,Stayed 1 night in January 2025,8.8,Excellent,"Hotel dgn lokasi, fasilitas dan pelayanan memuaskan","Hotel dengan lokasi ditengah kota Cirebon dengan fasilitas lengkap dan pelayanan yg baik, staff yg ramah dan helpfull, membuat perjalanan bisnis menjadi menyenangkan. Kamarnya nyaman, toiletries cukup lengkap, menu breakfast beragam dan rasanya lezat. Terimakasih Hotel Santika Cirebon 🙏🏻","January 14, 2025"
65,649,Sahid,Indonesia,Group,Superior Twin,Stayed 1 night in October 2025,10.0,Exceptional,Exceptional,Tempat yg nyaman buat istirahat saya dn keluarga ketika ke kota Cirebon apalagi kolam renangnya luas dn bersih,"October 14, 2025"
65,650,Maemunah,Indonesia,Family with young children,Superior Twin,Stayed 2 nights in June 2025,9.6,Exceptional,Liburan Mengesankan,"Disambut dengan staf yg ramah dan pelayanan yg baik, kamarnya bersih, fasilitas lainnya lengkap (resto, kolam renang anak dan dewasa, tempat fitness)… next time bisa nginep lagi…","June 15, 2025"
66,651,Putri,Indonesia,Family with teens,,Stayed 2 nights in April 2015,8.0,Excellent,Hotel with Great service & value for money,"It was great experience as We are the first-timer visitor to Cirebon, the hotel service was great & since I have stayed in several Santika Hotel I must say it is the best Santika Hotel I have been staying.","April 06, 2015"
66,652,Xaveria,Indonesia,Family with teens,,Stayed 1 night in March 2015,9.0,Exceptional,Good,"I love this hotel, the room is so clean, but i cant find hairdryer :(, and i love the food, and also their place is near batik trusmi, nasi jamblang and empal gentong. Their staff are so kind and helpfull. Over all i love this place.","April 06, 2015"
66,653,Poppy,Indonesia,Business traveler,,Stayed 3 nights in August 2014,8.0,Excellent,Nice and Comfortable for Business Trip,"It was great, unfortunately it's only a short trip since have to go to other city","February 25, 2015"
66,654,RAHMAT,Indonesia,Family with young children,,Stayed 1 night in December 2014,8.0,Excellent,conventional fashion hotek but still excellent,"Santika is old fashion hotel but still good for stay. I consider price is cheap. Big area and wide parking area. Location in the heart of Cirebon city but traffic is quiet good, so not noisy. I recommend this for you.","February 14, 2015"
66,655,Andi,Indonesia,Family with teens,,Stayed 1 night in December 2014,8.0,Excellent,Our Favorite Hotel in Cirebon,,"January 16, 2015"
66,656,Inne,Indonesia,Family with teens,Superior Twin,Stayed 1 night in January 2025,9.6,Exceptional,Nyamannya menginap di Santika Hotel Cirebon,"Lokasi hotel ditengah kota sangat strategis, dekat dengan pusat perbelanjaan, rumah sakit, transportasi umum, perkantoran. Kebersihannya terjaga dengan baik. Fasilitas kamar cukup lengkap : shower air panas & dingin, toiletries, mini bar, notes & pinsil. Fasilitas hotel cukup lengkap : gym, kolam renang, resto, wifi, tempat parkir luas. Keistimewaan yg berbeda dgn hotel lain, setiap pagi mobil kami sudah kinclong dibersihkan oleh staf hotel 👍🏻👏🏻 Ini kali kedua kami menginap di Santika Hotel Cirebon. Saran : varian menu makanan sarapan pagi tolong ditambah 😊 Terimakasih","January 24, 2025"
66,657,achyar,Indonesia,Family with young children,Superior Twin,Stayed 1 night in September 2025,8.8,Excellent,Excellent,"Lokasi berdekatan lokasi perkantoran kota cirebon, kamar luas dengan cukup bersih. Kolam renang bersih dengan disediakan handuk. Staf sangat ramah dan menunjukkan inisiatif untuk membantu terutama yg bertugas di kolam renang dan kebun/ taman sekitar kolam. Untuk makanan biasa saja.","September 15, 2025"
66,658,Inne,Indonesia,Business traveler,Superior Twin,Stayed 1 night in January 2025,8.8,Excellent,"Hotel dgn lokasi, fasilitas dan pelayanan memuaskan","Hotel dengan lokasi ditengah kota Cirebon dengan fasilitas lengkap dan pelayanan yg baik, staff yg ramah dan helpfull, membuat perjalanan bisnis menjadi menyenangkan. Kamarnya nyaman, toiletries cukup lengkap, menu breakfast beragam dan rasanya lezat. Terimakasih Hotel Santika Cirebon 🙏🏻","January 14, 2025"
66,659,Sahid,Indonesia,Group,Superior Twin,Stayed 1 night in October 2025,10.0,Exceptional,Exceptional,Tempat yg nyaman buat istirahat saya dn keluarga ketika ke kota Cirebon apalagi kolam renangnya luas dn bersih,"October 14, 2025"
66,660,Maemunah,Indonesia,Family with young children,Superior Twin,Stayed 2 nights in June 2025,9.6,Exceptional,Liburan Mengesankan,"Disambut dengan staf yg ramah dan pelayanan yg baik, kamarnya bersih, fasilitas lainnya lengkap (resto, kolam renang anak dan dewasa, tempat fitness)… next time bisa nginep lagi…","June 15, 2025"
67,661,Lely,Indonesia,Business traveler,,Stayed 1 night in December 2014,9.7,Exceptional,comfort stay that feels like home,"We arrived too early, so the room was only ready by 2pm. Waited by the pool, super friendly staff, so it was okay to wait. Eventually hotel staff called on my phone to tell that the room was ready. Reception service was excellent too. Room is spacious, with clean, modern bathroom. The bed was superb! Bfast selection was okayish, not as many choices as santika bandung. But it was still good experience. I would definitely stay there again in the future, if the price of the room fits my budget. It was almost feel like 2nd home to stay in Santika Cirebon.","December 28, 2014"
67,662,Dedy,Indonesia,Family with teens,,Stayed 1 night in January 2014,10.0,Exceptional,Is three stars enough?,"Hotel Santika is the first choice if I have to stay in the hotel. Fast check in, clean room, many choices of food, lot of facilities.","December 08, 2014"
67,663,Felix,Indonesia,Business traveler,,Stayed 1 night in December 2014,8.0,Excellent,Good Stay,,"December 05, 2014"
67,664,elvin,Indonesia,Family with young children,,Stayed 1 night in November 2014,8.7,Excellent,good clean,,"November 24, 2014"
67,665,Erik,Indonesia,Business traveler,,Stayed 1 night in November 2014,6.0,,ok,ok,"November 24, 2014"
67,666,Inne,Indonesia,Family with teens,Superior Twin,Stayed 1 night in January 2025,9.6,Exceptional,Nyamannya menginap di Santika Hotel Cirebon,"Lokasi hotel ditengah kota sangat strategis, dekat dengan pusat perbelanjaan, rumah sakit, transportasi umum, perkantoran. Kebersihannya terjaga dengan baik. Fasilitas kamar cukup lengkap : shower air panas & dingin, toiletries, mini bar, notes & pinsil. Fasilitas hotel cukup lengkap : gym, kolam renang, resto, wifi, tempat parkir luas. Keistimewaan yg berbeda dgn hotel lain, setiap pagi mobil kami sudah kinclong dibersihkan oleh staf hotel 👍🏻👏🏻 Ini kali kedua kami menginap di Santika Hotel Cirebon. Saran : varian menu makanan sarapan pagi tolong ditambah 😊 Terimakasih","January 24, 2025"
67,667,achyar,Indonesia,Family with young children,Superior Twin,Stayed 1 night in September 2025,8.8,Excellent,Excellent,"Lokasi berdekatan lokasi perkantoran kota cirebon, kamar luas dengan cukup bersih. Kolam renang bersih dengan disediakan handuk. Staf sangat ramah dan menunjukkan inisiatif untuk membantu terutama yg bertugas di kolam renang dan kebun/ taman sekitar kolam. Untuk makanan biasa saja.","September 15, 2025"
67,668,Inne,Indonesia,Business traveler,Superior Twin,Stayed 1 night in January 2025,8.8,Excellent,"Hotel dgn lokasi, fasilitas dan pelayanan memuaskan","Hotel dengan lokasi ditengah kota Cirebon dengan fasilitas lengkap dan pelayanan yg baik, staff yg ramah dan helpfull, membuat perjalanan bisnis menjadi menyenangkan. Kamarnya nyaman, toiletries cukup lengkap, menu breakfast beragam dan rasanya lezat. Terimakasih Hotel Santika Cirebon 🙏🏻","January 14, 2025"
67,669,Sahid,Indonesia,Group,Superior Twin,Stayed 1 night in October 2025,10.0,Exceptional,Exceptional,Tempat yg nyaman buat istirahat saya dn keluarga ketika ke kota Cirebon apalagi kolam renangnya luas dn bersih,"October 14, 2025"
67,670,Maemunah,Indonesia,Family with young children,Superior Twin,Stayed 2 nights in June 2025,9.6,Exceptional,Liburan Mengesankan,"Disambut dengan staf yg ramah dan pelayanan yg baik, kamarnya bersih, fasilitas lainnya lengkap (resto, kolam renang anak dan dewasa, tempat fitness)… next time bisa nginep lagi…","June 15, 2025"
68,671,Zahir,United Kingdom,Couple,,Stayed 1 night in May 2014,6.0,,Standard Hotel,Its a OK hotel nothing wrong but nothing great either.,"October 08, 2014"
68,672,Nia,Australia,Couple,,Stayed 4 nights in September 2014,9.7,Exceptional,very good,"we enjoyed our resent stay at Hotel Santika Crebon. we suggest that the Hotel may change all the towels to newest one, as they looked old. thank you","October 02, 2014"
68,673,monika,Indonesia,Business traveler,,Stayed 2 nights in September 2014,8.0,Excellent,recomended for business or traveller,good,"September 28, 2014"
68,674,HAZLINA,Malaysia,Family with young children,,Stayed 1 night in January 2014,10.0,Exceptional,good location,Affordable,"September 23, 2014"
68,675,hanafi,Indonesia,Family with young children,,Stayed 1 night in August 2014,7.7,Very good,the hotel located in center of city.,"nice trip. my kid felt comfort. nice swimming pool and not too many people there. the hotel located at mid town, so easy to get coffee shop,restaurant and mini market near that.","September 03, 2014"
68,676,Inne,Indonesia,Family with teens,Superior Twin,Stayed 1 night in January 2025,9.6,Exceptional,Nyamannya menginap di Santika Hotel Cirebon,"Lokasi hotel ditengah kota sangat strategis, dekat dengan pusat perbelanjaan, rumah sakit, transportasi umum, perkantoran. Kebersihannya terjaga dengan baik. Fasilitas kamar cukup lengkap : shower air panas & dingin, toiletries, mini bar, notes & pinsil. Fasilitas hotel cukup lengkap : gym, kolam renang, resto, wifi, tempat parkir luas. Keistimewaan yg berbeda dgn hotel lain, setiap pagi mobil kami sudah kinclong dibersihkan oleh staf hotel 👍🏻👏🏻 Ini kali kedua kami menginap di Santika Hotel Cirebon. Saran : varian menu makanan sarapan pagi tolong ditambah 😊 Terimakasih","January 24, 2025"
68,677,achyar,Indonesia,Family with young children,Superior Twin,Stayed 1 night in September 2025,8.8,Excellent,Excellent,"Lokasi berdekatan lokasi perkantoran kota cirebon, kamar luas dengan cukup bersih. Kolam renang bersih dengan disediakan handuk. Staf sangat ramah dan menunjukkan inisiatif untuk membantu terutama yg bertugas di kolam renang dan kebun/ taman sekitar kolam. Untuk makanan biasa saja.","September 15, 2025"
68,678,Inne,Indonesia,Business traveler,Superior Twin,Stayed 1 night in January 2025,8.8,Excellent,"Hotel dgn lokasi, fasilitas dan pelayanan memuaskan","Hotel dengan lokasi ditengah kota Cirebon dengan fasilitas lengkap dan pelayanan yg baik, staff yg ramah dan helpfull, membuat perjalanan bisnis menjadi menyenangkan. Kamarnya nyaman, toiletries cukup lengkap, menu breakfast beragam dan rasanya lezat. Terimakasih Hotel Santika Cirebon 🙏🏻","January 14, 2025"
68,679,Sahid,Indonesia,Group,Superior Twin,Stayed 1 night in October 2025,10.0,Exceptional,Exceptional,Tempat yg nyaman buat istirahat saya dn keluarga ketika ke kota Cirebon apalagi kolam renangnya luas dn bersih,"October 14, 2025"
68,680,Maemunah,Indonesia,Family with young children,Superior Twin,Stayed 2 nights in June 2025,9.6,Exceptional,Liburan Mengesankan,"Disambut dengan staf yg ramah dan pelayanan yg baik, kamarnya bersih, fasilitas lainnya lengkap (resto, kolam renang anak dan dewasa, tempat fitness)… next time bisa nginep lagi…","June 15, 2025"
69,681,Agung,Indonesia,Family with young children,,Stayed 2 nights in December 2013,8.0,Excellent,happy,,"August 06, 2014"
69,682,stephanie,Indonesia,Family with young children,,Stayed 1 night in July 2014,8.7,Excellent,comfort,fun holiday for kids,"July 10, 2014"
69,683,Yanuar,Indonesia,Family with teens,,Stayed 1 night in June 2014,8.0,Excellent,Relax and value for money,,"June 15, 2014"
69,684,Andiko,Indonesia,Solo traveler,,Stayed 1 night in May 2014,8.3,Excellent,Nice staffs clean and tidy room,"It was a great hotel, located near the city center, easy acces to transportations, very nice and friendly staffs, easy to check in and out, quite surroundings. But the bathroom a little bit dark, others are great, I will stay here again in my next visit to cirebon.","May 28, 2014"
69,685,Vera,Indonesia,Family with teens,,Stayed 1 night in May 2014,7.7,Very good,nice luxury hotel,,"May 21, 2014"
69,686,Inne,Indonesia,Family with teens,Superior Twin,Stayed 1 night in January 2025,9.6,Exceptional,Nyamannya menginap di Santika Hotel Cirebon,"Lokasi hotel ditengah kota sangat strategis, dekat dengan pusat perbelanjaan, rumah sakit, transportasi umum, perkantoran. Kebersihannya terjaga dengan baik. Fasilitas kamar cukup lengkap : shower air panas & dingin, toiletries, mini bar, notes & pinsil. Fasilitas hotel cukup lengkap : gym, kolam renang, resto, wifi, tempat parkir luas. Keistimewaan yg berbeda dgn hotel lain, setiap pagi mobil kami sudah kinclong dibersihkan oleh staf hotel 👍🏻👏🏻 Ini kali kedua kami menginap di Santika Hotel Cirebon. Saran : varian menu makanan sarapan pagi tolong ditambah 😊 Terimakasih","January 24, 2025"
69,687,achyar,Indonesia,Family with young children,Superior Twin,Stayed 1 night in September 2025,8.8,Excellent,Excellent,"Lokasi berdekatan lokasi perkantoran kota cirebon, kamar luas dengan cukup bersih. Kolam renang bersih dengan disediakan handuk. Staf sangat ramah dan menunjukkan inisiatif untuk membantu terutama yg bertugas di kolam renang dan kebun/ taman sekitar kolam. Untuk makanan biasa saja.","September 15, 2025"
69,688,Inne,Indonesia,Business traveler,Superior Twin,Stayed 1 night in January 2025,8.8,Excellent,"Hotel dgn lokasi, fasilitas dan pelayanan memuaskan","Hotel dengan lokasi ditengah kota Cirebon dengan fasilitas lengkap dan pelayanan yg baik, staff yg ramah dan helpfull, membuat perjalanan bisnis menjadi menyenangkan. Kamarnya nyaman, toiletries cukup lengkap, menu breakfast beragam dan rasanya lezat. Terimakasih Hotel Santika Cirebon 🙏🏻","January 14, 2025"
69,689,Sahid,Indonesia,Group,Superior Twin,Stayed 1 night in October 2025,10.0,Exceptional,Exceptional,Tempat yg nyaman buat istirahat saya dn keluarga ketika ke kota Cirebon apalagi kolam renangnya luas dn bersih,"October 14, 2025"
69,690,Maemunah,Indonesia,Family with young children,Superior Twin,Stayed 2 nights in June 2025,9.6,Exceptional,Liburan Mengesankan,"Disambut dengan staf yg ramah dan pelayanan yg baik, kamarnya bersih, fasilitas lainnya lengkap (resto, kolam renang anak dan dewasa, tempat fitness)… next time bisa nginep lagi…","June 15, 2025"
70,691,Handy,Indonesia,Business traveler,,Stayed 1 night in February 2014,8.3,Excellent,"Nice, comfort, and great breakfast","My stay was great, the staffs are friendly and reliable. Train ticket can be booked by the hotel. The breakfast has a lot of variation with great taste. Once I should have breakfast at 05:00 AM in the early morning, the breakfast was ready with the same quantity and quality as normal breakfast. I really appreciate this hotel's commitment.","March 04, 2014"
70,692,Retno,Indonesia,Family with young children,,Stayed 1 night in October 2013,7.0,Very good,A city center hotel with traditional atmosphere,"I stay for 1 night with my husband and 2 young children. The hotel is centrally located on the downtown. Near to the traditional food hawkers. This is not a new hotel, but the hotel building and interior is nice, decorated in Indonesia traditional atmosphere.","March 02, 2014"
70,693,ETTORI,France,Business traveler,,Stayed 2 nights in January 2014,9.3,Exceptional,Relaxing hotel and high quality service staff,"Very pleasant stay : Nice bali style decoration , great swimming pool , good massage and the rooms were perfect. All these with very reasonable fares.","January 15, 2014"
70,694,Vera,Indonesia,Family with young children,,Stayed 2 nights in December 2013,8.0,Excellent,"Great hotel, great vacation","My first impression was that the hotel staff were very friendly and attentive. Breakfast was not as grand as Hotel Santika in Jakarta. But the food was nice with a touch of local and international food. Bathroom was clean with new toilet seats, showers, sinks. Swimming pool was newly renovated. Kiddy pool available. The view of the room was so-so since it's located in the middle of the city. But we can see Mount Ceremai from afar.","January 03, 2014"
70,695,Andi,Indonesia,Family with young children,,Stayed 2 nights in December 2013,8.7,Excellent,Nice & clean hotel for family,,"January 02, 2014"
70,696,Inne,Indonesia,Family with teens,Superior Twin,Stayed 1 night in January 2025,9.6,Exceptional,Nyamannya menginap di Santika Hotel Cirebon,"Lokasi hotel ditengah kota sangat strategis, dekat dengan pusat perbelanjaan, rumah sakit, transportasi umum, perkantoran. Kebersihannya terjaga dengan baik. Fasilitas kamar cukup lengkap : shower air panas & dingin, toiletries, mini bar, notes & pinsil. Fasilitas hotel cukup lengkap : gym, kolam renang, resto, wifi, tempat parkir luas. Keistimewaan yg berbeda dgn hotel lain, setiap pagi mobil kami sudah kinclong dibersihkan oleh staf hotel 👍🏻👏🏻 Ini kali kedua kami menginap di Santika Hotel Cirebon. Saran : varian menu makanan sarapan pagi tolong ditambah 😊 Terimakasih","January 24, 2025"
70,697,achyar,Indonesia,Family with young children,Superior Twin,Stayed 1 night in September 2025,8.8,Excellent,Excellent,"Lokasi berdekatan lokasi perkantoran kota cirebon, kamar luas dengan cukup bersih. Kolam renang bersih dengan disediakan handuk. Staf sangat ramah dan menunjukkan inisiatif untuk membantu terutama yg bertugas di kolam renang dan kebun/ taman sekitar kolam. Untuk makanan biasa saja.","September 15, 2025"
70,698,Inne,Indonesia,Business traveler,Superior Twin,Stayed 1 night in January 2025,8.8,Excellent,"Hotel dgn lokasi, fasilitas dan pelayanan memuaskan","Hotel dengan lokasi ditengah kota Cirebon dengan fasilitas lengkap dan pelayanan yg baik, staff yg ramah dan helpfull, membuat perjalanan bisnis menjadi menyenangkan. Kamarnya nyaman, toiletries cukup lengkap, menu breakfast beragam dan rasanya lezat. Terimakasih Hotel Santika Cirebon 🙏🏻","January 14, 2025"
70,699,Sahid,Indonesia,Group,Superior Twin,Stayed 1 night in October 2025,10.0,Exceptional,Exceptional,Tempat yg nyaman buat istirahat saya dn keluarga ketika ke kota Cirebon apalagi kolam renangnya luas dn bersih,"October 14, 2025"
70,700,Maemunah,Indonesia,Family with young children,Superior Twin,Stayed 2 nights in June 2025,9.6,Exceptional,Liburan Mengesankan,"Disambut dengan staf yg ramah dan pelayanan yg baik, kamarnya bersih, fasilitas lainnya lengkap (resto, kolam renang anak dan dewasa, tempat fitness)… next time bisa nginep lagi…","June 15, 2025"
71,701,Farah,Indonesia,Family with teens,,Stayed 1 night in December 2013,8.3,Excellent,clean and friendly staff,"it was one good night stay at the hotel, the room was clean and comfort, yet the adjustment on water heater was broken so it's difficult to have perfect temperature water","December 27, 2013"
71,702,Fahmi,Indonesia,Business traveler,,Stayed 1 night in November 2013,8.0,Excellent,Nice hotel for business and pleasure,This is my home city with location centrally and near jamblang food arround the hotel,"December 13, 2013"
71,703,Ade,Indonesia,Solo traveler,,Stayed 2 nights in October 2012,6.3,Good,probably the best Hotel in the City of Cirebon...,we need two night stay in this city for a family event....everyone recommend this Hotel.. and we think it still the best we could ever had in Cirebon...,"September 23, 2013"
71,704,Ridwan,Indonesia,Family with young children,,Stayed 1 night in August 2013,4.7,,good hotel with bloody mosquitos,"it was not my first time staying in this hotel, and i have been stay in several santika as well. however, i must say this is the worst time i ever experience in santika cirebon that i found my room full of bloody mosquitos and hairs in floor. they seems not pay attention to room hygiene and lost their attention on details. next time i visit cirebon, i may not chose this hotel anymore since there is a new 4 stars hotel (which incredibly) cheaper that santika cirebon 3 star.","August 23, 2013"
71,705,Inge,United States,Couple,,Stayed 1 night in August 2013,8.0,Excellent,Very nice,Overall very nice. The only trouble we had is with the room wifi. We had to get new passwords 3 times.,"August 19, 2013"
71,706,Inne,Indonesia,Family with teens,Superior Twin,Stayed 1 night in January 2025,9.6,Exceptional,Nyamannya menginap di Santika Hotel Cirebon,"Lokasi hotel ditengah kota sangat strategis, dekat dengan pusat perbelanjaan, rumah sakit, transportasi umum, perkantoran. Kebersihannya terjaga dengan baik. Fasilitas kamar cukup lengkap : shower air panas & dingin, toiletries, mini bar, notes & pinsil. Fasilitas hotel cukup lengkap : gym, kolam renang, resto, wifi, tempat parkir luas. Keistimewaan yg berbeda dgn hotel lain, setiap pagi mobil kami sudah kinclong dibersihkan oleh staf hotel 👍🏻👏🏻 Ini kali kedua kami menginap di Santika Hotel Cirebon. Saran : varian menu makanan sarapan pagi tolong ditambah 😊 Terimakasih","January 24, 2025"
71,707,achyar,Indonesia,Family with young children,Superior Twin,Stayed 1 night in September 2025,8.8,Excellent,Excellent,"Lokasi berdekatan lokasi perkantoran kota cirebon, kamar luas dengan cukup bersih. Kolam renang bersih dengan disediakan handuk. Staf sangat ramah dan menunjukkan inisiatif untuk membantu terutama yg bertugas di kolam renang dan kebun/ taman sekitar kolam. Untuk makanan biasa saja.","September 15, 2025"
71,708,Inne,Indonesia,Business traveler,Superior Twin,Stayed 1 night in January 2025,8.8,Excellent,"Hotel dgn lokasi, fasilitas dan pelayanan memuaskan","Hotel dengan lokasi ditengah kota Cirebon dengan fasilitas lengkap dan pelayanan yg baik, staff yg ramah dan helpfull, membuat perjalanan bisnis menjadi menyenangkan. Kamarnya nyaman, toiletries cukup lengkap, menu breakfast beragam dan rasanya lezat. Terimakasih Hotel Santika Cirebon 🙏🏻","January 14, 2025"
71,709,Sahid,Indonesia,Group,Superior Twin,Stayed 1 night in October 2025,10.0,Exceptional,Exceptional,Tempat yg nyaman buat istirahat saya dn keluarga ketika ke kota Cirebon apalagi kolam renangnya luas dn bersih,"October 14, 2025"
71,710,Maemunah,Indonesia,Family with young children,Superior Twin,Stayed 2 nights in June 2025,9.6,Exceptional,Liburan Mengesankan,"Disambut dengan staf yg ramah dan pelayanan yg baik, kamarnya bersih, fasilitas lainnya lengkap (resto, kolam renang anak dan dewasa, tempat fitness)… next time bisa nginep lagi…","June 15, 2025"
72,711,robert,United States,Business traveler,,Stayed 1 night in July 2013,8.0,Excellent,comfortable and convenience,"Especially like the hotel design and floor plan, open spaces instead of rows of rooms in front of our room.","August 11, 2013"
72,712,Sri,Indonesia,Family with young children,,Stayed 1 night in December 2012,9.0,Exceptional,Comfortable,"We stayed at the hotel for breaking a long road trip. It was a good choice because we really could take a good rest here. I love the room design which is modern, yet has traditional touch.","July 17, 2013"
72,713,Dina,Indonesia,Group,,Stayed 2 nights in June 2013,8.7,Excellent,Nice hotel for meeting while bringing your child,"I was staying there for an official retreat and I bought my 8-year old daughter. She wandered around the hotel comfortably, and the staff are friendly to us.","July 08, 2013"
72,714,fusen,Indonesia,Family with young children,,Stayed 1 night in June 2013,8.0,Excellent,i will tell friends to stay at santika hotel,,"June 29, 2013"
72,715,Karim,Indonesia,Business traveler,,Stayed 1 night in June 2013,9.0,Exceptional,Friendly staffs to serve front desk.,will be return back same hotel in my next visit Cirebon....,"June 21, 2013"
72,716,Inne,Indonesia,Family with teens,Superior Twin,Stayed 1 night in January 2025,9.6,Exceptional,Nyamannya menginap di Santika Hotel Cirebon,"Lokasi hotel ditengah kota sangat strategis, dekat dengan pusat perbelanjaan, rumah sakit, transportasi umum, perkantoran. Kebersihannya terjaga dengan baik. Fasilitas kamar cukup lengkap : shower air panas & dingin, toiletries, mini bar, notes & pinsil. Fasilitas hotel cukup lengkap : gym, kolam renang, resto, wifi, tempat parkir luas. Keistimewaan yg berbeda dgn hotel lain, setiap pagi mobil kami sudah kinclong dibersihkan oleh staf hotel 👍🏻👏🏻 Ini kali kedua kami menginap di Santika Hotel Cirebon. Saran : varian menu makanan sarapan pagi tolong ditambah 😊 Terimakasih","January 24, 2025"
72,717,achyar,Indonesia,Family with young children,Superior Twin,Stayed 1 night in September 2025,8.8,Excellent,Excellent,"Lokasi berdekatan lokasi perkantoran kota cirebon, kamar luas dengan cukup bersih. Kolam renang bersih dengan disediakan handuk. Staf sangat ramah dan menunjukkan inisiatif untuk membantu terutama yg bertugas di kolam renang dan kebun/ taman sekitar kolam. Untuk makanan biasa saja.","September 15, 2025"
72,718,Inne,Indonesia,Business traveler,Superior Twin,Stayed 1 night in January 2025,8.8,Excellent,"Hotel dgn lokasi, fasilitas dan pelayanan memuaskan","Hotel dengan lokasi ditengah kota Cirebon dengan fasilitas lengkap dan pelayanan yg baik, staff yg ramah dan helpfull, membuat perjalanan bisnis menjadi menyenangkan. Kamarnya nyaman, toiletries cukup lengkap, menu breakfast beragam dan rasanya lezat. Terimakasih Hotel Santika Cirebon 🙏🏻","January 14, 2025"
72,719,Sahid,Indonesia,Group,Superior Twin,Stayed 1 night in October 2025,10.0,Exceptional,Exceptional,Tempat yg nyaman buat istirahat saya dn keluarga ketika ke kota Cirebon apalagi kolam renangnya luas dn bersih,"October 14, 2025"
72,720,Maemunah,Indonesia,Family with young children,Superior Twin,Stayed 2 nights in June 2025,9.6,Exceptional,Liburan Mengesankan,"Disambut dengan staf yg ramah dan pelayanan yg baik, kamarnya bersih, fasilitas lainnya lengkap (resto, kolam renang anak dan dewasa, tempat fitness)… next time bisa nginep lagi…","June 15, 2025"
73,721,Satryo,Indonesia,Family with young children,,Stayed 1 night in June 2013,7.7,Very good,good,,"June 18, 2013"
73,722,Felix,Indonesia,Business traveler,,Stayed 1 night in June 2013,6.0,,Good Hotel,,"June 10, 2013"
73,723,Asih,Indonesia,Business traveler,,Stayed 1 night in May 2013,7.7,Very good,nice and easy,I wish my family were here with me....they must be comfortable,"May 19, 2013"
73,724,Anggraini,Indonesia,Solo traveler,,Stayed 2 nights in April 2013,6.3,Good,Good enough,I enjoy stay at the hotel. I like the garden very much. It's very beautiful. The hotel lobby spacious and well laid out so it is enjoyable. But the room's bathroom not too good. It's clean but but the design is not match with the model room.,"April 18, 2013"
73,725,Charles,Indonesia,Family with young children,,Stayed 2 nights in March 2013,6.0,,Good ratio between price and quality,,"March 21, 2013"
73,726,Inne,Indonesia,Family with teens,Superior Twin,Stayed 1 night in January 2025,9.6,Exceptional,Nyamannya menginap di Santika Hotel Cirebon,"Lokasi hotel ditengah kota sangat strategis, dekat dengan pusat perbelanjaan, rumah sakit, transportasi umum, perkantoran. Kebersihannya terjaga dengan baik. Fasilitas kamar cukup lengkap : shower air panas & dingin, toiletries, mini bar, notes & pinsil. Fasilitas hotel cukup lengkap : gym, kolam renang, resto, wifi, tempat parkir luas. Keistimewaan yg berbeda dgn hotel lain, setiap pagi mobil kami sudah kinclong dibersihkan oleh staf hotel 👍🏻👏🏻 Ini kali kedua kami menginap di Santika Hotel Cirebon. Saran : varian menu makanan sarapan pagi tolong ditambah 😊 Terimakasih","January 24, 2025"
73,727,achyar,Indonesia,Family with young children,Superior Twin,Stayed 1 night in September 2025,8.8,Excellent,Excellent,"Lokasi berdekatan lokasi perkantoran kota cirebon, kamar luas dengan cukup bersih. Kolam renang bersih dengan disediakan handuk. Staf sangat ramah dan menunjukkan inisiatif untuk membantu terutama yg bertugas di kolam renang dan kebun/ taman sekitar kolam. Untuk makanan biasa saja.","September 15, 2025"
73,728,Inne,Indonesia,Business traveler,Superior Twin,Stayed 1 night in January 2025,8.8,Excellent,"Hotel dgn lokasi, fasilitas dan pelayanan memuaskan","Hotel dengan lokasi ditengah kota Cirebon dengan fasilitas lengkap dan pelayanan yg baik, staff yg ramah dan helpfull, membuat perjalanan bisnis menjadi menyenangkan. Kamarnya nyaman, toiletries cukup lengkap, menu breakfast beragam dan rasanya lezat. Terimakasih Hotel Santika Cirebon 🙏🏻","January 14, 2025"
73,729,Sahid,Indonesia,Group,Superior Twin,Stayed 1 night in October 2025,10.0,Exceptional,Exceptional,Tempat yg nyaman buat istirahat saya dn keluarga ketika ke kota Cirebon apalagi kolam renangnya luas dn bersih,"October 14, 2025"
73,730,Maemunah,Indonesia,Family with young children,Superior Twin,Stayed 2 nights in June 2025,9.6,Exceptional,Liburan Mengesankan,"Disambut dengan staf yg ramah dan pelayanan yg baik, kamarnya bersih, fasilitas lainnya lengkap (resto, kolam renang anak dan dewasa, tempat fitness)… next time bisa nginep lagi…","June 15, 2025"
74,731,adma,Indonesia,Family with teens,,Stayed 2 nights in February 2013,8.3,Excellent,Cleanliness and Pool area,"I browse Santika Hotel based on user reviews, since i bring my kids with me. This is the 1st time for kids to stay at Santika Hotel, well for me this is the several times. I like this Santika Cirebon since they have a good cleanliness, either in the public area such as pool, gym, or at the bath room. And also pool temperature is good, it was lukewarm water, so we could swimm longer and at any time. So for me, despite of strategic location, i could leave my kids at hotel, safely, while i'm having a business meeting outside the hotel. And kids always remember Santika Cirebon and hope we can come again someday. Thanks Adma Sari","March 11, 2013"
74,732,Sara,Netherlands,Family with teens,,Stayed 2 nights in March 2013,9.3,Exceptional,"Great service, super friendly, beautiful hotel!","Rooms are clean and spacious, beds are comfy, nice showers! Breakfast is incredible! Try the local Nasi Jamblang, super delicious! They offer so much choise, you dont know what to pick first... Again staff is wonderfull and super friendly, always in for a chat. Nothing is to much effort, we had a great night coffee and te tubruk at the swimmingpool. We will definitely come back!","March 11, 2013"
74,733,Haidar,Indonesia,Family with young children,,Stayed 1 night in February 2013,8.0,Excellent,a fine hotel,"a fine hotel. the facilities are great. the service is amazing, the staff are very friendly and helpful. the breakfast, in the other side, is not much what we expected from such a fine hotel. its not bad, its okay. we just expect something more.","February 20, 2013"
74,734,Bob,Indonesia,Family with young children,,Stayed 1 night in January 2013,7.0,Very good,Nice and warm hotel,A great hotel for a rest after a long journey from Semarang to Jakarta. a great place to unwind without traffic interruption a rich and delicious breakfast with lots of choices Friendly reception and good service,"February 12, 2013"
74,735,anwar,Saudi Arabia,Couple,,Stayed 2 nights in February 2013,8.3,Excellent,Clean room,"Clean hotel room, large ,, friendly staff, taste breakfast ,, the pool are not comfortable ,,next to the restaurant , but still nice hotel ,and great location","February 09, 2013"
74,736,Inne,Indonesia,Family with teens,Superior Twin,Stayed 1 night in January 2025,9.6,Exceptional,Nyamannya menginap di Santika Hotel Cirebon,"Lokasi hotel ditengah kota sangat strategis, dekat dengan pusat perbelanjaan, rumah sakit, transportasi umum, perkantoran. Kebersihannya terjaga dengan baik. Fasilitas kamar cukup lengkap : shower air panas & dingin, toiletries, mini bar, notes & pinsil. Fasilitas hotel cukup lengkap : gym, kolam renang, resto, wifi, tempat parkir luas. Keistimewaan yg berbeda dgn hotel lain, setiap pagi mobil kami sudah kinclong dibersihkan oleh staf hotel 👍🏻👏🏻 Ini kali kedua kami menginap di Santika Hotel Cirebon. Saran : varian menu makanan sarapan pagi tolong ditambah 😊 Terimakasih","January 24, 2025"
74,737,achyar,Indonesia,Family with young children,Superior Twin,Stayed 1 night in September 2025,8.8,Excellent,Excellent,"Lokasi berdekatan lokasi perkantoran kota cirebon, kamar luas dengan cukup bersih. Kolam renang bersih dengan disediakan handuk. Staf sangat ramah dan menunjukkan inisiatif untuk membantu terutama yg bertugas di kolam renang dan kebun/ taman sekitar kolam. Untuk makanan biasa saja.","September 15, 2025"
74,738,Inne,Indonesia,Business traveler,Superior Twin,Stayed 1 night in January 2025,8.8,Excellent,"Hotel dgn lokasi, fasilitas dan pelayanan memuaskan","Hotel dengan lokasi ditengah kota Cirebon dengan fasilitas lengkap dan pelayanan yg baik, staff yg ramah dan helpfull, membuat perjalanan bisnis menjadi menyenangkan. Kamarnya nyaman, toiletries cukup lengkap, menu breakfast beragam dan rasanya lezat. Terimakasih Hotel Santika Cirebon 🙏🏻","January 14, 2025"
74,739,Sahid,Indonesia,Group,Superior Twin,Stayed 1 night in October 2025,10.0,Exceptional,Exceptional,Tempat yg nyaman buat istirahat saya dn keluarga ketika ke kota Cirebon apalagi kolam renangnya luas dn bersih,"October 14, 2025"
74,740,Maemunah,Indonesia,Family with young children,Superior Twin,Stayed 2 nights in June 2025,9.6,Exceptional,Liburan Mengesankan,"Disambut dengan staf yg ramah dan pelayanan yg baik, kamarnya bersih, fasilitas lainnya lengkap (resto, kolam renang anak dan dewasa, tempat fitness)… next time bisa nginep lagi…","June 15, 2025"
75,741,Clara,Indonesia,Family with teens,,Stayed 1 night in January 2013,7.7,Very good,A beautiful and classic hotel,"We had a one night transit after a long drive from Semarang to Jakarta. We immediately felt at home when we arrived - a nice feeling. The room is nice, the view is great, the breakfast is nice too. The only problem is that our room was dusty - not too good for those allergic to dusts. The curtain smelt dust too. The fridge didn't work. You need to request for a hairdryer if you need one.","January 31, 2013"
75,742,riri,Indonesia,Family with young children,,Stayed 1 night in October 2012,9.3,Exceptional,great hotel,Actualy I book two rooms. My sister with her family stay in deluxe room. I stay at suite room. The price was fair but for suite room was rather expensive. The room was clean and cozy. The breakfast was ok and so many option/menu (traditional and international menu). Me and my kids love to the hotel pool. The water so warm and clean. At night we use becak (traditional public transportation) to travel around the city.,"January 28, 2013"
75,743,Paulus,Indonesia,Family with young children,,Stayed 1 night in January 2013,9.3,Exceptional,Nice old 'green' hotel in Cirebon,"We stayed at Santika for one night after around 6 hours driving from Semarang.. Room was affordable and tidy. We love the breakfast menu variety offered from nasi jamblang, bubur ayam, to western food. My kids love the huge swimming pool and the outdoor kids playground.","January 16, 2013"
75,744,SUMARNI,Indonesia,Couple,,Stayed 1 night in December 2012,8.0,Excellent,New Hotel,had a pleasant stay at this hotel. will be checking in again the next time.,"January 12, 2013"
75,745,Geri,Indonesia,Family with teens,,Stayed 2 nights in January 2013,8.0,Excellent,Decent hotel with an excellent service,"The hotel is located pretty much in the cetral of Cirebon so, distance wise, it's easy to get around. However, the trick is to find yourselves a good and realiable means of transportation. Taxis sometime don't want to use the meter, so you have to bargain with the driver in advance - an annoying thing to do especially when you're traveling with a group requiring more than 1 car. The wisest thing to do in these circumstances is to ask for the hotel to arrange you the transportation. They have variety of cars (with drivers) that can be rented to take 6-8 passangers with a reasonable price. And if you're only aiming for a short trip to restaurant or anything considerably closeby, the hotel even gives you a shuttle service for free! I'd recommend that you give the tip / gratuity to the driver for this service (some of the drivers works at the concierge too). The room itself is decent, pretty clean, water runs with no problems. The swimming pool is nice and open til 9PM, so I did some night swimming which was nice. Breakfast is decent with selection of traditional, western and oriental food. The gym, however, needs a massive redo. Some of the equipment looks older than me:). Thank God for the swimming pool. If you really wanna keep burning calories during holiday, use the emergency stair case to get up to your room floor and down. The emergency stairs are well lit, mantained and located just next to the elevator. I stayed on 5th floor and use it all the time:)","January 08, 2013"
75,746,Inne,Indonesia,Family with teens,Superior Twin,Stayed 1 night in January 2025,9.6,Exceptional,Nyamannya menginap di Santika Hotel Cirebon,"Lokasi hotel ditengah kota sangat strategis, dekat dengan pusat perbelanjaan, rumah sakit, transportasi umum, perkantoran. Kebersihannya terjaga dengan baik. Fasilitas kamar cukup lengkap : shower air panas & dingin, toiletries, mini bar, notes & pinsil. Fasilitas hotel cukup lengkap : gym, kolam renang, resto, wifi, tempat parkir luas. Keistimewaan yg berbeda dgn hotel lain, setiap pagi mobil kami sudah kinclong dibersihkan oleh staf hotel 👍🏻👏🏻 Ini kali kedua kami menginap di Santika Hotel Cirebon. Saran : varian menu makanan sarapan pagi tolong ditambah 😊 Terimakasih","January 24, 2025"
75,747,achyar,Indonesia,Family with young children,Superior Twin,Stayed 1 night in September 2025,8.8,Excellent,Excellent,"Lokasi berdekatan lokasi perkantoran kota cirebon, kamar luas dengan cukup bersih. Kolam renang bersih dengan disediakan handuk. Staf sangat ramah dan menunjukkan inisiatif untuk membantu terutama yg bertugas di kolam renang dan kebun/ taman sekitar kolam. Untuk makanan biasa saja.","September 15, 2025"
75,748,Inne,Indonesia,Business traveler,Superior Twin,Stayed 1 night in January 2025,8.8,Excellent,"Hotel dgn lokasi, fasilitas dan pelayanan memuaskan","Hotel dengan lokasi ditengah kota Cirebon dengan fasilitas lengkap dan pelayanan yg baik, staff yg ramah dan helpfull, membuat perjalanan bisnis menjadi menyenangkan. Kamarnya nyaman, toiletries cukup lengkap, menu breakfast beragam dan rasanya lezat. Terimakasih Hotel Santika Cirebon 🙏🏻","January 14, 2025"
75,749,Sahid,Indonesia,Group,Superior Twin,Stayed 1 night in October 2025,10.0,Exceptional,Exceptional,Tempat yg nyaman buat istirahat saya dn keluarga ketika ke kota Cirebon apalagi kolam renangnya luas dn bersih,"October 14, 2025"
75,750,Maemunah,Indonesia,Family with young children,Superior Twin,Stayed 2 nights in June 2025,9.6,Exceptional,Liburan Mengesankan,"Disambut dengan staf yg ramah dan pelayanan yg baik, kamarnya bersih, fasilitas lainnya lengkap (resto, kolam renang anak dan dewasa, tempat fitness)… next time bisa nginep lagi…","June 15, 2025"
76,751,Yos,Indonesia,Business traveler,,Stayed 1 night in December 2012,7.7,Very good,great location but small rooms,customer service okay especially when I asked to check in early even though I didn't request before. But guest room was not clean enough.,"January 08, 2013"
76,752,Judith,Netherlands,Business traveler,,Stayed 1 night in December 2012,8.0,Excellent,welcome,"A warm welcome was a good start of our stay. The room was clean, neat and everything was working (so warm water, comfortable bed, aircon, etc). We had breakfast, lunch and diner at the hotel. I like to recommend this hotel, also to non-indonesian people.","January 07, 2013"
76,753,Aris,Indonesia,Couple,,Stayed 1 night in January 2013,9.0,Exceptional,Nice hotel for transit,the hotel was quiet old but inside is clean. the hotel staff very friendly and helpful. i was staying there for transit only before go back to jakarta.,"January 05, 2013"
76,754,HAM,Indonesia,Family with young children,,Stayed 1 night in December 2012,9.3,Exceptional,The best hotel in Cirebon,"If you go to Cirebon, this is the hotel you should stay","January 05, 2013"
76,755,danny,Indonesia,Business traveler,,Stayed 1 night in December 2012,6.3,Good,comfortable for a family enjoying a holiday,with a large pool area and a breakfast with a view of shade trees,"January 04, 2013"
76,756,Inne,Indonesia,Family with teens,Superior Twin,Stayed 1 night in January 2025,9.6,Exceptional,Nyamannya menginap di Santika Hotel Cirebon,"Lokasi hotel ditengah kota sangat strategis, dekat dengan pusat perbelanjaan, rumah sakit, transportasi umum, perkantoran. Kebersihannya terjaga dengan baik. Fasilitas kamar cukup lengkap : shower air panas & dingin, toiletries, mini bar, notes & pinsil. Fasilitas hotel cukup lengkap : gym, kolam renang, resto, wifi, tempat parkir luas. Keistimewaan yg berbeda dgn hotel lain, setiap pagi mobil kami sudah kinclong dibersihkan oleh staf hotel 👍🏻👏🏻 Ini kali kedua kami menginap di Santika Hotel Cirebon. Saran : varian menu makanan sarapan pagi tolong ditambah 😊 Terimakasih","January 24, 2025"
76,757,achyar,Indonesia,Family with young children,Superior Twin,Stayed 1 night in September 2025,8.8,Excellent,Excellent,"Lokasi berdekatan lokasi perkantoran kota cirebon, kamar luas dengan cukup bersih. Kolam renang bersih dengan disediakan handuk. Staf sangat ramah dan menunjukkan inisiatif untuk membantu terutama yg bertugas di kolam renang dan kebun/ taman sekitar kolam. Untuk makanan biasa saja.","September 15, 2025"
76,758,Inne,Indonesia,Business traveler,Superior Twin,Stayed 1 night in January 2025,8.8,Excellent,"Hotel dgn lokasi, fasilitas dan pelayanan memuaskan","Hotel dengan lokasi ditengah kota Cirebon dengan fasilitas lengkap dan pelayanan yg baik, staff yg ramah dan helpfull, membuat perjalanan bisnis menjadi menyenangkan. Kamarnya nyaman, toiletries cukup lengkap, menu breakfast beragam dan rasanya lezat. Terimakasih Hotel Santika Cirebon 🙏🏻","January 14, 2025"
76,759,Sahid,Indonesia,Group,Superior Twin,Stayed 1 night in October 2025,10.0,Exceptional,Exceptional,Tempat yg nyaman buat istirahat saya dn keluarga ketika ke kota Cirebon apalagi kolam renangnya luas dn bersih,"October 14, 2025"
76,760,Maemunah,Indonesia,Family with young children,Superior Twin,Stayed 2 nights in June 2025,9.6,Exceptional,Liburan Mengesankan,"Disambut dengan staf yg ramah dan pelayanan yg baik, kamarnya bersih, fasilitas lainnya lengkap (resto, kolam renang anak dan dewasa, tempat fitness)… next time bisa nginep lagi…","June 15, 2025"
77,761,Bakrun,Indonesia,Family with teens,,Stayed 1 night in December 2012,7.3,Very good,Peacefull hotel in the heart of City Cirebon,"We transit in this hotel after driving 15 hours from Jogjakarta, and arrived in this hotel around 18:00. Overall the receptionist is very friendly and the hotel condition is very good","January 02, 2013"
77,762,sherly,Indonesia,Family with teens,,Stayed 2 nights in December 2012,9.0,Exceptional,Nice experience,"nothing is better than clean room and nice clean swimming pool, when you travelling with 2 kids and 1 baby. we love the hotel, even the breakfast was good too!","January 02, 2013"
77,763,Winner,Indonesia,Family with young children,,Stayed 1 night in December 2012,9.0,Exceptional,Lovely hotel and excellent service,Nothing the less than excellent. I came to this place with my wife and my 4-months old baby. I was stopping in Cirebon during my road trip to Semarang. I have a very good rest in Cirebon and I really satisfied with my choice of staying at Santika Cirebon hotel.,"January 02, 2013"
77,764,Eks,Indonesia,Family with teens,,Stayed 1 night in December 2012,8.3,Excellent,large room with nice view - garden and pool,"We arrived in the afternoon and were happy to find clean room. One of the problem was that wooden panel behind the desk was nailed off, so I might take care my kids not to touch it.","January 02, 2013"
77,765,Toufan,Indonesia,Family with young children,,Stayed 2 nights in December 2012,6.3,Good,"""great location in Cirebon""","The hotel is close to shopping malls and favorite cirebon special food like nasi jamblang, empal gentong, etc.","December 30, 2012"
77,766,Inne,Indonesia,Family with teens,Superior Twin,Stayed 1 night in January 2025,9.6,Exceptional,Nyamannya menginap di Santika Hotel Cirebon,"Lokasi hotel ditengah kota sangat strategis, dekat dengan pusat perbelanjaan, rumah sakit, transportasi umum, perkantoran. Kebersihannya terjaga dengan baik. Fasilitas kamar cukup lengkap : shower air panas & dingin, toiletries, mini bar, notes & pinsil. Fasilitas hotel cukup lengkap : gym, kolam renang, resto, wifi, tempat parkir luas. Keistimewaan yg berbeda dgn hotel lain, setiap pagi mobil kami sudah kinclong dibersihkan oleh staf hotel 👍🏻👏🏻 Ini kali kedua kami menginap di Santika Hotel Cirebon. Saran : varian menu makanan sarapan pagi tolong ditambah 😊 Terimakasih","January 24, 2025"
77,767,achyar,Indonesia,Family with young children,Superior Twin,Stayed 1 night in September 2025,8.8,Excellent,Excellent,"Lokasi berdekatan lokasi perkantoran kota cirebon, kamar luas dengan cukup bersih. Kolam renang bersih dengan disediakan handuk. Staf sangat ramah dan menunjukkan inisiatif untuk membantu terutama yg bertugas di kolam renang dan kebun/ taman sekitar kolam. Untuk makanan biasa saja.","September 15, 2025"
77,768,Inne,Indonesia,Business traveler,Superior Twin,Stayed 1 night in January 2025,8.8,Excellent,"Hotel dgn lokasi, fasilitas dan pelayanan memuaskan","Hotel dengan lokasi ditengah kota Cirebon dengan fasilitas lengkap dan pelayanan yg baik, staff yg ramah dan helpfull, membuat perjalanan bisnis menjadi menyenangkan. Kamarnya nyaman, toiletries cukup lengkap, menu breakfast beragam dan rasanya lezat. Terimakasih Hotel Santika Cirebon 🙏🏻","January 14, 2025"
77,769,Sahid,Indonesia,Group,Superior Twin,Stayed 1 night in October 2025,10.0,Exceptional,Exceptional,Tempat yg nyaman buat istirahat saya dn keluarga ketika ke kota Cirebon apalagi kolam renangnya luas dn bersih,"October 14, 2025"
77,770,Maemunah,Indonesia,Family with young children,Superior Twin,Stayed 2 nights in June 2025,9.6,Exceptional,Liburan Mengesankan,"Disambut dengan staf yg ramah dan pelayanan yg baik, kamarnya bersih, fasilitas lainnya lengkap (resto, kolam renang anak dan dewasa, tempat fitness)… next time bisa nginep lagi…","June 15, 2025"
78,771,Jeffrey,Indonesia,Group,,Stayed 1 night in November 2012,7.0,Very good,Big and nice hotel,The room is quite big compare with the new chain hotel. Clean. Breakfast is ok. Swimming pool and gym is quite enough for doing some some exercise. Parking lot is also big. Receptionist is good.,"December 03, 2012"
78,772,HASSAN,Malaysia,Business traveler,,Stayed 2 nights in October 2012,8.0,Excellent,Good location and the service is good,It's been my hotel for the visit to Cirebon. Hotel staffs very a helpful. They arrange for pick up at Railway Station on arrival and departure. We can buy railway ticket from the hotel and delivered to you before departure.,"October 14, 2012"
78,773,DESY,Indonesia,Couple,,Stayed 3 nights in September 2012,9.7,Exceptional,Lovely Hotel more than a home,a nice comfy hotel with nice breakfast include nice swimming pool plus sauna and gym. less thsn 1 km frm shopping mall. this is my 2nd visit to this hotel. this hotel also provides very good service. we will definately come back here again when we go to cirebon.,"October 12, 2012"
78,774,Ronald,Netherlands,Business traveler,,Stayed 4 nights in September 2012,8.0,Excellent,Best hotel in Cirebon with tropical ambiente,"The hotel has a nice open reception which gives it its tropical character, the restaurant is good (but too much seafood and chicken which I don't like) for dinner, the breakfast is wel assorted also for europeans. Only minus point is the music in the restaurant at night. Too much of the same music, as if the dic is scratched. Good stay overthere in general & recommendable!!! The rooms are clean, beds are good, also bathroom, but in total a bit sober.","October 07, 2012"
78,775,Olivier,France,Family with young children,,Stayed 2 nights in September 2012,10.0,Exceptional,Lovely hotel,"It was very great, good staff. good location.good food.","September 24, 2012"
78,776,Inne,Indonesia,Family with teens,Superior Twin,Stayed 1 night in January 2025,9.6,Exceptional,Nyamannya menginap di Santika Hotel Cirebon,"Lokasi hotel ditengah kota sangat strategis, dekat dengan pusat perbelanjaan, rumah sakit, transportasi umum, perkantoran. Kebersihannya terjaga dengan baik. Fasilitas kamar cukup lengkap : shower air panas & dingin, toiletries, mini bar, notes & pinsil. Fasilitas hotel cukup lengkap : gym, kolam renang, resto, wifi, tempat parkir luas. Keistimewaan yg berbeda dgn hotel lain, setiap pagi mobil kami sudah kinclong dibersihkan oleh staf hotel 👍🏻👏🏻 Ini kali kedua kami menginap di Santika Hotel Cirebon. Saran : varian menu makanan sarapan pagi tolong ditambah 😊 Terimakasih","January 24, 2025"
78,777,achyar,Indonesia,Family with young children,Superior Twin,Stayed 1 night in September 2025,8.8,Excellent,Excellent,"Lokasi berdekatan lokasi perkantoran kota cirebon, kamar luas dengan cukup bersih. Kolam renang bersih dengan disediakan handuk. Staf sangat ramah dan menunjukkan inisiatif untuk membantu terutama yg bertugas di kolam renang dan kebun/ taman sekitar kolam. Untuk makanan biasa saja.","September 15, 2025"
78,778,Inne,Indonesia,Business traveler,Superior Twin,Stayed 1 night in January 2025,8.8,Excellent,"Hotel dgn lokasi, fasilitas dan pelayanan memuaskan","Hotel dengan lokasi ditengah kota Cirebon dengan fasilitas lengkap dan pelayanan yg baik, staff yg ramah dan helpfull, membuat perjalanan bisnis menjadi menyenangkan. Kamarnya nyaman, toiletries cukup lengkap, menu breakfast beragam dan rasanya lezat. Terimakasih Hotel Santika Cirebon 🙏🏻","January 14, 2025"
78,779,Sahid,Indonesia,Group,Superior Twin,Stayed 1 night in October 2025,10.0,Exceptional,Exceptional,Tempat yg nyaman buat istirahat saya dn keluarga ketika ke kota Cirebon apalagi kolam renangnya luas dn bersih,"October 14, 2025"
78,780,Maemunah,Indonesia,Family with young children,Superior Twin,Stayed 2 nights in June 2025,9.6,Exceptional,Liburan Mengesankan,"Disambut dengan staf yg ramah dan pelayanan yg baik, kamarnya bersih, fasilitas lainnya lengkap (resto, kolam renang anak dan dewasa, tempat fitness)… next time bisa nginep lagi…","June 15, 2025"
79,781,Donny,Indonesia,Couple,,Stayed 1 night in July 2012,8.3,Excellent,Great hotel,"Great room, nice hotel, good location, great service, A nice surprise was they washed my car !","August 14, 2012"
79,782,Hendra,Indonesia,Business traveler,,Stayed 1 night in July 2012,8.0,Excellent,Best hotel in Cirebon city,"Cirebon is a small city. There are not much good hotel to choose. The best one would be this hotel. I've stay 1 night in the hotel. hotel staffs are very friendly. Location is good. Price is reasonable. If were to go to Cirebon, I would probaby choose this hotel again .","July 08, 2012"
79,783,Annastasia,Indonesia,Family with young children,,Stayed 1 night in June 2012,9.0,Exceptional,Nice Hotel,"love this hotel. hall is open-aired. great swimming pool and very friendly and helpful staff. but bathroom need an major renovation though. will return to this hotel for sure. its also located in the main street, easy to get everywhere... my kids loved the pool so much.","July 08, 2012"
79,784,Hunady,Indonesia,Family with young children,,Stayed 1 night in June 2012,8.3,Excellent,Great location and friendly staff,Frendly staff when we arrive. Good location to major well known culinary place. Good breakfast with local touch.,"June 26, 2012"
79,785,Vivienne,"Hong Kong SAR, China",Couple,,Stayed 2 nights in April 2012,7.3,Very good,Comfortable hotel,"everything inside the hotel was fine. but there is a problem with local transport. i had to wait for a taxi that never came. when i asked to use the hotel car, it seems that there is only one hotel car that brings guests either to the railway station or the airport. i had to really plead with the manager to have the hotel car bring me to my meeting which was not that far away by car but would have been inaccessible on foot or trishaw.","May 04, 2012"
79,786,Inne,Indonesia,Family with teens,Superior Twin,Stayed 1 night in January 2025,9.6,Exceptional,Nyamannya menginap di Santika Hotel Cirebon,"Lokasi hotel ditengah kota sangat strategis, dekat dengan pusat perbelanjaan, rumah sakit, transportasi umum, perkantoran. Kebersihannya terjaga dengan baik. Fasilitas kamar cukup lengkap : shower air panas & dingin, toiletries, mini bar, notes & pinsil. Fasilitas hotel cukup lengkap : gym, kolam renang, resto, wifi, tempat parkir luas. Keistimewaan yg berbeda dgn hotel lain, setiap pagi mobil kami sudah kinclong dibersihkan oleh staf hotel 👍🏻👏🏻 Ini kali kedua kami menginap di Santika Hotel Cirebon. Saran : varian menu makanan sarapan pagi tolong ditambah 😊 Terimakasih","January 24, 2025"
79,787,achyar,Indonesia,Family with young children,Superior Twin,Stayed 1 night in September 2025,8.8,Excellent,Excellent,"Lokasi berdekatan lokasi perkantoran kota cirebon, kamar luas dengan cukup bersih. Kolam renang bersih dengan disediakan handuk. Staf sangat ramah dan menunjukkan inisiatif untuk membantu terutama yg bertugas di kolam renang dan kebun/ taman sekitar kolam. Untuk makanan biasa saja.","September 15, 2025"
79,788,Inne,Indonesia,Business traveler,Superior Twin,Stayed 1 night in January 2025,8.8,Excellent,"Hotel dgn lokasi, fasilitas dan pelayanan memuaskan","Hotel dengan lokasi ditengah kota Cirebon dengan fasilitas lengkap dan pelayanan yg baik, staff yg ramah dan helpfull, membuat perjalanan bisnis menjadi menyenangkan. Kamarnya nyaman, toiletries cukup lengkap, menu breakfast beragam dan rasanya lezat. Terimakasih Hotel Santika Cirebon 🙏🏻","January 14, 2025"
79,789,Sahid,Indonesia,Group,Superior Twin,Stayed 1 night in October 2025,10.0,Exceptional,Exceptional,Tempat yg nyaman buat istirahat saya dn keluarga ketika ke kota Cirebon apalagi kolam renangnya luas dn bersih,"October 14, 2025"
79,790,Maemunah,Indonesia,Family with young children,Superior Twin,Stayed 2 nights in June 2025,9.6,Exceptional,Liburan Mengesankan,"Disambut dengan staf yg ramah dan pelayanan yg baik, kamarnya bersih, fasilitas lainnya lengkap (resto, kolam renang anak dan dewasa, tempat fitness)… next time bisa nginep lagi…","June 15, 2025"
80,791,TRI,Indonesia,Family with teens,,Stayed 2 nights in April 2012,10.0,Exceptional,Hotel with Decent service,We love stayed at Santika Cirebon whenever visit Cirebon. Atsmophere of surrounding very natural and quite. People are very welcome to service at any time.,"April 27, 2012"
80,792,Indra,Indonesia,Business traveler,,Stayed 1 night in April 2012,7.3,Very good,traditional Hotel with good location,"get best price from agoda , while you can get better Hotel compare to other Hotel in Cirebon.","April 23, 2012"
80,793,Fenny,Indonesia,Family with young children,,Stayed 1 night in March 2012,8.3,Excellent,still the best hotel in cirebon,"still the best hotel in cirebon although a litttle bit old good location, clean, friendly staff","March 31, 2012"
80,794,Joan,Indonesia,Couple,,Stayed 1 night in February 2012,7.0,Very good,nice room,"nice room, nice swimming pool, love the pool... nice ambiance, friendly staff","March 28, 2012"
80,795,Ari,Indonesia,Family with young children,,Stayed 2 nights in March 2012,9.0,Exceptional,Good service with a note,"What makes me upset about this hotel is the pick-up service they provided to us. The day before my arrival, I have checked via phone about my reservation. Thus, I just knew that they provided free pick-up and drop service to and from the train station. So, I ordered them to pick us up on our arrival date. Then, nobody showed up. This is the first time in my life that a hotel -already promised to pick us up- didn't show up. So, I called the hotel. They said they have sent a driver but nobody there. So, we decided to go to the hotel by ourselves with becak (traditional carriage). When I arrived at the lobby and checked-in, I complained about that problem. Instead of apologizing, the front office said she didn't quite know what's going on. She asked the bellboy that seemed the person who take care on this matter. This person also didn't apologize but giving me excuses which made me more angry. Later on, when he brought our luggage to our room, FINALLY he apologized. He tried to be nice by offering to bring us to one of the famous culinary place in Cirebon for free. The rest of our stay, he tried to be very nice and helpful. So, I don't think I'm upset with their service anymore but at least it left me with a bad note. If they can not deliver what they promised, it's better they don't promise it at all. The rest of our stay was good. The pool has warm water not because it is heated electrically but because Cirebon was very hot that the sun heated the water naturally. The breakfast food is delicious, always refill fast, and quite enough variants even though this hotel is only 3 stars. They have wi-fi in the room, sometimes it got slow, sometimes on and off. But it's okay. Room is spacious and clean. Staffs are great and nice in general.","March 28, 2012"
80,796,Inne,Indonesia,Family with teens,Superior Twin,Stayed 1 night in January 2025,9.6,Exceptional,Nyamannya menginap di Santika Hotel Cirebon,"Lokasi hotel ditengah kota sangat strategis, dekat dengan pusat perbelanjaan, rumah sakit, transportasi umum, perkantoran. Kebersihannya terjaga dengan baik. Fasilitas kamar cukup lengkap : shower air panas & dingin, toiletries, mini bar, notes & pinsil. Fasilitas hotel cukup lengkap : gym, kolam renang, resto, wifi, tempat parkir luas. Keistimewaan yg berbeda dgn hotel lain, setiap pagi mobil kami sudah kinclong dibersihkan oleh staf hotel 👍🏻👏🏻 Ini kali kedua kami menginap di Santika Hotel Cirebon. Saran : varian menu makanan sarapan pagi tolong ditambah 😊 Terimakasih","January 24, 2025"
80,797,achyar,Indonesia,Family with young children,Superior Twin,Stayed 1 night in September 2025,8.8,Excellent,Excellent,"Lokasi berdekatan lokasi perkantoran kota cirebon, kamar luas dengan cukup bersih. Kolam renang bersih dengan disediakan handuk. Staf sangat ramah dan menunjukkan inisiatif untuk membantu terutama yg bertugas di kolam renang dan kebun/ taman sekitar kolam. Untuk makanan biasa saja.","September 15, 2025"
80,798,Inne,Indonesia,Business traveler,Superior Twin,Stayed 1 night in January 2025,8.8,Excellent,"Hotel dgn lokasi, fasilitas dan pelayanan memuaskan","Hotel dengan lokasi ditengah kota Cirebon dengan fasilitas lengkap dan pelayanan yg baik, staff yg ramah dan helpfull, membuat perjalanan bisnis menjadi menyenangkan. Kamarnya nyaman, toiletries cukup lengkap, menu breakfast beragam dan rasanya lezat. Terimakasih Hotel Santika Cirebon 🙏🏻","January 14, 2025"
80,799,Sahid,Indonesia,Group,Superior Twin,Stayed 1 night in October 2025,10.0,Exceptional,Exceptional,Tempat yg nyaman buat istirahat saya dn keluarga ketika ke kota Cirebon apalagi kolam renangnya luas dn bersih,"October 14, 2025"
80,800,Maemunah,Indonesia,Family with young children,Superior Twin,Stayed 2 nights in June 2025,9.6,Exceptional,Liburan Mengesankan,"Disambut dengan staf yg ramah dan pelayanan yg baik, kamarnya bersih, fasilitas lainnya lengkap (resto, kolam renang anak dan dewasa, tempat fitness)… next time bisa nginep lagi…","June 15, 2025"
81,801,Kamarudin,Malaysia,Solo traveler,,Stayed 1 night in January 2012,7.0,Very good,Nice hotel.....,"I arrived late, therefore it is hard to see the beauty from the outside. Quite hard to find places to eat around the hotel since it is situated a bit far from the food selling area. Taxi is a bit hard to find, need to get the hotel to call the taxi company, but ""Beca"" and ""Ojek"" is always there to bring you around.","February 14, 2012"
81,802,bayu,Indonesia,Group,,Stayed 2 nights in January 2012,7.7,Very good,comfort hotel with full of smiley faces,"i was stay for two nights with my family and my parents in law. we were all just want to have fun in cirebon, sleep comfort, eat well, visiting to ancient places, my wife & my parents in law meet their old friends. and, we've got that all.","February 07, 2012"
81,803,Tong,Malaysia,Couple,,Stayed 1 night in January 2012,10.0,Exceptional,"Great location, attentive and friendly staff","had a great stay at the hotel. staff were friendly, helpful and cheerful. would definitely recommend this hotel for both leisure and business.","February 06, 2012"
81,804,Win,Indonesia,Family with teens,,Stayed 1 night in January 2012,8.3,Excellent,Great Service from Hotel's friendly staff,"It was a wonderful experience staying in this hotel. Located in a very convenient location where you can go to the city within minutes and a lot of local selection of food around the hotel area. The choices of breakfast is sufficient enough and again, the hotel staff was very helpful and full of courtesy.","February 05, 2012"
81,805,anwar,Saudi Arabia,Family with young children,,Stayed 3 nights in January 2012,9.7,Exceptional,Good location,"Frendly staff , nice n good breakfast, clean room,, n big n clean pool , we are comfort stay in this hotel n enjoy with my family","February 05, 2012"
81,806,Inne,Indonesia,Family with teens,Superior Twin,Stayed 1 night in January 2025,9.6,Exceptional,Nyamannya menginap di Santika Hotel Cirebon,"Lokasi hotel ditengah kota sangat strategis, dekat dengan pusat perbelanjaan, rumah sakit, transportasi umum, perkantoran. Kebersihannya terjaga dengan baik. Fasilitas kamar cukup lengkap : shower air panas & dingin, toiletries, mini bar, notes & pinsil. Fasilitas hotel cukup lengkap : gym, kolam renang, resto, wifi, tempat parkir luas. Keistimewaan yg berbeda dgn hotel lain, setiap pagi mobil kami sudah kinclong dibersihkan oleh staf hotel 👍🏻👏🏻 Ini kali kedua kami menginap di Santika Hotel Cirebon. Saran : varian menu makanan sarapan pagi tolong ditambah 😊 Terimakasih","January 24, 2025"
81,807,achyar,Indonesia,Family with young children,Superior Twin,Stayed 1 night in September 2025,8.8,Excellent,Excellent,"Lokasi berdekatan lokasi perkantoran kota cirebon, kamar luas dengan cukup bersih. Kolam renang bersih dengan disediakan handuk. Staf sangat ramah dan menunjukkan inisiatif untuk membantu terutama yg bertugas di kolam renang dan kebun/ taman sekitar kolam. Untuk makanan biasa saja.","September 15, 2025"
81,808,Inne,Indonesia,Business traveler,Superior Twin,Stayed 1 night in January 2025,8.8,Excellent,"Hotel dgn lokasi, fasilitas dan pelayanan memuaskan","Hotel dengan lokasi ditengah kota Cirebon dengan fasilitas lengkap dan pelayanan yg baik, staff yg ramah dan helpfull, membuat perjalanan bisnis menjadi menyenangkan. Kamarnya nyaman, toiletries cukup lengkap, menu breakfast beragam dan rasanya lezat. Terimakasih Hotel Santika Cirebon 🙏🏻","January 14, 2025"
81,809,Sahid,Indonesia,Group,Superior Twin,Stayed 1 night in October 2025,10.0,Exceptional,Exceptional,Tempat yg nyaman buat istirahat saya dn keluarga ketika ke kota Cirebon apalagi kolam renangnya luas dn bersih,"October 14, 2025"
81,810,Maemunah,Indonesia,Family with young children,Superior Twin,Stayed 2 nights in June 2025,9.6,Exceptional,Liburan Mengesankan,"Disambut dengan staf yg ramah dan pelayanan yg baik, kamarnya bersih, fasilitas lainnya lengkap (resto, kolam renang anak dan dewasa, tempat fitness)… next time bisa nginep lagi…","June 15, 2025"
82,811,anwar,Saudi Arabia,Family with young children,,Stayed 3 nights in January 2012,8.3,Excellent,Great location,"Nice breakfast , from traditional food n western they have it, frendly staff, we enjoy the swimming pool,","February 05, 2012"
82,812,Kilman,Indonesia,Couple,,Stayed 1 night in December 2011,8.7,Excellent,Good location with good services.,They open the BF start from 5 am early morning to be able to serve the guest using the morning train to Jakarta. The staff very helpfull and knows the Cirebon best local foods.,"January 04, 2012"
82,813,Milagros,United States,Couple,,Stayed 2 nights in December 2011,8.3,Excellent,Lovely hotel but it could be better,"hotel santika is quite small, but it is beautifully landscaped. the swimming pool is big and one feels like it is a little piece of a tropical paradise. the restaurant offers a limited number of dishes, but they are very tasty and the prices are reasonable. breakfast is mostly indonesia food. as foreigners, we were not pleased with the limited options beyond the local fare, but the fruit selection was excellent. as most places in indonesia, the staff were lovely, friendly and warm. they were eager to help and to plealse and that made our stay enjoyable despite the fact that ciberon is a small town without many attractions. there are no nice restaurants or interesting places to visit. we are still trying to figure out how we got talked into going there! but we found that the town had amazing batik and that made our trip worthwhile. one major disadvantage of visiting a small town in indonesia is that almost no one understood/spoke english. although we had a small phrasebook, it was challenging to get around. however, in the hotel, all the staff spoke enough english to make the visit enjoyable. i would recommend this place only if you have to go to cirebon and only if you are looking for a few days to rest.","January 04, 2012"
82,814,Bagus,Indonesia,Business traveler,,Stayed 1 night in December 2011,6.7,Good,Nice hotel,"There's nothing to say about it, only stayed for one night. Clean and tidy, big room, staffs were the best. Breakfast is not that great limited selection.","December 26, 2011"
82,815,EJ,United States,Couple,,Stayed 2 nights in November 2011,6.3,Good,"good value, best in town","Hotel exactly what was expected. Its the best in town, but in a small Javanese town, you don't expect 5 star. THis is a 3 star international hotel. Clean rooms, bit dated and in need of some updating. Restaurant - only tried for breakfast. Breakfast is adequate, served till 10 am. Both days we came down at 9 am and most everything was picked over by early risers and despite asking the manager, they failed to refill most things. Not acceptable. Location is good, easy to get to the major sites in town. Pool is large and sunny. Hotel bar is empty. Cirebon is a quiet town -","November 30, 2011"
82,816,Inne,Indonesia,Family with teens,Superior Twin,Stayed 1 night in January 2025,9.6,Exceptional,Nyamannya menginap di Santika Hotel Cirebon,"Lokasi hotel ditengah kota sangat strategis, dekat dengan pusat perbelanjaan, rumah sakit, transportasi umum, perkantoran. Kebersihannya terjaga dengan baik. Fasilitas kamar cukup lengkap : shower air panas & dingin, toiletries, mini bar, notes & pinsil. Fasilitas hotel cukup lengkap : gym, kolam renang, resto, wifi, tempat parkir luas. Keistimewaan yg berbeda dgn hotel lain, setiap pagi mobil kami sudah kinclong dibersihkan oleh staf hotel 👍🏻👏🏻 Ini kali kedua kami menginap di Santika Hotel Cirebon. Saran : varian menu makanan sarapan pagi tolong ditambah 😊 Terimakasih","January 24, 2025"
82,817,achyar,Indonesia,Family with young children,Superior Twin,Stayed 1 night in September 2025,8.8,Excellent,Excellent,"Lokasi berdekatan lokasi perkantoran kota cirebon, kamar luas dengan cukup bersih. Kolam renang bersih dengan disediakan handuk. Staf sangat ramah dan menunjukkan inisiatif untuk membantu terutama yg bertugas di kolam renang dan kebun/ taman sekitar kolam. Untuk makanan biasa saja.","September 15, 2025"
82,818,Inne,Indonesia,Business traveler,Superior Twin,Stayed 1 night in January 2025,8.8,Excellent,"Hotel dgn lokasi, fasilitas dan pelayanan memuaskan","Hotel dengan lokasi ditengah kota Cirebon dengan fasilitas lengkap dan pelayanan yg baik, staff yg ramah dan helpfull, membuat perjalanan bisnis menjadi menyenangkan. Kamarnya nyaman, toiletries cukup lengkap, menu breakfast beragam dan rasanya lezat. Terimakasih Hotel Santika Cirebon 🙏🏻","January 14, 2025"
82,819,Sahid,Indonesia,Group,Superior Twin,Stayed 1 night in October 2025,10.0,Exceptional,Exceptional,Tempat yg nyaman buat istirahat saya dn keluarga ketika ke kota Cirebon apalagi kolam renangnya luas dn bersih,"October 14, 2025"
82,820,Maemunah,Indonesia,Family with young children,Superior Twin,Stayed 2 nights in June 2025,9.6,Exceptional,Liburan Mengesankan,"Disambut dengan staf yg ramah dan pelayanan yg baik, kamarnya bersih, fasilitas lainnya lengkap (resto, kolam renang anak dan dewasa, tempat fitness)… next time bisa nginep lagi…","June 15, 2025"
83,821,EDWIN,Netherlands,Solo traveler,,Stayed 1 night in November 2011,8.0,Excellent,Nice and clean hotel with a lot of facillities,beautiful room with free minibar. nice bathroom with lots of hot water which is nice after a long day walking. also de authentic massage is great for acking muscles and a nice swimmingpool for the mornings.,"November 22, 2011"
83,822,Gerard,Australia,Couple,,Stayed 1 night in November 2011,8.3,Excellent,Best Hotel in Town,"Santika Hotel in Cirebon is part of a chain in Indonesia and we have stayed in their hotel in Bali. The service is consistently good and the hotel is well designed. Problem is the flies though this is endemic in Cirebon which I have been told makes a lot of salted fish. The location is good with easy access to popular eating spots such as Mang Dul less than a kilometer up the road. One warning though - the Google Maps coordinates are wrong and if you follow them, you will end up in an entirely different part of town. THe train station is not too far away and the hotel offers a free shuttle to the station.","November 17, 2011"
83,823,SUHERMAN,Indonesia,Family with young children,,Stayed 1 night in November 2011,10.0,Exceptional,Authentic hotel with lovely service and smile,"This hotel is a good hotel, complete facilities, delicious food and the best in Cirebon","November 10, 2011"
83,824,mohammed,United States,Business traveler,,Stayed 4 nights in October 2011,10.0,Exceptional,best hotel,"the hotel was very lovely, very clean and the service was very excellent. the works of the hotel were very nice and wonderfull and its very great place to stay again, i thanks all the staff of the hotel...thank you","October 31, 2011"
83,825,Joel,United States,Couple,,Stayed 1 night in October 2011,10.0,Exceptional,Great hotel and the cost was so inexpensive.,"This was the first time we stayed at this hotel and I was not expecting much because of the price. It was absolutely a wonderful hotel. The room was very large, the setting at the pool is unbelievable and the hotel is very quiet. An absolutely great value for the money.","October 13, 2011"
83,826,Inne,Indonesia,Family with teens,Superior Twin,Stayed 1 night in January 2025,9.6,Exceptional,Nyamannya menginap di Santika Hotel Cirebon,"Lokasi hotel ditengah kota sangat strategis, dekat dengan pusat perbelanjaan, rumah sakit, transportasi umum, perkantoran. Kebersihannya terjaga dengan baik. Fasilitas kamar cukup lengkap : shower air panas & dingin, toiletries, mini bar, notes & pinsil. Fasilitas hotel cukup lengkap : gym, kolam renang, resto, wifi, tempat parkir luas. Keistimewaan yg berbeda dgn hotel lain, setiap pagi mobil kami sudah kinclong dibersihkan oleh staf hotel 👍🏻👏🏻 Ini kali kedua kami menginap di Santika Hotel Cirebon. Saran : varian menu makanan sarapan pagi tolong ditambah 😊 Terimakasih","January 24, 2025"
83,827,achyar,Indonesia,Family with young children,Superior Twin,Stayed 1 night in September 2025,8.8,Excellent,Excellent,"Lokasi berdekatan lokasi perkantoran kota cirebon, kamar luas dengan cukup bersih. Kolam renang bersih dengan disediakan handuk. Staf sangat ramah dan menunjukkan inisiatif untuk membantu terutama yg bertugas di kolam renang dan kebun/ taman sekitar kolam. Untuk makanan biasa saja.","September 15, 2025"
83,828,Inne,Indonesia,Business traveler,Superior Twin,Stayed 1 night in January 2025,8.8,Excellent,"Hotel dgn lokasi, fasilitas dan pelayanan memuaskan","Hotel dengan lokasi ditengah kota Cirebon dengan fasilitas lengkap dan pelayanan yg baik, staff yg ramah dan helpfull, membuat perjalanan bisnis menjadi menyenangkan. Kamarnya nyaman, toiletries cukup lengkap, menu breakfast beragam dan rasanya lezat. Terimakasih Hotel Santika Cirebon 🙏🏻","January 14, 2025"
83,829,Sahid,Indonesia,Group,Superior Twin,Stayed 1 night in October 2025,10.0,Exceptional,Exceptional,Tempat yg nyaman buat istirahat saya dn keluarga ketika ke kota Cirebon apalagi kolam renangnya luas dn bersih,"October 14, 2025"
83,830,Maemunah,Indonesia,Family with young children,Superior Twin,Stayed 2 nights in June 2025,9.6,Exceptional,Liburan Mengesankan,"Disambut dengan staf yg ramah dan pelayanan yg baik, kamarnya bersih, fasilitas lainnya lengkap (resto, kolam renang anak dan dewasa, tempat fitness)… next time bisa nginep lagi…","June 15, 2025"
84,831,Laurentia,Indonesia,Family with young children,,Stayed 1 night in August 2011,8.0,Excellent,Lovely Hotel,"I've made booking 30 minutes before check in. When I checked in, my booking still not appear yet on their system. But the staff was really responsive and helpful, I got my room key within 10 minutes :) The hotel was nice, it's in the middle of the town. Really clean, the room was large enough.","September 12, 2011"
84,832,Rodney,New Zealand,Family with young children,,Stayed 3 nights in August 2011,10.0,Exceptional,Comfortable with good service,Enjoyable stay and I personally appreciated the well maintained gym and yummy breakfasts.,"September 06, 2011"
84,833,BENOIT,Mauritius,Solo traveler,,Stayed 4 nights in August 2011,8.3,Excellent,Very Good Service with a smile,"Very nice stay. Staff very professional. Food good. Negative point, Fitness center need to be updated.","August 23, 2011"
84,834,Mark,Australia,Solo traveler,,Stayed 3 nights in June 2011,8.0,Excellent,Quiet but pleasant hotel,A pleasant hotel with friendly staff. However the hotel is not strong on langauge skills and English speakers will find it difficult to make themselves understood. After 7pm you could fire a cannon in the hotel foyer and not hit anyone.,"July 07, 2011"
84,835,Mohammad,Singapore,Family with teens,,Stayed 2 nights in March 2011,8.0,Excellent,A popular hotel with clean rooms,"our stay at hotel santika cirebon was pleasant. while all staff were polite and respectful, they lacked the sincerity and warmth in welcoming us.","March 30, 2011"
84,836,Inne,Indonesia,Family with teens,Superior Twin,Stayed 1 night in January 2025,9.6,Exceptional,Nyamannya menginap di Santika Hotel Cirebon,"Lokasi hotel ditengah kota sangat strategis, dekat dengan pusat perbelanjaan, rumah sakit, transportasi umum, perkantoran. Kebersihannya terjaga dengan baik. Fasilitas kamar cukup lengkap : shower air panas & dingin, toiletries, mini bar, notes & pinsil. Fasilitas hotel cukup lengkap : gym, kolam renang, resto, wifi, tempat parkir luas. Keistimewaan yg berbeda dgn hotel lain, setiap pagi mobil kami sudah kinclong dibersihkan oleh staf hotel 👍🏻👏🏻 Ini kali kedua kami menginap di Santika Hotel Cirebon. Saran : varian menu makanan sarapan pagi tolong ditambah 😊 Terimakasih","January 24, 2025"
84,837,achyar,Indonesia,Family with young children,Superior Twin,Stayed 1 night in September 2025,8.8,Excellent,Excellent,"Lokasi berdekatan lokasi perkantoran kota cirebon, kamar luas dengan cukup bersih. Kolam renang bersih dengan disediakan handuk. Staf sangat ramah dan menunjukkan inisiatif untuk membantu terutama yg bertugas di kolam renang dan kebun/ taman sekitar kolam. Untuk makanan biasa saja.","September 15, 2025"
84,838,Inne,Indonesia,Business traveler,Superior Twin,Stayed 1 night in January 2025,8.8,Excellent,"Hotel dgn lokasi, fasilitas dan pelayanan memuaskan","Hotel dengan lokasi ditengah kota Cirebon dengan fasilitas lengkap dan pelayanan yg baik, staff yg ramah dan helpfull, membuat perjalanan bisnis menjadi menyenangkan. Kamarnya nyaman, toiletries cukup lengkap, menu breakfast beragam dan rasanya lezat. Terimakasih Hotel Santika Cirebon 🙏🏻","January 14, 2025"
84,839,Sahid,Indonesia,Group,Superior Twin,Stayed 1 night in October 2025,10.0,Exceptional,Exceptional,Tempat yg nyaman buat istirahat saya dn keluarga ketika ke kota Cirebon apalagi kolam renangnya luas dn bersih,"October 14, 2025"
84,840,Maemunah,Indonesia,Family with young children,Superior Twin,Stayed 2 nights in June 2025,9.6,Exceptional,Liburan Mengesankan,"Disambut dengan staf yg ramah dan pelayanan yg baik, kamarnya bersih, fasilitas lainnya lengkap (resto, kolam renang anak dan dewasa, tempat fitness)… next time bisa nginep lagi…","June 15, 2025"
85,841,Sarkis,Lebanon,Business traveler,,Stayed 1 night in January 2011,7.7,Very good,Nice hotel,"Only stayed there for business, so couldn't really enjoy the hotel as much as I would have liked.","January 15, 2011"
85,842,muljono,,Family with young children,,Stayed 1 night in December 2010,8.0,Excellent,not brand new hotel but good location and service,Definitely will stay in this hotel again for the next trip.,"December 30, 2010"
85,843,Johannes,Indonesia,Couple,,Stayed 1 night in December 2010,7.7,Very good,Nice hotel with local touch,"it is just a first timer's one day stay, but the general ambience of the hotel gave long last impression. the location is nice but rather far from the city. it would be good to have more complimentary shuttle services, connecting the hotel with various main spots (touristic, transportation, commercial)of the city.","December 23, 2010"
85,844,Dewi,South Africa,Family with young children,Superior Twin,Stayed 2 nights in April 2024,10.0,Exceptional,Liburan Lebaran,"Bagus nyaman bakal nginap disini lagi dan juga pelayanannya sangat ramah, tp butuh renov saja krn bangunan sudah tua terimakasih ya","April 16, 2024"
85,845,Agus,Indonesia,Business traveler,Superior Twin,Stayed 2 nights in January 2024,10.0,Exceptional,Hotel sangat nyaman,"Pertama masuk lobby, hotel cukup lama , tapiiii...kerren banget, makanan enak enak , kamar nya dingin , shower air hangat berfungsi dengan sangat baik Staff nya ramah ramah semua , mantap pokoknya Nginep 2 malam , tapi ntar kalo ke cirebon balik lagi ke santika","February 01, 2024"
85,846,Inne,Indonesia,Family with teens,Superior Twin,Stayed 1 night in January 2025,9.6,Exceptional,Nyamannya menginap di Santika Hotel Cirebon,"Lokasi hotel ditengah kota sangat strategis, dekat dengan pusat perbelanjaan, rumah sakit, transportasi umum, perkantoran. Kebersihannya terjaga dengan baik. Fasilitas kamar cukup lengkap : shower air panas & dingin, toiletries, mini bar, notes & pinsil. Fasilitas hotel cukup lengkap : gym, kolam renang, resto, wifi, tempat parkir luas. Keistimewaan yg berbeda dgn hotel lain, setiap pagi mobil kami sudah kinclong dibersihkan oleh staf hotel 👍🏻👏🏻 Ini kali kedua kami menginap di Santika Hotel Cirebon. Saran : varian menu makanan sarapan pagi tolong ditambah 😊 Terimakasih","January 24, 2025"
85,847,achyar,Indonesia,Family with young children,Superior Twin,Stayed 1 night in September 2025,8.8,Excellent,Excellent,"Lokasi berdekatan lokasi perkantoran kota cirebon, kamar luas dengan cukup bersih. Kolam renang bersih dengan disediakan handuk. Staf sangat ramah dan menunjukkan inisiatif untuk membantu terutama yg bertugas di kolam renang dan kebun/ taman sekitar kolam. Untuk makanan biasa saja.","September 15, 2025"
85,848,Inne,Indonesia,Business traveler,Superior Twin,Stayed 1 night in January 2025,8.8,Excellent,"Hotel dgn lokasi, fasilitas dan pelayanan memuaskan","Hotel dengan lokasi ditengah kota Cirebon dengan fasilitas lengkap dan pelayanan yg baik, staff yg ramah dan helpfull, membuat perjalanan bisnis menjadi menyenangkan. Kamarnya nyaman, toiletries cukup lengkap, menu breakfast beragam dan rasanya lezat. Terimakasih Hotel Santika Cirebon 🙏🏻","January 14, 2025"
85,849,Sahid,Indonesia,Group,Superior Twin,Stayed 1 night in October 2025,10.0,Exceptional,Exceptional,Tempat yg nyaman buat istirahat saya dn keluarga ketika ke kota Cirebon apalagi kolam renangnya luas dn bersih,"October 14, 2025"
85,850,Maemunah,Indonesia,Family with young children,Superior Twin,Stayed 2 nights in June 2025,9.6,Exceptional,Liburan Mengesankan,"Disambut dengan staf yg ramah dan pelayanan yg baik, kamarnya bersih, fasilitas lainnya lengkap (resto, kolam renang anak dan dewasa, tempat fitness)… next time bisa nginep lagi…","June 15, 2025"
86,851,Angela,Australia,Couple,Superior Twin,Stayed 4 nights in January 2024,10.0,Exceptional,Always Santika Cirebon ❤️,"I am always comfortable staying this hotel santika at Cirebon This hotel always my favourite place to stay and lots of my memorable this hotel This hotel it’s not far from everything you want to do, If you want to catch a grab and to go everywhere in Cirebon area the cost it’s so comfortable to go around your trips, So all I can said is this hotel santika it’s the most comfortable to stay and to lived for❤️❤️😃❤️","January 20, 2024"
86,852,Adit,Indonesia,Family with young children,Superior Twin,Stayed 1 night in January 2024,10.0,Exceptional,Liburan tahun baru,"Saat bingung mau menginap dimana, pilihan ke Santika selalu yang paling aman. Standar hotelnya selalu sama meskipun di kota yang berbeda. Sudah beberapa kali ke Santika Cirebon, kamar cukup luas, bersih, dan suasana tenang untuk istirahat","January 01, 2024"
86,853,windy,Indonesia,Family with young children,Superior Twin,Stayed 2 nights in August 2023,9.2,Exceptional,Exceptional,"Dari tahun 90-an orang tua saya memilih hotel Santika. Dan kita kembali ke sini setelah bertahun² kemudian untuk nostalgia. Kamarnya masih seperti dulu, tapi kalau bisa mohon di perhatikan kembali kamar² yang perlu di perbaiki. Seperti drainase kamar mandi, lemari, dll Untuk restorannya Tamansari, makanannya bervariasi, pelayanannya juga bagus 👍🏼👍🏼👍🏼👍🏼. Fasilitas seperti kolam renang masih seperti dulu. Anak saya suka sampai masih pengen main. Padahal sudah bersin² 😅🤦🏻‍♀️. Fasilitas jemput dan antar ke stasiunnya juga bagus 👍🏼👍🏼👍🏼👍🏼. Receptionist-nya juga sangat membantu 👍🏼👍🏼👍🏼👍🏼 (Mas Wardi, Mas Yoga, Mba Upit, Mba Melanda). Terima kasih Hotel Santika yang sudah menemani nostalgia saya dan keluarga. Pertahankan nilai tradisional-nya.","August 09, 2023"
86,854,Fuadi,Indonesia,Family with young children,Superior Twin,Stayed 1 night in July 2023,10.0,Exceptional,Ga Ada Celahnya !!,"Nama besar santika emang ga perlu diraguin lagi. Semua aspek hotel bagus tuh terpenuhi. kebersihan kamar, lobby, lift lorong, kolam renang semua bagus. Staff ramah. Makanan di resto pas sarapan enak semua. bakal balik lg ke santika kalo ke luar kota","July 03, 2023"
86,855,Stefanie,Indonesia,Family with teens,Superior Room,Stayed 2 nights in December 2022,10.0,Exceptional,Good Hotel,"Hotelnya memang sudah agak tua tetapi fasilitas dan kebersihannya sangat terjaga baik. Kamar sangat nyaman, kamar mandi ok. Staff ramah dan helpful. Pak security bahkan mengantar kami ke CSB.","January 13, 2023"
86,856,Inne,Indonesia,Family with teens,Superior Twin,Stayed 1 night in January 2025,9.6,Exceptional,Nyamannya menginap di Santika Hotel Cirebon,"Lokasi hotel ditengah kota sangat strategis, dekat dengan pusat perbelanjaan, rumah sakit, transportasi umum, perkantoran. Kebersihannya terjaga dengan baik. Fasilitas kamar cukup lengkap : shower air panas & dingin, toiletries, mini bar, notes & pinsil. Fasilitas hotel cukup lengkap : gym, kolam renang, resto, wifi, tempat parkir luas. Keistimewaan yg berbeda dgn hotel lain, setiap pagi mobil kami sudah kinclong dibersihkan oleh staf hotel 👍🏻👏🏻 Ini kali kedua kami menginap di Santika Hotel Cirebon. Saran : varian menu makanan sarapan pagi tolong ditambah 😊 Terimakasih","January 24, 2025"
86,857,achyar,Indonesia,Family with young children,Superior Twin,Stayed 1 night in September 2025,8.8,Excellent,Excellent,"Lokasi berdekatan lokasi perkantoran kota cirebon, kamar luas dengan cukup bersih. Kolam renang bersih dengan disediakan handuk. Staf sangat ramah dan menunjukkan inisiatif untuk membantu terutama yg bertugas di kolam renang dan kebun/ taman sekitar kolam. Untuk makanan biasa saja.","September 15, 2025"
86,858,Inne,Indonesia,Business traveler,Superior Twin,Stayed 1 night in January 2025,8.8,Excellent,"Hotel dgn lokasi, fasilitas dan pelayanan memuaskan","Hotel dengan lokasi ditengah kota Cirebon dengan fasilitas lengkap dan pelayanan yg baik, staff yg ramah dan helpfull, membuat perjalanan bisnis menjadi menyenangkan. Kamarnya nyaman, toiletries cukup lengkap, menu breakfast beragam dan rasanya lezat. Terimakasih Hotel Santika Cirebon 🙏🏻","January 14, 2025"
86,859,Sahid,Indonesia,Group,Superior Twin,Stayed 1 night in October 2025,10.0,Exceptional,Exceptional,Tempat yg nyaman buat istirahat saya dn keluarga ketika ke kota Cirebon apalagi kolam renangnya luas dn bersih,"October 14, 2025"
86,860,Maemunah,Indonesia,Family with young children,Superior Twin,Stayed 2 nights in June 2025,9.6,Exceptional,Liburan Mengesankan,"Disambut dengan staf yg ramah dan pelayanan yg baik, kamarnya bersih, fasilitas lainnya lengkap (resto, kolam renang anak dan dewasa, tempat fitness)… next time bisa nginep lagi…","June 15, 2025"
87,861,SABINE,France,Solo traveler,Superior Twin,Stayed 4 nights in November 2017,10.0,Exceptional,Hôtel agréable dans un esprit balnéaire,Personnel efficace. Jolie piscine. Differetns buffets. Petit dejeuner avec beaucoup de choix Situé relativement près de la gare et de deux centres commerciaux,"November 26, 2017"
87,862,Jean,France,Couple,,Stayed 2 nights in October 2014,8.0,Excellent,Globalement agréable,"Globalement agréable, mais quelques faiblesse techniques : ascenseurs insuffisants, nourriture froide, éclairage du restaurant très triste. Aucun alcool ( bière incluse) disponible dans l'hotel et même toute la ville.","October 14, 2014"
87,863,laurent,France,Couple,,Stayed 1 night in September 2013,8.0,Excellent,Ville typique de java,Séjour agréable sans problème particulier . Repos et calme garanti,"September 23, 2013"
87,864,GIOZZI,New Caledonia,Couple,,Stayed 6 nights in January 2013,8.0,Excellent,"hotel très agréable, personnel souriant","séjour agréable, beaucoup apprécié le calme et la tranquilité des lieux. discrétion , politesse du personnel à tous les niveaux","January 20, 2013"
87,865,GIOZZI,New Caledonia,Couple,,Stayed 6 nights in January 2013,8.0,Excellent,"hotel très agréable,personnel souriant","séjour agréable, beaucoup apprécié le calme et la tranquilité des lieux","January 20, 2013"
87,866,Inne,Indonesia,Family with teens,Superior Twin,Stayed 1 night in January 2025,9.6,Exceptional,Nyamannya menginap di Santika Hotel Cirebon,"Lokasi hotel ditengah kota sangat strategis, dekat dengan pusat perbelanjaan, rumah sakit, transportasi umum, perkantoran. Kebersihannya terjaga dengan baik. Fasilitas kamar cukup lengkap : shower air panas & dingin, toiletries, mini bar, notes & pinsil. Fasilitas hotel cukup lengkap : gym, kolam renang, resto, wifi, tempat parkir luas. Keistimewaan yg berbeda dgn hotel lain, setiap pagi mobil kami sudah kinclong dibersihkan oleh staf hotel 👍🏻👏🏻 Ini kali kedua kami menginap di Santika Hotel Cirebon. Saran : varian menu makanan sarapan pagi tolong ditambah 😊 Terimakasih","January 24, 2025"
87,867,achyar,Indonesia,Family with young children,Superior Twin,Stayed 1 night in September 2025,8.8,Excellent,Excellent,"Lokasi berdekatan lokasi perkantoran kota cirebon, kamar luas dengan cukup bersih. Kolam renang bersih dengan disediakan handuk. Staf sangat ramah dan menunjukkan inisiatif untuk membantu terutama yg bertugas di kolam renang dan kebun/ taman sekitar kolam. Untuk makanan biasa saja.","September 15, 2025"
87,868,Inne,Indonesia,Business traveler,Superior Twin,Stayed 1 night in January 2025,8.8,Excellent,"Hotel dgn lokasi, fasilitas dan pelayanan memuaskan","Hotel dengan lokasi ditengah kota Cirebon dengan fasilitas lengkap dan pelayanan yg baik, staff yg ramah dan helpfull, membuat perjalanan bisnis menjadi menyenangkan. Kamarnya nyaman, toiletries cukup lengkap, menu breakfast beragam dan rasanya lezat. Terimakasih Hotel Santika Cirebon 🙏🏻","January 14, 2025"
87,869,Sahid,Indonesia,Group,Superior Twin,Stayed 1 night in October 2025,10.0,Exceptional,Exceptional,Tempat yg nyaman buat istirahat saya dn keluarga ketika ke kota Cirebon apalagi kolam renangnya luas dn bersih,"October 14, 2025"
87,870,Maemunah,Indonesia,Family with young children,Superior Twin,Stayed 2 nights in June 2025,9.6,Exceptional,Liburan Mengesankan,"Disambut dengan staf yg ramah dan pelayanan yg baik, kamarnya bersih, fasilitas lainnya lengkap (resto, kolam renang anak dan dewasa, tempat fitness)… next time bisa nginep lagi…","June 15, 2025"
88,871,Christian,France,Couple,,Stayed 4 nights in December 2012,7.7,Very good,"Hôtel charmant, confortable et spacieux","Certainement le meilleur hôtel de Cirebon. Les chambres sont grandes et très bien entretenues, le pdj est sympa, ... et la piscine est superbe et agréable. Bref, un séjour de qualité dans un endroit de charme. Le personnel est attentif et je recommande la masseuse ""TATI"" pour une remise en forme...","December 10, 2012"
88,872,allan,Germany,Family with teens,Superior Twin,Stayed 1 night in June 2024,6.8,Good,"Extremely bad ""communication""",The hotel itself is not the newest. It's a little run down. But room and breakfast and pool area is definitely good enough. My one issue......they would not respond to my emails or my messages via the Agoda app. The agoda service team had to phone the hotel to get my request dealt with. All I wanted was an extra bed in the room for a teenager. But Santika just ignored the request. Dreadful. Their reservation team needs a good shake up. If they don't want to communicate with customers they should go and find a different job,"June 05, 2024"
88,873,Christine,Germany,Solo traveler,Superior Twin,Stayed 3 nights in September 2022,8.0,Excellent,Very good,Sehr nettes Personal gutes Frühstück,"September 19, 2022"
88,874,Carsten,Germany,Couple,,Stayed 2 nights in October 2013,8.3,Excellent,Klassisches schönes Hotel mit guter Ausstattung,"Da Cirebon nicht gerade eine Traumstadt ist, sollte zumindest das Hotel ordentlich sein.Das ist bei den Santika Hotels auf jedem Fall gegeben. Schönes klassisches Hotel mit nettem Personal, gutes lokales und internationales Frühstücksbuffet, schöner Pool und zentrale Lage, wenn man dann in die Mals der Stadt möchte. Auch zum Bahnhof nah. Wenn man in Cirebon ist, zu empfehlen.","October 31, 2013"
88,875,Carsten,Germany,Couple,,Stayed 2 nights in October 2013,8.0,Excellent,Klassisches schönes Hotel mit guter Ausstattung,"Da Cirebon nicht gerade eine Traumstadt ist, sollte zumindest das Hotel ordentlich sein.Das ist bei den Santika Hotels auf jedem Fall gegeben. Schönes klassisches Hotel mit nettem Personal, gutes lokales und internationales Frühstücksbuffet, schöner Pool und zentrale Lage, wenn man dann in die Mals der Stadt möchte. Auch zum Bahnhof nah. Wenn man in Cirebon ist, zu empfehlen.","October 31, 2013"
88,876,Inne,Indonesia,Family with teens,Superior Twin,Stayed 1 night in January 2025,9.6,Exceptional,Nyamannya menginap di Santika Hotel Cirebon,"Lokasi hotel ditengah kota sangat strategis, dekat dengan pusat perbelanjaan, rumah sakit, transportasi umum, perkantoran. Kebersihannya terjaga dengan baik. Fasilitas kamar cukup lengkap : shower air panas & dingin, toiletries, mini bar, notes & pinsil. Fasilitas hotel cukup lengkap : gym, kolam renang, resto, wifi, tempat parkir luas. Keistimewaan yg berbeda dgn hotel lain, setiap pagi mobil kami sudah kinclong dibersihkan oleh staf hotel 👍🏻👏🏻 Ini kali kedua kami menginap di Santika Hotel Cirebon. Saran : varian menu makanan sarapan pagi tolong ditambah 😊 Terimakasih","January 24, 2025"
88,877,achyar,Indonesia,Family with young children,Superior Twin,Stayed 1 night in September 2025,8.8,Excellent,Excellent,"Lokasi berdekatan lokasi perkantoran kota cirebon, kamar luas dengan cukup bersih. Kolam renang bersih dengan disediakan handuk. Staf sangat ramah dan menunjukkan inisiatif untuk membantu terutama yg bertugas di kolam renang dan kebun/ taman sekitar kolam. Untuk makanan biasa saja.","September 15, 2025"
88,878,Inne,Indonesia,Business traveler,Superior Twin,Stayed 1 night in January 2025,8.8,Excellent,"Hotel dgn lokasi, fasilitas dan pelayanan memuaskan","Hotel dengan lokasi ditengah kota Cirebon dengan fasilitas lengkap dan pelayanan yg baik, staff yg ramah dan helpfull, membuat perjalanan bisnis menjadi menyenangkan. Kamarnya nyaman, toiletries cukup lengkap, menu breakfast beragam dan rasanya lezat. Terimakasih Hotel Santika Cirebon 🙏🏻","January 14, 2025"
88,879,Sahid,Indonesia,Group,Superior Twin,Stayed 1 night in October 2025,10.0,Exceptional,Exceptional,Tempat yg nyaman buat istirahat saya dn keluarga ketika ke kota Cirebon apalagi kolam renangnya luas dn bersih,"October 14, 2025"
88,880,Maemunah,Indonesia,Family with young children,Superior Twin,Stayed 2 nights in June 2025,9.6,Exceptional,Liburan Mengesankan,"Disambut dengan staf yg ramah dan pelayanan yg baik, kamarnya bersih, fasilitas lainnya lengkap (resto, kolam renang anak dan dewasa, tempat fitness)… next time bisa nginep lagi…","June 15, 2025"
89,881,Charles,Netherlands,Couple,,Stayed 2 nights in May 2013,7.7,Very good,Prima plek om te vertoeven,,"May 30, 2013"
89,882,noriko,Japan,Couple,Superior Twin,Stayed 4 nights in May 2024,9.6,Exceptional,落ち着いた雰囲気、スタッフも親切,チレボンに滞在するときはいつもここにしています。 スタッフも親切で、朝食も種類が多く、落ち着いて過ごせました。,"May 27, 2024"
89,883,k,Indonesia,Family with young children,Superior Twin,Stayed 1 night in February 2024,10.0,Exceptional,良いサービス,ルームサービスの対応が早くて好感ありです！,"February 08, 2024"
89,884,REIKO,Japan,Solo traveler,Superior Twin,Stayed 3 nights in September 2023,8.0,Excellent,定宿,CirebonではHotel Santika Cirebonが好きです。 ホテルスタッフは皆フレンドリーで親しみやすく、 いつも暖かく迎えてくれます。 朝食のビュッフェも品数が多く、インドネシアの郷土料理も味わえます。 建物の老朽化が少々気になりますが、部屋は清潔に保たれています。 古き良きインドネシアのホテルという感じです。,"September 19, 2023"
89,885,AYAKO,Japan,Group,,Stayed 2 nights in January 2016,7.3,Very good,町中のリゾートホテルといった趣,チレボンの駅に着いてから送迎をお願いしたのですが、すぐに来てくれて助かりました。駅からは車で5分強といったところ。 ロビーやレストランには「チレボンと言えば」のメガムンドゥンモチーフが随所にあしらわれていて素敵です。 部屋はシンプル。お庭を囲むように建てられている客室棟、敷地内に木が多いせいか、蚊が多かったです。雨期だったせいかもしれませんが。 ドライヤーが部屋に標準装備されていませんでした。フロントに言えば持ってきてくれる、というパターンのようです。 敷地は広々していて、緑に囲まれたプールなどもあり、リゾートな雰囲気です。 朝食はご当地名物などもあり、まずまず充実していました。味も良かったですが、とびきりおいしい！というわけではなく。 また、ビールを含め、一切のアルコールを置いていません。バーもありません。法律によってコンビニや一定の規模以下のスーパーでもビールなど販売できなくなっていますので、近所で入手することもできません。,"January 18, 2016"
89,886,Inne,Indonesia,Family with teens,Superior Twin,Stayed 1 night in January 2025,9.6,Exceptional,Nyamannya menginap di Santika Hotel Cirebon,"Lokasi hotel ditengah kota sangat strategis, dekat dengan pusat perbelanjaan, rumah sakit, transportasi umum, perkantoran. Kebersihannya terjaga dengan baik. Fasilitas kamar cukup lengkap : shower air panas & dingin, toiletries, mini bar, notes & pinsil. Fasilitas hotel cukup lengkap : gym, kolam renang, resto, wifi, tempat parkir luas. Keistimewaan yg berbeda dgn hotel lain, setiap pagi mobil kami sudah kinclong dibersihkan oleh staf hotel 👍🏻👏🏻 Ini kali kedua kami menginap di Santika Hotel Cirebon. Saran : varian menu makanan sarapan pagi tolong ditambah 😊 Terimakasih","January 24, 2025"
89,887,achyar,Indonesia,Family with young children,Superior Twin,Stayed 1 night in September 2025,8.8,Excellent,Excellent,"Lokasi berdekatan lokasi perkantoran kota cirebon, kamar luas dengan cukup bersih. Kolam renang bersih dengan disediakan handuk. Staf sangat ramah dan menunjukkan inisiatif untuk membantu terutama yg bertugas di kolam renang dan kebun/ taman sekitar kolam. Untuk makanan biasa saja.","September 15, 2025"
89,888,Inne,Indonesia,Business traveler,Superior Twin,Stayed 1 night in January 2025,8.8,Excellent,"Hotel dgn lokasi, fasilitas dan pelayanan memuaskan","Hotel dengan lokasi ditengah kota Cirebon dengan fasilitas lengkap dan pelayanan yg baik, staff yg ramah dan helpfull, membuat perjalanan bisnis menjadi menyenangkan. Kamarnya nyaman, toiletries cukup lengkap, menu breakfast beragam dan rasanya lezat. Terimakasih Hotel Santika Cirebon 🙏🏻","January 14, 2025"
89,889,Sahid,Indonesia,Group,Superior Twin,Stayed 1 night in October 2025,10.0,Exceptional,Exceptional,Tempat yg nyaman buat istirahat saya dn keluarga ketika ke kota Cirebon apalagi kolam renangnya luas dn bersih,"October 14, 2025"
89,890,Maemunah,Indonesia,Family with young children,Superior Twin,Stayed 2 nights in June 2025,9.6,Exceptional,Liburan Mengesankan,"Disambut dengan staf yg ramah dan pelayanan yg baik, kamarnya bersih, fasilitas lainnya lengkap (resto, kolam renang anak dan dewasa, tempat fitness)… next time bisa nginep lagi…","June 15, 2025"
90,891,Takeshi,Japan,Business traveler,,Stayed 1 night in September 2013,7.3,Very good,メンテに問題,値段の割に基本的な設備が整ったホテルだと感じました。ただ残念なことに、私の泊まった部屋にはどこからともなく小便臭がただよっており、そのほかにも部屋のそこここに微妙なほころびが目につきました。地方の小都市ということもあって、設備には金をかけながらメンテには手を抜いているのでしょう。接客スタッフの対応には問題ありませんでした。,"September 26, 2013"
90,892,HIROHARU,Japan,Couple,,Stayed 1 night in February 2012,8.3,Excellent,スタッフの対応は良い,ホテルの内外ともに高級なローカル風で非常に良い。ホテルスタッフの対応も良いが、タクシーを呼んだ時、ときは必ずメーターを使うようにスタッフから言わせてほしい。チレボンには狡いタクシーの運転手が多く、到着地で法外な運賃を要求されることがある。,"March 02, 2012"
90,893,Hotta,Japan,Solo traveler,,Stayed 1 night in December 2011,2.0,,快適！ごはんもおいしい！,よかったの一言につきます。ジムもあるし、プールもあるし、おいしい朝ご飯のバイキングもついてこのお値段とは非常に満足です。またチルボンに来る時は是非泊まりたいです。,"January 14, 2012"
90,894,AKIRA,China,Solo traveler,,Stayed 1 night in December 2011,5.0,,サービスのよいホテル,部屋は古くあまり清潔な感じではないが短期滞在ならOKです。また、ホテルの近くには店がありませんので、買い物にはベチャなどの利用が必要です。,"December 14, 2011"
90,895,hadi,Indonesia,Family with young children,Executive King,Stayed 1 night in April 2023,10.0,Exceptional,Hotel favorit keluarga,"Hampir tiap tahun selalu mnginap disini, selalu mnyenangkan","April 26, 2023"
90,896,Inne,Indonesia,Family with teens,Superior Twin,Stayed 1 night in January 2025,9.6,Exceptional,Nyamannya menginap di Santika Hotel Cirebon,"Lokasi hotel ditengah kota sangat strategis, dekat dengan pusat perbelanjaan, rumah sakit, transportasi umum, perkantoran. Kebersihannya terjaga dengan baik. Fasilitas kamar cukup lengkap : shower air panas & dingin, toiletries, mini bar, notes & pinsil. Fasilitas hotel cukup lengkap : gym, kolam renang, resto, wifi, tempat parkir luas. Keistimewaan yg berbeda dgn hotel lain, setiap pagi mobil kami sudah kinclong dibersihkan oleh staf hotel 👍🏻👏🏻 Ini kali kedua kami menginap di Santika Hotel Cirebon. Saran : varian menu makanan sarapan pagi tolong ditambah 😊 Terimakasih","January 24, 2025"
90,897,achyar,Indonesia,Family with young children,Superior Twin,Stayed 1 night in September 2025,8.8,Excellent,Excellent,"Lokasi berdekatan lokasi perkantoran kota cirebon, kamar luas dengan cukup bersih. Kolam renang bersih dengan disediakan handuk. Staf sangat ramah dan menunjukkan inisiatif untuk membantu terutama yg bertugas di kolam renang dan kebun/ taman sekitar kolam. Untuk makanan biasa saja.","September 15, 2025"
90,898,Inne,Indonesia,Business traveler,Superior Twin,Stayed 1 night in January 2025,8.8,Excellent,"Hotel dgn lokasi, fasilitas dan pelayanan memuaskan","Hotel dengan lokasi ditengah kota Cirebon dengan fasilitas lengkap dan pelayanan yg baik, staff yg ramah dan helpfull, membuat perjalanan bisnis menjadi menyenangkan. Kamarnya nyaman, toiletries cukup lengkap, menu breakfast beragam dan rasanya lezat. Terimakasih Hotel Santika Cirebon 🙏🏻","January 14, 2025"
90,899,Sahid,Indonesia,Group,Superior Twin,Stayed 1 night in October 2025,10.0,Exceptional,Exceptional,Tempat yg nyaman buat istirahat saya dn keluarga ketika ke kota Cirebon apalagi kolam renangnya luas dn bersih,"October 14, 2025"
90,900,Maemunah,Indonesia,Family with young children,Superior Twin,Stayed 2 nights in June 2025,9.6,Exceptional,Liburan Mengesankan,"Disambut dengan staf yg ramah dan pelayanan yg baik, kamarnya bersih, fasilitas lainnya lengkap (resto, kolam renang anak dan dewasa, tempat fitness)… next time bisa nginep lagi…","June 15, 2025"
91,901,Ady,Indonesia,Solo traveler,Superior Twin,Stayed 1 night in August 2022,9.6,Exceptional,Ok ok,"Hotel ok, nyaman, fasilitas lengkap dan sarapan enaak serta banyak ragamnya","January 26, 2023"
91,902,Muhammad,Indonesia,Solo traveler,Executive King,Stayed 1 night in December 2022,6.8,Good,"Old Hotel, Need MAJOR Improvement","Hotel tua yang menempati lahan luas dan lokasi yang strategis. Seharusnya bisa mempertahankan ""keklasikan"" hotel Santika yang sudah terkenal. sayangnya tidak bisa menjaga itu. sarapan alakadarnya, lokasi seputar kolam tidak terawat, AC tidak dingin, kamar mandi BAU, kunci hotel sudah jadul, balkoni depan jendela kotor banget, area deket lift d lobi gelap, terkesan kotor. Semoga segera diperbaiki ya","December 30, 2022"
91,903,Yana,Indonesia,Family with young children,,Stayed 1 night in June 2021,10.0,Exceptional,Pas dengan Keluarga,Hotel dengan fasilitas cukup lengkap sangat pas cocok untuk acara keluarga terutama bagi anak-anak karena ada kolam renangnya yg bagus,"July 01, 2022"
91,904,ila,Indonesia,Family with young children,Superior Twin,Stayed 1 night in February 2022,9.2,Exceptional,Nyaman untuk keluarga,Tempat nyaman utk keluarga Kebersihan sdkt kurang melihat gorden agak kotor dan noda Area lorong kurang terang Selebihnya ok sih,"February 07, 2022"
91,905,Wiena,Indonesia,Family with young children,Deluxe King,Stayed 1 night in December 2021,9.6,Exceptional,Anak saya suka,Anak saya senang di sini terutama kolam renangnya katanya airnya tidak dingin,"December 12, 2021"
91,906,Inne,Indonesia,Family with teens,Superior Twin,Stayed 1 night in January 2025,9.6,Exceptional,Nyamannya menginap di Santika Hotel Cirebon,"Lokasi hotel ditengah kota sangat strategis, dekat dengan pusat perbelanjaan, rumah sakit, transportasi umum, perkantoran. Kebersihannya terjaga dengan baik. Fasilitas kamar cukup lengkap : shower air panas & dingin, toiletries, mini bar, notes & pinsil. Fasilitas hotel cukup lengkap : gym, kolam renang, resto, wifi, tempat parkir luas. Keistimewaan yg berbeda dgn hotel lain, setiap pagi mobil kami sudah kinclong dibersihkan oleh staf hotel 👍🏻👏🏻 Ini kali kedua kami menginap di Santika Hotel Cirebon. Saran : varian menu makanan sarapan pagi tolong ditambah 😊 Terimakasih","January 24, 2025"
91,907,achyar,Indonesia,Family with young children,Superior Twin,Stayed 1 night in September 2025,8.8,Excellent,Excellent,"Lokasi berdekatan lokasi perkantoran kota cirebon, kamar luas dengan cukup bersih. Kolam renang bersih dengan disediakan handuk. Staf sangat ramah dan menunjukkan inisiatif untuk membantu terutama yg bertugas di kolam renang dan kebun/ taman sekitar kolam. Untuk makanan biasa saja.","September 15, 2025"
91,908,Inne,Indonesia,Business traveler,Superior Twin,Stayed 1 night in January 2025,8.8,Excellent,"Hotel dgn lokasi, fasilitas dan pelayanan memuaskan","Hotel dengan lokasi ditengah kota Cirebon dengan fasilitas lengkap dan pelayanan yg baik, staff yg ramah dan helpfull, membuat perjalanan bisnis menjadi menyenangkan. Kamarnya nyaman, toiletries cukup lengkap, menu breakfast beragam dan rasanya lezat. Terimakasih Hotel Santika Cirebon 🙏🏻","January 14, 2025"
91,909,Sahid,Indonesia,Group,Superior Twin,Stayed 1 night in October 2025,10.0,Exceptional,Exceptional,Tempat yg nyaman buat istirahat saya dn keluarga ketika ke kota Cirebon apalagi kolam renangnya luas dn bersih,"October 14, 2025"
91,910,Maemunah,Indonesia,Family with young children,Superior Twin,Stayed 2 nights in June 2025,9.6,Exceptional,Liburan Mengesankan,"Disambut dengan staf yg ramah dan pelayanan yg baik, kamarnya bersih, fasilitas lainnya lengkap (resto, kolam renang anak dan dewasa, tempat fitness)… next time bisa nginep lagi…","June 15, 2025"
92,911,Bambang,Indonesia,Business traveler,Superior Twin,Stayed 2 nights in October 2021,8.0,Excellent,kebersihan kamar perlu di tingkatkan,kebersihan kamar perlu di tingkatkan,"October 27, 2021"
92,912,Bambang,Indonesia,Business traveler,Superior Twin,Stayed 2 nights in October 2021,8.0,Excellent,Kebersihan kamar perlu di tingkatkan,Kebersihan kamar perlu di tingkatkan,"October 27, 2021"
92,913,Agus,Indonesia,Family with young children,Superior Room Twin Staycation Offer,Stayed 2 nights in April 2021,7.2,Very good,Hotel keluarga,"Secara over all baik. Kebersihan nya bagus Yg paling saya sayang kan. Hotel sebegitu bagus kok menyediakan Hand Sanitizer nya yang kurang baik. Lengket , bau, dan tidak nyaman untuk di pakai. Padahal di massa pademi, hand sanitizier nya harus yang baik. Saya sarankan memakai hand sanitizer Secreat clean. Karena pengalaman saya ke hotel hotel yang lain banyak memakai secreat clean.","April 09, 2021"
92,914,Frankie,Indonesia,Family with young children,,Stayed 1 night in April 2021,9.2,Exceptional,Service ramah dan bagus,"Tidak mahal untuk lokasi yang strategis, terdapat tempat makan yang beragam disekitar hotel. Ramah staffnya dan mobil saya dicuci bersih.","April 08, 2021"
92,915,Shella,Indonesia,Family with young children,Superior Twin,Stayed 1 night in December 2020,8.8,Excellent,Hotel dengan fasilitas kolam renang yang bagus,"Hotel lama dengan kebersihan yang lumayan terjaga, kolam renang sangat bagus. Sarapan biasa saja.","December 19, 2020"
92,916,Inne,Indonesia,Family with teens,Superior Twin,Stayed 1 night in January 2025,9.6,Exceptional,Nyamannya menginap di Santika Hotel Cirebon,"Lokasi hotel ditengah kota sangat strategis, dekat dengan pusat perbelanjaan, rumah sakit, transportasi umum, perkantoran. Kebersihannya terjaga dengan baik. Fasilitas kamar cukup lengkap : shower air panas & dingin, toiletries, mini bar, notes & pinsil. Fasilitas hotel cukup lengkap : gym, kolam renang, resto, wifi, tempat parkir luas. Keistimewaan yg berbeda dgn hotel lain, setiap pagi mobil kami sudah kinclong dibersihkan oleh staf hotel 👍🏻👏🏻 Ini kali kedua kami menginap di Santika Hotel Cirebon. Saran : varian menu makanan sarapan pagi tolong ditambah 😊 Terimakasih","January 24, 2025"
92,917,achyar,Indonesia,Family with young children,Superior Twin,Stayed 1 night in September 2025,8.8,Excellent,Excellent,"Lokasi berdekatan lokasi perkantoran kota cirebon, kamar luas dengan cukup bersih. Kolam renang bersih dengan disediakan handuk. Staf sangat ramah dan menunjukkan inisiatif untuk membantu terutama yg bertugas di kolam renang dan kebun/ taman sekitar kolam. Untuk makanan biasa saja.","September 15, 2025"
92,918,Inne,Indonesia,Business traveler,Superior Twin,Stayed 1 night in January 2025,8.8,Excellent,"Hotel dgn lokasi, fasilitas dan pelayanan memuaskan","Hotel dengan lokasi ditengah kota Cirebon dengan fasilitas lengkap dan pelayanan yg baik, staff yg ramah dan helpfull, membuat perjalanan bisnis menjadi menyenangkan. Kamarnya nyaman, toiletries cukup lengkap, menu breakfast beragam dan rasanya lezat. Terimakasih Hotel Santika Cirebon 🙏🏻","January 14, 2025"
92,919,Sahid,Indonesia,Group,Superior Twin,Stayed 1 night in October 2025,10.0,Exceptional,Exceptional,Tempat yg nyaman buat istirahat saya dn keluarga ketika ke kota Cirebon apalagi kolam renangnya luas dn bersih,"October 14, 2025"
92,920,Maemunah,Indonesia,Family with young children,Superior Twin,Stayed 2 nights in June 2025,9.6,Exceptional,Liburan Mengesankan,"Disambut dengan staf yg ramah dan pelayanan yg baik, kamarnya bersih, fasilitas lainnya lengkap (resto, kolam renang anak dan dewasa, tempat fitness)… next time bisa nginep lagi…","June 15, 2025"
93,921,septindra,Indonesia,Family with young children,,Stayed 1 night in November 2020,9.6,Exceptional,Hotel yang menyenangkan,"Tempat bagus, luas, tenang sangat cocok buat istirahat orang tua .","December 04, 2020"
93,922,Indra,Indonesia,Family with young children,Superior Twin,Stayed 1 night in November 2020,9.6,Exceptional,harga murah lokasi strategis,"menginap semalam di masa pandemi, protokol kesehatan diterapkan dengan baik oleh pihak hotel. harganya per malam juga murah dan makan paginya bervariasi","November 13, 2020"
93,923,Elsa,Indonesia,Family with young children,Superior Twin,Stayed 1 night in February 2020,9.6,Exceptional,suka dengan swimming poolnya,secara keseluruhan bagus.. paling suka dengan kolam renangnya.. sayang kamar bilas sudah tua (perlu direnov biar kelihatan lebih nyaman). Breakfast enak.. Letak strategis. Staf front office ramah.. Yang perlu ditingkatkan lagi adalah interior kamar sudah JADUL. AC kurang dingin.. kayanya perlu diganti deh... Itu aja..,"February 17, 2020"
93,924,Andana,Indonesia,Family with young children,Superior Twin,Stayed 1 night in October 2019,10.0,Exceptional,cirebon berkesan,ini hotel saya akan datang lagi. fix,"October 27, 2019"
93,925,Widya,Indonesia,Couple,Deluxe King,Stayed 1 night in August 2019,8.4,Excellent,Secara keseluruhan hotel baik dan pelayanan staf baik,"Perlu ditambah aneka makanan utk breakfast, Toilet agak sedikit bau pada saat dtg, mgkin perlu lbh rajin diberi pewangi tp overall bersih dan toilet atau kamar ganti baju di dekat tmp gym atau swimming pool perlu lebih diperhatikan kebersihannya dan mungkin perlu sedikit direnov jadi lbh baik agar pengunjung merasa nyaman","August 20, 2019"
93,926,Inne,Indonesia,Family with teens,Superior Twin,Stayed 1 night in January 2025,9.6,Exceptional,Nyamannya menginap di Santika Hotel Cirebon,"Lokasi hotel ditengah kota sangat strategis, dekat dengan pusat perbelanjaan, rumah sakit, transportasi umum, perkantoran. Kebersihannya terjaga dengan baik. Fasilitas kamar cukup lengkap : shower air panas & dingin, toiletries, mini bar, notes & pinsil. Fasilitas hotel cukup lengkap : gym, kolam renang, resto, wifi, tempat parkir luas. Keistimewaan yg berbeda dgn hotel lain, setiap pagi mobil kami sudah kinclong dibersihkan oleh staf hotel 👍🏻👏🏻 Ini kali kedua kami menginap di Santika Hotel Cirebon. Saran : varian menu makanan sarapan pagi tolong ditambah 😊 Terimakasih","January 24, 2025"
93,927,achyar,Indonesia,Family with young children,Superior Twin,Stayed 1 night in September 2025,8.8,Excellent,Excellent,"Lokasi berdekatan lokasi perkantoran kota cirebon, kamar luas dengan cukup bersih. Kolam renang bersih dengan disediakan handuk. Staf sangat ramah dan menunjukkan inisiatif untuk membantu terutama yg bertugas di kolam renang dan kebun/ taman sekitar kolam. Untuk makanan biasa saja.","September 15, 2025"
93,928,Inne,Indonesia,Business traveler,Superior Twin,Stayed 1 night in January 2025,8.8,Excellent,"Hotel dgn lokasi, fasilitas dan pelayanan memuaskan","Hotel dengan lokasi ditengah kota Cirebon dengan fasilitas lengkap dan pelayanan yg baik, staff yg ramah dan helpfull, membuat perjalanan bisnis menjadi menyenangkan. Kamarnya nyaman, toiletries cukup lengkap, menu breakfast beragam dan rasanya lezat. Terimakasih Hotel Santika Cirebon 🙏🏻","January 14, 2025"
93,929,Sahid,Indonesia,Group,Superior Twin,Stayed 1 night in October 2025,10.0,Exceptional,Exceptional,Tempat yg nyaman buat istirahat saya dn keluarga ketika ke kota Cirebon apalagi kolam renangnya luas dn bersih,"October 14, 2025"
93,930,Maemunah,Indonesia,Family with young children,Superior Twin,Stayed 2 nights in June 2025,9.6,Exceptional,Liburan Mengesankan,"Disambut dengan staf yg ramah dan pelayanan yg baik, kamarnya bersih, fasilitas lainnya lengkap (resto, kolam renang anak dan dewasa, tempat fitness)… next time bisa nginep lagi…","June 15, 2025"
94,931,Arief,Indonesia,Family with young children,Deluxe King,Stayed 1 night in December 2018,10.0,Exceptional,Menyenangkan,"Walau hotel lama tapi stafnya ramah, proses check-in dan check out cukup cepat, hotel yang hommy, bersih terawat, lokasi strategis, kolam renang yang cukup besar dengan tanda batas kedalaman yang mudah dilihat, variasi menu sarapan perlu ditambah","January 02, 2019"
94,932,Omar,Malaysia,Group,,Stayed 1 night in May 2015,9.7,Exceptional,Santai di Santika,Sempurna,"May 16, 2015"
94,933,Ka,Indonesia,Business traveler,Superior Twin,Stayed 1 night in September 2025,7.2,Very good,可以接受,"房間可以接受.但早餐,選擇少和不好味","October 01, 2025"
94,934,Ka,Indonesia,Business traveler,Deluxe King,Stayed 1 night in September 2025,7.2,Very good,可以接受,"房間可以接受.但早餐,選擇少和不好味","October 01, 2025"
94,935,taekyong,Indonesia,Business traveler,Executive King,Stayed 1 night in August 2024,8.8,Excellent,good hotel,good hotel,"August 16, 2024"
94,936,Inne,Indonesia,Family with teens,Superior Twin,Stayed 1 night in January 2025,9.6,Exceptional,Nyamannya menginap di Santika Hotel Cirebon,"Lokasi hotel ditengah kota sangat strategis, dekat dengan pusat perbelanjaan, rumah sakit, transportasi umum, perkantoran. Kebersihannya terjaga dengan baik. Fasilitas kamar cukup lengkap : shower air panas & dingin, toiletries, mini bar, notes & pinsil. Fasilitas hotel cukup lengkap : gym, kolam renang, resto, wifi, tempat parkir luas. Keistimewaan yg berbeda dgn hotel lain, setiap pagi mobil kami sudah kinclong dibersihkan oleh staf hotel 👍🏻👏🏻 Ini kali kedua kami menginap di Santika Hotel Cirebon. Saran : varian menu makanan sarapan pagi tolong ditambah 😊 Terimakasih","January 24, 2025"
94,937,achyar,Indonesia,Family with young children,Superior Twin,Stayed 1 night in September 2025,8.8,Excellent,Excellent,"Lokasi berdekatan lokasi perkantoran kota cirebon, kamar luas dengan cukup bersih. Kolam renang bersih dengan disediakan handuk. Staf sangat ramah dan menunjukkan inisiatif untuk membantu terutama yg bertugas di kolam renang dan kebun/ taman sekitar kolam. Untuk makanan biasa saja.","September 15, 2025"
94,938,Inne,Indonesia,Business traveler,Superior Twin,Stayed 1 night in January 2025,8.8,Excellent,"Hotel dgn lokasi, fasilitas dan pelayanan memuaskan","Hotel dengan lokasi ditengah kota Cirebon dengan fasilitas lengkap dan pelayanan yg baik, staff yg ramah dan helpfull, membuat perjalanan bisnis menjadi menyenangkan. Kamarnya nyaman, toiletries cukup lengkap, menu breakfast beragam dan rasanya lezat. Terimakasih Hotel Santika Cirebon 🙏🏻","January 14, 2025"
94,939,Sahid,Indonesia,Group,Superior Twin,Stayed 1 night in October 2025,10.0,Exceptional,Exceptional,Tempat yg nyaman buat istirahat saya dn keluarga ketika ke kota Cirebon apalagi kolam renangnya luas dn bersih,"October 14, 2025"
94,940,Maemunah,Indonesia,Family with young children,Superior Twin,Stayed 2 nights in June 2025,9.6,Exceptional,Liburan Mengesankan,"Disambut dengan staf yg ramah dan pelayanan yg baik, kamarnya bersih, fasilitas lainnya lengkap (resto, kolam renang anak dan dewasa, tempat fitness)… next time bisa nginep lagi…","June 15, 2025"
95,941,taekyong,Indonesia,Business traveler,Superior Twin,Stayed 1 night in January 2020,8.8,Excellent,조용하고 편안한 호텔,조용하고 편안하였으나 wifi 인터넷 속도가 느려 불편하였음,"January 08, 2020"
95,942,kim,South Korea,Solo traveler,,Stayed 1 night in March 2012,7.3,Very good,산티카.....좋습니다.,비록 삼성급 호텔이지만....방이 아주 최신식은 아니지만...비지니스 출장으로 쉬기에는 최상의 장소인 것 같습니다. 중심에서 약 걸어서 10분정도 떨어져 있으나 차량 서비스를 제공하고 기차역으로 배웅도 제공합니다. 아침 식사도 가격대비 상당히 좋았습니다.,"March 05, 2012"
95,943,soonhong,South Korea,Business traveler,,Stayed 1 night in October 2011,10.0,Exceptional,깔끔하고 편안한 호텔,두번째지만 예약으로는 첫번째가본 산티카 호텔 예약도 간단했고 친절하게 잘 맞아주셨습니다 주변이 소란스럽지 않아 좋았고 덕분에 긴 비행에 지친몸이 편안하게 휴식을 취할수 있었습니다 와이파이도 설치되어있어 업무를 보는데도 도움이 되었습니다 다음에도 이용할 생각입니다,"October 18, 2011"
95,944,Siti,Indonesia,Couple,Executive King,Stayed 2 nights in November 2024,10.0,Exceptional,Ulasan hotel santika cirebon,"Hotelnya bersih dan luas,parkiran luas,kolam renangnya besar dan bersih.staff ramah dan cekatan.","December 22, 2024"
95,945,Syarifah,Indonesia,Family with teens,Superior Twin,Stayed 2 nights in November 2025,10.0,Exceptional,Hotel keluarga,"Selalu menyenangkan ke hotel santika, hotel jadul tp menyenangkan... krn hotelnya dan fasilitas... tinggal makannan mhn ditambah variannya.. aman deh","December 01, 2025"
95,946,Inne,Indonesia,Family with teens,Superior Twin,Stayed 1 night in January 2025,9.6,Exceptional,Nyamannya menginap di Santika Hotel Cirebon,"Lokasi hotel ditengah kota sangat strategis, dekat dengan pusat perbelanjaan, rumah sakit, transportasi umum, perkantoran. Kebersihannya terjaga dengan baik. Fasilitas kamar cukup lengkap : shower air panas & dingin, toiletries, mini bar, notes & pinsil. Fasilitas hotel cukup lengkap : gym, kolam renang, resto, wifi, tempat parkir luas. Keistimewaan yg berbeda dgn hotel lain, setiap pagi mobil kami sudah kinclong dibersihkan oleh staf hotel 👍🏻👏🏻 Ini kali kedua kami menginap di Santika Hotel Cirebon. Saran : varian menu makanan sarapan pagi tolong ditambah 😊 Terimakasih","January 24, 2025"
95,947,achyar,Indonesia,Family with young children,Superior Twin,Stayed 1 night in September 2025,8.8,Excellent,Excellent,"Lokasi berdekatan lokasi perkantoran kota cirebon, kamar luas dengan cukup bersih. Kolam renang bersih dengan disediakan handuk. Staf sangat ramah dan menunjukkan inisiatif untuk membantu terutama yg bertugas di kolam renang dan kebun/ taman sekitar kolam. Untuk makanan biasa saja.","September 15, 2025"
95,948,Inne,Indonesia,Business traveler,Superior Twin,Stayed 1 night in January 2025,8.8,Excellent,"Hotel dgn lokasi, fasilitas dan pelayanan memuaskan","Hotel dengan lokasi ditengah kota Cirebon dengan fasilitas lengkap dan pelayanan yg baik, staff yg ramah dan helpfull, membuat perjalanan bisnis menjadi menyenangkan. Kamarnya nyaman, toiletries cukup lengkap, menu breakfast beragam dan rasanya lezat. Terimakasih Hotel Santika Cirebon 🙏🏻","January 14, 2025"
95,949,Sahid,Indonesia,Group,Superior Twin,Stayed 1 night in October 2025,10.0,Exceptional,Exceptional,Tempat yg nyaman buat istirahat saya dn keluarga ketika ke kota Cirebon apalagi kolam renangnya luas dn bersih,"October 14, 2025"
95,950,Maemunah,Indonesia,Family with young children,Superior Twin,Stayed 2 nights in June 2025,9.6,Exceptional,Liburan Mengesankan,"Disambut dengan staf yg ramah dan pelayanan yg baik, kamarnya bersih, fasilitas lainnya lengkap (resto, kolam renang anak dan dewasa, tempat fitness)… next time bisa nginep lagi…","June 15, 2025"
96,951,ricky,Indonesia,Family with young children,Superior Twin,Stayed 1 night in February 2025,9.6,Exceptional,Ratenya lumayan hemat,"Saya menikmati menginap di santika cirebon. Kolam renang airnya ga dingin dan cukup luas, makanan enak, hotel luas dan parkiran luas","February 15, 2025"
96,952,Hastadi,Indonesia,Business traveler,Superior Twin,Stayed 1 night in July 2024,9.2,Exceptional,Kenyamanan dj tengah kota Cirebon,"Hotel yg nyaman, asri dan bersih... Bikin ingin kembali lagi ...","July 16, 2024"
96,953,febiani,Indonesia,Group,Superior Twin,Stayed 1 night in May 2025,9.2,Exceptional,Exceptional,"Klo ke cirebon selalu pesan ini untuk keluarga, hanya saja untuk makananya biasa aja dan gak berpariasi, tpi untuk semua good enak untuk liburan klo lg di cirebon","November 05, 2025"
96,954,Alan,Indonesia,Group,Superior Twin,Stayed 1 night in October 2024,9.2,Exceptional,Hotelnya nyaman.,"Kamar, kebersihan, dan suasana hotel nyaman, security kurang senyum, staf yg lain oke semua. .","October 18, 2024"
96,955,Ambu,Indonesia,Family with young children,Superior Twin,Stayed 1 night in July 2025,10.0,Exceptional,Bermalam di santika,"Hari mgg check in, senin check out ... nyaman dan kids friendly .. lokasi strategis","July 07, 2025"
96,956,Inne,Indonesia,Family with teens,Superior Twin,Stayed 1 night in January 2025,9.6,Exceptional,Nyamannya menginap di Santika Hotel Cirebon,"Lokasi hotel ditengah kota sangat strategis, dekat dengan pusat perbelanjaan, rumah sakit, transportasi umum, perkantoran. Kebersihannya terjaga dengan baik. Fasilitas kamar cukup lengkap : shower air panas & dingin, toiletries, mini bar, notes & pinsil. Fasilitas hotel cukup lengkap : gym, kolam renang, resto, wifi, tempat parkir luas. Keistimewaan yg berbeda dgn hotel lain, setiap pagi mobil kami sudah kinclong dibersihkan oleh staf hotel 👍🏻👏🏻 Ini kali kedua kami menginap di Santika Hotel Cirebon. Saran : varian menu makanan sarapan pagi tolong ditambah 😊 Terimakasih","January 24, 2025"
96,957,achyar,Indonesia,Family with young children,Superior Twin,Stayed 1 night in September 2025,8.8,Excellent,Excellent,"Lokasi berdekatan lokasi perkantoran kota cirebon, kamar luas dengan cukup bersih. Kolam renang bersih dengan disediakan handuk. Staf sangat ramah dan menunjukkan inisiatif untuk membantu terutama yg bertugas di kolam renang dan kebun/ taman sekitar kolam. Untuk makanan biasa saja.","September 15, 2025"
96,958,Inne,Indonesia,Business traveler,Superior Twin,Stayed 1 night in January 2025,8.8,Excellent,"Hotel dgn lokasi, fasilitas dan pelayanan memuaskan","Hotel dengan lokasi ditengah kota Cirebon dengan fasilitas lengkap dan pelayanan yg baik, staff yg ramah dan helpfull, membuat perjalanan bisnis menjadi menyenangkan. Kamarnya nyaman, toiletries cukup lengkap, menu breakfast beragam dan rasanya lezat. Terimakasih Hotel Santika Cirebon 🙏🏻","January 14, 2025"
96,959,Sahid,Indonesia,Group,Superior Twin,Stayed 1 night in October 2025,10.0,Exceptional,Exceptional,Tempat yg nyaman buat istirahat saya dn keluarga ketika ke kota Cirebon apalagi kolam renangnya luas dn bersih,"October 14, 2025"
96,960,Maemunah,Indonesia,Family with young children,Superior Twin,Stayed 2 nights in June 2025,9.6,Exceptional,Liburan Mengesankan,"Disambut dengan staf yg ramah dan pelayanan yg baik, kamarnya bersih, fasilitas lainnya lengkap (resto, kolam renang anak dan dewasa, tempat fitness)… next time bisa nginep lagi…","June 15, 2025"
97,961,Kiky,Indonesia,Family with young children,Superior Twin,Stayed 1 night in August 2023,8.4,Excellent,Nice trip,Tempatnya nyaman dan bagus dekat dgn pusat perbelanjaan parkir luas nyaman fasilitas nya oke,"August 13, 2024"
97,962,Betsy,Indonesia,Couple,Superior Twin,Stayed 1 night in December 2024,8.8,Excellent,Excellent,"Selalu menjadi pilihan menginap kl ke Cirebon, sejak anak2 masih kecil smp anak sudah punya anak, tidak ada yg berubah. Kamar perlu dicat ulang spy suasananya lbh fresh, terima kasih.","February 17, 2025"
97,963,tati,Indonesia,Family with young children,Superior Twin,Stayed 1 night in June 2024,9.2,Exceptional,Hotel asri dan nyaman,"Pelayanannya ramah² sekali,bangunan tua yg aestetik nyaman dan asri,berasa pulang ke rumah orang tua 🥰","June 21, 2024"
97,964,Mohamad,Indonesia,Business traveler,Superior Twin,Stayed 1 night in September 2024,9.6,Exceptional,Hotel bintang 3 dengan fasilitas bintang 4,Staff sangat friendly kepada tamu. Sarapan berkualitas. Disayangkan beberapa sarana belum sempat di ganti dengan yang baru.,"September 15, 2024"
97,965,Hardy,Indonesia,Solo traveler,Superior Twin,Stayed 1 night in May 2024,6.0,,kuliner nusantara,"menu sarapan sepertinya menjelajah nusantara banget, mulai dari jamu, jajajan pasar melimpah, dan pastikan bisa berenang di kolam yang bisa seperti milik sendiri, renang samapi bosan","September 26, 2024"
97,966,Inne,Indonesia,Family with teens,Superior Twin,Stayed 1 night in January 2025,9.6,Exceptional,Nyamannya menginap di Santika Hotel Cirebon,"Lokasi hotel ditengah kota sangat strategis, dekat dengan pusat perbelanjaan, rumah sakit, transportasi umum, perkantoran. Kebersihannya terjaga dengan baik. Fasilitas kamar cukup lengkap : shower air panas & dingin, toiletries, mini bar, notes & pinsil. Fasilitas hotel cukup lengkap : gym, kolam renang, resto, wifi, tempat parkir luas. Keistimewaan yg berbeda dgn hotel lain, setiap pagi mobil kami sudah kinclong dibersihkan oleh staf hotel 👍🏻👏🏻 Ini kali kedua kami menginap di Santika Hotel Cirebon. Saran : varian menu makanan sarapan pagi tolong ditambah 😊 Terimakasih","January 24, 2025"
97,967,achyar,Indonesia,Family with young children,Superior Twin,Stayed 1 night in September 2025,8.8,Excellent,Excellent,"Lokasi berdekatan lokasi perkantoran kota cirebon, kamar luas dengan cukup bersih. Kolam renang bersih dengan disediakan handuk. Staf sangat ramah dan menunjukkan inisiatif untuk membantu terutama yg bertugas di kolam renang dan kebun/ taman sekitar kolam. Untuk makanan biasa saja.","September 15, 2025"
97,968,Inne,Indonesia,Business traveler,Superior Twin,Stayed 1 night in January 2025,8.8,Excellent,"Hotel dgn lokasi, fasilitas dan pelayanan memuaskan","Hotel dengan lokasi ditengah kota Cirebon dengan fasilitas lengkap dan pelayanan yg baik, staff yg ramah dan helpfull, membuat perjalanan bisnis menjadi menyenangkan. Kamarnya nyaman, toiletries cukup lengkap, menu breakfast beragam dan rasanya lezat. Terimakasih Hotel Santika Cirebon 🙏🏻","January 14, 2025"
97,969,Sahid,Indonesia,Group,Superior Twin,Stayed 1 night in October 2025,10.0,Exceptional,Exceptional,Tempat yg nyaman buat istirahat saya dn keluarga ketika ke kota Cirebon apalagi kolam renangnya luas dn bersih,"October 14, 2025"
97,970,Maemunah,Indonesia,Family with young children,Superior Twin,Stayed 2 nights in June 2025,9.6,Exceptional,Liburan Mengesankan,"Disambut dengan staf yg ramah dan pelayanan yg baik, kamarnya bersih, fasilitas lainnya lengkap (resto, kolam renang anak dan dewasa, tempat fitness)… next time bisa nginep lagi…","June 15, 2025"
98,971,Denny,Indonesia,Couple,Executive King,Stayed 1 night in November 2025,8.0,Excellent,Pelayanan Ramah,"Pelayanannya sangat ramah dan cepat, hanya saja memang fasilitas fitnes kurang terawat.","November 23, 2025"
98,972,anggraini,Indonesia,Group,Superior Twin,Stayed 1 night in June 2025,7.2,Very good,Liburan dgn keluarga,Tolong untuk staf di pintu restoran diajarkan untuk ramah jangan jutek pada saat tamu masuk ke restoran... sarapan pukul 8.35 makanan nya lambat untuk refill nya ... padahal sekelas Santika loh ... penghematan atau apa gak jelas... pdhl tamu masih banyak... lebih baik tidak usah ambil breakfast deh kalo chek in disini,"June 28, 2025"
98,973,FRANS,Indonesia,Group,Superior Twin,Stayed 1 night in May 2025,6.4,Good,Biasa aja,"Lokasi cukup strategis, hotel tua yg harus direnov khususnya cat kembali karena sudah kusam terutama di kamar, sarapan sangat parah, makanan tidak enak dan minuman kehabisan, ada omelete namun lokasinya agak jauh dari resto..staf kurang ramah dan datar..harus diajari senyum..saya kira ada masalah dalam manajemennya shg kualitas pelayanan terlalu standar buat hotel Santika","May 31, 2025"
98,974,Ferdhina,Indonesia,Couple,Superior Twin,Stayed 1 night in June 2024,6.8,Good,Good,"Hotel lama, scr fisik hrs banyak yg di perbaiki, dinding mulai berjamur, kotor dan banyak coretan, furniture sdh keliatan kusam, banyak nyamuk. Makanan msh bs di toleransi.","June 16, 2024"
98,975,silvana,Indonesia,Group,Superior Twin,Stayed 1 night in June 2025,6.0,,Above average,"Bangunan hotel nampak tua , kebersihan kamar & area hotel perlu ditingkatkan . Menu breakfast biasa saja rasanya .","June 11, 2025"
98,976,Inne,Indonesia,Family with teens,Superior Twin,Stayed 1 night in January 2025,9.6,Exceptional,Nyamannya menginap di Santika Hotel Cirebon,"Lokasi hotel ditengah kota sangat strategis, dekat dengan pusat perbelanjaan, rumah sakit, transportasi umum, perkantoran. Kebersihannya terjaga dengan baik. Fasilitas kamar cukup lengkap : shower air panas & dingin, toiletries, mini bar, notes & pinsil. Fasilitas hotel cukup lengkap : gym, kolam renang, resto, wifi, tempat parkir luas. Keistimewaan yg berbeda dgn hotel lain, setiap pagi mobil kami sudah kinclong dibersihkan oleh staf hotel 👍🏻👏🏻 Ini kali kedua kami menginap di Santika Hotel Cirebon. Saran : varian menu makanan sarapan pagi tolong ditambah 😊 Terimakasih","January 24, 2025"
98,977,achyar,Indonesia,Family with young children,Superior Twin,Stayed 1 night in September 2025,8.8,Excellent,Excellent,"Lokasi berdekatan lokasi perkantoran kota cirebon, kamar luas dengan cukup bersih. Kolam renang bersih dengan disediakan handuk. Staf sangat ramah dan menunjukkan inisiatif untuk membantu terutama yg bertugas di kolam renang dan kebun/ taman sekitar kolam. Untuk makanan biasa saja.","September 15, 2025"
98,978,Inne,Indonesia,Business traveler,Superior Twin,Stayed 1 night in January 2025,8.8,Excellent,"Hotel dgn lokasi, fasilitas dan pelayanan memuaskan","Hotel dengan lokasi ditengah kota Cirebon dengan fasilitas lengkap dan pelayanan yg baik, staff yg ramah dan helpfull, membuat perjalanan bisnis menjadi menyenangkan. Kamarnya nyaman, toiletries cukup lengkap, menu breakfast beragam dan rasanya lezat. Terimakasih Hotel Santika Cirebon 🙏🏻","January 14, 2025"
98,979,Sahid,Indonesia,Group,Superior Twin,Stayed 1 night in October 2025,10.0,Exceptional,Exceptional,Tempat yg nyaman buat istirahat saya dn keluarga ketika ke kota Cirebon apalagi kolam renangnya luas dn bersih,"October 14, 2025"
98,980,Maemunah,Indonesia,Family with young children,Superior Twin,Stayed 2 nights in June 2025,9.6,Exceptional,Liburan Mengesankan,"Disambut dengan staf yg ramah dan pelayanan yg baik, kamarnya bersih, fasilitas lainnya lengkap (resto, kolam renang anak dan dewasa, tempat fitness)… next time bisa nginep lagi…","June 15, 2025"
99,981,Heng,Indonesia,Couple,Superior Twin,Stayed 1 night in May 2025,5.6,,No recomended,"Lokasi krg bagus, minim penerangan, kondisi hotel tua, gantungan baju kmr mandi lepas, kunci pintu kmr susah dibuka, staff memberikan lokasi kmr yg tidak diinginkan tamu, mengecewakan","May 08, 2025"
99,982,Jack,Indonesia,Couple,Superior Twin,Stayed 1 night in April 2025,4.8,,Tidak sesuai gambar,"Sangat tidak sesuai gambar, kebersihan bed sheet banyak bolong-bolong bekas rokok di mana-mana bekas rokok, toilet tidak terawat, peralatan mandi tidak ada, bangunan nya bagus tp tidak terawat, tolong agoda audit hotel yg sudah tidak sesuai dengan gambar, untung staff nya ramah jd sangat membantu","April 22, 2025"
99,983,Darmawan,Indonesia,Solo traveler,Superior Twin,Stayed 1 night in April 2026,10.0,Exceptional,Bgus pelayanannya,Semua orang d sana ramah dan siap membantu,"April 03, 2026"
99,984,Gilang,Indonesia,Couple,Deluxe King,Stayed 1 night in January 2026,9.2,Exceptional,Tempat Nyaman,Oke,"January 15, 2026"
99,985,Gilang,Indonesia,Couple,Deluxe King,Stayed 1 night in January 2026,10.0,Exceptional,Ok,Tempat Ok,"January 15, 2026"
99,986,Inne,Indonesia,Family with teens,Superior Twin,Stayed 1 night in January 2025,9.6,Exceptional,Nyamannya menginap di Santika Hotel Cirebon,"Lokasi hotel ditengah kota sangat strategis, dekat dengan pusat perbelanjaan, rumah sakit, transportasi umum, perkantoran. Kebersihannya terjaga dengan baik. Fasilitas kamar cukup lengkap : shower air panas & dingin, toiletries, mini bar, notes & pinsil. Fasilitas hotel cukup lengkap : gym, kolam renang, resto, wifi, tempat parkir luas. Keistimewaan yg berbeda dgn hotel lain, setiap pagi mobil kami sudah kinclong dibersihkan oleh staf hotel 👍🏻👏🏻 Ini kali kedua kami menginap di Santika Hotel Cirebon. Saran : varian menu makanan sarapan pagi tolong ditambah 😊 Terimakasih","January 24, 2025"
99,987,achyar,Indonesia,Family with young children,Superior Twin,Stayed 1 night in September 2025,8.8,Excellent,Excellent,"Lokasi berdekatan lokasi perkantoran kota cirebon, kamar luas dengan cukup bersih. Kolam renang bersih dengan disediakan handuk. Staf sangat ramah dan menunjukkan inisiatif untuk membantu terutama yg bertugas di kolam renang dan kebun/ taman sekitar kolam. Untuk makanan biasa saja.","September 15, 2025"
99,988,Inne,Indonesia,Business traveler,Superior Twin,Stayed 1 night in January 2025,8.8,Excellent,"Hotel dgn lokasi, fasilitas dan pelayanan memuaskan","Hotel dengan lokasi ditengah kota Cirebon dengan fasilitas lengkap dan pelayanan yg baik, staff yg ramah dan helpfull, membuat perjalanan bisnis menjadi menyenangkan. Kamarnya nyaman, toiletries cukup lengkap, menu breakfast beragam dan rasanya lezat. Terimakasih Hotel Santika Cirebon 🙏🏻","January 14, 2025"
99,989,Sahid,Indonesia,Group,Superior Twin,Stayed 1 night in October 2025,10.0,Exceptional,Exceptional,Tempat yg nyaman buat istirahat saya dn keluarga ketika ke kota Cirebon apalagi kolam renangnya luas dn bersih,"October 14, 2025"
99,990,Maemunah,Indonesia,Family with young children,Superior Twin,Stayed 2 nights in June 2025,9.6,Exceptional,Liburan Mengesankan,"Disambut dengan staf yg ramah dan pelayanan yg baik, kamarnya bersih, fasilitas lainnya lengkap (resto, kolam renang anak dan dewasa, tempat fitness)… next time bisa nginep lagi…","June 15, 2025"
100,991,SUSANAH,Indonesia,Couple,Superior Twin,Stayed 2 nights in May 2025,10.0,Exceptional,Bagusss,Bersih dan staff ramah,"January 10, 2026"
100,992,Dwi,Indonesia,Family with young children,Superior Twin,Stayed 2 nights in December 2025,8.0,Excellent,Very good,Sesuai ekspektasi,"December 06, 2025"
100,993,Kania,Indonesia,Family with young children,Deluxe King,Stayed 1 night in October 2025,10.0,Exceptional,Exceptional,Masih jd hotel recomended d cirebon,"October 18, 2025"
100,994,Dian,Indonesia,Family with young children,Superior Twin,Stayed 1 night in October 2025,6.8,Good,Good,"Makanan enak, kamar mandi airnya kecil, kamar model klasik","October 12, 2025"
100,995,Rachmat,Indonesia,Family with teens,Superior Twin,Stayed 1 night in September 2025,10.0,Exceptional,Menginap bersama keluarga,Hotel rekomendasi Di cirebon,"September 05, 2025"
100,996,Inne,Indonesia,Family with teens,Superior Twin,Stayed 1 night in January 2025,9.6,Exceptional,Nyamannya menginap di Santika Hotel Cirebon,"Lokasi hotel ditengah kota sangat strategis, dekat dengan pusat perbelanjaan, rumah sakit, transportasi umum, perkantoran. Kebersihannya terjaga dengan baik. Fasilitas kamar cukup lengkap : shower air panas & dingin, toiletries, mini bar, notes & pinsil. Fasilitas hotel cukup lengkap : gym, kolam renang, resto, wifi, tempat parkir luas. Keistimewaan yg berbeda dgn hotel lain, setiap pagi mobil kami sudah kinclong dibersihkan oleh staf hotel 👍🏻👏🏻 Ini kali kedua kami menginap di Santika Hotel Cirebon. Saran : varian menu makanan sarapan pagi tolong ditambah 😊 Terimakasih","January 24, 2025"
100,997,achyar,Indonesia,Family with young children,Superior Twin,Stayed 1 night in September 2025,8.8,Excellent,Excellent,"Lokasi berdekatan lokasi perkantoran kota cirebon, kamar luas dengan cukup bersih. Kolam renang bersih dengan disediakan handuk. Staf sangat ramah dan menunjukkan inisiatif untuk membantu terutama yg bertugas di kolam renang dan kebun/ taman sekitar kolam. Untuk makanan biasa saja.","September 15, 2025"
100,998,Inne,Indonesia,Business traveler,Superior Twin,Stayed 1 night in January 2025,8.8,Excellent,"Hotel dgn lokasi, fasilitas dan pelayanan memuaskan","Hotel dengan lokasi ditengah kota Cirebon dengan fasilitas lengkap dan pelayanan yg baik, staff yg ramah dan helpfull, membuat perjalanan bisnis menjadi menyenangkan. Kamarnya nyaman, toiletries cukup lengkap, menu breakfast beragam dan rasanya lezat. Terimakasih Hotel Santika Cirebon 🙏🏻","January 14, 2025"
100,999,Sahid,Indonesia,Group,Superior Twin,Stayed 1 night in October 2025,10.0,Exceptional,Exceptional,Tempat yg nyaman buat istirahat saya dn keluarga ketika ke kota Cirebon apalagi kolam renangnya luas dn bersih,"October 14, 2025"
100,1000,Maemunah,Indonesia,Family with young children,Superior Twin,Stayed 2 nights in June 2025,9.6,Exceptional,Liburan Mengesankan,"Disambut dengan staf yg ramah dan pelayanan yg baik, kamarnya bersih, fasilitas lainnya lengkap (resto, kolam renang anak dan dewasa, tempat fitness)… next time bisa nginep lagi…","June 15, 2025"
101,1001,Andi,Indonesia,Family with teens,Superior Twin,Stayed 1 night in August 2025,9.6,Exceptional,Pengalaman berkesan,"Lingkungan yang nyaman, hotel yang bagus, makanan yang enak dan beragam...","August 21, 2025"
101,1002,Seviani,Indonesia,Family with teens,Superior Twin,Stayed 1 night in March 2025,10.0,Exceptional,Liburan,Menyenangkan tmptnya.,"August 06, 2025"
101,1003,Eko,Indonesia,Couple,Deluxe King,Stayed 1 night in June 2025,10.0,Exceptional,Exceptional,Bagus,"June 26, 2025"
101,1004,Ahmad,Indonesia,Family with young children,Superior Twin,Stayed 1 night in June 2025,10.0,Exceptional,Liburan,Rekomend 👍🏻👍🏻👍🏻👍🏻,"June 15, 2025"
101,1005,Elvina,Indonesia,Couple,Superior Twin,Stayed 2 nights in June 2025,10.0,Exceptional,Business Trip,TDK ada keluhan,"June 15, 2025"
101,1006,Inne,Indonesia,Family with teens,Superior Twin,Stayed 1 night in January 2025,9.6,Exceptional,Nyamannya menginap di Santika Hotel Cirebon,"Lokasi hotel ditengah kota sangat strategis, dekat dengan pusat perbelanjaan, rumah sakit, transportasi umum, perkantoran. Kebersihannya terjaga dengan baik. Fasilitas kamar cukup lengkap : shower air panas & dingin, toiletries, mini bar, notes & pinsil. Fasilitas hotel cukup lengkap : gym, kolam renang, resto, wifi, tempat parkir luas. Keistimewaan yg berbeda dgn hotel lain, setiap pagi mobil kami sudah kinclong dibersihkan oleh staf hotel 👍🏻👏🏻 Ini kali kedua kami menginap di Santika Hotel Cirebon. Saran : varian menu makanan sarapan pagi tolong ditambah 😊 Terimakasih","January 24, 2025"
101,1007,achyar,Indonesia,Family with young children,Superior Twin,Stayed 1 night in September 2025,8.8,Excellent,Excellent,"Lokasi berdekatan lokasi perkantoran kota cirebon, kamar luas dengan cukup bersih. Kolam renang bersih dengan disediakan handuk. Staf sangat ramah dan menunjukkan inisiatif untuk membantu terutama yg bertugas di kolam renang dan kebun/ taman sekitar kolam. Untuk makanan biasa saja.","September 15, 2025"
101,1008,Inne,Indonesia,Business traveler,Superior Twin,Stayed 1 night in January 2025,8.8,Excellent,"Hotel dgn lokasi, fasilitas dan pelayanan memuaskan","Hotel dengan lokasi ditengah kota Cirebon dengan fasilitas lengkap dan pelayanan yg baik, staff yg ramah dan helpfull, membuat perjalanan bisnis menjadi menyenangkan. Kamarnya nyaman, toiletries cukup lengkap, menu breakfast beragam dan rasanya lezat. Terimakasih Hotel Santika Cirebon 🙏🏻","January 14, 2025"
101,1009,Sahid,Indonesia,Group,Superior Twin,Stayed 1 night in October 2025,10.0,Exceptional,Exceptional,Tempat yg nyaman buat istirahat saya dn keluarga ketika ke kota Cirebon apalagi kolam renangnya luas dn bersih,"October 14, 2025"
101,1010,Maemunah,Indonesia,Family with young children,Superior Twin,Stayed 2 nights in June 2025,9.6,Exceptional,Liburan Mengesankan,"Disambut dengan staf yg ramah dan pelayanan yg baik, kamarnya bersih, fasilitas lainnya lengkap (resto, kolam renang anak dan dewasa, tempat fitness)… next time bisa nginep lagi…","June 15, 2025"
102,1011,Hotasi,Indonesia,Couple,Deluxe King,Stayed 1 night in May 2025,8.8,Excellent,Ok,Overall OK,"June 03, 2025"
102,1012,Ade,Indonesia,Family with teens,Deluxe King,Stayed 1 night in May 2025,10.0,Exceptional,Exceptional,"Kebersihan ok, staf ok, fasilitas ok.","May 29, 2025"
102,1013,Fransiska,Indonesia,Couple,Superior Twin,Stayed 1 night in May 2025,10.0,Exceptional,Exceptional,Pagi2 mobil dah kinvlong dicuciin luar biasa santika cirebon Terima kasih,"May 10, 2025"
102,1014,WAHYU,Indonesia,Couple,Superior Twin,Stayed 1 night in October 2024,10.0,Exceptional,Trip on Central Java,Sangat menyenangkan,"May 06, 2025"
102,1015,yudha,Indonesia,Business traveler,Superior Twin,Stayed 1 night in March 2025,9.2,Exceptional,Exceptional,Bersih dan pelayanan profesional,"March 05, 2025"
102,1016,Inne,Indonesia,Family with teens,Superior Twin,Stayed 1 night in January 2025,9.6,Exceptional,Nyamannya menginap di Santika Hotel Cirebon,"Lokasi hotel ditengah kota sangat strategis, dekat dengan pusat perbelanjaan, rumah sakit, transportasi umum, perkantoran. Kebersihannya terjaga dengan baik. Fasilitas kamar cukup lengkap : shower air panas & dingin, toiletries, mini bar, notes & pinsil. Fasilitas hotel cukup lengkap : gym, kolam renang, resto, wifi, tempat parkir luas. Keistimewaan yg berbeda dgn hotel lain, setiap pagi mobil kami sudah kinclong dibersihkan oleh staf hotel 👍🏻👏🏻 Ini kali kedua kami menginap di Santika Hotel Cirebon. Saran : varian menu makanan sarapan pagi tolong ditambah 😊 Terimakasih","January 24, 2025"
102,1017,achyar,Indonesia,Family with young children,Superior Twin,Stayed 1 night in September 2025,8.8,Excellent,Excellent,"Lokasi berdekatan lokasi perkantoran kota cirebon, kamar luas dengan cukup bersih. Kolam renang bersih dengan disediakan handuk. Staf sangat ramah dan menunjukkan inisiatif untuk membantu terutama yg bertugas di kolam renang dan kebun/ taman sekitar kolam. Untuk makanan biasa saja.","September 15, 2025"
102,1018,Inne,Indonesia,Business traveler,Superior Twin,Stayed 1 night in January 2025,8.8,Excellent,"Hotel dgn lokasi, fasilitas dan pelayanan memuaskan","Hotel dengan lokasi ditengah kota Cirebon dengan fasilitas lengkap dan pelayanan yg baik, staff yg ramah dan helpfull, membuat perjalanan bisnis menjadi menyenangkan. Kamarnya nyaman, toiletries cukup lengkap, menu breakfast beragam dan rasanya lezat. Terimakasih Hotel Santika Cirebon 🙏🏻","January 14, 2025"
102,1019,Sahid,Indonesia,Group,Superior Twin,Stayed 1 night in October 2025,10.0,Exceptional,Exceptional,Tempat yg nyaman buat istirahat saya dn keluarga ketika ke kota Cirebon apalagi kolam renangnya luas dn bersih,"October 14, 2025"
102,1020,Maemunah,Indonesia,Family with young children,Superior Twin,Stayed 2 nights in June 2025,9.6,Exceptional,Liburan Mengesankan,"Disambut dengan staf yg ramah dan pelayanan yg baik, kamarnya bersih, fasilitas lainnya lengkap (resto, kolam renang anak dan dewasa, tempat fitness)… next time bisa nginep lagi…","June 15, 2025"
103,1021,Fajar,Indonesia,Solo traveler,Deluxe King,Stayed 1 night in February 2025,10.0,Exceptional,Oke banget,Rekomen untuk yg sedang mencari penginapan di kota cirebon,"February 09, 2025"
103,1022,medi,Indonesia,Couple,Superior Twin,Stayed 1 night in September 2024,10.0,Exceptional,Santika oke,Keren,"February 05, 2025"
103,1023,Sandy,Indonesia,Couple,Superior Twin,Stayed 1 night in January 2025,8.0,Excellent,Lokasi strategis,Lokasi strategis tp fasilitas fitnes ada yg tidak berfungsi,"February 02, 2025"
103,1024,Mochamad,Indonesia,Couple,Superior Twin,Stayed 2 nights in December 2024,10.0,Exceptional,Exceptional,"Semua bagus, fàsilitas bagus dan makananenak","December 29, 2024"
103,1025,Agung,Indonesia,Group,Superior Twin,Stayed 1 night in December 2024,8.0,Excellent,Vacation,Lumayan,"December 28, 2024"
103,1026,Inne,Indonesia,Family with teens,Superior Twin,Stayed 1 night in January 2025,9.6,Exceptional,Nyamannya menginap di Santika Hotel Cirebon,"Lokasi hotel ditengah kota sangat strategis, dekat dengan pusat perbelanjaan, rumah sakit, transportasi umum, perkantoran. Kebersihannya terjaga dengan baik. Fasilitas kamar cukup lengkap : shower air panas & dingin, toiletries, mini bar, notes & pinsil. Fasilitas hotel cukup lengkap : gym, kolam renang, resto, wifi, tempat parkir luas. Keistimewaan yg berbeda dgn hotel lain, setiap pagi mobil kami sudah kinclong dibersihkan oleh staf hotel 👍🏻👏🏻 Ini kali kedua kami menginap di Santika Hotel Cirebon. Saran : varian menu makanan sarapan pagi tolong ditambah 😊 Terimakasih","January 24, 2025"
103,1027,achyar,Indonesia,Family with young children,Superior Twin,Stayed 1 night in September 2025,8.8,Excellent,Excellent,"Lokasi berdekatan lokasi perkantoran kota cirebon, kamar luas dengan cukup bersih. Kolam renang bersih dengan disediakan handuk. Staf sangat ramah dan menunjukkan inisiatif untuk membantu terutama yg bertugas di kolam renang dan kebun/ taman sekitar kolam. Untuk makanan biasa saja.","September 15, 2025"
103,1028,Inne,Indonesia,Business traveler,Superior Twin,Stayed 1 night in January 2025,8.8,Excellent,"Hotel dgn lokasi, fasilitas dan pelayanan memuaskan","Hotel dengan lokasi ditengah kota Cirebon dengan fasilitas lengkap dan pelayanan yg baik, staff yg ramah dan helpfull, membuat perjalanan bisnis menjadi menyenangkan. Kamarnya nyaman, toiletries cukup lengkap, menu breakfast beragam dan rasanya lezat. Terimakasih Hotel Santika Cirebon 🙏🏻","January 14, 2025"
103,1029,Sahid,Indonesia,Group,Superior Twin,Stayed 1 night in October 2025,10.0,Exceptional,Exceptional,Tempat yg nyaman buat istirahat saya dn keluarga ketika ke kota Cirebon apalagi kolam renangnya luas dn bersih,"October 14, 2025"
103,1030,Maemunah,Indonesia,Family with young children,Superior Twin,Stayed 2 nights in June 2025,9.6,Exceptional,Liburan Mengesankan,"Disambut dengan staf yg ramah dan pelayanan yg baik, kamarnya bersih, fasilitas lainnya lengkap (resto, kolam renang anak dan dewasa, tempat fitness)… next time bisa nginep lagi…","June 15, 2025"
104,1031,Upie,Indonesia,Family with young children,Superior Twin,Stayed 1 night in December 2024,10.0,Exceptional,Semalam di santika,Sangat memuaskan beresih dan pelayanannya bagus,"December 16, 2024"
104,1032,anah,Indonesia,Family with young children,Superior Twin,Stayed 1 night in October 2024,10.0,Exceptional,Top,Pokoknya santika the best,"November 10, 2024"
104,1033,Kania,Indonesia,Family with young children,Superior Twin,Stayed 1 night in May 2024,10.0,Exceptional,Exceptional,"Masih ttp pilihan utama klo lg ada acara d cirebon,semuanya oke bgt","November 06, 2024"
104,1034,Agung,Indonesia,Couple,Superior Twin,Stayed 1 night in October 2024,10.0,Exceptional,Hotel yg cozy,"Lokasi bagus, fasilitas bagus, sarapan bagus","November 03, 2024"
104,1035,Suyatno,Indonesia,Couple,Superior Twin,Stayed 1 night in October 2024,7.6,Very good,Very good,Nyaman,"October 20, 2024"
104,1036,Inne,Indonesia,Family with teens,Superior Twin,Stayed 1 night in January 2025,9.6,Exceptional,Nyamannya menginap di Santika Hotel Cirebon,"Lokasi hotel ditengah kota sangat strategis, dekat dengan pusat perbelanjaan, rumah sakit, transportasi umum, perkantoran. Kebersihannya terjaga dengan baik. Fasilitas kamar cukup lengkap : shower air panas & dingin, toiletries, mini bar, notes & pinsil. Fasilitas hotel cukup lengkap : gym, kolam renang, resto, wifi, tempat parkir luas. Keistimewaan yg berbeda dgn hotel lain, setiap pagi mobil kami sudah kinclong dibersihkan oleh staf hotel 👍🏻👏🏻 Ini kali kedua kami menginap di Santika Hotel Cirebon. Saran : varian menu makanan sarapan pagi tolong ditambah 😊 Terimakasih","January 24, 2025"
104,1037,achyar,Indonesia,Family with young children,Superior Twin,Stayed 1 night in September 2025,8.8,Excellent,Excellent,"Lokasi berdekatan lokasi perkantoran kota cirebon, kamar luas dengan cukup bersih. Kolam renang bersih dengan disediakan handuk. Staf sangat ramah dan menunjukkan inisiatif untuk membantu terutama yg bertugas di kolam renang dan kebun/ taman sekitar kolam. Untuk makanan biasa saja.","September 15, 2025"
104,1038,Inne,Indonesia,Business traveler,Superior Twin,Stayed 1 night in January 2025,8.8,Excellent,"Hotel dgn lokasi, fasilitas dan pelayanan memuaskan","Hotel dengan lokasi ditengah kota Cirebon dengan fasilitas lengkap dan pelayanan yg baik, staff yg ramah dan helpfull, membuat perjalanan bisnis menjadi menyenangkan. Kamarnya nyaman, toiletries cukup lengkap, menu breakfast beragam dan rasanya lezat. Terimakasih Hotel Santika Cirebon 🙏🏻","January 14, 2025"
104,1039,Sahid,Indonesia,Group,Superior Twin,Stayed 1 night in October 2025,10.0,Exceptional,Exceptional,Tempat yg nyaman buat istirahat saya dn keluarga ketika ke kota Cirebon apalagi kolam renangnya luas dn bersih,"October 14, 2025"
104,1040,Maemunah,Indonesia,Family with young children,Superior Twin,Stayed 2 nights in June 2025,9.6,Exceptional,Liburan Mengesankan,"Disambut dengan staf yg ramah dan pelayanan yg baik, kamarnya bersih, fasilitas lainnya lengkap (resto, kolam renang anak dan dewasa, tempat fitness)… next time bisa nginep lagi…","June 15, 2025"
105,1041,bidan,Canada,Couple,Executive King,Stayed 1 night in October 2024,10.0,Exceptional,awesome,kontgoglan,"October 07, 2024"
105,1042,indah,Indonesia,Family with young children,Superior Twin,Stayed 1 night in September 2024,10.0,Exceptional,Liburan,Memuaskan,"September 22, 2024"
105,1043,makhfudin,Indonesia,Family with young children,Superior Twin,Stayed 1 night in August 2024,8.4,Excellent,Excellent,"Kamar luas dan bersih, menu sarapan bervariasi dan rasanya enak, respon staf cepat...recomended","September 02, 2024"
105,1044,Andri,Indonesia,Couple,Superior Twin,Stayed 1 night in July 2024,10.0,Exceptional,Nyaman dan dekat pusat kota,Semoga bisa menginap disini lagi,"August 26, 2024"
105,1045,silvia,Indonesia,Business traveler,Superior Twin,Stayed 1 night in August 2023,8.0,Excellent,Nice hotel,"Kamar besar, sarapan bervariasi, staf friendly","August 19, 2024"
105,1046,Inne,Indonesia,Family with teens,Superior Twin,Stayed 1 night in January 2025,9.6,Exceptional,Nyamannya menginap di Santika Hotel Cirebon,"Lokasi hotel ditengah kota sangat strategis, dekat dengan pusat perbelanjaan, rumah sakit, transportasi umum, perkantoran. Kebersihannya terjaga dengan baik. Fasilitas kamar cukup lengkap : shower air panas & dingin, toiletries, mini bar, notes & pinsil. Fasilitas hotel cukup lengkap : gym, kolam renang, resto, wifi, tempat parkir luas. Keistimewaan yg berbeda dgn hotel lain, setiap pagi mobil kami sudah kinclong dibersihkan oleh staf hotel 👍🏻👏🏻 Ini kali kedua kami menginap di Santika Hotel Cirebon. Saran : varian menu makanan sarapan pagi tolong ditambah 😊 Terimakasih","January 24, 2025"
105,1047,achyar,Indonesia,Family with young children,Superior Twin,Stayed 1 night in September 2025,8.8,Excellent,Excellent,"Lokasi berdekatan lokasi perkantoran kota cirebon, kamar luas dengan cukup bersih. Kolam renang bersih dengan disediakan handuk. Staf sangat ramah dan menunjukkan inisiatif untuk membantu terutama yg bertugas di kolam renang dan kebun/ taman sekitar kolam. Untuk makanan biasa saja.","September 15, 2025"
105,1048,Inne,Indonesia,Business traveler,Superior Twin,Stayed 1 night in January 2025,8.8,Excellent,"Hotel dgn lokasi, fasilitas dan pelayanan memuaskan","Hotel dengan lokasi ditengah kota Cirebon dengan fasilitas lengkap dan pelayanan yg baik, staff yg ramah dan helpfull, membuat perjalanan bisnis menjadi menyenangkan. Kamarnya nyaman, toiletries cukup lengkap, menu breakfast beragam dan rasanya lezat. Terimakasih Hotel Santika Cirebon 🙏🏻","January 14, 2025"
105,1049,Sahid,Indonesia,Group,Superior Twin,Stayed 1 night in October 2025,10.0,Exceptional,Exceptional,Tempat yg nyaman buat istirahat saya dn keluarga ketika ke kota Cirebon apalagi kolam renangnya luas dn bersih,"October 14, 2025"
105,1050,Maemunah,Indonesia,Family with young children,Superior Twin,Stayed 2 nights in June 2025,9.6,Exceptional,Liburan Mengesankan,"Disambut dengan staf yg ramah dan pelayanan yg baik, kamarnya bersih, fasilitas lainnya lengkap (resto, kolam renang anak dan dewasa, tempat fitness)… next time bisa nginep lagi…","June 15, 2025"
106,1051,Benjani,Indonesia,Group,Superior Twin,Stayed 1 night in July 2024,8.4,Excellent,Excellent,Ok lah meskipun sdh perlu update fasilitas,"August 16, 2024"
106,1052,Oim,Indonesia,Solo traveler,Superior Twin,Stayed 1 night in July 2024,7.6,Very good,Keren,Keren,"July 23, 2024"
106,1053,Novi,Indonesia,Couple,Superior Twin,Stayed 1 night in February 2024,10.0,Exceptional,Mantap,Puas,"July 19, 2024"
106,1054,Novi,Indonesia,Couple,Superior Twin,Stayed 1 night in January 2024,10.0,Exceptional,Mantap,Puas,"July 19, 2024"
106,1055,UWES,Indonesia,Family with young children,Superior Twin,Stayed 1 night in July 2024,8.0,Excellent,sarapan nya oke,seperti halnya Hotel Santika di tempat2 lain..sarapannya oke,"July 10, 2024"
106,1056,Inne,Indonesia,Family with teens,Superior Twin,Stayed 1 night in January 2025,9.6,Exceptional,Nyamannya menginap di Santika Hotel Cirebon,"Lokasi hotel ditengah kota sangat strategis, dekat dengan pusat perbelanjaan, rumah sakit, transportasi umum, perkantoran. Kebersihannya terjaga dengan baik. Fasilitas kamar cukup lengkap : shower air panas & dingin, toiletries, mini bar, notes & pinsil. Fasilitas hotel cukup lengkap : gym, kolam renang, resto, wifi, tempat parkir luas. Keistimewaan yg berbeda dgn hotel lain, setiap pagi mobil kami sudah kinclong dibersihkan oleh staf hotel 👍🏻👏🏻 Ini kali kedua kami menginap di Santika Hotel Cirebon. Saran : varian menu makanan sarapan pagi tolong ditambah 😊 Terimakasih","January 24, 2025"
106,1057,achyar,Indonesia,Family with young children,Superior Twin,Stayed 1 night in September 2025,8.8,Excellent,Excellent,"Lokasi berdekatan lokasi perkantoran kota cirebon, kamar luas dengan cukup bersih. Kolam renang bersih dengan disediakan handuk. Staf sangat ramah dan menunjukkan inisiatif untuk membantu terutama yg bertugas di kolam renang dan kebun/ taman sekitar kolam. Untuk makanan biasa saja.","September 15, 2025"
106,1058,Inne,Indonesia,Business traveler,Superior Twin,Stayed 1 night in January 2025,8.8,Excellent,"Hotel dgn lokasi, fasilitas dan pelayanan memuaskan","Hotel dengan lokasi ditengah kota Cirebon dengan fasilitas lengkap dan pelayanan yg baik, staff yg ramah dan helpfull, membuat perjalanan bisnis menjadi menyenangkan. Kamarnya nyaman, toiletries cukup lengkap, menu breakfast beragam dan rasanya lezat. Terimakasih Hotel Santika Cirebon 🙏🏻","January 14, 2025"
106,1059,Sahid,Indonesia,Group,Superior Twin,Stayed 1 night in October 2025,10.0,Exceptional,Exceptional,Tempat yg nyaman buat istirahat saya dn keluarga ketika ke kota Cirebon apalagi kolam renangnya luas dn bersih,"October 14, 2025"
106,1060,Maemunah,Indonesia,Family with young children,Superior Twin,Stayed 2 nights in June 2025,9.6,Exceptional,Liburan Mengesankan,"Disambut dengan staf yg ramah dan pelayanan yg baik, kamarnya bersih, fasilitas lainnya lengkap (resto, kolam renang anak dan dewasa, tempat fitness)… next time bisa nginep lagi…","June 15, 2025"
107,1061,GREGORIUS,Indonesia,Family with young children,Superior Twin,Stayed 1 night in June 2024,10.0,Exceptional,ok,ok,"July 08, 2024"
107,1062,roy,Indonesia,Couple,Superior Twin,Stayed 1 night in July 2024,8.0,Excellent,Very good,menyenangkan,"July 06, 2024"
107,1063,Budi,Indonesia,Couple,Superior Twin,Stayed 1 night in June 2024,10.0,Exceptional,Bagus,Ok banget,"July 03, 2024"
107,1064,Rahmawati,Indonesia,Group,Superior Twin,Stayed 1 night in June 2024,6.4,Good,Jadul banyak nyamuk,"Jadul banyak nyamuk, staff kurang ramah, makanan standart, check in lama","July 02, 2024"
107,1065,MUHAMMAD,Indonesia,Couple,Superior Twin,Stayed 2 nights in May 2024,10.0,Exceptional,Dear Santika,Thx,"May 20, 2024"
107,1066,Inne,Indonesia,Family with teens,Superior Twin,Stayed 1 night in January 2025,9.6,Exceptional,Nyamannya menginap di Santika Hotel Cirebon,"Lokasi hotel ditengah kota sangat strategis, dekat dengan pusat perbelanjaan, rumah sakit, transportasi umum, perkantoran. Kebersihannya terjaga dengan baik. Fasilitas kamar cukup lengkap : shower air panas & dingin, toiletries, mini bar, notes & pinsil. Fasilitas hotel cukup lengkap : gym, kolam renang, resto, wifi, tempat parkir luas. Keistimewaan yg berbeda dgn hotel lain, setiap pagi mobil kami sudah kinclong dibersihkan oleh staf hotel 👍🏻👏🏻 Ini kali kedua kami menginap di Santika Hotel Cirebon. Saran : varian menu makanan sarapan pagi tolong ditambah 😊 Terimakasih","January 24, 2025"
107,1067,achyar,Indonesia,Family with young children,Superior Twin,Stayed 1 night in September 2025,8.8,Excellent,Excellent,"Lokasi berdekatan lokasi perkantoran kota cirebon, kamar luas dengan cukup bersih. Kolam renang bersih dengan disediakan handuk. Staf sangat ramah dan menunjukkan inisiatif untuk membantu terutama yg bertugas di kolam renang dan kebun/ taman sekitar kolam. Untuk makanan biasa saja.","September 15, 2025"
107,1068,Inne,Indonesia,Business traveler,Superior Twin,Stayed 1 night in January 2025,8.8,Excellent,"Hotel dgn lokasi, fasilitas dan pelayanan memuaskan","Hotel dengan lokasi ditengah kota Cirebon dengan fasilitas lengkap dan pelayanan yg baik, staff yg ramah dan helpfull, membuat perjalanan bisnis menjadi menyenangkan. Kamarnya nyaman, toiletries cukup lengkap, menu breakfast beragam dan rasanya lezat. Terimakasih Hotel Santika Cirebon 🙏🏻","January 14, 2025"
107,1069,Sahid,Indonesia,Group,Superior Twin,Stayed 1 night in October 2025,10.0,Exceptional,Exceptional,Tempat yg nyaman buat istirahat saya dn keluarga ketika ke kota Cirebon apalagi kolam renangnya luas dn bersih,"October 14, 2025"
107,1070,Maemunah,Indonesia,Family with young children,Superior Twin,Stayed 2 nights in June 2025,9.6,Exceptional,Liburan Mengesankan,"Disambut dengan staf yg ramah dan pelayanan yg baik, kamarnya bersih, fasilitas lainnya lengkap (resto, kolam renang anak dan dewasa, tempat fitness)… next time bisa nginep lagi…","June 15, 2025"
108,1071,Linda,Indonesia,Family with teens,Superior Twin,Stayed 1 night in May 2024,8.4,Excellent,Excellent,Menu bfast kurang variatif dan klo sdh habis tdk segera diganti..utk staff pd saat breakfast hrsnya diperbanyak jd customer tdk hrs menunggu kelamaan,"May 11, 2024"
108,1072,Deby,Indonesia,Group,Deluxe King,Stayed 1 night in May 2024,10.0,Exceptional,Exceptional,"so far tempatnya nyaman,sehat,rapi,bersih,dan staff ok","May 05, 2024"
108,1073,Deby,Indonesia,Couple,Executive King,Stayed 1 night in May 2024,10.0,Exceptional,Exceptional,bagus,"May 05, 2024"
108,1074,Tono,Indonesia,Family with young children,Superior Twin,Stayed 1 night in April 2024,10.0,Exceptional,Ok,Ok,"April 27, 2024"
108,1075,Deden,Indonesia,Family with young children,Executive King,Stayed 1 night in April 2024,10.0,Exceptional,Good service,Good service,"April 20, 2024"
108,1076,Inne,Indonesia,Family with teens,Superior Twin,Stayed 1 night in January 2025,9.6,Exceptional,Nyamannya menginap di Santika Hotel Cirebon,"Lokasi hotel ditengah kota sangat strategis, dekat dengan pusat perbelanjaan, rumah sakit, transportasi umum, perkantoran. Kebersihannya terjaga dengan baik. Fasilitas kamar cukup lengkap : shower air panas & dingin, toiletries, mini bar, notes & pinsil. Fasilitas hotel cukup lengkap : gym, kolam renang, resto, wifi, tempat parkir luas. Keistimewaan yg berbeda dgn hotel lain, setiap pagi mobil kami sudah kinclong dibersihkan oleh staf hotel 👍🏻👏🏻 Ini kali kedua kami menginap di Santika Hotel Cirebon. Saran : varian menu makanan sarapan pagi tolong ditambah 😊 Terimakasih","January 24, 2025"
108,1077,achyar,Indonesia,Family with young children,Superior Twin,Stayed 1 night in September 2025,8.8,Excellent,Excellent,"Lokasi berdekatan lokasi perkantoran kota cirebon, kamar luas dengan cukup bersih. Kolam renang bersih dengan disediakan handuk. Staf sangat ramah dan menunjukkan inisiatif untuk membantu terutama yg bertugas di kolam renang dan kebun/ taman sekitar kolam. Untuk makanan biasa saja.","September 15, 2025"
108,1078,Inne,Indonesia,Business traveler,Superior Twin,Stayed 1 night in January 2025,8.8,Excellent,"Hotel dgn lokasi, fasilitas dan pelayanan memuaskan","Hotel dengan lokasi ditengah kota Cirebon dengan fasilitas lengkap dan pelayanan yg baik, staff yg ramah dan helpfull, membuat perjalanan bisnis menjadi menyenangkan. Kamarnya nyaman, toiletries cukup lengkap, menu breakfast beragam dan rasanya lezat. Terimakasih Hotel Santika Cirebon 🙏🏻","January 14, 2025"
108,1079,Sahid,Indonesia,Group,Superior Twin,Stayed 1 night in October 2025,10.0,Exceptional,Exceptional,Tempat yg nyaman buat istirahat saya dn keluarga ketika ke kota Cirebon apalagi kolam renangnya luas dn bersih,"October 14, 2025"
108,1080,Maemunah,Indonesia,Family with young children,Superior Twin,Stayed 2 nights in June 2025,9.6,Exceptional,Liburan Mengesankan,"Disambut dengan staf yg ramah dan pelayanan yg baik, kamarnya bersih, fasilitas lainnya lengkap (resto, kolam renang anak dan dewasa, tempat fitness)… next time bisa nginep lagi…","June 15, 2025"
109,1081,Titis,Indonesia,Family with young children,Superior Twin,Stayed 2 nights in April 2024,8.8,Excellent,Santika,Santika over all okelah,"April 13, 2024"
109,1082,Rocky,Indonesia,Group,Superior Twin,Stayed 1 night in March 2024,10.0,Exceptional,Good service,Bersih ksmsrnya luas maksnan enakk,"April 04, 2024"
109,1083,Bambang,Indonesia,Family with young children,Superior Twin,Stayed 1 night in February 2024,10.0,Exceptional,Heritage with comfort,"Sangat nyaman, bangunan heritahe namun strategis dan kamar bersih, sarapan cukup beragam dan lezat.","March 15, 2024"
109,1084,imam,Indonesia,Couple,Superior Twin,Stayed 1 night in February 2024,8.8,Excellent,Hotel bersih,"Hotel lama tp terawat bersih,nyaman,sarapan pagi top,pool bgs gede,kamar senyap,","February 18, 2024"
109,1085,hamidjaja,Indonesia,Couple,Superior Twin,Stayed 1 night in February 2024,8.8,Excellent,Excellent,Kebersihan nya sgt baik serta keramah tamahan nya OK,"February 18, 2024"
109,1086,Inne,Indonesia,Family with teens,Superior Twin,Stayed 1 night in January 2025,9.6,Exceptional,Nyamannya menginap di Santika Hotel Cirebon,"Lokasi hotel ditengah kota sangat strategis, dekat dengan pusat perbelanjaan, rumah sakit, transportasi umum, perkantoran. Kebersihannya terjaga dengan baik. Fasilitas kamar cukup lengkap : shower air panas & dingin, toiletries, mini bar, notes & pinsil. Fasilitas hotel cukup lengkap : gym, kolam renang, resto, wifi, tempat parkir luas. Keistimewaan yg berbeda dgn hotel lain, setiap pagi mobil kami sudah kinclong dibersihkan oleh staf hotel 👍🏻👏🏻 Ini kali kedua kami menginap di Santika Hotel Cirebon. Saran : varian menu makanan sarapan pagi tolong ditambah 😊 Terimakasih","January 24, 2025"
109,1087,achyar,Indonesia,Family with young children,Superior Twin,Stayed 1 night in September 2025,8.8,Excellent,Excellent,"Lokasi berdekatan lokasi perkantoran kota cirebon, kamar luas dengan cukup bersih. Kolam renang bersih dengan disediakan handuk. Staf sangat ramah dan menunjukkan inisiatif untuk membantu terutama yg bertugas di kolam renang dan kebun/ taman sekitar kolam. Untuk makanan biasa saja.","September 15, 2025"
109,1088,Inne,Indonesia,Business traveler,Superior Twin,Stayed 1 night in January 2025,8.8,Excellent,"Hotel dgn lokasi, fasilitas dan pelayanan memuaskan","Hotel dengan lokasi ditengah kota Cirebon dengan fasilitas lengkap dan pelayanan yg baik, staff yg ramah dan helpfull, membuat perjalanan bisnis menjadi menyenangkan. Kamarnya nyaman, toiletries cukup lengkap, menu breakfast beragam dan rasanya lezat. Terimakasih Hotel Santika Cirebon 🙏🏻","January 14, 2025"
109,1089,Sahid,Indonesia,Group,Superior Twin,Stayed 1 night in October 2025,10.0,Exceptional,Exceptional,Tempat yg nyaman buat istirahat saya dn keluarga ketika ke kota Cirebon apalagi kolam renangnya luas dn bersih,"October 14, 2025"
109,1090,Maemunah,Indonesia,Family with young children,Superior Twin,Stayed 2 nights in June 2025,9.6,Exceptional,Liburan Mengesankan,"Disambut dengan staf yg ramah dan pelayanan yg baik, kamarnya bersih, fasilitas lainnya lengkap (resto, kolam renang anak dan dewasa, tempat fitness)… next time bisa nginep lagi…","June 15, 2025"
110,1091,Syahrini,Indonesia,Couple,Deluxe King,Stayed 1 night in February 2023,10.0,Exceptional,Nyaman,Bersih,"February 13, 2024"
110,1092,Fransiscus,Indonesia,Family with young children,Superior Twin,Stayed 1 night in February 2024,10.0,Exceptional,Ciamik,Murah bagus recommended,"February 04, 2024"
110,1093,hadi,Indonesia,Family with young children,Superior Twin,Stayed 1 night in February 2024,10.0,Exceptional,Tetap oke,"Selalu jadi pilihan, pasti akan kembali lagi. Sarapan jam 9 tp menu sdh habis tidak diisi ulang, jd sarapan seadanya saja","February 04, 2024"
110,1094,Pramudhani,Indonesia,Family with young children,Superior Twin,Stayed 1 night in January 2024,9.6,Exceptional,Exceptional,Walaupun hotel tua tapi fasilitas masih oke.. Kamar bersih.. Makanan variatif.. Staff ramah.. Kolam renang bersih Kalau ke cirebon hotel santika masih jadi pilihan untuk menginap,"January 21, 2024"
110,1095,Rina,Indonesia,Couple,Superior Twin,Stayed 2 nights in January 2024,6.0,,Libura Keluarga,Sangat disayangkan Hotel yang sudah punya nama namun keadaan dengan kondisi kamar hotel yg sudah harus diganti furniture kamarnya yang sudah tua dan penerangan yang kurang sehingga menambah sedikit suram.,"January 08, 2024"
110,1096,Inne,Indonesia,Family with teens,Superior Twin,Stayed 1 night in January 2025,9.6,Exceptional,Nyamannya menginap di Santika Hotel Cirebon,"Lokasi hotel ditengah kota sangat strategis, dekat dengan pusat perbelanjaan, rumah sakit, transportasi umum, perkantoran. Kebersihannya terjaga dengan baik. Fasilitas kamar cukup lengkap : shower air panas & dingin, toiletries, mini bar, notes & pinsil. Fasilitas hotel cukup lengkap : gym, kolam renang, resto, wifi, tempat parkir luas. Keistimewaan yg berbeda dgn hotel lain, setiap pagi mobil kami sudah kinclong dibersihkan oleh staf hotel 👍🏻👏🏻 Ini kali kedua kami menginap di Santika Hotel Cirebon. Saran : varian menu makanan sarapan pagi tolong ditambah 😊 Terimakasih","January 24, 2025"
110,1097,achyar,Indonesia,Family with young children,Superior Twin,Stayed 1 night in September 2025,8.8,Excellent,Excellent,"Lokasi berdekatan lokasi perkantoran kota cirebon, kamar luas dengan cukup bersih. Kolam renang bersih dengan disediakan handuk. Staf sangat ramah dan menunjukkan inisiatif untuk membantu terutama yg bertugas di kolam renang dan kebun/ taman sekitar kolam. Untuk makanan biasa saja.","September 15, 2025"
110,1098,Inne,Indonesia,Business traveler,Superior Twin,Stayed 1 night in January 2025,8.8,Excellent,"Hotel dgn lokasi, fasilitas dan pelayanan memuaskan","Hotel dengan lokasi ditengah kota Cirebon dengan fasilitas lengkap dan pelayanan yg baik, staff yg ramah dan helpfull, membuat perjalanan bisnis menjadi menyenangkan. Kamarnya nyaman, toiletries cukup lengkap, menu breakfast beragam dan rasanya lezat. Terimakasih Hotel Santika Cirebon 🙏🏻","January 14, 2025"
110,1099,Sahid,Indonesia,Group,Superior Twin,Stayed 1 night in October 2025,10.0,Exceptional,Exceptional,Tempat yg nyaman buat istirahat saya dn keluarga ketika ke kota Cirebon apalagi kolam renangnya luas dn bersih,"October 14, 2025"
110,1100,Maemunah,Indonesia,Family with young children,Superior Twin,Stayed 2 nights in June 2025,9.6,Exceptional,Liburan Mengesankan,"Disambut dengan staf yg ramah dan pelayanan yg baik, kamarnya bersih, fasilitas lainnya lengkap (resto, kolam renang anak dan dewasa, tempat fitness)… next time bisa nginep lagi…","June 15, 2025"
111,1101,Lusi,Indonesia,Family with young children,Deluxe King,Stayed 1 night in January 2024,9.6,Exceptional,Exceptional,"Staff hotel sangat ramah terutama yg ada di restoran, untuk menu sarapan bervariasi... untuk bangunan walaupun sudah tua tapi terawat dengan baik.. Overall semua ok...","January 04, 2024"
111,1102,Patricia,Indonesia,Family with teens,Superior Twin,Stayed 2 nights in January 2024,8.4,Excellent,Well maintain heritage building,"Very spacious and well maintained old hotel. Good variant of traditional food, make a different with the other hotel. And big plus point is that they have a special service to wash our car which is bring a very big smile to my husband, for which I really appreciate.","January 03, 2024"
111,1103,Ahmad,Indonesia,Couple,Superior Twin,Stayed 1 night in November 2023,10.0,Exceptional,Bagus,Bagus,"November 09, 2023"
111,1104,Meiske,Indonesia,Couple,Superior Twin,Stayed 1 night in October 2023,7.6,Very good,"Hotel tua, perlu upgrade","Kamar cukup luas, tetapi dalamnya perlu upgrade ya karena sudah agak kusam, tapi untuk perjalanan bisnis, cukup baik menginap disini.","October 31, 2023"
111,1105,Hib,Indonesia,Family with young children,Superior Twin,Stayed 1 night in July 2023,10.0,Exceptional,Klasik,Tempat strategis,"October 16, 2023"
111,1106,Inne,Indonesia,Family with teens,Superior Twin,Stayed 1 night in January 2025,9.6,Exceptional,Nyamannya menginap di Santika Hotel Cirebon,"Lokasi hotel ditengah kota sangat strategis, dekat dengan pusat perbelanjaan, rumah sakit, transportasi umum, perkantoran. Kebersihannya terjaga dengan baik. Fasilitas kamar cukup lengkap : shower air panas & dingin, toiletries, mini bar, notes & pinsil. Fasilitas hotel cukup lengkap : gym, kolam renang, resto, wifi, tempat parkir luas. Keistimewaan yg berbeda dgn hotel lain, setiap pagi mobil kami sudah kinclong dibersihkan oleh staf hotel 👍🏻👏🏻 Ini kali kedua kami menginap di Santika Hotel Cirebon. Saran : varian menu makanan sarapan pagi tolong ditambah 😊 Terimakasih","January 24, 2025"
111,1107,achyar,Indonesia,Family with young children,Superior Twin,Stayed 1 night in September 2025,8.8,Excellent,Excellent,"Lokasi berdekatan lokasi perkantoran kota cirebon, kamar luas dengan cukup bersih. Kolam renang bersih dengan disediakan handuk. Staf sangat ramah dan menunjukkan inisiatif untuk membantu terutama yg bertugas di kolam renang dan kebun/ taman sekitar kolam. Untuk makanan biasa saja.","September 15, 2025"
111,1108,Inne,Indonesia,Business traveler,Superior Twin,Stayed 1 night in January 2025,8.8,Excellent,"Hotel dgn lokasi, fasilitas dan pelayanan memuaskan","Hotel dengan lokasi ditengah kota Cirebon dengan fasilitas lengkap dan pelayanan yg baik, staff yg ramah dan helpfull, membuat perjalanan bisnis menjadi menyenangkan. Kamarnya nyaman, toiletries cukup lengkap, menu breakfast beragam dan rasanya lezat. Terimakasih Hotel Santika Cirebon 🙏🏻","January 14, 2025"
111,1109,Sahid,Indonesia,Group,Superior Twin,Stayed 1 night in October 2025,10.0,Exceptional,Exceptional,Tempat yg nyaman buat istirahat saya dn keluarga ketika ke kota Cirebon apalagi kolam renangnya luas dn bersih,"October 14, 2025"
111,1110,Maemunah,Indonesia,Family with young children,Superior Twin,Stayed 2 nights in June 2025,9.6,Exceptional,Liburan Mengesankan,"Disambut dengan staf yg ramah dan pelayanan yg baik, kamarnya bersih, fasilitas lainnya lengkap (resto, kolam renang anak dan dewasa, tempat fitness)… next time bisa nginep lagi…","June 15, 2025"
112,1111,TERUNA,Indonesia,Family with teens,Superior Twin,Stayed 2 nights in September 2023,7.6,Very good,Hotel strategis Di Cirebon,"Lokasi Hotel dekat kemana mana, breakfast kurang bervariasi, rasa tidak ada yang menonjol. Yang sangat menggangu AC kurang dingin cenderung berisik. Perlu perbaikan fasilitas. Pelayanan staff OK","October 09, 2023"
112,1112,Bayu,Indonesia,Business traveler,Superior Twin,Stayed 1 night in September 2023,10.0,Exceptional,Bangunan Lama but oke kok,"Santika cirebon merupakan hotel dengan banginan lama yang masih terpelihara dg baik, sarapan le gkap enak","September 25, 2023"
112,1113,Indra,Indonesia,Family with young children,Superior Twin,Stayed 2 nights in September 2023,7.2,Very good,Old Hotel. Overall OK.,Old Hotel. Mungkin sudah waktunya direnovasi. Minimal pintu dan dindingnya perlu di cat lagi. Overall OK.,"September 24, 2023"
112,1114,angga,Indonesia,Family with young children,Superior Twin,Stayed 2 nights in August 2023,9.2,Exceptional,Cocok,"Lokasi strategis, banyak tempat makan dan minimarket..","August 04, 2023"
112,1115,angga,Indonesia,Business traveler,Superior Twin,Stayed 2 nights in July 2023,9.6,Exceptional,cocok buat istirahat,"lokasi strategis, nyaman dan bisa bawa keluarga","July 31, 2023"
112,1116,Inne,Indonesia,Family with teens,Superior Twin,Stayed 1 night in January 2025,9.6,Exceptional,Nyamannya menginap di Santika Hotel Cirebon,"Lokasi hotel ditengah kota sangat strategis, dekat dengan pusat perbelanjaan, rumah sakit, transportasi umum, perkantoran. Kebersihannya terjaga dengan baik. Fasilitas kamar cukup lengkap : shower air panas & dingin, toiletries, mini bar, notes & pinsil. Fasilitas hotel cukup lengkap : gym, kolam renang, resto, wifi, tempat parkir luas. Keistimewaan yg berbeda dgn hotel lain, setiap pagi mobil kami sudah kinclong dibersihkan oleh staf hotel 👍🏻👏🏻 Ini kali kedua kami menginap di Santika Hotel Cirebon. Saran : varian menu makanan sarapan pagi tolong ditambah 😊 Terimakasih","January 24, 2025"
112,1117,achyar,Indonesia,Family with young children,Superior Twin,Stayed 1 night in September 2025,8.8,Excellent,Excellent,"Lokasi berdekatan lokasi perkantoran kota cirebon, kamar luas dengan cukup bersih. Kolam renang bersih dengan disediakan handuk. Staf sangat ramah dan menunjukkan inisiatif untuk membantu terutama yg bertugas di kolam renang dan kebun/ taman sekitar kolam. Untuk makanan biasa saja.","September 15, 2025"
112,1118,Inne,Indonesia,Business traveler,Superior Twin,Stayed 1 night in January 2025,8.8,Excellent,"Hotel dgn lokasi, fasilitas dan pelayanan memuaskan","Hotel dengan lokasi ditengah kota Cirebon dengan fasilitas lengkap dan pelayanan yg baik, staff yg ramah dan helpfull, membuat perjalanan bisnis menjadi menyenangkan. Kamarnya nyaman, toiletries cukup lengkap, menu breakfast beragam dan rasanya lezat. Terimakasih Hotel Santika Cirebon 🙏🏻","January 14, 2025"
112,1119,Sahid,Indonesia,Group,Superior Twin,Stayed 1 night in October 2025,10.0,Exceptional,Exceptional,Tempat yg nyaman buat istirahat saya dn keluarga ketika ke kota Cirebon apalagi kolam renangnya luas dn bersih,"October 14, 2025"
112,1120,Maemunah,Indonesia,Family with young children,Superior Twin,Stayed 2 nights in June 2025,9.6,Exceptional,Liburan Mengesankan,"Disambut dengan staf yg ramah dan pelayanan yg baik, kamarnya bersih, fasilitas lainnya lengkap (resto, kolam renang anak dan dewasa, tempat fitness)… next time bisa nginep lagi…","June 15, 2025"
113,1121,Eka,Indonesia,Family with young children,Executive King,Stayed 2 nights in June 2023,10.0,Exceptional,Fasilitas nyaman,"Kamar yg nyaman, kolam renang bersih bgt, nginep 2 tiap hari berenang trs","July 28, 2023"
113,1122,Irawan,Indonesia,Family with teens,Superior Twin,Stayed 1 night in July 2023,8.0,Excellent,Harga sesuai dengan fasilitas,Hotel cukup baik di fasilitas dan lokasi. Harga affordable sesuai fasilitasnya,"July 24, 2023"
113,1123,Lidya,Indonesia,Family with young children,Superior Twin,Stayed 1 night in July 2023,8.8,Excellent,Hotel di tengah kota,"Salah satu hotel lama yg ada di kota Cirebon, lokasi strategis dekat ke mana², kolam renang cukup baik , breakfast nya banyak varian, hotel nya tenang dan luas, hanya hotel lama , jd harus di perbarui bbrp perabotan seperti spring bad yg sudah mulai kempes... Tapi overall oke kok","July 08, 2023"
113,1124,citra,Indonesia,Family with teens,Superior Twin,Stayed 1 night in June 2023,5.6,,Harga nga sesuai kondisi hotel,"Hotel tua, kamar mandi sdh lama ,kuning dan nga bersih...","July 01, 2023"
113,1125,ODAH,Indonesia,Group,Superior Twin,Stayed 1 night in June 2023,10.0,Exceptional,Exceptional,Hotel letak strategis . Kolam renang bersih. Staff ramah . Terima kasih yah,"June 30, 2023"
113,1126,Inne,Indonesia,Family with teens,Superior Twin,Stayed 1 night in January 2025,9.6,Exceptional,Nyamannya menginap di Santika Hotel Cirebon,"Lokasi hotel ditengah kota sangat strategis, dekat dengan pusat perbelanjaan, rumah sakit, transportasi umum, perkantoran. Kebersihannya terjaga dengan baik. Fasilitas kamar cukup lengkap : shower air panas & dingin, toiletries, mini bar, notes & pinsil. Fasilitas hotel cukup lengkap : gym, kolam renang, resto, wifi, tempat parkir luas. Keistimewaan yg berbeda dgn hotel lain, setiap pagi mobil kami sudah kinclong dibersihkan oleh staf hotel 👍🏻👏🏻 Ini kali kedua kami menginap di Santika Hotel Cirebon. Saran : varian menu makanan sarapan pagi tolong ditambah 😊 Terimakasih","January 24, 2025"
113,1127,achyar,Indonesia,Family with young children,Superior Twin,Stayed 1 night in September 2025,8.8,Excellent,Excellent,"Lokasi berdekatan lokasi perkantoran kota cirebon, kamar luas dengan cukup bersih. Kolam renang bersih dengan disediakan handuk. Staf sangat ramah dan menunjukkan inisiatif untuk membantu terutama yg bertugas di kolam renang dan kebun/ taman sekitar kolam. Untuk makanan biasa saja.","September 15, 2025"
113,1128,Inne,Indonesia,Business traveler,Superior Twin,Stayed 1 night in January 2025,8.8,Excellent,"Hotel dgn lokasi, fasilitas dan pelayanan memuaskan","Hotel dengan lokasi ditengah kota Cirebon dengan fasilitas lengkap dan pelayanan yg baik, staff yg ramah dan helpfull, membuat perjalanan bisnis menjadi menyenangkan. Kamarnya nyaman, toiletries cukup lengkap, menu breakfast beragam dan rasanya lezat. Terimakasih Hotel Santika Cirebon 🙏🏻","January 14, 2025"
113,1129,Sahid,Indonesia,Group,Superior Twin,Stayed 1 night in October 2025,10.0,Exceptional,Exceptional,Tempat yg nyaman buat istirahat saya dn keluarga ketika ke kota Cirebon apalagi kolam renangnya luas dn bersih,"October 14, 2025"
113,1130,Maemunah,Indonesia,Family with young children,Superior Twin,Stayed 2 nights in June 2025,9.6,Exceptional,Liburan Mengesankan,"Disambut dengan staf yg ramah dan pelayanan yg baik, kamarnya bersih, fasilitas lainnya lengkap (resto, kolam renang anak dan dewasa, tempat fitness)… next time bisa nginep lagi…","June 15, 2025"
114,1131,Sri,Indonesia,Family with young children,Superior Twin,Stayed 1 night in June 2023,10.0,Exceptional,Liburan,"Hotel Santika cocok untuk liburan bersama keluarga, dimana fasilitasnya lengkap, bersih, makanannya enak, lokasinya strategis.","June 19, 2023"
114,1132,Dina,Indonesia,Family with young children,Deluxe King,Stayed 2 nights in May 2023,10.0,Exceptional,Kolam nya bersih,Makanan nya harus lebih di lengkapin lg..,"May 28, 2023"
114,1133,Wina,Indonesia,Family with young children,Superior Twin,Stayed 1 night in April 2023,10.0,Exceptional,Hotel tefav,. Terfavorit santika emang..,"April 29, 2023"
114,1134,kartika,Indonesia,Family with young children,Executive King,Stayed 1 night in April 2023,8.0,Excellent,Very good,"perlu ditingkatkan kembali kebersihan dikamar, karena saat pertama kali masuk kamar terasa ada tumpahan gula/pasir. fasilitas yang ga didapat di hotel lain, mobil dibersihkan.","April 29, 2023"
114,1135,Mrs,Indonesia,Family with young children,Deluxe King,Stayed 1 night in July 2022,8.8,Excellent,Excellent,Untuk transit inap saja. Agak tua hotelnya. Tp harga juga relatif murah saat itu. Staff ramah,"March 22, 2023"
114,1136,Inne,Indonesia,Family with teens,Superior Twin,Stayed 1 night in January 2025,9.6,Exceptional,Nyamannya menginap di Santika Hotel Cirebon,"Lokasi hotel ditengah kota sangat strategis, dekat dengan pusat perbelanjaan, rumah sakit, transportasi umum, perkantoran. Kebersihannya terjaga dengan baik. Fasilitas kamar cukup lengkap : shower air panas & dingin, toiletries, mini bar, notes & pinsil. Fasilitas hotel cukup lengkap : gym, kolam renang, resto, wifi, tempat parkir luas. Keistimewaan yg berbeda dgn hotel lain, setiap pagi mobil kami sudah kinclong dibersihkan oleh staf hotel 👍🏻👏🏻 Ini kali kedua kami menginap di Santika Hotel Cirebon. Saran : varian menu makanan sarapan pagi tolong ditambah 😊 Terimakasih","January 24, 2025"
114,1137,achyar,Indonesia,Family with young children,Superior Twin,Stayed 1 night in September 2025,8.8,Excellent,Excellent,"Lokasi berdekatan lokasi perkantoran kota cirebon, kamar luas dengan cukup bersih. Kolam renang bersih dengan disediakan handuk. Staf sangat ramah dan menunjukkan inisiatif untuk membantu terutama yg bertugas di kolam renang dan kebun/ taman sekitar kolam. Untuk makanan biasa saja.","September 15, 2025"
114,1138,Inne,Indonesia,Business traveler,Superior Twin,Stayed 1 night in January 2025,8.8,Excellent,"Hotel dgn lokasi, fasilitas dan pelayanan memuaskan","Hotel dengan lokasi ditengah kota Cirebon dengan fasilitas lengkap dan pelayanan yg baik, staff yg ramah dan helpfull, membuat perjalanan bisnis menjadi menyenangkan. Kamarnya nyaman, toiletries cukup lengkap, menu breakfast beragam dan rasanya lezat. Terimakasih Hotel Santika Cirebon 🙏🏻","January 14, 2025"
114,1139,Sahid,Indonesia,Group,Superior Twin,Stayed 1 night in October 2025,10.0,Exceptional,Exceptional,Tempat yg nyaman buat istirahat saya dn keluarga ketika ke kota Cirebon apalagi kolam renangnya luas dn bersih,"October 14, 2025"
114,1140,Maemunah,Indonesia,Family with young children,Superior Twin,Stayed 2 nights in June 2025,9.6,Exceptional,Liburan Mengesankan,"Disambut dengan staf yg ramah dan pelayanan yg baik, kamarnya bersih, fasilitas lainnya lengkap (resto, kolam renang anak dan dewasa, tempat fitness)… next time bisa nginep lagi…","June 15, 2025"
115,1141,yuni,Indonesia,Business traveler,Deluxe Suite,Stayed 2 nights in March 2022,8.4,Excellent,Ruangan bersih,Semua baik,"March 21, 2023"
115,1142,Dharma,Indonesia,Business traveler,Superior Twin,Stayed 1 night in March 2023,10.0,Exceptional,Recomended bgt,Puas bgt,"March 08, 2023"
115,1143,Satria,Indonesia,Family with young children,Superior Room,Stayed 1 night in December 2022,9.6,Exceptional,Exceptional,"Hotelnya di tengah kota, gedung lama dengan kamar yang besar. Sarapannya kurang menarik, berbeda dengan Hotel Santika yang lain. Semua staf ramah. Setiap pagi mobil di parkiran sudah dicuci, sehingga tampak bersih saat meninggalkan hotel.","February 22, 2023"
115,1144,Rachmat,Indonesia,Couple,Superior Room,Stayed 1 night in January 2023,10.0,Exceptional,Hotel nyaman di tengah kota,"Kamar cukup luas, breakfast variatif dan nyaman","January 16, 2023"
115,1145,Wildan,Indonesia,Family with teens,Executive King,Stayed 1 night in January 2023,8.8,Excellent,Strategis,Kamar ok,"January 11, 2023"
115,1146,Inne,Indonesia,Family with teens,Superior Twin,Stayed 1 night in January 2025,9.6,Exceptional,Nyamannya menginap di Santika Hotel Cirebon,"Lokasi hotel ditengah kota sangat strategis, dekat dengan pusat perbelanjaan, rumah sakit, transportasi umum, perkantoran. Kebersihannya terjaga dengan baik. Fasilitas kamar cukup lengkap : shower air panas & dingin, toiletries, mini bar, notes & pinsil. Fasilitas hotel cukup lengkap : gym, kolam renang, resto, wifi, tempat parkir luas. Keistimewaan yg berbeda dgn hotel lain, setiap pagi mobil kami sudah kinclong dibersihkan oleh staf hotel 👍🏻👏🏻 Ini kali kedua kami menginap di Santika Hotel Cirebon. Saran : varian menu makanan sarapan pagi tolong ditambah 😊 Terimakasih","January 24, 2025"
115,1147,achyar,Indonesia,Family with young children,Superior Twin,Stayed 1 night in September 2025,8.8,Excellent,Excellent,"Lokasi berdekatan lokasi perkantoran kota cirebon, kamar luas dengan cukup bersih. Kolam renang bersih dengan disediakan handuk. Staf sangat ramah dan menunjukkan inisiatif untuk membantu terutama yg bertugas di kolam renang dan kebun/ taman sekitar kolam. Untuk makanan biasa saja.","September 15, 2025"
115,1148,Inne,Indonesia,Business traveler,Superior Twin,Stayed 1 night in January 2025,8.8,Excellent,"Hotel dgn lokasi, fasilitas dan pelayanan memuaskan","Hotel dengan lokasi ditengah kota Cirebon dengan fasilitas lengkap dan pelayanan yg baik, staff yg ramah dan helpfull, membuat perjalanan bisnis menjadi menyenangkan. Kamarnya nyaman, toiletries cukup lengkap, menu breakfast beragam dan rasanya lezat. Terimakasih Hotel Santika Cirebon 🙏🏻","January 14, 2025"
115,1149,Sahid,Indonesia,Group,Superior Twin,Stayed 1 night in October 2025,10.0,Exceptional,Exceptional,Tempat yg nyaman buat istirahat saya dn keluarga ketika ke kota Cirebon apalagi kolam renangnya luas dn bersih,"October 14, 2025"
115,1150,Maemunah,Indonesia,Family with young children,Superior Twin,Stayed 2 nights in June 2025,9.6,Exceptional,Liburan Mengesankan,"Disambut dengan staf yg ramah dan pelayanan yg baik, kamarnya bersih, fasilitas lainnya lengkap (resto, kolam renang anak dan dewasa, tempat fitness)… next time bisa nginep lagi…","June 15, 2025"
116,1151,antonius,Indonesia,Family with young children,Superior Room,Stayed 1 night in December 2022,10.0,Exceptional,Hotel rekomendasi Cirebon,Salah satu hotel yg terbaik di cirebon sejak jaman dahulu dan tetap menjadi salah satu yg terbaik,"January 02, 2023"
116,1152,Erick,Indonesia,Couple,Deluxe King,Stayed 1 night in March 2022,8.0,Excellent,Bagus,Kamar luas.. lokasi di pusat kota,"November 12, 2022"
116,1153,Franz,Indonesia,Family with young children,Superior Twin,Stayed 1 night in August 2022,7.6,Very good,Hotel di Cirebon yang nyaman untuk Family,"Secara keseluruhan ketika menginap di Hotel Santika Cirebon sangat menyenangkan terutama untuk anak saya, dia sangat menikmati sekali hotelnya. Mulai dari pertama kali datang (padahal posisi sudah malam sekitar jam 21.30 WIB) saya dibantu sekali bawaan barang oleh security didepan dan diarahkan untuk parkir mobil saya yang tidak begitu jauh dari lobby. Kemudian proses check in yang ramah dari staff Front Desk tetapi hanya saja untuk area lobby anak dan istri saya mendapati di gigit nyamuk ya mungkin karena area lobby nya termasuk semi outdoor, dan kemudian dibantu diarahkan ke kamar dan dibawakan barang oleh security tadi sampai kekamar (meskipun harus dibantu security tadi untuk buka access pintu kamar karena modelnya agak old style). Ketika masuk kekamar kondisi kamar untuk hotel lama termasuk masih terawat dengan baik terutama dari aroma kamar yang tidak sumpek atau apek, ya meskipun beberapa spot memang harus ada treatment, untuk view kebetulan saya mendapatkan pool view (NICE anak saya suka). Kemudian saya memesan room service, ya meskipun alternatif menu yang tersedia terbatas tetapi untuk kecepatan dan ketepatan menu yang dipesan baik dan untuk rasa masih acceptable dan lagi lagi anak saya suka. Dan ketika masuk ke area kamar mandi dan saya membuka pintu lemari saya mendapati ada 2 nyamuk yang terbang yang untungnya 2 nyamuk itu tidak sampai mengganggu kenyamanan. Untuk area kamar mandi cukup baik kondisinya, kondisi air panas tersedia dengan baik area mandi maupun wastafel, meskipun rain showernya tidak berfungsi hanya mengandalkan hand shower. Untuk kenyamanan tidur dan beristirahat cukup baik dan nyaman, entah karena kamar yang kedap atau memang kamar kamar lain tidak terisi tamu lain. Untuk keesokan harinya cukup menyenangkan juga tidak ada sesuatu hal yang mengganggu. Mulai dari sarapan yang enak meskipun varian tidak terlalu banyak dan lagi lagi anak saya sarapan cukup banyak. Kondisi kolam renang yang bersih rapi disertai dengan fasilitas ayun","September 01, 2022"
116,1154,MUHAMMAD,Indonesia,Business traveler,Superior Twin,Stayed 1 night in August 2022,9.6,Exceptional,Happy,Hotel nua bagus. Tempat kebugarannya juga bagus,"August 27, 2022"
116,1155,Jefferly,Indonesia,Couple,Superior Twin,Stayed 2 nights in August 2022,9.2,Exceptional,Senang trus,Kelebihan hotel ini.. Setiap hari..mobil kita bersih.. Hahaha.. Blom ketemu hotel lain yg kasih service seperti ini,"August 17, 2022"
116,1156,Inne,Indonesia,Family with teens,Superior Twin,Stayed 1 night in January 2025,9.6,Exceptional,Nyamannya menginap di Santika Hotel Cirebon,"Lokasi hotel ditengah kota sangat strategis, dekat dengan pusat perbelanjaan, rumah sakit, transportasi umum, perkantoran. Kebersihannya terjaga dengan baik. Fasilitas kamar cukup lengkap : shower air panas & dingin, toiletries, mini bar, notes & pinsil. Fasilitas hotel cukup lengkap : gym, kolam renang, resto, wifi, tempat parkir luas. Keistimewaan yg berbeda dgn hotel lain, setiap pagi mobil kami sudah kinclong dibersihkan oleh staf hotel 👍🏻👏🏻 Ini kali kedua kami menginap di Santika Hotel Cirebon. Saran : varian menu makanan sarapan pagi tolong ditambah 😊 Terimakasih","January 24, 2025"
116,1157,achyar,Indonesia,Family with young children,Superior Twin,Stayed 1 night in September 2025,8.8,Excellent,Excellent,"Lokasi berdekatan lokasi perkantoran kota cirebon, kamar luas dengan cukup bersih. Kolam renang bersih dengan disediakan handuk. Staf sangat ramah dan menunjukkan inisiatif untuk membantu terutama yg bertugas di kolam renang dan kebun/ taman sekitar kolam. Untuk makanan biasa saja.","September 15, 2025"
116,1158,Inne,Indonesia,Business traveler,Superior Twin,Stayed 1 night in January 2025,8.8,Excellent,"Hotel dgn lokasi, fasilitas dan pelayanan memuaskan","Hotel dengan lokasi ditengah kota Cirebon dengan fasilitas lengkap dan pelayanan yg baik, staff yg ramah dan helpfull, membuat perjalanan bisnis menjadi menyenangkan. Kamarnya nyaman, toiletries cukup lengkap, menu breakfast beragam dan rasanya lezat. Terimakasih Hotel Santika Cirebon 🙏🏻","January 14, 2025"
116,1159,Sahid,Indonesia,Group,Superior Twin,Stayed 1 night in October 2025,10.0,Exceptional,Exceptional,Tempat yg nyaman buat istirahat saya dn keluarga ketika ke kota Cirebon apalagi kolam renangnya luas dn bersih,"October 14, 2025"
116,1160,Maemunah,Indonesia,Family with young children,Superior Twin,Stayed 2 nights in June 2025,9.6,Exceptional,Liburan Mengesankan,"Disambut dengan staf yg ramah dan pelayanan yg baik, kamarnya bersih, fasilitas lainnya lengkap (resto, kolam renang anak dan dewasa, tempat fitness)… next time bisa nginep lagi…","June 15, 2025"
117,1161,Jefferly,Indonesia,Family with teens,Deluxe King,Stayed 2 nights in June 2022,9.6,Exceptional,Very happy,Dicuciin mobil nya tiap hari.. Jd senang setiap hari kinclong.. Wkwkwk,"August 17, 2022"
117,1162,Elfie,Indonesia,Family with teens,Superior Twin,Stayed 1 night in July 2022,10.0,Exceptional,Sangat.,"Semua sangat ok. Dan yg hampir tdk dilakukan service hotel mnpun, mobil di Parkir dicuci bersih. Luar biasa servicenya. Next ke cirebon will be to stay Santika hotel again.","July 24, 2022"
117,1163,Hartono,Indonesia,Business traveler,Superior Twin,Stayed 4 nights in July 2022,8.4,Excellent,Good hotel,Kolam renang luas dan bersih menjadi prioritas pilihan hotel di cirebon.,"July 22, 2022"
117,1164,Raninto,Indonesia,Family with young children,Superior Twin,Stayed 1 night in July 2022,9.2,Exceptional,Bagus,"Secara umum hotel ini bagus meskipun memang beberapa aspek butuh perbaikan. Pelayanan pada saat checkin mohon ditingkatkan, lumayan menunggu lama karena kamar belum siap","July 21, 2022"
117,1165,yustiana,Indonesia,Family with teens,Superior Twin,Stayed 1 night in July 2022,8.4,Excellent,Santika Cirebon menurut saya,"Lokasi ok dekat dengan byk resto, rs , toko buku Dan stasiun kereta api. Staff ramah Dan membantu kebersihan kamar ok. Makanan ok bagus ada corner jamu nya yang enak rasanya. Hanya toilet room di area dekat lift aja dimana setiap kamar kecil ada undakan bikin kesandung.","July 18, 2022"
117,1166,Inne,Indonesia,Family with teens,Superior Twin,Stayed 1 night in January 2025,9.6,Exceptional,Nyamannya menginap di Santika Hotel Cirebon,"Lokasi hotel ditengah kota sangat strategis, dekat dengan pusat perbelanjaan, rumah sakit, transportasi umum, perkantoran. Kebersihannya terjaga dengan baik. Fasilitas kamar cukup lengkap : shower air panas & dingin, toiletries, mini bar, notes & pinsil. Fasilitas hotel cukup lengkap : gym, kolam renang, resto, wifi, tempat parkir luas. Keistimewaan yg berbeda dgn hotel lain, setiap pagi mobil kami sudah kinclong dibersihkan oleh staf hotel 👍🏻👏🏻 Ini kali kedua kami menginap di Santika Hotel Cirebon. Saran : varian menu makanan sarapan pagi tolong ditambah 😊 Terimakasih","January 24, 2025"
117,1167,achyar,Indonesia,Family with young children,Superior Twin,Stayed 1 night in September 2025,8.8,Excellent,Excellent,"Lokasi berdekatan lokasi perkantoran kota cirebon, kamar luas dengan cukup bersih. Kolam renang bersih dengan disediakan handuk. Staf sangat ramah dan menunjukkan inisiatif untuk membantu terutama yg bertugas di kolam renang dan kebun/ taman sekitar kolam. Untuk makanan biasa saja.","September 15, 2025"
117,1168,Inne,Indonesia,Business traveler,Superior Twin,Stayed 1 night in January 2025,8.8,Excellent,"Hotel dgn lokasi, fasilitas dan pelayanan memuaskan","Hotel dengan lokasi ditengah kota Cirebon dengan fasilitas lengkap dan pelayanan yg baik, staff yg ramah dan helpfull, membuat perjalanan bisnis menjadi menyenangkan. Kamarnya nyaman, toiletries cukup lengkap, menu breakfast beragam dan rasanya lezat. Terimakasih Hotel Santika Cirebon 🙏🏻","January 14, 2025"
117,1169,Sahid,Indonesia,Group,Superior Twin,Stayed 1 night in October 2025,10.0,Exceptional,Exceptional,Tempat yg nyaman buat istirahat saya dn keluarga ketika ke kota Cirebon apalagi kolam renangnya luas dn bersih,"October 14, 2025"
117,1170,Maemunah,Indonesia,Family with young children,Superior Twin,Stayed 2 nights in June 2025,9.6,Exceptional,Liburan Mengesankan,"Disambut dengan staf yg ramah dan pelayanan yg baik, kamarnya bersih, fasilitas lainnya lengkap (resto, kolam renang anak dan dewasa, tempat fitness)… next time bisa nginep lagi…","June 15, 2025"
118,1171,mahmud,Indonesia,Family with young children,Superior Twin,Stayed 2 nights in June 2022,10.0,Exceptional,Exceptional,Di kamar yang lorongnya sisi gerbang masuk di lantai atas bisa lihat sunset dan sunrise.,"July 03, 2022"
118,1172,Meinarto,Indonesia,Family with teens,Superior Twin,Stayed 2 nights in June 2022,10.0,Exceptional,Good service and great hospitality,"Pelayanannya ramah dan hangat, responnya sangat cepat dan profesional. Bahkan mobil pun dicuci tiap pagi, luar biasa! Bravo Santika. Jika ada kemungkinan untuk renew building pasti akan lebih keren lagi","June 22, 2022"
118,1173,Sidik,Indonesia,Family with young children,Deluxe King,Stayed 1 night in May 2022,10.0,Exceptional,Exceptional,"+ Berada di lokasi yg cukup strategis + Menyediakan menu lokal daerah setempat dalam sajian breakfast + Mobil dicuci pada pagi hari - Menu breakfast sepertinya terbatas dibandingkan dengan saat sebelum pandemi Covid19 - air panas di kamar mandi sedikit tidak stabil, beberapa kali menjadi terlalu panas lalu kembali ke suhu normal tanpa merubah posisi kran","May 16, 2022"
118,1174,Gin,Indonesia,Family with young children,Superior Twin,Stayed 1 night in April 2022,7.6,Very good,Sahurnya ga bisa ngambil sendiri,"Jadi kudu ngantri. Makanan sahurnya biasa aja. Kolam renangnya bersih banget. Bangunan bagus. Hall nya setengah indoor, jadi bisa ngerokok di hall. Bisa masak-masak juga di hall. Haha.","April 29, 2022"
118,1175,Jati,Indonesia,Family with young children,Superior Twin,Stayed 1 night in February 2022,9.2,Exceptional,Exceptional,Hanya kamar mandi kolam renamg kuranh trawat,"February 28, 2022"
118,1176,Inne,Indonesia,Family with teens,Superior Twin,Stayed 1 night in January 2025,9.6,Exceptional,Nyamannya menginap di Santika Hotel Cirebon,"Lokasi hotel ditengah kota sangat strategis, dekat dengan pusat perbelanjaan, rumah sakit, transportasi umum, perkantoran. Kebersihannya terjaga dengan baik. Fasilitas kamar cukup lengkap : shower air panas & dingin, toiletries, mini bar, notes & pinsil. Fasilitas hotel cukup lengkap : gym, kolam renang, resto, wifi, tempat parkir luas. Keistimewaan yg berbeda dgn hotel lain, setiap pagi mobil kami sudah kinclong dibersihkan oleh staf hotel 👍🏻👏🏻 Ini kali kedua kami menginap di Santika Hotel Cirebon. Saran : varian menu makanan sarapan pagi tolong ditambah 😊 Terimakasih","January 24, 2025"
118,1177,achyar,Indonesia,Family with young children,Superior Twin,Stayed 1 night in September 2025,8.8,Excellent,Excellent,"Lokasi berdekatan lokasi perkantoran kota cirebon, kamar luas dengan cukup bersih. Kolam renang bersih dengan disediakan handuk. Staf sangat ramah dan menunjukkan inisiatif untuk membantu terutama yg bertugas di kolam renang dan kebun/ taman sekitar kolam. Untuk makanan biasa saja.","September 15, 2025"
118,1178,Inne,Indonesia,Business traveler,Superior Twin,Stayed 1 night in January 2025,8.8,Excellent,"Hotel dgn lokasi, fasilitas dan pelayanan memuaskan","Hotel dengan lokasi ditengah kota Cirebon dengan fasilitas lengkap dan pelayanan yg baik, staff yg ramah dan helpfull, membuat perjalanan bisnis menjadi menyenangkan. Kamarnya nyaman, toiletries cukup lengkap, menu breakfast beragam dan rasanya lezat. Terimakasih Hotel Santika Cirebon 🙏🏻","January 14, 2025"
118,1179,Sahid,Indonesia,Group,Superior Twin,Stayed 1 night in October 2025,10.0,Exceptional,Exceptional,Tempat yg nyaman buat istirahat saya dn keluarga ketika ke kota Cirebon apalagi kolam renangnya luas dn bersih,"October 14, 2025"
118,1180,Maemunah,Indonesia,Family with young children,Superior Twin,Stayed 2 nights in June 2025,9.6,Exceptional,Liburan Mengesankan,"Disambut dengan staf yg ramah dan pelayanan yg baik, kamarnya bersih, fasilitas lainnya lengkap (resto, kolam renang anak dan dewasa, tempat fitness)… next time bisa nginep lagi…","June 15, 2025"
119,1181,Ismail,Indonesia,Solo traveler,Superior Twin,Stayed 1 night in January 2022,9.2,Exceptional,Secara umum ok,Karena cuma nginap semalam jadi mohon maaf kalau penilaian saya kurang pas,"January 30, 2022"
119,1182,monique,Indonesia,Family with teens,Superior Twin,Stayed 1 night in December 2021,6.4,Good,menginap semalam dicirebon,"hotel tengah kota, pelayanan ramah, hanya kamar sedikit kotor, saat makan malam kami pesan di resto empal gentong..tetapi asin sekali rasanya","January 06, 2022"
119,1183,Ragil,Indonesia,Couple,Superior Twin,Stayed 1 night in May 2021,10.0,Exceptional,Exceptional,Hotel terbaik,"December 30, 2021"
119,1184,SHIERLY,Indonesia,Family with young children,Superior Twin,Stayed 1 night in December 2021,4.4,,unfortunately far from clean and well-maintained,jauh banget dari standar Santika pada umumnya... koto dan tidak terawat. sangat disayangkan,"December 27, 2021"
119,1185,Putu,Indonesia,Couple,Superior Twin,Stayed 1 night in December 2021,5.6,,Cukup,"Kebersihan , sela2 masih banyak debu , area tempat sampah sangat kotor, lantai masih terasa berpasor","December 26, 2021"
119,1186,Inne,Indonesia,Family with teens,Superior Twin,Stayed 1 night in January 2025,9.6,Exceptional,Nyamannya menginap di Santika Hotel Cirebon,"Lokasi hotel ditengah kota sangat strategis, dekat dengan pusat perbelanjaan, rumah sakit, transportasi umum, perkantoran. Kebersihannya terjaga dengan baik. Fasilitas kamar cukup lengkap : shower air panas & dingin, toiletries, mini bar, notes & pinsil. Fasilitas hotel cukup lengkap : gym, kolam renang, resto, wifi, tempat parkir luas. Keistimewaan yg berbeda dgn hotel lain, setiap pagi mobil kami sudah kinclong dibersihkan oleh staf hotel 👍🏻👏🏻 Ini kali kedua kami menginap di Santika Hotel Cirebon. Saran : varian menu makanan sarapan pagi tolong ditambah 😊 Terimakasih","January 24, 2025"
119,1187,achyar,Indonesia,Family with young children,Superior Twin,Stayed 1 night in September 2025,8.8,Excellent,Excellent,"Lokasi berdekatan lokasi perkantoran kota cirebon, kamar luas dengan cukup bersih. Kolam renang bersih dengan disediakan handuk. Staf sangat ramah dan menunjukkan inisiatif untuk membantu terutama yg bertugas di kolam renang dan kebun/ taman sekitar kolam. Untuk makanan biasa saja.","September 15, 2025"
119,1188,Inne,Indonesia,Business traveler,Superior Twin,Stayed 1 night in January 2025,8.8,Excellent,"Hotel dgn lokasi, fasilitas dan pelayanan memuaskan","Hotel dengan lokasi ditengah kota Cirebon dengan fasilitas lengkap dan pelayanan yg baik, staff yg ramah dan helpfull, membuat perjalanan bisnis menjadi menyenangkan. Kamarnya nyaman, toiletries cukup lengkap, menu breakfast beragam dan rasanya lezat. Terimakasih Hotel Santika Cirebon 🙏🏻","January 14, 2025"
119,1189,Sahid,Indonesia,Group,Superior Twin,Stayed 1 night in October 2025,10.0,Exceptional,Exceptional,Tempat yg nyaman buat istirahat saya dn keluarga ketika ke kota Cirebon apalagi kolam renangnya luas dn bersih,"October 14, 2025"
119,1190,Maemunah,Indonesia,Family with young children,Superior Twin,Stayed 2 nights in June 2025,9.6,Exceptional,Liburan Mengesankan,"Disambut dengan staf yg ramah dan pelayanan yg baik, kamarnya bersih, fasilitas lainnya lengkap (resto, kolam renang anak dan dewasa, tempat fitness)… next time bisa nginep lagi…","June 15, 2025"
120,1191,rakhmi,Indonesia,Family with teens,Superior Twin,Stayed 1 night in October 2021,8.8,Excellent,"Hotel lama, kamar besar, sepi","Hotelnya cukup besar, sepi, kolam renang besar, kamar Luas, tempat tidur nyaman tapi sayang toilet publik kotor, area gym & taman kurang terawat, sarapan sangat sederhana. Mobil di cuci gratis","November 10, 2021"
120,1192,karisma,Indonesia,Family with young children,Superior Twin,Stayed 2 nights in October 2021,9.2,Exceptional,Exceptional,"Staffnya ramah dan helpful. Untuk menu breakfast kurang variatif, tapi untuk rasa ok. Kamar cukup luas dan bersih. Overall kami cukup puas","October 10, 2021"
120,1193,Wina,Indonesia,Family with teens,Superior Twin,Stayed 1 night in September 2021,7.6,Very good,Hotel yang cukup nyaman,"Sejauh ini saya blm pernah kecewa di santika kota mana pun. Walau hotel cukup tua tp terjaga dengan baik. Sepertinya sedang kekurangan staff saat pandemi, karena toilet lobi kotor, toilet kolam renang cukup kotor dan agak gelap sehingga horror. Saat sarapan krn disajikan, antrian cukup lama. Tp masih dimaklumi. Makanan enak.","September 27, 2021"
120,1194,Dina,Indonesia,Family with young children,Superior Twin,Stayed 1 night in September 2021,10.0,Exceptional,HS cirebon,Mantab...smoga bisa ksana lg,"September 19, 2021"
120,1195,Wahyu,Indonesia,Business traveler,Superior Room Twin Staycation Offer,Stayed 2 nights in March 2021,9.6,Exceptional,nice,"bersih, layanan ramah","June 15, 2021"
120,1196,Inne,Indonesia,Family with teens,Superior Twin,Stayed 1 night in January 2025,9.6,Exceptional,Nyamannya menginap di Santika Hotel Cirebon,"Lokasi hotel ditengah kota sangat strategis, dekat dengan pusat perbelanjaan, rumah sakit, transportasi umum, perkantoran. Kebersihannya terjaga dengan baik. Fasilitas kamar cukup lengkap : shower air panas & dingin, toiletries, mini bar, notes & pinsil. Fasilitas hotel cukup lengkap : gym, kolam renang, resto, wifi, tempat parkir luas. Keistimewaan yg berbeda dgn hotel lain, setiap pagi mobil kami sudah kinclong dibersihkan oleh staf hotel 👍🏻👏🏻 Ini kali kedua kami menginap di Santika Hotel Cirebon. Saran : varian menu makanan sarapan pagi tolong ditambah 😊 Terimakasih","January 24, 2025"
120,1197,achyar,Indonesia,Family with young children,Superior Twin,Stayed 1 night in September 2025,8.8,Excellent,Excellent,"Lokasi berdekatan lokasi perkantoran kota cirebon, kamar luas dengan cukup bersih. Kolam renang bersih dengan disediakan handuk. Staf sangat ramah dan menunjukkan inisiatif untuk membantu terutama yg bertugas di kolam renang dan kebun/ taman sekitar kolam. Untuk makanan biasa saja.","September 15, 2025"
120,1198,Inne,Indonesia,Business traveler,Superior Twin,Stayed 1 night in January 2025,8.8,Excellent,"Hotel dgn lokasi, fasilitas dan pelayanan memuaskan","Hotel dengan lokasi ditengah kota Cirebon dengan fasilitas lengkap dan pelayanan yg baik, staff yg ramah dan helpfull, membuat perjalanan bisnis menjadi menyenangkan. Kamarnya nyaman, toiletries cukup lengkap, menu breakfast beragam dan rasanya lezat. Terimakasih Hotel Santika Cirebon 🙏🏻","January 14, 2025"
120,1199,Sahid,Indonesia,Group,Superior Twin,Stayed 1 night in October 2025,10.0,Exceptional,Exceptional,Tempat yg nyaman buat istirahat saya dn keluarga ketika ke kota Cirebon apalagi kolam renangnya luas dn bersih,"October 14, 2025"
120,1200,Maemunah,Indonesia,Family with young children,Superior Twin,Stayed 2 nights in June 2025,9.6,Exceptional,Liburan Mengesankan,"Disambut dengan staf yg ramah dan pelayanan yg baik, kamarnya bersih, fasilitas lainnya lengkap (resto, kolam renang anak dan dewasa, tempat fitness)… next time bisa nginep lagi…","June 15, 2025"
121,1201,laila,Indonesia,Family with young children,,Stayed 1 night in May 2021,10.0,Exceptional,Tenang dan nyaman,Suasananya tenang bangett..cocok klo yg mau hibernasi ditengah kota. - internetnya sangattt lambat,"June 15, 2021"
121,1202,lany,Indonesia,Family with young children,,Stayed 1 night in June 2021,10.0,Exceptional,hotel yg nyaman,Hotel bersih ...cuman untuk breakfastnya kurang variasi...,"June 04, 2021"
121,1203,wawan,Indonesia,Family with young children,Superior Twin,Stayed 1 night in March 2021,10.0,Exceptional,Hotel yang bagus di tengah kota,Gak nyangka ada hotel bagus di tengah kota. Staff nya ramah. Kamarnya bersih. Sarapan komplit dan rasanya enak. Dekat ke tempat keramaian di Cirebon. Well I will be back when visit cirebon.,"April 01, 2021"
121,1204,Encik,Indonesia,Business traveler,Superior Twin,Stayed 3 nights in October 2020,10.0,Exceptional,Baguuuusss banget,Hayuk ke sini lagi,"March 10, 2021"
121,1205,ance,Indonesia,Group,Superior Twin,Stayed 1 night in March 2021,9.6,Exceptional,Lumayan,Makanannya lumayan enak..hanya kurang komplit.,"March 08, 2021"
121,1206,Inne,Indonesia,Family with teens,Superior Twin,Stayed 1 night in January 2025,9.6,Exceptional,Nyamannya menginap di Santika Hotel Cirebon,"Lokasi hotel ditengah kota sangat strategis, dekat dengan pusat perbelanjaan, rumah sakit, transportasi umum, perkantoran. Kebersihannya terjaga dengan baik. Fasilitas kamar cukup lengkap : shower air panas & dingin, toiletries, mini bar, notes & pinsil. Fasilitas hotel cukup lengkap : gym, kolam renang, resto, wifi, tempat parkir luas. Keistimewaan yg berbeda dgn hotel lain, setiap pagi mobil kami sudah kinclong dibersihkan oleh staf hotel 👍🏻👏🏻 Ini kali kedua kami menginap di Santika Hotel Cirebon. Saran : varian menu makanan sarapan pagi tolong ditambah 😊 Terimakasih","January 24, 2025"
121,1207,achyar,Indonesia,Family with young children,Superior Twin,Stayed 1 night in September 2025,8.8,Excellent,Excellent,"Lokasi berdekatan lokasi perkantoran kota cirebon, kamar luas dengan cukup bersih. Kolam renang bersih dengan disediakan handuk. Staf sangat ramah dan menunjukkan inisiatif untuk membantu terutama yg bertugas di kolam renang dan kebun/ taman sekitar kolam. Untuk makanan biasa saja.","September 15, 2025"
121,1208,Inne,Indonesia,Business traveler,Superior Twin,Stayed 1 night in January 2025,8.8,Excellent,"Hotel dgn lokasi, fasilitas dan pelayanan memuaskan","Hotel dengan lokasi ditengah kota Cirebon dengan fasilitas lengkap dan pelayanan yg baik, staff yg ramah dan helpfull, membuat perjalanan bisnis menjadi menyenangkan. Kamarnya nyaman, toiletries cukup lengkap, menu breakfast beragam dan rasanya lezat. Terimakasih Hotel Santika Cirebon 🙏🏻","January 14, 2025"
121,1209,Sahid,Indonesia,Group,Superior Twin,Stayed 1 night in October 2025,10.0,Exceptional,Exceptional,Tempat yg nyaman buat istirahat saya dn keluarga ketika ke kota Cirebon apalagi kolam renangnya luas dn bersih,"October 14, 2025"
121,1210,Maemunah,Indonesia,Family with young children,Superior Twin,Stayed 2 nights in June 2025,9.6,Exceptional,Liburan Mengesankan,"Disambut dengan staf yg ramah dan pelayanan yg baik, kamarnya bersih, fasilitas lainnya lengkap (resto, kolam renang anak dan dewasa, tempat fitness)… next time bisa nginep lagi…","June 15, 2025"
122,1211,Hendrik,Indonesia,Family with young children,Superior Twin,Stayed 1 night in December 2020,8.0,Excellent,Hotel yg terjaga perawatannya,"Sudah 2x menginap di Santika Cirebon, hotel yg terawat, kebersihan bagus, kamar cukup luas, AC dingin, sarapan cukup, kolam renang dewasa & anak bersih, parkir luas, mobil tamu hotel dicuci bersih","December 14, 2020"
122,1212,Herry,Indonesia,Family with teens,,Stayed 2 nights in December 2020,8.4,Excellent,Mantabhlah...,Santika sejauh ini blom pernah ngecewain,"December 08, 2020"
122,1213,Ully,Indonesia,Family with young children,Deluxe King,Stayed 1 night in November 2020,8.4,Excellent,Bteakfast,Sayang breakfast ya sangat sangat biasa sekali dan kurang persiapan,"November 30, 2020"
122,1214,Indra,Indonesia,Family with young children,,Stayed 1 night in October 2020,8.8,Excellent,Staycation di cirebon,"Hotel santika merupakan salah satu pilihan terbaik untuk yang ingin staycation di cirebon. Fasilitas lengkap dan staf nya ramah. Untuk peningkatan mutu ada 2 hal yang mungkin masih bisa di perbaiki. Pertama, check in. Sebaiknya pihak manajemen hotel memperbanyak staf di masa liburan, sehingga kamar benar2 siap di gunakan pukul 2 siang untuk tamu selanjutnya. FYI kami menunggu 1,5 jam utk check in. Kami memesan 5 kamar, dan baru 3 kamar yg siap setelah menunggu 30 menit. Sisanya kami menunggu hampir 1,5 jam. Yang kedua pilihan makanan agar lebih banyak lagi. Untuk rasa makanan kemarin nasi lengkohnya enakkk.","November 02, 2020"
122,1215,drs,Indonesia,Family with young children,Deluxe King,Stayed 3 nights in October 2020,10.0,Exceptional,Breakfast,Breakfast perlu ditingkatkan variasi (sangat sedikit pilihannya) dan rasanya kurang dan makanan tradisional tidak ada,"October 23, 2020"
122,1216,Inne,Indonesia,Family with teens,Superior Twin,Stayed 1 night in January 2025,9.6,Exceptional,Nyamannya menginap di Santika Hotel Cirebon,"Lokasi hotel ditengah kota sangat strategis, dekat dengan pusat perbelanjaan, rumah sakit, transportasi umum, perkantoran. Kebersihannya terjaga dengan baik. Fasilitas kamar cukup lengkap : shower air panas & dingin, toiletries, mini bar, notes & pinsil. Fasilitas hotel cukup lengkap : gym, kolam renang, resto, wifi, tempat parkir luas. Keistimewaan yg berbeda dgn hotel lain, setiap pagi mobil kami sudah kinclong dibersihkan oleh staf hotel 👍🏻👏🏻 Ini kali kedua kami menginap di Santika Hotel Cirebon. Saran : varian menu makanan sarapan pagi tolong ditambah 😊 Terimakasih","January 24, 2025"
122,1217,achyar,Indonesia,Family with young children,Superior Twin,Stayed 1 night in September 2025,8.8,Excellent,Excellent,"Lokasi berdekatan lokasi perkantoran kota cirebon, kamar luas dengan cukup bersih. Kolam renang bersih dengan disediakan handuk. Staf sangat ramah dan menunjukkan inisiatif untuk membantu terutama yg bertugas di kolam renang dan kebun/ taman sekitar kolam. Untuk makanan biasa saja.","September 15, 2025"
122,1218,Inne,Indonesia,Business traveler,Superior Twin,Stayed 1 night in January 2025,8.8,Excellent,"Hotel dgn lokasi, fasilitas dan pelayanan memuaskan","Hotel dengan lokasi ditengah kota Cirebon dengan fasilitas lengkap dan pelayanan yg baik, staff yg ramah dan helpfull, membuat perjalanan bisnis menjadi menyenangkan. Kamarnya nyaman, toiletries cukup lengkap, menu breakfast beragam dan rasanya lezat. Terimakasih Hotel Santika Cirebon 🙏🏻","January 14, 2025"
122,1219,Sahid,Indonesia,Group,Superior Twin,Stayed 1 night in October 2025,10.0,Exceptional,Exceptional,Tempat yg nyaman buat istirahat saya dn keluarga ketika ke kota Cirebon apalagi kolam renangnya luas dn bersih,"October 14, 2025"
122,1220,Maemunah,Indonesia,Family with young children,Superior Twin,Stayed 2 nights in June 2025,9.6,Exceptional,Liburan Mengesankan,"Disambut dengan staf yg ramah dan pelayanan yg baik, kamarnya bersih, fasilitas lainnya lengkap (resto, kolam renang anak dan dewasa, tempat fitness)… next time bisa nginep lagi…","June 15, 2025"
123,1221,jaja,Indonesia,Couple,,Stayed 1 night in July 2020,9.2,Exceptional,Hotel terbaik dimasanya,"Hotel terbaik di Cirebon , sayang waktu kedatangan saat masih pandemi covid jadi tidak semua fasilitas di fungsikan","August 12, 2020"
123,1222,Herdiman,Indonesia,Family with young children,Superior Twin,Stayed 1 night in December 2019,8.4,Excellent,Malam tahun baru,Bisa melihat pesta kembang api dari depan kamar. Sarapan enak dan banyak variasi.,"January 05, 2020"
123,1223,zefani,Indonesia,Family with young children,Executive King,Stayed 1 night in December 2019,10.0,Exceptional,"Kamar luas, breakfast harus ditambah variasi","Saya menginap 1 malam dan sewa 2 kamar pada malam tahun baru dan menariknya adalah tamu mendapat free gala dinner (include di harga hotel). Staffnya ramah. Kamarnya cukup luas. Fasilitas kamar mandi bersih. Saran saja untuk sarapan agar ditambah variasinya, misalnya adalah makanan khas cirebon seperti empal gentong.","January 02, 2020"
123,1224,SUTIKNO,Indonesia,Family with young children,Superior Twin,Stayed 1 night in December 2019,9.6,Exceptional,"Mulai dari Check in, pelayanan staf sampai out sangat memuaskan","Seandainya wifinya lbh baik, score nya pasti 10","December 24, 2019"
123,1225,nur,Indonesia,Family with young children,Superior Twin,Stayed 1 night in December 2019,8.8,Excellent,Santika Cirebon,"Untuk ukuran properti yg sdh berusia lebih dari 2 dekade, menurut kami hotel ini msh menunjukkan kelasnya demi menyandang bintang 4. Namun agak disayangkan, kamar di lantai 4 tidak kedap suara. Suara obrolan dari kamar sebelah atau dari koridor cukup terdengar. Kolam renang luas, kami suka. Sepertinya lantai kayu perlu diganti segera karena sudah banyak yang terlepas pakunya. Pilihan menu sarapan cukup, dengan rasa yg cukup pula. Halaman parkir luas dan mobil sudah dicuci oleh petugas setiap paginya. Thanks Agoda & Santika","December 10, 2019"
123,1226,Inne,Indonesia,Family with teens,Superior Twin,Stayed 1 night in January 2025,9.6,Exceptional,Nyamannya menginap di Santika Hotel Cirebon,"Lokasi hotel ditengah kota sangat strategis, dekat dengan pusat perbelanjaan, rumah sakit, transportasi umum, perkantoran. Kebersihannya terjaga dengan baik. Fasilitas kamar cukup lengkap : shower air panas & dingin, toiletries, mini bar, notes & pinsil. Fasilitas hotel cukup lengkap : gym, kolam renang, resto, wifi, tempat parkir luas. Keistimewaan yg berbeda dgn hotel lain, setiap pagi mobil kami sudah kinclong dibersihkan oleh staf hotel 👍🏻👏🏻 Ini kali kedua kami menginap di Santika Hotel Cirebon. Saran : varian menu makanan sarapan pagi tolong ditambah 😊 Terimakasih","January 24, 2025"
123,1227,achyar,Indonesia,Family with young children,Superior Twin,Stayed 1 night in September 2025,8.8,Excellent,Excellent,"Lokasi berdekatan lokasi perkantoran kota cirebon, kamar luas dengan cukup bersih. Kolam renang bersih dengan disediakan handuk. Staf sangat ramah dan menunjukkan inisiatif untuk membantu terutama yg bertugas di kolam renang dan kebun/ taman sekitar kolam. Untuk makanan biasa saja.","September 15, 2025"
123,1228,Inne,Indonesia,Business traveler,Superior Twin,Stayed 1 night in January 2025,8.8,Excellent,"Hotel dgn lokasi, fasilitas dan pelayanan memuaskan","Hotel dengan lokasi ditengah kota Cirebon dengan fasilitas lengkap dan pelayanan yg baik, staff yg ramah dan helpfull, membuat perjalanan bisnis menjadi menyenangkan. Kamarnya nyaman, toiletries cukup lengkap, menu breakfast beragam dan rasanya lezat. Terimakasih Hotel Santika Cirebon 🙏🏻","January 14, 2025"
123,1229,Sahid,Indonesia,Group,Superior Twin,Stayed 1 night in October 2025,10.0,Exceptional,Exceptional,Tempat yg nyaman buat istirahat saya dn keluarga ketika ke kota Cirebon apalagi kolam renangnya luas dn bersih,"October 14, 2025"
123,1230,Maemunah,Indonesia,Family with young children,Superior Twin,Stayed 2 nights in June 2025,9.6,Exceptional,Liburan Mengesankan,"Disambut dengan staf yg ramah dan pelayanan yg baik, kamarnya bersih, fasilitas lainnya lengkap (resto, kolam renang anak dan dewasa, tempat fitness)… next time bisa nginep lagi…","June 15, 2025"
124,1231,YUANITHA,Indonesia,Family with young children,Superior Twin,Stayed 1 night in November 2019,9.6,Exceptional,bagus,kamar luas sarapan enak dan banyak macam nya staff ramah ada pesta bbq tiap malam sabtu (jumat) dengan hrga terjangkau parkir luas kolam renang bersih dan nyaman buat anak,"December 02, 2019"
124,1232,irina,Indonesia,Group,Superior Twin,Stayed 1 night in November 2019,9.6,Exceptional,Exceptional,"Makanannya enak , kamar luas , kolam renang oke.","November 26, 2019"
124,1233,heniwati,Indonesia,Family with teens,Superior Twin,Stayed 1 night in October 2019,7.2,Very good,Oldies Goodies,Hotel jadul tapi terawat. Parkir luas. Staf ramah sayang kurang perhatian. Pinjam hairdryer hrs telp 2 x itupun sejam kemudian baru diantar. Menu resto enak & harga reasonable & katanya tidak pakai micin. Nilai positif utk keluargaku !,"October 18, 2019"
124,1234,Indra,Indonesia,Family with young children,Superior Twin,Stayed 1 night in July 2019,9.6,Exceptional,Lokasi di tengah kota,"Harganya relatif murah, makan pagi bervariasi","July 23, 2019"
124,1235,abas,Indonesia,Family with young children,Superior Twin,Stayed 2 nights in June 2018,8.0,Excellent,Salah satu hotel bagus di cirebon,Salah satu hotel yang biasa saya pesan apabila ke cirebon. Harga tidak terlalu mahal. Lokasi juga bagus. Pelayanan staffnya bagus. Breakfastnya banyak dan enak. Kolam renangnya oke.,"June 17, 2019"
124,1236,Inne,Indonesia,Family with teens,Superior Twin,Stayed 1 night in January 2025,9.6,Exceptional,Nyamannya menginap di Santika Hotel Cirebon,"Lokasi hotel ditengah kota sangat strategis, dekat dengan pusat perbelanjaan, rumah sakit, transportasi umum, perkantoran. Kebersihannya terjaga dengan baik. Fasilitas kamar cukup lengkap : shower air panas & dingin, toiletries, mini bar, notes & pinsil. Fasilitas hotel cukup lengkap : gym, kolam renang, resto, wifi, tempat parkir luas. Keistimewaan yg berbeda dgn hotel lain, setiap pagi mobil kami sudah kinclong dibersihkan oleh staf hotel 👍🏻👏🏻 Ini kali kedua kami menginap di Santika Hotel Cirebon. Saran : varian menu makanan sarapan pagi tolong ditambah 😊 Terimakasih","January 24, 2025"
124,1237,achyar,Indonesia,Family with young children,Superior Twin,Stayed 1 night in September 2025,8.8,Excellent,Excellent,"Lokasi berdekatan lokasi perkantoran kota cirebon, kamar luas dengan cukup bersih. Kolam renang bersih dengan disediakan handuk. Staf sangat ramah dan menunjukkan inisiatif untuk membantu terutama yg bertugas di kolam renang dan kebun/ taman sekitar kolam. Untuk makanan biasa saja.","September 15, 2025"
124,1238,Inne,Indonesia,Business traveler,Superior Twin,Stayed 1 night in January 2025,8.8,Excellent,"Hotel dgn lokasi, fasilitas dan pelayanan memuaskan","Hotel dengan lokasi ditengah kota Cirebon dengan fasilitas lengkap dan pelayanan yg baik, staff yg ramah dan helpfull, membuat perjalanan bisnis menjadi menyenangkan. Kamarnya nyaman, toiletries cukup lengkap, menu breakfast beragam dan rasanya lezat. Terimakasih Hotel Santika Cirebon 🙏🏻","January 14, 2025"
124,1239,Sahid,Indonesia,Group,Superior Twin,Stayed 1 night in October 2025,10.0,Exceptional,Exceptional,Tempat yg nyaman buat istirahat saya dn keluarga ketika ke kota Cirebon apalagi kolam renangnya luas dn bersih,"October 14, 2025"
124,1240,Maemunah,Indonesia,Family with young children,Superior Twin,Stayed 2 nights in June 2025,9.6,Exceptional,Liburan Mengesankan,"Disambut dengan staf yg ramah dan pelayanan yg baik, kamarnya bersih, fasilitas lainnya lengkap (resto, kolam renang anak dan dewasa, tempat fitness)… next time bisa nginep lagi…","June 15, 2025"
125,1241,Maria,Indonesia,Family with teens,Superior Twin,Stayed 1 night in February 2019,7.2,Very good,Good,"Sarapan pagi nya kurang oke, ga seperti review2 yg ada di web.","February 06, 2019"
125,1242,yuvi,Indonesia,Family with young children,Superior Twin,Stayed 1 night in December 2018,6.8,Good,Good,Tekanan air dikamar mandi kurang. Wash basin banyak spot dan retak. Pelayanan bagus. Hotel sudah tua dengan lokasi yang strategis.,"January 21, 2019"
125,1243,Tri,Indonesia,Family with young children,Executive King,Stayed 1 night in December 2018,6.4,Good,Hotel perlu renovasi,"Kamar besar dan cukup bersih, namun hotel terlihat sudah tua dan butuh renovasi. Breakfast lumayan rasanya, tapi tampilan kurang menarik. Mobil saya yang diparkir dicuciin oleh petugas hotel hal ini sangat menyenangkan. Secara keseluruhan hotel Santika ini lumayan namun butuh peremajaan agar kualitasnya kembali bagus seperti dulu.","December 30, 2018"
125,1244,Laura,Indonesia,Family with young children,Superior Twin,Stayed 1 night in December 2018,7.6,Very good,Not a cery pleasant stay,"Lantai kamar berembun karena AC dr kamar di lantai bawah, sehingga harus ditutup dengan kain lebar. Sarapan yg terbuat dr tepung beras (mis: nagasari, bandros/ serabi) agak berbau karena tepung beras yg sudah lama/ kualitas kurang baik. Kami pesan ranjang double bed tapi dapat kamar single bed dan ranjang single sengaja disatukan menjadi double bed .","December 24, 2018"
125,1245,dwipo,Indonesia,Family with young children,Superior Twin,Stayed 1 night in June 2018,7.6,Very good,Very good,Saluran kamar mandi sempat mampet dan langsung diperbaiki. Kalau bisa menu sarapan diperbanyak (terutama makanan tradisional/lokal),"June 25, 2018"
125,1246,Inne,Indonesia,Family with teens,Superior Twin,Stayed 1 night in January 2025,9.6,Exceptional,Nyamannya menginap di Santika Hotel Cirebon,"Lokasi hotel ditengah kota sangat strategis, dekat dengan pusat perbelanjaan, rumah sakit, transportasi umum, perkantoran. Kebersihannya terjaga dengan baik. Fasilitas kamar cukup lengkap : shower air panas & dingin, toiletries, mini bar, notes & pinsil. Fasilitas hotel cukup lengkap : gym, kolam renang, resto, wifi, tempat parkir luas. Keistimewaan yg berbeda dgn hotel lain, setiap pagi mobil kami sudah kinclong dibersihkan oleh staf hotel 👍🏻👏🏻 Ini kali kedua kami menginap di Santika Hotel Cirebon. Saran : varian menu makanan sarapan pagi tolong ditambah 😊 Terimakasih","January 24, 2025"
125,1247,achyar,Indonesia,Family with young children,Superior Twin,Stayed 1 night in September 2025,8.8,Excellent,Excellent,"Lokasi berdekatan lokasi perkantoran kota cirebon, kamar luas dengan cukup bersih. Kolam renang bersih dengan disediakan handuk. Staf sangat ramah dan menunjukkan inisiatif untuk membantu terutama yg bertugas di kolam renang dan kebun/ taman sekitar kolam. Untuk makanan biasa saja.","September 15, 2025"
125,1248,Inne,Indonesia,Business traveler,Superior Twin,Stayed 1 night in January 2025,8.8,Excellent,"Hotel dgn lokasi, fasilitas dan pelayanan memuaskan","Hotel dengan lokasi ditengah kota Cirebon dengan fasilitas lengkap dan pelayanan yg baik, staff yg ramah dan helpfull, membuat perjalanan bisnis menjadi menyenangkan. Kamarnya nyaman, toiletries cukup lengkap, menu breakfast beragam dan rasanya lezat. Terimakasih Hotel Santika Cirebon 🙏🏻","January 14, 2025"
125,1249,Sahid,Indonesia,Group,Superior Twin,Stayed 1 night in October 2025,10.0,Exceptional,Exceptional,Tempat yg nyaman buat istirahat saya dn keluarga ketika ke kota Cirebon apalagi kolam renangnya luas dn bersih,"October 14, 2025"
125,1250,Maemunah,Indonesia,Family with young children,Superior Twin,Stayed 2 nights in June 2025,9.6,Exceptional,Liburan Mengesankan,"Disambut dengan staf yg ramah dan pelayanan yg baik, kamarnya bersih, fasilitas lainnya lengkap (resto, kolam renang anak dan dewasa, tempat fitness)… next time bisa nginep lagi…","June 15, 2025"
126,1251,Jan,Indonesia,Family with young children,Superior Twin,Stayed 2 nights in June 2018,9.6,Exceptional,Fasilitas banyak,"ruangan bersih, fasilitas banyak, staff ramah","June 22, 2018"
126,1252,Hendrik,Indonesia,Family with young children,Superior Twin,Stayed 1 night in May 2018,8.0,Excellent,Hotel yg selalu terjaga kebersihannya dan staff yg ramah,Lokasi strategis di pinggir jalan besar yg tidak ramai Halaman luas parkir luas Kamar cukup senyap cocok untuk istirahat bersama keluarga,"May 14, 2018"
126,1253,VITA,Indonesia,Family with young children,Superior Twin,Stayed 1 night in July 2017,6.4,Good,"kolam renang bersih, fitness ok, breakfast lumayan","ya cukup sebanding , meski htl tampak tua krn dr jaman saya kecil sdh ada htl ini dan tdk ada renovasi lg.cm utk kebersihan lumayan.","January 13, 2018"
126,1254,Heryadi,Indonesia,Family with young children,Superior Twin,Stayed 2 nights in January 2018,8.0,Excellent,Suara dari dari kamar atas terdengar,Suara berisik seperti memindahkan tempat tidur dari lantai atas terdengar dan cukup mengganggu. Seharusnya front officernya harus melarang dan menginformasikan saat tamu check in.,"January 08, 2018"
126,1255,Handoko,Indonesia,Family with teens,Deluxe King,Stayed 2 nights in December 2017,7.6,Very good,"Kondisi hotel berisik,dilantai kamar saya ada yg merokok,aturan managemen mengenai point tdk bijak,","Makan pagi ok,sdh siap dari pagi Kamar sblm jam 12 sdh siap Mbl dicuci,good Suasana dan kebersihan secara keseluruhan ok Lingkungan sekitar hotel berisik","January 03, 2018"
126,1256,Inne,Indonesia,Family with teens,Superior Twin,Stayed 1 night in January 2025,9.6,Exceptional,Nyamannya menginap di Santika Hotel Cirebon,"Lokasi hotel ditengah kota sangat strategis, dekat dengan pusat perbelanjaan, rumah sakit, transportasi umum, perkantoran. Kebersihannya terjaga dengan baik. Fasilitas kamar cukup lengkap : shower air panas & dingin, toiletries, mini bar, notes & pinsil. Fasilitas hotel cukup lengkap : gym, kolam renang, resto, wifi, tempat parkir luas. Keistimewaan yg berbeda dgn hotel lain, setiap pagi mobil kami sudah kinclong dibersihkan oleh staf hotel 👍🏻👏🏻 Ini kali kedua kami menginap di Santika Hotel Cirebon. Saran : varian menu makanan sarapan pagi tolong ditambah 😊 Terimakasih","January 24, 2025"
126,1257,achyar,Indonesia,Family with young children,Superior Twin,Stayed 1 night in September 2025,8.8,Excellent,Excellent,"Lokasi berdekatan lokasi perkantoran kota cirebon, kamar luas dengan cukup bersih. Kolam renang bersih dengan disediakan handuk. Staf sangat ramah dan menunjukkan inisiatif untuk membantu terutama yg bertugas di kolam renang dan kebun/ taman sekitar kolam. Untuk makanan biasa saja.","September 15, 2025"
126,1258,Inne,Indonesia,Business traveler,Superior Twin,Stayed 1 night in January 2025,8.8,Excellent,"Hotel dgn lokasi, fasilitas dan pelayanan memuaskan","Hotel dengan lokasi ditengah kota Cirebon dengan fasilitas lengkap dan pelayanan yg baik, staff yg ramah dan helpfull, membuat perjalanan bisnis menjadi menyenangkan. Kamarnya nyaman, toiletries cukup lengkap, menu breakfast beragam dan rasanya lezat. Terimakasih Hotel Santika Cirebon 🙏🏻","January 14, 2025"
126,1259,Sahid,Indonesia,Group,Superior Twin,Stayed 1 night in October 2025,10.0,Exceptional,Exceptional,Tempat yg nyaman buat istirahat saya dn keluarga ketika ke kota Cirebon apalagi kolam renangnya luas dn bersih,"October 14, 2025"
126,1260,Maemunah,Indonesia,Family with young children,Superior Twin,Stayed 2 nights in June 2025,9.6,Exceptional,Liburan Mengesankan,"Disambut dengan staf yg ramah dan pelayanan yg baik, kamarnya bersih, fasilitas lainnya lengkap (resto, kolam renang anak dan dewasa, tempat fitness)… next time bisa nginep lagi…","June 15, 2025"
127,1261,Sanny,Indonesia,Family with young children,Superior Twin,Stayed 1 night in December 2017,6.8,Good,Good,"Check in dan check out lumayan cepat. Hotel sudah lumayan tua tidak sebanding dengan harga yang dibayarkan. Breakfast so so, makan pagi di bagian luar yg outdoor malah ada kucing nongkrong mengeong2 minta makan ( bagaimana bisa???). Ukuran TV agak kecil dibandingkan hotel2 lain, furniture kamar juga terkesan tua. Sabun mandi berupa batangan seperti sabun untuk cuci tangan yang di wastafel, bukan berupa shower gel. Buat saya , harga tidak cocok dengan fasilitas dan kondisi hotel.","December 29, 2017"
127,1262,arief,Indonesia,Family with young children,Superior Twin,Stayed 2 nights in October 2017,4.0,,Bad Service,"Sebelum kesini saya baca ulasan kalau sarana banyak yang rusak (kran, shower, etc), tapi saya yakin pasti ada improve.. Ternyata TIDAK ADA.. Saya sewa 2 kamar, shower rusak, air panas tidak bisa, perbaikan lama.. Saya minta pindah kamar, resepsionis tidak respond dengan baik.. Parah pokoknya !!! Sekedar masukan ke management : 1. Resepsionis di training untuk komunikasi dengan customer, saya yakin customer yang normal akan terima jika penjelasannya masuk akal 2. Routine maintenance kamar hotel, kalo bisa di cegah ada complain yg sama di kolom ulasan. Jangan sampai merusak nama hotel Santika di daerah lain. Terima kasih","December 27, 2017"
127,1263,Ricky,Indonesia,Family with teens,Superior Twin,Stayed 1 night in December 2017,6.4,Good,Good,Lokasi cukup strategis di tengah kota...saya kamar hotel interior sudah terlalu tua butuh renovasi,"December 27, 2017"
127,1264,Nugroho,Indonesia,Family with young children,Superior Twin,Stayed 2 nights in September 2017,9.2,Exceptional,hotel bagus di tengah kota,"Hotel dengan fasilitas yang bagus, kolam bersih dan lumayan luas, breakfast yg bervariasi... Kamar cukup luas... Tepat di tengah kota cirebon, cocok untuk yg suka wisata ziarah dan kuliner khas cirebon...","November 07, 2017"
127,1265,Ditya,Indonesia,Couple,Superior Twin,Stayed 1 night in September 2017,7.2,Very good,hotel tua tapi bersih,free car wash is very nice food is so so,"November 03, 2017"
127,1266,Inne,Indonesia,Family with teens,Superior Twin,Stayed 1 night in January 2025,9.6,Exceptional,Nyamannya menginap di Santika Hotel Cirebon,"Lokasi hotel ditengah kota sangat strategis, dekat dengan pusat perbelanjaan, rumah sakit, transportasi umum, perkantoran. Kebersihannya terjaga dengan baik. Fasilitas kamar cukup lengkap : shower air panas & dingin, toiletries, mini bar, notes & pinsil. Fasilitas hotel cukup lengkap : gym, kolam renang, resto, wifi, tempat parkir luas. Keistimewaan yg berbeda dgn hotel lain, setiap pagi mobil kami sudah kinclong dibersihkan oleh staf hotel 👍🏻👏🏻 Ini kali kedua kami menginap di Santika Hotel Cirebon. Saran : varian menu makanan sarapan pagi tolong ditambah 😊 Terimakasih","January 24, 2025"
127,1267,achyar,Indonesia,Family with young children,Superior Twin,Stayed 1 night in September 2025,8.8,Excellent,Excellent,"Lokasi berdekatan lokasi perkantoran kota cirebon, kamar luas dengan cukup bersih. Kolam renang bersih dengan disediakan handuk. Staf sangat ramah dan menunjukkan inisiatif untuk membantu terutama yg bertugas di kolam renang dan kebun/ taman sekitar kolam. Untuk makanan biasa saja.","September 15, 2025"
127,1268,Inne,Indonesia,Business traveler,Superior Twin,Stayed 1 night in January 2025,8.8,Excellent,"Hotel dgn lokasi, fasilitas dan pelayanan memuaskan","Hotel dengan lokasi ditengah kota Cirebon dengan fasilitas lengkap dan pelayanan yg baik, staff yg ramah dan helpfull, membuat perjalanan bisnis menjadi menyenangkan. Kamarnya nyaman, toiletries cukup lengkap, menu breakfast beragam dan rasanya lezat. Terimakasih Hotel Santika Cirebon 🙏🏻","January 14, 2025"
127,1269,Sahid,Indonesia,Group,Superior Twin,Stayed 1 night in October 2025,10.0,Exceptional,Exceptional,Tempat yg nyaman buat istirahat saya dn keluarga ketika ke kota Cirebon apalagi kolam renangnya luas dn bersih,"October 14, 2025"
127,1270,Maemunah,Indonesia,Family with young children,Superior Twin,Stayed 2 nights in June 2025,9.6,Exceptional,Liburan Mengesankan,"Disambut dengan staf yg ramah dan pelayanan yg baik, kamarnya bersih, fasilitas lainnya lengkap (resto, kolam renang anak dan dewasa, tempat fitness)… next time bisa nginep lagi…","June 15, 2025"
128,1271,WELLA,Indonesia,Family with young children,Superior Twin,Stayed 1 night in October 2017,9.6,Exceptional,hotel yg nyaman dan bfs nya enak,ac kurang dingin,"October 31, 2017"
128,1272,Asdiwar,Indonesia,Family with young children,Superior Twin,Stayed 1 night in October 2017,8.0,Excellent,"hotel nyaman dan bagus, anak2 senang di kolam renang",hotel nyaman apalagi kolam renangnya bersih untuk kamar mandi hotel pembuangan air mampet,"October 22, 2017"
128,1273,eko,Indonesia,Solo traveler,Superior Twin,Stayed 1 night in October 2017,9.2,Exceptional,"Bersih, Kolam Renang Besarr","Secara umum menginap disini nyaman karena kamar yang bersih, makanan enak, dan kolam yg besar dan tidak dingin..","October 19, 2017"
128,1274,Andi,Indonesia,Couple,Executive King,Stayed 1 night in October 2017,6.8,Good,Good,"lokasi strategis di tengah kota. staff ramah. untuk kebersihan makanan tolong di perhatikan lagi, banyak nyamuk pada susu kental manis saat sarapan. di kamar juga banyak semut entah darimana trims Agoda","October 16, 2017"
128,1275,Alwin,Indonesia,Family with young children,Superior Twin,Stayed 1 night in September 2017,8.4,Excellent,bagus,bagus dan pertahankan,"September 13, 2017"
128,1276,Inne,Indonesia,Family with teens,Superior Twin,Stayed 1 night in January 2025,9.6,Exceptional,Nyamannya menginap di Santika Hotel Cirebon,"Lokasi hotel ditengah kota sangat strategis, dekat dengan pusat perbelanjaan, rumah sakit, transportasi umum, perkantoran. Kebersihannya terjaga dengan baik. Fasilitas kamar cukup lengkap : shower air panas & dingin, toiletries, mini bar, notes & pinsil. Fasilitas hotel cukup lengkap : gym, kolam renang, resto, wifi, tempat parkir luas. Keistimewaan yg berbeda dgn hotel lain, setiap pagi mobil kami sudah kinclong dibersihkan oleh staf hotel 👍🏻👏🏻 Ini kali kedua kami menginap di Santika Hotel Cirebon. Saran : varian menu makanan sarapan pagi tolong ditambah 😊 Terimakasih","January 24, 2025"
128,1277,achyar,Indonesia,Family with young children,Superior Twin,Stayed 1 night in September 2025,8.8,Excellent,Excellent,"Lokasi berdekatan lokasi perkantoran kota cirebon, kamar luas dengan cukup bersih. Kolam renang bersih dengan disediakan handuk. Staf sangat ramah dan menunjukkan inisiatif untuk membantu terutama yg bertugas di kolam renang dan kebun/ taman sekitar kolam. Untuk makanan biasa saja.","September 15, 2025"
128,1278,Inne,Indonesia,Business traveler,Superior Twin,Stayed 1 night in January 2025,8.8,Excellent,"Hotel dgn lokasi, fasilitas dan pelayanan memuaskan","Hotel dengan lokasi ditengah kota Cirebon dengan fasilitas lengkap dan pelayanan yg baik, staff yg ramah dan helpfull, membuat perjalanan bisnis menjadi menyenangkan. Kamarnya nyaman, toiletries cukup lengkap, menu breakfast beragam dan rasanya lezat. Terimakasih Hotel Santika Cirebon 🙏🏻","January 14, 2025"
128,1279,Sahid,Indonesia,Group,Superior Twin,Stayed 1 night in October 2025,10.0,Exceptional,Exceptional,Tempat yg nyaman buat istirahat saya dn keluarga ketika ke kota Cirebon apalagi kolam renangnya luas dn bersih,"October 14, 2025"
128,1280,Maemunah,Indonesia,Family with young children,Superior Twin,Stayed 2 nights in June 2025,9.6,Exceptional,Liburan Mengesankan,"Disambut dengan staf yg ramah dan pelayanan yg baik, kamarnya bersih, fasilitas lainnya lengkap (resto, kolam renang anak dan dewasa, tempat fitness)… next time bisa nginep lagi…","June 15, 2025"
129,1281,Monica,Indonesia,Family with young children,Deluxe Suite,Stayed 1 night in September 2017,8.4,Excellent,"Nyaman, bersih, lokasi strategis","Kamar bersih, nyaman dan tenang. Kolam renang sangat bersih dan menyenangkan. Anak-anak puas sekali. Menu sarapan cukup enak. Lokasinya jg strategis karena berasa di pusat kota.","September 04, 2017"
129,1282,Yoan,Indonesia,Family with teens,Superior Twin,Stayed 1 night in August 2017,7.2,Very good,Fasilitas,"Jenis interior bagus dan terkesan tradisional, untuk makanannya sendiri menurut saya kurang lengkap/biasa saja","August 22, 2017"
129,1283,Beatrice,Indonesia,Family with young children,Deluxe King,Stayed 1 night in July 2017,9.2,Exceptional,Hotel Santika cocok buat nginep bawa anak,"Karyawan & staffnya ramah, Kebersihannya lumayan bagus, kolam renangnya top bngt buka smpi jam9 mlm. Sarapannya banyak pilihan tmbh lg ada angkringan bikin betah. Tp sayang gak ada hairdryernya😥","July 03, 2017"
129,1284,Maya,Indonesia,Family with young children,Deluxe King,Stayed 1 night in June 2017,10.0,Exceptional,"lokasi strategis, fasilitas ok",Baik,"June 30, 2017"
129,1285,Monalysa,Indonesia,Couple,,Stayed 1 night in April 2014,7.2,Very good,Lumayan,Hotel yang cukup memuaskan dengan lokasi yang lumayan strategis,"June 30, 2017"
129,1286,Inne,Indonesia,Family with teens,Superior Twin,Stayed 1 night in January 2025,9.6,Exceptional,Nyamannya menginap di Santika Hotel Cirebon,"Lokasi hotel ditengah kota sangat strategis, dekat dengan pusat perbelanjaan, rumah sakit, transportasi umum, perkantoran. Kebersihannya terjaga dengan baik. Fasilitas kamar cukup lengkap : shower air panas & dingin, toiletries, mini bar, notes & pinsil. Fasilitas hotel cukup lengkap : gym, kolam renang, resto, wifi, tempat parkir luas. Keistimewaan yg berbeda dgn hotel lain, setiap pagi mobil kami sudah kinclong dibersihkan oleh staf hotel 👍🏻👏🏻 Ini kali kedua kami menginap di Santika Hotel Cirebon. Saran : varian menu makanan sarapan pagi tolong ditambah 😊 Terimakasih","January 24, 2025"
129,1287,achyar,Indonesia,Family with young children,Superior Twin,Stayed 1 night in September 2025,8.8,Excellent,Excellent,"Lokasi berdekatan lokasi perkantoran kota cirebon, kamar luas dengan cukup bersih. Kolam renang bersih dengan disediakan handuk. Staf sangat ramah dan menunjukkan inisiatif untuk membantu terutama yg bertugas di kolam renang dan kebun/ taman sekitar kolam. Untuk makanan biasa saja.","September 15, 2025"
129,1288,Inne,Indonesia,Business traveler,Superior Twin,Stayed 1 night in January 2025,8.8,Excellent,"Hotel dgn lokasi, fasilitas dan pelayanan memuaskan","Hotel dengan lokasi ditengah kota Cirebon dengan fasilitas lengkap dan pelayanan yg baik, staff yg ramah dan helpfull, membuat perjalanan bisnis menjadi menyenangkan. Kamarnya nyaman, toiletries cukup lengkap, menu breakfast beragam dan rasanya lezat. Terimakasih Hotel Santika Cirebon 🙏🏻","January 14, 2025"
129,1289,Sahid,Indonesia,Group,Superior Twin,Stayed 1 night in October 2025,10.0,Exceptional,Exceptional,Tempat yg nyaman buat istirahat saya dn keluarga ketika ke kota Cirebon apalagi kolam renangnya luas dn bersih,"October 14, 2025"
129,1290,Maemunah,Indonesia,Family with young children,Superior Twin,Stayed 2 nights in June 2025,9.6,Exceptional,Liburan Mengesankan,"Disambut dengan staf yg ramah dan pelayanan yg baik, kamarnya bersih, fasilitas lainnya lengkap (resto, kolam renang anak dan dewasa, tempat fitness)… next time bisa nginep lagi…","June 15, 2025"
130,1291,AGUSTINUS,Indonesia,Group,Superior Twin,Stayed 1 night in June 2017,7.2,Very good,Lokasi sangat baik. check in cukup lama. free up grade 2 kamar,"memesan 10 kamar, ready check-in 3 kamar, selebihnya tidak sekaligus dan menunggu hampir jam 3 sore. Free Upgrade 2 kamar. Sarapan menunya tidak banyak dan tidak terlalu fresh karena mungkin dibuka sejak waktu sahur dan pelayan beberapa booth makanan tidak ada. kolam renang bagus dan cocok untuk anak-anak.","June 20, 2017"
130,1292,diah,Indonesia,Family with young children,Superior Twin,Stayed 2 nights in April 2017,8.8,Excellent,Pelayanan & amenities kamar,Pelayanan konfirmasi pesanan & kondisi ceiling kamar serta shower perlu diperbaiki.,"April 24, 2017"
130,1293,BILKIS,Indonesia,Family with young children,Superior Twin,Stayed 1 night in April 2017,10.0,Exceptional,Menyenangkan utk jd tempat menginap,Lokasi dan makanannya,"April 24, 2017"
130,1294,Yustina,Indonesia,Family with young children,Superior Twin,Stayed 2 nights in April 2017,5.6,,Hotel horror bikin jera cukup 1x aja,"Kamar saya 224, anak saya umur 7thn pas senja teriak2 seperti melihat sesuatu. Kemudian lari keluar lorong dan tdk berani kembali kekamar lagi. Kejadian yg sama terulang pada jam 1.30 pagi. Kali ini lebih lama sampai muntah dilorong sakin ketakutan. Kami minta pindah. Dipindah ke 415. Terulang lagi jam 3.30pagi. Ampun deh..ternyata diinternet memang setelah saya search memang ada something di hotel ini.","April 18, 2017"
130,1295,Martha,Indonesia,Family with teens,Superior Twin,Stayed 1 night in March 2017,8.4,Excellent,Excellent,"Lokasi di tengah kota, bersih dan teduh, stafnya ramah2, menu sarapan variatif dan banyak pilihan. Harga sesuai","April 03, 2017"
130,1296,Inne,Indonesia,Family with teens,Superior Twin,Stayed 1 night in January 2025,9.6,Exceptional,Nyamannya menginap di Santika Hotel Cirebon,"Lokasi hotel ditengah kota sangat strategis, dekat dengan pusat perbelanjaan, rumah sakit, transportasi umum, perkantoran. Kebersihannya terjaga dengan baik. Fasilitas kamar cukup lengkap : shower air panas & dingin, toiletries, mini bar, notes & pinsil. Fasilitas hotel cukup lengkap : gym, kolam renang, resto, wifi, tempat parkir luas. Keistimewaan yg berbeda dgn hotel lain, setiap pagi mobil kami sudah kinclong dibersihkan oleh staf hotel 👍🏻👏🏻 Ini kali kedua kami menginap di Santika Hotel Cirebon. Saran : varian menu makanan sarapan pagi tolong ditambah 😊 Terimakasih","January 24, 2025"
130,1297,achyar,Indonesia,Family with young children,Superior Twin,Stayed 1 night in September 2025,8.8,Excellent,Excellent,"Lokasi berdekatan lokasi perkantoran kota cirebon, kamar luas dengan cukup bersih. Kolam renang bersih dengan disediakan handuk. Staf sangat ramah dan menunjukkan inisiatif untuk membantu terutama yg bertugas di kolam renang dan kebun/ taman sekitar kolam. Untuk makanan biasa saja.","September 15, 2025"
130,1298,Inne,Indonesia,Business traveler,Superior Twin,Stayed 1 night in January 2025,8.8,Excellent,"Hotel dgn lokasi, fasilitas dan pelayanan memuaskan","Hotel dengan lokasi ditengah kota Cirebon dengan fasilitas lengkap dan pelayanan yg baik, staff yg ramah dan helpfull, membuat perjalanan bisnis menjadi menyenangkan. Kamarnya nyaman, toiletries cukup lengkap, menu breakfast beragam dan rasanya lezat. Terimakasih Hotel Santika Cirebon 🙏🏻","January 14, 2025"
130,1299,Sahid,Indonesia,Group,Superior Twin,Stayed 1 night in October 2025,10.0,Exceptional,Exceptional,Tempat yg nyaman buat istirahat saya dn keluarga ketika ke kota Cirebon apalagi kolam renangnya luas dn bersih,"October 14, 2025"
130,1300,Maemunah,Indonesia,Family with young children,Superior Twin,Stayed 2 nights in June 2025,9.6,Exceptional,Liburan Mengesankan,"Disambut dengan staf yg ramah dan pelayanan yg baik, kamarnya bersih, fasilitas lainnya lengkap (resto, kolam renang anak dan dewasa, tempat fitness)… next time bisa nginep lagi…","June 15, 2025"
131,1301,Johannes,Indonesia,Family with teens,Superior Twin,Stayed 1 night in March 2017,10.0,Exceptional,Hotel Bagus,Hotelnya bagus. Lokasinya dekat. Makanannya kurang variatif. Pelayanannya ramah. Kolam renang bening.,"March 22, 2017"
131,1302,Ach,Indonesia,Couple,Superior Twin,Stayed 1 night in March 2017,8.4,Excellent,Secara umum Masih Woooke,"Kamar bersih, besar, nyaman. Fasilitas dan Menu makanan serta harganya Jozz. Hanya saja sewaktu saya pesen Double Bed, diberi kan Double Bed yg dibuat dr 2 single bad. Sebenarnya sih ok ok saja, tapi cilakanya Selimutnya Tetep jg dikasih Selimut Single ouuughhh :( Agak BT sich waktu mo tidurnya.","March 13, 2017"
131,1303,Dion,Indonesia,Family with young children,Superior Twin,Stayed 1 night in January 2017,8.8,Excellent,REKOMEN,"pelayanan ok, staff ramah, cukup banyak pilihan saat breakfast, harga yang tidak terlalu mahal juga, jadi sangat rekomendasi","February 02, 2017"
131,1304,dadang,Indonesia,Family with teens,Deluxe King,Stayed 2 nights in January 2017,8.8,Excellent,"Secara umum sdh bagus baik pelayanan maupun mutu yang disajikan, mamun demikian untuk makanan harus","tetap dikontrol karena ada hari dimana kami makan pagi ternyata beberapa makanan utama terlalu asin tidak seperti biasanya, cita rasa makanan paling penting karena bisa merusak semua yg sdh baik, makasih en Salam.","January 19, 2017"
131,1305,Melani,Indonesia,Family with young children,Superior Twin,Stayed 2 nights in January 2017,9.2,Exceptional,Rekomended hotel,Selain kebersihan Dan fasilitas hotelnya lengkap...Yang paling berkesan buat saya adalah keramahan Dan ketanggapan para staff hotel..service nya sgt memuaskan..Kolam renang nya juga bersih..Dan ada pool buat anak2 sangat cocok utk liburan bersama keluarga..Over all saya puas menginap di Santika Cirebon,"January 15, 2017"
131,1306,Inne,Indonesia,Family with teens,Superior Twin,Stayed 1 night in January 2025,9.6,Exceptional,Nyamannya menginap di Santika Hotel Cirebon,"Lokasi hotel ditengah kota sangat strategis, dekat dengan pusat perbelanjaan, rumah sakit, transportasi umum, perkantoran. Kebersihannya terjaga dengan baik. Fasilitas kamar cukup lengkap : shower air panas & dingin, toiletries, mini bar, notes & pinsil. Fasilitas hotel cukup lengkap : gym, kolam renang, resto, wifi, tempat parkir luas. Keistimewaan yg berbeda dgn hotel lain, setiap pagi mobil kami sudah kinclong dibersihkan oleh staf hotel 👍🏻👏🏻 Ini kali kedua kami menginap di Santika Hotel Cirebon. Saran : varian menu makanan sarapan pagi tolong ditambah 😊 Terimakasih","January 24, 2025"
131,1307,achyar,Indonesia,Family with young children,Superior Twin,Stayed 1 night in September 2025,8.8,Excellent,Excellent,"Lokasi berdekatan lokasi perkantoran kota cirebon, kamar luas dengan cukup bersih. Kolam renang bersih dengan disediakan handuk. Staf sangat ramah dan menunjukkan inisiatif untuk membantu terutama yg bertugas di kolam renang dan kebun/ taman sekitar kolam. Untuk makanan biasa saja.","September 15, 2025"
131,1308,Inne,Indonesia,Business traveler,Superior Twin,Stayed 1 night in January 2025,8.8,Excellent,"Hotel dgn lokasi, fasilitas dan pelayanan memuaskan","Hotel dengan lokasi ditengah kota Cirebon dengan fasilitas lengkap dan pelayanan yg baik, staff yg ramah dan helpfull, membuat perjalanan bisnis menjadi menyenangkan. Kamarnya nyaman, toiletries cukup lengkap, menu breakfast beragam dan rasanya lezat. Terimakasih Hotel Santika Cirebon 🙏🏻","January 14, 2025"
131,1309,Sahid,Indonesia,Group,Superior Twin,Stayed 1 night in October 2025,10.0,Exceptional,Exceptional,Tempat yg nyaman buat istirahat saya dn keluarga ketika ke kota Cirebon apalagi kolam renangnya luas dn bersih,"October 14, 2025"
131,1310,Maemunah,Indonesia,Family with young children,Superior Twin,Stayed 2 nights in June 2025,9.6,Exceptional,Liburan Mengesankan,"Disambut dengan staf yg ramah dan pelayanan yg baik, kamarnya bersih, fasilitas lainnya lengkap (resto, kolam renang anak dan dewasa, tempat fitness)… next time bisa nginep lagi…","June 15, 2025"
132,1311,Susi,Indonesia,Family with teens,Executive King,Stayed 1 night in January 2017,7.6,Very good,"Cukup bagus, tapi tidak sesuai dengan keterangan kamar di Agoda","Hotel yang bersih, nyaman, lengkap fasilitasnya, makanan enak. Tetapi sayang, keterangan kamar di agoda tidak sesuai dengan yang tersedia. Saya memesan executive room king, dan mendapat kamar No 409. Tertulis di agoda, kamar dilengkapi 1 ranjang double dan 1 ranjang quen ternyata hanya 1 ranjang king. Kemudian, saluran air kamar mandi juga mampet, tapi cepat diperbaiki oleh room service. Mohon informasi detil kamar dapat diupdate. Terima kasih","January 11, 2017"
132,1312,DONI,Indonesia,Business traveler,,Stayed 1 night in November 2015,7.6,Very good,boleh dicoba,"ruangan bersih, staf ramah dan lokasi dekat pusat kota","January 04, 2017"
132,1313,Siti,Indonesia,Family with teens,Superior Twin,Stayed 2 nights in December 2016,8.4,Excellent,memuaskan,semuanya bagus. Recomend.nanti saya akan datang kembali.tks,"January 03, 2017"
132,1314,Guguk,Indonesia,Family with teens,Superior Twin,Stayed 1 night in December 2016,8.8,Excellent,Hotelnya nyaman dan staff ramah . menu sarapan sj yg Perlu ditingkatkan cita rasanya,Rasa makanan sarapan Perlu ditingkatkan,"December 28, 2016"
132,1315,Vara,,Family with young children,Superior Twin,Stayed 1 night in December 2016,8.0,Excellent,berlibur di cirebon,secara keseluruhan sdh OK.hanya saja utk menu sarapan yg kurang variasi..terutama utk śȋ kecil,"December 11, 2016"
132,1316,Inne,Indonesia,Family with teens,Superior Twin,Stayed 1 night in January 2025,9.6,Exceptional,Nyamannya menginap di Santika Hotel Cirebon,"Lokasi hotel ditengah kota sangat strategis, dekat dengan pusat perbelanjaan, rumah sakit, transportasi umum, perkantoran. Kebersihannya terjaga dengan baik. Fasilitas kamar cukup lengkap : shower air panas & dingin, toiletries, mini bar, notes & pinsil. Fasilitas hotel cukup lengkap : gym, kolam renang, resto, wifi, tempat parkir luas. Keistimewaan yg berbeda dgn hotel lain, setiap pagi mobil kami sudah kinclong dibersihkan oleh staf hotel 👍🏻👏🏻 Ini kali kedua kami menginap di Santika Hotel Cirebon. Saran : varian menu makanan sarapan pagi tolong ditambah 😊 Terimakasih","January 24, 2025"
132,1317,achyar,Indonesia,Family with young children,Superior Twin,Stayed 1 night in September 2025,8.8,Excellent,Excellent,"Lokasi berdekatan lokasi perkantoran kota cirebon, kamar luas dengan cukup bersih. Kolam renang bersih dengan disediakan handuk. Staf sangat ramah dan menunjukkan inisiatif untuk membantu terutama yg bertugas di kolam renang dan kebun/ taman sekitar kolam. Untuk makanan biasa saja.","September 15, 2025"
132,1318,Inne,Indonesia,Business traveler,Superior Twin,Stayed 1 night in January 2025,8.8,Excellent,"Hotel dgn lokasi, fasilitas dan pelayanan memuaskan","Hotel dengan lokasi ditengah kota Cirebon dengan fasilitas lengkap dan pelayanan yg baik, staff yg ramah dan helpfull, membuat perjalanan bisnis menjadi menyenangkan. Kamarnya nyaman, toiletries cukup lengkap, menu breakfast beragam dan rasanya lezat. Terimakasih Hotel Santika Cirebon 🙏🏻","January 14, 2025"
132,1319,Sahid,Indonesia,Group,Superior Twin,Stayed 1 night in October 2025,10.0,Exceptional,Exceptional,Tempat yg nyaman buat istirahat saya dn keluarga ketika ke kota Cirebon apalagi kolam renangnya luas dn bersih,"October 14, 2025"
132,1320,Maemunah,Indonesia,Family with young children,Superior Twin,Stayed 2 nights in June 2025,9.6,Exceptional,Liburan Mengesankan,"Disambut dengan staf yg ramah dan pelayanan yg baik, kamarnya bersih, fasilitas lainnya lengkap (resto, kolam renang anak dan dewasa, tempat fitness)… next time bisa nginep lagi…","June 15, 2025"
133,1321,giana,Indonesia,Family with young children,,Stayed 1 night in November 2016,8.4,Excellent,hotel yg manyenangkan,hotel tua yg masih terawat baik..terimakasih atas upgrade kamar nya..kolam renangnya cukup besar..view kamarnya juga bgs..sarapan paginya lumayan tenang tdk berdesak2an..pulang pun mobil sdh di cuci dgn bersih..mksh santika.,"November 28, 2016"
133,1322,sano,Indonesia,Family with teens,,Stayed 2 nights in July 2016,6.4,Good,Hotel yang asri,"Kolam renang yg bagus , staff yg ramah.","July 13, 2016"
133,1323,rakhmat,Indonesia,Couple,,Stayed 3 nights in May 2016,10.0,Exceptional,Cirebon,Lokasi yg sangat strategis bisa di tempuh dengan berjalan kaki dari stasiun kejaksaan sambil menikmati sekitar alun alun kota cirebon dan kuliner yg menggoda,"May 10, 2016"
133,1324,Sofyan,Indonesia,Family with young children,Superior Twin,Stayed 2 nights in February 2016,7.2,Very good,hotel yg bagus,"lokasi bagus, staff ramah, makanan juga enak","April 28, 2016"
133,1325,dian,Indonesia,Family with young children,,Stayed 1 night in April 2016,6.0,,Hotel lama tp msh ok,"Anak2 sy senang menginap d santika,kolam renangnya besar.Overall ok wlpn makanan nya kurang enak","April 16, 2016"
133,1326,Inne,Indonesia,Family with teens,Superior Twin,Stayed 1 night in January 2025,9.6,Exceptional,Nyamannya menginap di Santika Hotel Cirebon,"Lokasi hotel ditengah kota sangat strategis, dekat dengan pusat perbelanjaan, rumah sakit, transportasi umum, perkantoran. Kebersihannya terjaga dengan baik. Fasilitas kamar cukup lengkap : shower air panas & dingin, toiletries, mini bar, notes & pinsil. Fasilitas hotel cukup lengkap : gym, kolam renang, resto, wifi, tempat parkir luas. Keistimewaan yg berbeda dgn hotel lain, setiap pagi mobil kami sudah kinclong dibersihkan oleh staf hotel 👍🏻👏🏻 Ini kali kedua kami menginap di Santika Hotel Cirebon. Saran : varian menu makanan sarapan pagi tolong ditambah 😊 Terimakasih","January 24, 2025"
133,1327,achyar,Indonesia,Family with young children,Superior Twin,Stayed 1 night in September 2025,8.8,Excellent,Excellent,"Lokasi berdekatan lokasi perkantoran kota cirebon, kamar luas dengan cukup bersih. Kolam renang bersih dengan disediakan handuk. Staf sangat ramah dan menunjukkan inisiatif untuk membantu terutama yg bertugas di kolam renang dan kebun/ taman sekitar kolam. Untuk makanan biasa saja.","September 15, 2025"
133,1328,Inne,Indonesia,Business traveler,Superior Twin,Stayed 1 night in January 2025,8.8,Excellent,"Hotel dgn lokasi, fasilitas dan pelayanan memuaskan","Hotel dengan lokasi ditengah kota Cirebon dengan fasilitas lengkap dan pelayanan yg baik, staff yg ramah dan helpfull, membuat perjalanan bisnis menjadi menyenangkan. Kamarnya nyaman, toiletries cukup lengkap, menu breakfast beragam dan rasanya lezat. Terimakasih Hotel Santika Cirebon 🙏🏻","January 14, 2025"
133,1329,Sahid,Indonesia,Group,Superior Twin,Stayed 1 night in October 2025,10.0,Exceptional,Exceptional,Tempat yg nyaman buat istirahat saya dn keluarga ketika ke kota Cirebon apalagi kolam renangnya luas dn bersih,"October 14, 2025"
133,1330,Maemunah,Indonesia,Family with young children,Superior Twin,Stayed 2 nights in June 2025,9.6,Exceptional,Liburan Mengesankan,"Disambut dengan staf yg ramah dan pelayanan yg baik, kamarnya bersih, fasilitas lainnya lengkap (resto, kolam renang anak dan dewasa, tempat fitness)… next time bisa nginep lagi…","June 15, 2025"
134,1331,rohmaya,Indonesia,Family with young children,,Stayed 2 nights in March 2016,8.8,Excellent,terima kasih santika cirebon,Pelayanannya..sangat memuaskan karyawan sigap dan ramah..,"March 28, 2016"
134,1332,Kusaeni,Indonesia,Family with teens,,Stayed 1 night in March 2016,7.2,Very good,rekomen,Memuaskan selama menginap,"March 27, 2016"
134,1333,Totok,Indonesia,Business traveler,,Stayed 1 night in February 2016,9.3,Exceptional,"Wifi di kamar rusak, gak bisa dipakai",Pesan lewat agoda,"February 21, 2016"
134,1334,Lina,Indonesia,Family with teens,Executive King,Stayed 1 night in January 2016,8.0,Excellent,Memuaskan,Hotel Santika memiliki standar service yg baik dan memuaskan.,"January 25, 2016"
134,1335,Natalia,Indonesia,Family with young children,Superior Twin,Stayed 1 night in December 2015,7.0,Very good,cukup bagus,,"January 02, 2016"
134,1336,Inne,Indonesia,Family with teens,Superior Twin,Stayed 1 night in January 2025,9.6,Exceptional,Nyamannya menginap di Santika Hotel Cirebon,"Lokasi hotel ditengah kota sangat strategis, dekat dengan pusat perbelanjaan, rumah sakit, transportasi umum, perkantoran. Kebersihannya terjaga dengan baik. Fasilitas kamar cukup lengkap : shower air panas & dingin, toiletries, mini bar, notes & pinsil. Fasilitas hotel cukup lengkap : gym, kolam renang, resto, wifi, tempat parkir luas. Keistimewaan yg berbeda dgn hotel lain, setiap pagi mobil kami sudah kinclong dibersihkan oleh staf hotel 👍🏻👏🏻 Ini kali kedua kami menginap di Santika Hotel Cirebon. Saran : varian menu makanan sarapan pagi tolong ditambah 😊 Terimakasih","January 24, 2025"
134,1337,achyar,Indonesia,Family with young children,Superior Twin,Stayed 1 night in September 2025,8.8,Excellent,Excellent,"Lokasi berdekatan lokasi perkantoran kota cirebon, kamar luas dengan cukup bersih. Kolam renang bersih dengan disediakan handuk. Staf sangat ramah dan menunjukkan inisiatif untuk membantu terutama yg bertugas di kolam renang dan kebun/ taman sekitar kolam. Untuk makanan biasa saja.","September 15, 2025"
134,1338,Inne,Indonesia,Business traveler,Superior Twin,Stayed 1 night in January 2025,8.8,Excellent,"Hotel dgn lokasi, fasilitas dan pelayanan memuaskan","Hotel dengan lokasi ditengah kota Cirebon dengan fasilitas lengkap dan pelayanan yg baik, staff yg ramah dan helpfull, membuat perjalanan bisnis menjadi menyenangkan. Kamarnya nyaman, toiletries cukup lengkap, menu breakfast beragam dan rasanya lezat. Terimakasih Hotel Santika Cirebon 🙏🏻","January 14, 2025"
134,1339,Sahid,Indonesia,Group,Superior Twin,Stayed 1 night in October 2025,10.0,Exceptional,Exceptional,Tempat yg nyaman buat istirahat saya dn keluarga ketika ke kota Cirebon apalagi kolam renangnya luas dn bersih,"October 14, 2025"
134,1340,Maemunah,Indonesia,Family with young children,Superior Twin,Stayed 2 nights in June 2025,9.6,Exceptional,Liburan Mengesankan,"Disambut dengan staf yg ramah dan pelayanan yg baik, kamarnya bersih, fasilitas lainnya lengkap (resto, kolam renang anak dan dewasa, tempat fitness)… next time bisa nginep lagi…","June 15, 2025"
135,1341,krisnadi,Indonesia,Family with teens,,Stayed 1 night in December 2015,7.7,Very good,Kamar bersih & makanannya nusantara banger!,koneksi internet (WiFi) lambat sekali,"January 01, 2016"
135,1342,Zein,Indonesia,Family with young children,,Stayed 1 night in December 2015,6.0,,"Hotel Lama, Butuh Renovasi","Kami agak kaget saat menginap di hotel Santika kali ini. Penampilan dari luar terlihat nyaman, namun saat memasuki kamar terlihat bahwa hotel ini sudah sangat tua dan butuh renovasi (kamar kami tipe superior twin bed). Headboard tempat tidur sangat kuno, begitu juga furniture lainnya seperti meja dan kursi. Kondisi kamar tidak terlalu bersih, banyak debu dimana2 khususnya di sudut2 kamar dan standing lamp. Saat kami check in, ada sejenis serangga yang berterbangan di kamar dan akhirnya diusir keluar oleh bell boy yang mengantarkan koper. AC kamar kami sangat berisik, seperti ada suara air mengalir. Kami minta teknisi untuk cek, dan menurut teknisi suara itu adalah suara air coolant dan tidak berbahaya. Teknisi akhirnya membersihkan ac di kamar kami dan ac outdoornya. Karena kami menginap di hotel ini hanya semalam maka kami tidak mempermasalahkan suara berisik ac tersebut ke management. Satu2nya yang kelihatan baru direnovasi adalah kamar mandi dalam kamar. Kelebihan hotel ini adalah lokasi yang memang strategis, serta ada petugas yang mencuci mobil kami. Breakfast juga baik dan variasi makanannya banyak.","December 31, 2015"
135,1343,Elsa,Indonesia,Family with young children,,Stayed 1 night in December 2015,9.7,Exceptional,Pemberhentian yg menyenangkan,"Selepas lelah mengendarai mobil dari Banjarnegara selama libur Natal 2015, rencana kami berubah krn ada keponakan yg ikut serta. Berhubung kami late check-in dan minta tambah kamar tdk tersedia, kamar kami ternyata ditawarkan utk dinaikkan tingkat tanpa biaya. Kami minta 2 extra bed dan ruang kamar mencukupi. Senang sekali...","December 29, 2015"
135,1344,Testhiana,Indonesia,Family with young children,,Stayed 1 night in December 2015,7.3,Very good,Liburan akhir tahun di santika,"Menyenangkan,namun sayang untuk makanan dan minuman masih kurang baik","December 28, 2015"
135,1345,ARDJO,Indonesia,Family with teens,Superior Twin,Stayed 1 night in December 2015,8.7,Excellent,makanan lokal setempat yg enak untuk breakfast,Kekurangannya adalah banyak orang merokok di public area hotel. Harusnya disediakan area khusus merokok sehingga bagi nonperokok bisa lebih nyaman,"December 27, 2015"
135,1346,Inne,Indonesia,Family with teens,Superior Twin,Stayed 1 night in January 2025,9.6,Exceptional,Nyamannya menginap di Santika Hotel Cirebon,"Lokasi hotel ditengah kota sangat strategis, dekat dengan pusat perbelanjaan, rumah sakit, transportasi umum, perkantoran. Kebersihannya terjaga dengan baik. Fasilitas kamar cukup lengkap : shower air panas & dingin, toiletries, mini bar, notes & pinsil. Fasilitas hotel cukup lengkap : gym, kolam renang, resto, wifi, tempat parkir luas. Keistimewaan yg berbeda dgn hotel lain, setiap pagi mobil kami sudah kinclong dibersihkan oleh staf hotel 👍🏻👏🏻 Ini kali kedua kami menginap di Santika Hotel Cirebon. Saran : varian menu makanan sarapan pagi tolong ditambah 😊 Terimakasih","January 24, 2025"
135,1347,achyar,Indonesia,Family with young children,Superior Twin,Stayed 1 night in September 2025,8.8,Excellent,Excellent,"Lokasi berdekatan lokasi perkantoran kota cirebon, kamar luas dengan cukup bersih. Kolam renang bersih dengan disediakan handuk. Staf sangat ramah dan menunjukkan inisiatif untuk membantu terutama yg bertugas di kolam renang dan kebun/ taman sekitar kolam. Untuk makanan biasa saja.","September 15, 2025"
135,1348,Inne,Indonesia,Business traveler,Superior Twin,Stayed 1 night in January 2025,8.8,Excellent,"Hotel dgn lokasi, fasilitas dan pelayanan memuaskan","Hotel dengan lokasi ditengah kota Cirebon dengan fasilitas lengkap dan pelayanan yg baik, staff yg ramah dan helpfull, membuat perjalanan bisnis menjadi menyenangkan. Kamarnya nyaman, toiletries cukup lengkap, menu breakfast beragam dan rasanya lezat. Terimakasih Hotel Santika Cirebon 🙏🏻","January 14, 2025"
135,1349,Sahid,Indonesia,Group,Superior Twin,Stayed 1 night in October 2025,10.0,Exceptional,Exceptional,Tempat yg nyaman buat istirahat saya dn keluarga ketika ke kota Cirebon apalagi kolam renangnya luas dn bersih,"October 14, 2025"
135,1350,Maemunah,Indonesia,Family with young children,Superior Twin,Stayed 2 nights in June 2025,9.6,Exceptional,Liburan Mengesankan,"Disambut dengan staf yg ramah dan pelayanan yg baik, kamarnya bersih, fasilitas lainnya lengkap (resto, kolam renang anak dan dewasa, tempat fitness)… next time bisa nginep lagi…","June 15, 2025"
136,1351,Ernina,Indonesia,Family with young children,Superior Twin,Stayed 1 night in December 2015,7.3,Very good,"makanan enak, kolam renang ok",,"December 26, 2015"
136,1352,Agus,Indonesia,Family with young children,,Stayed 1 night in May 2015,6.7,Good,Lokasi strategis,"Untuk satu malam lumayan nyaman, tetapi kebersihan harus ditingkatkan","December 23, 2015"
136,1353,Siti,Indonesia,Family with young children,,Stayed 1 night in December 2015,3.0,,nyaman,,"December 19, 2015"
136,1354,DANNY,Indonesia,Family with young children,,Stayed 1 night in December 2015,8.3,Excellent,cukup nyaman dan kamar luas,semua bagus pelayanannya hanya wifi koq kurang bagus sehingga menggunakan jaringan hp,"December 16, 2015"
136,1355,DANNY,Indonesia,Family with young children,,Stayed 1 night in December 2015,8.3,Excellent,"Hotel nyaman, sarapan oke juga","Hotel ini cukup dekat dengan pusat kota sangat nyaman, kamar cukup luas, bersih hanya wifi kurang bagus","December 16, 2015"
136,1356,Inne,Indonesia,Family with teens,Superior Twin,Stayed 1 night in January 2025,9.6,Exceptional,Nyamannya menginap di Santika Hotel Cirebon,"Lokasi hotel ditengah kota sangat strategis, dekat dengan pusat perbelanjaan, rumah sakit, transportasi umum, perkantoran. Kebersihannya terjaga dengan baik. Fasilitas kamar cukup lengkap : shower air panas & dingin, toiletries, mini bar, notes & pinsil. Fasilitas hotel cukup lengkap : gym, kolam renang, resto, wifi, tempat parkir luas. Keistimewaan yg berbeda dgn hotel lain, setiap pagi mobil kami sudah kinclong dibersihkan oleh staf hotel 👍🏻👏🏻 Ini kali kedua kami menginap di Santika Hotel Cirebon. Saran : varian menu makanan sarapan pagi tolong ditambah 😊 Terimakasih","January 24, 2025"
136,1357,achyar,Indonesia,Family with young children,Superior Twin,Stayed 1 night in September 2025,8.8,Excellent,Excellent,"Lokasi berdekatan lokasi perkantoran kota cirebon, kamar luas dengan cukup bersih. Kolam renang bersih dengan disediakan handuk. Staf sangat ramah dan menunjukkan inisiatif untuk membantu terutama yg bertugas di kolam renang dan kebun/ taman sekitar kolam. Untuk makanan biasa saja.","September 15, 2025"
136,1358,Inne,Indonesia,Business traveler,Superior Twin,Stayed 1 night in January 2025,8.8,Excellent,"Hotel dgn lokasi, fasilitas dan pelayanan memuaskan","Hotel dengan lokasi ditengah kota Cirebon dengan fasilitas lengkap dan pelayanan yg baik, staff yg ramah dan helpfull, membuat perjalanan bisnis menjadi menyenangkan. Kamarnya nyaman, toiletries cukup lengkap, menu breakfast beragam dan rasanya lezat. Terimakasih Hotel Santika Cirebon 🙏🏻","January 14, 2025"
136,1359,Sahid,Indonesia,Group,Superior Twin,Stayed 1 night in October 2025,10.0,Exceptional,Exceptional,Tempat yg nyaman buat istirahat saya dn keluarga ketika ke kota Cirebon apalagi kolam renangnya luas dn bersih,"October 14, 2025"
136,1360,Maemunah,Indonesia,Family with young children,Superior Twin,Stayed 2 nights in June 2025,9.6,Exceptional,Liburan Mengesankan,"Disambut dengan staf yg ramah dan pelayanan yg baik, kamarnya bersih, fasilitas lainnya lengkap (resto, kolam renang anak dan dewasa, tempat fitness)… next time bisa nginep lagi…","June 15, 2025"
137,1361,Agung,Indonesia,Family with young children,,Stayed 1 night in November 2015,9.3,Exceptional,Liburan Semalam di Kota Cirebon,,"December 02, 2015"
137,1362,SONY,Indonesia,Business traveler,,Stayed 1 night in November 2015,8.0,Excellent,HOTEL TUA TAPI CUKUP NYAMAN,THANK U AGODA,"December 02, 2015"
137,1363,Dini,Indonesia,Couple,,Stayed 1 night in November 2015,9.3,Exceptional,Pengalaman menyenangkan di hotel santika,Pengalaman menyenangkan menginap disini.,"November 07, 2015"
137,1364,Siti,Indonesia,Family with teens,,Stayed 1 night in October 2015,7.7,Very good,Hotel Sesuai Dengan Yang Dibayar,"Menyenangkan menginap di Santika Cirebon, saya dpt harga murah memesan dgn agoda. Proses check in dan check out yg cepat. Kolam renangnya cukup besar tapi sayang air kolamnya membuat mata perih, kami sekeluarga 6 orang mengalami perih mata semua setelah berenang. Mobil di cuciin sehingga pas check out sudah bersih. Sarapan jg banyak pilihan termasuk makanan khas Cirebon seperti nasi jamblang dan empal gentong, tapi utk potato wedges rasanya tidak enak dan keras. Tapi kalau kami ke Cirebon lagi pasti akan memilih di Santika lagi.","November 02, 2015"
137,1365,Lucina,Indonesia,Couple,,Stayed 1 night in October 2015,6.7,Good,bangunan hotel tua krg menarik，,,"October 27, 2015"
137,1366,Inne,Indonesia,Family with teens,Superior Twin,Stayed 1 night in January 2025,9.6,Exceptional,Nyamannya menginap di Santika Hotel Cirebon,"Lokasi hotel ditengah kota sangat strategis, dekat dengan pusat perbelanjaan, rumah sakit, transportasi umum, perkantoran. Kebersihannya terjaga dengan baik. Fasilitas kamar cukup lengkap : shower air panas & dingin, toiletries, mini bar, notes & pinsil. Fasilitas hotel cukup lengkap : gym, kolam renang, resto, wifi, tempat parkir luas. Keistimewaan yg berbeda dgn hotel lain, setiap pagi mobil kami sudah kinclong dibersihkan oleh staf hotel 👍🏻👏🏻 Ini kali kedua kami menginap di Santika Hotel Cirebon. Saran : varian menu makanan sarapan pagi tolong ditambah 😊 Terimakasih","January 24, 2025"
137,1367,achyar,Indonesia,Family with young children,Superior Twin,Stayed 1 night in September 2025,8.8,Excellent,Excellent,"Lokasi berdekatan lokasi perkantoran kota cirebon, kamar luas dengan cukup bersih. Kolam renang bersih dengan disediakan handuk. Staf sangat ramah dan menunjukkan inisiatif untuk membantu terutama yg bertugas di kolam renang dan kebun/ taman sekitar kolam. Untuk makanan biasa saja.","September 15, 2025"
137,1368,Inne,Indonesia,Business traveler,Superior Twin,Stayed 1 night in January 2025,8.8,Excellent,"Hotel dgn lokasi, fasilitas dan pelayanan memuaskan","Hotel dengan lokasi ditengah kota Cirebon dengan fasilitas lengkap dan pelayanan yg baik, staff yg ramah dan helpfull, membuat perjalanan bisnis menjadi menyenangkan. Kamarnya nyaman, toiletries cukup lengkap, menu breakfast beragam dan rasanya lezat. Terimakasih Hotel Santika Cirebon 🙏🏻","January 14, 2025"
137,1369,Sahid,Indonesia,Group,Superior Twin,Stayed 1 night in October 2025,10.0,Exceptional,Exceptional,Tempat yg nyaman buat istirahat saya dn keluarga ketika ke kota Cirebon apalagi kolam renangnya luas dn bersih,"October 14, 2025"
137,1370,Maemunah,Indonesia,Family with young children,Superior Twin,Stayed 2 nights in June 2025,9.6,Exceptional,Liburan Mengesankan,"Disambut dengan staf yg ramah dan pelayanan yg baik, kamarnya bersih, fasilitas lainnya lengkap (resto, kolam renang anak dan dewasa, tempat fitness)… next time bisa nginep lagi…","June 15, 2025"
138,1371,Farchad,Indonesia,Family with young children,,Stayed 1 night in April 2015,7.0,Very good,Makanan OK,menyenangkan,"October 23, 2015"
138,1372,yossa,Indonesia,Group,,Stayed 1 night in October 2015,9.0,Exceptional,Hotel kerenn di Cirebon,"Alhamdulillah..menyenangkan, thx *_*","October 12, 2015"
138,1373,Mulyadi,Indonesia,Family with young children,,Stayed 1 night in September 2015,8.0,Excellent,good,good,"October 06, 2015"
138,1374,Laurentius,Indonesia,Family with young children,,Stayed 2 nights in September 2015,9.0,Exceptional,hotel yg bersih dan staff yang ramah,"hotelnya bersih, staff nya luar biasa ramah. room boynya, beberapa kali diganggu utk cleanning kamar karena muntahan anak kecil, mereka tetep ramah... Apreciated banget deh...","September 29, 2015"
138,1375,Risang,Indonesia,Business traveler,,Stayed 2 nights in November 2014,9.3,Exceptional,Memegang janji,"Sebelum hari check out saya sudah pesan minta untuk diantar ke stasiun kereta. Pada saat check out, saya dilayani petugas lain dan menanyakan kendaraan. ternyata kendaraan antarjemput hotel belum tersedia. tanpa ba bi bu, dia langsung panggil taxi dan taxi segera datang. Saya lihat dia membayar taxi itu. wow, betul-betul memegang janji.","September 29, 2015"
138,1376,Inne,Indonesia,Family with teens,Superior Twin,Stayed 1 night in January 2025,9.6,Exceptional,Nyamannya menginap di Santika Hotel Cirebon,"Lokasi hotel ditengah kota sangat strategis, dekat dengan pusat perbelanjaan, rumah sakit, transportasi umum, perkantoran. Kebersihannya terjaga dengan baik. Fasilitas kamar cukup lengkap : shower air panas & dingin, toiletries, mini bar, notes & pinsil. Fasilitas hotel cukup lengkap : gym, kolam renang, resto, wifi, tempat parkir luas. Keistimewaan yg berbeda dgn hotel lain, setiap pagi mobil kami sudah kinclong dibersihkan oleh staf hotel 👍🏻👏🏻 Ini kali kedua kami menginap di Santika Hotel Cirebon. Saran : varian menu makanan sarapan pagi tolong ditambah 😊 Terimakasih","January 24, 2025"
138,1377,achyar,Indonesia,Family with young children,Superior Twin,Stayed 1 night in September 2025,8.8,Excellent,Excellent,"Lokasi berdekatan lokasi perkantoran kota cirebon, kamar luas dengan cukup bersih. Kolam renang bersih dengan disediakan handuk. Staf sangat ramah dan menunjukkan inisiatif untuk membantu terutama yg bertugas di kolam renang dan kebun/ taman sekitar kolam. Untuk makanan biasa saja.","September 15, 2025"
138,1378,Inne,Indonesia,Business traveler,Superior Twin,Stayed 1 night in January 2025,8.8,Excellent,"Hotel dgn lokasi, fasilitas dan pelayanan memuaskan","Hotel dengan lokasi ditengah kota Cirebon dengan fasilitas lengkap dan pelayanan yg baik, staff yg ramah dan helpfull, membuat perjalanan bisnis menjadi menyenangkan. Kamarnya nyaman, toiletries cukup lengkap, menu breakfast beragam dan rasanya lezat. Terimakasih Hotel Santika Cirebon 🙏🏻","January 14, 2025"
138,1379,Sahid,Indonesia,Group,Superior Twin,Stayed 1 night in October 2025,10.0,Exceptional,Exceptional,Tempat yg nyaman buat istirahat saya dn keluarga ketika ke kota Cirebon apalagi kolam renangnya luas dn bersih,"October 14, 2025"
138,1380,Maemunah,Indonesia,Family with young children,Superior Twin,Stayed 2 nights in June 2025,9.6,Exceptional,Liburan Mengesankan,"Disambut dengan staf yg ramah dan pelayanan yg baik, kamarnya bersih, fasilitas lainnya lengkap (resto, kolam renang anak dan dewasa, tempat fitness)… next time bisa nginep lagi…","June 15, 2025"
139,1381,Mochamad,Indonesia,Family with young children,,Stayed 1 night in September 2015,8.0,Excellent,"semuanya okey baik lokasi, makanan dan kenyamanan",booking on line lewat agoda,"September 21, 2015"
139,1382,eko,Indonesia,Business traveler,,Stayed 1 night in August 2015,8.3,Excellent,hotel yg nyaman dan bagus,Menyenangkan,"August 15, 2015"
139,1383,ADHI,Indonesia,Family with young children,,Stayed 1 night in August 2015,8.0,Excellent,Hotel yang menarik buat disinggahi,Hotel yang terletak dipusat kota dekat dengan lokasi wisata kuliner sangat cocok untuk keluarga dengan anak-anak ...,"August 12, 2015"
139,1384,Lina,Indonesia,Family with teens,,Stayed 1 night in May 2015,7.7,Very good,"Kamar yang nyaman, sarapan yang bervariasi","Kami sangat menyenangkan tinggal di hotel ini, kamar yang nyaman , sarapan bervariasi dan service cuci mobil yang jarang ditemukan di hotel Santika lain.","July 26, 2015"
139,1385,Supriyanto,Indonesia,Couple,,Stayed 1 night in July 2015,7.3,Very good,"enak, nyaman",Agoda,"July 08, 2015"
139,1386,Inne,Indonesia,Family with teens,Superior Twin,Stayed 1 night in January 2025,9.6,Exceptional,Nyamannya menginap di Santika Hotel Cirebon,"Lokasi hotel ditengah kota sangat strategis, dekat dengan pusat perbelanjaan, rumah sakit, transportasi umum, perkantoran. Kebersihannya terjaga dengan baik. Fasilitas kamar cukup lengkap : shower air panas & dingin, toiletries, mini bar, notes & pinsil. Fasilitas hotel cukup lengkap : gym, kolam renang, resto, wifi, tempat parkir luas. Keistimewaan yg berbeda dgn hotel lain, setiap pagi mobil kami sudah kinclong dibersihkan oleh staf hotel 👍🏻👏🏻 Ini kali kedua kami menginap di Santika Hotel Cirebon. Saran : varian menu makanan sarapan pagi tolong ditambah 😊 Terimakasih","January 24, 2025"
139,1387,achyar,Indonesia,Family with young children,Superior Twin,Stayed 1 night in September 2025,8.8,Excellent,Excellent,"Lokasi berdekatan lokasi perkantoran kota cirebon, kamar luas dengan cukup bersih. Kolam renang bersih dengan disediakan handuk. Staf sangat ramah dan menunjukkan inisiatif untuk membantu terutama yg bertugas di kolam renang dan kebun/ taman sekitar kolam. Untuk makanan biasa saja.","September 15, 2025"
139,1388,Inne,Indonesia,Business traveler,Superior Twin,Stayed 1 night in January 2025,8.8,Excellent,"Hotel dgn lokasi, fasilitas dan pelayanan memuaskan","Hotel dengan lokasi ditengah kota Cirebon dengan fasilitas lengkap dan pelayanan yg baik, staff yg ramah dan helpfull, membuat perjalanan bisnis menjadi menyenangkan. Kamarnya nyaman, toiletries cukup lengkap, menu breakfast beragam dan rasanya lezat. Terimakasih Hotel Santika Cirebon 🙏🏻","January 14, 2025"
139,1389,Sahid,Indonesia,Group,Superior Twin,Stayed 1 night in October 2025,10.0,Exceptional,Exceptional,Tempat yg nyaman buat istirahat saya dn keluarga ketika ke kota Cirebon apalagi kolam renangnya luas dn bersih,"October 14, 2025"
139,1390,Maemunah,Indonesia,Family with young children,Superior Twin,Stayed 2 nights in June 2025,9.6,Exceptional,Liburan Mengesankan,"Disambut dengan staf yg ramah dan pelayanan yg baik, kamarnya bersih, fasilitas lainnya lengkap (resto, kolam renang anak dan dewasa, tempat fitness)… next time bisa nginep lagi…","June 15, 2025"
140,1391,SANTI,Indonesia,Family with young children,,Stayed 2 nights in June 2015,8.0,Excellent,1st trip to Cirebon,,"June 29, 2015"
140,1392,Dwi,Indonesia,Couple,,Stayed 2 nights in June 2015,8.0,Excellent,holiday,Sesuai keinginan dan merasa puas,"June 29, 2015"
140,1393,Agus,Indonesia,Family with teens,,Stayed 2 nights in June 2015,9.3,Exceptional,Menyenangkan & akan kembali bila ke cirebon,,"June 23, 2015"
140,1394,mumfaizin,Indonesia,Family with young children,,Stayed 1 night in June 2015,8.7,Excellent,lokasi strategis jalan utama tidak macet,cukup nyaman dan memuaskan,"June 16, 2015"
140,1395,hariono,Indonesia,Couple,,Stayed 1 night in June 2015,5.3,,Kualitas Makanan Jauh di bawah Santika Lain,"Kami biasa memilih jaringan hotel Santika karena kualitas makanan yang baik dan variasi menu breakfast yang sangat banyak (selalu ada makanan lokal favorite juga). Tapi di Santika Cirebon, kualitas makanan yang kami pesan di room service sangat mengecewakan dan variasi makanan di breakfast juga sangat sedikit bila dibandingkan dengan hotel Santika lainnya. Jumlah staff di resto juga sangat kurang. Kami breakfast jam 08.30 pagi dan banyak makanan yang sudah habis dan tidak diisi ulang. Jauh di bawah standard hotel Santika yang lainnya..","June 15, 2015"
140,1396,Inne,Indonesia,Family with teens,Superior Twin,Stayed 1 night in January 2025,9.6,Exceptional,Nyamannya menginap di Santika Hotel Cirebon,"Lokasi hotel ditengah kota sangat strategis, dekat dengan pusat perbelanjaan, rumah sakit, transportasi umum, perkantoran. Kebersihannya terjaga dengan baik. Fasilitas kamar cukup lengkap : shower air panas & dingin, toiletries, mini bar, notes & pinsil. Fasilitas hotel cukup lengkap : gym, kolam renang, resto, wifi, tempat parkir luas. Keistimewaan yg berbeda dgn hotel lain, setiap pagi mobil kami sudah kinclong dibersihkan oleh staf hotel 👍🏻👏🏻 Ini kali kedua kami menginap di Santika Hotel Cirebon. Saran : varian menu makanan sarapan pagi tolong ditambah 😊 Terimakasih","January 24, 2025"
140,1397,achyar,Indonesia,Family with young children,Superior Twin,Stayed 1 night in September 2025,8.8,Excellent,Excellent,"Lokasi berdekatan lokasi perkantoran kota cirebon, kamar luas dengan cukup bersih. Kolam renang bersih dengan disediakan handuk. Staf sangat ramah dan menunjukkan inisiatif untuk membantu terutama yg bertugas di kolam renang dan kebun/ taman sekitar kolam. Untuk makanan biasa saja.","September 15, 2025"
140,1398,Inne,Indonesia,Business traveler,Superior Twin,Stayed 1 night in January 2025,8.8,Excellent,"Hotel dgn lokasi, fasilitas dan pelayanan memuaskan","Hotel dengan lokasi ditengah kota Cirebon dengan fasilitas lengkap dan pelayanan yg baik, staff yg ramah dan helpfull, membuat perjalanan bisnis menjadi menyenangkan. Kamarnya nyaman, toiletries cukup lengkap, menu breakfast beragam dan rasanya lezat. Terimakasih Hotel Santika Cirebon 🙏🏻","January 14, 2025"
140,1399,Sahid,Indonesia,Group,Superior Twin,Stayed 1 night in October 2025,10.0,Exceptional,Exceptional,Tempat yg nyaman buat istirahat saya dn keluarga ketika ke kota Cirebon apalagi kolam renangnya luas dn bersih,"October 14, 2025"
140,1400,Maemunah,Indonesia,Family with young children,Superior Twin,Stayed 2 nights in June 2025,9.6,Exceptional,Liburan Mengesankan,"Disambut dengan staf yg ramah dan pelayanan yg baik, kamarnya bersih, fasilitas lainnya lengkap (resto, kolam renang anak dan dewasa, tempat fitness)… next time bisa nginep lagi…","June 15, 2025"
141,1401,Novindi,Indonesia,Family with young children,,Stayed 1 night in May 2015,7.7,Very good,"Tempat, makanan, dan pelayanan yg bagus",liburan,"May 28, 2015"
141,1402,kiky,Indonesia,Group,,Stayed 1 night in May 2015,8.7,Excellent,Liburan Kuliner dan ziarah,Secara umum puas hanya catatan utk variasi breakfast terbatas hanya tersedia makanan lokal saja,"May 25, 2015"
141,1403,Haidar,Indonesia,Family with young children,,Stayed 1 night in April 2015,5.0,,Hotel Yang Biasa Saja,Breakfast terlalu sederhana dan staff restoran tidak ramah.,"May 24, 2015"
141,1404,Sunyoto,Indonesia,Family with young children,,Stayed 1 night in May 2015,8.0,Excellent,Hotel bintang dengan pelayanan seperti keluarga,"Saya sangat puas menginap di Hotel ini, mulai dari Kolam renang yang Besar, Kaamr yang besar dan Lokasinya sangat dekat dengan pusat Cirebon. Ditambah ukuran ranjang yang sangat memuaskan jika kit abepergian dengan anak anak, cukup luas","May 21, 2015"
141,1405,yuke,Indonesia,Family with young children,,Stayed 2 nights in April 2015,9.7,Exceptional,"Hotel yang nyaman, bersih dan strategis","Sangat menyenangkan. Kamar yang sangat nyaman, bersih serta suasana yang tenang membuat kami nyaman untuk beristirahat. Pelayanan memuaskan dari para staff hotel yang ramah. Kolam renang bersih dan cukup luas. Breakfast cukup bervariasi.","April 07, 2015"
141,1406,Inne,Indonesia,Family with teens,Superior Twin,Stayed 1 night in January 2025,9.6,Exceptional,Nyamannya menginap di Santika Hotel Cirebon,"Lokasi hotel ditengah kota sangat strategis, dekat dengan pusat perbelanjaan, rumah sakit, transportasi umum, perkantoran. Kebersihannya terjaga dengan baik. Fasilitas kamar cukup lengkap : shower air panas & dingin, toiletries, mini bar, notes & pinsil. Fasilitas hotel cukup lengkap : gym, kolam renang, resto, wifi, tempat parkir luas. Keistimewaan yg berbeda dgn hotel lain, setiap pagi mobil kami sudah kinclong dibersihkan oleh staf hotel 👍🏻👏🏻 Ini kali kedua kami menginap di Santika Hotel Cirebon. Saran : varian menu makanan sarapan pagi tolong ditambah 😊 Terimakasih","January 24, 2025"
141,1407,achyar,Indonesia,Family with young children,Superior Twin,Stayed 1 night in September 2025,8.8,Excellent,Excellent,"Lokasi berdekatan lokasi perkantoran kota cirebon, kamar luas dengan cukup bersih. Kolam renang bersih dengan disediakan handuk. Staf sangat ramah dan menunjukkan inisiatif untuk membantu terutama yg bertugas di kolam renang dan kebun/ taman sekitar kolam. Untuk makanan biasa saja.","September 15, 2025"
141,1408,Inne,Indonesia,Business traveler,Superior Twin,Stayed 1 night in January 2025,8.8,Excellent,"Hotel dgn lokasi, fasilitas dan pelayanan memuaskan","Hotel dengan lokasi ditengah kota Cirebon dengan fasilitas lengkap dan pelayanan yg baik, staff yg ramah dan helpfull, membuat perjalanan bisnis menjadi menyenangkan. Kamarnya nyaman, toiletries cukup lengkap, menu breakfast beragam dan rasanya lezat. Terimakasih Hotel Santika Cirebon 🙏🏻","January 14, 2025"
141,1409,Sahid,Indonesia,Group,Superior Twin,Stayed 1 night in October 2025,10.0,Exceptional,Exceptional,Tempat yg nyaman buat istirahat saya dn keluarga ketika ke kota Cirebon apalagi kolam renangnya luas dn bersih,"October 14, 2025"
141,1410,Maemunah,Indonesia,Family with young children,Superior Twin,Stayed 2 nights in June 2025,9.6,Exceptional,Liburan Mengesankan,"Disambut dengan staf yg ramah dan pelayanan yg baik, kamarnya bersih, fasilitas lainnya lengkap (resto, kolam renang anak dan dewasa, tempat fitness)… next time bisa nginep lagi…","June 15, 2025"
142,1411,Tedy,Indonesia,Family with young children,,Stayed 1 night in March 2015,7.0,Very good,Hotel yang nyaman dan bersih,"Cek in sangat mudah dan cepat,pelayanan ramah,hotel bersih dan nyaman,kamar luas dan nyaman juga..sangat menyenangkan menginap di Santika Cirebon,jika berkunjung ke Cirebon lagi kami akan menginap di Santika kembali..hotel tidak gersang karena banyak taman bungan dan pepohonan.","March 23, 2015"
142,1412,Ahmad,Indonesia,Family with young children,,Stayed 1 night in March 2015,9.3,Exceptional,"Nyaman, strategis, tenang","Hotel ini lokasinya mudah dicapai, tempat parkirnya luas dan mudah. Kamar mandi cukup bagus dan air drainage lancar, air panas lancar. Ruangan cukup lega, cuma ukuran LCD TV terlalu kecil untuk ukuran sekarang. Ada fasilitas cuci mobil oleh petugas hotel, cuma sayang mobil kami belum sempat dicuci karena harus check-out pagi-2 dari hotel (sekitar jam 6). Breakfast mulai jam 5 pagi, this is really great, sehingga tidak perlu mencari sarapan di luar hotel jika harus berangkat pagi-pagi. Overall we had a nice stay in Santika!","March 11, 2015"
142,1413,Dyah,Indonesia,Solo traveler,,Stayed 1 night in January 2015,7.0,Very good,tidur nyenyak makan enak,Cukup bagus,"January 22, 2015"
142,1414,Petrus,Indonesia,Family with young children,,Stayed 1 night in January 2015,4.3,,hotel yang di tengah kota,sukses dan mengesankan.,"January 12, 2015"
142,1415,Ninuk,Indonesia,Group,,Stayed 1 night in January 2015,4.0,,"kuno, kusam, tidak terawat",no comment,"January 08, 2015"
142,1416,Inne,Indonesia,Family with teens,Superior Twin,Stayed 1 night in January 2025,9.6,Exceptional,Nyamannya menginap di Santika Hotel Cirebon,"Lokasi hotel ditengah kota sangat strategis, dekat dengan pusat perbelanjaan, rumah sakit, transportasi umum, perkantoran. Kebersihannya terjaga dengan baik. Fasilitas kamar cukup lengkap : shower air panas & dingin, toiletries, mini bar, notes & pinsil. Fasilitas hotel cukup lengkap : gym, kolam renang, resto, wifi, tempat parkir luas. Keistimewaan yg berbeda dgn hotel lain, setiap pagi mobil kami sudah kinclong dibersihkan oleh staf hotel 👍🏻👏🏻 Ini kali kedua kami menginap di Santika Hotel Cirebon. Saran : varian menu makanan sarapan pagi tolong ditambah 😊 Terimakasih","January 24, 2025"
142,1417,achyar,Indonesia,Family with young children,Superior Twin,Stayed 1 night in September 2025,8.8,Excellent,Excellent,"Lokasi berdekatan lokasi perkantoran kota cirebon, kamar luas dengan cukup bersih. Kolam renang bersih dengan disediakan handuk. Staf sangat ramah dan menunjukkan inisiatif untuk membantu terutama yg bertugas di kolam renang dan kebun/ taman sekitar kolam. Untuk makanan biasa saja.","September 15, 2025"
142,1418,Inne,Indonesia,Business traveler,Superior Twin,Stayed 1 night in January 2025,8.8,Excellent,"Hotel dgn lokasi, fasilitas dan pelayanan memuaskan","Hotel dengan lokasi ditengah kota Cirebon dengan fasilitas lengkap dan pelayanan yg baik, staff yg ramah dan helpfull, membuat perjalanan bisnis menjadi menyenangkan. Kamarnya nyaman, toiletries cukup lengkap, menu breakfast beragam dan rasanya lezat. Terimakasih Hotel Santika Cirebon 🙏🏻","January 14, 2025"
142,1419,Sahid,Indonesia,Group,Superior Twin,Stayed 1 night in October 2025,10.0,Exceptional,Exceptional,Tempat yg nyaman buat istirahat saya dn keluarga ketika ke kota Cirebon apalagi kolam renangnya luas dn bersih,"October 14, 2025"
142,1420,Maemunah,Indonesia,Family with young children,Superior Twin,Stayed 2 nights in June 2025,9.6,Exceptional,Liburan Mengesankan,"Disambut dengan staf yg ramah dan pelayanan yg baik, kamarnya bersih, fasilitas lainnya lengkap (resto, kolam renang anak dan dewasa, tempat fitness)… next time bisa nginep lagi…","June 15, 2025"
143,1421,Melissa,Indonesia,Group,,Stayed 1 night in December 2014,6.7,Good,Lokasi yang strategis,"Menyenangkan, lokasi cukup strategis, pelayanan yang ramah, dan fasilitas kolam renang cukup luas.","January 07, 2015"
143,1422,arie,Indonesia,Family with young children,,Stayed 1 night in January 2015,10.0,Exceptional,Hotel yang asri,"1. Kamar yang sangat nyaman dan bersih, dan suasana yang tenang sehingga membuat nyaman untuk beristirahat. 2. Area kolam renang yang bagus dan bersih. 3. Makanan yang disajikan perpaduan antara lokal cirebon dengan western food sangat pas sehingga tak perlu keluar untuk mencicipi makanan khas cirebon. 4. Pelayanan yang baik dari staff hotel dan kaget ada pencucian mobil gratis dan ada pentas seni terling pada weekend membuat nyaman pengunjung. tapi salut buat pencucian mobil gratis sehingga mobil yang kotor akibat perjalanan menjadi bersih kembali.","January 07, 2015"
143,1423,Bernardinus,Indonesia,Family with young children,,Stayed 2 nights in January 2015,9.7,Exceptional,Hotel yang nyaman dan tenang,,"January 07, 2015"
143,1424,Iwan,Indonesia,Family with young children,,Stayed 1 night in January 2015,5.7,,Hotel yang rata-rata,,"January 06, 2015"
143,1425,CinCin,Indonesia,Family with young children,,Stayed 1 night in January 2015,10.0,Exceptional,Liburan Tahun Baru 2015 di Cirebon,"Sangat menyenangkan dan terjaga privacy,sehingga kami dapat dengan leluasa menikmati fasilitas hotel yang disediakan.","January 05, 2015"
143,1426,Inne,Indonesia,Family with teens,Superior Twin,Stayed 1 night in January 2025,9.6,Exceptional,Nyamannya menginap di Santika Hotel Cirebon,"Lokasi hotel ditengah kota sangat strategis, dekat dengan pusat perbelanjaan, rumah sakit, transportasi umum, perkantoran. Kebersihannya terjaga dengan baik. Fasilitas kamar cukup lengkap : shower air panas & dingin, toiletries, mini bar, notes & pinsil. Fasilitas hotel cukup lengkap : gym, kolam renang, resto, wifi, tempat parkir luas. Keistimewaan yg berbeda dgn hotel lain, setiap pagi mobil kami sudah kinclong dibersihkan oleh staf hotel 👍🏻👏🏻 Ini kali kedua kami menginap di Santika Hotel Cirebon. Saran : varian menu makanan sarapan pagi tolong ditambah 😊 Terimakasih","January 24, 2025"
143,1427,achyar,Indonesia,Family with young children,Superior Twin,Stayed 1 night in September 2025,8.8,Excellent,Excellent,"Lokasi berdekatan lokasi perkantoran kota cirebon, kamar luas dengan cukup bersih. Kolam renang bersih dengan disediakan handuk. Staf sangat ramah dan menunjukkan inisiatif untuk membantu terutama yg bertugas di kolam renang dan kebun/ taman sekitar kolam. Untuk makanan biasa saja.","September 15, 2025"
143,1428,Inne,Indonesia,Business traveler,Superior Twin,Stayed 1 night in January 2025,8.8,Excellent,"Hotel dgn lokasi, fasilitas dan pelayanan memuaskan","Hotel dengan lokasi ditengah kota Cirebon dengan fasilitas lengkap dan pelayanan yg baik, staff yg ramah dan helpfull, membuat perjalanan bisnis menjadi menyenangkan. Kamarnya nyaman, toiletries cukup lengkap, menu breakfast beragam dan rasanya lezat. Terimakasih Hotel Santika Cirebon 🙏🏻","January 14, 2025"
143,1429,Sahid,Indonesia,Group,Superior Twin,Stayed 1 night in October 2025,10.0,Exceptional,Exceptional,Tempat yg nyaman buat istirahat saya dn keluarga ketika ke kota Cirebon apalagi kolam renangnya luas dn bersih,"October 14, 2025"
143,1430,Maemunah,Indonesia,Family with young children,Superior Twin,Stayed 2 nights in June 2025,9.6,Exceptional,Liburan Mengesankan,"Disambut dengan staf yg ramah dan pelayanan yg baik, kamarnya bersih, fasilitas lainnya lengkap (resto, kolam renang anak dan dewasa, tempat fitness)… next time bisa nginep lagi…","June 15, 2025"
144,1431,Yoppy,Indonesia,Family with young children,,Stayed 2 nights in December 2014,6.0,,kecewa,Air panas buat mandi tidak berfungsi sejak cek in sampai cek out,"December 31, 2014"
144,1432,Lani,Indonesia,Business traveler,,Stayed 1 night in November 2014,9.0,Exceptional,Staff yang ramah,"over all bagus, puas banget dengan pilihan sarapan yang banyak, sayang cuma menginap satu malam dan langsung pergi, jd ga bisa icip semua makanan nya","December 08, 2014"
144,1433,Paesa,Indonesia,Family with young children,,Stayed 1 night in October 2014,9.0,Exceptional,Hotel nyaman untuk keluarga,"Sangat menyenangkan dan berkesan luar biasa baik, khususnya anak-anak saya sangat tertarik untuk berkunjung kembali ke hotel Santika Cirebon. sebagai orang tua kesan yangmendalam adalah apabila anak-anak kita merasa senang dengan pelayanan serta fasilitas hotel, maka buat kami itu sangat luar biasa.","November 17, 2014"
144,1434,Arifin,Indonesia,Business traveler,,Stayed 1 night in October 2014,8.7,Excellent,hotel bisnis terjangkau,Baik,"November 05, 2014"
144,1435,Iskandar,Indonesia,Couple,,Stayed 1 night in November 2014,8.3,Excellent,baik dan menyenangkan,Nyaman dan puas,"November 03, 2014"
144,1436,Inne,Indonesia,Family with teens,Superior Twin,Stayed 1 night in January 2025,9.6,Exceptional,Nyamannya menginap di Santika Hotel Cirebon,"Lokasi hotel ditengah kota sangat strategis, dekat dengan pusat perbelanjaan, rumah sakit, transportasi umum, perkantoran. Kebersihannya terjaga dengan baik. Fasilitas kamar cukup lengkap : shower air panas & dingin, toiletries, mini bar, notes & pinsil. Fasilitas hotel cukup lengkap : gym, kolam renang, resto, wifi, tempat parkir luas. Keistimewaan yg berbeda dgn hotel lain, setiap pagi mobil kami sudah kinclong dibersihkan oleh staf hotel 👍🏻👏🏻 Ini kali kedua kami menginap di Santika Hotel Cirebon. Saran : varian menu makanan sarapan pagi tolong ditambah 😊 Terimakasih","January 24, 2025"
144,1437,achyar,Indonesia,Family with young children,Superior Twin,Stayed 1 night in September 2025,8.8,Excellent,Excellent,"Lokasi berdekatan lokasi perkantoran kota cirebon, kamar luas dengan cukup bersih. Kolam renang bersih dengan disediakan handuk. Staf sangat ramah dan menunjukkan inisiatif untuk membantu terutama yg bertugas di kolam renang dan kebun/ taman sekitar kolam. Untuk makanan biasa saja.","September 15, 2025"
144,1438,Inne,Indonesia,Business traveler,Superior Twin,Stayed 1 night in January 2025,8.8,Excellent,"Hotel dgn lokasi, fasilitas dan pelayanan memuaskan","Hotel dengan lokasi ditengah kota Cirebon dengan fasilitas lengkap dan pelayanan yg baik, staff yg ramah dan helpfull, membuat perjalanan bisnis menjadi menyenangkan. Kamarnya nyaman, toiletries cukup lengkap, menu breakfast beragam dan rasanya lezat. Terimakasih Hotel Santika Cirebon 🙏🏻","January 14, 2025"
144,1439,Sahid,Indonesia,Group,Superior Twin,Stayed 1 night in October 2025,10.0,Exceptional,Exceptional,Tempat yg nyaman buat istirahat saya dn keluarga ketika ke kota Cirebon apalagi kolam renangnya luas dn bersih,"October 14, 2025"
144,1440,Maemunah,Indonesia,Family with young children,Superior Twin,Stayed 2 nights in June 2025,9.6,Exceptional,Liburan Mengesankan,"Disambut dengan staf yg ramah dan pelayanan yg baik, kamarnya bersih, fasilitas lainnya lengkap (resto, kolam renang anak dan dewasa, tempat fitness)… next time bisa nginep lagi…","June 15, 2025"
145,1441,Oh,Indonesia,Business traveler,,Stayed 1 night in October 2014,8.0,Excellent,hotel yg bagus,"hotel ini sangat bagus,bersih,makanan juga enak.lokasi lumayan strategis","October 28, 2014"
145,1442,M.,Indonesia,Business traveler,,Stayed 2 nights in October 2014,8.3,Excellent,hotel ternyaman di Cirebon,"Saya sedang melakukan kunjungan kerja di kota Cirebon, dan baru kali ini menginap di Santika cirebon, dan saya spertinya memutuskan utk selalu menginap disana selama harganya masuk di bajet saya","October 26, 2014"
145,1443,ery,Indonesia,Solo traveler,,Stayed 1 night in September 2014,8.3,Excellent,Hotel yang Nyaman,"Cek in dan Cek out cepat dan mudah, kamar pun luas dan bersih","October 19, 2014"
145,1444,Ade,Indonesia,Business traveler,,Stayed 1 night in October 2014,7.3,Very good,bagus,"nyaman, bantalnya empuk. tidurpun lelap","October 08, 2014"
145,1445,Achmad,Indonesia,Family with teens,,Stayed 1 night in September 2014,8.0,Excellent,Hotel Indah dengan Pelayanan dan Makanan khas terb,,"October 04, 2014"
145,1446,Inne,Indonesia,Family with teens,Superior Twin,Stayed 1 night in January 2025,9.6,Exceptional,Nyamannya menginap di Santika Hotel Cirebon,"Lokasi hotel ditengah kota sangat strategis, dekat dengan pusat perbelanjaan, rumah sakit, transportasi umum, perkantoran. Kebersihannya terjaga dengan baik. Fasilitas kamar cukup lengkap : shower air panas & dingin, toiletries, mini bar, notes & pinsil. Fasilitas hotel cukup lengkap : gym, kolam renang, resto, wifi, tempat parkir luas. Keistimewaan yg berbeda dgn hotel lain, setiap pagi mobil kami sudah kinclong dibersihkan oleh staf hotel 👍🏻👏🏻 Ini kali kedua kami menginap di Santika Hotel Cirebon. Saran : varian menu makanan sarapan pagi tolong ditambah 😊 Terimakasih","January 24, 2025"
145,1447,achyar,Indonesia,Family with young children,Superior Twin,Stayed 1 night in September 2025,8.8,Excellent,Excellent,"Lokasi berdekatan lokasi perkantoran kota cirebon, kamar luas dengan cukup bersih. Kolam renang bersih dengan disediakan handuk. Staf sangat ramah dan menunjukkan inisiatif untuk membantu terutama yg bertugas di kolam renang dan kebun/ taman sekitar kolam. Untuk makanan biasa saja.","September 15, 2025"
145,1448,Inne,Indonesia,Business traveler,Superior Twin,Stayed 1 night in January 2025,8.8,Excellent,"Hotel dgn lokasi, fasilitas dan pelayanan memuaskan","Hotel dengan lokasi ditengah kota Cirebon dengan fasilitas lengkap dan pelayanan yg baik, staff yg ramah dan helpfull, membuat perjalanan bisnis menjadi menyenangkan. Kamarnya nyaman, toiletries cukup lengkap, menu breakfast beragam dan rasanya lezat. Terimakasih Hotel Santika Cirebon 🙏🏻","January 14, 2025"
145,1449,Sahid,Indonesia,Group,Superior Twin,Stayed 1 night in October 2025,10.0,Exceptional,Exceptional,Tempat yg nyaman buat istirahat saya dn keluarga ketika ke kota Cirebon apalagi kolam renangnya luas dn bersih,"October 14, 2025"
145,1450,Maemunah,Indonesia,Family with young children,Superior Twin,Stayed 2 nights in June 2025,9.6,Exceptional,Liburan Mengesankan,"Disambut dengan staf yg ramah dan pelayanan yg baik, kamarnya bersih, fasilitas lainnya lengkap (resto, kolam renang anak dan dewasa, tempat fitness)… next time bisa nginep lagi…","June 15, 2025"
146,1451,Armeida,Indonesia,Family with teens,,Stayed 1 night in September 2014,8.0,Excellent,Hotel dengan taman yang indah.,"Menyenangkan dengan harga yang bagus, kolam renang besar, breakfast dengan segala macam makanan yang enak2. ini kedua kali saya menginap di hotel ini. lokasi dengan dekat kemana mana.","September 30, 2014"
146,1452,Elias,Indonesia,Family with young children,,Stayed 1 night in September 2014,9.0,Exceptional,"Hotel bagus, rate terjangkau, makanan enak",,"September 23, 2014"
146,1453,Martinus,Indonesia,Business traveler,,Stayed 1 night in September 2014,9.0,Exceptional,Hotel yang bersih dan tempatnya strategis,,"September 23, 2014"
146,1454,Meilia,Indonesia,Family with young children,,Stayed 1 night in September 2014,9.7,Exceptional,Lokasinya strategis,"Menu breakfast bervariasi termasuk ada menu tradisionalnya,masakannya enak harga utk menu makanan relatf,staffnya yg sangat ramah,lokasi hotel yg sangat strategis.Tempatnya yg nyaman,kondisi hotelnya bersih serta comfortable.","September 11, 2014"
146,1455,WAHYUDI,Indonesia,Family with teens,,Stayed 1 night in August 2014,9.0,Exceptional,Liburan ke Cirebon,"Bagus, saya merasa senang tinggal di Santika, ada musik tradisional nya, air kolam renang nya hangat.","August 25, 2014"
146,1456,Inne,Indonesia,Family with teens,Superior Twin,Stayed 1 night in January 2025,9.6,Exceptional,Nyamannya menginap di Santika Hotel Cirebon,"Lokasi hotel ditengah kota sangat strategis, dekat dengan pusat perbelanjaan, rumah sakit, transportasi umum, perkantoran. Kebersihannya terjaga dengan baik. Fasilitas kamar cukup lengkap : shower air panas & dingin, toiletries, mini bar, notes & pinsil. Fasilitas hotel cukup lengkap : gym, kolam renang, resto, wifi, tempat parkir luas. Keistimewaan yg berbeda dgn hotel lain, setiap pagi mobil kami sudah kinclong dibersihkan oleh staf hotel 👍🏻👏🏻 Ini kali kedua kami menginap di Santika Hotel Cirebon. Saran : varian menu makanan sarapan pagi tolong ditambah 😊 Terimakasih","January 24, 2025"
146,1457,achyar,Indonesia,Family with young children,Superior Twin,Stayed 1 night in September 2025,8.8,Excellent,Excellent,"Lokasi berdekatan lokasi perkantoran kota cirebon, kamar luas dengan cukup bersih. Kolam renang bersih dengan disediakan handuk. Staf sangat ramah dan menunjukkan inisiatif untuk membantu terutama yg bertugas di kolam renang dan kebun/ taman sekitar kolam. Untuk makanan biasa saja.","September 15, 2025"
146,1458,Inne,Indonesia,Business traveler,Superior Twin,Stayed 1 night in January 2025,8.8,Excellent,"Hotel dgn lokasi, fasilitas dan pelayanan memuaskan","Hotel dengan lokasi ditengah kota Cirebon dengan fasilitas lengkap dan pelayanan yg baik, staff yg ramah dan helpfull, membuat perjalanan bisnis menjadi menyenangkan. Kamarnya nyaman, toiletries cukup lengkap, menu breakfast beragam dan rasanya lezat. Terimakasih Hotel Santika Cirebon 🙏🏻","January 14, 2025"
146,1459,Sahid,Indonesia,Group,Superior Twin,Stayed 1 night in October 2025,10.0,Exceptional,Exceptional,Tempat yg nyaman buat istirahat saya dn keluarga ketika ke kota Cirebon apalagi kolam renangnya luas dn bersih,"October 14, 2025"
146,1460,Maemunah,Indonesia,Family with young children,Superior Twin,Stayed 2 nights in June 2025,9.6,Exceptional,Liburan Mengesankan,"Disambut dengan staf yg ramah dan pelayanan yg baik, kamarnya bersih, fasilitas lainnya lengkap (resto, kolam renang anak dan dewasa, tempat fitness)… next time bisa nginep lagi…","June 15, 2025"
147,1461,Vera,Indonesia,Family with young children,,Stayed 2 nights in July 2014,7.7,Very good,"bersih, bagus, terawat","nyaman, bersih, pelayanan karyawan yang cepat.","July 10, 2014"
147,1462,Kuntje,Indonesia,Business traveler,,Stayed 1 night in June 2014,10.0,Exceptional,Hotel yang sangat menyenangkan,Sangat menyenangkan layanan cepat dan ramah makan pagi enak dan bervariasi lokasi sangat strategis dekat perbelanjaan dan kuliner kota,"June 13, 2014"
147,1463,Richard,Indonesia,Group,,Stayed 1 night in May 2014,8.3,Excellent,Hotel dgn nuansa alam,"Hotel yang sangat nyaman dengan gaya bangunan sangat alam,sehingga tidak panas udaranya.Sangat ramah sekali lingkungannya, juga para petugas,semuanya lekas tanggap. Senang telah memilih Hotel Santika.","June 04, 2014"
147,1464,Rangga,Indonesia,Family with young children,,Stayed 1 night in May 2014,9.0,Exceptional,"Bagus, value for money, lokasi","Memuaskan karena lokasi yang strategis, harga murah, kamar bersih, breakfast cukup lengkap","May 27, 2014"
147,1465,Ade,Indonesia,Family with teens,,Stayed 1 night in April 2014,8.3,Excellent,Hotel bagus dan bersih dengan harga relatif murah,"Sejauh kami menginap di Hotel Santika Cirebon tidak mengalami hal-hal yang mengecewakan dan apabila ada keperluan ke Cirebon, kami akan menginap kembali di Hotel Santika Cirebon","May 14, 2014"
147,1466,Inne,Indonesia,Family with teens,Superior Twin,Stayed 1 night in January 2025,9.6,Exceptional,Nyamannya menginap di Santika Hotel Cirebon,"Lokasi hotel ditengah kota sangat strategis, dekat dengan pusat perbelanjaan, rumah sakit, transportasi umum, perkantoran. Kebersihannya terjaga dengan baik. Fasilitas kamar cukup lengkap : shower air panas & dingin, toiletries, mini bar, notes & pinsil. Fasilitas hotel cukup lengkap : gym, kolam renang, resto, wifi, tempat parkir luas. Keistimewaan yg berbeda dgn hotel lain, setiap pagi mobil kami sudah kinclong dibersihkan oleh staf hotel 👍🏻👏🏻 Ini kali kedua kami menginap di Santika Hotel Cirebon. Saran : varian menu makanan sarapan pagi tolong ditambah 😊 Terimakasih","January 24, 2025"
147,1467,achyar,Indonesia,Family with young children,Superior Twin,Stayed 1 night in September 2025,8.8,Excellent,Excellent,"Lokasi berdekatan lokasi perkantoran kota cirebon, kamar luas dengan cukup bersih. Kolam renang bersih dengan disediakan handuk. Staf sangat ramah dan menunjukkan inisiatif untuk membantu terutama yg bertugas di kolam renang dan kebun/ taman sekitar kolam. Untuk makanan biasa saja.","September 15, 2025"
147,1468,Inne,Indonesia,Business traveler,Superior Twin,Stayed 1 night in January 2025,8.8,Excellent,"Hotel dgn lokasi, fasilitas dan pelayanan memuaskan","Hotel dengan lokasi ditengah kota Cirebon dengan fasilitas lengkap dan pelayanan yg baik, staff yg ramah dan helpfull, membuat perjalanan bisnis menjadi menyenangkan. Kamarnya nyaman, toiletries cukup lengkap, menu breakfast beragam dan rasanya lezat. Terimakasih Hotel Santika Cirebon 🙏🏻","January 14, 2025"
147,1469,Sahid,Indonesia,Group,Superior Twin,Stayed 1 night in October 2025,10.0,Exceptional,Exceptional,Tempat yg nyaman buat istirahat saya dn keluarga ketika ke kota Cirebon apalagi kolam renangnya luas dn bersih,"October 14, 2025"
147,1470,Maemunah,Indonesia,Family with young children,Superior Twin,Stayed 2 nights in June 2025,9.6,Exceptional,Liburan Mengesankan,"Disambut dengan staf yg ramah dan pelayanan yg baik, kamarnya bersih, fasilitas lainnya lengkap (resto, kolam renang anak dan dewasa, tempat fitness)… next time bisa nginep lagi…","June 15, 2025"
148,1471,Fahmi,Indonesia,Business traveler,,Stayed 2 nights in April 2014,8.0,Excellent,santika cirebon,,"April 26, 2014"
148,1472,suratno,Indonesia,Business traveler,,Stayed 1 night in February 2014,7.7,Very good,cukup yaman dan tenang,Cukup tenang sayang proses cek in kukup lama karena internet/emailnya di ruang lain,"February 22, 2014"
148,1473,Handri,Indonesia,Solo traveler,,Stayed 2 nights in January 2014,8.7,Excellent,"great hospitality, great value","ketanggapan dan keramahan dari para staf menjadi nilai lebih dari hotel ini. peningkatan kualitas rasa makanan di restoran dan in room dining dapat memberikan nilai tambah hotel ini menjadi ""perfect"".","February 15, 2014"
148,1474,Rudi,Indonesia,Family with teens,,Stayed 1 night in January 2014,7.7,Very good,Hotel nyaman dan tenang untuk keluarga,"Hotel yg nyaman untuk bisnis, ataupun berlibur bersama keluarga","February 10, 2014"
148,1475,Herni,Indonesia,Family with young children,,Stayed 1 night in December 2013,8.7,Excellent,Rest and Relax yang menyenangkan,Menginap di Santikan Hotel merupakan kesenangan tersendiri bagi saya dan anak-anak. Setiap berkunjung ke Cirebon Santika selalu jadi pilah pertama kami.,"January 13, 2014"
148,1476,Inne,Indonesia,Family with teens,Superior Twin,Stayed 1 night in January 2025,9.6,Exceptional,Nyamannya menginap di Santika Hotel Cirebon,"Lokasi hotel ditengah kota sangat strategis, dekat dengan pusat perbelanjaan, rumah sakit, transportasi umum, perkantoran. Kebersihannya terjaga dengan baik. Fasilitas kamar cukup lengkap : shower air panas & dingin, toiletries, mini bar, notes & pinsil. Fasilitas hotel cukup lengkap : gym, kolam renang, resto, wifi, tempat parkir luas. Keistimewaan yg berbeda dgn hotel lain, setiap pagi mobil kami sudah kinclong dibersihkan oleh staf hotel 👍🏻👏🏻 Ini kali kedua kami menginap di Santika Hotel Cirebon. Saran : varian menu makanan sarapan pagi tolong ditambah 😊 Terimakasih","January 24, 2025"
148,1477,achyar,Indonesia,Family with young children,Superior Twin,Stayed 1 night in September 2025,8.8,Excellent,Excellent,"Lokasi berdekatan lokasi perkantoran kota cirebon, kamar luas dengan cukup bersih. Kolam renang bersih dengan disediakan handuk. Staf sangat ramah dan menunjukkan inisiatif untuk membantu terutama yg bertugas di kolam renang dan kebun/ taman sekitar kolam. Untuk makanan biasa saja.","September 15, 2025"
148,1478,Inne,Indonesia,Business traveler,Superior Twin,Stayed 1 night in January 2025,8.8,Excellent,"Hotel dgn lokasi, fasilitas dan pelayanan memuaskan","Hotel dengan lokasi ditengah kota Cirebon dengan fasilitas lengkap dan pelayanan yg baik, staff yg ramah dan helpfull, membuat perjalanan bisnis menjadi menyenangkan. Kamarnya nyaman, toiletries cukup lengkap, menu breakfast beragam dan rasanya lezat. Terimakasih Hotel Santika Cirebon 🙏🏻","January 14, 2025"
148,1479,Sahid,Indonesia,Group,Superior Twin,Stayed 1 night in October 2025,10.0,Exceptional,Exceptional,Tempat yg nyaman buat istirahat saya dn keluarga ketika ke kota Cirebon apalagi kolam renangnya luas dn bersih,"October 14, 2025"
148,1480,Maemunah,Indonesia,Family with young children,Superior Twin,Stayed 2 nights in June 2025,9.6,Exceptional,Liburan Mengesankan,"Disambut dengan staf yg ramah dan pelayanan yg baik, kamarnya bersih, fasilitas lainnya lengkap (resto, kolam renang anak dan dewasa, tempat fitness)… next time bisa nginep lagi…","June 15, 2025"
149,1481,Fery,Indonesia,Family with young children,,Stayed 1 night in December 2013,8.3,Excellent,Hotel di pusat kota cirebon,Menginap semalam di hotel santika cirebon namun dapat menjangkau segala pariwisata yang ada di tengah kota cirebon bahkan sampai ke daerah kuningan,"January 12, 2014"
149,1482,Selo,Indonesia,Solo traveler,,Stayed 2 nights in January 2014,9.0,Exceptional,"Hotel yang apik, ramah dan nyaman",,"January 08, 2014"
149,1483,Paulus,Indonesia,Family with young children,,Stayed 1 night in December 2013,9.7,Exceptional,hotel yang sangat ramah dan makanan yang paling en,"Hotel ini sangat menyenangkan karena makananannya enak dan variasinya banyak. Tempatnya ditengah kota, tapi sayangnya ketika pagi hari suaranya berisik oleh pengeras suara disekelilingnya.","December 26, 2013"
149,1484,AUGUSTINUS,Indonesia,Couple,,Stayed 1 night in November 2013,4.0,,"air bau obat, kamar mandi kotor, kamar ada kecoak","Ini adalah kali kedua kami menginap di hotel ini. Yang pertama sekitar 4 tahun yang lalu. Memasuki lobby hotel, langsung bisa terlihat ada beberapa perubahan fisik dibandingkan dengan 4 tahun yang lalu. Di sebelah kanan meja resepsionis ada lounge yang tidak terlalu besar tetapi nyaman untuk duduk-duduk sambil minum kopi. Restoran yang terletak di belakang dekat dengan kolam renang, juga sudah mengalami perubahan besar, sehingga terlihat lebih cantik dan terang dibandingkan dengan sebelumnya. Untuk kamar sendiri rasanya tidak terlalu berubah Kami sempat makan malam di resotran hotel, dan baik pilihan, rasa maupun harga tidak mengecewakan. Demikian juga dengan makan pagi, pilihannya banyak, termasuk beberapa makanan khas Cirebon, dengan rasa yang enak.","November 26, 2013"
149,1485,AUGUSTINUS,Indonesia,Couple,,Stayed 1 night in November 2013,4.0,,"hotel di pusat kota, nyaman, menyenangkan","Saya dan beberapa staf berkunjung ke Kota Cirebon untuk menemui rekan bisnis. Sampai di kota Cirebon kami langsung mencari tempat untuk beristirahat yaitu penginapan. Atas saran dari beberapa teman saya mendapatkan tempat untuk menginap yang lumayan baik yaitu Hotel Santika Cirebon. Sampai di hotel kami diterima dengan baik oleh recepsionis dan beberapa staf hotel. Ada kolam renang dan baik sekali untuk bersantai, mengenai makan pagi biasa saja hanya perlu variasi menu. Kamar cukup oke, hanya saja penerangan agak kurang untuk membaca pada malam hari dan kelihatan hotel ini sudah lama berdiri. Mengenai lokasi hotel sangat strategis, dekat dengan stasiun dan mall sehingga memudahkan kami untuk bepergian. Untuk para pebisnis atau keluarga yang sedang bepergian atau berlibur di kota Cirebon Hotel Santika menjadi salah satu alternatif untuk menginap","November 25, 2013"
149,1486,Inne,Indonesia,Family with teens,Superior Twin,Stayed 1 night in January 2025,9.6,Exceptional,Nyamannya menginap di Santika Hotel Cirebon,"Lokasi hotel ditengah kota sangat strategis, dekat dengan pusat perbelanjaan, rumah sakit, transportasi umum, perkantoran. Kebersihannya terjaga dengan baik. Fasilitas kamar cukup lengkap : shower air panas & dingin, toiletries, mini bar, notes & pinsil. Fasilitas hotel cukup lengkap : gym, kolam renang, resto, wifi, tempat parkir luas. Keistimewaan yg berbeda dgn hotel lain, setiap pagi mobil kami sudah kinclong dibersihkan oleh staf hotel 👍🏻👏🏻 Ini kali kedua kami menginap di Santika Hotel Cirebon. Saran : varian menu makanan sarapan pagi tolong ditambah 😊 Terimakasih","January 24, 2025"
149,1487,achyar,Indonesia,Family with young children,Superior Twin,Stayed 1 night in September 2025,8.8,Excellent,Excellent,"Lokasi berdekatan lokasi perkantoran kota cirebon, kamar luas dengan cukup bersih. Kolam renang bersih dengan disediakan handuk. Staf sangat ramah dan menunjukkan inisiatif untuk membantu terutama yg bertugas di kolam renang dan kebun/ taman sekitar kolam. Untuk makanan biasa saja.","September 15, 2025"
149,1488,Inne,Indonesia,Business traveler,Superior Twin,Stayed 1 night in January 2025,8.8,Excellent,"Hotel dgn lokasi, fasilitas dan pelayanan memuaskan","Hotel dengan lokasi ditengah kota Cirebon dengan fasilitas lengkap dan pelayanan yg baik, staff yg ramah dan helpfull, membuat perjalanan bisnis menjadi menyenangkan. Kamarnya nyaman, toiletries cukup lengkap, menu breakfast beragam dan rasanya lezat. Terimakasih Hotel Santika Cirebon 🙏🏻","January 14, 2025"
149,1489,Sahid,Indonesia,Group,Superior Twin,Stayed 1 night in October 2025,10.0,Exceptional,Exceptional,Tempat yg nyaman buat istirahat saya dn keluarga ketika ke kota Cirebon apalagi kolam renangnya luas dn bersih,"October 14, 2025"
149,1490,Maemunah,Indonesia,Family with young children,Superior Twin,Stayed 2 nights in June 2025,9.6,Exceptional,Liburan Mengesankan,"Disambut dengan staf yg ramah dan pelayanan yg baik, kamarnya bersih, fasilitas lainnya lengkap (resto, kolam renang anak dan dewasa, tempat fitness)… next time bisa nginep lagi…","June 15, 2025"
150,1491,Anggi,Indonesia,Couple,,Stayed 1 night in October 2013,10.0,Exceptional,hotel yang indah,"kamar yang sangat nyaman, staff yang sangat raman, dan makanan yang lezat untuk dinikmati","October 28, 2013"
150,1492,Herni,Indonesia,Solo traveler,,Stayed 1 night in October 2013,8.0,Excellent,"Hotel yang nyaman,bersih dan bersahabat",,"October 16, 2013"
150,1493,nina,Indonesia,Group,,Stayed 1 night in August 2013,7.0,Very good,nyaman dan menyenangkan,"Ini kali ketiga, saya menginap di hotel ini.Walaupun hotel ini sudah cukup lama di kota Cirebon, namun hotel ini selalu menarik saya serta keluarga untuk kembali. Ruangan kamar yang nyaman dan bersih, serta menu masakan yang variatif seakan menyambut tamunya dengan keramahan khas Cirebon. Tetapi amat disayangkan perbaikan pada kamar mandi kurang maksimal karena wastafel yang ada pada kamar kami retak dan shower agak usang,sehingga perlu diganti.","August 20, 2013"
150,1494,Gemi,Indonesia,Couple,,Stayed 1 night in December 2012,7.7,Very good,good place to stay,menginap disini cukup menyenangkan karena terletak di salah satu jalan utama dan akses menuju ke segala tempat sangat mudah.,"July 30, 2013"
150,1495,Sony,Indonesia,Solo traveler,,Stayed 1 night in July 2013,7.7,Very good,Hotel Strategis Untuk Liburan,Liburan memang menjadi nyaman bagi anak-anak karena situasi hotel yang memungkinkan dalam kondisi sepi. Rate terlalu tinggi untuk jenis hotel renovasi dengan gedung yang lumayan lama dibandingkan dengan rate hotel baru dengan fasilitas baru.,"July 14, 2013"
150,1496,Inne,Indonesia,Family with teens,Superior Twin,Stayed 1 night in January 2025,9.6,Exceptional,Nyamannya menginap di Santika Hotel Cirebon,"Lokasi hotel ditengah kota sangat strategis, dekat dengan pusat perbelanjaan, rumah sakit, transportasi umum, perkantoran. Kebersihannya terjaga dengan baik. Fasilitas kamar cukup lengkap : shower air panas & dingin, toiletries, mini bar, notes & pinsil. Fasilitas hotel cukup lengkap : gym, kolam renang, resto, wifi, tempat parkir luas. Keistimewaan yg berbeda dgn hotel lain, setiap pagi mobil kami sudah kinclong dibersihkan oleh staf hotel 👍🏻👏🏻 Ini kali kedua kami menginap di Santika Hotel Cirebon. Saran : varian menu makanan sarapan pagi tolong ditambah 😊 Terimakasih","January 24, 2025"
150,1497,achyar,Indonesia,Family with young children,Superior Twin,Stayed 1 night in September 2025,8.8,Excellent,Excellent,"Lokasi berdekatan lokasi perkantoran kota cirebon, kamar luas dengan cukup bersih. Kolam renang bersih dengan disediakan handuk. Staf sangat ramah dan menunjukkan inisiatif untuk membantu terutama yg bertugas di kolam renang dan kebun/ taman sekitar kolam. Untuk makanan biasa saja.","September 15, 2025"
150,1498,Inne,Indonesia,Business traveler,Superior Twin,Stayed 1 night in January 2025,8.8,Excellent,"Hotel dgn lokasi, fasilitas dan pelayanan memuaskan","Hotel dengan lokasi ditengah kota Cirebon dengan fasilitas lengkap dan pelayanan yg baik, staff yg ramah dan helpfull, membuat perjalanan bisnis menjadi menyenangkan. Kamarnya nyaman, toiletries cukup lengkap, menu breakfast beragam dan rasanya lezat. Terimakasih Hotel Santika Cirebon 🙏🏻","January 14, 2025"
150,1499,Sahid,Indonesia,Group,Superior Twin,Stayed 1 night in October 2025,10.0,Exceptional,Exceptional,Tempat yg nyaman buat istirahat saya dn keluarga ketika ke kota Cirebon apalagi kolam renangnya luas dn bersih,"October 14, 2025"
150,1500,Maemunah,Indonesia,Family with young children,Superior Twin,Stayed 2 nights in June 2025,9.6,Exceptional,Liburan Mengesankan,"Disambut dengan staf yg ramah dan pelayanan yg baik, kamarnya bersih, fasilitas lainnya lengkap (resto, kolam renang anak dan dewasa, tempat fitness)… next time bisa nginep lagi…","June 15, 2025"
151,1501,Sie,Indonesia,Family with young children,,Stayed 1 night in July 2013,7.3,Very good,"Lokasi yang bagus, kolam renang yang besar","sangat mengesankan tinggal di santika cirebon, staff yang sangat helpfull. kamar sedikit tua walau masih nyaman","July 10, 2013"
151,1502,Wita,Indonesia,Business traveler,,Stayed 1 night in June 2013,6.0,,Hotel dengan Kolam Renang yang nyaman,,"July 01, 2013"
151,1503,emir,Indonesia,Business traveler,,Stayed 1 night in December 2012,8.0,Excellent,Perjalanan Bisnis,Perngalaman pertama ke kota Cirebon. Lokasi hotel sangat dengan stasiun kereta api. Hotel menyediakan fasilitas antar jemput ke Stasiun KA.,"June 20, 2013"
151,1504,astriana,Indonesia,Family with teens,,Stayed 1 night in June 2013,7.0,Very good,menyenangkan,menyenangkan dekat dengan wisata kuliner yang ada di sana,"June 12, 2013"
151,1505,Herwin,Indonesia,Couple,,Stayed 1 night in November 2012,8.3,Excellent,Menyenangkan menginap di hotel santika.,"Hotel yang oke banget di Cirebon, staff yang sangat komunikatif.","May 21, 2013"
151,1506,Inne,Indonesia,Family with teens,Superior Twin,Stayed 1 night in January 2025,9.6,Exceptional,Nyamannya menginap di Santika Hotel Cirebon,"Lokasi hotel ditengah kota sangat strategis, dekat dengan pusat perbelanjaan, rumah sakit, transportasi umum, perkantoran. Kebersihannya terjaga dengan baik. Fasilitas kamar cukup lengkap : shower air panas & dingin, toiletries, mini bar, notes & pinsil. Fasilitas hotel cukup lengkap : gym, kolam renang, resto, wifi, tempat parkir luas. Keistimewaan yg berbeda dgn hotel lain, setiap pagi mobil kami sudah kinclong dibersihkan oleh staf hotel 👍🏻👏🏻 Ini kali kedua kami menginap di Santika Hotel Cirebon. Saran : varian menu makanan sarapan pagi tolong ditambah 😊 Terimakasih","January 24, 2025"
151,1507,achyar,Indonesia,Family with young children,Superior Twin,Stayed 1 night in September 2025,8.8,Excellent,Excellent,"Lokasi berdekatan lokasi perkantoran kota cirebon, kamar luas dengan cukup bersih. Kolam renang bersih dengan disediakan handuk. Staf sangat ramah dan menunjukkan inisiatif untuk membantu terutama yg bertugas di kolam renang dan kebun/ taman sekitar kolam. Untuk makanan biasa saja.","September 15, 2025"
151,1508,Inne,Indonesia,Business traveler,Superior Twin,Stayed 1 night in January 2025,8.8,Excellent,"Hotel dgn lokasi, fasilitas dan pelayanan memuaskan","Hotel dengan lokasi ditengah kota Cirebon dengan fasilitas lengkap dan pelayanan yg baik, staff yg ramah dan helpfull, membuat perjalanan bisnis menjadi menyenangkan. Kamarnya nyaman, toiletries cukup lengkap, menu breakfast beragam dan rasanya lezat. Terimakasih Hotel Santika Cirebon 🙏🏻","January 14, 2025"
151,1509,Sahid,Indonesia,Group,Superior Twin,Stayed 1 night in October 2025,10.0,Exceptional,Exceptional,Tempat yg nyaman buat istirahat saya dn keluarga ketika ke kota Cirebon apalagi kolam renangnya luas dn bersih,"October 14, 2025"
151,1510,Maemunah,Indonesia,Family with young children,Superior Twin,Stayed 2 nights in June 2025,9.6,Exceptional,Liburan Mengesankan,"Disambut dengan staf yg ramah dan pelayanan yg baik, kamarnya bersih, fasilitas lainnya lengkap (resto, kolam renang anak dan dewasa, tempat fitness)… next time bisa nginep lagi…","June 15, 2025"
152,1511,Ratna,Indonesia,Solo traveler,,Stayed 1 night in May 2013,7.3,Very good,Hotel yang nyaman buat keluarga,"Hotel Santika ini nyaman, terletak di tengah kota, dan mudah untuk mencapai Trusmi untuk belanja batik. Sarapannya lengkap, terutama dengan adanya beberapa makanan khas Cirebon membuat kami sekeluarga puas. Sayang, walaupun kami memesan kamar non-smoking, tercium bau bekas rokok di kamar tersebut, serta ada bekas puntung rokok di depan kamar. Secara keseluruhan hotel ini nyaman dan recommended.","May 15, 2013"
152,1512,sherly,Indonesia,Business traveler,,Stayed 1 night in May 2013,9.0,Exceptional,lokasi bagus di pusat kota,"pelayanan nya memuaskan, kamar yang bersih, staf yang ramah, fasilitas hotel yang lengkap.","May 13, 2013"
152,1513,atria,Indonesia,Family with young children,,Stayed 2 nights in April 2013,7.7,Very good,Hotel ini sangat baik untuk keluarga.,"Sangat menyenangkan terutama bagi keluarga, dengan swimming pool yg bersahabat dgn anak2 dan airnya hangat","April 19, 2013"
152,1514,Bambang,Indonesia,Business traveler,,Stayed 1 night in April 2013,7.0,Very good,Hotel yang cocok untuk perjalanan bisnis,,"April 16, 2013"
152,1515,rudy,Indonesia,Family with teens,,Stayed 1 night in March 2013,10.0,Exceptional,"nyaman, damai, dekat kemana-mana...",ruar biasa ... kalau ke cirebon kami akan menginap disini...,"April 05, 2013"
152,1516,Inne,Indonesia,Family with teens,Superior Twin,Stayed 1 night in January 2025,9.6,Exceptional,Nyamannya menginap di Santika Hotel Cirebon,"Lokasi hotel ditengah kota sangat strategis, dekat dengan pusat perbelanjaan, rumah sakit, transportasi umum, perkantoran. Kebersihannya terjaga dengan baik. Fasilitas kamar cukup lengkap : shower air panas & dingin, toiletries, mini bar, notes & pinsil. Fasilitas hotel cukup lengkap : gym, kolam renang, resto, wifi, tempat parkir luas. Keistimewaan yg berbeda dgn hotel lain, setiap pagi mobil kami sudah kinclong dibersihkan oleh staf hotel 👍🏻👏🏻 Ini kali kedua kami menginap di Santika Hotel Cirebon. Saran : varian menu makanan sarapan pagi tolong ditambah 😊 Terimakasih","January 24, 2025"
152,1517,achyar,Indonesia,Family with young children,Superior Twin,Stayed 1 night in September 2025,8.8,Excellent,Excellent,"Lokasi berdekatan lokasi perkantoran kota cirebon, kamar luas dengan cukup bersih. Kolam renang bersih dengan disediakan handuk. Staf sangat ramah dan menunjukkan inisiatif untuk membantu terutama yg bertugas di kolam renang dan kebun/ taman sekitar kolam. Untuk makanan biasa saja.","September 15, 2025"
152,1518,Inne,Indonesia,Business traveler,Superior Twin,Stayed 1 night in January 2025,8.8,Excellent,"Hotel dgn lokasi, fasilitas dan pelayanan memuaskan","Hotel dengan lokasi ditengah kota Cirebon dengan fasilitas lengkap dan pelayanan yg baik, staff yg ramah dan helpfull, membuat perjalanan bisnis menjadi menyenangkan. Kamarnya nyaman, toiletries cukup lengkap, menu breakfast beragam dan rasanya lezat. Terimakasih Hotel Santika Cirebon 🙏🏻","January 14, 2025"
152,1519,Sahid,Indonesia,Group,Superior Twin,Stayed 1 night in October 2025,10.0,Exceptional,Exceptional,Tempat yg nyaman buat istirahat saya dn keluarga ketika ke kota Cirebon apalagi kolam renangnya luas dn bersih,"October 14, 2025"
152,1520,Maemunah,Indonesia,Family with young children,Superior Twin,Stayed 2 nights in June 2025,9.6,Exceptional,Liburan Mengesankan,"Disambut dengan staf yg ramah dan pelayanan yg baik, kamarnya bersih, fasilitas lainnya lengkap (resto, kolam renang anak dan dewasa, tempat fitness)… next time bisa nginep lagi…","June 15, 2025"
153,1521,yunizar,Indonesia,Solo traveler,,Stayed 1 night in March 2013,6.7,Good,Hotel ini sangat baik untuk membawa keluarga,"kami sangat berkesan baik atas hotel ini, bila kami ke cirebon akan menginap dihotel ini lagi","March 20, 2013"
153,1522,Yuanita,Indonesia,Couple,,Stayed 2 nights in February 2013,8.7,Excellent,Hotel dengan pelayanan semakin baik,"Kami kembali menginap di hotel ini untuk kedua kalinya. Awalnya abang becak yang mengantar kami ke hotel sempat ragu masuk ke pelataran, tetapi dengan sigap dan murah senyum satpam hotel mempersilahkan abang becak untuk segera masuk menurunkan penumpang di depan lobi, tidak lupa mengucapkan selamat datang kepada kami. Walau kami tahu sebenarnya ada fasilitas antar jemput hotel-stasiun/ terminal/ lokasi lain (khusus dalam kota Cirebon), tetapi kami memilih naik becak untuk lebih menikmati suasana kota Cirebon. Pada kunjungan kedua kami disuguhi minuman selamat datang berupa jus buah. Kamar mandi yang dulu sempat bermasalah tidak kami dapati kali ini. Pilihan menu makanan masih sedikit, harga sedikit mahal dengan status hotel bintang tiga, tetapi rasa masakan yang kami pesan tidak mengecewakan. Suasana kamar nyaman, fasilitas berenang gratis, fitnes gratis, antar jemput tamu ke penjuru kota Cirebon gratis, dengan atau tanpa tips kepada supir pelayanan kepada tamu tetap sangat ramah dan bersahabat. pelayanan in room dining juga tergolong cepat. Menu sarapan pagi bervariasi dan menu lokal selalu berbeda setiap harinya kecuali nasi jamblang pasti selalu tersedia setiap pagi. Variasi menu sarapan standar bintang tiga, rasa juga lumayan. Fasilitas antar ke stasiun ketika cek out kami gunakan dengan gratis, dengan tidak mengurangi keramahan staf dan supir hotel. Kalau mampir ke Cirebon kami merekomendasikan hotel ini untuk ditinggali.","February 24, 2013"
153,1523,herman,Indonesia,Couple,,Stayed 1 night in February 2013,8.7,Excellent,htoel yang asri,"hotel ini sangat terbuka dan ramah, hijau dan asri di dalam lingkungan hotel. memberikan suasana yang nyaman.","February 24, 2013"
153,1524,Lidya,Indonesia,Family with teens,,Stayed 1 night in February 2013,9.7,Exceptional,Hotel yang nyaman,"Pelayanan yang menyenangkan dari petugas hotel dan sangat informatif, ketika kami menanyakan tempat makan atau souvenir, petugas hotel menjelaskannya dengan map/peta yg digambar..","February 20, 2013"
153,1525,Lidya,Indonesia,Family with teens,,Stayed 1 night in February 2013,9.0,Exceptional,Fasilitas dan pelayanan sangat memuaskan,"Staf melayani dengan ramah, kamar langsung tersedia tanpa harus menunggu, kondisi kamar bersih, kolam renang untuk anak-anak juga memadai. Breakfast disediakan makanan khas Cirebon. Lokasi dekat dengan wisata kuliner Empal Gentong Mang Dharma.","February 14, 2013"
153,1526,Inne,Indonesia,Family with teens,Superior Twin,Stayed 1 night in January 2025,9.6,Exceptional,Nyamannya menginap di Santika Hotel Cirebon,"Lokasi hotel ditengah kota sangat strategis, dekat dengan pusat perbelanjaan, rumah sakit, transportasi umum, perkantoran. Kebersihannya terjaga dengan baik. Fasilitas kamar cukup lengkap : shower air panas & dingin, toiletries, mini bar, notes & pinsil. Fasilitas hotel cukup lengkap : gym, kolam renang, resto, wifi, tempat parkir luas. Keistimewaan yg berbeda dgn hotel lain, setiap pagi mobil kami sudah kinclong dibersihkan oleh staf hotel 👍🏻👏🏻 Ini kali kedua kami menginap di Santika Hotel Cirebon. Saran : varian menu makanan sarapan pagi tolong ditambah 😊 Terimakasih","January 24, 2025"
153,1527,achyar,Indonesia,Family with young children,Superior Twin,Stayed 1 night in September 2025,8.8,Excellent,Excellent,"Lokasi berdekatan lokasi perkantoran kota cirebon, kamar luas dengan cukup bersih. Kolam renang bersih dengan disediakan handuk. Staf sangat ramah dan menunjukkan inisiatif untuk membantu terutama yg bertugas di kolam renang dan kebun/ taman sekitar kolam. Untuk makanan biasa saja.","September 15, 2025"
153,1528,Inne,Indonesia,Business traveler,Superior Twin,Stayed 1 night in January 2025,8.8,Excellent,"Hotel dgn lokasi, fasilitas dan pelayanan memuaskan","Hotel dengan lokasi ditengah kota Cirebon dengan fasilitas lengkap dan pelayanan yg baik, staff yg ramah dan helpfull, membuat perjalanan bisnis menjadi menyenangkan. Kamarnya nyaman, toiletries cukup lengkap, menu breakfast beragam dan rasanya lezat. Terimakasih Hotel Santika Cirebon 🙏🏻","January 14, 2025"
153,1529,Sahid,Indonesia,Group,Superior Twin,Stayed 1 night in October 2025,10.0,Exceptional,Exceptional,Tempat yg nyaman buat istirahat saya dn keluarga ketika ke kota Cirebon apalagi kolam renangnya luas dn bersih,"October 14, 2025"
153,1530,Maemunah,Indonesia,Family with young children,Superior Twin,Stayed 2 nights in June 2025,9.6,Exceptional,Liburan Mengesankan,"Disambut dengan staf yg ramah dan pelayanan yg baik, kamarnya bersih, fasilitas lainnya lengkap (resto, kolam renang anak dan dewasa, tempat fitness)… next time bisa nginep lagi…","June 15, 2025"
154,1531,Hetty,Indonesia,Group,,Stayed 1 night in February 2013,8.7,Excellent,Hotel dan pelayanan yang penuh senyuman,"pelayanan mulai dari penjemputan dari stasiun kereta api sampai pada waktu check-out sangat memuaskan. ruangan kamar dan kamar mandi bersih. pelayanan di tempat sarapan juga sangat ramah. yang sedikit kurang hanya pada jenis makanan, rasanya enak tapi kurang variatif. lokasi sangat strategis, dekat dengan tempat makan dan pusat perbelanjaan serta stasiun kereta api.","February 13, 2013"
154,1532,Jakub,Indonesia,Business traveler,,Stayed 1 night in February 2013,8.0,Excellent,Hotel nyaman lokasi strategis,Lokasi yang strategis namun sayangnya disebelah hotel adalah gedung pemerintahan dan pada saat sarapan pagi di hari Jumat terganggu dengan suara musik senam massal... namun menu makanan cukup oke dengan menu tradisional nasi yang dibungkus dengan daun jati....,"February 12, 2013"
154,1533,Sherly,Indonesia,Business traveler,,Stayed 1 night in January 2013,6.0,,Business hotel,"Cukup bagus, variasi makanan paginya lumayan walaupun tidak banyak tapi TV yg ada di kamar kecil sekali untuk harga yang lumayan mahal","February 03, 2013"
154,1534,Juprianto,Indonesia,Solo traveler,,Stayed 1 night in January 2013,8.0,Excellent,Hotel cukup bagus dengan harga murah strategis,Hotel Santika memuaskan karena mulai tiba di Stasiun Cirebon dijemput dengan menggunakan mobil yang nyaman dan sampai dihotel sudah disiapkan sesuai pesanan saya per telepon sehingga begitu tiba tanda tangan cek in langsung dapat kunci setelah tiba di depan kamar kami melihat ke belakang di suguhi pemandangangunung yang menjulang tinggi dan kami masuk ke kamar membuka jendela disuguhi pemandangan kolam renang yang berwarna biru sehingga sore itupun saya turun untuk berenang dan kolam renang sangat bersih dan banyak tamu berenang dan ada yang fitness sampai jam 9 malam,"January 31, 2013"
154,1535,Ramayani,Indonesia,Family with teens,,Stayed 1 night in January 2013,9.7,Exceptional,hotel yang okey dan kamar yang nyaman,tidur di sini serasa tidur dimana gitu karena sangat nyaman dan membuat betah. makan paginya enak dan lengkap,"January 30, 2013"
154,1536,Inne,Indonesia,Family with teens,Superior Twin,Stayed 1 night in January 2025,9.6,Exceptional,Nyamannya menginap di Santika Hotel Cirebon,"Lokasi hotel ditengah kota sangat strategis, dekat dengan pusat perbelanjaan, rumah sakit, transportasi umum, perkantoran. Kebersihannya terjaga dengan baik. Fasilitas kamar cukup lengkap : shower air panas & dingin, toiletries, mini bar, notes & pinsil. Fasilitas hotel cukup lengkap : gym, kolam renang, resto, wifi, tempat parkir luas. Keistimewaan yg berbeda dgn hotel lain, setiap pagi mobil kami sudah kinclong dibersihkan oleh staf hotel 👍🏻👏🏻 Ini kali kedua kami menginap di Santika Hotel Cirebon. Saran : varian menu makanan sarapan pagi tolong ditambah 😊 Terimakasih","January 24, 2025"
154,1537,achyar,Indonesia,Family with young children,Superior Twin,Stayed 1 night in September 2025,8.8,Excellent,Excellent,"Lokasi berdekatan lokasi perkantoran kota cirebon, kamar luas dengan cukup bersih. Kolam renang bersih dengan disediakan handuk. Staf sangat ramah dan menunjukkan inisiatif untuk membantu terutama yg bertugas di kolam renang dan kebun/ taman sekitar kolam. Untuk makanan biasa saja.","September 15, 2025"
154,1538,Inne,Indonesia,Business traveler,Superior Twin,Stayed 1 night in January 2025,8.8,Excellent,"Hotel dgn lokasi, fasilitas dan pelayanan memuaskan","Hotel dengan lokasi ditengah kota Cirebon dengan fasilitas lengkap dan pelayanan yg baik, staff yg ramah dan helpfull, membuat perjalanan bisnis menjadi menyenangkan. Kamarnya nyaman, toiletries cukup lengkap, menu breakfast beragam dan rasanya lezat. Terimakasih Hotel Santika Cirebon 🙏🏻","January 14, 2025"
154,1539,Sahid,Indonesia,Group,Superior Twin,Stayed 1 night in October 2025,10.0,Exceptional,Exceptional,Tempat yg nyaman buat istirahat saya dn keluarga ketika ke kota Cirebon apalagi kolam renangnya luas dn bersih,"October 14, 2025"
154,1540,Maemunah,Indonesia,Family with young children,Superior Twin,Stayed 2 nights in June 2025,9.6,Exceptional,Liburan Mengesankan,"Disambut dengan staf yg ramah dan pelayanan yg baik, kamarnya bersih, fasilitas lainnya lengkap (resto, kolam renang anak dan dewasa, tempat fitness)… next time bisa nginep lagi…","June 15, 2025"
155,1541,Ferry,Indonesia,Family with teens,,Stayed 1 night in January 2013,8.0,Excellent,"""Nyaman, Serasa di Rumah Sendiri""","Suasana Kamar yang Nyaman, serasa di Rumah Sendiri. Tempat yang Strategis dekat ke pusat kota dan tempat-tempat penting. Pelayanan Cukup Ramah.","January 29, 2013"
155,1542,Rony,Indonesia,Family with young children,,Stayed 1 night in January 2013,8.7,Excellent,Hotel dengan pelayanan yg ramah,"Pelanan staff hotel sangat ramah, dan fasilitas hotel lengkap seperti kolam renang anak, fitness, dan free wifi. Menu breakfast juga lengkap dan terdapat menu ""nasi jambang"" yang nikmat. Cocok untuk hotel keluarga dan business","January 24, 2013"
155,1543,Yuanita,Indonesia,Couple,,Stayed 1 night in January 2013,7.7,Very good,Hotel Strategis dengan pelayanan sangat ramah,"Sambutan petugas hotel untuk tamu sangat ramah, kamar hotel nyaman, hanya saja saluran pembuangan kamar mandi seperti tersumbat, jadi setelah digunakan air akan tetap menggenang di lantai cukup lama. Televisi layar datar yang disediakan kurang lebar. Menu restoran cukup bervariasi, saran saya cobalah menu lokal, rasanya tidak mengecewakan. Suasana restoran sendiri menyenangkan, pelayan hotel yang ramah selalu sigap membersihkan peralatan makan yang sudah tidak dipakai dan selalu menawarkan mengambilkan/ membuat minuman untuk kami. Ada koran Kompas gratis untuk tamu yang digantung di depan pintu setelah kami kembali dari sarapan pagi. Walau tidak dibilang terlalu mewah, suasana hotel bernuansa tradisional, modern, dan ramah kepada tamu. Skala 1-10 kami beri nilai 7,5.","January 19, 2013"
155,1544,Abi,Indonesia,Family with young children,,Stayed 2 nights in December 2012,6.0,,Hotel dengan lokasi yang bagus,Lokasinya dekat dengan pusat kota. Staffnya ramah. Dan yang paling penting anak saya suka karena fasilitas wifinya baik di lobby atau di kamar sangat OK.,"January 12, 2013"
155,1545,Dedi,Indonesia,Family with teens,,Stayed 1 night in December 2012,10.0,Exceptional,Hotel layanan bagus,"Kamar bagus ,, kamar mandi luas ,, view mengahadap ke swiming pool ... keren abisss","January 07, 2013"
155,1546,Inne,Indonesia,Family with teens,Superior Twin,Stayed 1 night in January 2025,9.6,Exceptional,Nyamannya menginap di Santika Hotel Cirebon,"Lokasi hotel ditengah kota sangat strategis, dekat dengan pusat perbelanjaan, rumah sakit, transportasi umum, perkantoran. Kebersihannya terjaga dengan baik. Fasilitas kamar cukup lengkap : shower air panas & dingin, toiletries, mini bar, notes & pinsil. Fasilitas hotel cukup lengkap : gym, kolam renang, resto, wifi, tempat parkir luas. Keistimewaan yg berbeda dgn hotel lain, setiap pagi mobil kami sudah kinclong dibersihkan oleh staf hotel 👍🏻👏🏻 Ini kali kedua kami menginap di Santika Hotel Cirebon. Saran : varian menu makanan sarapan pagi tolong ditambah 😊 Terimakasih","January 24, 2025"
155,1547,achyar,Indonesia,Family with young children,Superior Twin,Stayed 1 night in September 2025,8.8,Excellent,Excellent,"Lokasi berdekatan lokasi perkantoran kota cirebon, kamar luas dengan cukup bersih. Kolam renang bersih dengan disediakan handuk. Staf sangat ramah dan menunjukkan inisiatif untuk membantu terutama yg bertugas di kolam renang dan kebun/ taman sekitar kolam. Untuk makanan biasa saja.","September 15, 2025"
155,1548,Inne,Indonesia,Business traveler,Superior Twin,Stayed 1 night in January 2025,8.8,Excellent,"Hotel dgn lokasi, fasilitas dan pelayanan memuaskan","Hotel dengan lokasi ditengah kota Cirebon dengan fasilitas lengkap dan pelayanan yg baik, staff yg ramah dan helpfull, membuat perjalanan bisnis menjadi menyenangkan. Kamarnya nyaman, toiletries cukup lengkap, menu breakfast beragam dan rasanya lezat. Terimakasih Hotel Santika Cirebon 🙏🏻","January 14, 2025"
155,1549,Sahid,Indonesia,Group,Superior Twin,Stayed 1 night in October 2025,10.0,Exceptional,Exceptional,Tempat yg nyaman buat istirahat saya dn keluarga ketika ke kota Cirebon apalagi kolam renangnya luas dn bersih,"October 14, 2025"
155,1550,Maemunah,Indonesia,Family with young children,Superior Twin,Stayed 2 nights in June 2025,9.6,Exceptional,Liburan Mengesankan,"Disambut dengan staf yg ramah dan pelayanan yg baik, kamarnya bersih, fasilitas lainnya lengkap (resto, kolam renang anak dan dewasa, tempat fitness)… next time bisa nginep lagi…","June 15, 2025"
156,1551,Suryadi,Indonesia,Family with young children,,Stayed 1 night in December 2012,6.7,Good,Hotel yang nyaman dan tidak terlalu mahal,"Kamar bersih, kamar mandi besar, kolam renang besar, parkir mobil terbatas, staff hotel kurang sigap, lokasi hotel di tengah kota, akses ke hotel gampang.","January 05, 2013"
156,1552,IRENA,Indonesia,Family with teens,,Stayed 1 night in December 2012,5.3,,-,"Kondisi lantai kamar berdebu & tidak nyaman bagi anak"" saya yg memilik alergi debu.","January 03, 2013"
156,1553,Sony,Indonesia,Family with teens,,Stayed 1 night in December 2012,8.0,Excellent,Hotel yang menyenangkan untuk liburan,"Hotel yang hebat dan anak-anak suka dengan suasana, makanan, lokasi dan juga kolam renang +firness centrenya","January 02, 2013"
156,1554,andreas,Indonesia,Family with teens,,Stayed 1 night in December 2012,7.7,Very good,Hotel yang nyaman dengan lokasi di dalam kota,"Kami datang untuk berlibur ke kota cirebon, hotel ini cocok sebagai hotel resort di tengah kota, kamar luas, fasilitas baik & breakfastnya sangat beragam terutama adanya makanan khas Cirebon ( nasi lengko, empal gentong, nasi jamblang, dll. ) Lokasi tidak jauh dari Grage Mall.","January 02, 2013"
156,1555,Nugraha,Indonesia,Family with teens,,Stayed 1 night in December 2012,9.7,Exceptional,Hotel yang Nyaman untuk Keluarga,"Walaupun kami hanya menginap satu malam di hotel Santika Cirebon, tapi sungguh merupakan satu pengalaman yang menyenangkan. Proses check in yang cepat, petugas yang ramah, bahkan kami juga memperoleh welcome drink. Walaupun kamar tidak terlalu besar, tapi bersih dan sangat nyaman. Menu breakfast yang lengkap, disukai oleh dewasa maupun anak-anak. Bahkan menu tradisional Cirebon seperti nasi jamblang juga disajikan pada menu breakfast. Fasilitas kolam renang juga sangat memuaskan.Kami sangat menyukai kebersihan kolam renang-nya. Saat check out-pun petugas melayani dengan cepat.Hotel Santika cirebon pilihan terbaik untuk keluarga bila berkunjung ke Cirebon.","January 01, 2013"
156,1556,Inne,Indonesia,Family with teens,Superior Twin,Stayed 1 night in January 2025,9.6,Exceptional,Nyamannya menginap di Santika Hotel Cirebon,"Lokasi hotel ditengah kota sangat strategis, dekat dengan pusat perbelanjaan, rumah sakit, transportasi umum, perkantoran. Kebersihannya terjaga dengan baik. Fasilitas kamar cukup lengkap : shower air panas & dingin, toiletries, mini bar, notes & pinsil. Fasilitas hotel cukup lengkap : gym, kolam renang, resto, wifi, tempat parkir luas. Keistimewaan yg berbeda dgn hotel lain, setiap pagi mobil kami sudah kinclong dibersihkan oleh staf hotel 👍🏻👏🏻 Ini kali kedua kami menginap di Santika Hotel Cirebon. Saran : varian menu makanan sarapan pagi tolong ditambah 😊 Terimakasih","January 24, 2025"
156,1557,achyar,Indonesia,Family with young children,Superior Twin,Stayed 1 night in September 2025,8.8,Excellent,Excellent,"Lokasi berdekatan lokasi perkantoran kota cirebon, kamar luas dengan cukup bersih. Kolam renang bersih dengan disediakan handuk. Staf sangat ramah dan menunjukkan inisiatif untuk membantu terutama yg bertugas di kolam renang dan kebun/ taman sekitar kolam. Untuk makanan biasa saja.","September 15, 2025"
156,1558,Inne,Indonesia,Business traveler,Superior Twin,Stayed 1 night in January 2025,8.8,Excellent,"Hotel dgn lokasi, fasilitas dan pelayanan memuaskan","Hotel dengan lokasi ditengah kota Cirebon dengan fasilitas lengkap dan pelayanan yg baik, staff yg ramah dan helpfull, membuat perjalanan bisnis menjadi menyenangkan. Kamarnya nyaman, toiletries cukup lengkap, menu breakfast beragam dan rasanya lezat. Terimakasih Hotel Santika Cirebon 🙏🏻","January 14, 2025"
156,1559,Sahid,Indonesia,Group,Superior Twin,Stayed 1 night in October 2025,10.0,Exceptional,Exceptional,Tempat yg nyaman buat istirahat saya dn keluarga ketika ke kota Cirebon apalagi kolam renangnya luas dn bersih,"October 14, 2025"
156,1560,Maemunah,Indonesia,Family with young children,Superior Twin,Stayed 2 nights in June 2025,9.6,Exceptional,Liburan Mengesankan,"Disambut dengan staf yg ramah dan pelayanan yg baik, kamarnya bersih, fasilitas lainnya lengkap (resto, kolam renang anak dan dewasa, tempat fitness)… next time bisa nginep lagi…","June 15, 2025"
157,1561,Abdi,Indonesia,Group,,Stayed 1 night in December 2012,8.7,Excellent,Hotel ditengah kota yang nyaman dengan kamar luas,"Pelayanan saat check-in dan check-out cepat dan efisien. Pegawai hotel ramah dan membantu untuk mengurus perjalanan. Kamarnya pun cukup luas dan nyaman, dengan fasilitas yang memadai. Lokasi berada di tengah kota, sehingga memudahkan untuk mencari makanan khas Cirebon dan membeli oleh-oleh. Open space yang tersedia menambah kenyamanan hotel secara keseluruhan","December 31, 2012"
157,1562,puji,Indonesia,Family with young children,,Stayed 1 night in December 2012,8.3,Excellent,hotel dan layanan yang bagus dan bersih,proses check in cepat. kamar sesuai dengan pesanan. kondisi kamar bagus dan bersih. lokasi cukup bagus. tenang. breakfast lengkap dengan berbagai makanan khas daerah. pelayanan ramah.,"December 26, 2012"
157,1563,emir,Indonesia,Business traveler,,Stayed 1 night in December 2012,8.7,Excellent,Lokasi tidak jauh dari stasiun kereta api,"Saya menginap selama 1 malam dalam rangka kunjungan kerja. Sambutan yang ramah dari staf hotel dalam menerima kedatangan saya. Fasilitas minibar gratis (walaupun) hanya 3 item, cukup memuaskan. Suasana hotel cukup tenang walaupun berada di pinggir jalan raya. Kolam renang hotel juga cukup baik. Satu hal yang menjadi kekurangan adalah fasilitas air yang mati pada pukul 04.00 pagi sehingga menyulitkan untuk ber-wudhu.","December 11, 2012"
157,1564,Adhi,Indonesia,Business traveler,,Stayed 2 nights in November 2012,7.7,Very good,Great Location,Lokasi Hotel sangat bagus karena dekat sekali dengan Stasiun kereta api sehingga tidak takut terlambat. Dan juga sangat dekat dengan pusat pertokoan.,"December 04, 2012"
157,1565,Adhi,Indonesia,Business traveler,,Stayed 2 nights in November 2012,7.7,Very good,Lovely Hotel,Hotel Santika Cirebon sangat bagus lokasinya karena dekat dengan stasiun sehingga mudah mencapainya.,"November 29, 2012"
157,1566,Inne,Indonesia,Family with teens,Superior Twin,Stayed 1 night in January 2025,9.6,Exceptional,Nyamannya menginap di Santika Hotel Cirebon,"Lokasi hotel ditengah kota sangat strategis, dekat dengan pusat perbelanjaan, rumah sakit, transportasi umum, perkantoran. Kebersihannya terjaga dengan baik. Fasilitas kamar cukup lengkap : shower air panas & dingin, toiletries, mini bar, notes & pinsil. Fasilitas hotel cukup lengkap : gym, kolam renang, resto, wifi, tempat parkir luas. Keistimewaan yg berbeda dgn hotel lain, setiap pagi mobil kami sudah kinclong dibersihkan oleh staf hotel 👍🏻👏🏻 Ini kali kedua kami menginap di Santika Hotel Cirebon. Saran : varian menu makanan sarapan pagi tolong ditambah 😊 Terimakasih","January 24, 2025"
157,1567,achyar,Indonesia,Family with young children,Superior Twin,Stayed 1 night in September 2025,8.8,Excellent,Excellent,"Lokasi berdekatan lokasi perkantoran kota cirebon, kamar luas dengan cukup bersih. Kolam renang bersih dengan disediakan handuk. Staf sangat ramah dan menunjukkan inisiatif untuk membantu terutama yg bertugas di kolam renang dan kebun/ taman sekitar kolam. Untuk makanan biasa saja.","September 15, 2025"
157,1568,Inne,Indonesia,Business traveler,Superior Twin,Stayed 1 night in January 2025,8.8,Excellent,"Hotel dgn lokasi, fasilitas dan pelayanan memuaskan","Hotel dengan lokasi ditengah kota Cirebon dengan fasilitas lengkap dan pelayanan yg baik, staff yg ramah dan helpfull, membuat perjalanan bisnis menjadi menyenangkan. Kamarnya nyaman, toiletries cukup lengkap, menu breakfast beragam dan rasanya lezat. Terimakasih Hotel Santika Cirebon 🙏🏻","January 14, 2025"
157,1569,Sahid,Indonesia,Group,Superior Twin,Stayed 1 night in October 2025,10.0,Exceptional,Exceptional,Tempat yg nyaman buat istirahat saya dn keluarga ketika ke kota Cirebon apalagi kolam renangnya luas dn bersih,"October 14, 2025"
157,1570,Maemunah,Indonesia,Family with young children,Superior Twin,Stayed 2 nights in June 2025,9.6,Exceptional,Liburan Mengesankan,"Disambut dengan staf yg ramah dan pelayanan yg baik, kamarnya bersih, fasilitas lainnya lengkap (resto, kolam renang anak dan dewasa, tempat fitness)… next time bisa nginep lagi…","June 15, 2025"
158,1571,Yosafat,Indonesia,Couple,,Stayed 1 night in November 2012,7.0,Very good,hotel dengan suasana asri,"Secara keseluruhan bagus, hanya furnish sudah kelihatan lama dan kamar mandi juga sudah kurang kelihatan bagus, menu sarapan pagi dengan menyajikan makanan khas setempat ok tapi sebaiknya juga jenis makanan yang lainnya juga lebih berfariasi karena tidak semua tamu bisa makan makanan khas setempat.","November 25, 2012"
158,1572,Dicky,Indonesia,Business traveler,,Stayed 1 night in November 2012,8.7,Excellent,Value for money,"Lokasinya yg cukup strategis. Dekat dengan mall dan hanya 5menit menuju stasium kereta. Makanan saat sarapan enak dgn menu lokal seperti nasi jamblang, empal gentong. Sedangkan makanan room service seperti lamb chop terlalu asin. Free wifi namun cukup lemot. Free transfer ke stasium kereta. Tiket kereta juga dpt dgn mudah dipesan di front office.","November 24, 2012"
158,1573,Sugeng,Indonesia,Family with teens,,Stayed 2 nights in May 2012,9.0,Exceptional,great hotel with big rooms,"lokasi hotel tidak terlalu jauh dari pusat kota, kamar yang cukup luas untuk ukurannya dan sangat rapi serta bersih pada saat kita memasukinya, begitu juga dengan kamar mandinya hanya tempat parkir yang tidak begitu luas tapi secara keseluruhan hotel cukup bagus.","November 23, 2012"
158,1574,SARAH,Indonesia,Family with young children,,Stayed 1 night in November 2012,8.0,Excellent,Hotel dengan kenyamanan,"suasana hotel yang nyaman dan lokasi mudah dijangkau, berada di tengah kota, dengan fasilitas kolam renang yang menyenangkan untuk liburan keluarga..","November 22, 2012"
158,1575,Retno,Indonesia,Family with teens,,Stayed 1 night in June 2012,6.3,Good,hotel menarik tetapi pelayanan kurang,tempat tidur twin sangat kecil untuk harga kamar yg kami bayar. bel boy kurang siap dan tidak ada pada saat datang.,"November 05, 2012"
158,1576,Inne,Indonesia,Family with teens,Superior Twin,Stayed 1 night in January 2025,9.6,Exceptional,Nyamannya menginap di Santika Hotel Cirebon,"Lokasi hotel ditengah kota sangat strategis, dekat dengan pusat perbelanjaan, rumah sakit, transportasi umum, perkantoran. Kebersihannya terjaga dengan baik. Fasilitas kamar cukup lengkap : shower air panas & dingin, toiletries, mini bar, notes & pinsil. Fasilitas hotel cukup lengkap : gym, kolam renang, resto, wifi, tempat parkir luas. Keistimewaan yg berbeda dgn hotel lain, setiap pagi mobil kami sudah kinclong dibersihkan oleh staf hotel 👍🏻👏🏻 Ini kali kedua kami menginap di Santika Hotel Cirebon. Saran : varian menu makanan sarapan pagi tolong ditambah 😊 Terimakasih","January 24, 2025"
158,1577,achyar,Indonesia,Family with young children,Superior Twin,Stayed 1 night in September 2025,8.8,Excellent,Excellent,"Lokasi berdekatan lokasi perkantoran kota cirebon, kamar luas dengan cukup bersih. Kolam renang bersih dengan disediakan handuk. Staf sangat ramah dan menunjukkan inisiatif untuk membantu terutama yg bertugas di kolam renang dan kebun/ taman sekitar kolam. Untuk makanan biasa saja.","September 15, 2025"
158,1578,Inne,Indonesia,Business traveler,Superior Twin,Stayed 1 night in January 2025,8.8,Excellent,"Hotel dgn lokasi, fasilitas dan pelayanan memuaskan","Hotel dengan lokasi ditengah kota Cirebon dengan fasilitas lengkap dan pelayanan yg baik, staff yg ramah dan helpfull, membuat perjalanan bisnis menjadi menyenangkan. Kamarnya nyaman, toiletries cukup lengkap, menu breakfast beragam dan rasanya lezat. Terimakasih Hotel Santika Cirebon 🙏🏻","January 14, 2025"
158,1579,Sahid,Indonesia,Group,Superior Twin,Stayed 1 night in October 2025,10.0,Exceptional,Exceptional,Tempat yg nyaman buat istirahat saya dn keluarga ketika ke kota Cirebon apalagi kolam renangnya luas dn bersih,"October 14, 2025"
158,1580,Maemunah,Indonesia,Family with young children,Superior Twin,Stayed 2 nights in June 2025,9.6,Exceptional,Liburan Mengesankan,"Disambut dengan staf yg ramah dan pelayanan yg baik, kamarnya bersih, fasilitas lainnya lengkap (resto, kolam renang anak dan dewasa, tempat fitness)… next time bisa nginep lagi…","June 15, 2025"
159,1581,fauzan,Indonesia,Couple,,Stayed 1 night in October 2012,6.3,Good,lokasi yang hebat tapi ukuran kamat kecil,kami cuma menginap satu malam untuk menghadiri perkawinan keponakan hanya satu kurangnya air condition nya kurang dingin,"October 24, 2012"
159,1582,Herastya,Indonesia,Family with teens,,Stayed 1 night in August 2012,9.0,Exceptional,Hotel dengan layanan yang bagus untuk keluarga.,"Hotel ini merupakan pilihan utama kami sekeluarga jika berkunjung ke Cirebon. Lokasi yang tidak jauh dari pusat kota, fasilitas yang lengkap dan kamar yang cukup luas untuk keluarga.","September 02, 2012"
159,1583,yuli,Indonesia,Group,,Stayed 1 night in August 2012,8.3,Excellent,Hotel dan layanan yang bagus disertai senyuman,Penginapan ini cukup baik & enak makan paginya. Tetapi dari segi kamar cukup luas. Dan agak banyak cicak di depan pintu kamar. kadang ada yg masuk ke kamar. Parkir Mobil Luas serta di cuci selama kita nginap.,"August 28, 2012"
159,1584,Elizabeth,Indonesia,Family with teens,,Stayed 1 night in July 2012,7.7,Very good,lokasi hotel strategis,"Lokasi hotel strategis, mudah dijangkau. Pelayanan ramah, kamar cukup luad","July 09, 2012"
159,1585,AGUSTINO,Indonesia,Couple,,Stayed 1 night in July 2012,7.7,Very good,hotel dan layanan yang bagus disertai senyuman,"Hotel Santika ,lokasinya cukup strategis, jadi untuk kemana mana cukup mudah, gedung cukup bagus, pelayananpun cukup bsgud, makanan yg bervariasi cukup bagus juga","July 07, 2012"
159,1586,Inne,Indonesia,Family with teens,Superior Twin,Stayed 1 night in January 2025,9.6,Exceptional,Nyamannya menginap di Santika Hotel Cirebon,"Lokasi hotel ditengah kota sangat strategis, dekat dengan pusat perbelanjaan, rumah sakit, transportasi umum, perkantoran. Kebersihannya terjaga dengan baik. Fasilitas kamar cukup lengkap : shower air panas & dingin, toiletries, mini bar, notes & pinsil. Fasilitas hotel cukup lengkap : gym, kolam renang, resto, wifi, tempat parkir luas. Keistimewaan yg berbeda dgn hotel lain, setiap pagi mobil kami sudah kinclong dibersihkan oleh staf hotel 👍🏻👏🏻 Ini kali kedua kami menginap di Santika Hotel Cirebon. Saran : varian menu makanan sarapan pagi tolong ditambah 😊 Terimakasih","January 24, 2025"
159,1587,achyar,Indonesia,Family with young children,Superior Twin,Stayed 1 night in September 2025,8.8,Excellent,Excellent,"Lokasi berdekatan lokasi perkantoran kota cirebon, kamar luas dengan cukup bersih. Kolam renang bersih dengan disediakan handuk. Staf sangat ramah dan menunjukkan inisiatif untuk membantu terutama yg bertugas di kolam renang dan kebun/ taman sekitar kolam. Untuk makanan biasa saja.","September 15, 2025"
159,1588,Inne,Indonesia,Business traveler,Superior Twin,Stayed 1 night in January 2025,8.8,Excellent,"Hotel dgn lokasi, fasilitas dan pelayanan memuaskan","Hotel dengan lokasi ditengah kota Cirebon dengan fasilitas lengkap dan pelayanan yg baik, staff yg ramah dan helpfull, membuat perjalanan bisnis menjadi menyenangkan. Kamarnya nyaman, toiletries cukup lengkap, menu breakfast beragam dan rasanya lezat. Terimakasih Hotel Santika Cirebon 🙏🏻","January 14, 2025"
159,1589,Sahid,Indonesia,Group,Superior Twin,Stayed 1 night in October 2025,10.0,Exceptional,Exceptional,Tempat yg nyaman buat istirahat saya dn keluarga ketika ke kota Cirebon apalagi kolam renangnya luas dn bersih,"October 14, 2025"
159,1590,Maemunah,Indonesia,Family with young children,Superior Twin,Stayed 2 nights in June 2025,9.6,Exceptional,Liburan Mengesankan,"Disambut dengan staf yg ramah dan pelayanan yg baik, kamarnya bersih, fasilitas lainnya lengkap (resto, kolam renang anak dan dewasa, tempat fitness)… next time bisa nginep lagi…","June 15, 2025"
160,1591,Antonius,Indonesia,Business traveler,,Stayed 2 nights in June 2012,6.0,,traditional jawa,"hotel dengan fasilitas yang sangat lengkap dan masih terbilang baru di Solo sehingga kebersihan masih sangat terawat baik, hotel cukup bersih dan terawat, pegawai sangat ramah, lokasi sangat strategis tepat di tengah kota memudahkan untuk mencari tempat makan dan beklanja","June 25, 2012"
160,1592,asim,Indonesia,Business traveler,,Stayed 1 night in June 2012,6.0,,cocok untuk keluarga -,"lokasi sangat bagus dekat dengan pusat pusat perbelanjaan yang terkenal , bisa menjadi pilihan bila tujuan ke jakarta untuk berbelanja atau berwisata kuliner, mudah dicapai dan banyak alternatif angkutan yang melewati hotel ini, tempat untuk parkir mobil juga cukup tersedia, saya sangat puas tinggal di hotel ini karena sesuai dengan perkiraan saya akan kenyamannya","June 18, 2012"
160,1593,M,Indonesia,Couple,,Stayed 1 night in June 2012,6.7,Good,Lokasi yang hebat tapi ukuran kamarnya kecil,"Pelayanan ramah,service ok walaupun untuk perlengkapan bathroom sisir harus diminta ?kamar nya terlalu kecil alangkah baiknya apabila kamarnya ditambah 1m persegi lagi luasnya.","June 16, 2012"
160,1594,zakuan,Indonesia,Couple,,Stayed 1 night in December 2011,8.0,Excellent,lokasi yang bagus dan pelayanan yg ramah.,hotel jang enak dan nyaman.kamar yang bersih.pelayanan yang sangat sopan dan ramah dari receptionis yg siap memberikan informasi akurat..sarapan pagi yang luar biasa banyak menyajikan makanan indonesia.. mempunyai kolam renang yang cukup besar..yang kurang adalah sarana transportasi yang terbatas utk tamu ke darah tujuan..harga kamar sesuai dgn layanan yg diterima.,"June 01, 2012"
160,1595,rudi,Indonesia,Family with teens,,Stayed 1 night in May 2012,6.0,,Hotel dan layanan yang bagus,"Hotelnya enak pelayananannya memuaskan, disamping itu kita ngga usah jauh-jauh kuliner, karena di restoran ini juga menyediakan makanan khas cirebon, sepert nasi lengko, empal gentong.Kalau kita mau renang tersedia, bahkan fitnes pun tersedia dengan peralatan yang memadai","May 29, 2012"
160,1596,Inne,Indonesia,Family with teens,Superior Twin,Stayed 1 night in January 2025,9.6,Exceptional,Nyamannya menginap di Santika Hotel Cirebon,"Lokasi hotel ditengah kota sangat strategis, dekat dengan pusat perbelanjaan, rumah sakit, transportasi umum, perkantoran. Kebersihannya terjaga dengan baik. Fasilitas kamar cukup lengkap : shower air panas & dingin, toiletries, mini bar, notes & pinsil. Fasilitas hotel cukup lengkap : gym, kolam renang, resto, wifi, tempat parkir luas. Keistimewaan yg berbeda dgn hotel lain, setiap pagi mobil kami sudah kinclong dibersihkan oleh staf hotel 👍🏻👏🏻 Ini kali kedua kami menginap di Santika Hotel Cirebon. Saran : varian menu makanan sarapan pagi tolong ditambah 😊 Terimakasih","January 24, 2025"
160,1597,achyar,Indonesia,Family with young children,Superior Twin,Stayed 1 night in September 2025,8.8,Excellent,Excellent,"Lokasi berdekatan lokasi perkantoran kota cirebon, kamar luas dengan cukup bersih. Kolam renang bersih dengan disediakan handuk. Staf sangat ramah dan menunjukkan inisiatif untuk membantu terutama yg bertugas di kolam renang dan kebun/ taman sekitar kolam. Untuk makanan biasa saja.","September 15, 2025"
160,1598,Inne,Indonesia,Business traveler,Superior Twin,Stayed 1 night in January 2025,8.8,Excellent,"Hotel dgn lokasi, fasilitas dan pelayanan memuaskan","Hotel dengan lokasi ditengah kota Cirebon dengan fasilitas lengkap dan pelayanan yg baik, staff yg ramah dan helpfull, membuat perjalanan bisnis menjadi menyenangkan. Kamarnya nyaman, toiletries cukup lengkap, menu breakfast beragam dan rasanya lezat. Terimakasih Hotel Santika Cirebon 🙏🏻","January 14, 2025"
160,1599,Sahid,Indonesia,Group,Superior Twin,Stayed 1 night in October 2025,10.0,Exceptional,Exceptional,Tempat yg nyaman buat istirahat saya dn keluarga ketika ke kota Cirebon apalagi kolam renangnya luas dn bersih,"October 14, 2025"
160,1600,Maemunah,Indonesia,Family with young children,Superior Twin,Stayed 2 nights in June 2025,9.6,Exceptional,Liburan Mengesankan,"Disambut dengan staf yg ramah dan pelayanan yg baik, kamarnya bersih, fasilitas lainnya lengkap (resto, kolam renang anak dan dewasa, tempat fitness)… next time bisa nginep lagi…","June 15, 2025"
161,1601,DeradjatMucharam,Indonesia,Family with young children,,Stayed 3 nights in May 2012,9.0,Exceptional,"""Tempat yang nyaman dan hangat""","Suasana tenang, sejuk walau di pusat kota dan di tepi jalan raya. Mudah mengakses tempat favorit: rekreasi kuliner yang hebat!","May 24, 2012"
161,1602,novita,Indonesia,Family with teens,,Stayed 1 night in March 2012,8.3,Excellent,Hotel dan layanan yang bagus disertai senyuman,Cukup Okey untuk hotel dikota seperti Cirebon dekat ke mana2,"April 28, 2012"
161,1603,Rudy,Indonesia,Business traveler,,Stayed 1 night in February 2012,8.0,Excellent,Layanan Hotel cukup baik,Secara keseluruhan hotel santika cirebon cukup baik,"March 30, 2012"
161,1604,IGNASIA,Indonesia,Couple,,Stayed 1 night in March 2012,10.0,Exceptional,hotel nya bersih,hotel nya bersih dan nyaman serta kolam renang besar dan bersih dan kamar nya besar dan harga nya terjangkau,"March 16, 2012"
161,1605,DONI,Indonesia,Business traveler,,Stayed 1 night in January 2012,9.0,Exceptional,Hotel ditengah kota,"baru pertama kali ini saya menginap di santika cirebon, staff yang ramah dan suasana hotel yang asri membuat saya betah berlama-lama dilingkungan hotel. sarapan pagi cukup variatif dan enak. saya akan kembali suatu saat nanti","January 27, 2012"
161,1606,Inne,Indonesia,Family with teens,Superior Twin,Stayed 1 night in January 2025,9.6,Exceptional,Nyamannya menginap di Santika Hotel Cirebon,"Lokasi hotel ditengah kota sangat strategis, dekat dengan pusat perbelanjaan, rumah sakit, transportasi umum, perkantoran. Kebersihannya terjaga dengan baik. Fasilitas kamar cukup lengkap : shower air panas & dingin, toiletries, mini bar, notes & pinsil. Fasilitas hotel cukup lengkap : gym, kolam renang, resto, wifi, tempat parkir luas. Keistimewaan yg berbeda dgn hotel lain, setiap pagi mobil kami sudah kinclong dibersihkan oleh staf hotel 👍🏻👏🏻 Ini kali kedua kami menginap di Santika Hotel Cirebon. Saran : varian menu makanan sarapan pagi tolong ditambah 😊 Terimakasih","January 24, 2025"
161,1607,achyar,Indonesia,Family with young children,Superior Twin,Stayed 1 night in September 2025,8.8,Excellent,Excellent,"Lokasi berdekatan lokasi perkantoran kota cirebon, kamar luas dengan cukup bersih. Kolam renang bersih dengan disediakan handuk. Staf sangat ramah dan menunjukkan inisiatif untuk membantu terutama yg bertugas di kolam renang dan kebun/ taman sekitar kolam. Untuk makanan biasa saja.","September 15, 2025"
161,1608,Inne,Indonesia,Business traveler,Superior Twin,Stayed 1 night in January 2025,8.8,Excellent,"Hotel dgn lokasi, fasilitas dan pelayanan memuaskan","Hotel dengan lokasi ditengah kota Cirebon dengan fasilitas lengkap dan pelayanan yg baik, staff yg ramah dan helpfull, membuat perjalanan bisnis menjadi menyenangkan. Kamarnya nyaman, toiletries cukup lengkap, menu breakfast beragam dan rasanya lezat. Terimakasih Hotel Santika Cirebon 🙏🏻","January 14, 2025"
161,1609,Sahid,Indonesia,Group,Superior Twin,Stayed 1 night in October 2025,10.0,Exceptional,Exceptional,Tempat yg nyaman buat istirahat saya dn keluarga ketika ke kota Cirebon apalagi kolam renangnya luas dn bersih,"October 14, 2025"
161,1610,Maemunah,Indonesia,Family with young children,Superior Twin,Stayed 2 nights in June 2025,9.6,Exceptional,Liburan Mengesankan,"Disambut dengan staf yg ramah dan pelayanan yg baik, kamarnya bersih, fasilitas lainnya lengkap (resto, kolam renang anak dan dewasa, tempat fitness)… next time bisa nginep lagi…","June 15, 2025"
162,1611,Inge,Indonesia,Family with teens,,Stayed 2 nights in January 2012,9.0,Exceptional,"""Lovely hotel and service with a smile""","Kami tinggal 2 malam di hotel tersebut pada waktu tahun baru imlek dan sangat menyukai suasananya. Lobi hotel luas dengan banyak sofa dan angin berhembus menimbulkan rasa nyaman. Staff hotel sangat membantu, termasuk dalam hal mencarikan transportasi lokal (becak). Dikamar anak kami, pipa wastafel bocor dengan segera diperbaiki. Kolam renangnya bersih dan airnya hangat, sehingga walaupun musim hujan, kami menikmati berenang disana. Tempat parkir mobil cukup luas sehingga suami saya tidak pernah menemukan kesulitan untuk parkir. Makan pagi yang biasanya hectic di hotel manapun, tidak terasa demikian selama 2 hari berturut-turut. Kekurangannya ""tidak adanya handuk tangan/wash lap"" di kamar mandi, satu2nya handuk yang tersedia hanya untuk mandi. Harga makanan di restoran (room in service) terasa sangat mahal, kami harus membayar 36.000 IDR untuk 3 potong pisang goreng. Walaupun demikian, kami akan menginap kembali di Hotel Santika Cirebon bila berlibur disana","January 26, 2012"
162,1612,Ratna,Indonesia,Family with young children,,Stayed 1 night in January 2012,8.0,Excellent,Hotel yang menyenangkan untuk keluarga,"saya menginap di hotel ini bersama anak-anak dan orang tua. dan kami semua menikmatinya. kekurangannya hanya satu. karena kami menginap di musim hujan, jadi kami tidak bisa kemana-mana karena hujan terus. untuk kolam renang nyaman, jadi anak-anak terhibur.","January 24, 2012"
162,1613,Dony,Indonesia,Family with teens,,Stayed 1 night in January 2012,7.0,Very good,Lokasi yang hebat tapi ukuran kamarnya kecil,"Nyaman, Lokasi strategis, ramah, sayang kamar sedikit berdebu untuk hotel berbintang, tp hotel terbaik di cirebon","January 19, 2012"
162,1614,Mariani,Indonesia,Family with young children,,Stayed 1 night in January 2012,8.0,Excellent,Bagus,"Hotelnya bagus, bersih, kamar mandi luas. Makan pagi bervariasi. Free wifi","January 15, 2012"
162,1615,Yulius,Indonesia,Family with teens,,Stayed 1 night in December 2011,4.0,,Hotel dan layanan yang bagus disertai senyuman,"Hotel yang lokasinya mudah dicapai dan tenang, serta fasilitas hotel yang termasuk lengkap terdapat lounge, fitnes, kolam renang,pijat tradisional,karyawan yang ramah disertai senyuman","January 12, 2012"
162,1616,Inne,Indonesia,Family with teens,Superior Twin,Stayed 1 night in January 2025,9.6,Exceptional,Nyamannya menginap di Santika Hotel Cirebon,"Lokasi hotel ditengah kota sangat strategis, dekat dengan pusat perbelanjaan, rumah sakit, transportasi umum, perkantoran. Kebersihannya terjaga dengan baik. Fasilitas kamar cukup lengkap : shower air panas & dingin, toiletries, mini bar, notes & pinsil. Fasilitas hotel cukup lengkap : gym, kolam renang, resto, wifi, tempat parkir luas. Keistimewaan yg berbeda dgn hotel lain, setiap pagi mobil kami sudah kinclong dibersihkan oleh staf hotel 👍🏻👏🏻 Ini kali kedua kami menginap di Santika Hotel Cirebon. Saran : varian menu makanan sarapan pagi tolong ditambah 😊 Terimakasih","January 24, 2025"
162,1617,achyar,Indonesia,Family with young children,Superior Twin,Stayed 1 night in September 2025,8.8,Excellent,Excellent,"Lokasi berdekatan lokasi perkantoran kota cirebon, kamar luas dengan cukup bersih. Kolam renang bersih dengan disediakan handuk. Staf sangat ramah dan menunjukkan inisiatif untuk membantu terutama yg bertugas di kolam renang dan kebun/ taman sekitar kolam. Untuk makanan biasa saja.","September 15, 2025"
162,1618,Inne,Indonesia,Business traveler,Superior Twin,Stayed 1 night in January 2025,8.8,Excellent,"Hotel dgn lokasi, fasilitas dan pelayanan memuaskan","Hotel dengan lokasi ditengah kota Cirebon dengan fasilitas lengkap dan pelayanan yg baik, staff yg ramah dan helpfull, membuat perjalanan bisnis menjadi menyenangkan. Kamarnya nyaman, toiletries cukup lengkap, menu breakfast beragam dan rasanya lezat. Terimakasih Hotel Santika Cirebon 🙏🏻","January 14, 2025"
162,1619,Sahid,Indonesia,Group,Superior Twin,Stayed 1 night in October 2025,10.0,Exceptional,Exceptional,Tempat yg nyaman buat istirahat saya dn keluarga ketika ke kota Cirebon apalagi kolam renangnya luas dn bersih,"October 14, 2025"
162,1620,Maemunah,Indonesia,Family with young children,Superior Twin,Stayed 2 nights in June 2025,9.6,Exceptional,Liburan Mengesankan,"Disambut dengan staf yg ramah dan pelayanan yg baik, kamarnya bersih, fasilitas lainnya lengkap (resto, kolam renang anak dan dewasa, tempat fitness)… next time bisa nginep lagi…","June 15, 2025"
163,1621,TERUNA,Indonesia,Family with teens,,Stayed 2 nights in December 2011,8.3,Excellent,Lokasi yg strategis dan kamar yg cukup luas,"Untuk kedua kalinya kami menginap di Santika Cirebon, Hotel ini sangat strategis lokasinya dan lingkungannya sangat tenang. Hotel ini cocok untuk keluarga karena memiliki fasilitas yg lengkap dan breakfast yg sangat variatif makanannya.Pelayanan Hotel sangat memuaskan tidak ada hambatannya yg berarti.","January 11, 2012"
163,1622,DEFRY,Indonesia,Business traveler,,Stayed 1 night in January 2012,6.0,,Kamar cukup nyaman dan tenang,kamar yang diberikan kepada saya cukup luas dan memuaskan dimana saya dapat melihat pemadangan kota dari dalam kamar.Terdapat juga swimming pool untuk kami relaksasi bersama keluarga bersama-sama. Untuk makan pagi harus membeli sendiri sehingga diperlukan tambahan biaya.Untuk fasilitas kamar lainnya juga menawan dengan tv yang berbentuk lcd dan memiliki shower dan hairdryer dalam kamar untuk keperluan mandi.,"January 09, 2012"
163,1623,DEFRY,Indonesia,Business traveler,,Stayed 1 night in January 2012,6.0,,Kamar cukup nyaman dan tenang,kamar yang diberikan kepada saya cukup luas dan memuaskan dimana saya dapat melihat pemadangan kota dari dalam kamar.Terdapat juga swimming pool untuk kami relaksasi bersama keluarga bersama-sama. Untuk makan pagi harus membeli sendiri sehingga diperlukan tambahan biaya.Untuk fasilitas kamar lainnya juga menawan dengan tv yang berbentuk lcd dan memiliki shower dan hairdryer dalam kamar untuk keperluan mandi.,"January 09, 2012"
163,1624,herni,Indonesia,Business traveler,,Stayed 2 nights in November 2011,7.7,Very good,cozy hotels,menginap di santika cirebon sangat mengasikan karena suasana hotel yang nyaman dan asri. Yang menjadi best point yaitu cita rasa masakan di setiap hotel santika...hmmm so delicious..,"December 06, 2011"
163,1625,Utari,Indonesia,Group,,Stayed 1 night in October 2011,9.0,Exceptional,hotel dan layanan yang bagus dengan senyuman,Saya menginap hanya semalam karena datang ke cirebon untuk ziarah ke makam Sunan Gunung Jati di malam jumat kliwon.Saya cukup puas karena pelayanannya bagus dan petugasnya ramah2.Selain itu yang paling penting air panasnya bagus.Karena sepulang dari berziarah jam 2 pagi saya mandi sebelum tidur.Insya Allah saya akan menginap di hotel ini lagi.,"October 17, 2011"
163,1626,Inne,Indonesia,Family with teens,Superior Twin,Stayed 1 night in January 2025,9.6,Exceptional,Nyamannya menginap di Santika Hotel Cirebon,"Lokasi hotel ditengah kota sangat strategis, dekat dengan pusat perbelanjaan, rumah sakit, transportasi umum, perkantoran. Kebersihannya terjaga dengan baik. Fasilitas kamar cukup lengkap : shower air panas & dingin, toiletries, mini bar, notes & pinsil. Fasilitas hotel cukup lengkap : gym, kolam renang, resto, wifi, tempat parkir luas. Keistimewaan yg berbeda dgn hotel lain, setiap pagi mobil kami sudah kinclong dibersihkan oleh staf hotel 👍🏻👏🏻 Ini kali kedua kami menginap di Santika Hotel Cirebon. Saran : varian menu makanan sarapan pagi tolong ditambah 😊 Terimakasih","January 24, 2025"
163,1627,achyar,Indonesia,Family with young children,Superior Twin,Stayed 1 night in September 2025,8.8,Excellent,Excellent,"Lokasi berdekatan lokasi perkantoran kota cirebon, kamar luas dengan cukup bersih. Kolam renang bersih dengan disediakan handuk. Staf sangat ramah dan menunjukkan inisiatif untuk membantu terutama yg bertugas di kolam renang dan kebun/ taman sekitar kolam. Untuk makanan biasa saja.","September 15, 2025"
163,1628,Inne,Indonesia,Business traveler,Superior Twin,Stayed 1 night in January 2025,8.8,Excellent,"Hotel dgn lokasi, fasilitas dan pelayanan memuaskan","Hotel dengan lokasi ditengah kota Cirebon dengan fasilitas lengkap dan pelayanan yg baik, staff yg ramah dan helpfull, membuat perjalanan bisnis menjadi menyenangkan. Kamarnya nyaman, toiletries cukup lengkap, menu breakfast beragam dan rasanya lezat. Terimakasih Hotel Santika Cirebon 🙏🏻","January 14, 2025"
163,1629,Sahid,Indonesia,Group,Superior Twin,Stayed 1 night in October 2025,10.0,Exceptional,Exceptional,Tempat yg nyaman buat istirahat saya dn keluarga ketika ke kota Cirebon apalagi kolam renangnya luas dn bersih,"October 14, 2025"
163,1630,Maemunah,Indonesia,Family with young children,Superior Twin,Stayed 2 nights in June 2025,9.6,Exceptional,Liburan Mengesankan,"Disambut dengan staf yg ramah dan pelayanan yg baik, kamarnya bersih, fasilitas lainnya lengkap (resto, kolam renang anak dan dewasa, tempat fitness)… next time bisa nginep lagi…","June 15, 2025"
164,1631,SIGIT,Indonesia,Family with teens,,Stayed 1 night in September 2011,9.3,Exceptional,Lokasi yang strategis dan kamar yang nyaman,"Saat itu kami sekeluarga sedang mudik lebaran dari jakarta menuju surabaya sehingga kami menginap di hotel santika, Cirebon karena lokasi hotel dekat dengan pusat perbelanjaan dan ligkungannya cukup nyaman, adapun keadaan kamar cukup bersih, ukuran tempat tidur twin tidak seberapa besar sehingga cocok untuk keluarga dengan dua anak kecil. Makanan pagi cukup variatif dan lezat. Terima kasih","September 16, 2011"
164,1632,SIGIT,Indonesia,Family with teens,,Stayed 1 night in August 2011,9.7,Exceptional,kamar hotel nyaman,"Ini kali ke dua kami menginap di hotel yang sama sebagai transit untuk menuju jakarta, karena kamar hotel cukup nyaman dan bersih buat keluarga dengan dua anak kecil.","September 16, 2011"
164,1633,Abigail,Indonesia,Group,,Stayed 1 night in September 2011,7.7,Very good,Hotel yang layak dikunjungi di Cirebon,"Suasana hotel asri, wilayah kolam renang tampak menyenangkan dan sangat mengundang, sayangnya saya tidak sempat menikmatinya. Kebersihan hotel sangat terjaga dengan baik. Ukuran kamar sangat mencukupi dan fasilitas juga memadai. Pelayanan sangat ramah. Lokasi sangat strategis untuk kebutuhan saya saat itu, yaitu menghadiri pernikahan sepupu yang diadakan di Islamic Centre yang hanya berjarak 5 menit naik mobil. Hotel ini juga dekat ke Grage Mall, yang bisa ditempuh hanya dengan jalan kali sekitar 10 menit. Sayangnya menurut saya dengan fasilitas yang ada, harganya agak terlalu tinggi. Satu hal lagi yang menurut saya agak kurang adalah pilihan sarapan yang agak terbatas. Namun, kedua hal tersebut mungkin tidak akan menghalangi saya untuk kembali memilih hotel ini sebagai tujuan saya pada perjalanan berikutnya.","September 14, 2011"
164,1634,TERUNA,Indonesia,Family with teens,,Stayed 2 nights in July 2011,8.7,Excellent,"Layanan Hotel cepat dan Bagus, Kamar Deluxe Luas","Saya menginap dua malam bersama Keluarga ( 2 anak), Lokasi Hotel tenang dan sangat strategis, anak anak cukup puas bermain di kolam renang Hotel dan Breakfast sangat memuaskan.","July 18, 2011"
164,1635,david,Indonesia,Business traveler,,Stayed 1 night in June 2011,8.0,Excellent,hotel strategis,kawasan yang cukup dekat dgn daerah kujungan kerja,"June 26, 2011"
164,1636,Inne,Indonesia,Family with teens,Superior Twin,Stayed 1 night in January 2025,9.6,Exceptional,Nyamannya menginap di Santika Hotel Cirebon,"Lokasi hotel ditengah kota sangat strategis, dekat dengan pusat perbelanjaan, rumah sakit, transportasi umum, perkantoran. Kebersihannya terjaga dengan baik. Fasilitas kamar cukup lengkap : shower air panas & dingin, toiletries, mini bar, notes & pinsil. Fasilitas hotel cukup lengkap : gym, kolam renang, resto, wifi, tempat parkir luas. Keistimewaan yg berbeda dgn hotel lain, setiap pagi mobil kami sudah kinclong dibersihkan oleh staf hotel 👍🏻👏🏻 Ini kali kedua kami menginap di Santika Hotel Cirebon. Saran : varian menu makanan sarapan pagi tolong ditambah 😊 Terimakasih","January 24, 2025"
164,1637,achyar,Indonesia,Family with young children,Superior Twin,Stayed 1 night in September 2025,8.8,Excellent,Excellent,"Lokasi berdekatan lokasi perkantoran kota cirebon, kamar luas dengan cukup bersih. Kolam renang bersih dengan disediakan handuk. Staf sangat ramah dan menunjukkan inisiatif untuk membantu terutama yg bertugas di kolam renang dan kebun/ taman sekitar kolam. Untuk makanan biasa saja.","September 15, 2025"
164,1638,Inne,Indonesia,Business traveler,Superior Twin,Stayed 1 night in January 2025,8.8,Excellent,"Hotel dgn lokasi, fasilitas dan pelayanan memuaskan","Hotel dengan lokasi ditengah kota Cirebon dengan fasilitas lengkap dan pelayanan yg baik, staff yg ramah dan helpfull, membuat perjalanan bisnis menjadi menyenangkan. Kamarnya nyaman, toiletries cukup lengkap, menu breakfast beragam dan rasanya lezat. Terimakasih Hotel Santika Cirebon 🙏🏻","January 14, 2025"
164,1639,Sahid,Indonesia,Group,Superior Twin,Stayed 1 night in October 2025,10.0,Exceptional,Exceptional,Tempat yg nyaman buat istirahat saya dn keluarga ketika ke kota Cirebon apalagi kolam renangnya luas dn bersih,"October 14, 2025"
164,1640,Maemunah,Indonesia,Family with young children,Superior Twin,Stayed 2 nights in June 2025,9.6,Exceptional,Liburan Mengesankan,"Disambut dengan staf yg ramah dan pelayanan yg baik, kamarnya bersih, fasilitas lainnya lengkap (resto, kolam renang anak dan dewasa, tempat fitness)… next time bisa nginep lagi…","June 15, 2025"
165,1641,BANGUN,Indonesia,Family with young children,,Stayed 2 nights in May 2011,8.3,Excellent,Hotel dan layanan yang bagus disertai senyuman,Sangat Puas dengan tinggal di Hotel Santika Cirebon,"June 17, 2011"
165,1642,Safitri,Indonesia,Solo traveler,,Stayed 1 night in May 2011,9.3,Exceptional,Hotel yg nyaman di tengah kota cirebon yang sibuk,"hotel yg indah dan nyaman memenuhi keinginan saya yg ingin berisitirahat setelah seharian lakukan perjalanan bisnis di kota cirebon yg sibuk dan udara yg panas itu.. pelayanan jg cepat, apalagi breakfast yang enak dan lengkap menggugah selera makan kita..","May 24, 2011"
165,1643,Sutedjo,Indonesia,Family with teens,,Stayed 1 night in March 2011,7.0,Very good,Hotel untuk Keluarga,"kami bermalam minggu di hotel ini, dengan fasilitas kamar standard tapi cukup tertata baik serta tempat sarapan yang menyenangkan dengan menu bervariasi, setelah berenang ka,i bisa menikmati sarapan. lokasi jika berkendara mobil tidak terlalu jauh dari pusat kota","March 08, 2011"
165,1644,Sutedjo,Indonesia,Family with young children,,Stayed 1 night in February 2011,7.7,Very good,Hotel utk keluarga,"Kami hanya beberapa jam menginap disini, lokasi agak sedikit jauh dari pusat kota, tapi tenang dan punya fasilitas yang cukup memadai, dan kami bisa menggunakan pool yang bersih. Kami mendapat kamar executiv, kamar cukup luas hanya terlhat kosong dan funiture kurang menonjol. Makan pagi cukup variant nya","February 11, 2011"
165,1645,Lufi,Indonesia,Family with teens,,Stayed 3 nights in December 2010,7.7,Very good,Hotel nyaman dengan lokasi dekat pusat kota,Saya dan keluarga menginap di Hotel Santika selama 3 malam dalam rangka liburan akhir tahun di Cirebon dan sekitarnya. Kami merasa puas dan nyaman selama menginap di hotel ini.,"January 11, 2011"
165,1646,Inne,Indonesia,Family with teens,Superior Twin,Stayed 1 night in January 2025,9.6,Exceptional,Nyamannya menginap di Santika Hotel Cirebon,"Lokasi hotel ditengah kota sangat strategis, dekat dengan pusat perbelanjaan, rumah sakit, transportasi umum, perkantoran. Kebersihannya terjaga dengan baik. Fasilitas kamar cukup lengkap : shower air panas & dingin, toiletries, mini bar, notes & pinsil. Fasilitas hotel cukup lengkap : gym, kolam renang, resto, wifi, tempat parkir luas. Keistimewaan yg berbeda dgn hotel lain, setiap pagi mobil kami sudah kinclong dibersihkan oleh staf hotel 👍🏻👏🏻 Ini kali kedua kami menginap di Santika Hotel Cirebon. Saran : varian menu makanan sarapan pagi tolong ditambah 😊 Terimakasih","January 24, 2025"
165,1647,achyar,Indonesia,Family with young children,Superior Twin,Stayed 1 night in September 2025,8.8,Excellent,Excellent,"Lokasi berdekatan lokasi perkantoran kota cirebon, kamar luas dengan cukup bersih. Kolam renang bersih dengan disediakan handuk. Staf sangat ramah dan menunjukkan inisiatif untuk membantu terutama yg bertugas di kolam renang dan kebun/ taman sekitar kolam. Untuk makanan biasa saja.","September 15, 2025"
165,1648,Inne,Indonesia,Business traveler,Superior Twin,Stayed 1 night in January 2025,8.8,Excellent,"Hotel dgn lokasi, fasilitas dan pelayanan memuaskan","Hotel dengan lokasi ditengah kota Cirebon dengan fasilitas lengkap dan pelayanan yg baik, staff yg ramah dan helpfull, membuat perjalanan bisnis menjadi menyenangkan. Kamarnya nyaman, toiletries cukup lengkap, menu breakfast beragam dan rasanya lezat. Terimakasih Hotel Santika Cirebon 🙏🏻","January 14, 2025"
165,1649,Sahid,Indonesia,Group,Superior Twin,Stayed 1 night in October 2025,10.0,Exceptional,Exceptional,Tempat yg nyaman buat istirahat saya dn keluarga ketika ke kota Cirebon apalagi kolam renangnya luas dn bersih,"October 14, 2025"
165,1650,Maemunah,Indonesia,Family with young children,Superior Twin,Stayed 2 nights in June 2025,9.6,Exceptional,Liburan Mengesankan,"Disambut dengan staf yg ramah dan pelayanan yg baik, kamarnya bersih, fasilitas lainnya lengkap (resto, kolam renang anak dan dewasa, tempat fitness)… next time bisa nginep lagi…","June 15, 2025"
166,1651,Vita,Indonesia,Family with young children,,Stayed 1 night in December 2010,7.3,Very good,"Lokasi ok, kamar bersih dan rapih","Tempat bersih, kamar tidak terlalu besar,tapi oke lah... Penerimaan sangat ramah.. Parkir juga luas Kolam renang kelihatan dari tempat menginap, dan kelihatannya bersih dan nyaman, sayang kami tidak sempat menikmati kolam renang...","December 30, 2010"
166,1652,Andri,Indonesia,Family with young children,Superior Twin,Stayed 1 night in May 2021,9.6,Exceptional,Bersih dan ramah,"Walaupun hotel lama tp kebersihan nya msh terjaga, cman yg bingung tv kabel nya. Knapa gambar nya gak jelas ya? Padahal itu kan pake tv kabel gak pake antena UHF","May 27, 2021"
166,1653,harry,Indonesia,Business traveler,Superior Twin,Stayed 1 night in April 2022,9.2,Exceptional,Penilaian,"Staff ramah Utk breakfast biar ga byk pilihan, tetep rasanya ok Kebersihan kamar bgus","April 13, 2022"
166,1654,Lea,Indonesia,Group,Superior Twin,Stayed 1 night in January 2021,8.8,Excellent,Kebersihan bagus dan staff ramah,"kamar hotel bersih dan kasur nyaman, staff ramah","January 08, 2021"
166,1655,Mang,Indonesia,Family with teens,Superior Twin,Stayed 1 night in February 2019,8.8,Excellent,Tenang banget,Tenang dan Nyaman lokasinya,"April 25, 2019"
166,1656,Inne,Indonesia,Family with teens,Superior Twin,Stayed 1 night in January 2025,9.6,Exceptional,Nyamannya menginap di Santika Hotel Cirebon,"Lokasi hotel ditengah kota sangat strategis, dekat dengan pusat perbelanjaan, rumah sakit, transportasi umum, perkantoran. Kebersihannya terjaga dengan baik. Fasilitas kamar cukup lengkap : shower air panas & dingin, toiletries, mini bar, notes & pinsil. Fasilitas hotel cukup lengkap : gym, kolam renang, resto, wifi, tempat parkir luas. Keistimewaan yg berbeda dgn hotel lain, setiap pagi mobil kami sudah kinclong dibersihkan oleh staf hotel 👍🏻👏🏻 Ini kali kedua kami menginap di Santika Hotel Cirebon. Saran : varian menu makanan sarapan pagi tolong ditambah 😊 Terimakasih","January 24, 2025"
166,1657,achyar,Indonesia,Family with young children,Superior Twin,Stayed 1 night in September 2025,8.8,Excellent,Excellent,"Lokasi berdekatan lokasi perkantoran kota cirebon, kamar luas dengan cukup bersih. Kolam renang bersih dengan disediakan handuk. Staf sangat ramah dan menunjukkan inisiatif untuk membantu terutama yg bertugas di kolam renang dan kebun/ taman sekitar kolam. Untuk makanan biasa saja.","September 15, 2025"
166,1658,Inne,Indonesia,Business traveler,Superior Twin,Stayed 1 night in January 2025,8.8,Excellent,"Hotel dgn lokasi, fasilitas dan pelayanan memuaskan","Hotel dengan lokasi ditengah kota Cirebon dengan fasilitas lengkap dan pelayanan yg baik, staff yg ramah dan helpfull, membuat perjalanan bisnis menjadi menyenangkan. Kamarnya nyaman, toiletries cukup lengkap, menu breakfast beragam dan rasanya lezat. Terimakasih Hotel Santika Cirebon 🙏🏻","January 14, 2025"
166,1659,Sahid,Indonesia,Group,Superior Twin,Stayed 1 night in October 2025,10.0,Exceptional,Exceptional,Tempat yg nyaman buat istirahat saya dn keluarga ketika ke kota Cirebon apalagi kolam renangnya luas dn bersih,"October 14, 2025"
166,1660,Maemunah,Indonesia,Family with young children,Superior Twin,Stayed 2 nights in June 2025,9.6,Exceptional,Liburan Mengesankan,"Disambut dengan staf yg ramah dan pelayanan yg baik, kamarnya bersih, fasilitas lainnya lengkap (resto, kolam renang anak dan dewasa, tempat fitness)… next time bisa nginep lagi…","June 15, 2025"
167,1661,Sandi,Indonesia,Family with young children,Superior Twin,Stayed 1 night in August 2022,10.0,Exceptional,Staf ramah,"Stafnya ramah ramah, kamarnya bersih, sarapannya enak dan memuaskan","August 16, 2022"
167,1662,Bambang,Indonesia,Business traveler,Superior Twin,Stayed 2 nights in July 2022,8.0,Excellent,Bagus nyaman dan bersih,Bagus nyaman dan bersih,"July 29, 2022"
167,1663,Bambang,Indonesia,Business traveler,Superior Twin,Stayed 2 nights in July 2022,8.0,Excellent,Bagus nyaman dan bersih,Bagus nyaman dan bersih,"July 29, 2022"
167,1664,Toni,Indonesia,Family with teens,Superior Twin,Stayed 1 night in November 2021,10.0,Exceptional,Nyaman dan aman,Recomend deh,"December 04, 2021"
167,1665,Farani,Indonesia,Couple,Executive King,Stayed 1 night in December 2023,10.0,Exceptional,Exceptional,"Nyaman, bersih, breakfast enak, swimingpool friendly for kids Langganan menginao dari kantor sejak dulu 👍","January 01, 2024"
167,1666,Inne,Indonesia,Family with teens,Superior Twin,Stayed 1 night in January 2025,9.6,Exceptional,Nyamannya menginap di Santika Hotel Cirebon,"Lokasi hotel ditengah kota sangat strategis, dekat dengan pusat perbelanjaan, rumah sakit, transportasi umum, perkantoran. Kebersihannya terjaga dengan baik. Fasilitas kamar cukup lengkap : shower air panas & dingin, toiletries, mini bar, notes & pinsil. Fasilitas hotel cukup lengkap : gym, kolam renang, resto, wifi, tempat parkir luas. Keistimewaan yg berbeda dgn hotel lain, setiap pagi mobil kami sudah kinclong dibersihkan oleh staf hotel 👍🏻👏🏻 Ini kali kedua kami menginap di Santika Hotel Cirebon. Saran : varian menu makanan sarapan pagi tolong ditambah 😊 Terimakasih","January 24, 2025"
167,1667,achyar,Indonesia,Family with young children,Superior Twin,Stayed 1 night in September 2025,8.8,Excellent,Excellent,"Lokasi berdekatan lokasi perkantoran kota cirebon, kamar luas dengan cukup bersih. Kolam renang bersih dengan disediakan handuk. Staf sangat ramah dan menunjukkan inisiatif untuk membantu terutama yg bertugas di kolam renang dan kebun/ taman sekitar kolam. Untuk makanan biasa saja.","September 15, 2025"
167,1668,Inne,Indonesia,Business traveler,Superior Twin,Stayed 1 night in January 2025,8.8,Excellent,"Hotel dgn lokasi, fasilitas dan pelayanan memuaskan","Hotel dengan lokasi ditengah kota Cirebon dengan fasilitas lengkap dan pelayanan yg baik, staff yg ramah dan helpfull, membuat perjalanan bisnis menjadi menyenangkan. Kamarnya nyaman, toiletries cukup lengkap, menu breakfast beragam dan rasanya lezat. Terimakasih Hotel Santika Cirebon 🙏🏻","January 14, 2025"
167,1669,Sahid,Indonesia,Group,Superior Twin,Stayed 1 night in October 2025,10.0,Exceptional,Exceptional,Tempat yg nyaman buat istirahat saya dn keluarga ketika ke kota Cirebon apalagi kolam renangnya luas dn bersih,"October 14, 2025"
167,1670,Maemunah,Indonesia,Family with young children,Superior Twin,Stayed 2 nights in June 2025,9.6,Exceptional,Liburan Mengesankan,"Disambut dengan staf yg ramah dan pelayanan yg baik, kamarnya bersih, fasilitas lainnya lengkap (resto, kolam renang anak dan dewasa, tempat fitness)… next time bisa nginep lagi…","June 15, 2025"
168,1671,januar,Indonesia,Family with young children,Superior Twin,Stayed 1 night in September 2023,7.6,Very good,Nice,Nice,"September 25, 2023"
168,1672,Wulan,Indonesia,Family with young children,Superior Twin,Stayed 1 night in September 2023,10.0,Exceptional,First time stayer,"Friendly staffs, clean room, good facilities, various breakfast.. Will certainly stay here again for our future visit to Cirebon","September 18, 2023"
168,1673,ELYIREN,Indonesia,Couple,Executive King,Stayed 2 nights in June 2023,8.8,Excellent,Excellent,"Staff sangat ramah dan helpful, lingkungan hotel juga nyaman, sangat menikmati jalan pagi disekitar hotel","August 17, 2023"
168,1674,Zalfa,Indonesia,Family with teens,Deluxe King,Stayed 1 night in July 2023,8.4,Excellent,Review,Cakep mantap,"August 01, 2023"
168,1675,Edy,Indonesia,Family with young children,Superior Twin,Stayed 1 night in July 2023,8.0,Excellent,Very good,The room is quite old need some renovation urgently But the facilities is well maintained .. only because of the building is aging so room need major renovation .. overall I would like to stay here again if the room is renovated,"July 17, 2023"
168,1676,Inne,Indonesia,Family with teens,Superior Twin,Stayed 1 night in January 2025,9.6,Exceptional,Nyamannya menginap di Santika Hotel Cirebon,"Lokasi hotel ditengah kota sangat strategis, dekat dengan pusat perbelanjaan, rumah sakit, transportasi umum, perkantoran. Kebersihannya terjaga dengan baik. Fasilitas kamar cukup lengkap : shower air panas & dingin, toiletries, mini bar, notes & pinsil. Fasilitas hotel cukup lengkap : gym, kolam renang, resto, wifi, tempat parkir luas. Keistimewaan yg berbeda dgn hotel lain, setiap pagi mobil kami sudah kinclong dibersihkan oleh staf hotel 👍🏻👏🏻 Ini kali kedua kami menginap di Santika Hotel Cirebon. Saran : varian menu makanan sarapan pagi tolong ditambah 😊 Terimakasih","January 24, 2025"
168,1677,achyar,Indonesia,Family with young children,Superior Twin,Stayed 1 night in September 2025,8.8,Excellent,Excellent,"Lokasi berdekatan lokasi perkantoran kota cirebon, kamar luas dengan cukup bersih. Kolam renang bersih dengan disediakan handuk. Staf sangat ramah dan menunjukkan inisiatif untuk membantu terutama yg bertugas di kolam renang dan kebun/ taman sekitar kolam. Untuk makanan biasa saja.","September 15, 2025"
168,1678,Inne,Indonesia,Business traveler,Superior Twin,Stayed 1 night in January 2025,8.8,Excellent,"Hotel dgn lokasi, fasilitas dan pelayanan memuaskan","Hotel dengan lokasi ditengah kota Cirebon dengan fasilitas lengkap dan pelayanan yg baik, staff yg ramah dan helpfull, membuat perjalanan bisnis menjadi menyenangkan. Kamarnya nyaman, toiletries cukup lengkap, menu breakfast beragam dan rasanya lezat. Terimakasih Hotel Santika Cirebon 🙏🏻","January 14, 2025"
168,1679,Sahid,Indonesia,Group,Superior Twin,Stayed 1 night in October 2025,10.0,Exceptional,Exceptional,Tempat yg nyaman buat istirahat saya dn keluarga ketika ke kota Cirebon apalagi kolam renangnya luas dn bersih,"October 14, 2025"
168,1680,Maemunah,Indonesia,Family with young children,Superior Twin,Stayed 2 nights in June 2025,9.6,Exceptional,Liburan Mengesankan,"Disambut dengan staf yg ramah dan pelayanan yg baik, kamarnya bersih, fasilitas lainnya lengkap (resto, kolam renang anak dan dewasa, tempat fitness)… next time bisa nginep lagi…","June 15, 2025"
169,1681,Dewianggraeni,Australia,Couple,Executive King,Stayed 4 nights in August 2023,8.4,Excellent,Excellent,Enjoyed our stay. Would recommend it,"August 21, 2023"
169,1682,Inne,Indonesia,Family with teens,Superior Twin,Stayed 1 night in January 2025,9.6,Exceptional,Nyamannya menginap di Santika Hotel Cirebon,"Lokasi hotel ditengah kota sangat strategis, dekat dengan pusat perbelanjaan, rumah sakit, transportasi umum, perkantoran. Kebersihannya terjaga dengan baik. Fasilitas kamar cukup lengkap : shower air panas & dingin, toiletries, mini bar, notes & pinsil. Fasilitas hotel cukup lengkap : gym, kolam renang, resto, wifi, tempat parkir luas. Keistimewaan yg berbeda dgn hotel lain, setiap pagi mobil kami sudah kinclong dibersihkan oleh staf hotel 👍🏻👏🏻 Ini kali kedua kami menginap di Santika Hotel Cirebon. Saran : varian menu makanan sarapan pagi tolong ditambah 😊 Terimakasih","January 24, 2025"
169,1683,achyar,Indonesia,Family with young children,Superior Twin,Stayed 1 night in September 2025,8.8,Excellent,Excellent,"Lokasi berdekatan lokasi perkantoran kota cirebon, kamar luas dengan cukup bersih. Kolam renang bersih dengan disediakan handuk. Staf sangat ramah dan menunjukkan inisiatif untuk membantu terutama yg bertugas di kolam renang dan kebun/ taman sekitar kolam. Untuk makanan biasa saja.","September 15, 2025"
169,1684,Inne,Indonesia,Business traveler,Superior Twin,Stayed 1 night in January 2025,8.8,Excellent,"Hotel dgn lokasi, fasilitas dan pelayanan memuaskan","Hotel dengan lokasi ditengah kota Cirebon dengan fasilitas lengkap dan pelayanan yg baik, staff yg ramah dan helpfull, membuat perjalanan bisnis menjadi menyenangkan. Kamarnya nyaman, toiletries cukup lengkap, menu breakfast beragam dan rasanya lezat. Terimakasih Hotel Santika Cirebon 🙏🏻","January 14, 2025"
169,1685,Sahid,Indonesia,Group,Superior Twin,Stayed 1 night in October 2025,10.0,Exceptional,Exceptional,Tempat yg nyaman buat istirahat saya dn keluarga ketika ke kota Cirebon apalagi kolam renangnya luas dn bersih,"October 14, 2025"
169,1686,Maemunah,Indonesia,Family with young children,Superior Twin,Stayed 2 nights in June 2025,9.6,Exceptional,Liburan Mengesankan,"Disambut dengan staf yg ramah dan pelayanan yg baik, kamarnya bersih, fasilitas lainnya lengkap (resto, kolam renang anak dan dewasa, tempat fitness)… next time bisa nginep lagi…","June 15, 2025"