page,review_index,nama,negara,tipe_traveler,tipe_kamar,durasi_menginap,rating,rating_text,judul_ulasan,teks_ulasan,tanggal
1,1,Yullia,Indonesia,Couple,Superior Room Queen,Stayed 1 night in April 2026,9.6,Exceptional,Sabtu ceria,"Over all bagus, makanan enak, lokasi sangat strategis. Tolong sediakan hair dryer di kamar biar tambah baik kualitas hotelnya",16-Apr-26
1,2,Latifah,Indonesia,Family with teens,Deluxe Room Queen,Stayed 1 night in February 2026,10,Exceptional,Rekomendasi staycation yang nyaman,"Kamar bersih dan terawat, staff yang ramah, akses ke mall lebih mudah, menu breakfast yang bervariasi dan enak enak, 🫶🏼",17-Feb-26
1,3,Novita,Indonesia,Solo traveler,Superior Room Queen,Stayed 1 night in May 2025,10,Exceptional,Terbaikk,"Hotel yang sangat nyaman, berada ditengah kota, dibawahnya ada mall, kalau mau jogging tinggal nyebrang ke kebun raya Bogor. Kamarnya sangat luas, bersih, rapih. Pokoknya the bestt😍",29-Sep-25
1,4,Mohammad,Singapore,Couple,Executive Room,Stayed 7 nights in April 2026,10,Exceptional,Staycation,Nothing to say. Everything is superb. Been staying here for so many times the standard and cleaniness is superb. Location is good and connected to the mall.,20-Apr-26
1,5,Abdika,Indonesia,Couple,Superior Room Queen,Stayed 1 night in April 2025,8.8,Excellent,Good and comfy stay,"Rating: 4/5 The room was a bit old but overall okay—clean and well-maintained. The bathroom, especially the shower, worked just fine. Food was decent, nothing special but acceptable. What really stood out was the service. All the staff were kind, warm, and very helpful throughout our stay. One unique perk was the exclusive access to Botani Square, which was a nice touch. The only downside was the lobby. It felt quite small and didn't give off an exclusive or premium vibe, which could be improved. Overall, a comfortable stay with great service!",17-Apr-25
1,6,Yullia,Indonesia,Couple,Superior Room Queen,Stayed 1 night in April 2026,9.6,Exceptional,Sabtu ceria,"Over all bagus, makanan enak, lokasi sangat strategis. Tolong sediakan hair dryer di kamar biar tambah baik kualitas hotelnya",16-Apr-26
1,7,Latifah,Indonesia,Family with teens,Deluxe Room Queen,Stayed 1 night in February 2026,10,Exceptional,Rekomendasi staycation yang nyaman,"Kamar bersih dan terawat, staff yang ramah, akses ke mall lebih mudah, menu breakfast yang bervariasi dan enak enak, 🫶🏼",17-Feb-26
1,8,Novita,Indonesia,Solo traveler,Superior Room Queen,Stayed 1 night in May 2025,10,Exceptional,Terbaikk,"Hotel yang sangat nyaman, berada ditengah kota, dibawahnya ada mall, kalau mau jogging tinggal nyebrang ke kebun raya Bogor. Kamarnya sangat luas, bersih, rapih. Pokoknya the bestt😍",29-Sep-25
1,9,Mohammad,Singapore,Couple,Executive Room,Stayed 7 nights in April 2026,10,Exceptional,Staycation,Nothing to say. Everything is superb. Been staying here for so many times the standard and cleaniness is superb. Location is good and connected to the mall.,20-Apr-26
1,10,Abdika,Indonesia,Couple,Superior Room Queen,Stayed 1 night in April 2025,8.8,Excellent,Good and comfy stay,"Rating: 4/5 The room was a bit old but overall okay—clean and well-maintained. The bathroom, especially the shower, worked just fine. Food was decent, nothing special but acceptable. What really stood out was the service. All the staff were kind, warm, and very helpful throughout our stay. One unique perk was the exclusive access to Botani Square, which was a nice touch. The only downside was the lobby. It felt quite small and didn't give off an exclusive or premium vibe, which could be improved. Overall, a comfortable stay with great service!",17-Apr-25
2,11,handitya,Indonesia,Family with young children,Superior Room Twin,Stayed 1 night in May 2024,9.6,Exceptional,Sangat Bagus,"Menginap yang kedua kali nya di Hotel Santika Bogor, Pelayanan, Keramahan, Kebersihan, Kenyamanan dan Keamanan nya tetap terjaga. Dapat harga Promo 700ribu per kamar di saat weekend panjang..Dapat kamar satu lantai dengan Restoran dan Kolam Renang. kondisi Kamar dan Kamar Mandi sangat bersih dan wangi, pelayanan Security, Room Boy, Receptionist, Waiter, Office Boy nya sangat ramah. Sarapan nya banyak menu dan enak semua. Kekurangan nya Lift nya terlalu kecil untuk sekelas hotel Bintang 4, sehingga hanya muat 4 orang saja (membuat lama antri menuggu Lift) dan Pintu Akses ke Mall Botani nya hanya melalui Lift ke Basement yg mana Lift nya harus menunggu lama antrian dengan tamu hotel yg dari lantai atas ataupun sebalik nya dari Lobby..Seharus nya di berikan akses tangga jalan ke basement untuk ke Mall Botani ataupun ada akses pintu dari Lobby ke Mall Botani",11-May-24
2,12,Imanuel,Indonesia,Couple,Superior Room Queen,Stayed 2 nights in June 2025,9.6,Exceptional,Hotel Strategis di Pusat Kota Bogor,"Saya dan istri senang memilih tempat ini untuk berlibur di Bogor karena lokasinya yang dekat dengan Kebun Raya Bogor dan menempel dengan Botani Square. Hotel bersih, makanan enak, staf ramah, dan fasilitas cukup lengkap. Rekomendasi untuk yang mau berlibur di Bogor",10-Jun-25
2,13,widi,Indonesia,Business traveler,Superior Room Queen,Stayed 1 night in October 2025,10,Exceptional,Healing di Bogor,"Hotel ini lokasinya sangat strategis, terletak di pusat kota Bogor. Tidak jauh dari pintu tol Jagorawi. Hotel ini juga menyatu dengan mall favorit kota Bogor. Jadi oke banget. Fasilitas lengkap, makanan enak, view kota Bogor yg indah , staff hotel yg ramah dan membantu tamu. Rekomendasi banget untuk staycation di sini. Yg ngga mau ribet cari makanan dan hiburan. Semua ada di sini.",16-Oct-25
2,14,석용,South Korea,Solo traveler,Executive Queen,Stayed 1 night in January 2025,9.2,Exceptional,쇼핑몰 위에 있어서 너무 입지가 좋아요,쇼핑몰하고 붙어있어서 멀리 안나가도 되고서 위치너무 좋아요 하지만 호텔이 오래되서 그런지 전체적으로 시설들이 좀 낡은 느낌이 드네요 직원들도 친절하고 위치 가격 맘에들어요 그리고 옆방 공사중이어서 낮잠을 자는데 시끄러운거 빼고 불만없어요,10-Jan-25
2,15,Anggit,Indonesia,Couple,Executive Queen,Stayed 1 night in December 2024,9.6,Exceptional,Santika,"Pas awal masuk sudah hampir dini hari, loby gelap kaya kurang cahaya gitu, terus panas dan kurang wangi hehehehe. Lorong menuju kamar juga redup dan panas sepertinya acnya tidak dinyalakan entah dalam rangka berhemat atau go green. Kamar bersih, rapi, termasuk baru jadi masih terawat, air panas oke, tempat tidur nyaman. Sarapan lumayan variatif dan enak, staff hotel ramah. Lokasi strategis karena diatas Mall",14-Jan-25
2,16,Yullia,Indonesia,Couple,Superior Room Queen,Stayed 1 night in April 2026,9.6,Exceptional,Sabtu ceria,"Over all bagus, makanan enak, lokasi sangat strategis. Tolong sediakan hair dryer di kamar biar tambah baik kualitas hotelnya",16-Apr-26
2,17,Latifah,Indonesia,Family with teens,Deluxe Room Queen,Stayed 1 night in February 2026,10,Exceptional,Rekomendasi staycation yang nyaman,"Kamar bersih dan terawat, staff yang ramah, akses ke mall lebih mudah, menu breakfast yang bervariasi dan enak enak, 🫶🏼",17-Feb-26
2,18,Novita,Indonesia,Solo traveler,Superior Room Queen,Stayed 1 night in May 2025,10,Exceptional,Terbaikk,"Hotel yang sangat nyaman, berada ditengah kota, dibawahnya ada mall, kalau mau jogging tinggal nyebrang ke kebun raya Bogor. Kamarnya sangat luas, bersih, rapih. Pokoknya the bestt😍",29-Sep-25
2,19,Mohammad,Singapore,Couple,Executive Room,Stayed 7 nights in April 2026,10,Exceptional,Staycation,Nothing to say. Everything is superb. Been staying here for so many times the standard and cleaniness is superb. Location is good and connected to the mall.,20-Apr-26
2,20,Abdika,Indonesia,Couple,Superior Room Queen,Stayed 1 night in April 2025,8.8,Excellent,Good and comfy stay,"Rating: 4/5 The room was a bit old but overall okay—clean and well-maintained. The bathroom, especially the shower, worked just fine. Food was decent, nothing special but acceptable. What really stood out was the service. All the staff were kind, warm, and very helpful throughout our stay. One unique perk was the exclusive access to Botani Square, which was a nice touch. The only downside was the lobby. It felt quite small and didn't give off an exclusive or premium vibe, which could be improved. Overall, a comfortable stay with great service!",17-Apr-25
3,21,Imam,Indonesia,Couple,Superior Room Queen,Stayed 2 nights in July 2025,10,Exceptional,Exceptional,"Pokoknya semuanya oke banget! Lokasi, staff, fasilitas, breakfast… Bakal balik lagi kalo ke bogor 👌🏻👌🏻",26-Aug-25
3,22,Laurencia,Indonesia,Couple,Superior Room Queen,Stayed 1 night in June 2025,10,Exceptional,Happy staycation,"Sudah sering menginap di sini karena lokasi strategis, bersebelahan dengan Botani Square Mall. Staf sangat ramah & selalu siap membantu. Kamar hotel juga sangat bersih",5-Jun-25
3,23,Nita,Indonesia,Family with young children,Superior Room Queen,Stayed 1 night in April 2024,10,Exceptional,Staycation,"Senang bisa menginap disini, letaknya strategis langsung akses ke mall. Staf ramah dan membantu serta kamar yang nyaman, bersih, luas, wangi membuat pengalaman menginap jadi lebih menyenangkan . Thank you, very recommended hotel ❤️💐",29-Sep-24
3,24,Mshenda,Indonesia,Family with teens,Deluxe Room Twin,Stayed 1 night in November 2024,10,Exceptional,👍,"Menginap di Hotel Santika Bogor bersama keluarga kemarin malam sangat menyenangkan! Lokasinya yang strategis, dekat dengan Botanical Square Mall dan Kebun Raya Bogor, memudahkan kami untuk berbelanja dan menikmati keindahan alam. Kamar cukup nyaman dan fasilitasnya memadai, sarapannya enak2.",18-Nov-24
3,25,agus,Indonesia,Couple,Superior Room Twin,Stayed 1 night in May 2025,8,Excellent,Istirahat di atas mall,"Kamar cukup luas dan bersih. Kamar mandi bersih dan air di lantai cepat kering. Fasilitas hotel memadai., view bagus serasa di puncak. Kekurangan pada sarapan, kebanyakan lauknya dingin, jadi tidak sebanding dengan harga sarapannya.",12-May-25
3,26,Yullia,Indonesia,Couple,Superior Room Queen,Stayed 1 night in April 2026,9.6,Exceptional,Sabtu ceria,"Over all bagus, makanan enak, lokasi sangat strategis. Tolong sediakan hair dryer di kamar biar tambah baik kualitas hotelnya",16-Apr-26
3,27,Latifah,Indonesia,Family with teens,Deluxe Room Queen,Stayed 1 night in February 2026,10,Exceptional,Rekomendasi staycation yang nyaman,"Kamar bersih dan terawat, staff yang ramah, akses ke mall lebih mudah, menu breakfast yang bervariasi dan enak enak, 🫶🏼",17-Feb-26
3,28,Novita,Indonesia,Solo traveler,Superior Room Queen,Stayed 1 night in May 2025,10,Exceptional,Terbaikk,"Hotel yang sangat nyaman, berada ditengah kota, dibawahnya ada mall, kalau mau jogging tinggal nyebrang ke kebun raya Bogor. Kamarnya sangat luas, bersih, rapih. Pokoknya the bestt😍",29-Sep-25
3,29,Mohammad,Singapore,Couple,Executive Room,Stayed 7 nights in April 2026,10,Exceptional,Staycation,Nothing to say. Everything is superb. Been staying here for so many times the standard and cleaniness is superb. Location is good and connected to the mall.,20-Apr-26
3,30,Abdika,Indonesia,Couple,Superior Room Queen,Stayed 1 night in April 2025,8.8,Excellent,Good and comfy stay,"Rating: 4/5 The room was a bit old but overall okay—clean and well-maintained. The bathroom, especially the shower, worked just fine. Food was decent, nothing special but acceptable. What really stood out was the service. All the staff were kind, warm, and very helpful throughout our stay. One unique perk was the exclusive access to Botani Square, which was a nice touch. The only downside was the lobby. It felt quite small and didn't give off an exclusive or premium vibe, which could be improved. Overall, a comfortable stay with great service!",17-Apr-25
4,31,Bu,Indonesia,Family with young children,Superior Room Queen,Stayed 1 night in March 2026,8.8,Excellent,Staycation,"Terimakasih agoda sudah mmberikan harga terbaik murah tpi hotel yang bagus, bersih dan semua stafnya ramah sekali dan lokasi yang sangat strategis",12-Mar-26
4,32,Iyong,Indonesia,Family with young children,Deluxe Room Queen,Stayed 1 night in September 2025,10,Exceptional,Libur Keluarga,"Nyaman bersih deket dengan mal dan kebun raya , lokasi nya strategis dan pulang juga bisa langsung deket dengan pintu tol arah jakarta",1-Oct-25
4,33,Larasati,Indonesia,Group,Superior Room Twin,Stayed 2 nights in February 2024,8.8,Excellent,Hotel nempel mall di Bogor,"Utk Hotel Santika selalu oke yah dicabang manapun...kamar nyaman, luas dan fasilitasnya bagus. Makan sarapan selalu menyenangkan jg di Santika Bogor banyak pilihan menunya. Hanya kolam renang kecil dan yg kolam kecil anak2 itu agak kotor yah pas kami staycation disana. Tapi utk posisi dipusat kota enak deket kemana2 termasuk utk cari2 makan jg mudah karena nempel dengan Mall botani square.",27-Jan-25
4,34,Riza,Indonesia,Couple,Deluxe Room Queen,Stayed 1 night in April 2025,10,Exceptional,Exceptional,"Semuanya OK, bs dpt kamar deluxe (besar) only 800an. Kamarnya bersih, fasilitas OK, staff nya ramah. Hotel andalan klo ada perjalanan ke luar negri dn hrs balik dini hari, lsg ke Santika nginep nya",1-May-25
4,35,Nor,Singapore,Family with teens,Superior Room Twin,Stayed 1 night in December 2025,9.6,Exceptional,Pleasant stay at Santika Bogor Hotel,"Love the location- with access to the mall. Clean room, bright corridor. Great hospitality by the hotel staff from concierge, to reception, housekeeping, restaurant and room service. Will stay here again if in Bogor.",31-Dec-25
4,36,Yullia,Indonesia,Couple,Superior Room Queen,Stayed 1 night in April 2026,9.6,Exceptional,Sabtu ceria,"Over all bagus, makanan enak, lokasi sangat strategis. Tolong sediakan hair dryer di kamar biar tambah baik kualitas hotelnya",16-Apr-26
4,37,Latifah,Indonesia,Family with teens,Deluxe Room Queen,Stayed 1 night in February 2026,10,Exceptional,Rekomendasi staycation yang nyaman,"Kamar bersih dan terawat, staff yang ramah, akses ke mall lebih mudah, menu breakfast yang bervariasi dan enak enak, 🫶🏼",17-Feb-26
4,38,Novita,Indonesia,Solo traveler,Superior Room Queen,Stayed 1 night in May 2025,10,Exceptional,Terbaikk,"Hotel yang sangat nyaman, berada ditengah kota, dibawahnya ada mall, kalau mau jogging tinggal nyebrang ke kebun raya Bogor. Kamarnya sangat luas, bersih, rapih. Pokoknya the bestt😍",29-Sep-25
4,39,Mohammad,Singapore,Couple,Executive Room,Stayed 7 nights in April 2026,10,Exceptional,Staycation,Nothing to say. Everything is superb. Been staying here for so many times the standard and cleaniness is superb. Location is good and connected to the mall.,20-Apr-26
4,40,Abdika,Indonesia,Couple,Superior Room Queen,Stayed 1 night in April 2025,8.8,Excellent,Good and comfy stay,"Rating: 4/5 The room was a bit old but overall okay—clean and well-maintained. The bathroom, especially the shower, worked just fine. Food was decent, nothing special but acceptable. What really stood out was the service. All the staff were kind, warm, and very helpful throughout our stay. One unique perk was the exclusive access to Botani Square, which was a nice touch. The only downside was the lobby. It felt quite small and didn't give off an exclusive or premium vibe, which could be improved. Overall, a comfortable stay with great service!",17-Apr-25
5,41,ISMAIL,Malaysia,Couple,Superior Room Twin,Stayed 2 nights in April 2026,8.4,Excellent,Nice hotel.,"Nice hotel, clean room, smooth for check in and check out. The hotel is very closed to shops and food stalls, easy to go shopping and get dinner. The breakfast was very nice. I enjoy the Sunda cuisines. The staff were very friendly. There's a simple gym but a big swimming pool. I will come back again if I visit Bogor city. Recommended hotel.",13-Apr-26
5,42,henny,Indonesia,Couple,Superior Room Twin,Stayed 2 nights in February 2024,10,Exceptional,Hotel yang menempel di Mal Botani Square,"Saya selalu suka dengan hotel yg jadi satu dengan Mal. Apa apa gampang. Kamar oke, sarapannya juga lumayan enak",5-Aug-24
5,43,Encep,Indonesia,Couple,Superior Room Twin,Stayed 1 night in June 2025,9.2,Exceptional,Ayo liburan di hotel santika Bogor,"fasilitas ditengah kota berada dalam satu kawasan mall Botani, tempat bersih, fasilitas lengkap namun service excelent bagi semua staf perlu ditingkatkan",18-Jun-25
5,44,Iswahyudi,Indonesia,Couple,Superior Room Twin,Stayed 1 night in May 2025,10,Exceptional,Hotel dekat kebun Raya Bogor,"Hotel bagus, lokasi bagus, ada mall juga di bawah, dan istimewa nya kita bisa jogging keliling kebun Raya Bogor.",10-Nov-25
5,45,riana,Indonesia,Family with young children,Deluxe Room Twin,Stayed 1 night in April 2025,10,Exceptional,Exceptional,"lokasi strategis punya akses ke botani square, kamar deluxe luas disertai sofa , makanan cukup banyak variasinya dan enak2. yg perlu diimprove proses check in antri dan baru bisa masuk kamar 14.30, saat peak season hrsnya resepsionis dan penyiapan kamar bisa lebih di perbanyak.",5-Apr-25
5,46,Yullia,Indonesia,Couple,Superior Room Queen,Stayed 1 night in April 2026,9.6,Exceptional,Sabtu ceria,"Over all bagus, makanan enak, lokasi sangat strategis. Tolong sediakan hair dryer di kamar biar tambah baik kualitas hotelnya",16-Apr-26
5,47,Latifah,Indonesia,Family with teens,Deluxe Room Queen,Stayed 1 night in February 2026,10,Exceptional,Rekomendasi staycation yang nyaman,"Kamar bersih dan terawat, staff yang ramah, akses ke mall lebih mudah, menu breakfast yang bervariasi dan enak enak, 🫶🏼",17-Feb-26
5,48,Novita,Indonesia,Solo traveler,Superior Room Queen,Stayed 1 night in May 2025,10,Exceptional,Terbaikk,"Hotel yang sangat nyaman, berada ditengah kota, dibawahnya ada mall, kalau mau jogging tinggal nyebrang ke kebun raya Bogor. Kamarnya sangat luas, bersih, rapih. Pokoknya the bestt😍",29-Sep-25
5,49,Mohammad,Singapore,Couple,Executive Room,Stayed 7 nights in April 2026,10,Exceptional,Staycation,Nothing to say. Everything is superb. Been staying here for so many times the standard and cleaniness is superb. Location is good and connected to the mall.,20-Apr-26
5,50,Abdika,Indonesia,Couple,Superior Room Queen,Stayed 1 night in April 2025,8.8,Excellent,Good and comfy stay,"Rating: 4/5 The room was a bit old but overall okay—clean and well-maintained. The bathroom, especially the shower, worked just fine. Food was decent, nothing special but acceptable. What really stood out was the service. All the staff were kind, warm, and very helpful throughout our stay. One unique perk was the exclusive access to Botani Square, which was a nice touch. The only downside was the lobby. It felt quite small and didn't give off an exclusive or premium vibe, which could be improved. Overall, a comfortable stay with great service!",17-Apr-25
6,51,Dama,Indonesia,Family with young children,Deluxe Room Twin,Stayed 1 night in August 2024,10,Exceptional,Hotel nyaman modern,"Seru sih hotelnya makanan jg oke banyak pilihan, kolam renang cukup lah buat dewasa n anak-anak, lokasinya strategis bgt dket mall tggl jalan kaki jadi gampang bgt kl ajak anak2 cari makan n oleh2 jg gampang",29-Nov-24
6,52,Dina,Indonesia,Business traveler,Superior Room Queen,Stayed 1 night in November 2025,9.2,Exceptional,Hotel di Mall Botani Square,"Staff ramah , lokasi strategis , view gunung salak , breakfast cukup beragam . Nice ..Masukannya : Ada mesin roti yang berputar untuk Croissant .",11-Nov-25
6,53,Iskandar,Malaysia,Solo traveler,Superior Room Queen,Stayed 2 nights in June 2024,10,Exceptional,Exceptional,"Hotel is superb in terms of location, cleanliness and strategically located in the city of Bogor. Staff are very friendly and helpful. Feel really welcome especially at the cafe during breakfast with variety of foods",15-Jun-24
6,54,Febry,Indonesia,Family with young children,Executive Queen,Stayed 1 night in September 2024,10,Exceptional,Longweekend 😬,"Selama longweekend kami stay awal di suite room dan hari berikutnya kami pindah ke executive semuanya ok, kami minta dipindahkan tidak jauh dari kamar awal posisinya dan akses yg tidak jauh dri lift, dan dibantu dengan tim FO, Makasih 🙏 akses yg terintegrasi langsung dengan mall botani sangat membantu kami selama liburan. Snack time di exe lounge mba gaby selalu membantu dan ramah selama 2 hari kami stay disana.🙏Semoga dipertahankan servis dan kebersihannya",23-Sep-24
6,55,Lin,Malaysia,Couple,Executive Queen,Stayed 2 nights in April 2026,9.2,Exceptional,Bogor short trip,Convenient as it is connected to the mall. Good for families or if you’re the fussy eater the mall all kinds of foods. The view was nice and calm.. Will definitely return again,1-May-26
6,56,Yullia,Indonesia,Couple,Superior Room Queen,Stayed 1 night in April 2026,9.6,Exceptional,Sabtu ceria,"Over all bagus, makanan enak, lokasi sangat strategis. Tolong sediakan hair dryer di kamar biar tambah baik kualitas hotelnya",16-Apr-26
6,57,Latifah,Indonesia,Family with teens,Deluxe Room Queen,Stayed 1 night in February 2026,10,Exceptional,Rekomendasi staycation yang nyaman,"Kamar bersih dan terawat, staff yang ramah, akses ke mall lebih mudah, menu breakfast yang bervariasi dan enak enak, 🫶🏼",17-Feb-26
6,58,Novita,Indonesia,Solo traveler,Superior Room Queen,Stayed 1 night in May 2025,10,Exceptional,Terbaikk,"Hotel yang sangat nyaman, berada ditengah kota, dibawahnya ada mall, kalau mau jogging tinggal nyebrang ke kebun raya Bogor. Kamarnya sangat luas, bersih, rapih. Pokoknya the bestt😍",29-Sep-25
6,59,Mohammad,Singapore,Couple,Executive Room,Stayed 7 nights in April 2026,10,Exceptional,Staycation,Nothing to say. Everything is superb. Been staying here for so many times the standard and cleaniness is superb. Location is good and connected to the mall.,20-Apr-26
6,60,Abdika,Indonesia,Couple,Superior Room Queen,Stayed 1 night in April 2025,8.8,Excellent,Good and comfy stay,"Rating: 4/5 The room was a bit old but overall okay—clean and well-maintained. The bathroom, especially the shower, worked just fine. Food was decent, nothing special but acceptable. What really stood out was the service. All the staff were kind, warm, and very helpful throughout our stay. One unique perk was the exclusive access to Botani Square, which was a nice touch. The only downside was the lobby. It felt quite small and didn't give off an exclusive or premium vibe, which could be improved. Overall, a comfortable stay with great service!",17-Apr-25
7,61,annis,Indonesia,Family with young children,Executive Queen,Stayed 1 night in October 2025,10,Exceptional,Hotel Tersat set di Bogor,"Hotel paling enak, nyaman dan strategis... deket kemana mana.. Terutama mall di dalemnya hehehe.. makasi santika..",8-Oct-25
7,62,Rizqi,Indonesia,Family with young children,Deluxe Room Queen,Stayed 1 night in August 2024,10,Exceptional,Nice Hotel,"Tempatnya strategis, satu kawasan sama mall botani jadi ga repot kalo butuh sesuatu. Nyaman, kamar luas, kolam renang jg lumayan.",13-Sep-24
7,63,Sanggul,Indonesia,Solo traveler,Superior Room,Stayed 2 nights in July 2025,10,Exceptional,Great place to stay,"Very startegic location dan nicest place, meals and clean room including excellent service from all the staffs",11-Jul-25
7,64,Abidur,Japan,Solo traveler,Superior Room Queen,Stayed 1 night in January 2026,9.2,Exceptional,Good place to stay,"The location is perfect, next to the mall. The breakfast was impressive. Staffs were very friendly and helpful. I strongly recommend the hotel.",28-Jan-26
7,65,Nizam,Malaysia,Solo traveler,Superior Room Queen,Stayed 3 nights in July 2025,9.6,Exceptional,Great Service and location,"I'll definitely stay here again. Clean, good staff, convenient, pretty good breakfast as well",2-Aug-25
7,66,Yullia,Indonesia,Couple,Superior Room Queen,Stayed 1 night in April 2026,9.6,Exceptional,Sabtu ceria,"Over all bagus, makanan enak, lokasi sangat strategis. Tolong sediakan hair dryer di kamar biar tambah baik kualitas hotelnya",16-Apr-26
7,67,Latifah,Indonesia,Family with teens,Deluxe Room Queen,Stayed 1 night in February 2026,10,Exceptional,Rekomendasi staycation yang nyaman,"Kamar bersih dan terawat, staff yang ramah, akses ke mall lebih mudah, menu breakfast yang bervariasi dan enak enak, 🫶🏼",17-Feb-26
7,68,Novita,Indonesia,Solo traveler,Superior Room Queen,Stayed 1 night in May 2025,10,Exceptional,Terbaikk,"Hotel yang sangat nyaman, berada ditengah kota, dibawahnya ada mall, kalau mau jogging tinggal nyebrang ke kebun raya Bogor. Kamarnya sangat luas, bersih, rapih. Pokoknya the bestt😍",29-Sep-25
7,69,Mohammad,Singapore,Couple,Executive Room,Stayed 7 nights in April 2026,10,Exceptional,Staycation,Nothing to say. Everything is superb. Been staying here for so many times the standard and cleaniness is superb. Location is good and connected to the mall.,20-Apr-26
7,70,Abdika,Indonesia,Couple,Superior Room Queen,Stayed 1 night in April 2025,8.8,Excellent,Good and comfy stay,"Rating: 4/5 The room was a bit old but overall okay—clean and well-maintained. The bathroom, especially the shower, worked just fine. Food was decent, nothing special but acceptable. What really stood out was the service. All the staff were kind, warm, and very helpful throughout our stay. One unique perk was the exclusive access to Botani Square, which was a nice touch. The only downside was the lobby. It felt quite small and didn't give off an exclusive or premium vibe, which could be improved. Overall, a comfortable stay with great service!",17-Apr-25
8,71,Unai,Spain,Couple,Superior Room Twin,Stayed 1 night in July 2025,9.2,Exceptional,Nivel stay,"We had a very good experience during our two-night stay, even though the hotel was fully booked (last weekend before the school holidays). Everything was clean and well-organized despite the crowds. The buffet was amazing, with a wide variety of Javanese and Indonesian dishes. The location is excellent: right next to the Botanical Gardens and two shopping malls. A pleasant surprise in Indonesia: people walk, jog, and cycle around the Botanical Gardens in the evening. The hotel has a pool and a small fitness room. The staff was wonderful and very helpful. We had an issue with a room that smelled of smoke, but they quickly moved us and took care of everything. I think Europeans are more used to smoke-free spaces. I hope this becomes more common in Indonesia too.",10-Aug-25
8,72,Nor,Singapore,Family with teens,Superior Room Twin,Stayed 1 night in December 2025,9.6,Exceptional,Had a pleasant stay at Santika Bogor Hotel.,"Great hospitality, clean room. Very good location if you like to be near the mall and eating places. Exceptional staff, guest focussed. Has access to mall. A hotel that i will definitely recommend to my loved ones. Will stay here again if in Bogor.",31-Dec-25
8,73,Kemala,Singapore,Couple,Superior Room Twin,Stayed 5 nights in September 2024,10,Exceptional,Great Stay!,"Santika Hotel Bogor exceeded my expectations in every way. It combines excellent service, comfortable accommodations, and a great location, making it a standout choice for anyone visiting Bogor. I highly recommend it and look forward to staying there again in the future.",11-Sep-24
8,74,Unai,Spain,Couple,Superior Room Twin,Stayed 1 night in July 2025,9.2,Exceptional,Nivel stay,"We had a very good experience during our two-night stay, even though the hotel was fully booked (last weekend before the school holidays). Everything was clean and well-organized despite the crowds. The buffet was amazing, with a wide variety of Javanese and Indonesian dishes. The location is excellent: right next to the Botanical Gardens and two shopping malls. A pleasant surprise in Indonesia: people walk, jog, and cycle around the Botanical Gardens in the evening. The hotel has a pool and a small fitness room. The staff was wonderful and very helpful. We had an issue with a room that smelled of smoke, but they quickly moved us and took care of everything. I think Europeans are more used to smoke-free spaces. I hope this becomes more common in Indonesia too.",10-Aug-25
8,75,Sandy,Indonesia,Family with young children,Deluxe Room Queen,Stayed 1 night in September 2024,8.4,Excellent,Hotel yg menyatu dengan mall,"Hotel cukup baik..menyatu dengan mall, tinggal jalan kaki..kamar cukup luas..breakfast variasi byk tp rasa sedikit kurang..pool cukup ok, tmpt gym seadanya..",27-Sep-24
8,76,Yullia,Indonesia,Couple,Superior Room Queen,Stayed 1 night in April 2026,9.6,Exceptional,Sabtu ceria,"Over all bagus, makanan enak, lokasi sangat strategis. Tolong sediakan hair dryer di kamar biar tambah baik kualitas hotelnya",16-Apr-26
8,77,Latifah,Indonesia,Family with teens,Deluxe Room Queen,Stayed 1 night in February 2026,10,Exceptional,Rekomendasi staycation yang nyaman,"Kamar bersih dan terawat, staff yang ramah, akses ke mall lebih mudah, menu breakfast yang bervariasi dan enak enak, 🫶🏼",17-Feb-26
8,78,Novita,Indonesia,Solo traveler,Superior Room Queen,Stayed 1 night in May 2025,10,Exceptional,Terbaikk,"Hotel yang sangat nyaman, berada ditengah kota, dibawahnya ada mall, kalau mau jogging tinggal nyebrang ke kebun raya Bogor. Kamarnya sangat luas, bersih, rapih. Pokoknya the bestt😍",29-Sep-25
8,79,Mohammad,Singapore,Couple,Executive Room,Stayed 7 nights in April 2026,10,Exceptional,Staycation,Nothing to say. Everything is superb. Been staying here for so many times the standard and cleaniness is superb. Location is good and connected to the mall.,20-Apr-26
8,80,Abdika,Indonesia,Couple,Superior Room Queen,Stayed 1 night in April 2025,8.8,Excellent,Good and comfy stay,"Rating: 4/5 The room was a bit old but overall okay—clean and well-maintained. The bathroom, especially the shower, worked just fine. Food was decent, nothing special but acceptable. What really stood out was the service. All the staff were kind, warm, and very helpful throughout our stay. One unique perk was the exclusive access to Botani Square, which was a nice touch. The only downside was the lobby. It felt quite small and didn't give off an exclusive or premium vibe, which could be improved. Overall, a comfortable stay with great service!",17-Apr-25
9,81,madigan,Malaysia,Business traveler,Executive Queen,Stayed 5 nights in May 2024,9.6,Exceptional,Great stay,Located beside a mall. Many restaurants in the mall. Room is clean and bed are comfortable.,4-Jun-24
9,82,Casey,Malaysia,Couple,Superior Room Queen,Stayed 1 night in September 2024,8,Excellent,Good Location,The location of this hotel is excellent. It is joint with a good mall. Breakfast is good.,18-Oct-24
9,83,Yurika,Indonesia,Solo traveler,Superior Room Twin,Stayed 1 night in February 2025,8.8,Excellent,Breakfast,"If you have breakfast at 09.00, be prepared most of the good food are gone and the staff does not pay attention to them unless you ask them to",28-Feb-25
9,84,Firman,Indonesia,Family with young children,Deluxe Room Twin,Stayed 1 night in July 2024,8.4,Excellent,Excellent,"Recomended Hotel at Bogor, kamarnya nyaman, staffnya very helpful dan ramah, strategis dan connected ke botani square. Like it!",21-Jul-24
9,85,Faridah,Indonesia,Couple,Superior Room Twin,Stayed 1 night in September 2024,10,Exceptional,exceptional,"for a 3 stars hotel, it is like 4 or 5 stars, i like the tile floor, so it always smell fresh",25-Sep-24
9,86,Yullia,Indonesia,Couple,Superior Room Queen,Stayed 1 night in April 2026,9.6,Exceptional,Sabtu ceria,"Over all bagus, makanan enak, lokasi sangat strategis. Tolong sediakan hair dryer di kamar biar tambah baik kualitas hotelnya",16-Apr-26
9,87,Latifah,Indonesia,Family with teens,Deluxe Room Queen,Stayed 1 night in February 2026,10,Exceptional,Rekomendasi staycation yang nyaman,"Kamar bersih dan terawat, staff yang ramah, akses ke mall lebih mudah, menu breakfast yang bervariasi dan enak enak, 🫶🏼",17-Feb-26
9,88,Novita,Indonesia,Solo traveler,Superior Room Queen,Stayed 1 night in May 2025,10,Exceptional,Terbaikk,"Hotel yang sangat nyaman, berada ditengah kota, dibawahnya ada mall, kalau mau jogging tinggal nyebrang ke kebun raya Bogor. Kamarnya sangat luas, bersih, rapih. Pokoknya the bestt😍",29-Sep-25
9,89,Mohammad,Singapore,Couple,Executive Room,Stayed 7 nights in April 2026,10,Exceptional,Staycation,Nothing to say. Everything is superb. Been staying here for so many times the standard and cleaniness is superb. Location is good and connected to the mall.,20-Apr-26
9,90,Abdika,Indonesia,Couple,Superior Room Queen,Stayed 1 night in April 2025,8.8,Excellent,Good and comfy stay,"Rating: 4/5 The room was a bit old but overall okay—clean and well-maintained. The bathroom, especially the shower, worked just fine. Food was decent, nothing special but acceptable. What really stood out was the service. All the staff were kind, warm, and very helpful throughout our stay. One unique perk was the exclusive access to Botani Square, which was a nice touch. The only downside was the lobby. It felt quite small and didn't give off an exclusive or premium vibe, which could be improved. Overall, a comfortable stay with great service!",17-Apr-25
10,91,Ila,Indonesia,Family with teens,Superior Room Queen,Stayed 1 night in November 2024,8.4,Excellent,A Perfect Impromptu Stay,"Our stay at this hotel was a last-minute decision due to bad weather, and it turned out to be a delightful experience. Despite the lack of planning, everything exceeded our expectations. The room was clean and well-maintained, providing a comfortable place to relax. What we loved most was the location—being within the mall made everything so convenient, from dining to shopping. It was the perfect spot to stay dry and make the most of our time. We would happily return for another stay, planned or not!",2-Jan-25
10,92,MOHAMED,Singapore,Family with teens,Superior Room Non Smoking,Stayed 2 nights in October 2024,9.2,Exceptional,Very professional,The room was very clean and modern. Bed comfortable and romm also had strong AC. Housekeeping will ask for any laundry in the morning. Breakfast spread is abundant.,22-Oct-24
10,93,Robiatul,Indonesia,Family with young children,Superior Room Twin,Stayed 1 night in August 2024,10,Exceptional,Salah Satu Favorit Hotel Anak- Anak Saya,"Menjadi salah satu hotel favorit anak-anak sy, dikala kami mau liburan singkat, karena lokasi yg cukup strategis,dekat dengan kebun raya, dekat keluar pintu toll, dekat ke tempat rekreasi yg lain juga. Selain itu hotel ini menjadi satu dengan mall yg memudahkan kita refreshing dan kolam renang nya yg buat anak-anak saya jd betah dan senang klo nginep di sini. Tq Hotel Santika.",30-Aug-24
10,94,Florence,Australia,Couple,Superior Room Queen,Stayed 3 nights in November 2024,8.8,Excellent,Great location next to Botani Square Mall,"Friendly staff, great breakfast and excellent location close to Botani Square Mall. I would recommend staying at this hotel when visiting Bogor",7-Nov-24
10,95,Dina,Indonesia,Couple,Deluxe Room Twin,Stayed 1 night in October 2024,10,Exceptional,Good weekend,"Location next to Botani Square with connection directly, made easy to have meals, shop, or just sightseeing. Room was clean and comfy as well as breakfast menu. Such good weekend experiences for us. Thanks for the hospitality.",7-Oct-24
10,96,Yullia,Indonesia,Couple,Superior Room Queen,Stayed 1 night in April 2026,9.6,Exceptional,Sabtu ceria,"Over all bagus, makanan enak, lokasi sangat strategis. Tolong sediakan hair dryer di kamar biar tambah baik kualitas hotelnya",16-Apr-26
10,97,Latifah,Indonesia,Family with teens,Deluxe Room Queen,Stayed 1 night in February 2026,10,Exceptional,Rekomendasi staycation yang nyaman,"Kamar bersih dan terawat, staff yang ramah, akses ke mall lebih mudah, menu breakfast yang bervariasi dan enak enak, 🫶🏼",17-Feb-26
10,98,Novita,Indonesia,Solo traveler,Superior Room Queen,Stayed 1 night in May 2025,10,Exceptional,Terbaikk,"Hotel yang sangat nyaman, berada ditengah kota, dibawahnya ada mall, kalau mau jogging tinggal nyebrang ke kebun raya Bogor. Kamarnya sangat luas, bersih, rapih. Pokoknya the bestt😍",29-Sep-25
10,99,Mohammad,Singapore,Couple,Executive Room,Stayed 7 nights in April 2026,10,Exceptional,Staycation,Nothing to say. Everything is superb. Been staying here for so many times the standard and cleaniness is superb. Location is good and connected to the mall.,20-Apr-26
10,100,Abdika,Indonesia,Couple,Superior Room Queen,Stayed 1 night in April 2025,8.8,Excellent,Good and comfy stay,"Rating: 4/5 The room was a bit old but overall okay—clean and well-maintained. The bathroom, especially the shower, worked just fine. Food was decent, nothing special but acceptable. What really stood out was the service. All the staff were kind, warm, and very helpful throughout our stay. One unique perk was the exclusive access to Botani Square, which was a nice touch. The only downside was the lobby. It felt quite small and didn't give off an exclusive or premium vibe, which could be improved. Overall, a comfortable stay with great service!",17-Apr-25
11,101,Ferizandra,Indonesia,Couple,Superior Room Queen,Stayed 1 night in August 2024,10,Exceptional,Nice place to stay during weekend,"Room is clean and large enough, AC works, hot water works, the hotel is close to a large mall...",24-Aug-24
11,102,Nizam,Malaysia,Couple,Superior Room Queen,Stayed 3 nights in July 2025,9.2,Exceptional,A good stay,great location. modest reception. staff always helpful. a little pricey for a 3-star facility,13-Aug-25
11,103,Nadya,Japan,Couple,Superior Room,Stayed 3 nights in August 2025,8.4,Excellent,Nice stay,It is close to airports shuttle bus station but necessary amenities like hairdryers should be requested by phone/receptionist. They do not provide pajamas so you have to prepare your own.,5-Oct-25
11,104,ujang,Indonesia,Family with young children,Deluxe Room Queen,Stayed 1 night in April 2025,9.6,Exceptional,very good location,"The hotel is in a great location, close to tourist attractions and the center of activity. The staff are friendly and very helpful.",21-Apr-25
11,105,SUGIHARTO,Indonesia,Family with young children,Superior Room Queen,Stayed 1 night in March 2025,10,Exceptional,Exceptional,"Saya sangat merekomendasikan hotel ini! Dari awal check-in hingga check-out, pelayanan staff sungguh luar biasa — ramah, sigap, dan benar-benar membuat tamu merasa dihargai. Setiap permintaan saya ditangani dengan cepat dan senyum hangat! Lokasi hotel juga sangat strategis — dekat dengan pusat kuliner, transportasi umum, dan tempat wisata populer. Cocok banget buat yang ingin eksplorasi kota tanpa repot soal akses. Yang paling mengejutkan? Harganya sangat ekonomis dibanding fasilitas dan kenyamanan yang ditawarkan. Kamar bersih, AC dingin, air panas lancar, dan WiFi kencang. Nilai lebih banget!",4-May-25
11,106,Yullia,Indonesia,Couple,Superior Room Queen,Stayed 1 night in April 2026,9.6,Exceptional,Sabtu ceria,"Over all bagus, makanan enak, lokasi sangat strategis. Tolong sediakan hair dryer di kamar biar tambah baik kualitas hotelnya",16-Apr-26
11,107,Latifah,Indonesia,Family with teens,Deluxe Room Queen,Stayed 1 night in February 2026,10,Exceptional,Rekomendasi staycation yang nyaman,"Kamar bersih dan terawat, staff yang ramah, akses ke mall lebih mudah, menu breakfast yang bervariasi dan enak enak, 🫶🏼",17-Feb-26
11,108,Novita,Indonesia,Solo traveler,Superior Room Queen,Stayed 1 night in May 2025,10,Exceptional,Terbaikk,"Hotel yang sangat nyaman, berada ditengah kota, dibawahnya ada mall, kalau mau jogging tinggal nyebrang ke kebun raya Bogor. Kamarnya sangat luas, bersih, rapih. Pokoknya the bestt😍",29-Sep-25
11,109,Mohammad,Singapore,Couple,Executive Room,Stayed 7 nights in April 2026,10,Exceptional,Staycation,Nothing to say. Everything is superb. Been staying here for so many times the standard and cleaniness is superb. Location is good and connected to the mall.,20-Apr-26
11,110,Abdika,Indonesia,Couple,Superior Room Queen,Stayed 1 night in April 2025,8.8,Excellent,Good and comfy stay,"Rating: 4/5 The room was a bit old but overall okay—clean and well-maintained. The bathroom, especially the shower, worked just fine. Food was decent, nothing special but acceptable. What really stood out was the service. All the staff were kind, warm, and very helpful throughout our stay. One unique perk was the exclusive access to Botani Square, which was a nice touch. The only downside was the lobby. It felt quite small and didn't give off an exclusive or premium vibe, which could be improved. Overall, a comfortable stay with great service!",17-Apr-25
12,111,DEDE,Indonesia,Family with teens,Deluxe Room Twin,Stayed 1 night in February 2026,10,Exceptional,Central location near mall and airport bus,We always stayed here for a short trip as convenient to relax near shops cafe etc. Also near bus to airport. Hotel breakfast are varied. Staff are friendly and helpful. We booked deluxe room that contains twins bed and double size couch to accommodate 3 people comfortably. We asked extra blanket and towel free of charge. Will stay again.,16-Feb-26
12,112,Rusiana,Indonesia,Family with young children,Superior Room Queen,Stayed 1 night in April 2025,9.6,Exceptional,Hotel nyaman,Hotel ok sebelahan sama mall..untuk kebersihan kmr mandi agak kurang sdkit y..kl dikamarnya bersih.. Untuk sarapan enak dan banyak variasi..cocok di saya.. Enak sebelah mall..,18-May-25
12,113,Adwan,Brunei Darussalam,Couple,Suite Room,Stayed 1 night in February 2025,9.2,Exceptional,Excellent location and friendly staff,"I had a wonderful stay at Santika Hotel Bogor. The hotel offers a great location, linked to a Mall with easy access to the city’s main attractions and beautiful surroundings. The rooms are spacious, clean, and well-equipped, providing a comfortable retreat after a busy day. The staff is warm and friendly, always ready to assist with a smile. Overall, it’s a perfect place to relax and enjoy a pleasant stay in Bogor.""",11-Mar-25
12,114,Robiatul,Indonesia,Family with young children,Superior Room Queen,Stayed 1 night in July 2025,10,Exceptional,Short Family Holiday,"Secara keseluruhan semuanya ok dan bagus, tetapi untuk kali ini aga sedikit kecewa sih, karena sy sudah request minta kamar yang menghadap atau yang bisa melihat ke kolam renang, tetapi tetap di kasih nya yg tidak menghadap kolam renang 😭😭. Dan sy juga minta kamar yg tidak terlalu jauh dari lift, tetapi tetap di kasih kamar yg lumayan jauh dr lift. Mohon di perhatikan lagi request dari tamu ya. Tetapi tetap one of favorite my kiddos. Tq Santika Bogor Hotel.",15-Jul-25
12,115,Fazlur,Indonesia,Couple,Superior Room Queen,Stayed 1 night in March 2025,10,Exceptional,8 Ramadhan,"Always had good experience in this hotel. But the sahoor menu, need to upgrade. I know it's 3 am, but must treat it as excited as breakfast. IYKWIM.",10-Mar-25
12,116,Yullia,Indonesia,Couple,Superior Room Queen,Stayed 1 night in April 2026,9.6,Exceptional,Sabtu ceria,"Over all bagus, makanan enak, lokasi sangat strategis. Tolong sediakan hair dryer di kamar biar tambah baik kualitas hotelnya",16-Apr-26
12,117,Latifah,Indonesia,Family with teens,Deluxe Room Queen,Stayed 1 night in February 2026,10,Exceptional,Rekomendasi staycation yang nyaman,"Kamar bersih dan terawat, staff yang ramah, akses ke mall lebih mudah, menu breakfast yang bervariasi dan enak enak, 🫶🏼",17-Feb-26
12,118,Novita,Indonesia,Solo traveler,Superior Room Queen,Stayed 1 night in May 2025,10,Exceptional,Terbaikk,"Hotel yang sangat nyaman, berada ditengah kota, dibawahnya ada mall, kalau mau jogging tinggal nyebrang ke kebun raya Bogor. Kamarnya sangat luas, bersih, rapih. Pokoknya the bestt😍",29-Sep-25
12,119,Mohammad,Singapore,Couple,Executive Room,Stayed 7 nights in April 2026,10,Exceptional,Staycation,Nothing to say. Everything is superb. Been staying here for so many times the standard and cleaniness is superb. Location is good and connected to the mall.,20-Apr-26
12,120,Abdika,Indonesia,Couple,Superior Room Queen,Stayed 1 night in April 2025,8.8,Excellent,Good and comfy stay,"Rating: 4/5 The room was a bit old but overall okay—clean and well-maintained. The bathroom, especially the shower, worked just fine. Food was decent, nothing special but acceptable. What really stood out was the service. All the staff were kind, warm, and very helpful throughout our stay. One unique perk was the exclusive access to Botani Square, which was a nice touch. The only downside was the lobby. It felt quite small and didn't give off an exclusive or premium vibe, which could be improved. Overall, a comfortable stay with great service!",17-Apr-25
13,121,Adwan,Brunei Darussalam,Couple,Executive Queen,Stayed 2 nights in February 2025,9.2,Exceptional,Exceptional,"I had a wonderful stay at Santika Hotel Bogor. The hotel linked to a Mall and offers a great location, with easy access to the city’s main attractions and beautiful surroundings. The rooms are spacious, clean, and well-equipped, providing a comfortable retreat after a busy day. The staff is warm and friendly, always ready to assist with a smile.",11-Mar-25
13,122,Firoz,Canada,Couple,Superior Room,Stayed 3 nights in January 2024,10,Exceptional,Very impressive,"Everything in this hotel was great, staff so helpful and food was so good and I’m going back there again very soon Thanks 😊 Firoz",5-Dec-24
13,123,SUGIHARTO,Indonesia,Couple,Superior Room Twin,Stayed 1 night in March 2025,10,Exceptional,Exceptional,"Saya sangat merekomendasikan hotel ini! Dari awal check-in hingga check-out, pelayanan staff sungguh luar biasa — ramah, sigap, dan benar-benar membuat tamu merasa dihargai. Setiap permintaan saya ditangani dengan cepat dan senyum hangat! Lokasi hotel juga sangat strategis — dekat dengan pusat kuliner, transportasi umum, dan tempat wisata populer. Cocok banget buat yang ingin eksplorasi kota tanpa repot soal akses. Yang paling mengejutkan? Harganya sangat ekonomis dibanding fasilitas dan kenyamanan yang ditawarkan. Kamar bersih, AC dingin, air panas lancar, dan WiFi kencang. Nilai lebih banget!",4-May-25
13,124,Budi,Indonesia,Family with teens,Superior Room Queen,Stayed 1 night in June 2025,9.2,Exceptional,Transit Staycation,"Perdana stay, pasca drop off di lobby, effortnya susah cari parkir, untungnya ada akses dari dalam mall ke dalam hotel. Request connecting room, hanya dapat 1 aksesDoor masing², jadi repot klo mau naik lantai izin staff bantu tap lift. Minus hairDryer aja, dan tidak ada dispenser air, exhaust fan kamarMandi tidak terasa sirkulasinya, bantal kempes, cahaya kurang terang. Plusnya ada hiburan smartTV dan wifi superNgebut. Breakfastnya B aja, wafflenya rasa adonan pukis, dan roti tawar terlihat kurang fresh, tapi westernFoodnya lumayan enak.. Pelayanan staff FO kurang senyum, dan jangan lupa bawa struk parkir untuk stamp free parking.",12-Jun-25
13,125,Budi,Indonesia,Family with teens,Superior Room Twin,Stayed 1 night in June 2025,8.8,Excellent,Transit Staycation,"Perdana stay, pasca drop off di lobby, effortnya susah cari parkir, untungnya ada akses dari dalam mall ke dalam hotel. Request connecting room, hanya dapat 1 aksesDoor masing², jadi repot klo mau naik lantai izin staff bantu tap lift. Minus hairDryer aja, dan tidak ada dispenser air, exhaust fan kamarMandi tidak terasa sirkulasinya, bantal kempes, cahaya kurang terang. Plusnya ada hiburan smartTV dan wifi superNgebut. Breakfastnya B aja, wafflenya rasa adonan pukis, dan roti tawar terlihat kurang fresh, tapi westernFoodnya lumayan enak.. Pelayanan staff FO kurang senyum, dan jangan lupa bawa struk parkir untuk stamp free parking.",12-Jul-25
13,126,Yullia,Indonesia,Couple,Superior Room Queen,Stayed 1 night in April 2026,9.6,Exceptional,Sabtu ceria,"Over all bagus, makanan enak, lokasi sangat strategis. Tolong sediakan hair dryer di kamar biar tambah baik kualitas hotelnya",16-Apr-26
13,127,Latifah,Indonesia,Family with teens,Deluxe Room Queen,Stayed 1 night in February 2026,10,Exceptional,Rekomendasi staycation yang nyaman,"Kamar bersih dan terawat, staff yang ramah, akses ke mall lebih mudah, menu breakfast yang bervariasi dan enak enak, 🫶🏼",17-Feb-26
13,128,Novita,Indonesia,Solo traveler,Superior Room Queen,Stayed 1 night in May 2025,10,Exceptional,Terbaikk,"Hotel yang sangat nyaman, berada ditengah kota, dibawahnya ada mall, kalau mau jogging tinggal nyebrang ke kebun raya Bogor. Kamarnya sangat luas, bersih, rapih. Pokoknya the bestt😍",29-Sep-25
13,129,Mohammad,Singapore,Couple,Executive Room,Stayed 7 nights in April 2026,10,Exceptional,Staycation,Nothing to say. Everything is superb. Been staying here for so many times the standard and cleaniness is superb. Location is good and connected to the mall.,20-Apr-26
13,130,Abdika,Indonesia,Couple,Superior Room Queen,Stayed 1 night in April 2025,8.8,Excellent,Good and comfy stay,"Rating: 4/5 The room was a bit old but overall okay—clean and well-maintained. The bathroom, especially the shower, worked just fine. Food was decent, nothing special but acceptable. What really stood out was the service. All the staff were kind, warm, and very helpful throughout our stay. One unique perk was the exclusive access to Botani Square, which was a nice touch. The only downside was the lobby. It felt quite small and didn't give off an exclusive or premium vibe, which could be improved. Overall, a comfortable stay with great service!",17-Apr-25
14,131,Andy,Indonesia,Family with teens,Superior Room Queen,Stayed 1 night in June 2025,10,Exceptional,Excellent location,"This hotel has excellent location in the biggest mall in Bogor. Room is excellent. Breakfast is packed maybe it is a long weekend. Hotel elevator is a little slow. Overall, my family loves this hotel.",2-Jul-25
14,132,DODI,Indonesia,Family with teens,Deluxe Room Queen,Stayed 1 night in November 2025,9.2,Exceptional,Please repair fitness equipment,"Good location, clean facilities & good staff services. But fitness room equipment all error & broken so couldnot use. Please make better maintenance.",10-Nov-25
14,133,Juni,Indonesia,Couple,Superior Room Twin,Stayed 2 nights in April 2025,9.2,Exceptional,Lokasi strategis,"Lokasi strategis , satu lokasi dgn mall botani square, ke taman raya bogor tinggal nyebrang, surya kencana juga tidak begitu jauh, namun sepertinya staff agak kewalahan, krn mungkin lg long weekend, untuk breakfast, mhngkin bisa lebih ditingkatkan untuk rasa, krn kebanyakan hambar, over all recommended!",24-Apr-25
14,134,Dyah,Indonesia,Couple,Superior Room Queen,Stayed 1 night in March 2026,10,Exceptional,Liburan singkat yg menyenangkan,Menginap di Santika Bogor selalu menyenangkan. Bisa menikmati mall maupun kebun raya bogor dg leluasa. Istirahat jg sangat nyaman. Yg belum berhasil dinikmati adalah kolam renangnya gara2 kebanyakan acara.,14-Mar-26
14,135,Muhammad,Indonesia,Family with young children,Superior Room Queen,Stayed 1 night in April 2025,9.2,Exceptional,exited,"Lokasi strategis, dekat dengan mall botany square. Harga sangan affordable. Kebersihan kamar terjaga, hanya saja masih kecium bau rokok (padahal kita pesan non smoking room). Mungkin yang juga perlu ditingkatkan agar petugas penjaga di depan pintu selalu standby, karena saat kami tiba di hotel gak ada yang menyambut. Bara beberapa menit kemudian petugasnya datang membawa troley barang untuk membantu membawa barang kami. Untuk sarapan, menu variatif dan rasanya tidak ada yang fail. Petugasnya juga gerak cepat membantu mengangkat piring kosong dan refill makanan. Semoga kami sekeluarga bisa kembali menginap di hotel ini dengan pelayanan dari petugas penjaga pintu depan yang lebih ditingkatkan.",27-Apr-25
14,136,Yullia,Indonesia,Couple,Superior Room Queen,Stayed 1 night in April 2026,9.6,Exceptional,Sabtu ceria,"Over all bagus, makanan enak, lokasi sangat strategis. Tolong sediakan hair dryer di kamar biar tambah baik kualitas hotelnya",16-Apr-26
14,137,Latifah,Indonesia,Family with teens,Deluxe Room Queen,Stayed 1 night in February 2026,10,Exceptional,Rekomendasi staycation yang nyaman,"Kamar bersih dan terawat, staff yang ramah, akses ke mall lebih mudah, menu breakfast yang bervariasi dan enak enak, 🫶🏼",17-Feb-26
14,138,Novita,Indonesia,Solo traveler,Superior Room Queen,Stayed 1 night in May 2025,10,Exceptional,Terbaikk,"Hotel yang sangat nyaman, berada ditengah kota, dibawahnya ada mall, kalau mau jogging tinggal nyebrang ke kebun raya Bogor. Kamarnya sangat luas, bersih, rapih. Pokoknya the bestt😍",29-Sep-25
14,139,Mohammad,Singapore,Couple,Executive Room,Stayed 7 nights in April 2026,10,Exceptional,Staycation,Nothing to say. Everything is superb. Been staying here for so many times the standard and cleaniness is superb. Location is good and connected to the mall.,20-Apr-26
14,140,Abdika,Indonesia,Couple,Superior Room Queen,Stayed 1 night in April 2025,8.8,Excellent,Good and comfy stay,"Rating: 4/5 The room was a bit old but overall okay—clean and well-maintained. The bathroom, especially the shower, worked just fine. Food was decent, nothing special but acceptable. What really stood out was the service. All the staff were kind, warm, and very helpful throughout our stay. One unique perk was the exclusive access to Botani Square, which was a nice touch. The only downside was the lobby. It felt quite small and didn't give off an exclusive or premium vibe, which could be improved. Overall, a comfortable stay with great service!",17-Apr-25
15,141,Elisabet,Indonesia,Couple,Suite Room,Stayed 4 nights in March 2025,9.2,Exceptional,Review,"Hotel lokasi strategis menyatu dengan mall botani, dari hotel ke mall tinggal turun lift ke lt Basement, mau cari apa2 jd gampang. Sy menginap di kamar suite, saat bln Ramadan setiap sore dr hotel ksh snack buat iftar kyk kue2an puding gorengan, cuma untuk hair dryer aneh, nyala sebentar stlh itu mati sendiri, nunggu brp menit dulu baru bs nyala lagi, tapi begitu terus, jd ga dipake deh krn ribet. Untuk sarapan ga bs request anter ke room, utk menu sarapan ckp variatif, cm rasanya menurut sy kurang ya. Semua hambar, untuk housekeeping, lotion, sabun ga diisi setiap hari.",2-Apr-25
15,142,ida,Indonesia,Family with young children,Executive Queen,Stayed 1 night in December 2023,9.6,Exceptional,Hotel ditengah kota bogor,"Hotel yg ada dkt mall, depan tugu kujang, Menginap disini dlm rangka tahun baru tp cuma ramenya aja pesta kembang api kurang bgt lah pokoknya.. gak ada acara khusus dr hotel.. anak2 agak kecewa..tp untuk staf ramah2 sih,, enaknya bisa jajan di mall..lupa pesen tipe kamar apa tp dapet snack sore Deket liftnya dan itu rasa pudingnya enakkkk bgt .. untuk sarapan paginya harus antri pdhal cuma makan 1 orang ttp harus nunggu.. dan rasanya juga standar aja....kolam renangnya juga standar untuk anak..cenderung kekecilan dibanding pengunjung hotelnya.. cukup lah untuk pengalaman menginap dg anak kecil",25-May-24
15,143,Danan,Indonesia,Couple,Superior Room Queen,Stayed 1 night in April 2026,10,Exceptional,Excellent Hotel,Always satisfied with the cleanliness of this Kompas Gramedia Group hospitality,4-May-26
15,144,Syarafuddin,Indonesia,Couple,Superior Room Queen,Stayed 1 night in April 2026,10,Exceptional,Exceptional,Good,23-Apr-26
15,145,Pamela,Indonesia,Couple,Deluxe Room Queen,Stayed 1 night in April 2026,9.2,Exceptional,Exceptional,Great value for money,23-Apr-26
15,146,Yullia,Indonesia,Couple,Superior Room Queen,Stayed 1 night in April 2026,9.6,Exceptional,Sabtu ceria,"Over all bagus, makanan enak, lokasi sangat strategis. Tolong sediakan hair dryer di kamar biar tambah baik kualitas hotelnya",16-Apr-26
15,147,Latifah,Indonesia,Family with teens,Deluxe Room Queen,Stayed 1 night in February 2026,10,Exceptional,Rekomendasi staycation yang nyaman,"Kamar bersih dan terawat, staff yang ramah, akses ke mall lebih mudah, menu breakfast yang bervariasi dan enak enak, 🫶🏼",17-Feb-26
15,148,Novita,Indonesia,Solo traveler,Superior Room Queen,Stayed 1 night in May 2025,10,Exceptional,Terbaikk,"Hotel yang sangat nyaman, berada ditengah kota, dibawahnya ada mall, kalau mau jogging tinggal nyebrang ke kebun raya Bogor. Kamarnya sangat luas, bersih, rapih. Pokoknya the bestt😍",29-Sep-25
15,149,Mohammad,Singapore,Couple,Executive Room,Stayed 7 nights in April 2026,10,Exceptional,Staycation,Nothing to say. Everything is superb. Been staying here for so many times the standard and cleaniness is superb. Location is good and connected to the mall.,20-Apr-26
15,150,Abdika,Indonesia,Couple,Superior Room Queen,Stayed 1 night in April 2025,8.8,Excellent,Good and comfy stay,"Rating: 4/5 The room was a bit old but overall okay—clean and well-maintained. The bathroom, especially the shower, worked just fine. Food was decent, nothing special but acceptable. What really stood out was the service. All the staff were kind, warm, and very helpful throughout our stay. One unique perk was the exclusive access to Botani Square, which was a nice touch. The only downside was the lobby. It felt quite small and didn't give off an exclusive or premium vibe, which could be improved. Overall, a comfortable stay with great service!",17-Apr-25
16,151,poppy,Indonesia,Family with teens,Superior Room Twin,Stayed 2 nights in April 2026,9.6,Exceptional,Exceptional,"Pelayanan stafnya, one of the best",8-Apr-26
16,152,Rudi,Indonesia,Couple,Superior Room Twin,Stayed 1 night in March 2026,9.6,Exceptional,Good,Location strategy,29-Mar-26
16,153,Eva,Indonesia,Family with teens,Deluxe Room Twin,Stayed 1 night in June 2025,10,Exceptional,Exceptional,the location is great,16-Jan-26
16,154,Kemas,Indonesia,Family with young children,Superior Room Twin,Stayed 1 night in January 2026,10,Exceptional,Worth to stay,The best,13-Jan-26
16,155,Fachrul,Indonesia,Couple,Superior Room Queen,Stayed 1 night in June 2025,10,Exceptional,Giod,Clean and tidy,8-Jan-26
16,156,Yullia,Indonesia,Couple,Superior Room Queen,Stayed 1 night in April 2026,9.6,Exceptional,Sabtu ceria,"Over all bagus, makanan enak, lokasi sangat strategis. Tolong sediakan hair dryer di kamar biar tambah baik kualitas hotelnya",16-Apr-26
16,157,Latifah,Indonesia,Family with teens,Deluxe Room Queen,Stayed 1 night in February 2026,10,Exceptional,Rekomendasi staycation yang nyaman,"Kamar bersih dan terawat, staff yang ramah, akses ke mall lebih mudah, menu breakfast yang bervariasi dan enak enak, 🫶🏼",17-Feb-26
16,158,Novita,Indonesia,Solo traveler,Superior Room Queen,Stayed 1 night in May 2025,10,Exceptional,Terbaikk,"Hotel yang sangat nyaman, berada ditengah kota, dibawahnya ada mall, kalau mau jogging tinggal nyebrang ke kebun raya Bogor. Kamarnya sangat luas, bersih, rapih. Pokoknya the bestt😍",29-Sep-25
16,159,Mohammad,Singapore,Couple,Executive Room,Stayed 7 nights in April 2026,10,Exceptional,Staycation,Nothing to say. Everything is superb. Been staying here for so many times the standard and cleaniness is superb. Location is good and connected to the mall.,20-Apr-26
16,160,Abdika,Indonesia,Couple,Superior Room Queen,Stayed 1 night in April 2025,8.8,Excellent,Good and comfy stay,"Rating: 4/5 The room was a bit old but overall okay—clean and well-maintained. The bathroom, especially the shower, worked just fine. Food was decent, nothing special but acceptable. What really stood out was the service. All the staff were kind, warm, and very helpful throughout our stay. One unique perk was the exclusive access to Botani Square, which was a nice touch. The only downside was the lobby. It felt quite small and didn't give off an exclusive or premium vibe, which could be improved. Overall, a comfortable stay with great service!",17-Apr-25
17,161,Ariadi,Indonesia,Group,Superior Room Twin,Stayed 1 night in December 2025,10,Exceptional,Hotel terbaik di bogor,Hotel santika dengan lokasinya yang nyambung mall dan di depan kebun raya bogor membuat liburan kita selama 2 hari di bogor bener2 komplit dan efektif. Tidak banyak waktu terbuang untuk transport. Definitely will comeback,5-Jan-26
17,162,Johnny,Indonesia,Family with young children,Suite Room,Stayed 1 night in August 2025,8.8,Excellent,Lokasi yg baik,Hotel dg lokasi dekat mall dan akses ke tol,31-Dec-25
17,163,Sb,Indonesia,Couple,Superior Room Queen,Stayed 1 night in November 2025,8.4,Excellent,Strategic Location,"This hotel is next to a damri terminal, providing easy access to airport. Runners / joggers would love the close proximity to Kebun Raya Bogor outer ring. Mall is a neighbor and finally easy access to Pajajaran culinaries.",3-Dec-25
17,164,Kuswara,Indonesia,Family with teens,Deluxe Room Twin,Stayed 1 night in November 2025,9.2,Exceptional,Strategic location,There is conecting access to Botani Square. This is the main point beside the location,3-Dec-25
17,165,Ahmad,Indonesia,Family with young children,Deluxe Room Twin,Stayed 1 night in July 2025,10,Exceptional,Good,Lokasi dalam kota dan kamarnya besar dan bersih.,20-Nov-25
17,166,Yullia,Indonesia,Couple,Superior Room Queen,Stayed 1 night in April 2026,9.6,Exceptional,Sabtu ceria,"Over all bagus, makanan enak, lokasi sangat strategis. Tolong sediakan hair dryer di kamar biar tambah baik kualitas hotelnya",16-Apr-26
17,167,Latifah,Indonesia,Family with teens,Deluxe Room Queen,Stayed 1 night in February 2026,10,Exceptional,Rekomendasi staycation yang nyaman,"Kamar bersih dan terawat, staff yang ramah, akses ke mall lebih mudah, menu breakfast yang bervariasi dan enak enak, 🫶🏼",17-Feb-26
17,168,Novita,Indonesia,Solo traveler,Superior Room Queen,Stayed 1 night in May 2025,10,Exceptional,Terbaikk,"Hotel yang sangat nyaman, berada ditengah kota, dibawahnya ada mall, kalau mau jogging tinggal nyebrang ke kebun raya Bogor. Kamarnya sangat luas, bersih, rapih. Pokoknya the bestt😍",29-Sep-25
17,169,Mohammad,Singapore,Couple,Executive Room,Stayed 7 nights in April 2026,10,Exceptional,Staycation,Nothing to say. Everything is superb. Been staying here for so many times the standard and cleaniness is superb. Location is good and connected to the mall.,20-Apr-26
17,170,Abdika,Indonesia,Couple,Superior Room Queen,Stayed 1 night in April 2025,8.8,Excellent,Good and comfy stay,"Rating: 4/5 The room was a bit old but overall okay—clean and well-maintained. The bathroom, especially the shower, worked just fine. Food was decent, nothing special but acceptable. What really stood out was the service. All the staff were kind, warm, and very helpful throughout our stay. One unique perk was the exclusive access to Botani Square, which was a nice touch. The only downside was the lobby. It felt quite small and didn't give off an exclusive or premium vibe, which could be improved. Overall, a comfortable stay with great service!",17-Apr-25
18,171,Rahmat,Indonesia,Couple,Superior Room Queen,Stayed 1 night in November 2025,10,Exceptional,Kesan pertama,"Untuk yg pertama kalinya menginap di Santika, dari pelayanan, kebersihan dan fasilitas semua oke. Pastinya nanti bakal balik lagi menginap di Santika.",19-Nov-25
18,172,Lian,Indonesia,Family with young children,Superior Room Queen,Stayed 1 night in April 2025,10,Exceptional,Good,Good location,12-Nov-25
18,173,Paolina,Indonesia,Group,Superior Room Queen,Stayed 3 nights in April 2025,9.6,Exceptional,Exceptional,Sudah beberapa kali kesini. Recommended sekali..,10-Nov-25
18,174,JENY,Indonesia,Family with young children,Superior Room Twin,Stayed 1 night in October 2025,6,,Hotel di sebelah Mall,"Dear Santika, Secara overall cukup value for money. Berlokasi di pusat kota yang sangat strategis, bersebelahan dengan salah satu mall favorite dan universitas terkemuka, mudah dijangkau oleh transportasi dan akses jalan yang memadai Dengan memodernisasi outlook kamar dan fasilitas akan menambah kenyamanan customer Saya turut mengapresiasi keramahan para staff Boleh masuk list hotel bagi yang berencana explore kota Bogor Best regards,",23-Oct-25
18,175,Nurul,Singapore,Group,Superior Room Twin,Stayed 1 night in November 2024,10,Exceptional,Awesome,Love it,19-Oct-25
18,176,Yullia,Indonesia,Couple,Superior Room Queen,Stayed 1 night in April 2026,9.6,Exceptional,Sabtu ceria,"Over all bagus, makanan enak, lokasi sangat strategis. Tolong sediakan hair dryer di kamar biar tambah baik kualitas hotelnya",16-Apr-26
18,177,Latifah,Indonesia,Family with teens,Deluxe Room Queen,Stayed 1 night in February 2026,10,Exceptional,Rekomendasi staycation yang nyaman,"Kamar bersih dan terawat, staff yang ramah, akses ke mall lebih mudah, menu breakfast yang bervariasi dan enak enak, 🫶🏼",17-Feb-26
18,178,Novita,Indonesia,Solo traveler,Superior Room Queen,Stayed 1 night in May 2025,10,Exceptional,Terbaikk,"Hotel yang sangat nyaman, berada ditengah kota, dibawahnya ada mall, kalau mau jogging tinggal nyebrang ke kebun raya Bogor. Kamarnya sangat luas, bersih, rapih. Pokoknya the bestt😍",29-Sep-25
18,179,Mohammad,Singapore,Couple,Executive Room,Stayed 7 nights in April 2026,10,Exceptional,Staycation,Nothing to say. Everything is superb. Been staying here for so many times the standard and cleaniness is superb. Location is good and connected to the mall.,20-Apr-26
18,180,Abdika,Indonesia,Couple,Superior Room Queen,Stayed 1 night in April 2025,8.8,Excellent,Good and comfy stay,"Rating: 4/5 The room was a bit old but overall okay—clean and well-maintained. The bathroom, especially the shower, worked just fine. Food was decent, nothing special but acceptable. What really stood out was the service. All the staff were kind, warm, and very helpful throughout our stay. One unique perk was the exclusive access to Botani Square, which was a nice touch. The only downside was the lobby. It felt quite small and didn't give off an exclusive or premium vibe, which could be improved. Overall, a comfortable stay with great service!",17-Apr-25
19,181,Liu,Indonesia,Group,Superior Room Twin,Stayed 2 nights in September 2025,8.4,Excellent,good location,"close to mall, direct access until 9pm, so easy to get food and other needed",28-Sep-25
19,182,Arjuna,Indonesia,Group,Superior Room Twin,Stayed 1 night in March 2025,10,Exceptional,Exceptional,Very recommended and the location very nears from botani,26-Sep-25
19,183,Primawinda,Indonesia,Group,Superior Room Queen,Stayed 1 night in August 2025,10,Exceptional,Nyaman,"Nyaman bawa ortu, nenek, kamar lsg mall. Gampang nyari makan.",21-Sep-25
19,184,LC,Malaysia,Business traveler,Superior Room Twin,Stayed 3 nights in September 2025,8,Excellent,Santika hotel review,1. Room noise cancellation is not done properly; lots of noise coming from outside and above the room. 2. Towel is aged and thin. 3. Some leakage at the toilet sink,19-Sep-25
19,185,Ario,Indonesia,Couple,Superior Room Twin,Stayed 1 night in August 2025,8,Excellent,Old hotel,Parking area is in open air. If you want to park in building very far from hotel enterance. Old hotel but clean enough,14-Sep-25
19,186,Yullia,Indonesia,Couple,Superior Room Queen,Stayed 1 night in April 2026,9.6,Exceptional,Sabtu ceria,"Over all bagus, makanan enak, lokasi sangat strategis. Tolong sediakan hair dryer di kamar biar tambah baik kualitas hotelnya",16-Apr-26
19,187,Latifah,Indonesia,Family with teens,Deluxe Room Queen,Stayed 1 night in February 2026,10,Exceptional,Rekomendasi staycation yang nyaman,"Kamar bersih dan terawat, staff yang ramah, akses ke mall lebih mudah, menu breakfast yang bervariasi dan enak enak, 🫶🏼",17-Feb-26
19,188,Novita,Indonesia,Solo traveler,Superior Room Queen,Stayed 1 night in May 2025,10,Exceptional,Terbaikk,"Hotel yang sangat nyaman, berada ditengah kota, dibawahnya ada mall, kalau mau jogging tinggal nyebrang ke kebun raya Bogor. Kamarnya sangat luas, bersih, rapih. Pokoknya the bestt😍",29-Sep-25
19,189,Mohammad,Singapore,Couple,Executive Room,Stayed 7 nights in April 2026,10,Exceptional,Staycation,Nothing to say. Everything is superb. Been staying here for so many times the standard and cleaniness is superb. Location is good and connected to the mall.,20-Apr-26
19,190,Abdika,Indonesia,Couple,Superior Room Queen,Stayed 1 night in April 2025,8.8,Excellent,Good and comfy stay,"Rating: 4/5 The room was a bit old but overall okay—clean and well-maintained. The bathroom, especially the shower, worked just fine. Food was decent, nothing special but acceptable. What really stood out was the service. All the staff were kind, warm, and very helpful throughout our stay. One unique perk was the exclusive access to Botani Square, which was a nice touch. The only downside was the lobby. It felt quite small and didn't give off an exclusive or premium vibe, which could be improved. Overall, a comfortable stay with great service!",17-Apr-25
20,191,Hayomi,Indonesia,Couple,Suite Room,Stayed 1 night in September 2025,10,Exceptional,Value for money,"Easy to book, access to the mall, everything is good",12-Sep-25
20,192,Yuliana,Indonesia,Family with young children,Superior Room Twin,Stayed 1 night in September 2025,8.4,Excellent,Room dan Resto,"Untuk secara keseluruhan ruangan bersih, rapi, karyawan sigap membantu. Tapi untuk menu sarapan menurut saya sedikit, kurang variatif, potongan buahnya besar2 sekali, kmrn makan kailan pakai wortel tapi wortelnya tebel2 dan kurang empuk, sehingga anak saya tidak bisa makan.",8-Sep-25
20,193,DEDE,Australia,Solo traveler,Superior Room Twin,Stayed 2 nights in August 2025,10,Exceptional,Central location near mall and airport bus transport,"Location is the best. Close to big mall, airport bus transport. Walking distance to botanical garden.",22-Aug-25
20,194,Johnny,Indonesia,Family with young children,Suite Room,Stayed 1 night in June 2025,8.8,Excellent,Lokasi!!,"Lokasi yang beresebelahan dengan mall, sangat membantu untuk kami bila butuh sesuatu , sangat nyaman..",7-Aug-25
20,195,Nita,Indonesia,Family with young children,Suite Room,Stayed 1 night in July 2025,7.6,Very good,Ok,Ok,22-Jul-25
20,196,Yullia,Indonesia,Couple,Superior Room Queen,Stayed 1 night in April 2026,9.6,Exceptional,Sabtu ceria,"Over all bagus, makanan enak, lokasi sangat strategis. Tolong sediakan hair dryer di kamar biar tambah baik kualitas hotelnya",16-Apr-26
20,197,Latifah,Indonesia,Family with teens,Deluxe Room Queen,Stayed 1 night in February 2026,10,Exceptional,Rekomendasi staycation yang nyaman,"Kamar bersih dan terawat, staff yang ramah, akses ke mall lebih mudah, menu breakfast yang bervariasi dan enak enak, 🫶🏼",17-Feb-26
20,198,Novita,Indonesia,Solo traveler,Superior Room Queen,Stayed 1 night in May 2025,10,Exceptional,Terbaikk,"Hotel yang sangat nyaman, berada ditengah kota, dibawahnya ada mall, kalau mau jogging tinggal nyebrang ke kebun raya Bogor. Kamarnya sangat luas, bersih, rapih. Pokoknya the bestt😍",29-Sep-25
20,199,Mohammad,Singapore,Couple,Executive Room,Stayed 7 nights in April 2026,10,Exceptional,Staycation,Nothing to say. Everything is superb. Been staying here for so many times the standard and cleaniness is superb. Location is good and connected to the mall.,20-Apr-26
20,200,Abdika,Indonesia,Couple,Superior Room Queen,Stayed 1 night in April 2025,8.8,Excellent,Good and comfy stay,"Rating: 4/5 The room was a bit old but overall okay—clean and well-maintained. The bathroom, especially the shower, worked just fine. Food was decent, nothing special but acceptable. What really stood out was the service. All the staff were kind, warm, and very helpful throughout our stay. One unique perk was the exclusive access to Botani Square, which was a nice touch. The only downside was the lobby. It felt quite small and didn't give off an exclusive or premium vibe, which could be improved. Overall, a comfortable stay with great service!",17-Apr-25
21,201,Andri,Indonesia,Couple,Superior Room Queen,Stayed 1 night in July 2025,9.2,Exceptional,Bagus,"Dr segi hotel bagus, bersih. Kamar juga Rapi. Dpt kamar 810, switch untuk ke shower dan kran rusak....permasalahan kalau nginep pake motor, parkirannya jauh karena menyatu dengan mall..jadi jalan kaki agak jauh....pelayanan staff ramah bangetlah.",21-Jul-25
21,202,Elly,Indonesia,Couple,Superior Room,Stayed 2 nights in July 2025,8,Excellent,Very good,"Lokasi strategis mau ke tempat kuliner mau pun beli oleh2 dekat,utk kamar luas dan cukup bersih, cuma ac kalau udh pagi krn dingin ada netes air ,utk sarapan kita 2 hr ada yg diubah jd menu nya variatif antara hr pertama dna kedua lumayan enak .semoga bisa ditingkatkan kebersihan di kamarnya tq",18-Jul-25
21,203,Robiatul,Indonesia,Family with young children,Superior Room Queen,Stayed 1 night in July 2025,10,Exceptional,Nice & Kids Friendly Hotel,Tq.,16-Jul-25
21,204,Wie,Singapore,Group,Superior Room Queen,Stayed 2 nights in July 2025,6.8,Good,Work trip,"Room is big. Toilet is big but not very clean, only have rain shower. Breakfast is almost the same for 2 days. Good location is beside a mall & opposite the botanical gardens.",10-Jul-25
21,205,Robiatul,Indonesia,Family with young children,Superior Room Queen,Stayed 1 night in July 2025,10,Exceptional,Good Hotel,Salah satu hotel Favorit anak2 saya. Tq,8-Jul-25
21,206,Yullia,Indonesia,Couple,Superior Room Queen,Stayed 1 night in April 2026,9.6,Exceptional,Sabtu ceria,"Over all bagus, makanan enak, lokasi sangat strategis. Tolong sediakan hair dryer di kamar biar tambah baik kualitas hotelnya",16-Apr-26
21,207,Latifah,Indonesia,Family with teens,Deluxe Room Queen,Stayed 1 night in February 2026,10,Exceptional,Rekomendasi staycation yang nyaman,"Kamar bersih dan terawat, staff yang ramah, akses ke mall lebih mudah, menu breakfast yang bervariasi dan enak enak, 🫶🏼",17-Feb-26
21,208,Novita,Indonesia,Solo traveler,Superior Room Queen,Stayed 1 night in May 2025,10,Exceptional,Terbaikk,"Hotel yang sangat nyaman, berada ditengah kota, dibawahnya ada mall, kalau mau jogging tinggal nyebrang ke kebun raya Bogor. Kamarnya sangat luas, bersih, rapih. Pokoknya the bestt😍",29-Sep-25
21,209,Mohammad,Singapore,Couple,Executive Room,Stayed 7 nights in April 2026,10,Exceptional,Staycation,Nothing to say. Everything is superb. Been staying here for so many times the standard and cleaniness is superb. Location is good and connected to the mall.,20-Apr-26
21,210,Abdika,Indonesia,Couple,Superior Room Queen,Stayed 1 night in April 2025,8.8,Excellent,Good and comfy stay,"Rating: 4/5 The room was a bit old but overall okay—clean and well-maintained. The bathroom, especially the shower, worked just fine. Food was decent, nothing special but acceptable. What really stood out was the service. All the staff were kind, warm, and very helpful throughout our stay. One unique perk was the exclusive access to Botani Square, which was a nice touch. The only downside was the lobby. It felt quite small and didn't give off an exclusive or premium vibe, which could be improved. Overall, a comfortable stay with great service!",17-Apr-25
22,211,nadia,Indonesia,Couple,Superior Room Queen,Stayed 1 night in June 2025,9.6,Exceptional,Exceptional,Makanan enak semua the best! Minusnya cuma susah parkir,30-Jun-25
22,212,Michael,Indonesia,Family with teens,Superior Room Queen,Stayed 2 nights in June 2025,8,Excellent,Weekend Stay,"Located at the main road into Bogor, which can get very busy. The hotel is basic but clean and the staff are friendly. The hotel is connected to a mall which has a good selection of shops.",30-Jun-25
22,213,Johan,Indonesia,Family with young children,Deluxe Room Twin,Stayed 1 night in June 2025,10,Exceptional,Exceptional,Dekat dengan kebun raya bogor jadi bisa sekalian ajak anak ke kebun raya bogor dan pagi jogging di situ juga,29-Jun-25
22,214,Soegiarto,Indonesia,Couple,Deluxe Room Queen,Stayed 3 nights in June 2025,10,Exceptional,Exceptional,God,26-Jun-25
22,215,Rizma,Indonesia,Family with teens,Superior Room Queen,Stayed 1 night in June 2025,6.4,Good,Untuk cari strategis saja oke,"Harga kurang bersahabat, dg tipe hotel bintang 3. Kelebihan hny krn diatas mall paling populer di bogor.",24-Jun-25
22,216,Yullia,Indonesia,Couple,Superior Room Queen,Stayed 1 night in April 2026,9.6,Exceptional,Sabtu ceria,"Over all bagus, makanan enak, lokasi sangat strategis. Tolong sediakan hair dryer di kamar biar tambah baik kualitas hotelnya",16-Apr-26
22,217,Latifah,Indonesia,Family with teens,Deluxe Room Queen,Stayed 1 night in February 2026,10,Exceptional,Rekomendasi staycation yang nyaman,"Kamar bersih dan terawat, staff yang ramah, akses ke mall lebih mudah, menu breakfast yang bervariasi dan enak enak, 🫶🏼",17-Feb-26
22,218,Novita,Indonesia,Solo traveler,Superior Room Queen,Stayed 1 night in May 2025,10,Exceptional,Terbaikk,"Hotel yang sangat nyaman, berada ditengah kota, dibawahnya ada mall, kalau mau jogging tinggal nyebrang ke kebun raya Bogor. Kamarnya sangat luas, bersih, rapih. Pokoknya the bestt😍",29-Sep-25
22,219,Mohammad,Singapore,Couple,Executive Room,Stayed 7 nights in April 2026,10,Exceptional,Staycation,Nothing to say. Everything is superb. Been staying here for so many times the standard and cleaniness is superb. Location is good and connected to the mall.,20-Apr-26
22,220,Abdika,Indonesia,Couple,Superior Room Queen,Stayed 1 night in April 2025,8.8,Excellent,Good and comfy stay,"Rating: 4/5 The room was a bit old but overall okay—clean and well-maintained. The bathroom, especially the shower, worked just fine. Food was decent, nothing special but acceptable. What really stood out was the service. All the staff were kind, warm, and very helpful throughout our stay. One unique perk was the exclusive access to Botani Square, which was a nice touch. The only downside was the lobby. It felt quite small and didn't give off an exclusive or premium vibe, which could be improved. Overall, a comfortable stay with great service!",17-Apr-25
23,221,Kiki,Indonesia,Family with teens,Suite Room,Stayed 1 night in June 2025,8.8,Excellent,Best location,"The hotel was next to abig mall in Bogor. It's at the heart of the city. Facilities and staffs were ok. Parking lot were not good. Foods and breakfast are average, you can always buy them at the mall.",23-Jun-25
23,222,Nurlita,Indonesia,Couple,Superior Room Queen,Stayed 2 nights in June 2025,9.6,Exceptional,Food taste is so so,Everything is good but the food taste is just so so.,13-Jun-25
23,223,Khanif,Indonesia,Family with young children,Superior Room Twin,Stayed 1 night in June 2025,9.2,Exceptional,Excellent,"Location OK, amboence OK.. Great job..",9-Jun-25
23,224,Michelle,Indonesia,Family with teens,Superior Room Twin,Stayed 2 nights in June 2025,9.6,Exceptional,The hotel is clean,I have several times stay at this hotel. Verry recommended hotel,8-Jun-25
23,225,Marshella,Indonesia,Family with young children,Superior Room Twin,Stayed 2 nights in May 2025,10,Exceptional,Good location,"Hotel nya bersih, lokasi top diatas mall.",6-Jun-25
23,226,Yullia,Indonesia,Couple,Superior Room Queen,Stayed 1 night in April 2026,9.6,Exceptional,Sabtu ceria,"Over all bagus, makanan enak, lokasi sangat strategis. Tolong sediakan hair dryer di kamar biar tambah baik kualitas hotelnya",16-Apr-26
23,227,Latifah,Indonesia,Family with teens,Deluxe Room Queen,Stayed 1 night in February 2026,10,Exceptional,Rekomendasi staycation yang nyaman,"Kamar bersih dan terawat, staff yang ramah, akses ke mall lebih mudah, menu breakfast yang bervariasi dan enak enak, 🫶🏼",17-Feb-26
23,228,Novita,Indonesia,Solo traveler,Superior Room Queen,Stayed 1 night in May 2025,10,Exceptional,Terbaikk,"Hotel yang sangat nyaman, berada ditengah kota, dibawahnya ada mall, kalau mau jogging tinggal nyebrang ke kebun raya Bogor. Kamarnya sangat luas, bersih, rapih. Pokoknya the bestt😍",29-Sep-25
23,229,Mohammad,Singapore,Couple,Executive Room,Stayed 7 nights in April 2026,10,Exceptional,Staycation,Nothing to say. Everything is superb. Been staying here for so many times the standard and cleaniness is superb. Location is good and connected to the mall.,20-Apr-26
23,230,Abdika,Indonesia,Couple,Superior Room Queen,Stayed 1 night in April 2025,8.8,Excellent,Good and comfy stay,"Rating: 4/5 The room was a bit old but overall okay—clean and well-maintained. The bathroom, especially the shower, worked just fine. Food was decent, nothing special but acceptable. What really stood out was the service. All the staff were kind, warm, and very helpful throughout our stay. One unique perk was the exclusive access to Botani Square, which was a nice touch. The only downside was the lobby. It felt quite small and didn't give off an exclusive or premium vibe, which could be improved. Overall, a comfortable stay with great service!",17-Apr-25
24,231,Indra,Indonesia,Family with young children,Deluxe Room Queen,Stayed 1 night in May 2025,8.8,Excellent,It was a great stay,"Overall were good with the price, butduring breakfast",21-May-25
24,232,Mohammad,Singapore,Solo traveler,Superior Room Twin,Stayed 3 nights in May 2025,6.4,Good,Staff,Could improve on the FO hospitality,16-May-25
24,233,Skolastika,Indonesia,Family with teens,Superior Room Twin,Stayed 1 night in May 2025,10,Exceptional,Exceptional,"With the strategic location, you can walk around Botanical Garden just a few steps from the hotel. We'll definitely come back for another staycation here.",16-May-25
24,234,Dedi,Indonesia,Family with young children,Superior Room Queen,Stayed 1 night in February 2025,9.2,Exceptional,bagus,"fasilitas bagus, kamar standard, lokasi sangat strategis dan senelah dengan mall",15-May-25
24,235,budiman,Indonesia,Family with young children,Superior Room Queen,Stayed 2 nights in December 2024,10,Exceptional,Exceptional,ok,5-May-25
24,236,Yullia,Indonesia,Couple,Superior Room Queen,Stayed 1 night in April 2026,9.6,Exceptional,Sabtu ceria,"Over all bagus, makanan enak, lokasi sangat strategis. Tolong sediakan hair dryer di kamar biar tambah baik kualitas hotelnya",16-Apr-26
24,237,Latifah,Indonesia,Family with teens,Deluxe Room Queen,Stayed 1 night in February 2026,10,Exceptional,Rekomendasi staycation yang nyaman,"Kamar bersih dan terawat, staff yang ramah, akses ke mall lebih mudah, menu breakfast yang bervariasi dan enak enak, 🫶🏼",17-Feb-26
24,238,Novita,Indonesia,Solo traveler,Superior Room Queen,Stayed 1 night in May 2025,10,Exceptional,Terbaikk,"Hotel yang sangat nyaman, berada ditengah kota, dibawahnya ada mall, kalau mau jogging tinggal nyebrang ke kebun raya Bogor. Kamarnya sangat luas, bersih, rapih. Pokoknya the bestt😍",29-Sep-25
24,239,Mohammad,Singapore,Couple,Executive Room,Stayed 7 nights in April 2026,10,Exceptional,Staycation,Nothing to say. Everything is superb. Been staying here for so many times the standard and cleaniness is superb. Location is good and connected to the mall.,20-Apr-26
24,240,Abdika,Indonesia,Couple,Superior Room Queen,Stayed 1 night in April 2025,8.8,Excellent,Good and comfy stay,"Rating: 4/5 The room was a bit old but overall okay—clean and well-maintained. The bathroom, especially the shower, worked just fine. Food was decent, nothing special but acceptable. What really stood out was the service. All the staff were kind, warm, and very helpful throughout our stay. One unique perk was the exclusive access to Botani Square, which was a nice touch. The only downside was the lobby. It felt quite small and didn't give off an exclusive or premium vibe, which could be improved. Overall, a comfortable stay with great service!",17-Apr-25
25,241,abdulmalek,Malaysia,Solo traveler,Superior Room Queen,Stayed 1 night in April 2025,9.6,Exceptional,Exceptional,"Value for money , with good facilities",1-May-25
25,242,Susanto,Indonesia,Family with young children,Superior Room Twin,Stayed 1 night in September 2024,8.4,Excellent,Best Hotel,One Of the best hotel in Bogor with a lot Of facilities,1-May-25
25,243,Zufahmy,Malaysia,Couple,Superior Room Twin,Stayed 4 nights in April 2025,9.6,Exceptional,gym,limited equipment,30-Apr-25
25,244,Nizam,Malaysia,Group,Superior Room Queen,Stayed 3 nights in April 2025,8.4,Excellent,Excellent,Slightly pricier this time but the location and accessibility is excellent,27-Apr-25
25,245,Triadi,Indonesia,Couple,Superior Room Queen,Stayed 1 night in April 2025,9.2,Exceptional,Lokasinya Strategis,"Lokasinya strategis, satu lokasi dengan Mall, dekat dengan Kebun Raya Bogor. Kamarnya luas, bersih. Breakfastnya enak dan banyak pilihan.",24-Apr-25
25,246,Yullia,Indonesia,Couple,Superior Room Queen,Stayed 1 night in April 2026,9.6,Exceptional,Sabtu ceria,"Over all bagus, makanan enak, lokasi sangat strategis. Tolong sediakan hair dryer di kamar biar tambah baik kualitas hotelnya",16-Apr-26
25,247,Latifah,Indonesia,Family with teens,Deluxe Room Queen,Stayed 1 night in February 2026,10,Exceptional,Rekomendasi staycation yang nyaman,"Kamar bersih dan terawat, staff yang ramah, akses ke mall lebih mudah, menu breakfast yang bervariasi dan enak enak, 🫶🏼",17-Feb-26
25,248,Novita,Indonesia,Solo traveler,Superior Room Queen,Stayed 1 night in May 2025,10,Exceptional,Terbaikk,"Hotel yang sangat nyaman, berada ditengah kota, dibawahnya ada mall, kalau mau jogging tinggal nyebrang ke kebun raya Bogor. Kamarnya sangat luas, bersih, rapih. Pokoknya the bestt😍",29-Sep-25
25,249,Mohammad,Singapore,Couple,Executive Room,Stayed 7 nights in April 2026,10,Exceptional,Staycation,Nothing to say. Everything is superb. Been staying here for so many times the standard and cleaniness is superb. Location is good and connected to the mall.,20-Apr-26
25,250,Abdika,Indonesia,Couple,Superior Room Queen,Stayed 1 night in April 2025,8.8,Excellent,Good and comfy stay,"Rating: 4/5 The room was a bit old but overall okay—clean and well-maintained. The bathroom, especially the shower, worked just fine. Food was decent, nothing special but acceptable. What really stood out was the service. All the staff were kind, warm, and very helpful throughout our stay. One unique perk was the exclusive access to Botani Square, which was a nice touch. The only downside was the lobby. It felt quite small and didn't give off an exclusive or premium vibe, which could be improved. Overall, a comfortable stay with great service!",17-Apr-25
26,251,Herwin,Indonesia,Family with young children,Superior Room Queen,Stayed 2 nights in April 2025,9.2,Exceptional,Nice hotell,"Beside hotel has mall , nice and good for shopping and find some food.",23-Apr-25
26,252,tri,Indonesia,Couple,Superior Room Twin,Stayed 1 night in June 2024,8.4,Excellent,Excellent,Good,22-Apr-25
26,253,tri,Indonesia,Family with young children,Superior Room Twin,Stayed 2 nights in April 2025,9.6,Exceptional,Exceptional,Lift nya sibuk dan kecil,22-Apr-25
26,254,bagusta,Indonesia,Family with young children,Deluxe Room Queen,Stayed 1 night in April 2025,10,Exceptional,Exceptional,"Secara keseluruhan saya mendapat pengalaman sangat baik selama menginap di Santika Bogor, perlu diperhatikan untuk lokasi parkir yang mungkin agak sulit didapatkan karena parkir tergabung dengan parkiran Mall Botani Square, sehingga apabila berkunjung pada saat weekend atau high season kondisi parkir Mall sangat padat.",20-Apr-25
26,255,Donny,Indonesia,Couple,Superior Room Twin,Stayed 1 night in April 2025,10,Exceptional,Santika Botanica Bogor,"Lokasi nya strategis, Akses kemana² mudah... Suasana hotel nya cozzy, adem... kebersihan dam fasilitas hotelnya bagus... Sarapan & masakannya enak... Ini sudah yg ke 2x saya menginap di hotel Santika Botanica Bogor",20-Apr-25
26,256,Yullia,Indonesia,Couple,Superior Room Queen,Stayed 1 night in April 2026,9.6,Exceptional,Sabtu ceria,"Over all bagus, makanan enak, lokasi sangat strategis. Tolong sediakan hair dryer di kamar biar tambah baik kualitas hotelnya",16-Apr-26
26,257,Latifah,Indonesia,Family with teens,Deluxe Room Queen,Stayed 1 night in February 2026,10,Exceptional,Rekomendasi staycation yang nyaman,"Kamar bersih dan terawat, staff yang ramah, akses ke mall lebih mudah, menu breakfast yang bervariasi dan enak enak, 🫶🏼",17-Feb-26
26,258,Novita,Indonesia,Solo traveler,Superior Room Queen,Stayed 1 night in May 2025,10,Exceptional,Terbaikk,"Hotel yang sangat nyaman, berada ditengah kota, dibawahnya ada mall, kalau mau jogging tinggal nyebrang ke kebun raya Bogor. Kamarnya sangat luas, bersih, rapih. Pokoknya the bestt😍",29-Sep-25
26,259,Mohammad,Singapore,Couple,Executive Room,Stayed 7 nights in April 2026,10,Exceptional,Staycation,Nothing to say. Everything is superb. Been staying here for so many times the standard and cleaniness is superb. Location is good and connected to the mall.,20-Apr-26
26,260,Abdika,Indonesia,Couple,Superior Room Queen,Stayed 1 night in April 2025,8.8,Excellent,Good and comfy stay,"Rating: 4/5 The room was a bit old but overall okay—clean and well-maintained. The bathroom, especially the shower, worked just fine. Food was decent, nothing special but acceptable. What really stood out was the service. All the staff were kind, warm, and very helpful throughout our stay. One unique perk was the exclusive access to Botani Square, which was a nice touch. The only downside was the lobby. It felt quite small and didn't give off an exclusive or premium vibe, which could be improved. Overall, a comfortable stay with great service!",17-Apr-25
27,261,Russ,Indonesia,Family with young children,Deluxe Room Twin,Stayed 1 night in April 2025,9.2,Exceptional,Attached to mall,"Connected to mall. Parking is a little walk. They will give you a parking voucher, but only if you remember to ask.",8-Apr-25
27,262,Aditya,Indonesia,Family with young children,Deluxe Room Queen,Stayed 1 night in April 2025,10,Exceptional,Best Hotel in bogor near Mall,"Nice food, nice bed, have additional sofa, and wide room",8-Apr-25
27,263,Iranita,Indonesia,Family with young children,Superior Room Twin,Stayed 2 nights in April 2025,10,Exceptional,Best choice,Dekat Mall Botani,6-Apr-25
27,264,lindawati,Indonesia,Family with young children,Executive Queen,Stayed 1 night in July 2024,10,Exceptional,review,terbaik,6-Apr-25
27,265,Felix,United States,Couple,Superior Room Non Smoking,Stayed 1 night in March 2025,4.8,,Not Clean And Unhygenic,"Inside the room, the walls and furniture are old and need to be renovated. The AC is stuffy and outdated, and the pillows and mattress are yellow and worn out. I check all that to measure your standard of cleanliness. It's disgusting. I will never stay here again.",2-Apr-25
27,266,Yullia,Indonesia,Couple,Superior Room Queen,Stayed 1 night in April 2026,9.6,Exceptional,Sabtu ceria,"Over all bagus, makanan enak, lokasi sangat strategis. Tolong sediakan hair dryer di kamar biar tambah baik kualitas hotelnya",16-Apr-26
27,267,Latifah,Indonesia,Family with teens,Deluxe Room Queen,Stayed 1 night in February 2026,10,Exceptional,Rekomendasi staycation yang nyaman,"Kamar bersih dan terawat, staff yang ramah, akses ke mall lebih mudah, menu breakfast yang bervariasi dan enak enak, 🫶🏼",17-Feb-26
27,268,Novita,Indonesia,Solo traveler,Superior Room Queen,Stayed 1 night in May 2025,10,Exceptional,Terbaikk,"Hotel yang sangat nyaman, berada ditengah kota, dibawahnya ada mall, kalau mau jogging tinggal nyebrang ke kebun raya Bogor. Kamarnya sangat luas, bersih, rapih. Pokoknya the bestt😍",29-Sep-25
27,269,Mohammad,Singapore,Couple,Executive Room,Stayed 7 nights in April 2026,10,Exceptional,Staycation,Nothing to say. Everything is superb. Been staying here for so many times the standard and cleaniness is superb. Location is good and connected to the mall.,20-Apr-26
27,270,Abdika,Indonesia,Couple,Superior Room Queen,Stayed 1 night in April 2025,8.8,Excellent,Good and comfy stay,"Rating: 4/5 The room was a bit old but overall okay—clean and well-maintained. The bathroom, especially the shower, worked just fine. Food was decent, nothing special but acceptable. What really stood out was the service. All the staff were kind, warm, and very helpful throughout our stay. One unique perk was the exclusive access to Botani Square, which was a nice touch. The only downside was the lobby. It felt quite small and didn't give off an exclusive or premium vibe, which could be improved. Overall, a comfortable stay with great service!",17-Apr-25
28,271,Reynaldo,Indonesia,Group,Superior Room Queen,Stayed 1 night in March 2025,10,Exceptional,Exceptional,"Great service, Thank you",1-Apr-25
28,272,Widi,Indonesia,Family with young children,Superior Room Twin,Stayed 1 night in March 2025,8.8,Excellent,nice place to stay,close to mall and botany garden,28-Mar-25
28,273,Anton,Indonesia,Family with young children,Superior Room Twin,Stayed 1 night in March 2025,9.6,Exceptional,"Strategic, comfort and hospitable","Nice staycation, the location is very strategic. The facilities are well maintained. The staffs are very hospitable.",9-Mar-25
28,274,Mohammad,Singapore,Couple,Suite Room,Stayed 5 nights in February 2025,10,Exceptional,Holiday,"Love the hotel, every time im here will be staying here. Location so strategic and easy to go from place to place",8-Mar-25
28,275,Nopi,Indonesia,Couple,Superior Room Queen,Stayed 1 night in June 2024,8,Excellent,Baik,Baik,24-Feb-25
28,276,Yullia,Indonesia,Couple,Superior Room Queen,Stayed 1 night in April 2026,9.6,Exceptional,Sabtu ceria,"Over all bagus, makanan enak, lokasi sangat strategis. Tolong sediakan hair dryer di kamar biar tambah baik kualitas hotelnya",16-Apr-26
28,277,Latifah,Indonesia,Family with teens,Deluxe Room Queen,Stayed 1 night in February 2026,10,Exceptional,Rekomendasi staycation yang nyaman,"Kamar bersih dan terawat, staff yang ramah, akses ke mall lebih mudah, menu breakfast yang bervariasi dan enak enak, 🫶🏼",17-Feb-26
28,278,Novita,Indonesia,Solo traveler,Superior Room Queen,Stayed 1 night in May 2025,10,Exceptional,Terbaikk,"Hotel yang sangat nyaman, berada ditengah kota, dibawahnya ada mall, kalau mau jogging tinggal nyebrang ke kebun raya Bogor. Kamarnya sangat luas, bersih, rapih. Pokoknya the bestt😍",29-Sep-25
28,279,Mohammad,Singapore,Couple,Executive Room,Stayed 7 nights in April 2026,10,Exceptional,Staycation,Nothing to say. Everything is superb. Been staying here for so many times the standard and cleaniness is superb. Location is good and connected to the mall.,20-Apr-26
28,280,Abdika,Indonesia,Couple,Superior Room Queen,Stayed 1 night in April 2025,8.8,Excellent,Good and comfy stay,"Rating: 4/5 The room was a bit old but overall okay—clean and well-maintained. The bathroom, especially the shower, worked just fine. Food was decent, nothing special but acceptable. What really stood out was the service. All the staff were kind, warm, and very helpful throughout our stay. One unique perk was the exclusive access to Botani Square, which was a nice touch. The only downside was the lobby. It felt quite small and didn't give off an exclusive or premium vibe, which could be improved. Overall, a comfortable stay with great service!",17-Apr-25
29,281,Fransisca,Indonesia,Family with young children,Superior Room Queen,Stayed 1 night in February 2025,7.2,Very good,Decent stay for families,"The property's staff were exceptional always ready to assist The location was convenient, have connections with botani mall. However cleanliness could be improved, also the breakfast not so many varieties of foods",22-Feb-25
29,282,Irwandi,Indonesia,Couple,Superior Room Twin,Stayed 1 night in February 2025,10,Exceptional,Exceptional,Hotel yang bagus dan strategis di bogor,20-Feb-25
29,283,Susanty,Indonesia,Couple,Superior Room Queen,Stayed 1 night in January 2025,7.6,Very good,Hotel nyaman di lokasi strategis,"Dengan lokasi yang berada di area Botani Square, hotel ini cukup strategis karena ada akses langsung ke mall dan juga dekat dengan pintu tol. Sayangnya menginap di sini cukup terganggu dengan telepon dari staff yang menawarkan makanan dan menanyakan laundry, belum lagi satu jam sebelum check out ditelepon oleh 2 staff berbeda untuk konfirmasi check out. Sebaiknya ditulis saja jika ada kebutuhan untuk laundry hubungi house keeping, menu makanan ditaruh di kamar, tidak perlu ditelepon, karena sangat mengganggu lagi2 harus angkat telepon.",1-Feb-25
29,284,Yogo,Indonesia,Group,Deluxe Room Twin,Stayed 1 night in January 2025,8.8,Excellent,Family Book,"Had a problem at check in time, where it should have been at 2 pm, only got the room at 7 pm. Hoping for connecting rooms, or at least adjacently, the second room was quite far away. Not very satisfying for a family.",30-Jan-25
29,285,Reza,Indonesia,Family with young children,Superior Room Twin,Stayed 1 night in January 2025,8,Excellent,Pleasantly surprised,"Room was spacious, amenities complete, location convenient as it was next to a mall. Downside shared parking lot with mall.",21-Jan-25
29,286,Yullia,Indonesia,Couple,Superior Room Queen,Stayed 1 night in April 2026,9.6,Exceptional,Sabtu ceria,"Over all bagus, makanan enak, lokasi sangat strategis. Tolong sediakan hair dryer di kamar biar tambah baik kualitas hotelnya",16-Apr-26
29,287,Latifah,Indonesia,Family with teens,Deluxe Room Queen,Stayed 1 night in February 2026,10,Exceptional,Rekomendasi staycation yang nyaman,"Kamar bersih dan terawat, staff yang ramah, akses ke mall lebih mudah, menu breakfast yang bervariasi dan enak enak, 🫶🏼",17-Feb-26
29,288,Novita,Indonesia,Solo traveler,Superior Room Queen,Stayed 1 night in May 2025,10,Exceptional,Terbaikk,"Hotel yang sangat nyaman, berada ditengah kota, dibawahnya ada mall, kalau mau jogging tinggal nyebrang ke kebun raya Bogor. Kamarnya sangat luas, bersih, rapih. Pokoknya the bestt😍",29-Sep-25
29,289,Mohammad,Singapore,Couple,Executive Room,Stayed 7 nights in April 2026,10,Exceptional,Staycation,Nothing to say. Everything is superb. Been staying here for so many times the standard and cleaniness is superb. Location is good and connected to the mall.,20-Apr-26
29,290,Abdika,Indonesia,Couple,Superior Room Queen,Stayed 1 night in April 2025,8.8,Excellent,Good and comfy stay,"Rating: 4/5 The room was a bit old but overall okay—clean and well-maintained. The bathroom, especially the shower, worked just fine. Food was decent, nothing special but acceptable. What really stood out was the service. All the staff were kind, warm, and very helpful throughout our stay. One unique perk was the exclusive access to Botani Square, which was a nice touch. The only downside was the lobby. It felt quite small and didn't give off an exclusive or premium vibe, which could be improved. Overall, a comfortable stay with great service!",17-Apr-25
30,291,Lintang,Indonesia,Family with young children,Superior Room Twin,Stayed 2 nights in June 2024,9.2,Exceptional,Family Friendly Hotel,"Hotel yang menyatu dengan mall, membuat hotel Santika ini sangat nyaman untuk staycation, kalau butuh sesuatu, atau ingin makan selain di hotel, tinggal turun ke bawah, langsung ke mall. Parkiran agak tricky karena menyatu dengan parkiran mall, jadi kadang agak rebutan dengan pengunjung mall.",3-Jan-25
30,292,Tanzil,Indonesia,Family with young children,Superior Room Queen,Stayed 1 night in December 2024,10,Exceptional,A short escape,Overall is Ok for the hotel and because is next to mall even better for short escape from Jakarta routine,26-Dec-24
30,293,Paolina,Indonesia,Couple,Superior Room Queen,Stayed 2 nights in March 2024,9.6,Exceptional,Exceptional,"Always like this place. Friendly staff, clean, has a cold refrigerator so i can keep stuff.",25-Dec-24
30,294,Risamartina,Indonesia,Family with young children,Deluxe Room Queen,Stayed 1 night in December 2024,10,Exceptional,Recommended weekend staycation,"We stayed at deluxe room. Room was specious, clean and various breakfast choice. Recommend for weekend staycation",22-Dec-24
30,295,Firoz,Canada,Couple,Superior Room Queen,Stayed 2 nights in January 2024,10,Exceptional,So good,"From the hotel staff to food, all very good",10-Dec-24
30,296,Yullia,Indonesia,Couple,Superior Room Queen,Stayed 1 night in April 2026,9.6,Exceptional,Sabtu ceria,"Over all bagus, makanan enak, lokasi sangat strategis. Tolong sediakan hair dryer di kamar biar tambah baik kualitas hotelnya",16-Apr-26
30,297,Latifah,Indonesia,Family with teens,Deluxe Room Queen,Stayed 1 night in February 2026,10,Exceptional,Rekomendasi staycation yang nyaman,"Kamar bersih dan terawat, staff yang ramah, akses ke mall lebih mudah, menu breakfast yang bervariasi dan enak enak, 🫶🏼",17-Feb-26
30,298,Novita,Indonesia,Solo traveler,Superior Room Queen,Stayed 1 night in May 2025,10,Exceptional,Terbaikk,"Hotel yang sangat nyaman, berada ditengah kota, dibawahnya ada mall, kalau mau jogging tinggal nyebrang ke kebun raya Bogor. Kamarnya sangat luas, bersih, rapih. Pokoknya the bestt😍",29-Sep-25
30,299,Mohammad,Singapore,Couple,Executive Room,Stayed 7 nights in April 2026,10,Exceptional,Staycation,Nothing to say. Everything is superb. Been staying here for so many times the standard and cleaniness is superb. Location is good and connected to the mall.,20-Apr-26
30,300,Abdika,Indonesia,Couple,Superior Room Queen,Stayed 1 night in April 2025,8.8,Excellent,Good and comfy stay,"Rating: 4/5 The room was a bit old but overall okay—clean and well-maintained. The bathroom, especially the shower, worked just fine. Food was decent, nothing special but acceptable. What really stood out was the service. All the staff were kind, warm, and very helpful throughout our stay. One unique perk was the exclusive access to Botani Square, which was a nice touch. The only downside was the lobby. It felt quite small and didn't give off an exclusive or premium vibe, which could be improved. Overall, a comfortable stay with great service!",17-Apr-25
31,301,Dzulkarnain,Indonesia,Couple,Superior Room Queen,Stayed 1 night in November 2024,8.8,Excellent,Dispointed,I bit taken back on take away breakfast. Front desk input sandwich and tea but receive bunch of bread and bottle water. Should have opt for fried Rice.,29-Nov-24
31,302,BASUKI,Indonesia,Couple,Superior Room Queen,Stayed 3 nights in November 2024,10,Exceptional,-,-,15-Nov-24
31,303,Harry,Indonesia,Family with teens,Superior Room Twin,Stayed 1 night in November 2024,9.6,Exceptional,Great,Clean and nice,13-Nov-24
31,304,Nia,Indonesia,Family with young children,Superior Room Queen,Stayed 1 night in November 2024,9.2,Exceptional,Hotel dengan lokasi sangat strategis,Hotel dengan lokasi yang sangat strategis khususnya bagi yang mau staycation. Lokasi dekat dengan tol. Akses ke mall langsung dari basement. Weekend kemarin bisa early check in pukul 13.30. Staf ramah semua. Hotel bersih dan view bagus.,10-Nov-24
31,305,Benny,Indonesia,Family with young children,Superior Room Twin,Stayed 1 night in November 2024,8.4,Excellent,Great vacation,"very comfortable for a short vacation with family, many facilities and the hotel is combined with a mall",10-Nov-24
31,306,Yullia,Indonesia,Couple,Superior Room Queen,Stayed 1 night in April 2026,9.6,Exceptional,Sabtu ceria,"Over all bagus, makanan enak, lokasi sangat strategis. Tolong sediakan hair dryer di kamar biar tambah baik kualitas hotelnya",16-Apr-26
31,307,Latifah,Indonesia,Family with teens,Deluxe Room Queen,Stayed 1 night in February 2026,10,Exceptional,Rekomendasi staycation yang nyaman,"Kamar bersih dan terawat, staff yang ramah, akses ke mall lebih mudah, menu breakfast yang bervariasi dan enak enak, 🫶🏼",17-Feb-26
31,308,Novita,Indonesia,Solo traveler,Superior Room Queen,Stayed 1 night in May 2025,10,Exceptional,Terbaikk,"Hotel yang sangat nyaman, berada ditengah kota, dibawahnya ada mall, kalau mau jogging tinggal nyebrang ke kebun raya Bogor. Kamarnya sangat luas, bersih, rapih. Pokoknya the bestt😍",29-Sep-25
31,309,Mohammad,Singapore,Couple,Executive Room,Stayed 7 nights in April 2026,10,Exceptional,Staycation,Nothing to say. Everything is superb. Been staying here for so many times the standard and cleaniness is superb. Location is good and connected to the mall.,20-Apr-26
31,310,Abdika,Indonesia,Couple,Superior Room Queen,Stayed 1 night in April 2025,8.8,Excellent,Good and comfy stay,"Rating: 4/5 The room was a bit old but overall okay—clean and well-maintained. The bathroom, especially the shower, worked just fine. Food was decent, nothing special but acceptable. What really stood out was the service. All the staff were kind, warm, and very helpful throughout our stay. One unique perk was the exclusive access to Botani Square, which was a nice touch. The only downside was the lobby. It felt quite small and didn't give off an exclusive or premium vibe, which could be improved. Overall, a comfortable stay with great service!",17-Apr-25
32,311,Othman,Malaysia,Group,Superior Room Twin,Stayed 1 night in November 2024,8,Excellent,Every things is good,Good,3-Nov-24
32,312,Irma,Indonesia,Couple,Executive Queen,Stayed 1 night in March 2024,10,Exceptional,Exceptional,Good Location,29-Oct-24
32,313,Nursanti,Indonesia,Family with teens,Superior Room Twin,Stayed 1 night in January 2024,10,Exceptional,Exceptional,excellent stay for families,16-Oct-24
32,314,nura,Singapore,Group,Superior Room Non Smoking,Stayed 2 nights in October 2024,10,Exceptional,Awesome,Fast check in and check out. Food was nice. Friendly staff,9-Oct-24
32,315,frida,Indonesia,Family with young children,Deluxe Room Twin,Stayed 1 night in September 2024,9.2,Exceptional,Exceptional,"Staff ramah,kamar luas,breakfast enak,ada akses langsung ke botanical square.ini kali kedua sy nginap di hotel santika bogor",27-Sep-24
32,316,Yullia,Indonesia,Couple,Superior Room Queen,Stayed 1 night in April 2026,9.6,Exceptional,Sabtu ceria,"Over all bagus, makanan enak, lokasi sangat strategis. Tolong sediakan hair dryer di kamar biar tambah baik kualitas hotelnya",16-Apr-26
32,317,Latifah,Indonesia,Family with teens,Deluxe Room Queen,Stayed 1 night in February 2026,10,Exceptional,Rekomendasi staycation yang nyaman,"Kamar bersih dan terawat, staff yang ramah, akses ke mall lebih mudah, menu breakfast yang bervariasi dan enak enak, 🫶🏼",17-Feb-26
32,318,Novita,Indonesia,Solo traveler,Superior Room Queen,Stayed 1 night in May 2025,10,Exceptional,Terbaikk,"Hotel yang sangat nyaman, berada ditengah kota, dibawahnya ada mall, kalau mau jogging tinggal nyebrang ke kebun raya Bogor. Kamarnya sangat luas, bersih, rapih. Pokoknya the bestt😍",29-Sep-25
32,319,Mohammad,Singapore,Couple,Executive Room,Stayed 7 nights in April 2026,10,Exceptional,Staycation,Nothing to say. Everything is superb. Been staying here for so many times the standard and cleaniness is superb. Location is good and connected to the mall.,20-Apr-26
32,320,Abdika,Indonesia,Couple,Superior Room Queen,Stayed 1 night in April 2025,8.8,Excellent,Good and comfy stay,"Rating: 4/5 The room was a bit old but overall okay—clean and well-maintained. The bathroom, especially the shower, worked just fine. Food was decent, nothing special but acceptable. What really stood out was the service. All the staff were kind, warm, and very helpful throughout our stay. One unique perk was the exclusive access to Botani Square, which was a nice touch. The only downside was the lobby. It felt quite small and didn't give off an exclusive or premium vibe, which could be improved. Overall, a comfortable stay with great service!",17-Apr-25
33,321,AZLIZA,Malaysia,Family with young children,Executive Queen,Stayed 1 night in September 2024,2.8,,Acceptable,I cannot really review this hotel because we did not managed to check in to the hotel .. from bandung going there we hot stuck in the worst traffic jam ... 24 hours and finally we manage to escape the traffic re route our journey to Jakarta ... Total on the road in the car 27 hours . .. the worst part is that the hotel don't even have courtesy to call and ask why we didnt arrive or will we be late .. i've been updating through Agoda apps telling them but no reply at all ..,17-Sep-24
33,322,hafid,Indonesia,Group,Superior Room Twin,Stayed 1 night in September 2024,10,Exceptional,hotel yang strategis,"lokasinya tepat di sebelah shopping mall, di tengah kota, sehingga memudahkan",11-Sep-24
33,323,Kemala,Singapore,Couple,Superior Room Non Smoking,Stayed 5 nights in September 2024,10,Exceptional,Excellent Stay,"Good location, clean & friendly staffs!👍",7-Sep-24
33,324,Widiyani,Indonesia,Business traveler,Superior Room Twin,Stayed 1 night in May 2024,8.4,Excellent,Ideal Location for Shopping and Exploring Taman Raya Bogor,"The hotel is right next to a mall, making it very easy to grab lunch or dinner. It’s also close to Taman Raya Bogor, which is great for a quick visit. The parking is outside and open but feels safe. One downside is that the swimming pool only opens at 7 AM, which may be too late if you want to get in some exercise before breakfast and early meetings. The breakfast buffet offers a nice variety of delicious food. Overall, the hotel seems ideal for a family weekend stay, as I noticed several families with children during my visit.",7-Sep-24
33,325,Lina,Indonesia,Business traveler,Superior Room Queen,Stayed 2 nights in August 2024,9.6,Exceptional,good breakfast,good variant of breakfast,5-Sep-24
33,326,Yullia,Indonesia,Couple,Superior Room Queen,Stayed 1 night in April 2026,9.6,Exceptional,Sabtu ceria,"Over all bagus, makanan enak, lokasi sangat strategis. Tolong sediakan hair dryer di kamar biar tambah baik kualitas hotelnya",16-Apr-26
33,327,Latifah,Indonesia,Family with teens,Deluxe Room Queen,Stayed 1 night in February 2026,10,Exceptional,Rekomendasi staycation yang nyaman,"Kamar bersih dan terawat, staff yang ramah, akses ke mall lebih mudah, menu breakfast yang bervariasi dan enak enak, 🫶🏼",17-Feb-26
33,328,Novita,Indonesia,Solo traveler,Superior Room Queen,Stayed 1 night in May 2025,10,Exceptional,Terbaikk,"Hotel yang sangat nyaman, berada ditengah kota, dibawahnya ada mall, kalau mau jogging tinggal nyebrang ke kebun raya Bogor. Kamarnya sangat luas, bersih, rapih. Pokoknya the bestt😍",29-Sep-25
33,329,Mohammad,Singapore,Couple,Executive Room,Stayed 7 nights in April 2026,10,Exceptional,Staycation,Nothing to say. Everything is superb. Been staying here for so many times the standard and cleaniness is superb. Location is good and connected to the mall.,20-Apr-26
33,330,Abdika,Indonesia,Couple,Superior Room Queen,Stayed 1 night in April 2025,8.8,Excellent,Good and comfy stay,"Rating: 4/5 The room was a bit old but overall okay—clean and well-maintained. The bathroom, especially the shower, worked just fine. Food was decent, nothing special but acceptable. What really stood out was the service. All the staff were kind, warm, and very helpful throughout our stay. One unique perk was the exclusive access to Botani Square, which was a nice touch. The only downside was the lobby. It felt quite small and didn't give off an exclusive or premium vibe, which could be improved. Overall, a comfortable stay with great service!",17-Apr-25
34,331,Glemyron,Malaysia,Couple,Superior Room Twin,Stayed 3 nights in July 2024,10,Exceptional,Best staff,They will help,2-Sep-24
34,332,Marlina,Indonesia,Business traveler,Superior Room Twin,Stayed 3 nights in August 2024,8.4,Excellent,Excellent,Good,28-Aug-24
34,333,Fivi,Indonesia,Couple,Superior Room Queen,Stayed 1 night in August 2024,10,Exceptional,Lokasi strategis,"Hotel nyo berlokasi di dalam area botanical mall, dekat dengan IPB kampus lama.. mau makan gampang dan banyak pilihan juga untuk transportasi juga gampang.. ada damri ke bandara juga dekat.. Pusat oleh2 juga dekat..",25-Aug-24
34,334,SAHARIMAN,Malaysia,Couple,Superior Room Queen,Stayed 1 night in May 2024,8.4,Excellent,Good,Good,23-Aug-24
34,335,Johnny,Indonesia,Couple,Suite Room,Stayed 1 night in August 2024,9.2,Exceptional,Pleasant,Walking distance to the best mall in town,19-Aug-24
34,336,Yullia,Indonesia,Couple,Superior Room Queen,Stayed 1 night in April 2026,9.6,Exceptional,Sabtu ceria,"Over all bagus, makanan enak, lokasi sangat strategis. Tolong sediakan hair dryer di kamar biar tambah baik kualitas hotelnya",16-Apr-26
34,337,Latifah,Indonesia,Family with teens,Deluxe Room Queen,Stayed 1 night in February 2026,10,Exceptional,Rekomendasi staycation yang nyaman,"Kamar bersih dan terawat, staff yang ramah, akses ke mall lebih mudah, menu breakfast yang bervariasi dan enak enak, 🫶🏼",17-Feb-26
34,338,Novita,Indonesia,Solo traveler,Superior Room Queen,Stayed 1 night in May 2025,10,Exceptional,Terbaikk,"Hotel yang sangat nyaman, berada ditengah kota, dibawahnya ada mall, kalau mau jogging tinggal nyebrang ke kebun raya Bogor. Kamarnya sangat luas, bersih, rapih. Pokoknya the bestt😍",29-Sep-25
34,339,Mohammad,Singapore,Couple,Executive Room,Stayed 7 nights in April 2026,10,Exceptional,Staycation,Nothing to say. Everything is superb. Been staying here for so many times the standard and cleaniness is superb. Location is good and connected to the mall.,20-Apr-26
34,340,Abdika,Indonesia,Couple,Superior Room Queen,Stayed 1 night in April 2025,8.8,Excellent,Good and comfy stay,"Rating: 4/5 The room was a bit old but overall okay—clean and well-maintained. The bathroom, especially the shower, worked just fine. Food was decent, nothing special but acceptable. What really stood out was the service. All the staff were kind, warm, and very helpful throughout our stay. One unique perk was the exclusive access to Botani Square, which was a nice touch. The only downside was the lobby. It felt quite small and didn't give off an exclusive or premium vibe, which could be improved. Overall, a comfortable stay with great service!",17-Apr-25
35,341,Kwang,Malaysia,Solo traveler,Superior Single Room,Stayed 3 nights in August 2024,10,Exceptional,Conference travel,Very clean and good service,17-Aug-24
35,342,Lucia,Indonesia,Couple,Superior Room Queen,Stayed 5 nights in April 2024,10,Exceptional,We had fun,"We love our stays there Very easy to go everywhere in Bogor The mall is right beside the hotel, no problem findnh parking spot",12-Aug-24
35,343,Tommy,Indonesia,Couple,Superior Room Queen,Stayed 1 night in August 2024,5.2,,Bad Breakfast and Bad Service FB Service Team,"Good Location, in term of staff service it’s a nice from FO team and welldone. But for F&B Service it’s bad service especially during breakfast this morning not smile and looks like unfriendly. Some of staff F&B Service not aware some of item breakfast empty and just look arround until i bring to them the item empthy. Not aware for surrounding table outdoor so dirty, until remind them for dusting the table and make it clean and tidy. Come on you are hospitaly person but why all of you just looking arround and not aware with your job desk. Please the management of santika hotel, review of F&B Service team and make it genuine service. Perhaps in the near future more better of service especially during breakfast time.",11-Aug-24
35,344,Agnes,Indonesia,Couple,Superior Room Twin,Stayed 1 night in August 2024,10,Exceptional,Exceptional,"Bagus, tempat strategis, staff ramah..",10-Aug-24
35,345,Riris,Indonesia,Business traveler,Executive Queen,Stayed 2 nights in February 2024,8.4,Excellent,Hotel dengan Lokasi yg Bagus,"Lokasi dekat dengan mall shg mudah untuk cari makanan,,",29-Jul-24
35,346,Yullia,Indonesia,Couple,Superior Room Queen,Stayed 1 night in April 2026,9.6,Exceptional,Sabtu ceria,"Over all bagus, makanan enak, lokasi sangat strategis. Tolong sediakan hair dryer di kamar biar tambah baik kualitas hotelnya",16-Apr-26
35,347,Latifah,Indonesia,Family with teens,Deluxe Room Queen,Stayed 1 night in February 2026,10,Exceptional,Rekomendasi staycation yang nyaman,"Kamar bersih dan terawat, staff yang ramah, akses ke mall lebih mudah, menu breakfast yang bervariasi dan enak enak, 🫶🏼",17-Feb-26
35,348,Novita,Indonesia,Solo traveler,Superior Room Queen,Stayed 1 night in May 2025,10,Exceptional,Terbaikk,"Hotel yang sangat nyaman, berada ditengah kota, dibawahnya ada mall, kalau mau jogging tinggal nyebrang ke kebun raya Bogor. Kamarnya sangat luas, bersih, rapih. Pokoknya the bestt😍",29-Sep-25
35,349,Mohammad,Singapore,Couple,Executive Room,Stayed 7 nights in April 2026,10,Exceptional,Staycation,Nothing to say. Everything is superb. Been staying here for so many times the standard and cleaniness is superb. Location is good and connected to the mall.,20-Apr-26
35,350,Abdika,Indonesia,Couple,Superior Room Queen,Stayed 1 night in April 2025,8.8,Excellent,Good and comfy stay,"Rating: 4/5 The room was a bit old but overall okay—clean and well-maintained. The bathroom, especially the shower, worked just fine. Food was decent, nothing special but acceptable. What really stood out was the service. All the staff were kind, warm, and very helpful throughout our stay. One unique perk was the exclusive access to Botani Square, which was a nice touch. The only downside was the lobby. It felt quite small and didn't give off an exclusive or premium vibe, which could be improved. Overall, a comfortable stay with great service!",17-Apr-25
36,351,Rusdiansyah,Indonesia,Family with young children,Superior Room Twin,Stayed 1 night in July 2024,10,Exceptional,Bagus,"Tempat mya strategis dan pelayanan yang bagus, ramah dan menyenangkan",18-Jul-24
36,352,Denis,Indonesia,Family with young children,Superior Room Twin,Stayed 1 night in July 2024,2.8,,Bad,"Very"" bad",7-Jul-24
36,353,Denis,Indonesia,Family with young children,Superior Room Queen,Stayed 1 night in July 2024,3.2,,Bad,"Very"" BAD",7-Jul-24
36,354,Tetra,Japan,Couple,Executive Queen,Stayed 2 nights in September 2023,8,Excellent,Very good,NICE,4-Jul-24
36,355,Tetra,Japan,Couple,Superior Room Twin,Stayed 1 night in December 2023,8,Excellent,Very good,Great,4-Jul-24
36,356,Yullia,Indonesia,Couple,Superior Room Queen,Stayed 1 night in April 2026,9.6,Exceptional,Sabtu ceria,"Over all bagus, makanan enak, lokasi sangat strategis. Tolong sediakan hair dryer di kamar biar tambah baik kualitas hotelnya",16-Apr-26
36,357,Latifah,Indonesia,Family with teens,Deluxe Room Queen,Stayed 1 night in February 2026,10,Exceptional,Rekomendasi staycation yang nyaman,"Kamar bersih dan terawat, staff yang ramah, akses ke mall lebih mudah, menu breakfast yang bervariasi dan enak enak, 🫶🏼",17-Feb-26
36,358,Novita,Indonesia,Solo traveler,Superior Room Queen,Stayed 1 night in May 2025,10,Exceptional,Terbaikk,"Hotel yang sangat nyaman, berada ditengah kota, dibawahnya ada mall, kalau mau jogging tinggal nyebrang ke kebun raya Bogor. Kamarnya sangat luas, bersih, rapih. Pokoknya the bestt😍",29-Sep-25
36,359,Mohammad,Singapore,Couple,Executive Room,Stayed 7 nights in April 2026,10,Exceptional,Staycation,Nothing to say. Everything is superb. Been staying here for so many times the standard and cleaniness is superb. Location is good and connected to the mall.,20-Apr-26
36,360,Abdika,Indonesia,Couple,Superior Room Queen,Stayed 1 night in April 2025,8.8,Excellent,Good and comfy stay,"Rating: 4/5 The room was a bit old but overall okay—clean and well-maintained. The bathroom, especially the shower, worked just fine. Food was decent, nothing special but acceptable. What really stood out was the service. All the staff were kind, warm, and very helpful throughout our stay. One unique perk was the exclusive access to Botani Square, which was a nice touch. The only downside was the lobby. It felt quite small and didn't give off an exclusive or premium vibe, which could be improved. Overall, a comfortable stay with great service!",17-Apr-25
37,361,Fadhilah,Indonesia,Couple,Superior Room Twin,Stayed 1 night in June 2024,10,Exceptional,Worth it,"Cari hotel yang dekat dengan mall di Bogor, kamar luas bersih view kamar OK staff ramah, will back again next time",2-Jul-24
37,362,Astry,Indonesia,Family with young children,Superior Room Twin,Stayed 1 night in June 2024,10,Exceptional,comfortable stay cation,this hotel is very strategic and affordable. just improve for the breakfast menu especially for dessert not too much main course,30-Jun-24
37,363,Budi,Indonesia,Family with teens,Superior Room Queen,Stayed 1 night in June 2024,9.6,Exceptional,Cocok utk keluarga,"Bagus, nyaman utk keluarga dan bersebelahan dengan mall",25-Jun-24
37,364,Rusli,Indonesia,Couple,Superior Room Queen,Stayed 1 night in June 2024,10,Exceptional,Exceptional,so close to everywhere,25-Jun-24
37,365,Danny,Indonesia,Family with young children,Superior Room Queen,Stayed 2 nights in April 2024,9.2,Exceptional,Staycation,Ok for staycation next to mall,24-Jun-24
37,366,Yullia,Indonesia,Couple,Superior Room Queen,Stayed 1 night in April 2026,9.6,Exceptional,Sabtu ceria,"Over all bagus, makanan enak, lokasi sangat strategis. Tolong sediakan hair dryer di kamar biar tambah baik kualitas hotelnya",16-Apr-26
37,367,Latifah,Indonesia,Family with teens,Deluxe Room Queen,Stayed 1 night in February 2026,10,Exceptional,Rekomendasi staycation yang nyaman,"Kamar bersih dan terawat, staff yang ramah, akses ke mall lebih mudah, menu breakfast yang bervariasi dan enak enak, 🫶🏼",17-Feb-26
37,368,Novita,Indonesia,Solo traveler,Superior Room Queen,Stayed 1 night in May 2025,10,Exceptional,Terbaikk,"Hotel yang sangat nyaman, berada ditengah kota, dibawahnya ada mall, kalau mau jogging tinggal nyebrang ke kebun raya Bogor. Kamarnya sangat luas, bersih, rapih. Pokoknya the bestt😍",29-Sep-25
37,369,Mohammad,Singapore,Couple,Executive Room,Stayed 7 nights in April 2026,10,Exceptional,Staycation,Nothing to say. Everything is superb. Been staying here for so many times the standard and cleaniness is superb. Location is good and connected to the mall.,20-Apr-26
37,370,Abdika,Indonesia,Couple,Superior Room Queen,Stayed 1 night in April 2025,8.8,Excellent,Good and comfy stay,"Rating: 4/5 The room was a bit old but overall okay—clean and well-maintained. The bathroom, especially the shower, worked just fine. Food was decent, nothing special but acceptable. What really stood out was the service. All the staff were kind, warm, and very helpful throughout our stay. One unique perk was the exclusive access to Botani Square, which was a nice touch. The only downside was the lobby. It felt quite small and didn't give off an exclusive or premium vibe, which could be improved. Overall, a comfortable stay with great service!",17-Apr-25
38,371,Setyawan,Indonesia,Family with young children,Superior Room Queen,Stayed 2 nights in June 2024,10,Exceptional,Terjangkau dan memuaskan,Hotelnya terhubung dengan Mall terbesar di Kota Bogor. Jadi mantap banget.,18-Jun-24
38,372,Achmad,Indonesia,Couple,Superior Room Queen,Stayed 1 night in June 2024,10,Exceptional,Exceptional,"Lokasi strategis dekat dengan mall, pool damri dan pool travel",17-Jun-24
38,373,Stefan,Indonesia,Group,Superior Room Queen,Stayed 1 night in June 2024,8,Excellent,Upgrade Elevator,Need to upgrade the elevator.. That's for small capacity,17-Jun-24
38,374,Romi,Indonesia,Family with young children,Superior Room Twin,Stayed 1 night in June 2024,10,Exceptional,Beyond expectation,"The location is very strategic, room is clean and spacious, breakfast is vary and tasty, Staff are very helpful. Overall it's value for money.",8-Jun-24
38,375,Mohammad,Singapore,Couple,Suite Room,Stayed 4 nights in June 2024,10,Exceptional,Nice,This is my 2nd time stayed here after 5yrs. Everything still the same. Easy access to the mall.,6-Jun-24
38,376,Yullia,Indonesia,Couple,Superior Room Queen,Stayed 1 night in April 2026,9.6,Exceptional,Sabtu ceria,"Over all bagus, makanan enak, lokasi sangat strategis. Tolong sediakan hair dryer di kamar biar tambah baik kualitas hotelnya",16-Apr-26
38,377,Latifah,Indonesia,Family with teens,Deluxe Room Queen,Stayed 1 night in February 2026,10,Exceptional,Rekomendasi staycation yang nyaman,"Kamar bersih dan terawat, staff yang ramah, akses ke mall lebih mudah, menu breakfast yang bervariasi dan enak enak, 🫶🏼",17-Feb-26
38,378,Novita,Indonesia,Solo traveler,Superior Room Queen,Stayed 1 night in May 2025,10,Exceptional,Terbaikk,"Hotel yang sangat nyaman, berada ditengah kota, dibawahnya ada mall, kalau mau jogging tinggal nyebrang ke kebun raya Bogor. Kamarnya sangat luas, bersih, rapih. Pokoknya the bestt😍",29-Sep-25
38,379,Mohammad,Singapore,Couple,Executive Room,Stayed 7 nights in April 2026,10,Exceptional,Staycation,Nothing to say. Everything is superb. Been staying here for so many times the standard and cleaniness is superb. Location is good and connected to the mall.,20-Apr-26
38,380,Abdika,Indonesia,Couple,Superior Room Queen,Stayed 1 night in April 2025,8.8,Excellent,Good and comfy stay,"Rating: 4/5 The room was a bit old but overall okay—clean and well-maintained. The bathroom, especially the shower, worked just fine. Food was decent, nothing special but acceptable. What really stood out was the service. All the staff were kind, warm, and very helpful throughout our stay. One unique perk was the exclusive access to Botani Square, which was a nice touch. The only downside was the lobby. It felt quite small and didn't give off an exclusive or premium vibe, which could be improved. Overall, a comfortable stay with great service!",17-Apr-25
39,381,Frans,Indonesia,Family with teens,Superior Room Twin,Stayed 1 night in June 2024,9.6,Exceptional,Menu need various,"Over all good hotel for pleasure and business trip,, it's important for menu breakfast,it possible to more various things ,,",2-Jun-24
39,382,Md,Brunei Darussalam,Solo traveler,Superior Room Twin,Stayed 3 nights in May 2024,8.4,Excellent,Excellent,Very strategic location adjoining with shopping mall.,31-May-24
39,383,Intan,Indonesia,Family with teens,Superior Room Queen,Stayed 2 nights in May 2024,10,Exceptional,Location & cleanliness 👍🏻,Location & cleanliness 👍🏻,29-May-24
39,384,Silmi,Indonesia,Business traveler,Deluxe Room Queen,Stayed 3 nights in May 2024,8,Excellent,Hotel Review,Comfortable,29-May-24
39,385,Alwis,Indonesia,Couple,Superior Room Queen,Stayed 2 nights in May 2024,9.6,Exceptional,Exceptional,"In general, there are no problems with Hotel Santika. The price is in line with the facilities and services you get. The only drawback is that the lift is too small, so you have to wait several times to get an empty lift. When I wanted to go downstairs to check out, I had to wait 15 minutes for an empty lift.",26-May-24
39,386,Yullia,Indonesia,Couple,Superior Room Queen,Stayed 1 night in April 2026,9.6,Exceptional,Sabtu ceria,"Over all bagus, makanan enak, lokasi sangat strategis. Tolong sediakan hair dryer di kamar biar tambah baik kualitas hotelnya",16-Apr-26
39,387,Latifah,Indonesia,Family with teens,Deluxe Room Queen,Stayed 1 night in February 2026,10,Exceptional,Rekomendasi staycation yang nyaman,"Kamar bersih dan terawat, staff yang ramah, akses ke mall lebih mudah, menu breakfast yang bervariasi dan enak enak, 🫶🏼",17-Feb-26
39,388,Novita,Indonesia,Solo traveler,Superior Room Queen,Stayed 1 night in May 2025,10,Exceptional,Terbaikk,"Hotel yang sangat nyaman, berada ditengah kota, dibawahnya ada mall, kalau mau jogging tinggal nyebrang ke kebun raya Bogor. Kamarnya sangat luas, bersih, rapih. Pokoknya the bestt😍",29-Sep-25
39,389,Mohammad,Singapore,Couple,Executive Room,Stayed 7 nights in April 2026,10,Exceptional,Staycation,Nothing to say. Everything is superb. Been staying here for so many times the standard and cleaniness is superb. Location is good and connected to the mall.,20-Apr-26
39,390,Abdika,Indonesia,Couple,Superior Room Queen,Stayed 1 night in April 2025,8.8,Excellent,Good and comfy stay,"Rating: 4/5 The room was a bit old but overall okay—clean and well-maintained. The bathroom, especially the shower, worked just fine. Food was decent, nothing special but acceptable. What really stood out was the service. All the staff were kind, warm, and very helpful throughout our stay. One unique perk was the exclusive access to Botani Square, which was a nice touch. The only downside was the lobby. It felt quite small and didn't give off an exclusive or premium vibe, which could be improved. Overall, a comfortable stay with great service!",17-Apr-25
40,391,soh,Singapore,Group,Superior Room Twin,Stayed 2 nights in May 2024,9.2,Exceptional,strategic location,Friendly staff *Hotel direct connect to Bontani shopping mall *Direct bus to soekarno Hatta airport just round the corner *Basic hotel with delicious breakfast. Overall we have a pleasant stay in Hotel Santika,26-May-24
40,392,SAIFUL,Malaysia,Family with young children,Superior Room Twin,Stayed 2 nights in May 2024,9.2,Exceptional,Exceptional,good location,26-May-24
40,393,sukyato,Indonesia,Couple,Superior Room Queen,Stayed 1 night in April 2024,10,Exceptional,Exceptional,ok,22-May-24
40,394,VINCENT,Indonesia,Solo traveler,Superior Room Queen,Stayed 2 nights in May 2024,8,Excellent,great hotel,good location. can walk to mall. staff good. very clean and fast to serviceroom.,20-May-24
40,395,Faris,Indonesia,Couple,Superior Room Queen,Stayed 1 night in May 2024,9.2,Exceptional,Exceptional,"Nice hotel. Rekomen utk yang sedang stay di Bogor, dekat pusat kota. Kamarnya cukup luas, bersih dan nyaman. Thanks",19-May-24
40,396,Yullia,Indonesia,Couple,Superior Room Queen,Stayed 1 night in April 2026,9.6,Exceptional,Sabtu ceria,"Over all bagus, makanan enak, lokasi sangat strategis. Tolong sediakan hair dryer di kamar biar tambah baik kualitas hotelnya",16-Apr-26
40,397,Latifah,Indonesia,Family with teens,Deluxe Room Queen,Stayed 1 night in February 2026,10,Exceptional,Rekomendasi staycation yang nyaman,"Kamar bersih dan terawat, staff yang ramah, akses ke mall lebih mudah, menu breakfast yang bervariasi dan enak enak, 🫶🏼",17-Feb-26
40,398,Novita,Indonesia,Solo traveler,Superior Room Queen,Stayed 1 night in May 2025,10,Exceptional,Terbaikk,"Hotel yang sangat nyaman, berada ditengah kota, dibawahnya ada mall, kalau mau jogging tinggal nyebrang ke kebun raya Bogor. Kamarnya sangat luas, bersih, rapih. Pokoknya the bestt😍",29-Sep-25
40,399,Mohammad,Singapore,Couple,Executive Room,Stayed 7 nights in April 2026,10,Exceptional,Staycation,Nothing to say. Everything is superb. Been staying here for so many times the standard and cleaniness is superb. Location is good and connected to the mall.,20-Apr-26
40,400,Abdika,Indonesia,Couple,Superior Room Queen,Stayed 1 night in April 2025,8.8,Excellent,Good and comfy stay,"Rating: 4/5 The room was a bit old but overall okay—clean and well-maintained. The bathroom, especially the shower, worked just fine. Food was decent, nothing special but acceptable. What really stood out was the service. All the staff were kind, warm, and very helpful throughout our stay. One unique perk was the exclusive access to Botani Square, which was a nice touch. The only downside was the lobby. It felt quite small and didn't give off an exclusive or premium vibe, which could be improved. Overall, a comfortable stay with great service!",17-Apr-25
41,401,Dian,Indonesia,Business traveler,Superior Room Twin,Stayed 1 night in April 2024,6,,Above average,"Utk hotel yg sudah punya nama, amenitiesnya ngga bgt, cm sikat gigi, psta gigi dan hand soap saja. Tidak disediakan shower cap dan hair dryer apalagi sisir dll. Padahal type showernya itu yg head shower (tidak bisa dipegang) jd sudah pasti membasahi kepala. Jd sangat menyulitkan kl kita sedang tidak ingin keramas. Kamar juga tidak ada karpet jd bikin ga nyaman. Satu2nya keunggulam hotel ini cm krn nyambung sm mall which is ga terlalu penting. Lobbynya jg kecil bgt, tempat duduk jg sedikit bgt, kebetulan kemarin ada gempa jd saat semua tamu turun, lobby itu ga muat sempit dan ga semua org bisa duduk. Menurutku ga worth the price.",16-May-24
41,402,demak,Indonesia,Group,Deluxe Room Queen,Stayed 1 night in May 2024,8,Excellent,Very good,Location is perfect. Breakfast not satisfying tough.,12-May-24
41,403,YEK,Malaysia,Group,Superior Room Twin,Stayed 1 night in May 2024,10,Exceptional,Exceptional,"good location, easy access to the mall, hotel room is clean, wifi enable us to stay connected",11-May-24
41,404,Nadya,Indonesia,Couple,Deluxe Room Queen,Stayed 1 night in May 2024,9.6,Exceptional,Good Location,"Very clean, good location, near mall. Please improve the taste of breakfast",4-May-24
41,405,Nancy,Türkiye,Group,Superior Room Queen,Stayed 2 nights in April 2024,10,Exceptional,Just like our good old friend,"Last group stay was pre-covid, hotel has improved so much & mall next door is more bustling, excellent location!",4-May-24
41,406,Yullia,Indonesia,Couple,Superior Room Queen,Stayed 1 night in April 2026,9.6,Exceptional,Sabtu ceria,"Over all bagus, makanan enak, lokasi sangat strategis. Tolong sediakan hair dryer di kamar biar tambah baik kualitas hotelnya",16-Apr-26
41,407,Latifah,Indonesia,Family with teens,Deluxe Room Queen,Stayed 1 night in February 2026,10,Exceptional,Rekomendasi staycation yang nyaman,"Kamar bersih dan terawat, staff yang ramah, akses ke mall lebih mudah, menu breakfast yang bervariasi dan enak enak, 🫶🏼",17-Feb-26
41,408,Novita,Indonesia,Solo traveler,Superior Room Queen,Stayed 1 night in May 2025,10,Exceptional,Terbaikk,"Hotel yang sangat nyaman, berada ditengah kota, dibawahnya ada mall, kalau mau jogging tinggal nyebrang ke kebun raya Bogor. Kamarnya sangat luas, bersih, rapih. Pokoknya the bestt😍",29-Sep-25
41,409,Mohammad,Singapore,Couple,Executive Room,Stayed 7 nights in April 2026,10,Exceptional,Staycation,Nothing to say. Everything is superb. Been staying here for so many times the standard and cleaniness is superb. Location is good and connected to the mall.,20-Apr-26
41,410,Abdika,Indonesia,Couple,Superior Room Queen,Stayed 1 night in April 2025,8.8,Excellent,Good and comfy stay,"Rating: 4/5 The room was a bit old but overall okay—clean and well-maintained. The bathroom, especially the shower, worked just fine. Food was decent, nothing special but acceptable. What really stood out was the service. All the staff were kind, warm, and very helpful throughout our stay. One unique perk was the exclusive access to Botani Square, which was a nice touch. The only downside was the lobby. It felt quite small and didn't give off an exclusive or premium vibe, which could be improved. Overall, a comfortable stay with great service!",17-Apr-25
42,411,Tjandra,Indonesia,Couple,Superior Room Queen,Stayed 1 night in April 2024,9.6,Exceptional,This hotel next to a shopping mall,This hotel is connected to a big shopping mall in Bogor. And also the breakfast is great for Indonesian standard,25-Apr-24
42,412,Danny,Indonesia,Family with young children,Superior Room Queen,Stayed 2 nights in April 2024,9.6,Exceptional,satisfying,"The service was good, and the staff was friendly. The food was varied and delicious, especially the nursery food, but only ketoprak spice did not fit.",22-Apr-24
42,413,Erfan,Indonesia,Family with teens,Superior Room Twin,Stayed 1 night in February 2024,9.2,Exceptional,Exceptional,"Hotel yg menyatu dg mall Botani Square. Gak khawatir kalo nonton dan pulang kemalaman, krn tinggal jalan ke kamar. Lokasi sangat dekat dg exit tol jagorawi.",18-Apr-24
42,414,eva,Indonesia,Family with young children,Superior Room Twin,Stayed 1 night in April 2024,10,Exceptional,Awesome hotel,"Nice hotel, nice ambience, good food make me relax and make feel comfort always.. Santika ga pernah Missed deh nyamannya.. Thanks agode",15-Apr-24
42,415,Axel,Indonesia,Group,Superior Room Twin,Stayed 1 night in April 2024,10,Exceptional,Very Recommended,"Harga under 1jt tp kamar nya gede bgt, mau ke mall udah connecting dari basement, mau jumatan ada mesjid. Terbaik!",15-Apr-24
42,416,Yullia,Indonesia,Couple,Superior Room Queen,Stayed 1 night in April 2026,9.6,Exceptional,Sabtu ceria,"Over all bagus, makanan enak, lokasi sangat strategis. Tolong sediakan hair dryer di kamar biar tambah baik kualitas hotelnya",16-Apr-26
42,417,Latifah,Indonesia,Family with teens,Deluxe Room Queen,Stayed 1 night in February 2026,10,Exceptional,Rekomendasi staycation yang nyaman,"Kamar bersih dan terawat, staff yang ramah, akses ke mall lebih mudah, menu breakfast yang bervariasi dan enak enak, 🫶🏼",17-Feb-26
42,418,Novita,Indonesia,Solo traveler,Superior Room Queen,Stayed 1 night in May 2025,10,Exceptional,Terbaikk,"Hotel yang sangat nyaman, berada ditengah kota, dibawahnya ada mall, kalau mau jogging tinggal nyebrang ke kebun raya Bogor. Kamarnya sangat luas, bersih, rapih. Pokoknya the bestt😍",29-Sep-25
42,419,Mohammad,Singapore,Couple,Executive Room,Stayed 7 nights in April 2026,10,Exceptional,Staycation,Nothing to say. Everything is superb. Been staying here for so many times the standard and cleaniness is superb. Location is good and connected to the mall.,20-Apr-26
42,420,Abdika,Indonesia,Couple,Superior Room Queen,Stayed 1 night in April 2025,8.8,Excellent,Good and comfy stay,"Rating: 4/5 The room was a bit old but overall okay—clean and well-maintained. The bathroom, especially the shower, worked just fine. Food was decent, nothing special but acceptable. What really stood out was the service. All the staff were kind, warm, and very helpful throughout our stay. One unique perk was the exclusive access to Botani Square, which was a nice touch. The only downside was the lobby. It felt quite small and didn't give off an exclusive or premium vibe, which could be improved. Overall, a comfortable stay with great service!",17-Apr-25
43,421,Axel,Indonesia,Group,Superior Room Queen,Stayed 1 night in April 2024,10,Exceptional,Very Recommended,"Harga under 1jt tp kamar nya gede bgt, mau ke mall udah connecting dari basement, mau jumatan ada mesjid. Terbaik!",15-Apr-24
43,422,Tunjung,Australia,Couple,Superior Room Queen,Stayed 1 night in April 2024,10,Exceptional,Very good,"Love the food, very nice staf, best location..",12-Apr-24
43,423,MARVIN,Philippines,Family with young children,Superior Room Queen,Stayed 2 nights in April 2024,6.4,Good,Just ok,Hotel has deteriorated since I stayed in 2008. Location is good but rooms may already need some renovation.,9-Apr-24
43,424,Debby,Indonesia,Solo traveler,Executive Queen,Stayed 1 night in January 2024,6.4,Good,Fair,"I had stayed in other Santika Hotel and expected getting same facilities and embience…so, my expectation was a bit miss., but this one has direct access to the mall which is better for location.",9-Apr-24
43,425,Nancy,Türkiye,Group,Superior Room Twin,Stayed 2 nights in April 2024,10,Exceptional,Welcome Back,"Our last stay with pre-covid in 2019 Hotel Santika Bogor id ever so 'faithful' in welcoming us back. Location is superb next to Botani Sq Mall by way of connecting door at basement which is safe & so convenient. Rooms are clean & breakfast is adequate,, staff is ever so friendly with smiles, we are sure to return! We have only the best compliments to them!",6-Apr-24
43,426,Yullia,Indonesia,Couple,Superior Room Queen,Stayed 1 night in April 2026,9.6,Exceptional,Sabtu ceria,"Over all bagus, makanan enak, lokasi sangat strategis. Tolong sediakan hair dryer di kamar biar tambah baik kualitas hotelnya",16-Apr-26
43,427,Latifah,Indonesia,Family with teens,Deluxe Room Queen,Stayed 1 night in February 2026,10,Exceptional,Rekomendasi staycation yang nyaman,"Kamar bersih dan terawat, staff yang ramah, akses ke mall lebih mudah, menu breakfast yang bervariasi dan enak enak, 🫶🏼",17-Feb-26
43,428,Novita,Indonesia,Solo traveler,Superior Room Queen,Stayed 1 night in May 2025,10,Exceptional,Terbaikk,"Hotel yang sangat nyaman, berada ditengah kota, dibawahnya ada mall, kalau mau jogging tinggal nyebrang ke kebun raya Bogor. Kamarnya sangat luas, bersih, rapih. Pokoknya the bestt😍",29-Sep-25
43,429,Mohammad,Singapore,Couple,Executive Room,Stayed 7 nights in April 2026,10,Exceptional,Staycation,Nothing to say. Everything is superb. Been staying here for so many times the standard and cleaniness is superb. Location is good and connected to the mall.,20-Apr-26
43,430,Abdika,Indonesia,Couple,Superior Room Queen,Stayed 1 night in April 2025,8.8,Excellent,Good and comfy stay,"Rating: 4/5 The room was a bit old but overall okay—clean and well-maintained. The bathroom, especially the shower, worked just fine. Food was decent, nothing special but acceptable. What really stood out was the service. All the staff were kind, warm, and very helpful throughout our stay. One unique perk was the exclusive access to Botani Square, which was a nice touch. The only downside was the lobby. It felt quite small and didn't give off an exclusive or premium vibe, which could be improved. Overall, a comfortable stay with great service!",17-Apr-25
44,431,DEKA,Indonesia,Business traveler,Suite Room,Stayed 2 nights in March 2024,8.4,Excellent,Near everywhere,The location is the best when you go to Bogor,2-Apr-24
44,432,Basilio,Indonesia,Business traveler,Executive Queen,Stayed 1 night in March 2024,10,Exceptional,Strategic place,It is worth for business and leisure being sharing a building with a Mall,22-Mar-24
44,433,Paolina,Indonesia,Couple,Executive Queen,Stayed 2 nights in March 2024,9.2,Exceptional,Exceptional,"Sudah sering nginap disini. Staff sangat membantu, kamar bersih dan nyaman. Tp makin lama, makanannya kok semakin tdk ada rasa ya? Seperti makanan rmh sakit saja. Kmrn tempe mendoannya malah rasa semangit (tempe lama). Coba perbaiki lagi rasanya.",14-Mar-24
44,434,Ika,Indonesia,Couple,Superior Room Queen,Stayed 1 night in August 2023,8.8,Excellent,Excellent,"Great location, friendly staff, comfy bed.",12-Mar-24
44,435,Mohamed,Singapore,Couple,Superior Room Queen,Stayed 1 night in March 2024,10,Exceptional,Keep it up!,So friendly all the staffs. not even a complaint. Keep it up!,7-Mar-24
44,436,Yullia,Indonesia,Couple,Superior Room Queen,Stayed 1 night in April 2026,9.6,Exceptional,Sabtu ceria,"Over all bagus, makanan enak, lokasi sangat strategis. Tolong sediakan hair dryer di kamar biar tambah baik kualitas hotelnya",16-Apr-26
44,437,Latifah,Indonesia,Family with teens,Deluxe Room Queen,Stayed 1 night in February 2026,10,Exceptional,Rekomendasi staycation yang nyaman,"Kamar bersih dan terawat, staff yang ramah, akses ke mall lebih mudah, menu breakfast yang bervariasi dan enak enak, 🫶🏼",17-Feb-26
44,438,Novita,Indonesia,Solo traveler,Superior Room Queen,Stayed 1 night in May 2025,10,Exceptional,Terbaikk,"Hotel yang sangat nyaman, berada ditengah kota, dibawahnya ada mall, kalau mau jogging tinggal nyebrang ke kebun raya Bogor. Kamarnya sangat luas, bersih, rapih. Pokoknya the bestt😍",29-Sep-25
44,439,Mohammad,Singapore,Couple,Executive Room,Stayed 7 nights in April 2026,10,Exceptional,Staycation,Nothing to say. Everything is superb. Been staying here for so many times the standard and cleaniness is superb. Location is good and connected to the mall.,20-Apr-26
44,440,Abdika,Indonesia,Couple,Superior Room Queen,Stayed 1 night in April 2025,8.8,Excellent,Good and comfy stay,"Rating: 4/5 The room was a bit old but overall okay—clean and well-maintained. The bathroom, especially the shower, worked just fine. Food was decent, nothing special but acceptable. What really stood out was the service. All the staff were kind, warm, and very helpful throughout our stay. One unique perk was the exclusive access to Botani Square, which was a nice touch. The only downside was the lobby. It felt quite small and didn't give off an exclusive or premium vibe, which could be improved. Overall, a comfortable stay with great service!",17-Apr-25
45,441,zefani,Indonesia,Family with young children,Superior Room Queen,Stayed 1 night in June 2023,6.8,Good,Location was connected with the mall,"Location was connected with mall, and near the toll gate.",3-Mar-24
45,442,HENDRA,Indonesia,Business traveler,Superior Room Queen,Stayed 1 night in December 2023,8,Excellent,Lokasi strategis,Kamar hotel cukup luas dan hotel ini terletak pada bangunan yang sama dengan botani square mall. Sarapan hotel standard walaupun terdapat banyak pilihan.,21-Feb-24
45,443,Luki,Indonesia,Couple,Superior Room Twin,Stayed 2 nights in December 2023,8.4,Excellent,Standard,Good stay,10-Feb-24
45,444,Nilam,Indonesia,Group,Superior Room Queen,Stayed 1 night in January 2024,10,Exceptional,Fave hotel in bogor,Love this hotel bcz really connect to the mall.. room is big and clean! Thanks,9-Feb-24
45,445,Putri,Indonesia,Family with teens,Superior Room Queen,Stayed 1 night in February 2024,10,Exceptional,⭐️⭐️⭐️⭐️,"good place for staycation with my son. ke mal enak ada connectingnya jadi ga bingung buat cari dinner or lunch. staff juga ramah sekali, kamar pun cukup luas ada sofa dibagian windownya. nice experience🥰",8-Feb-24
45,446,Yullia,Indonesia,Couple,Superior Room Queen,Stayed 1 night in April 2026,9.6,Exceptional,Sabtu ceria,"Over all bagus, makanan enak, lokasi sangat strategis. Tolong sediakan hair dryer di kamar biar tambah baik kualitas hotelnya",16-Apr-26
45,447,Latifah,Indonesia,Family with teens,Deluxe Room Queen,Stayed 1 night in February 2026,10,Exceptional,Rekomendasi staycation yang nyaman,"Kamar bersih dan terawat, staff yang ramah, akses ke mall lebih mudah, menu breakfast yang bervariasi dan enak enak, 🫶🏼",17-Feb-26
45,448,Novita,Indonesia,Solo traveler,Superior Room Queen,Stayed 1 night in May 2025,10,Exceptional,Terbaikk,"Hotel yang sangat nyaman, berada ditengah kota, dibawahnya ada mall, kalau mau jogging tinggal nyebrang ke kebun raya Bogor. Kamarnya sangat luas, bersih, rapih. Pokoknya the bestt😍",29-Sep-25
45,449,Mohammad,Singapore,Couple,Executive Room,Stayed 7 nights in April 2026,10,Exceptional,Staycation,Nothing to say. Everything is superb. Been staying here for so many times the standard and cleaniness is superb. Location is good and connected to the mall.,20-Apr-26
45,450,Abdika,Indonesia,Couple,Superior Room Queen,Stayed 1 night in April 2025,8.8,Excellent,Good and comfy stay,"Rating: 4/5 The room was a bit old but overall okay—clean and well-maintained. The bathroom, especially the shower, worked just fine. Food was decent, nothing special but acceptable. What really stood out was the service. All the staff were kind, warm, and very helpful throughout our stay. One unique perk was the exclusive access to Botani Square, which was a nice touch. The only downside was the lobby. It felt quite small and didn't give off an exclusive or premium vibe, which could be improved. Overall, a comfortable stay with great service!",17-Apr-25
46,451,Ahmad,Malaysia,Solo traveler,Superior Room Queen,Stayed 1 night in January 2024,10,Exceptional,Exceptional,Good hotel,24-Jan-24
46,452,Indra,Indonesia,Couple,Superior Room Twin,Stayed 1 night in January 2024,8.8,Excellent,"Clean, citycenter, mall access","Nice clean hotel with citylight view, nice pool and good breakfast. Easy access to mall Botani and confortable.",23-Jan-24
46,453,Ari,Indonesia,Couple,Superior Room Queen,Stayed 1 night in January 2024,8,Excellent,Title ok,Clean and cozy,21-Jan-24
46,454,Eris,Indonesia,Family with young children,Superior Room Queen,Stayed 2 nights in December 2023,9.2,Exceptional,Hotel Ramah Keluarga dan Anak,"Hotel di tengah kota, akses kemana-mana mudah. Kamar bersih, amenities lengkap, handuk bersih, karyawan ramah, lokasi startegis dan gampang dicapai, berada di tengah kota, sebelah hotel ada botani square, ada terminal bis damri, dan di sekitar hotel banyak makanan dan toko oleh-oleh.",18-Jan-24
46,455,Adji,Indonesia,Business traveler,Superior Room Queen,Stayed 1 night in January 2024,8.8,Excellent,Location,"Excellent location, plenty of choices for dining",17-Jan-24
46,456,Yullia,Indonesia,Couple,Superior Room Queen,Stayed 1 night in April 2026,9.6,Exceptional,Sabtu ceria,"Over all bagus, makanan enak, lokasi sangat strategis. Tolong sediakan hair dryer di kamar biar tambah baik kualitas hotelnya",16-Apr-26
46,457,Latifah,Indonesia,Family with teens,Deluxe Room Queen,Stayed 1 night in February 2026,10,Exceptional,Rekomendasi staycation yang nyaman,"Kamar bersih dan terawat, staff yang ramah, akses ke mall lebih mudah, menu breakfast yang bervariasi dan enak enak, 🫶🏼",17-Feb-26
46,458,Novita,Indonesia,Solo traveler,Superior Room Queen,Stayed 1 night in May 2025,10,Exceptional,Terbaikk,"Hotel yang sangat nyaman, berada ditengah kota, dibawahnya ada mall, kalau mau jogging tinggal nyebrang ke kebun raya Bogor. Kamarnya sangat luas, bersih, rapih. Pokoknya the bestt😍",29-Sep-25
46,459,Mohammad,Singapore,Couple,Executive Room,Stayed 7 nights in April 2026,10,Exceptional,Staycation,Nothing to say. Everything is superb. Been staying here for so many times the standard and cleaniness is superb. Location is good and connected to the mall.,20-Apr-26
46,460,Abdika,Indonesia,Couple,Superior Room Queen,Stayed 1 night in April 2025,8.8,Excellent,Good and comfy stay,"Rating: 4/5 The room was a bit old but overall okay—clean and well-maintained. The bathroom, especially the shower, worked just fine. Food was decent, nothing special but acceptable. What really stood out was the service. All the staff were kind, warm, and very helpful throughout our stay. One unique perk was the exclusive access to Botani Square, which was a nice touch. The only downside was the lobby. It felt quite small and didn't give off an exclusive or premium vibe, which could be improved. Overall, a comfortable stay with great service!",17-Apr-25
47,461,LIE,Indonesia,Couple,Executive Queen,Stayed 1 night in December 2023,10,Exceptional,Exceptional,The Room is Clean and Spacious. The Location is Great.. Which is Next to Botanical Mall Bogor.. Very Recommended to stay here....,10-Jan-24
47,462,DEDE,Australia,Group,Superior Room Twin,Stayed 1 night in January 2024,10,Exceptional,Central hotel,"It's above Big shopping mall, next to bus depot to airport. Breakfast has many varieties and delicious, comfort bed, Staff professional, bathroom was clean. Air conditioning just right. Will return to stay in the future",7-Jan-24
47,463,Maslani,Indonesia,Couple,Superior Room Twin,Stayed 1 night in January 2024,10,Exceptional,Exceptional,Comfortable,7-Jan-24
47,464,Mutia,Indonesia,Group,Superior Room Queen,Stayed 1 night in December 2023,10,Exceptional,Exceptional,Glad to be back here again,6-Jan-24
47,465,Bodhi,Indonesia,Family with young children,Deluxe Room Queen,Stayed 1 night in January 2024,8.4,Excellent,Liburan singkat di santika,"Ini kedua kalinya menginap di santika, secara lokasi lumayan enak, apalagi berada di lokasi mall, jadi kalau mau makan atau mau cari sesuatu, tinggal jalan kaki. Untuk fasilitas gym, rada kurang ya, karena hanya ada treadmill dan dumbel. Mungkin bisa ditambahkan 1 atau 2 alat sederhana lain-nya. kekurangan lain-nya adalah tidak adanya fasilitas bermain untuk anak.",6-Jan-24
47,466,Yullia,Indonesia,Couple,Superior Room Queen,Stayed 1 night in April 2026,9.6,Exceptional,Sabtu ceria,"Over all bagus, makanan enak, lokasi sangat strategis. Tolong sediakan hair dryer di kamar biar tambah baik kualitas hotelnya",16-Apr-26
47,467,Latifah,Indonesia,Family with teens,Deluxe Room Queen,Stayed 1 night in February 2026,10,Exceptional,Rekomendasi staycation yang nyaman,"Kamar bersih dan terawat, staff yang ramah, akses ke mall lebih mudah, menu breakfast yang bervariasi dan enak enak, 🫶🏼",17-Feb-26
47,468,Novita,Indonesia,Solo traveler,Superior Room Queen,Stayed 1 night in May 2025,10,Exceptional,Terbaikk,"Hotel yang sangat nyaman, berada ditengah kota, dibawahnya ada mall, kalau mau jogging tinggal nyebrang ke kebun raya Bogor. Kamarnya sangat luas, bersih, rapih. Pokoknya the bestt😍",29-Sep-25
47,469,Mohammad,Singapore,Couple,Executive Room,Stayed 7 nights in April 2026,10,Exceptional,Staycation,Nothing to say. Everything is superb. Been staying here for so many times the standard and cleaniness is superb. Location is good and connected to the mall.,20-Apr-26
47,470,Abdika,Indonesia,Couple,Superior Room Queen,Stayed 1 night in April 2025,8.8,Excellent,Good and comfy stay,"Rating: 4/5 The room was a bit old but overall okay—clean and well-maintained. The bathroom, especially the shower, worked just fine. Food was decent, nothing special but acceptable. What really stood out was the service. All the staff were kind, warm, and very helpful throughout our stay. One unique perk was the exclusive access to Botani Square, which was a nice touch. The only downside was the lobby. It felt quite small and didn't give off an exclusive or premium vibe, which could be improved. Overall, a comfortable stay with great service!",17-Apr-25
48,471,Riani,Indonesia,Family with young children,Superior Room Twin,Stayed 2 nights in December 2023,8.4,Excellent,Excellent,Booking via agoda & dapat harga lebih murah daripada hotel dengan bintang yg sama. Breakfast banyak pilihan & enak2 semua rasanya. Kolam renang kids friendly ga terlalu dalam. Udah gitu di pusat kota sebelahan botani square jadi nyari makanan gampang 😊,3-Jan-24
48,472,Tjie,Indonesia,Couple,Superior Room Twin,Stayed 1 night in December 2023,9.6,Exceptional,Lokasi OK,"Hotel terhubung dengan mall, bisa cuci mata dan gampang cari makanan. Hanya sayang d kamar tidak tersedia hair dyer",2-Jan-24
48,473,Willy,Indonesia,Family with young children,Superior Room Queen,Stayed 2 nights in December 2023,10,Exceptional,Exceptional,nice place for short holiday..,2-Jan-24
48,474,Nuri,Indonesia,Family with young children,Superior Room Twin,Stayed 1 night in December 2023,8.8,Excellent,New Year Staycation,"Hotel nyaman utk staycation, lokasi dekat dengan Mall & toll. Breakfast bnyk variasi wpun rasanya biasa aza menurut saya. Fasilitas kurang hair dryer di kamar (harus by request). Over all ok utk staycation.",2-Jan-24
48,475,Romdaniyah,Indonesia,Family with young children,Superior Room Queen,Stayed 1 night in December 2023,9.6,Exceptional,Enak banget buat staycation,"Untuk staycation enak banget tempatnya strategis, ada mall botani square yg bisa connecting dari basement, trus pelayanan ramah, sambil nunggu check in ada bioskop mininya. Saran ada playground buat anak jadi lebih mantap",2-Jan-24
48,476,Yullia,Indonesia,Couple,Superior Room Queen,Stayed 1 night in April 2026,9.6,Exceptional,Sabtu ceria,"Over all bagus, makanan enak, lokasi sangat strategis. Tolong sediakan hair dryer di kamar biar tambah baik kualitas hotelnya",16-Apr-26
48,477,Latifah,Indonesia,Family with teens,Deluxe Room Queen,Stayed 1 night in February 2026,10,Exceptional,Rekomendasi staycation yang nyaman,"Kamar bersih dan terawat, staff yang ramah, akses ke mall lebih mudah, menu breakfast yang bervariasi dan enak enak, 🫶🏼",17-Feb-26
48,478,Novita,Indonesia,Solo traveler,Superior Room Queen,Stayed 1 night in May 2025,10,Exceptional,Terbaikk,"Hotel yang sangat nyaman, berada ditengah kota, dibawahnya ada mall, kalau mau jogging tinggal nyebrang ke kebun raya Bogor. Kamarnya sangat luas, bersih, rapih. Pokoknya the bestt😍",29-Sep-25
48,479,Mohammad,Singapore,Couple,Executive Room,Stayed 7 nights in April 2026,10,Exceptional,Staycation,Nothing to say. Everything is superb. Been staying here for so many times the standard and cleaniness is superb. Location is good and connected to the mall.,20-Apr-26
48,480,Abdika,Indonesia,Couple,Superior Room Queen,Stayed 1 night in April 2025,8.8,Excellent,Good and comfy stay,"Rating: 4/5 The room was a bit old but overall okay—clean and well-maintained. The bathroom, especially the shower, worked just fine. Food was decent, nothing special but acceptable. What really stood out was the service. All the staff were kind, warm, and very helpful throughout our stay. One unique perk was the exclusive access to Botani Square, which was a nice touch. The only downside was the lobby. It felt quite small and didn't give off an exclusive or premium vibe, which could be improved. Overall, a comfortable stay with great service!",17-Apr-25
49,481,anatasia,Indonesia,Couple,Superior Room Twin,Stayed 1 night in December 2023,9.6,Exceptional,Exceptional,"Ok tempat nya, tambahan aja Ada kids playground nya..",31-Dec-23
49,482,Paolina,Indonesia,Couple,Superior Room Queen,Stayed 1 night in March 2023,10,Exceptional,Exceptional,"Kamar lega, nyaman. Posisi pas.",26-Dec-23
49,483,Herwin,Indonesia,Couple,Superior Room Queen,Stayed 1 night in December 2023,10,Exceptional,Nice,Nice hotel near botani square,26-Dec-23
49,484,Taufik,Indonesia,Group,Superior Room Queen,Stayed 1 night in December 2023,7.6,Very good,Hotel Santika Bogor,"Pelayanan ramah, kamar bersih, pokok'y recomended utk bawa kluarga d Hotel Santika. Mau shoppinh tinggal ke Botani Square. Mantaps",20-Dec-23
49,485,Prasetyo,Indonesia,Family with young children,Superior Room Queen,Stayed 1 night in December 2023,9.2,Exceptional,Nice Hotel,"Hotel yang Nyaman dekat Kemana mana, Mall dan Attraction, sedikit masukan kalau boleh, sarapan pagi lebih diperhatikan untuk rasa dan ke aneka ragamnya... sehingga bisa menikmati sensasi sarapan paginya, kalau ada kesempatan akan berkunjung kembali.. trims",18-Dec-23
49,486,Yullia,Indonesia,Couple,Superior Room Queen,Stayed 1 night in April 2026,9.6,Exceptional,Sabtu ceria,"Over all bagus, makanan enak, lokasi sangat strategis. Tolong sediakan hair dryer di kamar biar tambah baik kualitas hotelnya",16-Apr-26
49,487,Latifah,Indonesia,Family with teens,Deluxe Room Queen,Stayed 1 night in February 2026,10,Exceptional,Rekomendasi staycation yang nyaman,"Kamar bersih dan terawat, staff yang ramah, akses ke mall lebih mudah, menu breakfast yang bervariasi dan enak enak, 🫶🏼",17-Feb-26
49,488,Novita,Indonesia,Solo traveler,Superior Room Queen,Stayed 1 night in May 2025,10,Exceptional,Terbaikk,"Hotel yang sangat nyaman, berada ditengah kota, dibawahnya ada mall, kalau mau jogging tinggal nyebrang ke kebun raya Bogor. Kamarnya sangat luas, bersih, rapih. Pokoknya the bestt😍",29-Sep-25
49,489,Mohammad,Singapore,Couple,Executive Room,Stayed 7 nights in April 2026,10,Exceptional,Staycation,Nothing to say. Everything is superb. Been staying here for so many times the standard and cleaniness is superb. Location is good and connected to the mall.,20-Apr-26
49,490,Abdika,Indonesia,Couple,Superior Room Queen,Stayed 1 night in April 2025,8.8,Excellent,Good and comfy stay,"Rating: 4/5 The room was a bit old but overall okay—clean and well-maintained. The bathroom, especially the shower, worked just fine. Food was decent, nothing special but acceptable. What really stood out was the service. All the staff were kind, warm, and very helpful throughout our stay. One unique perk was the exclusive access to Botani Square, which was a nice touch. The only downside was the lobby. It felt quite small and didn't give off an exclusive or premium vibe, which could be improved. Overall, a comfortable stay with great service!",17-Apr-25
50,491,Aldi,Indonesia,Couple,Deluxe Room Twin,Stayed 1 night in December 2023,10,Exceptional,Nice place to stay,Great to spend time,15-Dec-23
50,492,Dini,Indonesia,Family with young children,Superior Room Twin,Stayed 1 night in December 2023,10,Exceptional,Our stay was excellent!,Thank you Hotel Santika for the hospitality. You managed to accommodate our requests during our stay. Best location and best price in Bogor. Thank you again.,4-Dec-23
50,493,Dody,Indonesia,Couple,Superior Room Queen,Stayed 1 night in August 2023,9.6,Exceptional,Business & leisure,"Hotel is linked with botani garden mall. So, it is very convenience to have informal coffee meeting after official discussion at hotel meeting room",18-Nov-23
50,494,muhamad,Indonesia,Couple,Superior Room Twin,Stayed 1 night in August 2023,8.8,Excellent,Ok,So far all ok,17-Nov-23
50,495,Shazzy,Singapore,Couple,Superior Room Twin,Stayed 2 nights in November 2023,10,Exceptional,Awsome,"We came late night check in, Hotel staff willing to wait for our travel from Singapore to Hotel Santika Bogor. The staff was so kind and welcome us. Breakfast was awsome. The room was clean and perfect. Recommended.",16-Nov-23
50,496,Yullia,Indonesia,Couple,Superior Room Queen,Stayed 1 night in April 2026,9.6,Exceptional,Sabtu ceria,"Over all bagus, makanan enak, lokasi sangat strategis. Tolong sediakan hair dryer di kamar biar tambah baik kualitas hotelnya",16-Apr-26
50,497,Latifah,Indonesia,Family with teens,Deluxe Room Queen,Stayed 1 night in February 2026,10,Exceptional,Rekomendasi staycation yang nyaman,"Kamar bersih dan terawat, staff yang ramah, akses ke mall lebih mudah, menu breakfast yang bervariasi dan enak enak, 🫶🏼",17-Feb-26
50,498,Novita,Indonesia,Solo traveler,Superior Room Queen,Stayed 1 night in May 2025,10,Exceptional,Terbaikk,"Hotel yang sangat nyaman, berada ditengah kota, dibawahnya ada mall, kalau mau jogging tinggal nyebrang ke kebun raya Bogor. Kamarnya sangat luas, bersih, rapih. Pokoknya the bestt😍",29-Sep-25
50,499,Mohammad,Singapore,Couple,Executive Room,Stayed 7 nights in April 2026,10,Exceptional,Staycation,Nothing to say. Everything is superb. Been staying here for so many times the standard and cleaniness is superb. Location is good and connected to the mall.,20-Apr-26
50,500,Abdika,Indonesia,Couple,Superior Room Queen,Stayed 1 night in April 2025,8.8,Excellent,Good and comfy stay,"Rating: 4/5 The room was a bit old but overall okay—clean and well-maintained. The bathroom, especially the shower, worked just fine. Food was decent, nothing special but acceptable. What really stood out was the service. All the staff were kind, warm, and very helpful throughout our stay. One unique perk was the exclusive access to Botani Square, which was a nice touch. The only downside was the lobby. It felt quite small and didn't give off an exclusive or premium vibe, which could be improved. Overall, a comfortable stay with great service!",17-Apr-25
51,501,Firman,Indonesia,Couple,Superior Room Queen,Stayed 1 night in October 2023,10,Exceptional,Exceptional,"best lokasi, kamar bersih, view bagus",25-Oct-23
51,502,Valerie,Indonesia,Family with teens,Superior Room Twin,Stayed 1 night in August 2023,9.6,Exceptional,Helpful staff,The hotel is clean and located in the heart of Bogor. The staff is also very helpful and friendly.,8-Oct-23
51,503,arju,Indonesia,Business traveler,Superior Room Queen,Stayed 1 night in June 2023,10,Exceptional,Mantap,"Overall sangat okey, terutama breakfastnya. Sangat direkomendasikan",7-Oct-23
51,504,Andjar,Indonesia,Family with young children,Deluxe Room Queen,Stayed 1 night in September 2023,10,Exceptional,great hotel and mall combo,the mall was a great addition to the hotel. loved the entire staycation. thank you,1-Oct-23
51,505,Aisha,Indonesia,Family with young children,Suite Room,Stayed 1 night in September 2023,6.4,Good,Good,"Pelayanan baik, fasilitas lumayan oke, sarapan cukup variatif, akses langsung ke botani square👍",1-Oct-23
51,506,Yullia,Indonesia,Couple,Superior Room Queen,Stayed 1 night in April 2026,9.6,Exceptional,Sabtu ceria,"Over all bagus, makanan enak, lokasi sangat strategis. Tolong sediakan hair dryer di kamar biar tambah baik kualitas hotelnya",16-Apr-26
51,507,Latifah,Indonesia,Family with teens,Deluxe Room Queen,Stayed 1 night in February 2026,10,Exceptional,Rekomendasi staycation yang nyaman,"Kamar bersih dan terawat, staff yang ramah, akses ke mall lebih mudah, menu breakfast yang bervariasi dan enak enak, 🫶🏼",17-Feb-26
51,508,Novita,Indonesia,Solo traveler,Superior Room Queen,Stayed 1 night in May 2025,10,Exceptional,Terbaikk,"Hotel yang sangat nyaman, berada ditengah kota, dibawahnya ada mall, kalau mau jogging tinggal nyebrang ke kebun raya Bogor. Kamarnya sangat luas, bersih, rapih. Pokoknya the bestt😍",29-Sep-25
51,509,Mohammad,Singapore,Couple,Executive Room,Stayed 7 nights in April 2026,10,Exceptional,Staycation,Nothing to say. Everything is superb. Been staying here for so many times the standard and cleaniness is superb. Location is good and connected to the mall.,20-Apr-26
51,510,Abdika,Indonesia,Couple,Superior Room Queen,Stayed 1 night in April 2025,8.8,Excellent,Good and comfy stay,"Rating: 4/5 The room was a bit old but overall okay—clean and well-maintained. The bathroom, especially the shower, worked just fine. Food was decent, nothing special but acceptable. What really stood out was the service. All the staff were kind, warm, and very helpful throughout our stay. One unique perk was the exclusive access to Botani Square, which was a nice touch. The only downside was the lobby. It felt quite small and didn't give off an exclusive or premium vibe, which could be improved. Overall, a comfortable stay with great service!",17-Apr-25
52,511,indra,Indonesia,Couple,Superior Room Queen,Stayed 1 night in June 2023,8.8,Excellent,Recommended for family trip,"Swimming pool were friendly for kids, but not for couples because during stay was so many guests with their family. But if you want to enjoy your swimming time, lets began after 6pm. Because no body want to swim :)",8-Sep-23
52,512,Jared,Malaysia,Business traveler,Superior Room Queen,Stayed 1 night in November 2022,10,Exceptional,Great place to stay,"Very nice place to stay, generally quite clean and staff are friendly. The morning buffet was also nice and has a lot of varieties.",17-Aug-23
52,513,RATIH,Indonesia,Business traveler,Superior Room Twin,Stayed 1 night in July 2023,8.4,Excellent,Nice Hotel with Strategic Location,"Clean room, helpfull staff (he support me in term of no smoking room in no smoking floor & parking area for my car), strategic location (near mall)",31-Jul-23
52,514,allein,Indonesia,Family with young children,Superior Room Queen,Stayed 1 night in July 2023,9.2,Exceptional,Exceptional,"Kamar cukup luas untuk ukuran superior, bersih, viewnya juga OK. Staff ramah dan helpful. Lokasi sangat strategis, ada akses lgsg ke Botani Square. Hanya saja kurang area bermain untuk anak-anak.",9-Jul-23
52,515,SAHARIMAN,Malaysia,Solo traveler,Superior Room Queen,Stayed 1 night in May 2023,8.4,Excellent,Excellent,Good,8-Jun-23
52,516,Yullia,Indonesia,Couple,Superior Room Queen,Stayed 1 night in April 2026,9.6,Exceptional,Sabtu ceria,"Over all bagus, makanan enak, lokasi sangat strategis. Tolong sediakan hair dryer di kamar biar tambah baik kualitas hotelnya",16-Apr-26
52,517,Latifah,Indonesia,Family with teens,Deluxe Room Queen,Stayed 1 night in February 2026,10,Exceptional,Rekomendasi staycation yang nyaman,"Kamar bersih dan terawat, staff yang ramah, akses ke mall lebih mudah, menu breakfast yang bervariasi dan enak enak, 🫶🏼",17-Feb-26
52,518,Novita,Indonesia,Solo traveler,Superior Room Queen,Stayed 1 night in May 2025,10,Exceptional,Terbaikk,"Hotel yang sangat nyaman, berada ditengah kota, dibawahnya ada mall, kalau mau jogging tinggal nyebrang ke kebun raya Bogor. Kamarnya sangat luas, bersih, rapih. Pokoknya the bestt😍",29-Sep-25
52,519,Mohammad,Singapore,Couple,Executive Room,Stayed 7 nights in April 2026,10,Exceptional,Staycation,Nothing to say. Everything is superb. Been staying here for so many times the standard and cleaniness is superb. Location is good and connected to the mall.,20-Apr-26
52,520,Abdika,Indonesia,Couple,Superior Room Queen,Stayed 1 night in April 2025,8.8,Excellent,Good and comfy stay,"Rating: 4/5 The room was a bit old but overall okay—clean and well-maintained. The bathroom, especially the shower, worked just fine. Food was decent, nothing special but acceptable. What really stood out was the service. All the staff were kind, warm, and very helpful throughout our stay. One unique perk was the exclusive access to Botani Square, which was a nice touch. The only downside was the lobby. It felt quite small and didn't give off an exclusive or premium vibe, which could be improved. Overall, a comfortable stay with great service!",17-Apr-25
53,521,Ahmad,Malaysia,Couple,Superior,Stayed 4 nights in May 2023,10,Exceptional,Golf in Bogor,"Great hotel, great golf courses",5-Jun-23
53,522,Guna,Indonesia,Solo traveler,Superior Room Queen,Stayed 1 night in June 2023,10,Exceptional,Exceptional,It was good experience,4-Jun-23
53,523,Dewi,Indonesia,Family with young children,Superior Room Queen,Stayed 1 night in May 2023,10,Exceptional,Nice,"Nice hotel,clean,helpfull staf",17-May-23
53,524,Buddy,Indonesia,Family with young children,Suite Room,Stayed 1 night in April 2023,10,Exceptional,Nice,Strategis,1-May-23
53,525,christina,Indonesia,Couple,Superior,Stayed 2 nights in January 2023,10,Exceptional,Exceptional,EVERYTHING IS GREAAAT AND AWESOME,22-Apr-23
53,526,Yullia,Indonesia,Couple,Superior Room Queen,Stayed 1 night in April 2026,9.6,Exceptional,Sabtu ceria,"Over all bagus, makanan enak, lokasi sangat strategis. Tolong sediakan hair dryer di kamar biar tambah baik kualitas hotelnya",16-Apr-26
53,527,Latifah,Indonesia,Family with teens,Deluxe Room Queen,Stayed 1 night in February 2026,10,Exceptional,Rekomendasi staycation yang nyaman,"Kamar bersih dan terawat, staff yang ramah, akses ke mall lebih mudah, menu breakfast yang bervariasi dan enak enak, 🫶🏼",17-Feb-26
53,528,Novita,Indonesia,Solo traveler,Superior Room Queen,Stayed 1 night in May 2025,10,Exceptional,Terbaikk,"Hotel yang sangat nyaman, berada ditengah kota, dibawahnya ada mall, kalau mau jogging tinggal nyebrang ke kebun raya Bogor. Kamarnya sangat luas, bersih, rapih. Pokoknya the bestt😍",29-Sep-25
53,529,Mohammad,Singapore,Couple,Executive Room,Stayed 7 nights in April 2026,10,Exceptional,Staycation,Nothing to say. Everything is superb. Been staying here for so many times the standard and cleaniness is superb. Location is good and connected to the mall.,20-Apr-26
53,530,Abdika,Indonesia,Couple,Superior Room Queen,Stayed 1 night in April 2025,8.8,Excellent,Good and comfy stay,"Rating: 4/5 The room was a bit old but overall okay—clean and well-maintained. The bathroom, especially the shower, worked just fine. Food was decent, nothing special but acceptable. What really stood out was the service. All the staff were kind, warm, and very helpful throughout our stay. One unique perk was the exclusive access to Botani Square, which was a nice touch. The only downside was the lobby. It felt quite small and didn't give off an exclusive or premium vibe, which could be improved. Overall, a comfortable stay with great service!",17-Apr-25
54,531,Roy,Singapore,Couple,Superior,Stayed 4 nights in March 2023,7.6,Very good,Very good,Good family hotel,7-Apr-23
54,532,Herwin,Indonesia,Family with young children,Superior Room Twin,Stayed 1 night in March 2023,9.2,Exceptional,Ok,Ok,2-Apr-23
54,533,Mayang,Indonesia,Family with teens,Superior Room Queen,Stayed 3 nights in March 2023,7.6,Very good,Good access,"Good and convenient access to adjacent Botani Square Mall and short distance walk to Bogor Botanical Garden. The deluxe queen room with sofa is spacious, can accommodate 3 older children.",23-Mar-23
54,534,SULIMAH,Singapore,Family with teens,Superior Room Twin,Stayed 1 night in March 2023,10,Exceptional,School holiday,Good hotel n location,22-Mar-23
54,535,Tri,Indonesia,Business traveler,Executive Queen,Stayed 1 night in November 2022,10,Exceptional,Strategic Location,The hotel is attached to the Botani Square Mall which makes it easy to find lots of shops and food.,9-Mar-23
54,536,Yullia,Indonesia,Couple,Superior Room Queen,Stayed 1 night in April 2026,9.6,Exceptional,Sabtu ceria,"Over all bagus, makanan enak, lokasi sangat strategis. Tolong sediakan hair dryer di kamar biar tambah baik kualitas hotelnya",16-Apr-26
54,537,Latifah,Indonesia,Family with teens,Deluxe Room Queen,Stayed 1 night in February 2026,10,Exceptional,Rekomendasi staycation yang nyaman,"Kamar bersih dan terawat, staff yang ramah, akses ke mall lebih mudah, menu breakfast yang bervariasi dan enak enak, 🫶🏼",17-Feb-26
54,538,Novita,Indonesia,Solo traveler,Superior Room Queen,Stayed 1 night in May 2025,10,Exceptional,Terbaikk,"Hotel yang sangat nyaman, berada ditengah kota, dibawahnya ada mall, kalau mau jogging tinggal nyebrang ke kebun raya Bogor. Kamarnya sangat luas, bersih, rapih. Pokoknya the bestt😍",29-Sep-25
54,539,Mohammad,Singapore,Couple,Executive Room,Stayed 7 nights in April 2026,10,Exceptional,Staycation,Nothing to say. Everything is superb. Been staying here for so many times the standard and cleaniness is superb. Location is good and connected to the mall.,20-Apr-26
54,540,Abdika,Indonesia,Couple,Superior Room Queen,Stayed 1 night in April 2025,8.8,Excellent,Good and comfy stay,"Rating: 4/5 The room was a bit old but overall okay—clean and well-maintained. The bathroom, especially the shower, worked just fine. Food was decent, nothing special but acceptable. What really stood out was the service. All the staff were kind, warm, and very helpful throughout our stay. One unique perk was the exclusive access to Botani Square, which was a nice touch. The only downside was the lobby. It felt quite small and didn't give off an exclusive or premium vibe, which could be improved. Overall, a comfortable stay with great service!",17-Apr-25
55,541,Soetanto,Indonesia,Business traveler,Suite Room,Stayed 3 nights in February 2023,8.8,Excellent,.,.,26-Feb-23
55,542,azman,Malaysia,Solo traveler,Superior Room Queen,Stayed 2 nights in January 2023,6.8,Good,Good,Easy excess to the shopping mall & bus station,20-Feb-23
55,543,Irfan,Indonesia,Couple,Executive Queen,Stayed 1 night in October 2022,10,Exceptional,Exceptional,Good,10-Feb-23
55,544,andy,Indonesia,Family with young children,Superior Room Twin,Stayed 1 night in May 2022,8,Excellent,Great location,"This hotel located in botani square mall, so you can easily go to the mall",25-Jan-23
55,545,Gilang,Indonesia,Solo traveler,Superior,Stayed 1 night in January 2023,8.8,Excellent,Menginap satu malam luar biasah,Over all ist oke lah,10-Jan-23
55,546,Yullia,Indonesia,Couple,Superior Room Queen,Stayed 1 night in April 2026,9.6,Exceptional,Sabtu ceria,"Over all bagus, makanan enak, lokasi sangat strategis. Tolong sediakan hair dryer di kamar biar tambah baik kualitas hotelnya",16-Apr-26
55,547,Latifah,Indonesia,Family with teens,Deluxe Room Queen,Stayed 1 night in February 2026,10,Exceptional,Rekomendasi staycation yang nyaman,"Kamar bersih dan terawat, staff yang ramah, akses ke mall lebih mudah, menu breakfast yang bervariasi dan enak enak, 🫶🏼",17-Feb-26
55,548,Novita,Indonesia,Solo traveler,Superior Room Queen,Stayed 1 night in May 2025,10,Exceptional,Terbaikk,"Hotel yang sangat nyaman, berada ditengah kota, dibawahnya ada mall, kalau mau jogging tinggal nyebrang ke kebun raya Bogor. Kamarnya sangat luas, bersih, rapih. Pokoknya the bestt😍",29-Sep-25
55,549,Mohammad,Singapore,Couple,Executive Room,Stayed 7 nights in April 2026,10,Exceptional,Staycation,Nothing to say. Everything is superb. Been staying here for so many times the standard and cleaniness is superb. Location is good and connected to the mall.,20-Apr-26
55,550,Abdika,Indonesia,Couple,Superior Room Queen,Stayed 1 night in April 2025,8.8,Excellent,Good and comfy stay,"Rating: 4/5 The room was a bit old but overall okay—clean and well-maintained. The bathroom, especially the shower, worked just fine. Food was decent, nothing special but acceptable. What really stood out was the service. All the staff were kind, warm, and very helpful throughout our stay. One unique perk was the exclusive access to Botani Square, which was a nice touch. The only downside was the lobby. It felt quite small and didn't give off an exclusive or premium vibe, which could be improved. Overall, a comfortable stay with great service!",17-Apr-25
56,551,Budi,Indonesia,Family with young children,Deluxe Room Twin,Stayed 1 night in July 2022,9.6,Exceptional,Exceptional,overall good and recommended,6-Jan-23
56,552,GUY,Portugal,Couple,Superior Room Twin,Stayed 1 night in December 2022,10,Exceptional,Exceptional,Very satisfying service and facilities,4-Dec-22
56,553,Susanty,Indonesia,Solo traveler,Superior Room Queen,Stayed 1 night in November 2022,7.6,Very good,Amenities,No hairdryer for superior room,5-Nov-22
56,554,Nikodemus,Indonesia,Family with young children,Superior Room Queen,Stayed 1 night in September 2022,8.4,Excellent,Hotel terkoneksi dengan mall,"Kelebihannya terkoneksi dengan mall, thats all, nothing else",12-Oct-22
56,555,Kamaruzaman,Malaysia,Group,Superior Room Queen,Stayed 2 nights in September 2022,9.6,Exceptional,Great location,Service is excellent,13-Sep-22
56,556,Yullia,Indonesia,Couple,Superior Room Queen,Stayed 1 night in April 2026,9.6,Exceptional,Sabtu ceria,"Over all bagus, makanan enak, lokasi sangat strategis. Tolong sediakan hair dryer di kamar biar tambah baik kualitas hotelnya",16-Apr-26
56,557,Latifah,Indonesia,Family with teens,Deluxe Room Queen,Stayed 1 night in February 2026,10,Exceptional,Rekomendasi staycation yang nyaman,"Kamar bersih dan terawat, staff yang ramah, akses ke mall lebih mudah, menu breakfast yang bervariasi dan enak enak, 🫶🏼",17-Feb-26
56,558,Novita,Indonesia,Solo traveler,Superior Room Queen,Stayed 1 night in May 2025,10,Exceptional,Terbaikk,"Hotel yang sangat nyaman, berada ditengah kota, dibawahnya ada mall, kalau mau jogging tinggal nyebrang ke kebun raya Bogor. Kamarnya sangat luas, bersih, rapih. Pokoknya the bestt😍",29-Sep-25
56,559,Mohammad,Singapore,Couple,Executive Room,Stayed 7 nights in April 2026,10,Exceptional,Staycation,Nothing to say. Everything is superb. Been staying here for so many times the standard and cleaniness is superb. Location is good and connected to the mall.,20-Apr-26
56,560,Abdika,Indonesia,Couple,Superior Room Queen,Stayed 1 night in April 2025,8.8,Excellent,Good and comfy stay,"Rating: 4/5 The room was a bit old but overall okay—clean and well-maintained. The bathroom, especially the shower, worked just fine. Food was decent, nothing special but acceptable. What really stood out was the service. All the staff were kind, warm, and very helpful throughout our stay. One unique perk was the exclusive access to Botani Square, which was a nice touch. The only downside was the lobby. It felt quite small and didn't give off an exclusive or premium vibe, which could be improved. Overall, a comfortable stay with great service!",17-Apr-25
57,561,Leliana,Singapore,Family with teens,Superior Room Twin,Stayed 2 nights in August 2022,8,Excellent,Need some improvement,"Been always stay in this hotel but this time need to give 3 stars bcoz the smell from the refrigerator that stinks. Some moulds on the wall. Maybe this pandemic not so much people traveling and stay in the hotel. Anyway I always like to stay there while I’m visiting Bogor, please keep up your good job more! Thank you!",11-Aug-22
57,562,Firman,Indonesia,Couple,Superior Room Queen,Stayed 1 night in February 2022,10,Exceptional,Near City Center,"This hotel is very close to shopping center . Very clean, nice staff and close food center. IT good for family to stay in this hotel.",1-Aug-22
57,563,muhamad,Indonesia,Couple,Superior Room Twin,Stayed 1 night in February 2022,7.6,Very good,Best in Bogor,Price and food is good.,26-Jul-22
57,564,Rusly,Indonesia,Family with teens,Superior Room Twin,Stayed 1 night in July 2022,8.8,Excellent,BEST LOCATION,location near the toll gate and easy to access. Food are great,25-Jul-22
57,565,Yudhistira,Indonesia,Family with young children,Superior Room Queen,Stayed 1 night in July 2022,6,,Price did not matched the quality,"Front desk could be more polite, rooms are too standard comparing with the price",10-Jul-22
57,566,Yullia,Indonesia,Couple,Superior Room Queen,Stayed 1 night in April 2026,9.6,Exceptional,Sabtu ceria,"Over all bagus, makanan enak, lokasi sangat strategis. Tolong sediakan hair dryer di kamar biar tambah baik kualitas hotelnya",16-Apr-26
57,567,Latifah,Indonesia,Family with teens,Deluxe Room Queen,Stayed 1 night in February 2026,10,Exceptional,Rekomendasi staycation yang nyaman,"Kamar bersih dan terawat, staff yang ramah, akses ke mall lebih mudah, menu breakfast yang bervariasi dan enak enak, 🫶🏼",17-Feb-26
57,568,Novita,Indonesia,Solo traveler,Superior Room Queen,Stayed 1 night in May 2025,10,Exceptional,Terbaikk,"Hotel yang sangat nyaman, berada ditengah kota, dibawahnya ada mall, kalau mau jogging tinggal nyebrang ke kebun raya Bogor. Kamarnya sangat luas, bersih, rapih. Pokoknya the bestt😍",29-Sep-25
57,569,Mohammad,Singapore,Couple,Executive Room,Stayed 7 nights in April 2026,10,Exceptional,Staycation,Nothing to say. Everything is superb. Been staying here for so many times the standard and cleaniness is superb. Location is good and connected to the mall.,20-Apr-26
57,570,Abdika,Indonesia,Couple,Superior Room Queen,Stayed 1 night in April 2025,8.8,Excellent,Good and comfy stay,"Rating: 4/5 The room was a bit old but overall okay—clean and well-maintained. The bathroom, especially the shower, worked just fine. Food was decent, nothing special but acceptable. What really stood out was the service. All the staff were kind, warm, and very helpful throughout our stay. One unique perk was the exclusive access to Botani Square, which was a nice touch. The only downside was the lobby. It felt quite small and didn't give off an exclusive or premium vibe, which could be improved. Overall, a comfortable stay with great service!",17-Apr-25
58,571,Romi,Indonesia,Solo traveler,Deluxe Room Twin,Stayed 1 night in July 2022,10,Exceptional,comfort place,"Located at the heart of the city, connected to the mall which is also as part of hotel facilities. Although parking place a bit confusing, cleanliness is well appreciated, almost no stain found in every where.",3-Jul-22
58,572,Erwantho,Indonesia,Solo traveler,Executive Queen,Stayed 6 nights in June 2022,9.2,Exceptional,Convenient connected to Mall,"Nice stay, be aware that if you are driving by yourself, parking a little challenge. If you park outside it might get dirty with rain and leaves. If you park inside, you are at same space as Mall Customers.",23-Jun-22
58,573,Jeanne,Singapore,Family with teens,Superior Room Twin,Stayed 1 night in June 2022,10,Exceptional,Hotel Santika Bogor,"The location is next to Botani Square Mall and center of Bogor, so easy to get foods and do shopping. The hotel provides us with what we need and it is clean. Other things like hair dryer, we just need to ask room service. The breakfast is also delicious, comprised of different traditional Indonesian cuisines and simple western breakfast meals. All in all, we had a pleasant 3 nights stay at Hotel Santika Bogor.",14-Jun-22
58,574,Oki,Indonesia,Family with teens,Superior Room Twin,Stayed 1 night in May 2022,9.2,Exceptional,Good location,"Location is in the big shooping mall in bogor and near to tol road access, room guite big enough",26-May-22
58,575,Hafid,Indonesia,Family with young children,Superior Room Twin,Stayed 1 night in May 2022,9.2,Exceptional,MEMUASKAN,MEMUASKAN,19-May-22
58,576,Yullia,Indonesia,Couple,Superior Room Queen,Stayed 1 night in April 2026,9.6,Exceptional,Sabtu ceria,"Over all bagus, makanan enak, lokasi sangat strategis. Tolong sediakan hair dryer di kamar biar tambah baik kualitas hotelnya",16-Apr-26
58,577,Latifah,Indonesia,Family with teens,Deluxe Room Queen,Stayed 1 night in February 2026,10,Exceptional,Rekomendasi staycation yang nyaman,"Kamar bersih dan terawat, staff yang ramah, akses ke mall lebih mudah, menu breakfast yang bervariasi dan enak enak, 🫶🏼",17-Feb-26
58,578,Novita,Indonesia,Solo traveler,Superior Room Queen,Stayed 1 night in May 2025,10,Exceptional,Terbaikk,"Hotel yang sangat nyaman, berada ditengah kota, dibawahnya ada mall, kalau mau jogging tinggal nyebrang ke kebun raya Bogor. Kamarnya sangat luas, bersih, rapih. Pokoknya the bestt😍",29-Sep-25
58,579,Mohammad,Singapore,Couple,Executive Room,Stayed 7 nights in April 2026,10,Exceptional,Staycation,Nothing to say. Everything is superb. Been staying here for so many times the standard and cleaniness is superb. Location is good and connected to the mall.,20-Apr-26
58,580,Abdika,Indonesia,Couple,Superior Room Queen,Stayed 1 night in April 2025,8.8,Excellent,Good and comfy stay,"Rating: 4/5 The room was a bit old but overall okay—clean and well-maintained. The bathroom, especially the shower, worked just fine. Food was decent, nothing special but acceptable. What really stood out was the service. All the staff were kind, warm, and very helpful throughout our stay. One unique perk was the exclusive access to Botani Square, which was a nice touch. The only downside was the lobby. It felt quite small and didn't give off an exclusive or premium vibe, which could be improved. Overall, a comfortable stay with great service!",17-Apr-25
59,581,Maharani,Indonesia,Couple,Superior Room Queen,Stayed 1 night in May 2022,10,Exceptional,Best,"I was chose Santika Hotel as my very first staycation with my partner, even i didn’t stay over night. But the staff was very nice to me and the room was very clean, neat and comfortable. Thank you so much.",16-May-22
59,582,Arga,Indonesia,Business traveler,Superior Room Queen,Stayed 1 night in December 2021,10,Exceptional,Baguzzz,"Lokasi strategis, hotel nyaman, makanan enak",9-Apr-22
59,583,Destin,Indonesia,Couple,Superior Room Queen,Stayed 1 night in December 2021,9.6,Exceptional,Good,Good,27-Mar-22
59,584,Desti,Indonesia,Family with young children,Superior Room Twin,Stayed 1 night in September 2021,10,Exceptional,"Strategic, clean, spacious","Spacious room, clean bed and bathroom. Pool is great. The hotel is connected to shopping mall, so its easy to find snack and stuff during our stay. Also there's a big mosque in their area",16-Mar-22
59,585,Yasinda,Indonesia,Couple,Suite Room,Stayed 1 night in March 2022,8,Excellent,Suite,"Booking for Suite, expecting the bathtub for relax, yet it was leaking. Maintenance took time 1 hour to replace. Still leaking. Just wasting time while wanted to relax.",8-Mar-22
59,586,Yullia,Indonesia,Couple,Superior Room Queen,Stayed 1 night in April 2026,9.6,Exceptional,Sabtu ceria,"Over all bagus, makanan enak, lokasi sangat strategis. Tolong sediakan hair dryer di kamar biar tambah baik kualitas hotelnya",16-Apr-26
59,587,Latifah,Indonesia,Family with teens,Deluxe Room Queen,Stayed 1 night in February 2026,10,Exceptional,Rekomendasi staycation yang nyaman,"Kamar bersih dan terawat, staff yang ramah, akses ke mall lebih mudah, menu breakfast yang bervariasi dan enak enak, 🫶🏼",17-Feb-26
59,588,Novita,Indonesia,Solo traveler,Superior Room Queen,Stayed 1 night in May 2025,10,Exceptional,Terbaikk,"Hotel yang sangat nyaman, berada ditengah kota, dibawahnya ada mall, kalau mau jogging tinggal nyebrang ke kebun raya Bogor. Kamarnya sangat luas, bersih, rapih. Pokoknya the bestt😍",29-Sep-25
59,589,Mohammad,Singapore,Couple,Executive Room,Stayed 7 nights in April 2026,10,Exceptional,Staycation,Nothing to say. Everything is superb. Been staying here for so many times the standard and cleaniness is superb. Location is good and connected to the mall.,20-Apr-26
59,590,Abdika,Indonesia,Couple,Superior Room Queen,Stayed 1 night in April 2025,8.8,Excellent,Good and comfy stay,"Rating: 4/5 The room was a bit old but overall okay—clean and well-maintained. The bathroom, especially the shower, worked just fine. Food was decent, nothing special but acceptable. What really stood out was the service. All the staff were kind, warm, and very helpful throughout our stay. One unique perk was the exclusive access to Botani Square, which was a nice touch. The only downside was the lobby. It felt quite small and didn't give off an exclusive or premium vibe, which could be improved. Overall, a comfortable stay with great service!",17-Apr-25
60,591,Cynthia,Indonesia,Family with young children,Superior Room Queen,Stayed 1 night in February 2022,7.6,Very good,Facility,"The staff are very polite and friendly...however, by the time we arrive on Feb 25, 2022, they don't have enough staff. The 3rd floor smells of cigarettes very much. Bfast are very good.",27-Feb-22
60,592,Ade,Indonesia,Couple,Superior Room Queen,Stayed 1 night in February 2022,7.2,Very good,Very good,Mmmm...standart...but too expensive,20-Feb-22
60,593,Muhamad,Indonesia,Couple,Superior Room Queen,Stayed 1 night in February 2022,10,Exceptional,Hotel kesayangan,Selalu puas nginap dihotel santika. Bogor joggja…. Rekomen bintang lima. Makanan enak staf ramah,19-Feb-22
60,594,Widi,Indonesia,Family with young children,Superior Room Queen,Stayed 1 night in January 2022,10,Exceptional,best place in bogor,nice place to stay,14-Feb-22
60,595,Donna,Indonesia,Family with teens,Superior Room Twin,Stayed 1 night in February 2022,10,Exceptional,Hotel with great service and affordable rate,"Room was clean, friendly staffs, great health measures in place, breakfast menu was okay, although I feel that the food variety was reduced than before but overall is okay",6-Feb-22
60,596,Yullia,Indonesia,Couple,Superior Room Queen,Stayed 1 night in April 2026,9.6,Exceptional,Sabtu ceria,"Over all bagus, makanan enak, lokasi sangat strategis. Tolong sediakan hair dryer di kamar biar tambah baik kualitas hotelnya",16-Apr-26
60,597,Latifah,Indonesia,Family with teens,Deluxe Room Queen,Stayed 1 night in February 2026,10,Exceptional,Rekomendasi staycation yang nyaman,"Kamar bersih dan terawat, staff yang ramah, akses ke mall lebih mudah, menu breakfast yang bervariasi dan enak enak, 🫶🏼",17-Feb-26
60,598,Novita,Indonesia,Solo traveler,Superior Room Queen,Stayed 1 night in May 2025,10,Exceptional,Terbaikk,"Hotel yang sangat nyaman, berada ditengah kota, dibawahnya ada mall, kalau mau jogging tinggal nyebrang ke kebun raya Bogor. Kamarnya sangat luas, bersih, rapih. Pokoknya the bestt😍",29-Sep-25
60,599,Mohammad,Singapore,Couple,Executive Room,Stayed 7 nights in April 2026,10,Exceptional,Staycation,Nothing to say. Everything is superb. Been staying here for so many times the standard and cleaniness is superb. Location is good and connected to the mall.,20-Apr-26
60,600,Abdika,Indonesia,Couple,Superior Room Queen,Stayed 1 night in April 2025,8.8,Excellent,Good and comfy stay,"Rating: 4/5 The room was a bit old but overall okay—clean and well-maintained. The bathroom, especially the shower, worked just fine. Food was decent, nothing special but acceptable. What really stood out was the service. All the staff were kind, warm, and very helpful throughout our stay. One unique perk was the exclusive access to Botani Square, which was a nice touch. The only downside was the lobby. It felt quite small and didn't give off an exclusive or premium vibe, which could be improved. Overall, a comfortable stay with great service!",17-Apr-25
61,601,Andita,Indonesia,Group,Superior Room Twin,Stayed 1 night in February 2022,10,Exceptional,Amazing Hospitality,"Worth place to stay near city center Bogor! Staff were super nice, attentive to evacuate during earthquake situation, check in / out rapid, food was good. Thank you!",5-Feb-22
61,602,Lie,Indonesia,Solo traveler,Superior Room Queen,Stayed 1 night in January 2022,10,Exceptional,Good,Good,1-Feb-22
61,603,lindawati,Indonesia,Family with young children,,Stayed 3 nights in September 2021,10,Exceptional,Exceptional,lokasi strategis oke banget,29-Jan-22
61,604,Tabah,Indonesia,Family with young children,Deluxe Room Twin,Stayed 1 night in January 2022,2.8,,Acceptable,No Recmd,21-Jan-22
61,605,Cindy,Indonesia,Family with teens,Superior Room Queen,Stayed 1 night in January 2022,6.4,Good,Check in,The check in taking way too much time,16-Jan-22
61,606,Yullia,Indonesia,Couple,Superior Room Queen,Stayed 1 night in April 2026,9.6,Exceptional,Sabtu ceria,"Over all bagus, makanan enak, lokasi sangat strategis. Tolong sediakan hair dryer di kamar biar tambah baik kualitas hotelnya",16-Apr-26
61,607,Latifah,Indonesia,Family with teens,Deluxe Room Queen,Stayed 1 night in February 2026,10,Exceptional,Rekomendasi staycation yang nyaman,"Kamar bersih dan terawat, staff yang ramah, akses ke mall lebih mudah, menu breakfast yang bervariasi dan enak enak, 🫶🏼",17-Feb-26
61,608,Novita,Indonesia,Solo traveler,Superior Room Queen,Stayed 1 night in May 2025,10,Exceptional,Terbaikk,"Hotel yang sangat nyaman, berada ditengah kota, dibawahnya ada mall, kalau mau jogging tinggal nyebrang ke kebun raya Bogor. Kamarnya sangat luas, bersih, rapih. Pokoknya the bestt😍",29-Sep-25
61,609,Mohammad,Singapore,Couple,Executive Room,Stayed 7 nights in April 2026,10,Exceptional,Staycation,Nothing to say. Everything is superb. Been staying here for so many times the standard and cleaniness is superb. Location is good and connected to the mall.,20-Apr-26
61,610,Abdika,Indonesia,Couple,Superior Room Queen,Stayed 1 night in April 2025,8.8,Excellent,Good and comfy stay,"Rating: 4/5 The room was a bit old but overall okay—clean and well-maintained. The bathroom, especially the shower, worked just fine. Food was decent, nothing special but acceptable. What really stood out was the service. All the staff were kind, warm, and very helpful throughout our stay. One unique perk was the exclusive access to Botani Square, which was a nice touch. The only downside was the lobby. It felt quite small and didn't give off an exclusive or premium vibe, which could be improved. Overall, a comfortable stay with great service!",17-Apr-25
62,611,Endah,Indonesia,Business traveler,Superior Room Twin,Stayed 1 night in January 2022,10,Exceptional,Exceptional,Good,14-Jan-22
62,612,Ni,Indonesia,Group,Superior Room Queen,Stayed 1 night in December 2021,10,Exceptional,good place,"strategic location, clean and staffs were helpful",30-Dec-21
62,613,Irwan,Indonesia,Solo traveler,Superior Room Queen,Stayed 1 night in October 2021,8,Excellent,Good Hotel,Good Hotel,23-Dec-21
62,614,Firman,Indonesia,Family with teens,Superior Room Twin,Stayed 1 night in December 2021,6.4,Good,Santika - mall hotel,Connected with the largest mall in Bogor makes this hotel has access to bunch options of food. The room is so so.,5-Dec-21
62,615,Fathulloh,Indonesia,Family with young children,Superior Room Twin,Stayed 1 night in October 2021,7.6,Very good,Startegic place,"Startegic place in botani mall, near from kebun raya",1-Nov-21
62,616,Yullia,Indonesia,Couple,Superior Room Queen,Stayed 1 night in April 2026,9.6,Exceptional,Sabtu ceria,"Over all bagus, makanan enak, lokasi sangat strategis. Tolong sediakan hair dryer di kamar biar tambah baik kualitas hotelnya",16-Apr-26
62,617,Latifah,Indonesia,Family with teens,Deluxe Room Queen,Stayed 1 night in February 2026,10,Exceptional,Rekomendasi staycation yang nyaman,"Kamar bersih dan terawat, staff yang ramah, akses ke mall lebih mudah, menu breakfast yang bervariasi dan enak enak, 🫶🏼",17-Feb-26
62,618,Novita,Indonesia,Solo traveler,Superior Room Queen,Stayed 1 night in May 2025,10,Exceptional,Terbaikk,"Hotel yang sangat nyaman, berada ditengah kota, dibawahnya ada mall, kalau mau jogging tinggal nyebrang ke kebun raya Bogor. Kamarnya sangat luas, bersih, rapih. Pokoknya the bestt😍",29-Sep-25
62,619,Mohammad,Singapore,Couple,Executive Room,Stayed 7 nights in April 2026,10,Exceptional,Staycation,Nothing to say. Everything is superb. Been staying here for so many times the standard and cleaniness is superb. Location is good and connected to the mall.,20-Apr-26
62,620,Abdika,Indonesia,Couple,Superior Room Queen,Stayed 1 night in April 2025,8.8,Excellent,Good and comfy stay,"Rating: 4/5 The room was a bit old but overall okay—clean and well-maintained. The bathroom, especially the shower, worked just fine. Food was decent, nothing special but acceptable. What really stood out was the service. All the staff were kind, warm, and very helpful throughout our stay. One unique perk was the exclusive access to Botani Square, which was a nice touch. The only downside was the lobby. It felt quite small and didn't give off an exclusive or premium vibe, which could be improved. Overall, a comfortable stay with great service!",17-Apr-25
63,621,Santika,Indonesia,Business traveler,Superior Room Twin,Stayed 1 night in June 2021,8.4,Excellent,Minimalist design yet very satisfying,"The design is kinda minimalist-modern style. The furniture is minimal but has various functions. It's a great place to have a staycation or a business thing. The breakfast is really nice, just like the other Santika Hotel does.",26-Jul-21
63,622,GUNAWAN,Indonesia,Business traveler,,Stayed 1 night in May 2021,10,Exceptional,Exceptional,"Room very clean.. good location, easy to find meals.. 👍👍👍",22-May-21
63,623,Fajar,Indonesia,Business traveler,Superior Room Queen,Stayed 2 nights in February 2021,9.2,Exceptional,Above Average,nice hotel. nice pool.,22-Apr-21
63,624,Bisesa,Indonesia,Couple,Superior Room Twin,Stayed 1 night in April 2021,2,,No,No,4-Apr-21
63,625,Yovita,Indonesia,Solo traveler,Superior Room Queen,Stayed 1 night in March 2021,8,Excellent,Very good,#NAME?,15-Mar-21
63,626,Yullia,Indonesia,Couple,Superior Room Queen,Stayed 1 night in April 2026,9.6,Exceptional,Sabtu ceria,"Over all bagus, makanan enak, lokasi sangat strategis. Tolong sediakan hair dryer di kamar biar tambah baik kualitas hotelnya",16-Apr-26
63,627,Latifah,Indonesia,Family with teens,Deluxe Room Queen,Stayed 1 night in February 2026,10,Exceptional,Rekomendasi staycation yang nyaman,"Kamar bersih dan terawat, staff yang ramah, akses ke mall lebih mudah, menu breakfast yang bervariasi dan enak enak, 🫶🏼",17-Feb-26
63,628,Novita,Indonesia,Solo traveler,Superior Room Queen,Stayed 1 night in May 2025,10,Exceptional,Terbaikk,"Hotel yang sangat nyaman, berada ditengah kota, dibawahnya ada mall, kalau mau jogging tinggal nyebrang ke kebun raya Bogor. Kamarnya sangat luas, bersih, rapih. Pokoknya the bestt😍",29-Sep-25
63,629,Mohammad,Singapore,Couple,Executive Room,Stayed 7 nights in April 2026,10,Exceptional,Staycation,Nothing to say. Everything is superb. Been staying here for so many times the standard and cleaniness is superb. Location is good and connected to the mall.,20-Apr-26
63,630,Abdika,Indonesia,Couple,Superior Room Queen,Stayed 1 night in April 2025,8.8,Excellent,Good and comfy stay,"Rating: 4/5 The room was a bit old but overall okay—clean and well-maintained. The bathroom, especially the shower, worked just fine. Food was decent, nothing special but acceptable. What really stood out was the service. All the staff were kind, warm, and very helpful throughout our stay. One unique perk was the exclusive access to Botani Square, which was a nice touch. The only downside was the lobby. It felt quite small and didn't give off an exclusive or premium vibe, which could be improved. Overall, a comfortable stay with great service!",17-Apr-25
64,631,adi,Indonesia,Family with young children,Superior Room Twin,Stayed 2 nights in March 2021,5.2,,Below expectation,They provide paper glass in the room instead of real drinking glass...,15-Mar-21
64,632,Alesandro,Indonesia,Couple,,Stayed 1 night in January 2021,9.6,Exceptional,Good location,"The hotel location is very strategic. The hotel is in Botani Square Mall, very close if you want to find food. Spacious rooms, fast wifi, clean. The food is less varied, but all delicious. A little expensive for a three star hotel.",6-Feb-21
64,633,Wilianto,Indonesia,Family with young children,Superior Room Twin,Stayed 1 night in November 2020,10,Exceptional,great,great,11-Jan-21
64,634,Jocelyn,Indonesia,Couple,Suite Room,Stayed 1 night in December 2020,10,Exceptional,Pleasant Stay during Holiday Season,"The room was spacious, the staffs are really professional and helpful. The room was cleaned and the hotel provided 2 masks in each room during the pandemic which was really thoughtful. Overall, it was the best stay at Santika Bogor. Recommended for everyone when visiting Bogor.",30-Dec-20
64,635,JULI,Indonesia,Family with young children,Superior Room Twin,Stayed 2 nights in December 2020,6,,Dirty and bad breakfast,"We spent 2 nights here. upon checking day, realized agoda further slashed the price but we already bought at premium price a few days before also at agoda same platform. Very dissapointed how agoda played with hotel prices. swimming pool is dirty, we did not swim due to pandemy. bed sheets have stains. floor has hair. toilet walls have dirts. breakfast very limited choices, under staff with dirty tables n chairs overall its not worth it.",29-Dec-20
64,636,Yullia,Indonesia,Couple,Superior Room Queen,Stayed 1 night in April 2026,9.6,Exceptional,Sabtu ceria,"Over all bagus, makanan enak, lokasi sangat strategis. Tolong sediakan hair dryer di kamar biar tambah baik kualitas hotelnya",16-Apr-26
64,637,Latifah,Indonesia,Family with teens,Deluxe Room Queen,Stayed 1 night in February 2026,10,Exceptional,Rekomendasi staycation yang nyaman,"Kamar bersih dan terawat, staff yang ramah, akses ke mall lebih mudah, menu breakfast yang bervariasi dan enak enak, 🫶🏼",17-Feb-26
64,638,Novita,Indonesia,Solo traveler,Superior Room Queen,Stayed 1 night in May 2025,10,Exceptional,Terbaikk,"Hotel yang sangat nyaman, berada ditengah kota, dibawahnya ada mall, kalau mau jogging tinggal nyebrang ke kebun raya Bogor. Kamarnya sangat luas, bersih, rapih. Pokoknya the bestt😍",29-Sep-25
64,639,Mohammad,Singapore,Couple,Executive Room,Stayed 7 nights in April 2026,10,Exceptional,Staycation,Nothing to say. Everything is superb. Been staying here for so many times the standard and cleaniness is superb. Location is good and connected to the mall.,20-Apr-26
64,640,Abdika,Indonesia,Couple,Superior Room Queen,Stayed 1 night in April 2025,8.8,Excellent,Good and comfy stay,"Rating: 4/5 The room was a bit old but overall okay—clean and well-maintained. The bathroom, especially the shower, worked just fine. Food was decent, nothing special but acceptable. What really stood out was the service. All the staff were kind, warm, and very helpful throughout our stay. One unique perk was the exclusive access to Botani Square, which was a nice touch. The only downside was the lobby. It felt quite small and didn't give off an exclusive or premium vibe, which could be improved. Overall, a comfortable stay with great service!",17-Apr-25
65,641,Sandy,Indonesia,Couple,,Stayed 1 night in September 2020,7.2,Very good,Wifi & cellular signal need upgrades,"Cellular signal in the room is worse. Wifi connection is very poor. Meanwhile, there is a chance the computer system on reception desk doesn't well-connected with Agoda reservation... special note/message did not appear.",21-Sep-20
65,642,arif,Indonesia,Family with young children,Superior Room Queen,Stayed 2 nights in September 2020,8.4,Excellent,Strategis Banget,"Murah, lokasi strategis, nyaman tp home service dikit lelet 😁",12-Sep-20
65,643,syeh,Indonesia,Business traveler,Superior Room Queen,Stayed 1 night in September 2020,5.2,,AC IS TO HOT....,I AM NOT RECOMMEND TO STAY AT THIS HOTEL..VERY BAD FACILITY..,10-Sep-20
65,644,Ardo,Indonesia,Family with young children,Executive Queen,Stayed 1 night in August 2020,9.6,Exceptional,Family Stay-cation,"I and my family feel safe and comfortable staying at the Santika Hotel Bogor. The food is great. The location is very convenient to access toll road, shopping centre, and Kebun Raya Bogor. Also, the mountain view is real :) we love it.",30-Aug-20
65,645,rizky,Indonesia,Business traveler,,Stayed 1 night in June 2020,8.8,Excellent,Clean and comfortable,"PROS: The hotel was nice, clean, comfortable and located in bogor's number 1 mall. Sadly i can't use the swimming pool due to the pandemic. CONS: the rate is a bit overpriced since it double the price of other hotel at the mall ( the mall have 3 hotel inside its area )",29-Jun-20
65,646,Yullia,Indonesia,Couple,Superior Room Queen,Stayed 1 night in April 2026,9.6,Exceptional,Sabtu ceria,"Over all bagus, makanan enak, lokasi sangat strategis. Tolong sediakan hair dryer di kamar biar tambah baik kualitas hotelnya",16-Apr-26
65,647,Latifah,Indonesia,Family with teens,Deluxe Room Queen,Stayed 1 night in February 2026,10,Exceptional,Rekomendasi staycation yang nyaman,"Kamar bersih dan terawat, staff yang ramah, akses ke mall lebih mudah, menu breakfast yang bervariasi dan enak enak, 🫶🏼",17-Feb-26
65,648,Novita,Indonesia,Solo traveler,Superior Room Queen,Stayed 1 night in May 2025,10,Exceptional,Terbaikk,"Hotel yang sangat nyaman, berada ditengah kota, dibawahnya ada mall, kalau mau jogging tinggal nyebrang ke kebun raya Bogor. Kamarnya sangat luas, bersih, rapih. Pokoknya the bestt😍",29-Sep-25
65,649,Mohammad,Singapore,Couple,Executive Room,Stayed 7 nights in April 2026,10,Exceptional,Staycation,Nothing to say. Everything is superb. Been staying here for so many times the standard and cleaniness is superb. Location is good and connected to the mall.,20-Apr-26
65,650,Abdika,Indonesia,Couple,Superior Room Queen,Stayed 1 night in April 2025,8.8,Excellent,Good and comfy stay,"Rating: 4/5 The room was a bit old but overall okay—clean and well-maintained. The bathroom, especially the shower, worked just fine. Food was decent, nothing special but acceptable. What really stood out was the service. All the staff were kind, warm, and very helpful throughout our stay. One unique perk was the exclusive access to Botani Square, which was a nice touch. The only downside was the lobby. It felt quite small and didn't give off an exclusive or premium vibe, which could be improved. Overall, a comfortable stay with great service!",17-Apr-25
66,651,Joseph,Australia,Solo traveler,Superior Room Queen,Stayed 2 nights in March 2020,7.6,Very good,Good staff,Need to be renewed,12-Mar-20
66,652,Rio,Indonesia,Family with young children,Superior Room Twin,Stayed 2 nights in December 2019,5.6,,Above average,"check in very slow ,we need to wait 2 hours, room very noisy at 4 am in the morning alarm ringing from other room the wall so thin i think, need to improve the room and services",3-Jan-20
66,653,Hasnuddin,Malaysia,Business traveler,Superior Room Queen,Stayed 2 nights in December 2019,8.4,Excellent,Good location and clean hotel,Value of money,29-Dec-19
66,654,Mohammad,Indonesia,Family with young children,Superior Room Twin,Stayed 1 night in October 2019,10,Exceptional,Good Location,Good location Close to shopping mall Close to Bogor Botanical Garden,12-Dec-19
66,655,Tri,Indonesia,Business traveler,Deluxe Room Queen,Stayed 1 night in November 2019,8,Excellent,Nyaman dekat dengan Mall,Pilihan tepat jika bermalam di Bogor tanpa perlu mencari tempat lain untuk kuliner,2-Dec-19
66,656,Yullia,Indonesia,Couple,Superior Room Queen,Stayed 1 night in April 2026,9.6,Exceptional,Sabtu ceria,"Over all bagus, makanan enak, lokasi sangat strategis. Tolong sediakan hair dryer di kamar biar tambah baik kualitas hotelnya",16-Apr-26
66,657,Latifah,Indonesia,Family with teens,Deluxe Room Queen,Stayed 1 night in February 2026,10,Exceptional,Rekomendasi staycation yang nyaman,"Kamar bersih dan terawat, staff yang ramah, akses ke mall lebih mudah, menu breakfast yang bervariasi dan enak enak, 🫶🏼",17-Feb-26
66,658,Novita,Indonesia,Solo traveler,Superior Room Queen,Stayed 1 night in May 2025,10,Exceptional,Terbaikk,"Hotel yang sangat nyaman, berada ditengah kota, dibawahnya ada mall, kalau mau jogging tinggal nyebrang ke kebun raya Bogor. Kamarnya sangat luas, bersih, rapih. Pokoknya the bestt😍",29-Sep-25
66,659,Mohammad,Singapore,Couple,Executive Room,Stayed 7 nights in April 2026,10,Exceptional,Staycation,Nothing to say. Everything is superb. Been staying here for so many times the standard and cleaniness is superb. Location is good and connected to the mall.,20-Apr-26
66,660,Abdika,Indonesia,Couple,Superior Room Queen,Stayed 1 night in April 2025,8.8,Excellent,Good and comfy stay,"Rating: 4/5 The room was a bit old but overall okay—clean and well-maintained. The bathroom, especially the shower, worked just fine. Food was decent, nothing special but acceptable. What really stood out was the service. All the staff were kind, warm, and very helpful throughout our stay. One unique perk was the exclusive access to Botani Square, which was a nice touch. The only downside was the lobby. It felt quite small and didn't give off an exclusive or premium vibe, which could be improved. Overall, a comfortable stay with great service!",17-Apr-25
67,661,Sinuan,Singapore,Solo traveler,Superior Room Twin,Stayed 5 nights in November 2019,10,Exceptional,Stategic and convenient location n facilities,Friendly and customer oriented,2-Dec-19
67,662,Dian,Indonesia,Business traveler,Deluxe Room Twin,Stayed 2 nights in November 2019,8.4,Excellent,"The Location is very strategic,we can go easily to the Soekarnk-Hatta Airpot,connect to Botani Squar",Ok,30-Nov-19
67,663,Wenny,,Family with young children,Deluxe Room Twin,Stayed 1 night in November 2019,6,,Above average,"next to mall, can walk to Kebun Raya Bogor. if you want to quite place and cool weather , not that suitable, but if you want near to restaurant, mall etc, Santika okay with. depends with what you need the most.",26-Nov-19
67,664,Michael,Indonesia,Couple,Suite Room,Stayed 1 night in October 2019,8.8,Excellent,Best Hotel in Bogor Kota,We've been stayed in Santika every time we come to Bogor Kota.... we think it is the nicest hotel in Bogor Kota neither for the location nor the hotel facilities :) we will visit Santika again in the future for sure :),26-Nov-19
67,665,sherley,Indonesia,Couple,Superior Room Queen,Stayed 1 night in November 2019,5.6,,Pleasant Location yet Unprofessional Staff,"On Saturday, I planned a holiday in Bogor and decided to stay at Hotel Santika because of its strategic location (in front of Tugu Kujang and in the same area with Botani Square Mall). I arrived at 11 A.M which is before check-in period and intended to park the car in hotel parking area while I go around mall first. I asked first to security guard at the hotel lobby and he directed me to parking space next to the mall and when I was already there, another security rejected me and tell me to search for regular parking spot along with other mall visitor (yes, the mall is really crowded on weekend) because the space is full. Isn't it one parking spot for one guest is one of hotel facility? And even if for level of Hotel Santika, it is really disappointing. After finally I got my room, I felt the wall is so this so I can hear my neighbour turn on the shower, the air conditioner make a weird sound, and the bed cover is quite smelly. Besides, I requested for hair dryer and I run out of it (I got it on the next morning after I reminded housekeeping staff once again). Still I relieved with nice breakfast menu that offers variation of Bogor traditional cuisines and cake. But if I ever asked, does my stay is worth the money? No. Do I want to stay here again? No, thank you.",19-Nov-19
67,666,Yullia,Indonesia,Couple,Superior Room Queen,Stayed 1 night in April 2026,9.6,Exceptional,Sabtu ceria,"Over all bagus, makanan enak, lokasi sangat strategis. Tolong sediakan hair dryer di kamar biar tambah baik kualitas hotelnya",16-Apr-26
67,667,Latifah,Indonesia,Family with teens,Deluxe Room Queen,Stayed 1 night in February 2026,10,Exceptional,Rekomendasi staycation yang nyaman,"Kamar bersih dan terawat, staff yang ramah, akses ke mall lebih mudah, menu breakfast yang bervariasi dan enak enak, 🫶🏼",17-Feb-26
67,668,Novita,Indonesia,Solo traveler,Superior Room Queen,Stayed 1 night in May 2025,10,Exceptional,Terbaikk,"Hotel yang sangat nyaman, berada ditengah kota, dibawahnya ada mall, kalau mau jogging tinggal nyebrang ke kebun raya Bogor. Kamarnya sangat luas, bersih, rapih. Pokoknya the bestt😍",29-Sep-25
67,669,Mohammad,Singapore,Couple,Executive Room,Stayed 7 nights in April 2026,10,Exceptional,Staycation,Nothing to say. Everything is superb. Been staying here for so many times the standard and cleaniness is superb. Location is good and connected to the mall.,20-Apr-26
67,670,Abdika,Indonesia,Couple,Superior Room Queen,Stayed 1 night in April 2025,8.8,Excellent,Good and comfy stay,"Rating: 4/5 The room was a bit old but overall okay—clean and well-maintained. The bathroom, especially the shower, worked just fine. Food was decent, nothing special but acceptable. What really stood out was the service. All the staff were kind, warm, and very helpful throughout our stay. One unique perk was the exclusive access to Botani Square, which was a nice touch. The only downside was the lobby. It felt quite small and didn't give off an exclusive or premium vibe, which could be improved. Overall, a comfortable stay with great service!",17-Apr-25
68,671,Wina,Indonesia,Family with young children,Superior Room Twin,Stayed 1 night in October 2019,7.6,Very good,Good location,"Comfortable room, un delicious food",21-Oct-19
68,672,Kar,Malaysia,Business traveler,Superior Room Twin,Stayed 3 nights in September 2019,8,Excellent,"Unique room interior, generous provision of amenities, great location.",The first time I stayed at this hotel was back in 2016 and it was the comfort of their room that made me choose to stay at this hotel again this year.,30-Sep-19
68,673,P,Indonesia,Family with young children,Superior Room Twin,Stayed 1 night in September 2019,6.4,Good,Good,We were disappointed for some reasons: 1. We booked non-smoking room but we got smoking room without any information when we checked-in or any apology after we knew by ourselves and confirmed it was smoking room. We asked to have non-smoking room as we booked but they said it was neutralized and no any words from them to offer to move to non-smoking room. The smell of the smoke was still there especially from the aircon even they said it had been neutralized. 2. The parking area was very crowded since it was together with shopping center (Botani Square). 3. The bedsheet had some spot/ dirt when we just enter the room. We asked the room boy to change.,30-Sep-19
68,674,SAHARIMAN,Malaysia,Couple,Superior Room Queen,Stayed 2 nights in August 2019,8,Excellent,Ok,Ok,20-Aug-19
68,675,Chai,Malaysia,Couple,Superior Room Queen,Stayed 3 nights in July 2019,9.6,Exceptional,Value of Money,Room is big and very clean . The location is very convinent . We will stay again .,26-Jul-19
68,676,Yullia,Indonesia,Couple,Superior Room Queen,Stayed 1 night in April 2026,9.6,Exceptional,Sabtu ceria,"Over all bagus, makanan enak, lokasi sangat strategis. Tolong sediakan hair dryer di kamar biar tambah baik kualitas hotelnya",16-Apr-26
68,677,Latifah,Indonesia,Family with teens,Deluxe Room Queen,Stayed 1 night in February 2026,10,Exceptional,Rekomendasi staycation yang nyaman,"Kamar bersih dan terawat, staff yang ramah, akses ke mall lebih mudah, menu breakfast yang bervariasi dan enak enak, 🫶🏼",17-Feb-26
68,678,Novita,Indonesia,Solo traveler,Superior Room Queen,Stayed 1 night in May 2025,10,Exceptional,Terbaikk,"Hotel yang sangat nyaman, berada ditengah kota, dibawahnya ada mall, kalau mau jogging tinggal nyebrang ke kebun raya Bogor. Kamarnya sangat luas, bersih, rapih. Pokoknya the bestt😍",29-Sep-25
68,679,Mohammad,Singapore,Couple,Executive Room,Stayed 7 nights in April 2026,10,Exceptional,Staycation,Nothing to say. Everything is superb. Been staying here for so many times the standard and cleaniness is superb. Location is good and connected to the mall.,20-Apr-26
68,680,Abdika,Indonesia,Couple,Superior Room Queen,Stayed 1 night in April 2025,8.8,Excellent,Good and comfy stay,"Rating: 4/5 The room was a bit old but overall okay—clean and well-maintained. The bathroom, especially the shower, worked just fine. Food was decent, nothing special but acceptable. What really stood out was the service. All the staff were kind, warm, and very helpful throughout our stay. One unique perk was the exclusive access to Botani Square, which was a nice touch. The only downside was the lobby. It felt quite small and didn't give off an exclusive or premium vibe, which could be improved. Overall, a comfortable stay with great service!",17-Apr-25
69,681,JULINTARI,Indonesia,Family with teens,Superior Room Queen,Stayed 1 night in July 2019,9.6,Exceptional,Nice hotel in city centre,"I’ve meeting @ IPB International Convention Centre. & stay @ Santika is just like walking to downstair of the hotel.. . The staff was friendly.. check in & check out procesd was easy. Santika is located in a building where there was a Botanic Mall.....so many store, & easy to find a nice place for eat... It’s easy to find this hotel, just turn right after out from Jagorawi highway.. Kebun Raya Bogor is just crossing the road.. .. Will stay here again while to Bogor...",9-Jul-19
69,682,KIMBERLY,United States,Business traveler,TWIN SUPERIOR - BED AND BREAKFAST,Stayed 11 nights in June 2019,8.8,Excellent,Staying in Santika,"-----PROS----- Good Location, next to a mall with a food court, movie theater and shopping Security is good Staff is very nice and tries to accommodate. __CONS__ The breakfast is usually Mayhem, if you go early it is packed and at times tough to get a table, the egg cookers sometimes walk away for some time, only to retrieve large pans of eggs. Not sure why when the are getting low, someone cannot get these eggs for them vs them leaving for 20 minutes during rush hour. You often have to share a table with strangers and the cleanup crew you have to ask for your table to be bussed. -----CONCLUSION---- I was at this hotel for 2 weeks for business. It is still the best deal within the area.",29-Jun-19
69,683,Azizan,Malaysia,Solo traveler,Superior Room Twin,Stayed 3 nights in June 2019,8.8,Excellent,Good location,Affordable & nice . Besides the mall,24-Jun-19
69,684,yan,Indonesia,Family with young children,Deluxe Room Twin,Stayed 1 night in February 2019,8,Excellent,good,good,14-Jun-19
69,685,Serah,Indonesia,Family with young children,Superior Room Queen,Stayed 2 nights in April 2019,8,Excellent,Strategic location,"Strategic location : one building with botani Square mall, access near highway, breakfast food is good. Minus point for me is parking lot for hotel guest is outdoor parking.",9-May-19
69,686,Yullia,Indonesia,Couple,Superior Room Queen,Stayed 1 night in April 2026,9.6,Exceptional,Sabtu ceria,"Over all bagus, makanan enak, lokasi sangat strategis. Tolong sediakan hair dryer di kamar biar tambah baik kualitas hotelnya",16-Apr-26
69,687,Latifah,Indonesia,Family with teens,Deluxe Room Queen,Stayed 1 night in February 2026,10,Exceptional,Rekomendasi staycation yang nyaman,"Kamar bersih dan terawat, staff yang ramah, akses ke mall lebih mudah, menu breakfast yang bervariasi dan enak enak, 🫶🏼",17-Feb-26
69,688,Novita,Indonesia,Solo traveler,Superior Room Queen,Stayed 1 night in May 2025,10,Exceptional,Terbaikk,"Hotel yang sangat nyaman, berada ditengah kota, dibawahnya ada mall, kalau mau jogging tinggal nyebrang ke kebun raya Bogor. Kamarnya sangat luas, bersih, rapih. Pokoknya the bestt😍",29-Sep-25
69,689,Mohammad,Singapore,Couple,Executive Room,Stayed 7 nights in April 2026,10,Exceptional,Staycation,Nothing to say. Everything is superb. Been staying here for so many times the standard and cleaniness is superb. Location is good and connected to the mall.,20-Apr-26
69,690,Abdika,Indonesia,Couple,Superior Room Queen,Stayed 1 night in April 2025,8.8,Excellent,Good and comfy stay,"Rating: 4/5 The room was a bit old but overall okay—clean and well-maintained. The bathroom, especially the shower, worked just fine. Food was decent, nothing special but acceptable. What really stood out was the service. All the staff were kind, warm, and very helpful throughout our stay. One unique perk was the exclusive access to Botani Square, which was a nice touch. The only downside was the lobby. It felt quite small and didn't give off an exclusive or premium vibe, which could be improved. Overall, a comfortable stay with great service!",17-Apr-25
70,691,robert,Australia,Business traveler,Superior Room Queen,Stayed 1 night in May 2019,8.4,Excellent,Hotel good location next to Botany square shopping centre,Hotel is by western standards an excellent 3 star hotel with basic pool and spa & gym which in theory makes it 4 star. Staff are very good and always try to please. Breakfast good but limited and mainly suitable for meat eaters. Vegetarian food options are limited which was disappointing. I have stayed here many times and normally they have more vegetarian options. This hotel is very conveniently located next to a shopping centre.,6-May-19
70,692,andy,Indonesia,Family with young children,Superior Room,Stayed 1 night in November 2018,8,Excellent,Great location,This hotel located beside Botani Square mall.you can easily access to the mall.,5-May-19
70,693,Ayuningtyas,Indonesia,Family with young children,Executive Queen,Stayed 1 night in March 2019,9.2,Exceptional,Favourite Hotel,"One of my son favourite hotel.... close to Kebun Raya Bogor, mall and highway to Jakarta...",29-Mar-19
70,694,Sinuan,Singapore,Group,Deluxe Room,Stayed 4 nights in March 2019,10,Exceptional,Strategic locn with d3sired facilities,"Near mall, bus station and friendly staff",25-Mar-19
70,695,Mohamed,Singapore,Group,,Stayed 5 nights in March 2019,7.2,Very good,Staff are very friendly and helpful.,The gym maybe can be maintain,23-Mar-19
70,696,Yullia,Indonesia,Couple,Superior Room Queen,Stayed 1 night in April 2026,9.6,Exceptional,Sabtu ceria,"Over all bagus, makanan enak, lokasi sangat strategis. Tolong sediakan hair dryer di kamar biar tambah baik kualitas hotelnya",16-Apr-26
70,697,Latifah,Indonesia,Family with teens,Deluxe Room Queen,Stayed 1 night in February 2026,10,Exceptional,Rekomendasi staycation yang nyaman,"Kamar bersih dan terawat, staff yang ramah, akses ke mall lebih mudah, menu breakfast yang bervariasi dan enak enak, 🫶🏼",17-Feb-26
70,698,Novita,Indonesia,Solo traveler,Superior Room Queen,Stayed 1 night in May 2025,10,Exceptional,Terbaikk,"Hotel yang sangat nyaman, berada ditengah kota, dibawahnya ada mall, kalau mau jogging tinggal nyebrang ke kebun raya Bogor. Kamarnya sangat luas, bersih, rapih. Pokoknya the bestt😍",29-Sep-25
70,699,Mohammad,Singapore,Couple,Executive Room,Stayed 7 nights in April 2026,10,Exceptional,Staycation,Nothing to say. Everything is superb. Been staying here for so many times the standard and cleaniness is superb. Location is good and connected to the mall.,20-Apr-26
70,700,Abdika,Indonesia,Couple,Superior Room Queen,Stayed 1 night in April 2025,8.8,Excellent,Good and comfy stay,"Rating: 4/5 The room was a bit old but overall okay—clean and well-maintained. The bathroom, especially the shower, worked just fine. Food was decent, nothing special but acceptable. What really stood out was the service. All the staff were kind, warm, and very helpful throughout our stay. One unique perk was the exclusive access to Botani Square, which was a nice touch. The only downside was the lobby. It felt quite small and didn't give off an exclusive or premium vibe, which could be improved. Overall, a comfortable stay with great service!",17-Apr-25
71,701,Reneir,Malaysia,Business traveler,Superior Room Queen,Stayed 1 night in December 2018,10,Exceptional,Exceptional,Convenient. Located next to a mall,25-Jan-19
71,702,Dian,Indonesia,Couple,Executive Queen,Stayed 1 night in January 2019,8.4,Excellent,Good Location,"Easy access, located on Botani Square which is easy to buy things you need, the room was spacious, it fits 3 adults",21-Jan-19
71,703,Michael,Indonesia,Couple,Deluxe Room Queen,Stayed 1 night in December 2018,8.8,Excellent,"The location very strategic, the hotel was so neat.","The location very strategic, the hotel was so neat, we have a good breakfast too. The minus only when we arrive, the car entrance was so crowded because of the seminar or some event in the mall.",13-Jan-19
71,704,Sung,South Korea,Solo traveler,Deluxe Room,Stayed 1 night in November 2018,9.2,Exceptional,Exceptional,"My regular choice ! Annexed to Botanic shopping mall .. also Limou bus departing terminal to Jakarta International airport , at Terminal 3 we can get on the bus to at the gate of the hotel..the most convenient location !",7-Jan-19
71,705,sarah,Indonesia,Family with teens,Superior Room Twin,Stayed 1 night in December 2018,7.6,Very good,too small for the elevators,"we stayed last week on peak seasons. The lifts are too small so we have to wait much longer to travel from lobby to our lift or to 3rd floor for breakfast. But, the location near free way gate and near to Botani Square Garden mall, are they benefits.",3-Jan-19
71,706,Yullia,Indonesia,Couple,Superior Room Queen,Stayed 1 night in April 2026,9.6,Exceptional,Sabtu ceria,"Over all bagus, makanan enak, lokasi sangat strategis. Tolong sediakan hair dryer di kamar biar tambah baik kualitas hotelnya",16-Apr-26
71,707,Latifah,Indonesia,Family with teens,Deluxe Room Queen,Stayed 1 night in February 2026,10,Exceptional,Rekomendasi staycation yang nyaman,"Kamar bersih dan terawat, staff yang ramah, akses ke mall lebih mudah, menu breakfast yang bervariasi dan enak enak, 🫶🏼",17-Feb-26
71,708,Novita,Indonesia,Solo traveler,Superior Room Queen,Stayed 1 night in May 2025,10,Exceptional,Terbaikk,"Hotel yang sangat nyaman, berada ditengah kota, dibawahnya ada mall, kalau mau jogging tinggal nyebrang ke kebun raya Bogor. Kamarnya sangat luas, bersih, rapih. Pokoknya the bestt😍",29-Sep-25
71,709,Mohammad,Singapore,Couple,Executive Room,Stayed 7 nights in April 2026,10,Exceptional,Staycation,Nothing to say. Everything is superb. Been staying here for so many times the standard and cleaniness is superb. Location is good and connected to the mall.,20-Apr-26
71,710,Abdika,Indonesia,Couple,Superior Room Queen,Stayed 1 night in April 2025,8.8,Excellent,Good and comfy stay,"Rating: 4/5 The room was a bit old but overall okay—clean and well-maintained. The bathroom, especially the shower, worked just fine. Food was decent, nothing special but acceptable. What really stood out was the service. All the staff were kind, warm, and very helpful throughout our stay. One unique perk was the exclusive access to Botani Square, which was a nice touch. The only downside was the lobby. It felt quite small and didn't give off an exclusive or premium vibe, which could be improved. Overall, a comfortable stay with great service!",17-Apr-25
72,711,Rossy,Indonesia,Family with teens,DOUBLE SUPERIOR - BED AND BREAKFAST,Stayed 1 night in July 2018,9.6,Exceptional,Good,"The hotel above the mall, facilities wise all good. Its also right to the center of Bogor.",2-Jan-19
72,712,Aswin,Indonesia,Family with young children,Deluxe Room Queen,Stayed 1 night in October 2018,8,Excellent,hotel with mall,"hotel with mall, so you if you can't park at hotel area you will park with mall customer. you can walk around 1 KM ++ to enterence gate kebon raya bogor. breakfast standard.. pool nice but not so big..",11-Dec-18
72,713,Shawal,Singapore,Business traveler,,Stayed 5 nights in December 2018,9.6,Exceptional,Great room service and efficient training rooms,Food served comes from a variety of Indonesian delicacies and boardroom used for the training was clean and befitting for professional meetings and training,7-Dec-18
72,714,sutan,Indonesia,Family with young children,Superior Room Queen,Stayed 1 night in July 2018,5.2,,Above average,"When check in for the room, so many guest coming together, so reseptionist were not anticipate to speed up the line... so it is need 30 minute to wait.. before that the traffic to reach the hotel also very crowd... no good location to stay for comfortable and quiet ...",9-Nov-18
72,715,Huwaida,Malaysia,Solo traveler,Superior Room,Stayed 3 nights in October 2018,9.6,Exceptional,EVERYTHING WAS EXCEPTIONAL,WILL DEFINITELY COME AGAIN,17-Oct-18
72,716,Yullia,Indonesia,Couple,Superior Room Queen,Stayed 1 night in April 2026,9.6,Exceptional,Sabtu ceria,"Over all bagus, makanan enak, lokasi sangat strategis. Tolong sediakan hair dryer di kamar biar tambah baik kualitas hotelnya",16-Apr-26
72,717,Latifah,Indonesia,Family with teens,Deluxe Room Queen,Stayed 1 night in February 2026,10,Exceptional,Rekomendasi staycation yang nyaman,"Kamar bersih dan terawat, staff yang ramah, akses ke mall lebih mudah, menu breakfast yang bervariasi dan enak enak, 🫶🏼",17-Feb-26
72,718,Novita,Indonesia,Solo traveler,Superior Room Queen,Stayed 1 night in May 2025,10,Exceptional,Terbaikk,"Hotel yang sangat nyaman, berada ditengah kota, dibawahnya ada mall, kalau mau jogging tinggal nyebrang ke kebun raya Bogor. Kamarnya sangat luas, bersih, rapih. Pokoknya the bestt😍",29-Sep-25
72,719,Mohammad,Singapore,Couple,Executive Room,Stayed 7 nights in April 2026,10,Exceptional,Staycation,Nothing to say. Everything is superb. Been staying here for so many times the standard and cleaniness is superb. Location is good and connected to the mall.,20-Apr-26
72,720,Abdika,Indonesia,Couple,Superior Room Queen,Stayed 1 night in April 2025,8.8,Excellent,Good and comfy stay,"Rating: 4/5 The room was a bit old but overall okay—clean and well-maintained. The bathroom, especially the shower, worked just fine. Food was decent, nothing special but acceptable. What really stood out was the service. All the staff were kind, warm, and very helpful throughout our stay. One unique perk was the exclusive access to Botani Square, which was a nice touch. The only downside was the lobby. It felt quite small and didn't give off an exclusive or premium vibe, which could be improved. Overall, a comfortable stay with great service!",17-Apr-25
73,721,Helina,Indonesia,Solo traveler,Superior Room Twin,Stayed 1 night in August 2018,8,Excellent,Good,All is good,20-Aug-18
73,722,Laurensius,Singapore,Couple,Superior Room Twin,Stayed 2 nights in June 2018,6.8,Good,Please try to avoid the Lift maintenance during the day.,It is a good hotel and nearby with the amenities. but please try to avoid the Lift maintenance during the day.,17-Jul-18
73,723,Fitriadi,Indonesia,Family with young children,TWIN SUPERIOR - BED AND BREAKFAST,Stayed 1 night in June 2018,7.6,Very good,quietly good enough,all fair..,20-Jun-18
73,724,akasyah,Indonesia,Couple,Suite Room,Stayed 1 night in June 2018,6.8,Good,very good location...,Very good location... easy to het from the jagorawi... theres a shopping mal. And kebun raya just a walk away...,3-Jun-18
73,725,Mohammad,Singapore,Couple,Superior Room Queen,Stayed 6 nights in May 2018,10,Exceptional,Room is spacious and clean. Housekeeping staff so friendly and helpful.,Everything is great staying for 1 week. The breakfast is great with variety to choose from. The hotel is connected to the botani mall..,8-May-18
73,726,Yullia,Indonesia,Couple,Superior Room Queen,Stayed 1 night in April 2026,9.6,Exceptional,Sabtu ceria,"Over all bagus, makanan enak, lokasi sangat strategis. Tolong sediakan hair dryer di kamar biar tambah baik kualitas hotelnya",16-Apr-26
73,727,Latifah,Indonesia,Family with teens,Deluxe Room Queen,Stayed 1 night in February 2026,10,Exceptional,Rekomendasi staycation yang nyaman,"Kamar bersih dan terawat, staff yang ramah, akses ke mall lebih mudah, menu breakfast yang bervariasi dan enak enak, 🫶🏼",17-Feb-26
73,728,Novita,Indonesia,Solo traveler,Superior Room Queen,Stayed 1 night in May 2025,10,Exceptional,Terbaikk,"Hotel yang sangat nyaman, berada ditengah kota, dibawahnya ada mall, kalau mau jogging tinggal nyebrang ke kebun raya Bogor. Kamarnya sangat luas, bersih, rapih. Pokoknya the bestt😍",29-Sep-25
73,729,Mohammad,Singapore,Couple,Executive Room,Stayed 7 nights in April 2026,10,Exceptional,Staycation,Nothing to say. Everything is superb. Been staying here for so many times the standard and cleaniness is superb. Location is good and connected to the mall.,20-Apr-26
73,730,Abdika,Indonesia,Couple,Superior Room Queen,Stayed 1 night in April 2025,8.8,Excellent,Good and comfy stay,"Rating: 4/5 The room was a bit old but overall okay—clean and well-maintained. The bathroom, especially the shower, worked just fine. Food was decent, nothing special but acceptable. What really stood out was the service. All the staff were kind, warm, and very helpful throughout our stay. One unique perk was the exclusive access to Botani Square, which was a nice touch. The only downside was the lobby. It felt quite small and didn't give off an exclusive or premium vibe, which could be improved. Overall, a comfortable stay with great service!",17-Apr-25
74,731,Antonia,Singapore,Family with teens,Superior Room Twin,Stayed 2 nights in March 2018,8.8,Excellent,Ideal location,"Location is great, close to the highway to Jakarta, next to a shopping mall. There are a lot of restaurants nearby for alternative meal outside the hotel. Breakfast time is a bit crowded which made it a bit inconvenient.",25-Apr-18
74,732,Maria,Indonesia,Family with teens,Deluxe Room Twin,Stayed 1 night in April 2018,7.2,Very good,Very good,"Everything was satisfactory, except for the check in process. We arrived at 3.30 pm but we had to wait for more than half an hour for one of our rooms to be ready. Then add another half an hour for the other room. Check in time was 2 pm. But, like I said earlier, everything else was satisfactory. Great location if you need to do a lot of shopping since the hotel is on the same lot as Botany Mall.",16-Apr-18
74,733,Gian,Indonesia,Family with young children,Executive Queen,Stayed 1 night in April 2018,4.8,,Not a good value,"No supervision on pool area , staff dishonest about room availibility, did not communicate priviledges, operator seldom picks up call, very small elevator. Lobby and Parking area very inconvenient.",16-Apr-18
74,734,Natalia,Indonesia,Family with teens,Executive Queen,Stayed 1 night in March 2018,6.8,Good,Disappointed with the staff unpro,"When get there around 4 pm, found out the room wasnt ready, we (older and children) kept waiting. We booked 2 rooms, 1 room was available, but the second had to wait for another 1 hr. Kinda dissapointed. The breakfast was okay, but the staffs there was not helping a lot., and kinda unfriendly too.. i would consider if wanna stay there another time",3-Apr-18
74,735,Yayu,Indonesia,Couple,Superior Room Queen,Stayed 1 night in September 2017,8,Excellent,Good,All good,17-Mar-18
74,736,Yullia,Indonesia,Couple,Superior Room Queen,Stayed 1 night in April 2026,9.6,Exceptional,Sabtu ceria,"Over all bagus, makanan enak, lokasi sangat strategis. Tolong sediakan hair dryer di kamar biar tambah baik kualitas hotelnya",16-Apr-26
74,737,Latifah,Indonesia,Family with teens,Deluxe Room Queen,Stayed 1 night in February 2026,10,Exceptional,Rekomendasi staycation yang nyaman,"Kamar bersih dan terawat, staff yang ramah, akses ke mall lebih mudah, menu breakfast yang bervariasi dan enak enak, 🫶🏼",17-Feb-26
74,738,Novita,Indonesia,Solo traveler,Superior Room Queen,Stayed 1 night in May 2025,10,Exceptional,Terbaikk,"Hotel yang sangat nyaman, berada ditengah kota, dibawahnya ada mall, kalau mau jogging tinggal nyebrang ke kebun raya Bogor. Kamarnya sangat luas, bersih, rapih. Pokoknya the bestt😍",29-Sep-25
74,739,Mohammad,Singapore,Couple,Executive Room,Stayed 7 nights in April 2026,10,Exceptional,Staycation,Nothing to say. Everything is superb. Been staying here for so many times the standard and cleaniness is superb. Location is good and connected to the mall.,20-Apr-26
74,740,Abdika,Indonesia,Couple,Superior Room Queen,Stayed 1 night in April 2025,8.8,Excellent,Good and comfy stay,"Rating: 4/5 The room was a bit old but overall okay—clean and well-maintained. The bathroom, especially the shower, worked just fine. Food was decent, nothing special but acceptable. What really stood out was the service. All the staff were kind, warm, and very helpful throughout our stay. One unique perk was the exclusive access to Botani Square, which was a nice touch. The only downside was the lobby. It felt quite small and didn't give off an exclusive or premium vibe, which could be improved. Overall, a comfortable stay with great service!",17-Apr-25
75,741,WOOK,South Korea,Couple,Superior Room Queen,Stayed 3 nights in March 2018,9.2,Exceptional,Really good place!,Staffs are very attentive and helpful. You can go to Bogor by Damri bus from Soekarno hata airport. And from the Bogor bus station it takes 2 minutes to get to the hotel on foot. Location is the very center of Bogor. Famous botanical garden and presidential palace is a within walking distance. Strongly recommend.All the staffs are attentive and helpful. I will visit again in the future.,7-Mar-18
75,742,Rabita,Singapore,Couple,Deluxe Room Twin,Stayed 2 nights in February 2018,6.4,Good,Central but old and in need of an upgrade,Too much chlorine in pool which is small. Rooms are too basic with no carpeting. Air con is damaged and rattles too much. Great breakfasts! Horrible concierge. There is a mediocre mall connects to hotel.,21-Feb-18
75,743,Tony,Indonesia,Family with young children,Superior Room,Stayed 2 nights in February 2018,6.4,Good,strategically located beside mall,nice hotel with good location since the hotel connected to one of the biggest shopping mall in Bogor. only the breakfast not so good..very standard especially in the western section. need to be improved. but overall the hotel was nice,20-Feb-18
75,744,Lee,New Zealand,Business traveler,Deluxe Room Twin,Stayed 1 night in November 2017,7.6,Very good,Single night stayover,Good location and hotel,12-Feb-18
75,745,indra,Indonesia,Business traveler,Superior Room Queen,Stayed 1 night in January 2018,8.4,Excellent,Please pay attention on cleanlines of room,"Cleanlines: the bathroom keylock on 526 was broken, there was hair in the bathroom and yellow stains on the towel. Beverage: food was stunning good location . Service upon check in : not served as 4 star hotel, room not ready yet at 2.30, no welcoming drink, no doorman",22-Jan-18
75,746,Yullia,Indonesia,Couple,Superior Room Queen,Stayed 1 night in April 2026,9.6,Exceptional,Sabtu ceria,"Over all bagus, makanan enak, lokasi sangat strategis. Tolong sediakan hair dryer di kamar biar tambah baik kualitas hotelnya",16-Apr-26
75,747,Latifah,Indonesia,Family with teens,Deluxe Room Queen,Stayed 1 night in February 2026,10,Exceptional,Rekomendasi staycation yang nyaman,"Kamar bersih dan terawat, staff yang ramah, akses ke mall lebih mudah, menu breakfast yang bervariasi dan enak enak, 🫶🏼",17-Feb-26
75,748,Novita,Indonesia,Solo traveler,Superior Room Queen,Stayed 1 night in May 2025,10,Exceptional,Terbaikk,"Hotel yang sangat nyaman, berada ditengah kota, dibawahnya ada mall, kalau mau jogging tinggal nyebrang ke kebun raya Bogor. Kamarnya sangat luas, bersih, rapih. Pokoknya the bestt😍",29-Sep-25
75,749,Mohammad,Singapore,Couple,Executive Room,Stayed 7 nights in April 2026,10,Exceptional,Staycation,Nothing to say. Everything is superb. Been staying here for so many times the standard and cleaniness is superb. Location is good and connected to the mall.,20-Apr-26
75,750,Abdika,Indonesia,Couple,Superior Room Queen,Stayed 1 night in April 2025,8.8,Excellent,Good and comfy stay,"Rating: 4/5 The room was a bit old but overall okay—clean and well-maintained. The bathroom, especially the shower, worked just fine. Food was decent, nothing special but acceptable. What really stood out was the service. All the staff were kind, warm, and very helpful throughout our stay. One unique perk was the exclusive access to Botani Square, which was a nice touch. The only downside was the lobby. It felt quite small and didn't give off an exclusive or premium vibe, which could be improved. Overall, a comfortable stay with great service!",17-Apr-25
76,751,yan,Indonesia,Family with young children,Superior Room Twin,Stayed 1 night in January 2018,5.2,,"Once a go-to getaway in Bogor, now a disappointment..","Location is still its best (and only) strong point, it used to be have fine or ok facilities and services, but over the years time apparently caught up with them, and my last visit might be really ""The Last"". Upon arrival I was told that there's no valet service, that I need to drive all the way around the mal complex to the designated parking lot in front of the mal, in peak season when area was so packed, surely no fun experience, so I insist and make unhappy face during check-in process and finally one of concierge staff voluntarily offer me to help my car parked. Another major setback is the elevator, it has only 2 with tiny space each (only fit for 4 adults) and by time I got there 1 of them was out of service, just imagine it took about 15 min to go up or down, even at bfast time it took me almost an hour just to get back to my room :( The room over the years have been wearing down and need some renovation and last but not least, AC in resto keep dropping water to my table.",3-Jan-18
76,752,Sung,South Korea,Business traveler,Superior Room Queen,Stayed 1 night in November 2017,7.6,Very good,Very good,Best location 2mins walk from Long distance bus terminal. It took 1 and 30mins from T3 JKT airport via public bus on Sunday early morning,10-Nov-17
76,753,Leliana,Singapore,Family with young children,Superior Room Twin,Stayed 1 night in February 2017,9.2,Exceptional,Near with Mall and Station Bus to go airport Jakarta,"Near with Mall and Station Bus to go to airport Jakarta, best value for money.",16-May-17
76,754,Carolyn,New Zealand,Couple,Deluxe Room Queen,Stayed 5 nights in April 2017,5.2,,Needs improving all round.,Pros: staff generally friendly. Cons: breakfast very basic. No place to sit when waiting in lobby. Lounge away from lobby but useless as you can't see when taxi or pick up arrives. Hard bed. No hairdryer but only on request. Disappointing.,26-Apr-17
76,755,Daniel,Indonesia,Couple,Superior Room Queen,Stayed 1 night in December 2016,9.6,Exceptional,Great hotel in heart of Bogor,"The hotel situated behind the Botani Square, so just a walk away from Giant, various restaurant and most importantly very near Kebun Raya Bogor. Staffs are friendly and breakfast is good with a lot of selection of Indonesian or western food.",13-Mar-17
76,756,Yullia,Indonesia,Couple,Superior Room Queen,Stayed 1 night in April 2026,9.6,Exceptional,Sabtu ceria,"Over all bagus, makanan enak, lokasi sangat strategis. Tolong sediakan hair dryer di kamar biar tambah baik kualitas hotelnya",16-Apr-26
76,757,Latifah,Indonesia,Family with teens,Deluxe Room Queen,Stayed 1 night in February 2026,10,Exceptional,Rekomendasi staycation yang nyaman,"Kamar bersih dan terawat, staff yang ramah, akses ke mall lebih mudah, menu breakfast yang bervariasi dan enak enak, 🫶🏼",17-Feb-26
76,758,Novita,Indonesia,Solo traveler,Superior Room Queen,Stayed 1 night in May 2025,10,Exceptional,Terbaikk,"Hotel yang sangat nyaman, berada ditengah kota, dibawahnya ada mall, kalau mau jogging tinggal nyebrang ke kebun raya Bogor. Kamarnya sangat luas, bersih, rapih. Pokoknya the bestt😍",29-Sep-25
76,759,Mohammad,Singapore,Couple,Executive Room,Stayed 7 nights in April 2026,10,Exceptional,Staycation,Nothing to say. Everything is superb. Been staying here for so many times the standard and cleaniness is superb. Location is good and connected to the mall.,20-Apr-26
76,760,Abdika,Indonesia,Couple,Superior Room Queen,Stayed 1 night in April 2025,8.8,Excellent,Good and comfy stay,"Rating: 4/5 The room was a bit old but overall okay—clean and well-maintained. The bathroom, especially the shower, worked just fine. Food was decent, nothing special but acceptable. What really stood out was the service. All the staff were kind, warm, and very helpful throughout our stay. One unique perk was the exclusive access to Botani Square, which was a nice touch. The only downside was the lobby. It felt quite small and didn't give off an exclusive or premium vibe, which could be improved. Overall, a comfortable stay with great service!",17-Apr-25
77,761,Regina,Indonesia,Family with young children,,Stayed 1 night in March 2015,8.4,Excellent,good for short stay,we stayed with our 3yr tod. having the mall located next to hotel was very convenient for us to get some meals and baby needs,25-Jan-17
77,762,Anas,Saudi Arabia,Family with young children,Superior Room Queen,Stayed 2 nights in January 2017,8,Excellent,Good location and nice staff,None,22-Jan-17
77,763,Dewi,Indonesia,Family with teens,,Stayed 1 night in December 2016,7.6,Very good,New year eve 2017 holiday,"Dissapointed with hotel, they give me smoking room and I couldn't changes the room with reason they room is fully booked. And didn't have any activities for new years eve!!",2-Jan-17
77,764,Amalia,Indonesia,Couple,Superior Room Queen,Stayed 1 night in December 2016,4.8,,paid more get less,"Santika Bogor Hotel is different with Santika Jakarta Hotel. Santika Bogor has small breakfast restaurant, small swimming pool, rude staff (one of their room service opened my room door even i've already said ""wait""). An more ridiculous, i paid a lot for staying in this hotel.",27-Dec-16
77,765,Agus,Indonesia,Family with young children,,Stayed 2 nights in December 2015,8,Excellent,Nice Hotel,"Clean Room, good Aircon, a bit smelly room, very neear to mall.. parking is a work to do..",9-Dec-16
77,766,Yullia,Indonesia,Couple,Superior Room Queen,Stayed 1 night in April 2026,9.6,Exceptional,Sabtu ceria,"Over all bagus, makanan enak, lokasi sangat strategis. Tolong sediakan hair dryer di kamar biar tambah baik kualitas hotelnya",16-Apr-26
77,767,Latifah,Indonesia,Family with teens,Deluxe Room Queen,Stayed 1 night in February 2026,10,Exceptional,Rekomendasi staycation yang nyaman,"Kamar bersih dan terawat, staff yang ramah, akses ke mall lebih mudah, menu breakfast yang bervariasi dan enak enak, 🫶🏼",17-Feb-26
77,768,Novita,Indonesia,Solo traveler,Superior Room Queen,Stayed 1 night in May 2025,10,Exceptional,Terbaikk,"Hotel yang sangat nyaman, berada ditengah kota, dibawahnya ada mall, kalau mau jogging tinggal nyebrang ke kebun raya Bogor. Kamarnya sangat luas, bersih, rapih. Pokoknya the bestt😍",29-Sep-25
77,769,Mohammad,Singapore,Couple,Executive Room,Stayed 7 nights in April 2026,10,Exceptional,Staycation,Nothing to say. Everything is superb. Been staying here for so many times the standard and cleaniness is superb. Location is good and connected to the mall.,20-Apr-26
77,770,Abdika,Indonesia,Couple,Superior Room Queen,Stayed 1 night in April 2025,8.8,Excellent,Good and comfy stay,"Rating: 4/5 The room was a bit old but overall okay—clean and well-maintained. The bathroom, especially the shower, worked just fine. Food was decent, nothing special but acceptable. What really stood out was the service. All the staff were kind, warm, and very helpful throughout our stay. One unique perk was the exclusive access to Botani Square, which was a nice touch. The only downside was the lobby. It felt quite small and didn't give off an exclusive or premium vibe, which could be improved. Overall, a comfortable stay with great service!",17-Apr-25
78,771,Marcus,United Kingdom,Business traveler,Superior Room Twin,Stayed 2 nights in June 2016,8,Excellent,Good but scaled down for Ramadan,"I alwways like staying in this hotel and it was good again this time but, considering it's an international hotel chain, it was disappointing that the spa was closed, the bar refused to serve beer and even towels were not always available at the pool, with the explanation that it was Ramadan.",27-Jun-16
78,772,Edo,Indonesia,Family with young children,,Stayed 1 night in April 2016,8.4,Excellent,facation,"flow of the vehicle to reach the lobby entrance is little bit difficult cause it is combine with entrance for the mall, for new customer whom never been there is un comfortable",3-May-16
78,773,CHONG,Malaysia,Solo traveler,,Stayed 5 nights in August 2015,9.2,Exceptional,A nice hotel to stay in,1.Affordable Price l 2. Room is comfortable 3. Location is good.,30-Mar-16
78,774,Dina,Indonesia,Family with young children,,Stayed 2 nights in November 2015,8,Excellent,Strategic place,Strategic place for shopaholic,6-Mar-16
78,775,Yossy,Indonesia,Family with young children,,Stayed 2 nights in February 2016,6.7,Good,Santika Hotel Bogor,Just Ok.,23-Feb-16
78,776,Yullia,Indonesia,Couple,Superior Room Queen,Stayed 1 night in April 2026,9.6,Exceptional,Sabtu ceria,"Over all bagus, makanan enak, lokasi sangat strategis. Tolong sediakan hair dryer di kamar biar tambah baik kualitas hotelnya",16-Apr-26
78,777,Latifah,Indonesia,Family with teens,Deluxe Room Queen,Stayed 1 night in February 2026,10,Exceptional,Rekomendasi staycation yang nyaman,"Kamar bersih dan terawat, staff yang ramah, akses ke mall lebih mudah, menu breakfast yang bervariasi dan enak enak, 🫶🏼",17-Feb-26
78,778,Novita,Indonesia,Solo traveler,Superior Room Queen,Stayed 1 night in May 2025,10,Exceptional,Terbaikk,"Hotel yang sangat nyaman, berada ditengah kota, dibawahnya ada mall, kalau mau jogging tinggal nyebrang ke kebun raya Bogor. Kamarnya sangat luas, bersih, rapih. Pokoknya the bestt😍",29-Sep-25
78,779,Mohammad,Singapore,Couple,Executive Room,Stayed 7 nights in April 2026,10,Exceptional,Staycation,Nothing to say. Everything is superb. Been staying here for so many times the standard and cleaniness is superb. Location is good and connected to the mall.,20-Apr-26
78,780,Abdika,Indonesia,Couple,Superior Room Queen,Stayed 1 night in April 2025,8.8,Excellent,Good and comfy stay,"Rating: 4/5 The room was a bit old but overall okay—clean and well-maintained. The bathroom, especially the shower, worked just fine. Food was decent, nothing special but acceptable. What really stood out was the service. All the staff were kind, warm, and very helpful throughout our stay. One unique perk was the exclusive access to Botani Square, which was a nice touch. The only downside was the lobby. It felt quite small and didn't give off an exclusive or premium vibe, which could be improved. Overall, a comfortable stay with great service!",17-Apr-25
79,781,graeme,Australia,Couple,,Stayed 3 nights in February 2016,8,Excellent,breakfast waitress service is down,we always stay here regular Everytime we go to bogor the best breakfast in town plus the location is great connecting to the Botani square mall. unfortunately this time my husband quite very disappointed and very angry when we had a breakfast. As usual we took a seat and put our drinks on the table and get our first plate. then after we finish our first plate we decided get another second plate and we still have our drinks and cutlery on our table. suddenly when we came back to our table somebody else sat on our table. so we complaint to the manager why the waitress took our cutlery and drinks without asking us first. And at that time the seat inside has already taken so the manager sent us to the outdoor area which is humid area . Then They apoligised to us but we were upset already.,21-Feb-16
79,782,yossie,Indonesia,Couple,,Stayed 1 night in May 2015,7.2,Very good,good location,comfortable hotel,9-Feb-16
79,783,SOFYAN,Indonesia,Family with teens,,Stayed 1 night in December 2015,7.7,Very good,Bad experience when we stay at this hotel,"I have put comment (since I have very bad experience during stay) on other feedback during same time stay at this hotel. Should you need further info, please call my cellphone Thank you.",8-Jan-16
79,784,SOFYAN,Indonesia,Family with teens,,Stayed 1 night in December 2015,7.7,Very good,Bad experience when we stay at hotel,"I have put my comment on other feedback on other booking from Agoda. For me it was a very bad experience which I never get before. This is not person (your staff) problem, but something wrong with SOP (standard operating procedure) that should be solved by Hotel Management.",8-Jan-16
79,785,SOFYAN,Indonesia,Family with teens,,Stayed 1 night in December 2015,7.7,Very good,Bad experience during stay at hotel,I have a serious issues to be resolved by Hotel Management. I have talked to (Front Manager) before check out.,8-Jan-16
79,786,Yullia,Indonesia,Couple,Superior Room Queen,Stayed 1 night in April 2026,9.6,Exceptional,Sabtu ceria,"Over all bagus, makanan enak, lokasi sangat strategis. Tolong sediakan hair dryer di kamar biar tambah baik kualitas hotelnya",16-Apr-26
79,787,Latifah,Indonesia,Family with teens,Deluxe Room Queen,Stayed 1 night in February 2026,10,Exceptional,Rekomendasi staycation yang nyaman,"Kamar bersih dan terawat, staff yang ramah, akses ke mall lebih mudah, menu breakfast yang bervariasi dan enak enak, 🫶🏼",17-Feb-26
79,788,Novita,Indonesia,Solo traveler,Superior Room Queen,Stayed 1 night in May 2025,10,Exceptional,Terbaikk,"Hotel yang sangat nyaman, berada ditengah kota, dibawahnya ada mall, kalau mau jogging tinggal nyebrang ke kebun raya Bogor. Kamarnya sangat luas, bersih, rapih. Pokoknya the bestt😍",29-Sep-25
79,789,Mohammad,Singapore,Couple,Executive Room,Stayed 7 nights in April 2026,10,Exceptional,Staycation,Nothing to say. Everything is superb. Been staying here for so many times the standard and cleaniness is superb. Location is good and connected to the mall.,20-Apr-26
79,790,Abdika,Indonesia,Couple,Superior Room Queen,Stayed 1 night in April 2025,8.8,Excellent,Good and comfy stay,"Rating: 4/5 The room was a bit old but overall okay—clean and well-maintained. The bathroom, especially the shower, worked just fine. Food was decent, nothing special but acceptable. What really stood out was the service. All the staff were kind, warm, and very helpful throughout our stay. One unique perk was the exclusive access to Botani Square, which was a nice touch. The only downside was the lobby. It felt quite small and didn't give off an exclusive or premium vibe, which could be improved. Overall, a comfortable stay with great service!",17-Apr-25
80,791,SOFYAN,Indonesia,Family with teens,,Stayed 1 night in December 2015,7.7,Very good,Bad experience when we stay at Hotel,,8-Jan-16
80,792,Idajanti,Indonesia,Family with teens,,Stayed 1 night in January 2016,7,Very good,Good hotel,"Overall oke. Staff are friendly. Only towel a bit old, need change.",7-Jan-16
80,793,Thomas,Indonesia,Family with young children,,Stayed 3 nights in December 2015,8.7,Excellent,Very nice stay,"Very pleasant stay, next to shopping mall with lots of food choices.",3-Jan-16
80,794,antonius,Indonesia,Couple,,Stayed 1 night in September 2015,7,Very good,Great location,It was great because it's attached to mall and near to Kebun Raya,31-Dec-15
80,795,hendra,Indonesia,Family with young children,,Stayed 1 night in September 2015,6.7,Good,Good Location,,28-Dec-15
80,796,Yullia,Indonesia,Couple,Superior Room Queen,Stayed 1 night in April 2026,9.6,Exceptional,Sabtu ceria,"Over all bagus, makanan enak, lokasi sangat strategis. Tolong sediakan hair dryer di kamar biar tambah baik kualitas hotelnya",16-Apr-26
80,797,Latifah,Indonesia,Family with teens,Deluxe Room Queen,Stayed 1 night in February 2026,10,Exceptional,Rekomendasi staycation yang nyaman,"Kamar bersih dan terawat, staff yang ramah, akses ke mall lebih mudah, menu breakfast yang bervariasi dan enak enak, 🫶🏼",17-Feb-26
80,798,Novita,Indonesia,Solo traveler,Superior Room Queen,Stayed 1 night in May 2025,10,Exceptional,Terbaikk,"Hotel yang sangat nyaman, berada ditengah kota, dibawahnya ada mall, kalau mau jogging tinggal nyebrang ke kebun raya Bogor. Kamarnya sangat luas, bersih, rapih. Pokoknya the bestt😍",29-Sep-25
80,799,Mohammad,Singapore,Couple,Executive Room,Stayed 7 nights in April 2026,10,Exceptional,Staycation,Nothing to say. Everything is superb. Been staying here for so many times the standard and cleaniness is superb. Location is good and connected to the mall.,20-Apr-26
80,800,Abdika,Indonesia,Couple,Superior Room Queen,Stayed 1 night in April 2025,8.8,Excellent,Good and comfy stay,"Rating: 4/5 The room was a bit old but overall okay—clean and well-maintained. The bathroom, especially the shower, worked just fine. Food was decent, nothing special but acceptable. What really stood out was the service. All the staff were kind, warm, and very helpful throughout our stay. One unique perk was the exclusive access to Botani Square, which was a nice touch. The only downside was the lobby. It felt quite small and didn't give off an exclusive or premium vibe, which could be improved. Overall, a comfortable stay with great service!",17-Apr-25
81,801,kartika,Indonesia,Business traveler,,Stayed 1 night in December 2015,7.3,Very good,hotel in the mall,not bad,21-Dec-15
81,802,jafar,Indonesia,Business traveler,,Stayed 1 night in November 2015,7.3,Very good,Nice city hotel,Had a wonderful time staying here,24-Nov-15
81,803,Bunarto,Indonesia,Family with young children,,Stayed 1 night in November 2015,9.3,Exceptional,Hotel Santika Bogor is good hotel,Hotel Santika Bogor is good hotel in Bogor,23-Nov-15
81,804,drg.,Indonesia,Business traveler,,Stayed 2 nights in November 2015,9,Exceptional,No comment,No comment,10-Nov-15
81,805,M,Indonesia,Couple,,Stayed 1 night in October 2015,7.3,Very good,Perfect Location,"Great, simple yet fun",2-Nov-15
81,806,Yullia,Indonesia,Couple,Superior Room Queen,Stayed 1 night in April 2026,9.6,Exceptional,Sabtu ceria,"Over all bagus, makanan enak, lokasi sangat strategis. Tolong sediakan hair dryer di kamar biar tambah baik kualitas hotelnya",16-Apr-26
81,807,Latifah,Indonesia,Family with teens,Deluxe Room Queen,Stayed 1 night in February 2026,10,Exceptional,Rekomendasi staycation yang nyaman,"Kamar bersih dan terawat, staff yang ramah, akses ke mall lebih mudah, menu breakfast yang bervariasi dan enak enak, 🫶🏼",17-Feb-26
81,808,Novita,Indonesia,Solo traveler,Superior Room Queen,Stayed 1 night in May 2025,10,Exceptional,Terbaikk,"Hotel yang sangat nyaman, berada ditengah kota, dibawahnya ada mall, kalau mau jogging tinggal nyebrang ke kebun raya Bogor. Kamarnya sangat luas, bersih, rapih. Pokoknya the bestt😍",29-Sep-25
81,809,Mohammad,Singapore,Couple,Executive Room,Stayed 7 nights in April 2026,10,Exceptional,Staycation,Nothing to say. Everything is superb. Been staying here for so many times the standard and cleaniness is superb. Location is good and connected to the mall.,20-Apr-26
81,810,Abdika,Indonesia,Couple,Superior Room Queen,Stayed 1 night in April 2025,8.8,Excellent,Good and comfy stay,"Rating: 4/5 The room was a bit old but overall okay—clean and well-maintained. The bathroom, especially the shower, worked just fine. Food was decent, nothing special but acceptable. What really stood out was the service. All the staff were kind, warm, and very helpful throughout our stay. One unique perk was the exclusive access to Botani Square, which was a nice touch. The only downside was the lobby. It felt quite small and didn't give off an exclusive or premium vibe, which could be improved. Overall, a comfortable stay with great service!",17-Apr-25
82,811,Patrick,United States,Business traveler,,Stayed 3 nights in October 2015,9.7,Exceptional,Dugan- comments,"The stay was pleasant. My only wish was that I should have been given an English language newspaper in the morning, since I do not understand Bahasa Indonesia.",2-Nov-15
82,812,YULIANA,Indonesia,Family with young children,,Stayed 1 night in October 2015,7.3,Very good,GOOD LOCATION TO STAY,,20-Oct-15
82,813,Dewi,Indonesia,Family with young children,,Stayed 1 night in October 2015,7,Very good,Fantastic,My kids was happy with the swimming pool and the room,19-Oct-15
82,814,Hwi,South Korea,Couple,,Stayed 1 night in October 2015,6,,good,bagus,16-Oct-15
82,815,Anne,Australia,Couple,,Stayed 2 nights in October 2015,9.7,Exceptional,best hotel out of 6 we stayed at on our trip,"We were delighted to stay at the Santika and it was the highlight of our trip. It was so clean, you could even smell the disinfectant on the floors in the hallways daily. We stayed there at the end of our trip purely to rest, relax and shop at Botani Square. By far the best hotel we stayed at in our whole 3 week trip. Second time staying there an the standard still the same. Wonderful. Breakfast you can get western food, but the Indonesian food was so outstanding we gave the western food a miss!! So many beautiful things to try. Loved the whole place.",8-Oct-15
82,816,Yullia,Indonesia,Couple,Superior Room Queen,Stayed 1 night in April 2026,9.6,Exceptional,Sabtu ceria,"Over all bagus, makanan enak, lokasi sangat strategis. Tolong sediakan hair dryer di kamar biar tambah baik kualitas hotelnya",16-Apr-26
82,817,Latifah,Indonesia,Family with teens,Deluxe Room Queen,Stayed 1 night in February 2026,10,Exceptional,Rekomendasi staycation yang nyaman,"Kamar bersih dan terawat, staff yang ramah, akses ke mall lebih mudah, menu breakfast yang bervariasi dan enak enak, 🫶🏼",17-Feb-26
82,818,Novita,Indonesia,Solo traveler,Superior Room Queen,Stayed 1 night in May 2025,10,Exceptional,Terbaikk,"Hotel yang sangat nyaman, berada ditengah kota, dibawahnya ada mall, kalau mau jogging tinggal nyebrang ke kebun raya Bogor. Kamarnya sangat luas, bersih, rapih. Pokoknya the bestt😍",29-Sep-25
82,819,Mohammad,Singapore,Couple,Executive Room,Stayed 7 nights in April 2026,10,Exceptional,Staycation,Nothing to say. Everything is superb. Been staying here for so many times the standard and cleaniness is superb. Location is good and connected to the mall.,20-Apr-26
82,820,Abdika,Indonesia,Couple,Superior Room Queen,Stayed 1 night in April 2025,8.8,Excellent,Good and comfy stay,"Rating: 4/5 The room was a bit old but overall okay—clean and well-maintained. The bathroom, especially the shower, worked just fine. Food was decent, nothing special but acceptable. What really stood out was the service. All the staff were kind, warm, and very helpful throughout our stay. One unique perk was the exclusive access to Botani Square, which was a nice touch. The only downside was the lobby. It felt quite small and didn't give off an exclusive or premium vibe, which could be improved. Overall, a comfortable stay with great service!",17-Apr-25
83,821,samihah,Indonesia,Family with young children,,Stayed 1 night in August 2015,8,Excellent,Great for weekend escape,"Its our weekend escape from jakarta. Great location, near from botanical garden, next to mall.",1-Sep-15
83,822,Tranquilino,Philippines,Business traveler,,Stayed 3 nights in May 2015,7.3,Very good,Nice place and perfect hotel location,I traveled with my colleague for 4 nights stay and I can say Santika Hotel any part of Indonesia does not fail me to choose this hotel. Although the hotel a bit old but still maintain the ambience of Santika. Also the hotel sits next to Bogor Mall and has special door to give u access to mall and restaurant.,24-Aug-15
83,823,Tranquilino,Philippines,Business traveler,,Stayed 4 nights in May 2015,7,Very good,Perfect location,I traveled with my colleague for 4 nights stay and I can say Santika Hotel any part of Indonesia does not fail me to choose this hotel. Although the hotel a bit old but still maintain the ambience of Santika. Also the hotel sits next to Bogor Mall and has special door to give u access to mall and restaurant.,24-Aug-15
83,824,Yen-Hsiang,Taiwan,Solo traveler,,Stayed 1 night in August 2015,9.3,Exceptional,Nice place,Very comfortable. The bed is really for sleeping. The pillow is not too soft that I could sleep very well. The staff have polite manner that give construction we need.,10-Aug-15
83,825,Haris,Indonesia,Family with young children,,Stayed 1 night in July 2015,8.3,Excellent,It's best location in the center & next to mall,"it was the best place to enjoy your family time, relax and play at the Botani Mall next to it. No worries about traffic ... All Fun in One Place",24-Jul-15
83,826,Yullia,Indonesia,Couple,Superior Room Queen,Stayed 1 night in April 2026,9.6,Exceptional,Sabtu ceria,"Over all bagus, makanan enak, lokasi sangat strategis. Tolong sediakan hair dryer di kamar biar tambah baik kualitas hotelnya",16-Apr-26
83,827,Latifah,Indonesia,Family with teens,Deluxe Room Queen,Stayed 1 night in February 2026,10,Exceptional,Rekomendasi staycation yang nyaman,"Kamar bersih dan terawat, staff yang ramah, akses ke mall lebih mudah, menu breakfast yang bervariasi dan enak enak, 🫶🏼",17-Feb-26
83,828,Novita,Indonesia,Solo traveler,Superior Room Queen,Stayed 1 night in May 2025,10,Exceptional,Terbaikk,"Hotel yang sangat nyaman, berada ditengah kota, dibawahnya ada mall, kalau mau jogging tinggal nyebrang ke kebun raya Bogor. Kamarnya sangat luas, bersih, rapih. Pokoknya the bestt😍",29-Sep-25
83,829,Mohammad,Singapore,Couple,Executive Room,Stayed 7 nights in April 2026,10,Exceptional,Staycation,Nothing to say. Everything is superb. Been staying here for so many times the standard and cleaniness is superb. Location is good and connected to the mall.,20-Apr-26
83,830,Abdika,Indonesia,Couple,Superior Room Queen,Stayed 1 night in April 2025,8.8,Excellent,Good and comfy stay,"Rating: 4/5 The room was a bit old but overall okay—clean and well-maintained. The bathroom, especially the shower, worked just fine. Food was decent, nothing special but acceptable. What really stood out was the service. All the staff were kind, warm, and very helpful throughout our stay. One unique perk was the exclusive access to Botani Square, which was a nice touch. The only downside was the lobby. It felt quite small and didn't give off an exclusive or premium vibe, which could be improved. Overall, a comfortable stay with great service!",17-Apr-25
84,831,Kemal,Indonesia,Family with young children,,Stayed 1 night in July 2015,5,,Not ready for peak season,"The rooms were not ready @ 2 p.m so we have wait until almost 4 p.m to get key, seems the hotel was not ready for the peak season",22-Jul-15
84,832,roy,Indonesia,Family with young children,,Stayed 2 nights in July 2014,9,Exceptional,Nice location anda nice breakfast menus,very good,18-Jul-15
84,833,sutrisman,Indonesia,Family with teens,,Stayed 2 nights in July 2015,8.7,Excellent,"Nice hotel With best location in Bogor,",,17-Jul-15
84,834,MAHADI,Malaysia,Group,,Stayed 1 night in April 2015,9.3,Exceptional,Superb Hotel,A very good stay,19-Jun-15
84,835,Dominicus,Netherlands,Couple,,Stayed 1 night in May 2015,6.3,Good,good for short stay,Stayed here for 2 nights after arriving to Indonesia. Rooms are ok as is the breakfast buffet. Staff is very helpfull. Located near mall (around the corner) which is convenient. Close to Botanic Gardens.,1-Jun-15
84,836,Yullia,Indonesia,Couple,Superior Room Queen,Stayed 1 night in April 2026,9.6,Exceptional,Sabtu ceria,"Over all bagus, makanan enak, lokasi sangat strategis. Tolong sediakan hair dryer di kamar biar tambah baik kualitas hotelnya",16-Apr-26
84,837,Latifah,Indonesia,Family with teens,Deluxe Room Queen,Stayed 1 night in February 2026,10,Exceptional,Rekomendasi staycation yang nyaman,"Kamar bersih dan terawat, staff yang ramah, akses ke mall lebih mudah, menu breakfast yang bervariasi dan enak enak, 🫶🏼",17-Feb-26
84,838,Novita,Indonesia,Solo traveler,Superior Room Queen,Stayed 1 night in May 2025,10,Exceptional,Terbaikk,"Hotel yang sangat nyaman, berada ditengah kota, dibawahnya ada mall, kalau mau jogging tinggal nyebrang ke kebun raya Bogor. Kamarnya sangat luas, bersih, rapih. Pokoknya the bestt😍",29-Sep-25
84,839,Mohammad,Singapore,Couple,Executive Room,Stayed 7 nights in April 2026,10,Exceptional,Staycation,Nothing to say. Everything is superb. Been staying here for so many times the standard and cleaniness is superb. Location is good and connected to the mall.,20-Apr-26
84,840,Abdika,Indonesia,Couple,Superior Room Queen,Stayed 1 night in April 2025,8.8,Excellent,Good and comfy stay,"Rating: 4/5 The room was a bit old but overall okay—clean and well-maintained. The bathroom, especially the shower, worked just fine. Food was decent, nothing special but acceptable. What really stood out was the service. All the staff were kind, warm, and very helpful throughout our stay. One unique perk was the exclusive access to Botani Square, which was a nice touch. The only downside was the lobby. It felt quite small and didn't give off an exclusive or premium vibe, which could be improved. Overall, a comfortable stay with great service!",17-Apr-25
85,841,WONG,Indonesia,Family with young children,,Stayed 1 night in February 2015,7.3,Very good,Good location,"Great, will come back soon.thanks",21-May-15
85,842,MOHAMED,Malaysia,Group,,Stayed 1 night in May 2015,8,Excellent,Nice Hotel,"The best about the hotel is the Location due to its location next to shopping mall. Other than that, its a decent hotel & value for money. Very friendly staff.",18-May-15
85,843,Melina,Singapore,Business traveler,,Stayed 1 night in May 2015,7,Very good,value for money,"Room was big but overall average condition with stains on bed. Amenities didn't include hair dryer, comb, hair conditioner and body moisturiser.",17-May-15
85,844,Hendra,Indonesia,Family with teens,,Stayed 2 nights in February 2015,8.7,Excellent,great hotel,,6-May-15
85,845,Khairil,Indonesia,Family with young children,,Stayed 1 night in January 2015,6.7,Good,Spending New Year's Eve Here,"We choose this hotel for our New Year stay at Bogor due to its convenient location at Bogor Botanical Square, one of the biggest shopping centers in Bogor. Probably due to incredible influx of the guests for New Year’s eve, it took about 1 hour for the hotel to make our room ready, eventhough we came to the hotel quite long after officially stated check-in time itself. Room was ok, not so special, but had nice view of Mt.Salak & other mountainous area of Bogor and its surroundings. Breakfast was a mess, probably again due to unanticipated influx of the customers.",4-May-15
85,846,Yullia,Indonesia,Couple,Superior Room Queen,Stayed 1 night in April 2026,9.6,Exceptional,Sabtu ceria,"Over all bagus, makanan enak, lokasi sangat strategis. Tolong sediakan hair dryer di kamar biar tambah baik kualitas hotelnya",16-Apr-26
85,847,Latifah,Indonesia,Family with teens,Deluxe Room Queen,Stayed 1 night in February 2026,10,Exceptional,Rekomendasi staycation yang nyaman,"Kamar bersih dan terawat, staff yang ramah, akses ke mall lebih mudah, menu breakfast yang bervariasi dan enak enak, 🫶🏼",17-Feb-26
85,848,Novita,Indonesia,Solo traveler,Superior Room Queen,Stayed 1 night in May 2025,10,Exceptional,Terbaikk,"Hotel yang sangat nyaman, berada ditengah kota, dibawahnya ada mall, kalau mau jogging tinggal nyebrang ke kebun raya Bogor. Kamarnya sangat luas, bersih, rapih. Pokoknya the bestt😍",29-Sep-25
85,849,Mohammad,Singapore,Couple,Executive Room,Stayed 7 nights in April 2026,10,Exceptional,Staycation,Nothing to say. Everything is superb. Been staying here for so many times the standard and cleaniness is superb. Location is good and connected to the mall.,20-Apr-26
85,850,Abdika,Indonesia,Couple,Superior Room Queen,Stayed 1 night in April 2025,8.8,Excellent,Good and comfy stay,"Rating: 4/5 The room was a bit old but overall okay—clean and well-maintained. The bathroom, especially the shower, worked just fine. Food was decent, nothing special but acceptable. What really stood out was the service. All the staff were kind, warm, and very helpful throughout our stay. One unique perk was the exclusive access to Botani Square, which was a nice touch. The only downside was the lobby. It felt quite small and didn't give off an exclusive or premium vibe, which could be improved. Overall, a comfortable stay with great service!",17-Apr-25
86,851,Dyah,Indonesia,Family with young children,,Stayed 1 night in May 2015,9,Exceptional,wonderful trip,We are having good time.,3-May-15
86,852,Bong,South Korea,Business traveler,,Stayed 1 night in January 2015,10,Exceptional,good,like home,1-May-15
86,853,Eko,Indonesia,Family with young children,,Stayed 1 night in March 2015,9,Exceptional,A good value hotel in a great location,"Overall our stay at this hotel was great. Good hotel condition and cleanliness, great breakfast, very friendly staff and great view of the mountains. Connected to the mall and easy access to the tollway, very convenient. Overall great value. Our only setback was getting to the lobby in our car. We were treated like other mall visitors. We arrived around the mall's peak hours on a weekend. The main entrance was closed with security guards screening which cars can enter (we didn't get through despite our claim of checking in to the hotel), we had to use the side entrance. We didn't know where the lobby was, that's why we complied (the security guy only told us that the hotel was also accessible via the side entrance). We had to queue with other cars looking for parking space at the mall. It turned out that the lobby was only about 50 meters from the main entrance with no traffic. It could have taken us less than a minute to get to the lobby if they had let us use the main entrance, instead it took us 30 minutes",27-Apr-15
86,854,Aloysius,Indonesia,Family with young children,,Stayed 1 night in January 2015,8,Excellent,Santika Bogor - Good Enough,"Santika Bogor: 1. Nice location, 2. Nice pool & 3. Clean hotel",25-Apr-15
86,855,Axel,France,Couple,,Stayed 6 nights in April 2015,9.3,Exceptional,very good hotel for a 3 star !,,21-Apr-15
86,856,Yullia,Indonesia,Couple,Superior Room Queen,Stayed 1 night in April 2026,9.6,Exceptional,Sabtu ceria,"Over all bagus, makanan enak, lokasi sangat strategis. Tolong sediakan hair dryer di kamar biar tambah baik kualitas hotelnya",16-Apr-26
86,857,Latifah,Indonesia,Family with teens,Deluxe Room Queen,Stayed 1 night in February 2026,10,Exceptional,Rekomendasi staycation yang nyaman,"Kamar bersih dan terawat, staff yang ramah, akses ke mall lebih mudah, menu breakfast yang bervariasi dan enak enak, 🫶🏼",17-Feb-26
86,858,Novita,Indonesia,Solo traveler,Superior Room Queen,Stayed 1 night in May 2025,10,Exceptional,Terbaikk,"Hotel yang sangat nyaman, berada ditengah kota, dibawahnya ada mall, kalau mau jogging tinggal nyebrang ke kebun raya Bogor. Kamarnya sangat luas, bersih, rapih. Pokoknya the bestt😍",29-Sep-25
86,859,Mohammad,Singapore,Couple,Executive Room,Stayed 7 nights in April 2026,10,Exceptional,Staycation,Nothing to say. Everything is superb. Been staying here for so many times the standard and cleaniness is superb. Location is good and connected to the mall.,20-Apr-26
86,860,Abdika,Indonesia,Couple,Superior Room Queen,Stayed 1 night in April 2025,8.8,Excellent,Good and comfy stay,"Rating: 4/5 The room was a bit old but overall okay—clean and well-maintained. The bathroom, especially the shower, worked just fine. Food was decent, nothing special but acceptable. What really stood out was the service. All the staff were kind, warm, and very helpful throughout our stay. One unique perk was the exclusive access to Botani Square, which was a nice touch. The only downside was the lobby. It felt quite small and didn't give off an exclusive or premium vibe, which could be improved. Overall, a comfortable stay with great service!",17-Apr-25
87,861,Lulia,Indonesia,Family with young children,,Stayed 1 night in April 2015,5.7,,breakfast is poor,So so,20-Apr-15
87,862,Sahan,Sri Lanka,Couple,,Stayed 2 nights in April 2015,7,Very good,Good location,"Hotel is right smack in the middle of Bogor Town, and attached to the mall, car park is right infront so no hassle there, no deposit was required when checking in which is a good thing. Rooms are good enough for 2 adults, clean.",7-Apr-15
87,863,Diana,Indonesia,Family with young children,,Stayed 1 night in April 2015,6.3,Good,just ok,"Must improved in interior's room , food and facilities",6-Apr-15
87,864,Taufan,Indonesia,Family with young children,,Stayed 1 night in April 2015,8.7,Excellent,Great location,Great to stay in this hotel with my family,4-Apr-15
87,865,Timo,Germany,Solo traveler,,Stayed 1 night in February 2015,6.7,Good,"good location, nothing too special","The breakfast is very good, so is the location (very close too the gardens, not too noisy). rooms are quite basic and charmless though.",1-Apr-15
87,866,Yullia,Indonesia,Couple,Superior Room Queen,Stayed 1 night in April 2026,9.6,Exceptional,Sabtu ceria,"Over all bagus, makanan enak, lokasi sangat strategis. Tolong sediakan hair dryer di kamar biar tambah baik kualitas hotelnya",16-Apr-26
87,867,Latifah,Indonesia,Family with teens,Deluxe Room Queen,Stayed 1 night in February 2026,10,Exceptional,Rekomendasi staycation yang nyaman,"Kamar bersih dan terawat, staff yang ramah, akses ke mall lebih mudah, menu breakfast yang bervariasi dan enak enak, 🫶🏼",17-Feb-26
87,868,Novita,Indonesia,Solo traveler,Superior Room Queen,Stayed 1 night in May 2025,10,Exceptional,Terbaikk,"Hotel yang sangat nyaman, berada ditengah kota, dibawahnya ada mall, kalau mau jogging tinggal nyebrang ke kebun raya Bogor. Kamarnya sangat luas, bersih, rapih. Pokoknya the bestt😍",29-Sep-25
87,869,Mohammad,Singapore,Couple,Executive Room,Stayed 7 nights in April 2026,10,Exceptional,Staycation,Nothing to say. Everything is superb. Been staying here for so many times the standard and cleaniness is superb. Location is good and connected to the mall.,20-Apr-26
87,870,Abdika,Indonesia,Couple,Superior Room Queen,Stayed 1 night in April 2025,8.8,Excellent,Good and comfy stay,"Rating: 4/5 The room was a bit old but overall okay—clean and well-maintained. The bathroom, especially the shower, worked just fine. Food was decent, nothing special but acceptable. What really stood out was the service. All the staff were kind, warm, and very helpful throughout our stay. One unique perk was the exclusive access to Botani Square, which was a nice touch. The only downside was the lobby. It felt quite small and didn't give off an exclusive or premium vibe, which could be improved. Overall, a comfortable stay with great service!",17-Apr-25
88,871,muhammad,Indonesia,Family with young children,,Stayed 1 night in March 2015,9.3,Exceptional,a great stayed in Bogor,It was fabulous stay. Kids love the swimming pool. Various breakfast menu. We will be back..,1-Apr-15
88,872,Felix,Indonesia,Family with young children,,Stayed 1 night in February 2014,8,Excellent,value for money,I'm satisfiad & confort,18-Mar-15
88,873,CHANDRA,Indonesia,Couple,,Stayed 1 night in February 2015,10,Exceptional,Nice Place,,18-Mar-15
88,874,jafar,Indonesia,Business traveler,,Stayed 3 nights in March 2015,8.7,Excellent,Nice hotel with it's view and shopping arcade,I was happy and had no complain staying here,9-Mar-15
88,875,Gianluca,Italy,Business traveler,,Stayed 1 night in March 2015,7.3,Very good,Central location,,7-Mar-15
88,876,Yullia,Indonesia,Couple,Superior Room Queen,Stayed 1 night in April 2026,9.6,Exceptional,Sabtu ceria,"Over all bagus, makanan enak, lokasi sangat strategis. Tolong sediakan hair dryer di kamar biar tambah baik kualitas hotelnya",16-Apr-26
88,877,Latifah,Indonesia,Family with teens,Deluxe Room Queen,Stayed 1 night in February 2026,10,Exceptional,Rekomendasi staycation yang nyaman,"Kamar bersih dan terawat, staff yang ramah, akses ke mall lebih mudah, menu breakfast yang bervariasi dan enak enak, 🫶🏼",17-Feb-26
88,878,Novita,Indonesia,Solo traveler,Superior Room Queen,Stayed 1 night in May 2025,10,Exceptional,Terbaikk,"Hotel yang sangat nyaman, berada ditengah kota, dibawahnya ada mall, kalau mau jogging tinggal nyebrang ke kebun raya Bogor. Kamarnya sangat luas, bersih, rapih. Pokoknya the bestt😍",29-Sep-25
88,879,Mohammad,Singapore,Couple,Executive Room,Stayed 7 nights in April 2026,10,Exceptional,Staycation,Nothing to say. Everything is superb. Been staying here for so many times the standard and cleaniness is superb. Location is good and connected to the mall.,20-Apr-26
88,880,Abdika,Indonesia,Couple,Superior Room Queen,Stayed 1 night in April 2025,8.8,Excellent,Good and comfy stay,"Rating: 4/5 The room was a bit old but overall okay—clean and well-maintained. The bathroom, especially the shower, worked just fine. Food was decent, nothing special but acceptable. What really stood out was the service. All the staff were kind, warm, and very helpful throughout our stay. One unique perk was the exclusive access to Botani Square, which was a nice touch. The only downside was the lobby. It felt quite small and didn't give off an exclusive or premium vibe, which could be improved. Overall, a comfortable stay with great service!",17-Apr-25
89,881,Martinus,Indonesia,Business traveler,,Stayed 1 night in January 2015,7.7,Very good,Great Budget Hotel,,25-Feb-15
89,882,robert,Australia,Business traveler,,Stayed 3 nights in February 2015,9,Exceptional,Great service excellent breakfast,The people here are all so nice. They really treat each person individually and often remember my name. Nothing is too much trouble. They will even make you special request meals for breakfast. Well done all the employees at Santika Bogor.,19-Feb-15
89,883,Neviane,Indonesia,Couple,,Stayed 2 nights in February 2015,9,Exceptional,A good choose to stay when you're in Bogor,"This is 4 times i've been here. The location is perfect, the food was great, breakfast with many variation menu, the staff was friendly and help me to find taxi at sunday morning. I just appreciate it. Thanks to Santika Hotel Bogor, i'll be back again",17-Feb-15
89,884,Asa,Indonesia,Family with young children,,Stayed 1 night in February 2015,10,Exceptional,excelent hotel,,12-Feb-15
89,885,Tubagus,Indonesia,Family with young children,,Stayed 1 night in February 2015,8.3,Excellent,nice holiday,Nice holiday with family,12-Feb-15
89,886,Yullia,Indonesia,Couple,Superior Room Queen,Stayed 1 night in April 2026,9.6,Exceptional,Sabtu ceria,"Over all bagus, makanan enak, lokasi sangat strategis. Tolong sediakan hair dryer di kamar biar tambah baik kualitas hotelnya",16-Apr-26
89,887,Latifah,Indonesia,Family with teens,Deluxe Room Queen,Stayed 1 night in February 2026,10,Exceptional,Rekomendasi staycation yang nyaman,"Kamar bersih dan terawat, staff yang ramah, akses ke mall lebih mudah, menu breakfast yang bervariasi dan enak enak, 🫶🏼",17-Feb-26
89,888,Novita,Indonesia,Solo traveler,Superior Room Queen,Stayed 1 night in May 2025,10,Exceptional,Terbaikk,"Hotel yang sangat nyaman, berada ditengah kota, dibawahnya ada mall, kalau mau jogging tinggal nyebrang ke kebun raya Bogor. Kamarnya sangat luas, bersih, rapih. Pokoknya the bestt😍",29-Sep-25
89,889,Mohammad,Singapore,Couple,Executive Room,Stayed 7 nights in April 2026,10,Exceptional,Staycation,Nothing to say. Everything is superb. Been staying here for so many times the standard and cleaniness is superb. Location is good and connected to the mall.,20-Apr-26
89,890,Abdika,Indonesia,Couple,Superior Room Queen,Stayed 1 night in April 2025,8.8,Excellent,Good and comfy stay,"Rating: 4/5 The room was a bit old but overall okay—clean and well-maintained. The bathroom, especially the shower, worked just fine. Food was decent, nothing special but acceptable. What really stood out was the service. All the staff were kind, warm, and very helpful throughout our stay. One unique perk was the exclusive access to Botani Square, which was a nice touch. The only downside was the lobby. It felt quite small and didn't give off an exclusive or premium vibe, which could be improved. Overall, a comfortable stay with great service!",17-Apr-25
90,891,MAHADI,Malaysia,Group,,Stayed 2 nights in February 2015,8.3,Excellent,A very good hotel in Bogor,Very nice,5-Feb-15
90,892,Dedy,Indonesia,Family with teens,,Stayed 1 night in December 2014,10,Exceptional,Best Indonesian Hotel,"If room in any hotel over the same thing: clean and comfortable then what is the next you consider next? Place, yes Santika Hotel always located at best place, Food? In Santika Hotel any kind of food available and taste is best.",2-Feb-15
90,893,Oki,Indonesia,Family with young children,,Stayed 1 night in January 2015,7.3,Very good,Good location,"Location are on the biggest shopping mall in town, the room was big but the bed not so comfort",27-Jan-15
90,894,SHANTY,Indonesia,Family with young children,,Stayed 1 night in November 2014,9,Exceptional,Nice Hotel to spend with our family,Was stayed in here with my niece and they love this Hotel so much.,22-Jan-15
90,895,Marisca,Indonesia,Family with young children,,Stayed 2 nights in December 2014,6,,Good location,I was here with my family and we had a great time in this hotel...,19-Jan-15
90,896,Yullia,Indonesia,Couple,Superior Room Queen,Stayed 1 night in April 2026,9.6,Exceptional,Sabtu ceria,"Over all bagus, makanan enak, lokasi sangat strategis. Tolong sediakan hair dryer di kamar biar tambah baik kualitas hotelnya",16-Apr-26
90,897,Latifah,Indonesia,Family with teens,Deluxe Room Queen,Stayed 1 night in February 2026,10,Exceptional,Rekomendasi staycation yang nyaman,"Kamar bersih dan terawat, staff yang ramah, akses ke mall lebih mudah, menu breakfast yang bervariasi dan enak enak, 🫶🏼",17-Feb-26
90,898,Novita,Indonesia,Solo traveler,Superior Room Queen,Stayed 1 night in May 2025,10,Exceptional,Terbaikk,"Hotel yang sangat nyaman, berada ditengah kota, dibawahnya ada mall, kalau mau jogging tinggal nyebrang ke kebun raya Bogor. Kamarnya sangat luas, bersih, rapih. Pokoknya the bestt😍",29-Sep-25
90,899,Mohammad,Singapore,Couple,Executive Room,Stayed 7 nights in April 2026,10,Exceptional,Staycation,Nothing to say. Everything is superb. Been staying here for so many times the standard and cleaniness is superb. Location is good and connected to the mall.,20-Apr-26
90,900,Abdika,Indonesia,Couple,Superior Room Queen,Stayed 1 night in April 2025,8.8,Excellent,Good and comfy stay,"Rating: 4/5 The room was a bit old but overall okay—clean and well-maintained. The bathroom, especially the shower, worked just fine. Food was decent, nothing special but acceptable. What really stood out was the service. All the staff were kind, warm, and very helpful throughout our stay. One unique perk was the exclusive access to Botani Square, which was a nice touch. The only downside was the lobby. It felt quite small and didn't give off an exclusive or premium vibe, which could be improved. Overall, a comfortable stay with great service!",17-Apr-25
91,901,Kirana,Indonesia,Family with young children,,Stayed 1 night in December 2014,8.3,Excellent,Good hotel in Central Bogor,good experience stay in Santika hotel. The Hotel next to Botani Square (Biggest Mall in Bogor i think).,14-Jan-15
91,902,Thea,Indonesia,Family with young children,,Stayed 1 night in October 2014,7.7,Very good,Weekend in crowded,"Santika located near Botani Square Garden, which on the weekend is full of people, and probably lots of people staying at Santika too, but they can make us check in ontime, the bed is clean, and so the bathroom.. the pool okay but full of people, so you can not enjoying the pool.. Breakfast was great, friendly staff.. will stay again at Santika, but I prefer on weekdays..",8-Jan-15
91,903,Henriko,Indonesia,Family with young children,,Stayed 4 nights in December 2014,8,Excellent,Hotel Santika Bogor,Vacation,5-Jan-15
91,904,Gilbert,Indonesia,Family with young children,,Stayed 2 nights in January 2015,6.3,Good,Not so happy with the room,"I have a mix feeling about our stay. The staff are nice and location is good (with access to the mall), but the room we got was not really good. We booked non-smoking room but the room we got - room 816 - smelled strange (I think it's a smoking room as there're ashtray and matches on the table). The bathroom, in particular, smelled really bad.",5-Jan-15
91,905,changi,Indonesia,Family with young children,,Stayed 1 night in December 2014,9.3,Exceptional,location strategic in central town,,2-Jan-15
91,906,Yullia,Indonesia,Couple,Superior Room Queen,Stayed 1 night in April 2026,9.6,Exceptional,Sabtu ceria,"Over all bagus, makanan enak, lokasi sangat strategis. Tolong sediakan hair dryer di kamar biar tambah baik kualitas hotelnya",16-Apr-26
91,907,Latifah,Indonesia,Family with teens,Deluxe Room Queen,Stayed 1 night in February 2026,10,Exceptional,Rekomendasi staycation yang nyaman,"Kamar bersih dan terawat, staff yang ramah, akses ke mall lebih mudah, menu breakfast yang bervariasi dan enak enak, 🫶🏼",17-Feb-26
91,908,Novita,Indonesia,Solo traveler,Superior Room Queen,Stayed 1 night in May 2025,10,Exceptional,Terbaikk,"Hotel yang sangat nyaman, berada ditengah kota, dibawahnya ada mall, kalau mau jogging tinggal nyebrang ke kebun raya Bogor. Kamarnya sangat luas, bersih, rapih. Pokoknya the bestt😍",29-Sep-25
91,909,Mohammad,Singapore,Couple,Executive Room,Stayed 7 nights in April 2026,10,Exceptional,Staycation,Nothing to say. Everything is superb. Been staying here for so many times the standard and cleaniness is superb. Location is good and connected to the mall.,20-Apr-26
91,910,Abdika,Indonesia,Couple,Superior Room Queen,Stayed 1 night in April 2025,8.8,Excellent,Good and comfy stay,"Rating: 4/5 The room was a bit old but overall okay—clean and well-maintained. The bathroom, especially the shower, worked just fine. Food was decent, nothing special but acceptable. What really stood out was the service. All the staff were kind, warm, and very helpful throughout our stay. One unique perk was the exclusive access to Botani Square, which was a nice touch. The only downside was the lobby. It felt quite small and didn't give off an exclusive or premium vibe, which could be improved. Overall, a comfortable stay with great service!",17-Apr-25
92,911,Yves,Indonesia,Family with young children,,Stayed 1 night in December 2014,7,Very good,Standard Hotel with Hospitality,"This hotel good for couple I think,, because the is no children playground..the swimming pool is just standard. Thanks to the breakfast menu with its variety...",30-Dec-14
92,912,Aldi,Indonesia,Family with young children,,Stayed 2 nights in December 2014,8,Excellent,Good place to stay,Great!,29-Dec-14
92,913,Tammy,Malaysia,Couple,,Stayed 2 nights in October 2014,6,,Nice stay at Santika Bogor,Nice to stay and convenient,4-Dec-14
92,914,Nunung,Indonesia,Family with young children,,Stayed 2 nights in November 2014,6.7,Good,nice hotel,,24-Nov-14
92,915,Yuni,Indonesia,Couple,,Stayed 2 nights in October 2014,8.3,Excellent,Nice and Comfort,Enjoyed it.,21-Nov-14
92,916,Yullia,Indonesia,Couple,Superior Room Queen,Stayed 1 night in April 2026,9.6,Exceptional,Sabtu ceria,"Over all bagus, makanan enak, lokasi sangat strategis. Tolong sediakan hair dryer di kamar biar tambah baik kualitas hotelnya",16-Apr-26
92,917,Latifah,Indonesia,Family with teens,Deluxe Room Queen,Stayed 1 night in February 2026,10,Exceptional,Rekomendasi staycation yang nyaman,"Kamar bersih dan terawat, staff yang ramah, akses ke mall lebih mudah, menu breakfast yang bervariasi dan enak enak, 🫶🏼",17-Feb-26
92,918,Novita,Indonesia,Solo traveler,Superior Room Queen,Stayed 1 night in May 2025,10,Exceptional,Terbaikk,"Hotel yang sangat nyaman, berada ditengah kota, dibawahnya ada mall, kalau mau jogging tinggal nyebrang ke kebun raya Bogor. Kamarnya sangat luas, bersih, rapih. Pokoknya the bestt😍",29-Sep-25
92,919,Mohammad,Singapore,Couple,Executive Room,Stayed 7 nights in April 2026,10,Exceptional,Staycation,Nothing to say. Everything is superb. Been staying here for so many times the standard and cleaniness is superb. Location is good and connected to the mall.,20-Apr-26
92,920,Abdika,Indonesia,Couple,Superior Room Queen,Stayed 1 night in April 2025,8.8,Excellent,Good and comfy stay,"Rating: 4/5 The room was a bit old but overall okay—clean and well-maintained. The bathroom, especially the shower, worked just fine. Food was decent, nothing special but acceptable. What really stood out was the service. All the staff were kind, warm, and very helpful throughout our stay. One unique perk was the exclusive access to Botani Square, which was a nice touch. The only downside was the lobby. It felt quite small and didn't give off an exclusive or premium vibe, which could be improved. Overall, a comfortable stay with great service!",17-Apr-25
93,921,Camilo,Australia,Business traveler,,Stayed 1 night in October 2014,8,Excellent,Great hotel for short and long stay,Had a good comfortable stay,5-Nov-14
93,922,hendricus,Netherlands,Group,,Stayed 1 night in October 2014,8.3,Excellent,Good hotel,one day with a group of 14 persons 7 rooms,5-Nov-14
93,923,hendricus,Netherlands,Family with teens,,Stayed 1 night in October 2014,9.3,Exceptional,Great stay,one night stay The group service was not ok! The must work it out before arrival roomsc ard where not ready. The cappicity of the lift is not Ok,5-Nov-14
93,924,Fachran,Indonesia,Couple,,Stayed 1 night in November 2014,8.7,Excellent,Very Nice,Wish next Time i can stay more day in Santika Hotel.,3-Nov-14
93,925,Triana,Indonesia,Family with young children,,Stayed 4 nights in October 2014,8.7,Excellent,Stay at Santika Bogor,"It was good, however the housekeeping service was not as good as when I stayed there before.",29-Oct-14
93,926,Yullia,Indonesia,Couple,Superior Room Queen,Stayed 1 night in April 2026,9.6,Exceptional,Sabtu ceria,"Over all bagus, makanan enak, lokasi sangat strategis. Tolong sediakan hair dryer di kamar biar tambah baik kualitas hotelnya",16-Apr-26
93,927,Latifah,Indonesia,Family with teens,Deluxe Room Queen,Stayed 1 night in February 2026,10,Exceptional,Rekomendasi staycation yang nyaman,"Kamar bersih dan terawat, staff yang ramah, akses ke mall lebih mudah, menu breakfast yang bervariasi dan enak enak, 🫶🏼",17-Feb-26
93,928,Novita,Indonesia,Solo traveler,Superior Room Queen,Stayed 1 night in May 2025,10,Exceptional,Terbaikk,"Hotel yang sangat nyaman, berada ditengah kota, dibawahnya ada mall, kalau mau jogging tinggal nyebrang ke kebun raya Bogor. Kamarnya sangat luas, bersih, rapih. Pokoknya the bestt😍",29-Sep-25
93,929,Mohammad,Singapore,Couple,Executive Room,Stayed 7 nights in April 2026,10,Exceptional,Staycation,Nothing to say. Everything is superb. Been staying here for so many times the standard and cleaniness is superb. Location is good and connected to the mall.,20-Apr-26
93,930,Abdika,Indonesia,Couple,Superior Room Queen,Stayed 1 night in April 2025,8.8,Excellent,Good and comfy stay,"Rating: 4/5 The room was a bit old but overall okay—clean and well-maintained. The bathroom, especially the shower, worked just fine. Food was decent, nothing special but acceptable. What really stood out was the service. All the staff were kind, warm, and very helpful throughout our stay. One unique perk was the exclusive access to Botani Square, which was a nice touch. The only downside was the lobby. It felt quite small and didn't give off an exclusive or premium vibe, which could be improved. Overall, a comfortable stay with great service!",17-Apr-25
94,931,Teck,Singapore,Couple,,Stayed 2 nights in October 2014,7.3,Very good,acceptable,No complain.,23-Oct-14
94,932,Bunardi,Indonesia,Family with young children,,Stayed 1 night in October 2014,8.3,Excellent,Good Budget Hotel in Great Location,Swimming Pool is too small and crowded,12-Oct-14
94,933,MOHD,Malaysia,Family with young children,,Stayed 1 night in October 2014,8.7,Excellent,good choice,,9-Oct-14
94,934,TJONG,Indonesia,Couple,,Stayed 1 night in September 2014,7.7,Very good,great hotel in bogor,very pleased experienced as usual with this great hotel.located in the middle of bogor city and close to all attractions,8-Oct-14
94,935,Erik,Indonesia,Business traveler,,Stayed 1 night in September 2014,6.3,Good,Good in location,,6-Oct-14
94,936,Yullia,Indonesia,Couple,Superior Room Queen,Stayed 1 night in April 2026,9.6,Exceptional,Sabtu ceria,"Over all bagus, makanan enak, lokasi sangat strategis. Tolong sediakan hair dryer di kamar biar tambah baik kualitas hotelnya",16-Apr-26
94,937,Latifah,Indonesia,Family with teens,Deluxe Room Queen,Stayed 1 night in February 2026,10,Exceptional,Rekomendasi staycation yang nyaman,"Kamar bersih dan terawat, staff yang ramah, akses ke mall lebih mudah, menu breakfast yang bervariasi dan enak enak, 🫶🏼",17-Feb-26
94,938,Novita,Indonesia,Solo traveler,Superior Room Queen,Stayed 1 night in May 2025,10,Exceptional,Terbaikk,"Hotel yang sangat nyaman, berada ditengah kota, dibawahnya ada mall, kalau mau jogging tinggal nyebrang ke kebun raya Bogor. Kamarnya sangat luas, bersih, rapih. Pokoknya the bestt😍",29-Sep-25
94,939,Mohammad,Singapore,Couple,Executive Room,Stayed 7 nights in April 2026,10,Exceptional,Staycation,Nothing to say. Everything is superb. Been staying here for so many times the standard and cleaniness is superb. Location is good and connected to the mall.,20-Apr-26
94,940,Abdika,Indonesia,Couple,Superior Room Queen,Stayed 1 night in April 2025,8.8,Excellent,Good and comfy stay,"Rating: 4/5 The room was a bit old but overall okay—clean and well-maintained. The bathroom, especially the shower, worked just fine. Food was decent, nothing special but acceptable. What really stood out was the service. All the staff were kind, warm, and very helpful throughout our stay. One unique perk was the exclusive access to Botani Square, which was a nice touch. The only downside was the lobby. It felt quite small and didn't give off an exclusive or premium vibe, which could be improved. Overall, a comfortable stay with great service!",17-Apr-25
95,941,Ibrahim,Singapore,Business traveler,,Stayed 2 nights in September 2014,9.3,Exceptional,Serene city fabulous hotel,Great location as e hotel is within e shopping mall. Great customer service...,8-Sep-14
95,942,Ingrid,Indonesia,Couple,,Stayed 2 nights in August 2014,8.7,Excellent,A good location hotel,It was a pleasant stay,27-Aug-14
95,943,Aneta,Belgium,Business traveler,,Stayed 5 nights in August 2014,9.7,Exceptional,Excellent location,"Excellent stay, excellent service. Very clean hotel and excellent staff. ONe recommendation - a fridge in the hotel room is needed.",26-Aug-14
95,944,Dewi,Indonesia,Solo traveler,,Stayed 1 night in June 2014,8.3,Excellent,Good Place Near Mall,"First time I stayed here and the best thing was definitely location. It was located adjacent to Mall and there were good foods near the Damri station as well. The others are standard Santika, because Santika is one of the famous hotel groups in Indonesia",25-Aug-14
95,945,Erica,Malaysia,Business traveler,,Stayed 1 night in July 2014,6,,Next to shopping mall,,15-Aug-14
95,946,Yullia,Indonesia,Couple,Superior Room Queen,Stayed 1 night in April 2026,9.6,Exceptional,Sabtu ceria,"Over all bagus, makanan enak, lokasi sangat strategis. Tolong sediakan hair dryer di kamar biar tambah baik kualitas hotelnya",16-Apr-26
95,947,Latifah,Indonesia,Family with teens,Deluxe Room Queen,Stayed 1 night in February 2026,10,Exceptional,Rekomendasi staycation yang nyaman,"Kamar bersih dan terawat, staff yang ramah, akses ke mall lebih mudah, menu breakfast yang bervariasi dan enak enak, 🫶🏼",17-Feb-26
95,948,Novita,Indonesia,Solo traveler,Superior Room Queen,Stayed 1 night in May 2025,10,Exceptional,Terbaikk,"Hotel yang sangat nyaman, berada ditengah kota, dibawahnya ada mall, kalau mau jogging tinggal nyebrang ke kebun raya Bogor. Kamarnya sangat luas, bersih, rapih. Pokoknya the bestt😍",29-Sep-25
95,949,Mohammad,Singapore,Couple,Executive Room,Stayed 7 nights in April 2026,10,Exceptional,Staycation,Nothing to say. Everything is superb. Been staying here for so many times the standard and cleaniness is superb. Location is good and connected to the mall.,20-Apr-26
95,950,Abdika,Indonesia,Couple,Superior Room Queen,Stayed 1 night in April 2025,8.8,Excellent,Good and comfy stay,"Rating: 4/5 The room was a bit old but overall okay—clean and well-maintained. The bathroom, especially the shower, worked just fine. Food was decent, nothing special but acceptable. What really stood out was the service. All the staff were kind, warm, and very helpful throughout our stay. One unique perk was the exclusive access to Botani Square, which was a nice touch. The only downside was the lobby. It felt quite small and didn't give off an exclusive or premium vibe, which could be improved. Overall, a comfortable stay with great service!",17-Apr-25
96,951,Godot,Indonesia,Couple,,Stayed 1 night in July 2014,6.3,Good,Little bit expensive and the food is everage,,12-Aug-14
96,952,mirawati,Indonesia,Family with young children,,Stayed 1 night in June 2013,6.7,Good,Nice stay,"its nice coz its located over a mall. So its really easy to find foods n entertainment. Since i was staying there in order to attend a symposium at the convention hall, so its really helpful staying there. Ita also very near the bogor jungle.",11-Aug-14
96,953,Hendra,Indonesia,Group,,Stayed 2 nights in August 2014,8,Excellent,great hotel,great hotel location which is near shopping center,7-Aug-14
96,954,elen,Indonesia,Family with young children,,Stayed 1 night in October 2013,10,Exceptional,nice hotel,its nice to stay in this hotel,7-Aug-14
96,955,Dwi,Indonesia,Business traveler,,Stayed 1 night in July 2014,8.3,Excellent,find a business at santika,"Good, good, and good",7-Aug-14
96,956,Yullia,Indonesia,Couple,Superior Room Queen,Stayed 1 night in April 2026,9.6,Exceptional,Sabtu ceria,"Over all bagus, makanan enak, lokasi sangat strategis. Tolong sediakan hair dryer di kamar biar tambah baik kualitas hotelnya",16-Apr-26
96,957,Latifah,Indonesia,Family with teens,Deluxe Room Queen,Stayed 1 night in February 2026,10,Exceptional,Rekomendasi staycation yang nyaman,"Kamar bersih dan terawat, staff yang ramah, akses ke mall lebih mudah, menu breakfast yang bervariasi dan enak enak, 🫶🏼",17-Feb-26
96,958,Novita,Indonesia,Solo traveler,Superior Room Queen,Stayed 1 night in May 2025,10,Exceptional,Terbaikk,"Hotel yang sangat nyaman, berada ditengah kota, dibawahnya ada mall, kalau mau jogging tinggal nyebrang ke kebun raya Bogor. Kamarnya sangat luas, bersih, rapih. Pokoknya the bestt😍",29-Sep-25
96,959,Mohammad,Singapore,Couple,Executive Room,Stayed 7 nights in April 2026,10,Exceptional,Staycation,Nothing to say. Everything is superb. Been staying here for so many times the standard and cleaniness is superb. Location is good and connected to the mall.,20-Apr-26
96,960,Abdika,Indonesia,Couple,Superior Room Queen,Stayed 1 night in April 2025,8.8,Excellent,Good and comfy stay,"Rating: 4/5 The room was a bit old but overall okay—clean and well-maintained. The bathroom, especially the shower, worked just fine. Food was decent, nothing special but acceptable. What really stood out was the service. All the staff were kind, warm, and very helpful throughout our stay. One unique perk was the exclusive access to Botani Square, which was a nice touch. The only downside was the lobby. It felt quite small and didn't give off an exclusive or premium vibe, which could be improved. Overall, a comfortable stay with great service!",17-Apr-25
97,961,MAHADI,Malaysia,Group,,Stayed 2 nights in October 2013,7.3,Very good,Good overall hotel,,31-Jul-14
97,962,suhairi,Malaysia,Business traveler,,Stayed 1 night in October 2013,7.3,Very good,Nice hotel,Pleasant short stay.,17-Jul-14
97,963,Robby,Indonesia,Family with young children,,Stayed 1 night in July 2014,5.3,,So so,"Nothing special, a very standard hotel with a high rate (not worth it).",14-Jul-14
97,964,Muhammad,Singapore,Couple,,Stayed 1 night in July 2014,7.7,Very good,Had a pleasant stay there. Will stay there again.,,14-Jul-14
97,965,Jeffrey,Netherlands,Couple,,Stayed 2 nights in June 2014,7.7,Very good,"Friendly staff, located next to bot.gardens",Hotel is situated behind or next to shopping mall. Located within 7 min walk to botanical gardens. Bogor does not offer more than these gardens we believe so staying for 1 night in Bogor is fine. Friendly staff and breakfast was good with plenty options.,5-Jul-14
97,966,Yullia,Indonesia,Couple,Superior Room Queen,Stayed 1 night in April 2026,9.6,Exceptional,Sabtu ceria,"Over all bagus, makanan enak, lokasi sangat strategis. Tolong sediakan hair dryer di kamar biar tambah baik kualitas hotelnya",16-Apr-26
97,967,Latifah,Indonesia,Family with teens,Deluxe Room Queen,Stayed 1 night in February 2026,10,Exceptional,Rekomendasi staycation yang nyaman,"Kamar bersih dan terawat, staff yang ramah, akses ke mall lebih mudah, menu breakfast yang bervariasi dan enak enak, 🫶🏼",17-Feb-26
97,968,Novita,Indonesia,Solo traveler,Superior Room Queen,Stayed 1 night in May 2025,10,Exceptional,Terbaikk,"Hotel yang sangat nyaman, berada ditengah kota, dibawahnya ada mall, kalau mau jogging tinggal nyebrang ke kebun raya Bogor. Kamarnya sangat luas, bersih, rapih. Pokoknya the bestt😍",29-Sep-25
97,969,Mohammad,Singapore,Couple,Executive Room,Stayed 7 nights in April 2026,10,Exceptional,Staycation,Nothing to say. Everything is superb. Been staying here for so many times the standard and cleaniness is superb. Location is good and connected to the mall.,20-Apr-26
97,970,Abdika,Indonesia,Couple,Superior Room Queen,Stayed 1 night in April 2025,8.8,Excellent,Good and comfy stay,"Rating: 4/5 The room was a bit old but overall okay—clean and well-maintained. The bathroom, especially the shower, worked just fine. Food was decent, nothing special but acceptable. What really stood out was the service. All the staff were kind, warm, and very helpful throughout our stay. One unique perk was the exclusive access to Botani Square, which was a nice touch. The only downside was the lobby. It felt quite small and didn't give off an exclusive or premium vibe, which could be improved. Overall, a comfortable stay with great service!",17-Apr-25
98,971,johannes,Indonesia,Couple,,Stayed 2 nights in January 2014,7.3,Very good,good,,29-Jun-14
98,972,Willy,Indonesia,Solo traveler,,Stayed 1 night in May 2014,7.7,Very good,Perfect stay in Bogor city area,"Nice stay, next to shopping areas and easy to get food, friendly staff.",25-Jun-14
98,973,VICKY,Indonesia,Family with young children,,Stayed 1 night in May 2014,6.3,Good,Nice place too have a short stay,"Short but fun, got a great deal via Agoda with the nice view room's",4-Jun-14
98,974,khairil,Indonesia,Family with young children,,Stayed 2 nights in May 2014,7.7,Very good,Leisure hotel for child and family,Very leisure and friendly staff,2-Jun-14
98,975,Felix,Indonesia,Couple,,Stayed 2 nights in May 2014,8,Excellent,Good Location,,26-May-14
98,976,Yullia,Indonesia,Couple,Superior Room Queen,Stayed 1 night in April 2026,9.6,Exceptional,Sabtu ceria,"Over all bagus, makanan enak, lokasi sangat strategis. Tolong sediakan hair dryer di kamar biar tambah baik kualitas hotelnya",16-Apr-26
98,977,Latifah,Indonesia,Family with teens,Deluxe Room Queen,Stayed 1 night in February 2026,10,Exceptional,Rekomendasi staycation yang nyaman,"Kamar bersih dan terawat, staff yang ramah, akses ke mall lebih mudah, menu breakfast yang bervariasi dan enak enak, 🫶🏼",17-Feb-26
98,978,Novita,Indonesia,Solo traveler,Superior Room Queen,Stayed 1 night in May 2025,10,Exceptional,Terbaikk,"Hotel yang sangat nyaman, berada ditengah kota, dibawahnya ada mall, kalau mau jogging tinggal nyebrang ke kebun raya Bogor. Kamarnya sangat luas, bersih, rapih. Pokoknya the bestt😍",29-Sep-25
98,979,Mohammad,Singapore,Couple,Executive Room,Stayed 7 nights in April 2026,10,Exceptional,Staycation,Nothing to say. Everything is superb. Been staying here for so many times the standard and cleaniness is superb. Location is good and connected to the mall.,20-Apr-26
98,980,Abdika,Indonesia,Couple,Superior Room Queen,Stayed 1 night in April 2025,8.8,Excellent,Good and comfy stay,"Rating: 4/5 The room was a bit old but overall okay—clean and well-maintained. The bathroom, especially the shower, worked just fine. Food was decent, nothing special but acceptable. What really stood out was the service. All the staff were kind, warm, and very helpful throughout our stay. One unique perk was the exclusive access to Botani Square, which was a nice touch. The only downside was the lobby. It felt quite small and didn't give off an exclusive or premium vibe, which could be improved. Overall, a comfortable stay with great service!",17-Apr-25
99,981,Daniel,United States,Business traveler,,Stayed 1 night in May 2014,9.7,Exceptional,Nice hotel in good location,"This is a fine hotel, and excellent place to stay for the price. The pool is really nice for child and adult alike. Excellent breakfast and the same kitchen provides quality room service. Very attentive and engaging staff. Good location near the botanical garden and next to the largest shopping mall in Bogor as well as many local restaurants and businesses. In this price range, I suppose it would be difficult to find a better place to stay.",22-May-14
99,982,Monika,Indonesia,Solo traveler,,Stayed 1 night in May 2014,7,Very good,Nice hotel with affordable price.,Everything was nice. The staff were so helpful to their guess.,19-May-14
99,983,patria,Indonesia,Family with young children,,Stayed 2 nights in March 2014,9.7,Exceptional,comfortable,nice,23-Apr-14
99,984,Ismet,Singapore,Group,,Stayed 3 nights in April 2014,8.7,Excellent,"Good value, central location",We booked 2 rooms which were clean and well maintained. Staff were friendly and helpful.,15-Apr-14
99,985,Dhanny,Indonesia,Group,,Stayed 1 night in March 2014,5,,Too expensive compare than what we got,"I found some tools in bath room is not working properly. small elevator and have to wait long time to use elevator. If not using valet parking, it would be nightmare when you have to find parking for your car in the weekend. I have breakfast at 8 am and found some food nothing left and have to wait 15 minutes to can get my chicken porridge. All staff do not offering me coffee/tea until we ask them to provide it, it's totally terrible. Overall is not good experience stay at this hotel and I'll never come back.",4-Apr-14
99,986,Yullia,Indonesia,Couple,Superior Room Queen,Stayed 1 night in April 2026,9.6,Exceptional,Sabtu ceria,"Over all bagus, makanan enak, lokasi sangat strategis. Tolong sediakan hair dryer di kamar biar tambah baik kualitas hotelnya",16-Apr-26
99,987,Latifah,Indonesia,Family with teens,Deluxe Room Queen,Stayed 1 night in February 2026,10,Exceptional,Rekomendasi staycation yang nyaman,"Kamar bersih dan terawat, staff yang ramah, akses ke mall lebih mudah, menu breakfast yang bervariasi dan enak enak, 🫶🏼",17-Feb-26
99,988,Novita,Indonesia,Solo traveler,Superior Room Queen,Stayed 1 night in May 2025,10,Exceptional,Terbaikk,"Hotel yang sangat nyaman, berada ditengah kota, dibawahnya ada mall, kalau mau jogging tinggal nyebrang ke kebun raya Bogor. Kamarnya sangat luas, bersih, rapih. Pokoknya the bestt😍",29-Sep-25
99,989,Mohammad,Singapore,Couple,Executive Room,Stayed 7 nights in April 2026,10,Exceptional,Staycation,Nothing to say. Everything is superb. Been staying here for so many times the standard and cleaniness is superb. Location is good and connected to the mall.,20-Apr-26
99,990,Abdika,Indonesia,Couple,Superior Room Queen,Stayed 1 night in April 2025,8.8,Excellent,Good and comfy stay,"Rating: 4/5 The room was a bit old but overall okay—clean and well-maintained. The bathroom, especially the shower, worked just fine. Food was decent, nothing special but acceptable. What really stood out was the service. All the staff were kind, warm, and very helpful throughout our stay. One unique perk was the exclusive access to Botani Square, which was a nice touch. The only downside was the lobby. It felt quite small and didn't give off an exclusive or premium vibe, which could be improved. Overall, a comfortable stay with great service!",17-Apr-25
100,991,Kim,Malaysia,Business traveler,,Stayed 1 night in March 2014,8.3,Excellent,Comfort with excellent service,It was pleasant which is great for both leisure and business.,3-Apr-14
100,992,Brenda,Indonesia,Family with young children,,Stayed 1 night in March 2014,7.3,Very good,"close to Jakarta, near the shopping area",Everything is handled ok. Quick check in and check out. Friendly staff.,2-Apr-14
100,993,the,Indonesia,Family with young children,,Stayed 2 nights in March 2014,6.3,Good,Very nice hotel,,1-Apr-14
100,994,Syazana,Malaysia,Family with young children,,Stayed 1 night in March 2014,9,Exceptional,Very well kept and clean room,"The stay was short but excellent. Only stayed overnite, took a bit of time during check in, but the room was worth it. Very clean with spacious bathroom. The extra bed was readied late, and the service during breakfast was slow.. Should have more waiters especially to deAl with morning crowd. Very wide choice of breakfast, both local and international menu available. Overall the stay was very good.",28-Mar-14
100,995,Liza,Malaysia,Solo traveler,,Stayed 1 night in March 2014,7.7,Very good,comfortable and worth it,Stay for only one night.The hotel conviniently located not far from the Botanical Garden. Around 10 minutes walk to gate 1...with lots to see along the way if you like to observe locals activities and interact with them. All staffs are courteous and helpful. The fact that the hotel connecting to a shopping mall add the plus point as you can look for what you need within 3 minutes walk. Convinient when you want to have quick meal after tiring day exploring the town.,26-Mar-14
100,996,Yullia,Indonesia,Couple,Superior Room Queen,Stayed 1 night in April 2026,9.6,Exceptional,Sabtu ceria,"Over all bagus, makanan enak, lokasi sangat strategis. Tolong sediakan hair dryer di kamar biar tambah baik kualitas hotelnya",16-Apr-26
100,997,Latifah,Indonesia,Family with teens,Deluxe Room Queen,Stayed 1 night in February 2026,10,Exceptional,Rekomendasi staycation yang nyaman,"Kamar bersih dan terawat, staff yang ramah, akses ke mall lebih mudah, menu breakfast yang bervariasi dan enak enak, 🫶🏼",17-Feb-26
100,998,Novita,Indonesia,Solo traveler,Superior Room Queen,Stayed 1 night in May 2025,10,Exceptional,Terbaikk,"Hotel yang sangat nyaman, berada ditengah kota, dibawahnya ada mall, kalau mau jogging tinggal nyebrang ke kebun raya Bogor. Kamarnya sangat luas, bersih, rapih. Pokoknya the bestt😍",29-Sep-25
100,999,Mohammad,Singapore,Couple,Executive Room,Stayed 7 nights in April 2026,10,Exceptional,Staycation,Nothing to say. Everything is superb. Been staying here for so many times the standard and cleaniness is superb. Location is good and connected to the mall.,20-Apr-26
100,1000,Abdika,Indonesia,Couple,Superior Room Queen,Stayed 1 night in April 2025,8.8,Excellent,Good and comfy stay,"Rating: 4/5 The room was a bit old but overall okay—clean and well-maintained. The bathroom, especially the shower, worked just fine. Food was decent, nothing special but acceptable. What really stood out was the service. All the staff were kind, warm, and very helpful throughout our stay. One unique perk was the exclusive access to Botani Square, which was a nice touch. The only downside was the lobby. It felt quite small and didn't give off an exclusive or premium vibe, which could be improved. Overall, a comfortable stay with great service!",17-Apr-25
101,1001,INYOUNG,South Korea,Couple,,Stayed 1 night in February 2014,7,Very good,Clean room and friendly staff,"It's located near Botanic square, so you can go to shopping easily.",23-Feb-14
101,1002,Bong,South Korea,Business traveler,,Stayed 5 nights in January 2014,10,Exceptional,Great location,Good to stay. Hotel is connected to the shopping mall and it's so convenient.,28-Jan-14
101,1003,Caroline,Indonesia,Couple,,Stayed 3 nights in January 2014,8.3,Excellent,Good hotel with reasonable price,Over all is good.. But the room has no hairdryer.,23-Jan-14
101,1004,Sutejo,Indonesia,Solo traveler,,Stayed 1 night in January 2014,7,Very good,Value for money,I stayed in the hotel for one night to attend a friend's wedding. Hotel is conveniently located with attached shopping mall. Room is spacious and worth every penny. Breakfast has a wide selection but average in taste.,22-Jan-14
101,1005,Paul,Germany,Family with teens,,Stayed 2 nights in June 2013,8,Excellent,"nice, clean, centrally located hotel","It's a quite short stay for me, but still i can enjoy my stay there. Breakfast is very good and all the staffs are very friendly",15-Jan-14
101,1006,Yullia,Indonesia,Couple,Superior Room Queen,Stayed 1 night in April 2026,9.6,Exceptional,Sabtu ceria,"Over all bagus, makanan enak, lokasi sangat strategis. Tolong sediakan hair dryer di kamar biar tambah baik kualitas hotelnya",16-Apr-26
101,1007,Latifah,Indonesia,Family with teens,Deluxe Room Queen,Stayed 1 night in February 2026,10,Exceptional,Rekomendasi staycation yang nyaman,"Kamar bersih dan terawat, staff yang ramah, akses ke mall lebih mudah, menu breakfast yang bervariasi dan enak enak, 🫶🏼",17-Feb-26
101,1008,Novita,Indonesia,Solo traveler,Superior Room Queen,Stayed 1 night in May 2025,10,Exceptional,Terbaikk,"Hotel yang sangat nyaman, berada ditengah kota, dibawahnya ada mall, kalau mau jogging tinggal nyebrang ke kebun raya Bogor. Kamarnya sangat luas, bersih, rapih. Pokoknya the bestt😍",29-Sep-25
101,1009,Mohammad,Singapore,Couple,Executive Room,Stayed 7 nights in April 2026,10,Exceptional,Staycation,Nothing to say. Everything is superb. Been staying here for so many times the standard and cleaniness is superb. Location is good and connected to the mall.,20-Apr-26
101,1010,Abdika,Indonesia,Couple,Superior Room Queen,Stayed 1 night in April 2025,8.8,Excellent,Good and comfy stay,"Rating: 4/5 The room was a bit old but overall okay—clean and well-maintained. The bathroom, especially the shower, worked just fine. Food was decent, nothing special but acceptable. What really stood out was the service. All the staff were kind, warm, and very helpful throughout our stay. One unique perk was the exclusive access to Botani Square, which was a nice touch. The only downside was the lobby. It felt quite small and didn't give off an exclusive or premium vibe, which could be improved. Overall, a comfortable stay with great service!",17-Apr-25
102,1011,Johnny,Indonesia,Family with young children,,Stayed 4 nights in December 2013,6.3,Good,Good hotel for shopping,"The room need attention to be repaired, AC machine is very noisy.",13-Jan-14
102,1012,Mohd,Malaysia,Family with young children,,Stayed 3 nights in November 2013,8.3,Excellent,"Perfect location, friendly staff and great bfast","Except the traffic to get there, everything else perfect for vacation",12-Jan-14
102,1013,muhamad,Malaysia,Solo traveler,,Stayed 2 nights in January 2014,8,Excellent,amazing,"i having a great time in santika.planning to get there back. connecting to botani mall.got everything there. cinema, choices of food. eazy to get public transport.u dint need to go far to get dinner, room service also good, The hotel is very modern and clean. However, the room is a medium size and the bathroom as well. its just a typical city and busineas hotel.",10-Jan-14
102,1014,Johny,Indonesia,Family with young children,,Stayed 2 nights in December 2013,6.7,Good,bad for service on b'fast,great except breakfast please make it better for breakfast,6-Jan-14
102,1015,anny,Indonesia,Family with young children,,Stayed 1 night in December 2013,9.3,Exceptional,its a shopping hotel,"this hotel was good for shopping and dining. so many restaurant around this hotel. nice staff, good food",6-Jan-14
102,1016,Yullia,Indonesia,Couple,Superior Room Queen,Stayed 1 night in April 2026,9.6,Exceptional,Sabtu ceria,"Over all bagus, makanan enak, lokasi sangat strategis. Tolong sediakan hair dryer di kamar biar tambah baik kualitas hotelnya",16-Apr-26
102,1017,Latifah,Indonesia,Family with teens,Deluxe Room Queen,Stayed 1 night in February 2026,10,Exceptional,Rekomendasi staycation yang nyaman,"Kamar bersih dan terawat, staff yang ramah, akses ke mall lebih mudah, menu breakfast yang bervariasi dan enak enak, 🫶🏼",17-Feb-26
102,1018,Novita,Indonesia,Solo traveler,Superior Room Queen,Stayed 1 night in May 2025,10,Exceptional,Terbaikk,"Hotel yang sangat nyaman, berada ditengah kota, dibawahnya ada mall, kalau mau jogging tinggal nyebrang ke kebun raya Bogor. Kamarnya sangat luas, bersih, rapih. Pokoknya the bestt😍",29-Sep-25
102,1019,Mohammad,Singapore,Couple,Executive Room,Stayed 7 nights in April 2026,10,Exceptional,Staycation,Nothing to say. Everything is superb. Been staying here for so many times the standard and cleaniness is superb. Location is good and connected to the mall.,20-Apr-26
102,1020,Abdika,Indonesia,Couple,Superior Room Queen,Stayed 1 night in April 2025,8.8,Excellent,Good and comfy stay,"Rating: 4/5 The room was a bit old but overall okay—clean and well-maintained. The bathroom, especially the shower, worked just fine. Food was decent, nothing special but acceptable. What really stood out was the service. All the staff were kind, warm, and very helpful throughout our stay. One unique perk was the exclusive access to Botani Square, which was a nice touch. The only downside was the lobby. It felt quite small and didn't give off an exclusive or premium vibe, which could be improved. Overall, a comfortable stay with great service!",17-Apr-25
103,1021,Nino,Indonesia,Solo traveler,,Stayed 1 night in January 2014,7.3,Very good,Nice hotel with great location,"I stayed for two days at the hotel. This hotel served well the purpose of my visit, as it is very well located near the botanical garden and I found it particularly useful that the hotel was connected to a shopping centre, where I had some meals and few small shopping in there. The hotel is new and tastefully decorated, the service is friendly and effectively, I also found the range of breakfast selections, with both Indonesian and Western dishes, fantastic.",4-Jan-14
103,1022,kurnia,Indonesia,Family with young children,,Stayed 1 night in December 2013,6,,Our stay at Hotel Santika Bogor was good,The room was clean and quite big. The only things we missed were no mini bar and the taste of breakfast menu was so flat.,3-Jan-14
103,1023,Mohd,Malaysia,Family with teens,,Stayed 3 nights in December 2013,10,Exceptional,Good hotel for leisure and business,Hotel Santika is centrally located in Bogor adjacent to the Botanical Gardens and Botanical Mall. Many restaurants surrounding the area. Comfortable room and friendly staff. Only 1-2 hrs drive to the Taman Safari.,2-Jan-14
103,1024,Tony,Indonesia,Family with young children,,Stayed 1 night in December 2013,8.7,Excellent,comfor room with friendly staffs,,28-Dec-13
103,1025,siti,Malaysia,Family with young children,,Stayed 4 nights in December 2013,8.7,Excellent,"good food, service- no fridge is the down side","this hotel is good choice for those who love to shopping because it is situated inside the mall, very near to the famous kebun bunga and presidential palace of bogor. Need to be carefull with the taxi and car renting- cause it might cost u a bomb if u are not with an indonesian companion.Food in bogor and particularly this hotel is superb. Breakfast choices was heaven for us. Up till 10 am the food is still available.",19-Dec-13
103,1026,Yullia,Indonesia,Couple,Superior Room Queen,Stayed 1 night in April 2026,9.6,Exceptional,Sabtu ceria,"Over all bagus, makanan enak, lokasi sangat strategis. Tolong sediakan hair dryer di kamar biar tambah baik kualitas hotelnya",16-Apr-26
103,1027,Latifah,Indonesia,Family with teens,Deluxe Room Queen,Stayed 1 night in February 2026,10,Exceptional,Rekomendasi staycation yang nyaman,"Kamar bersih dan terawat, staff yang ramah, akses ke mall lebih mudah, menu breakfast yang bervariasi dan enak enak, 🫶🏼",17-Feb-26
103,1028,Novita,Indonesia,Solo traveler,Superior Room Queen,Stayed 1 night in May 2025,10,Exceptional,Terbaikk,"Hotel yang sangat nyaman, berada ditengah kota, dibawahnya ada mall, kalau mau jogging tinggal nyebrang ke kebun raya Bogor. Kamarnya sangat luas, bersih, rapih. Pokoknya the bestt😍",29-Sep-25
103,1029,Mohammad,Singapore,Couple,Executive Room,Stayed 7 nights in April 2026,10,Exceptional,Staycation,Nothing to say. Everything is superb. Been staying here for so many times the standard and cleaniness is superb. Location is good and connected to the mall.,20-Apr-26
103,1030,Abdika,Indonesia,Couple,Superior Room Queen,Stayed 1 night in April 2025,8.8,Excellent,Good and comfy stay,"Rating: 4/5 The room was a bit old but overall okay—clean and well-maintained. The bathroom, especially the shower, worked just fine. Food was decent, nothing special but acceptable. What really stood out was the service. All the staff were kind, warm, and very helpful throughout our stay. One unique perk was the exclusive access to Botani Square, which was a nice touch. The only downside was the lobby. It felt quite small and didn't give off an exclusive or premium vibe, which could be improved. Overall, a comfortable stay with great service!",17-Apr-25
104,1031,Maria,Indonesia,Couple,,Stayed 1 night in October 2013,5.7,,"It's a standard hotel, not too good nor bad.",We don't expect that the hotel is near shopping mall. I expect some more trees and plants around.,15-Dec-13
104,1032,Siti,Malaysia,Family with young children,,Stayed 1 night in November 2013,10,Exceptional,Busy holiday spot,"Very nice stay. Every thing was very comforting except I couldn't book two different room online. I needed 1 room with 1 big bed and another with two single beds and both rooms connected. But anyway, upon checking in the management manage to change but the rooms are not connected... So my kids had to be separated and a bit difficult to monitor them as our rooms are not connected. Therefore, i suggest agoda to upgrade the online booking system to allow easy booking for guests like me with young children .",11-Dec-13
104,1033,Ghazi,Singapore,Family with young children,,Stayed 1 night in November 2013,7.7,Very good,Reasonably priced hotel for a night's stay,"Pros: the room was spacious and clean. basic toiletries were provided and the toilet was big enough. the bed was comfortable. TV with many channels. good-working air-con. work table in the room to do work and also a mini-sofa to lounge on. hotel was linked to the mall next door. just take the elevator to the basement level and walk through a short corridor. mall was not big but good enough. has a cinema, a number of eateries like old town white coffee, lotteria, a&w starbucks, coffeebean and jco. it also has a cinema and a supermarket. there is a 'taman bunga' or botanic gardens in front of the hotel entrance. staff was always smiling and friendly. Cons: 2 small lifts - can accomodate 3 persons with luggage or about 6 without. wi-fi in room was buggy. lost signal quite frequently. TV mounted on the wall was small. think it's only a 21"" LED TV.",30-Nov-13
104,1034,Anon,Thailand,Business traveler,,Stayed 2 nights in November 2013,8.3,Excellent,Good location for visit to the Botanical Garden.,"Very friendly staff. It's a few minutes by walking from Damri Bus Terminal (Bus from Jakarta Airport). Close to Botanic Square, the largest shopping mall in Bogor. Very easy to find local and international restaurant. 5 minutes walk from Bogor Botanical Garden.",29-Nov-13
104,1035,Dhita,Indonesia,Family with young children,,Stayed 1 night in November 2013,8,Excellent,Weekend stay with family,"The stay was nice. My daughter swim for 3 hours in the morning and just wouldn't stop. Easily went to the mall right next to it when needed. Nice breakfast. The bus shuttle station to the airport is located next to it, departing every 15 minutes.",20-Nov-13
104,1036,Yullia,Indonesia,Couple,Superior Room Queen,Stayed 1 night in April 2026,9.6,Exceptional,Sabtu ceria,"Over all bagus, makanan enak, lokasi sangat strategis. Tolong sediakan hair dryer di kamar biar tambah baik kualitas hotelnya",16-Apr-26
104,1037,Latifah,Indonesia,Family with teens,Deluxe Room Queen,Stayed 1 night in February 2026,10,Exceptional,Rekomendasi staycation yang nyaman,"Kamar bersih dan terawat, staff yang ramah, akses ke mall lebih mudah, menu breakfast yang bervariasi dan enak enak, 🫶🏼",17-Feb-26
104,1038,Novita,Indonesia,Solo traveler,Superior Room Queen,Stayed 1 night in May 2025,10,Exceptional,Terbaikk,"Hotel yang sangat nyaman, berada ditengah kota, dibawahnya ada mall, kalau mau jogging tinggal nyebrang ke kebun raya Bogor. Kamarnya sangat luas, bersih, rapih. Pokoknya the bestt😍",29-Sep-25
104,1039,Mohammad,Singapore,Couple,Executive Room,Stayed 7 nights in April 2026,10,Exceptional,Staycation,Nothing to say. Everything is superb. Been staying here for so many times the standard and cleaniness is superb. Location is good and connected to the mall.,20-Apr-26
104,1040,Abdika,Indonesia,Couple,Superior Room Queen,Stayed 1 night in April 2025,8.8,Excellent,Good and comfy stay,"Rating: 4/5 The room was a bit old but overall okay—clean and well-maintained. The bathroom, especially the shower, worked just fine. Food was decent, nothing special but acceptable. What really stood out was the service. All the staff were kind, warm, and very helpful throughout our stay. One unique perk was the exclusive access to Botani Square, which was a nice touch. The only downside was the lobby. It felt quite small and didn't give off an exclusive or premium vibe, which could be improved. Overall, a comfortable stay with great service!",17-Apr-25
105,1041,Dudy,Indonesia,Family with young children,,Stayed 1 night in August 2013,9,Exceptional,A nice family hotel located in the city centre.,"It was very nice for family stay, specifically for shopping and recreational purpose.",12-Nov-13
105,1042,MAHADI,Malaysia,Group,,Stayed 1 night in October 2013,8.7,Excellent,Short but a very nice stay,,1-Nov-13
105,1043,SUMARNI,Indonesia,Couple,,Stayed 2 nights in October 2013,7.7,Very good,Great Hotel,,21-Oct-13
105,1044,Alfons,Indonesia,Family with young children,,Stayed 1 night in October 2013,7,Very good,"Nice & Clean, Good Location","It is a nice hotel, located at the Central Bogor, walking distance to Botani Square, comfort room for family with young children",20-Oct-13
105,1045,Dodi,Indonesia,Family with teens,,Stayed 2 nights in October 2013,7.7,Very good,"Pleasant stay, good location","Was a pleasant stay overall. The receptionists are abit out of their hands dealing with many guests, and it slows down check-in. Breakfast was not the best, but service and hospitality was top notch. Location is the best out of all as the hotel stands side to side to a mall. You can go directly to the mall with ease. I can consider this is a very good hotel in Bogor.",18-Oct-13
105,1046,Yullia,Indonesia,Couple,Superior Room Queen,Stayed 1 night in April 2026,9.6,Exceptional,Sabtu ceria,"Over all bagus, makanan enak, lokasi sangat strategis. Tolong sediakan hair dryer di kamar biar tambah baik kualitas hotelnya",16-Apr-26
105,1047,Latifah,Indonesia,Family with teens,Deluxe Room Queen,Stayed 1 night in February 2026,10,Exceptional,Rekomendasi staycation yang nyaman,"Kamar bersih dan terawat, staff yang ramah, akses ke mall lebih mudah, menu breakfast yang bervariasi dan enak enak, 🫶🏼",17-Feb-26
105,1048,Novita,Indonesia,Solo traveler,Superior Room Queen,Stayed 1 night in May 2025,10,Exceptional,Terbaikk,"Hotel yang sangat nyaman, berada ditengah kota, dibawahnya ada mall, kalau mau jogging tinggal nyebrang ke kebun raya Bogor. Kamarnya sangat luas, bersih, rapih. Pokoknya the bestt😍",29-Sep-25
105,1049,Mohammad,Singapore,Couple,Executive Room,Stayed 7 nights in April 2026,10,Exceptional,Staycation,Nothing to say. Everything is superb. Been staying here for so many times the standard and cleaniness is superb. Location is good and connected to the mall.,20-Apr-26
105,1050,Abdika,Indonesia,Couple,Superior Room Queen,Stayed 1 night in April 2025,8.8,Excellent,Good and comfy stay,"Rating: 4/5 The room was a bit old but overall okay—clean and well-maintained. The bathroom, especially the shower, worked just fine. Food was decent, nothing special but acceptable. What really stood out was the service. All the staff were kind, warm, and very helpful throughout our stay. One unique perk was the exclusive access to Botani Square, which was a nice touch. The only downside was the lobby. It felt quite small and didn't give off an exclusive or premium vibe, which could be improved. Overall, a comfortable stay with great service!",17-Apr-25
106,1051,Sukiadi,Indonesia,Family with young children,,Stayed 1 night in October 2013,7.3,Very good,"Good Location, clean and friendly staff","the hotel is not too big but the deluxe room is not bad, its around 32 m2 and it is clean. It has pool view and wifi internet free. The hotel is located at the Botani Square mall, so you just go down the lobby and walk to the mall if you need something to eat or just walk around. In front of the hotel is Kebon Raya Bogor, it is famous for it's tree collection and nice to walk around.",17-Oct-13
106,1052,Richard,United Kingdom,Couple,,Stayed 1 night in October 2013,7.3,Very good,Good basic getaway from Jakarta,"We stayed for 1 night to escape the crowded city of Jakarta and to explore the botanic gardens. The hotel is very close to the gardens, about a 5 minute walk. The gardens are beautiful and very relaxing and worth the visit. The hotel was clean and basic and although a little expensive for what you get but it served a purpose. The breakfast was very crowded and chaotic but a good selection and the restaurant staff were friendly and happy to help. They even let us cook our pancakes the way we like which was nice. The spa attached to the hotel was expensive for what you get and although friendly the massage was not particularly good. If you go to Bogor for the Botanical gardens then you could do a lot worse than stay at Santika for a night.",16-Oct-13
106,1053,HIROSHI,Japan,Business traveler,,Stayed 1 night in July 2013,8.7,Excellent,Friendly staff,"I have stayed Santika hotel group in indonesia, such as Malang and Balikpapang. As same as other hotel, staff of Santika bogor are well trained and friendly. A room is simple but OK for staying. WiFi is high speed and stable enough. Hotel is just next to shopping center you can get everything there.",10-Oct-13
106,1054,Sjaeful,Indonesia,Family with young children,,Stayed 1 night in September 2013,10,Exceptional,"comfortable, hospitality",,3-Oct-13
106,1055,khuder,Saudi Arabia,Solo traveler,,Stayed 4 nights in September 2013,7.3,Very good,"Fantastic, I have enjoyed, my stay in this hotel .","It was very good , it was my first vist to Bogor. I like this hotel, for it location to the mall. The staff were friendly. The room, is very comfortable, big bed, clean barthroom.",26-Sep-13
106,1056,Yullia,Indonesia,Couple,Superior Room Queen,Stayed 1 night in April 2026,9.6,Exceptional,Sabtu ceria,"Over all bagus, makanan enak, lokasi sangat strategis. Tolong sediakan hair dryer di kamar biar tambah baik kualitas hotelnya",16-Apr-26
106,1057,Latifah,Indonesia,Family with teens,Deluxe Room Queen,Stayed 1 night in February 2026,10,Exceptional,Rekomendasi staycation yang nyaman,"Kamar bersih dan terawat, staff yang ramah, akses ke mall lebih mudah, menu breakfast yang bervariasi dan enak enak, 🫶🏼",17-Feb-26
106,1058,Novita,Indonesia,Solo traveler,Superior Room Queen,Stayed 1 night in May 2025,10,Exceptional,Terbaikk,"Hotel yang sangat nyaman, berada ditengah kota, dibawahnya ada mall, kalau mau jogging tinggal nyebrang ke kebun raya Bogor. Kamarnya sangat luas, bersih, rapih. Pokoknya the bestt😍",29-Sep-25
106,1059,Mohammad,Singapore,Couple,Executive Room,Stayed 7 nights in April 2026,10,Exceptional,Staycation,Nothing to say. Everything is superb. Been staying here for so many times the standard and cleaniness is superb. Location is good and connected to the mall.,20-Apr-26
106,1060,Abdika,Indonesia,Couple,Superior Room Queen,Stayed 1 night in April 2025,8.8,Excellent,Good and comfy stay,"Rating: 4/5 The room was a bit old but overall okay—clean and well-maintained. The bathroom, especially the shower, worked just fine. Food was decent, nothing special but acceptable. What really stood out was the service. All the staff were kind, warm, and very helpful throughout our stay. One unique perk was the exclusive access to Botani Square, which was a nice touch. The only downside was the lobby. It felt quite small and didn't give off an exclusive or premium vibe, which could be improved. Overall, a comfortable stay with great service!",17-Apr-25
107,1061,Raden,Indonesia,Family with young children,,Stayed 1 night in September 2013,7.3,Very good,Enjoy,Just enjoy the stay with my family. Kids complained about no kid's club or playground. Swimming pool have poor fun for kids.,10-Sep-13
107,1062,Sony,Indonesia,Business traveler,,Stayed 1 night in September 2013,8.3,Excellent,"Good location, close to main mall in Bogor",,9-Sep-13
107,1063,Yuky,Indonesia,Business traveler,,Stayed 1 night in August 2013,8,Excellent,old hotel but nice and comfort,I am impressed with this hotel. Eventhough the hotel is old but still clean and have the comfort room and bed.,30-Aug-13
107,1064,uke,Indonesia,Family with young children,,Stayed 1 night in August 2013,6.7,Good,location is the key,"is all about location, integrated area with shopingg mall and close to kebun raya bogor/boyanical garden",21-Aug-13
107,1065,Abdullah,Indonesia,Family with young children,,Stayed 1 night in August 2013,6.7,Good,Nice Bed Matras and Clean,,20-Aug-13
107,1066,Yullia,Indonesia,Couple,Superior Room Queen,Stayed 1 night in April 2026,9.6,Exceptional,Sabtu ceria,"Over all bagus, makanan enak, lokasi sangat strategis. Tolong sediakan hair dryer di kamar biar tambah baik kualitas hotelnya",16-Apr-26
107,1067,Latifah,Indonesia,Family with teens,Deluxe Room Queen,Stayed 1 night in February 2026,10,Exceptional,Rekomendasi staycation yang nyaman,"Kamar bersih dan terawat, staff yang ramah, akses ke mall lebih mudah, menu breakfast yang bervariasi dan enak enak, 🫶🏼",17-Feb-26
107,1068,Novita,Indonesia,Solo traveler,Superior Room Queen,Stayed 1 night in May 2025,10,Exceptional,Terbaikk,"Hotel yang sangat nyaman, berada ditengah kota, dibawahnya ada mall, kalau mau jogging tinggal nyebrang ke kebun raya Bogor. Kamarnya sangat luas, bersih, rapih. Pokoknya the bestt😍",29-Sep-25
107,1069,Mohammad,Singapore,Couple,Executive Room,Stayed 7 nights in April 2026,10,Exceptional,Staycation,Nothing to say. Everything is superb. Been staying here for so many times the standard and cleaniness is superb. Location is good and connected to the mall.,20-Apr-26
107,1070,Abdika,Indonesia,Couple,Superior Room Queen,Stayed 1 night in April 2025,8.8,Excellent,Good and comfy stay,"Rating: 4/5 The room was a bit old but overall okay—clean and well-maintained. The bathroom, especially the shower, worked just fine. Food was decent, nothing special but acceptable. What really stood out was the service. All the staff were kind, warm, and very helpful throughout our stay. One unique perk was the exclusive access to Botani Square, which was a nice touch. The only downside was the lobby. It felt quite small and didn't give off an exclusive or premium vibe, which could be improved. Overall, a comfortable stay with great service!",17-Apr-25
108,1071,john,United States,Business traveler,,Stayed 1 night in July 2013,6.3,Good,"fine hotel, but expensive for what you get","My only complaint was that I arrived at noon but they would not check me in until 2 pm and made no effort to hurry the process or otherwise accommodate me during the wait. Hotel is very basic, but clean. Very expensive compared to other hotels in area.",19-Jul-13
108,1072,helena,Indonesia,Couple,,Stayed 2 nights in May 2013,8.7,Excellent,"clean room, easy access, comfort room","comfort room, nice bathroom, not friendly staffs to Indonesian people, good service on the restaurant when brakfast time",13-Jul-13
108,1073,Lucia,Indonesia,Family with young children,,Stayed 3 nights in August 2012,6.7,Good,close to mall for a short lunch or dinner,it was a small hotel but convenient,8-Jul-13
108,1074,WIN,Myanmar,Solo traveler,,Stayed 1 night in June 2013,6.7,Good,Ordinary hotel at central,"My room was not on a high floor so I did not get the good view of the city. Hotel stuffs are heelpful and friendly. The room is clean enough.the hotel is located beside the shopping mall. To be honest,the prize is still expensive for a ordinary hotel.",26-Jun-13
108,1075,Alex,Singapore,Family with young children,,Stayed 1 night in June 2013,9,Exceptional,Nice clean hotel room,,17-Jun-13
108,1076,Yullia,Indonesia,Couple,Superior Room Queen,Stayed 1 night in April 2026,9.6,Exceptional,Sabtu ceria,"Over all bagus, makanan enak, lokasi sangat strategis. Tolong sediakan hair dryer di kamar biar tambah baik kualitas hotelnya",16-Apr-26
108,1077,Latifah,Indonesia,Family with teens,Deluxe Room Queen,Stayed 1 night in February 2026,10,Exceptional,Rekomendasi staycation yang nyaman,"Kamar bersih dan terawat, staff yang ramah, akses ke mall lebih mudah, menu breakfast yang bervariasi dan enak enak, 🫶🏼",17-Feb-26
108,1078,Novita,Indonesia,Solo traveler,Superior Room Queen,Stayed 1 night in May 2025,10,Exceptional,Terbaikk,"Hotel yang sangat nyaman, berada ditengah kota, dibawahnya ada mall, kalau mau jogging tinggal nyebrang ke kebun raya Bogor. Kamarnya sangat luas, bersih, rapih. Pokoknya the bestt😍",29-Sep-25
108,1079,Mohammad,Singapore,Couple,Executive Room,Stayed 7 nights in April 2026,10,Exceptional,Staycation,Nothing to say. Everything is superb. Been staying here for so many times the standard and cleaniness is superb. Location is good and connected to the mall.,20-Apr-26
108,1080,Abdika,Indonesia,Couple,Superior Room Queen,Stayed 1 night in April 2025,8.8,Excellent,Good and comfy stay,"Rating: 4/5 The room was a bit old but overall okay—clean and well-maintained. The bathroom, especially the shower, worked just fine. Food was decent, nothing special but acceptable. What really stood out was the service. All the staff were kind, warm, and very helpful throughout our stay. One unique perk was the exclusive access to Botani Square, which was a nice touch. The only downside was the lobby. It felt quite small and didn't give off an exclusive or premium vibe, which could be improved. Overall, a comfortable stay with great service!",17-Apr-25
109,1081,Alfan,Indonesia,Family with young children,,Stayed 1 night in June 2013,7,Very good,Nice Hotels with the huge price,,14-Jun-13
109,1082,Anne,Australia,Group,,Stayed 4 nights in April 2013,9.3,Exceptional,Wonderful experience,"We were delighted with our choice of the Hotel Santika. It was clean, comfortable, had good aircon, clean pool, breakfast over looking lovely pool. Next door is the Botany Square shopping centre open till 10pm every night. Safe walkway from the hotel to shops. We had a family bereavement while staying at the hotel and the staff were just fantastic in helping us deal with the arrangements we needed to make. They were all very compassionate and went the extra mile for us. Thanks Santika, we will definitely come again.",6-Jun-13
109,1083,Umarani,Malaysia,Business traveler,,Stayed 3 nights in May 2013,8,Excellent,It was pretty comfortable,My stay at the hotel was good. But I do not wish to be greeted in a wrong language where the staff got my ethnicity wrong because of my skin colour. I have stayed at this hotel a couple of times and this is not the first time I was greeted in a wrong language.,4-Jun-13
109,1084,Fauziah,Malaysia,Business traveler,,Stayed 2 nights in May 2013,9,Exceptional,"Comfortable, Nice and friendly",,28-May-13
109,1085,zainal,Malaysia,Group,,Stayed 2 nights in May 2013,7.7,Very good,ok,,20-May-13
109,1086,Yullia,Indonesia,Couple,Superior Room Queen,Stayed 1 night in April 2026,9.6,Exceptional,Sabtu ceria,"Over all bagus, makanan enak, lokasi sangat strategis. Tolong sediakan hair dryer di kamar biar tambah baik kualitas hotelnya",16-Apr-26
109,1087,Latifah,Indonesia,Family with teens,Deluxe Room Queen,Stayed 1 night in February 2026,10,Exceptional,Rekomendasi staycation yang nyaman,"Kamar bersih dan terawat, staff yang ramah, akses ke mall lebih mudah, menu breakfast yang bervariasi dan enak enak, 🫶🏼",17-Feb-26
109,1088,Novita,Indonesia,Solo traveler,Superior Room Queen,Stayed 1 night in May 2025,10,Exceptional,Terbaikk,"Hotel yang sangat nyaman, berada ditengah kota, dibawahnya ada mall, kalau mau jogging tinggal nyebrang ke kebun raya Bogor. Kamarnya sangat luas, bersih, rapih. Pokoknya the bestt😍",29-Sep-25
109,1089,Mohammad,Singapore,Couple,Executive Room,Stayed 7 nights in April 2026,10,Exceptional,Staycation,Nothing to say. Everything is superb. Been staying here for so many times the standard and cleaniness is superb. Location is good and connected to the mall.,20-Apr-26
109,1090,Abdika,Indonesia,Couple,Superior Room Queen,Stayed 1 night in April 2025,8.8,Excellent,Good and comfy stay,"Rating: 4/5 The room was a bit old but overall okay—clean and well-maintained. The bathroom, especially the shower, worked just fine. Food was decent, nothing special but acceptable. What really stood out was the service. All the staff were kind, warm, and very helpful throughout our stay. One unique perk was the exclusive access to Botani Square, which was a nice touch. The only downside was the lobby. It felt quite small and didn't give off an exclusive or premium vibe, which could be improved. Overall, a comfortable stay with great service!",17-Apr-25
110,1091,Anne,Australia,Group,,Stayed 4 nights in April 2013,9.3,Exceptional,Wonderful,"We loved the Hotel Santika. It was clean & comfortable, and the staff were fantastic. Lots of choice for breakfast. The best thing about the location of the hotel was that it has an access way into the adjoining Botani Square. You can shop every night until 10pm.",6-May-13
110,1092,Fausia,Indonesia,Family with teens,,Stayed 1 night in October 2012,7.7,Very good,Closest hotel to the Botani Square Shopping Mall,,4-May-13
110,1093,MISHARI,Saudi Arabia,Solo traveler,,Stayed 3 nights in April 2013,9.7,Exceptional,"great staffs, great services","it was great, and the staff was so friendly. I remembered that I made an order of coffee in the lobby and they forgot me then they give it to me free.",27-Apr-13
110,1094,Yulia,Indonesia,Family with young children,,Stayed 2 nights in April 2013,10,Exceptional,Nice hotel,Sangat menyenangkan dan dengan Mall dan pelayanan hotel sangat luar biasa,26-Apr-13
110,1095,andy,Indonesia,Family with young children,,Stayed 1 night in May 2012,7.3,Very good,Best location,,21-Apr-13
110,1096,Yullia,Indonesia,Couple,Superior Room Queen,Stayed 1 night in April 2026,9.6,Exceptional,Sabtu ceria,"Over all bagus, makanan enak, lokasi sangat strategis. Tolong sediakan hair dryer di kamar biar tambah baik kualitas hotelnya",16-Apr-26
110,1097,Latifah,Indonesia,Family with teens,Deluxe Room Queen,Stayed 1 night in February 2026,10,Exceptional,Rekomendasi staycation yang nyaman,"Kamar bersih dan terawat, staff yang ramah, akses ke mall lebih mudah, menu breakfast yang bervariasi dan enak enak, 🫶🏼",17-Feb-26
110,1098,Novita,Indonesia,Solo traveler,Superior Room Queen,Stayed 1 night in May 2025,10,Exceptional,Terbaikk,"Hotel yang sangat nyaman, berada ditengah kota, dibawahnya ada mall, kalau mau jogging tinggal nyebrang ke kebun raya Bogor. Kamarnya sangat luas, bersih, rapih. Pokoknya the bestt😍",29-Sep-25
110,1099,Mohammad,Singapore,Couple,Executive Room,Stayed 7 nights in April 2026,10,Exceptional,Staycation,Nothing to say. Everything is superb. Been staying here for so many times the standard and cleaniness is superb. Location is good and connected to the mall.,20-Apr-26
110,1100,Abdika,Indonesia,Couple,Superior Room Queen,Stayed 1 night in April 2025,8.8,Excellent,Good and comfy stay,"Rating: 4/5 The room was a bit old but overall okay—clean and well-maintained. The bathroom, especially the shower, worked just fine. Food was decent, nothing special but acceptable. What really stood out was the service. All the staff were kind, warm, and very helpful throughout our stay. One unique perk was the exclusive access to Botani Square, which was a nice touch. The only downside was the lobby. It felt quite small and didn't give off an exclusive or premium vibe, which could be improved. Overall, a comfortable stay with great service!",17-Apr-25
111,1101,Fajar,Indonesia,Family with young children,,Stayed 1 night in April 2013,8,Excellent,Good Stay Expiriences,,18-Apr-13
111,1102,Christian,Indonesia,Business traveler,,Stayed 1 night in April 2013,10,Exceptional,RELAXING and BEAUTIFUL HOTEL,"Santika hotel is the best place in Bogor that i would like to suggest. Come with DAMRI (AIRPORT BUS) and park directly in Hotel area. The hotel also connecting with BOTANI SQUARE the best shopping mall in Bogor. The STAFF also good service. Fast CHECKIN CHECK OUT. EASY to find taxi. NICE and DELICIOUS Breakfast, Nice swimming pool, Big Room , Relaxing, Good Bed, Nice Bath Room, Many choice of TV Chanel",15-Apr-13
111,1103,Alessandro,Italy,Couple,,Stayed 2 nights in March 2013,8,Excellent,"Clean, comfortable hotel near botanic garden",,15-Apr-13
111,1104,Habil,Singapore,Solo traveler,,Stayed 1 night in February 2013,4.7,,JUST AVERAGE,,6-Apr-13
111,1105,Theo,Indonesia,Business traveler,,Stayed 3 nights in March 2013,8,Excellent,TOP Staff,"The staff of Hotel Santika are among the friendlist, most cheerful and helpful you will find anyway. Absolutely charming and hospitable, with ever-ready smiles! The location is also great, walking distance to the Bogor Botanical Gardens and the Bogor bus terminal, and adjacent to IPB and a nice shopping center. The hotel is bright, modern and clean, and well maintained. Breakfast buffet is very good. Beds, linens and pillows are excellent. But, why is everything so small at this hotel? Lobby is small. Rooms are small. Bathrooms are small. TVs are small. Closet space is limited. ""Fitness center"" is small. If you're interested to reduce your carbon footprint, the smallness of this hotel will appeal. The hotel has only two slow lifts, so waits can be long just to get up and down. Walls are thin; hallways are noisy and banging doors can be annoying. Overall, this hotel has some very nice aspects and some that are rather frustrating. Depending on what's important to you, this hotel can be wonderful or disappointing. On average: average to good.",30-Mar-13
111,1106,Yullia,Indonesia,Couple,Superior Room Queen,Stayed 1 night in April 2026,9.6,Exceptional,Sabtu ceria,"Over all bagus, makanan enak, lokasi sangat strategis. Tolong sediakan hair dryer di kamar biar tambah baik kualitas hotelnya",16-Apr-26
111,1107,Latifah,Indonesia,Family with teens,Deluxe Room Queen,Stayed 1 night in February 2026,10,Exceptional,Rekomendasi staycation yang nyaman,"Kamar bersih dan terawat, staff yang ramah, akses ke mall lebih mudah, menu breakfast yang bervariasi dan enak enak, 🫶🏼",17-Feb-26
111,1108,Novita,Indonesia,Solo traveler,Superior Room Queen,Stayed 1 night in May 2025,10,Exceptional,Terbaikk,"Hotel yang sangat nyaman, berada ditengah kota, dibawahnya ada mall, kalau mau jogging tinggal nyebrang ke kebun raya Bogor. Kamarnya sangat luas, bersih, rapih. Pokoknya the bestt😍",29-Sep-25
111,1109,Mohammad,Singapore,Couple,Executive Room,Stayed 7 nights in April 2026,10,Exceptional,Staycation,Nothing to say. Everything is superb. Been staying here for so many times the standard and cleaniness is superb. Location is good and connected to the mall.,20-Apr-26
111,1110,Abdika,Indonesia,Couple,Superior Room Queen,Stayed 1 night in April 2025,8.8,Excellent,Good and comfy stay,"Rating: 4/5 The room was a bit old but overall okay—clean and well-maintained. The bathroom, especially the shower, worked just fine. Food was decent, nothing special but acceptable. What really stood out was the service. All the staff were kind, warm, and very helpful throughout our stay. One unique perk was the exclusive access to Botani Square, which was a nice touch. The only downside was the lobby. It felt quite small and didn't give off an exclusive or premium vibe, which could be improved. Overall, a comfortable stay with great service!",17-Apr-25
112,1111,Theo,Indonesia,Solo traveler,,Stayed 3 nights in March 2013,8,Excellent,Back to Nature,Located in the heart of Bogor. Connected to a shopping center (Botani Square). Has a minimalist design but the rooms are quite spacious. various local food for breakfast. Limited parking area but on top of all the staff are TOP,30-Mar-13
112,1112,Sharifah,Singapore,Family with teens,,Stayed 3 nights in February 2013,7.7,Very good,"Enjoyable stay, exceed expectations with high qual",,26-Mar-13
112,1113,Mikael,Indonesia,Couple,,Stayed 1 night in March 2013,6.3,Good,"A nice hotel, near to a great shoping mall","I really enjoyed the place since its very comfortabl. Though, i'm bit disturbed with the staffs since they keep knocking while i was taking a rest. But, location-wise , it's really great. The hotel is very near with shopping mall, and local food center. The food also okay. Not the best food in town, but it's nice to stay there. I may stay anoher night, even the price is quite expensive for a three stars hotel.",15-Mar-13
112,1114,Andrew,Indonesia,Solo traveler,,Stayed 1 night in March 2013,4.3,,a convenience hotel near shoppong mall and garden,"increase the quality of hotel service, we stayed at suite room but cannot ask for extra towels, price not appropriate with service provided, although the hotel is located very convenient close to shopping mall and kebun raya bogor.",13-Mar-13
112,1115,Kane,Australia,Family with young children,,Stayed 3 nights in February 2013,8.3,Excellent,Good location clean rooms good value,"Hotel Santika has the best location in bogor, connected to Botani Square mall which is the best mall in bogor. Good value, clean rooms, thumbs up.",7-Mar-13
112,1116,Yullia,Indonesia,Couple,Superior Room Queen,Stayed 1 night in April 2026,9.6,Exceptional,Sabtu ceria,"Over all bagus, makanan enak, lokasi sangat strategis. Tolong sediakan hair dryer di kamar biar tambah baik kualitas hotelnya",16-Apr-26
112,1117,Latifah,Indonesia,Family with teens,Deluxe Room Queen,Stayed 1 night in February 2026,10,Exceptional,Rekomendasi staycation yang nyaman,"Kamar bersih dan terawat, staff yang ramah, akses ke mall lebih mudah, menu breakfast yang bervariasi dan enak enak, 🫶🏼",17-Feb-26
112,1118,Novita,Indonesia,Solo traveler,Superior Room Queen,Stayed 1 night in May 2025,10,Exceptional,Terbaikk,"Hotel yang sangat nyaman, berada ditengah kota, dibawahnya ada mall, kalau mau jogging tinggal nyebrang ke kebun raya Bogor. Kamarnya sangat luas, bersih, rapih. Pokoknya the bestt😍",29-Sep-25
112,1119,Mohammad,Singapore,Couple,Executive Room,Stayed 7 nights in April 2026,10,Exceptional,Staycation,Nothing to say. Everything is superb. Been staying here for so many times the standard and cleaniness is superb. Location is good and connected to the mall.,20-Apr-26
112,1120,Abdika,Indonesia,Couple,Superior Room Queen,Stayed 1 night in April 2025,8.8,Excellent,Good and comfy stay,"Rating: 4/5 The room was a bit old but overall okay—clean and well-maintained. The bathroom, especially the shower, worked just fine. Food was decent, nothing special but acceptable. What really stood out was the service. All the staff were kind, warm, and very helpful throughout our stay. One unique perk was the exclusive access to Botani Square, which was a nice touch. The only downside was the lobby. It felt quite small and didn't give off an exclusive or premium vibe, which could be improved. Overall, a comfortable stay with great service!",17-Apr-25
113,1121,YUDHIA,Indonesia,Couple,,Stayed 1 night in February 2013,5,,Good location but poor facility,Nothing much to say for this hotel just if you need a place to stay close to the Botani Square Mall this would be the place that you need to be. The room is small and nothing to do much. I pay too much for this and I was disappointed to get a room with no bathtub and also very poor. Car park join together with the mall and really difficulty to find a space.,20-Feb-13
113,1122,En,Singapore,Couple,,Stayed 3 nights in February 2013,6.7,Good,Convenient Hotel,"As it invariably rains in the afternoon we could ,at our own free time,shop or have our dinner without getting wet or frantically looking for a cab. Breakfast was satisfactory . The room was ok except that the TV transmission was frequently interrupted and a few channels although indicated in the list were absent",16-Feb-13
113,1123,Kane,Australia,Family with young children,,Stayed 1 night in May 2012,8,Excellent,Great location,"hotel is in a great location, in central bogor. it is connected to botani square mall. it has everything you could need, lots of food and beverage options and a giant supermarket inside. the rooms were clean and the staff were helpful and friendly. breakfast was okay, not that many western options but it was good enough. would stay there again for the location.",14-Feb-13
113,1124,lucky,Indonesia,Couple,,Stayed 1 night in January 2013,6,,nice and small,"whether you're in town for business or pleasure, look no further than hotel santika bogor - quite simply, the perfect choice!",2-Feb-13
113,1125,Toni,Indonesia,Family with young children,,Stayed 1 night in January 2013,7,Very good,Nice view from my room,"The hotel location is near botani square shopping mall and botanical garden so you can reach them by walk. If you want any kind of food you can find it around the hotel especially in the mall or if you just want to sightseeing, there is so many places to go near the hotel. Suitable hotel for business trip or family trip.",30-Jan-13
113,1126,Yullia,Indonesia,Couple,Superior Room Queen,Stayed 1 night in April 2026,9.6,Exceptional,Sabtu ceria,"Over all bagus, makanan enak, lokasi sangat strategis. Tolong sediakan hair dryer di kamar biar tambah baik kualitas hotelnya",16-Apr-26
113,1127,Latifah,Indonesia,Family with teens,Deluxe Room Queen,Stayed 1 night in February 2026,10,Exceptional,Rekomendasi staycation yang nyaman,"Kamar bersih dan terawat, staff yang ramah, akses ke mall lebih mudah, menu breakfast yang bervariasi dan enak enak, 🫶🏼",17-Feb-26
113,1128,Novita,Indonesia,Solo traveler,Superior Room Queen,Stayed 1 night in May 2025,10,Exceptional,Terbaikk,"Hotel yang sangat nyaman, berada ditengah kota, dibawahnya ada mall, kalau mau jogging tinggal nyebrang ke kebun raya Bogor. Kamarnya sangat luas, bersih, rapih. Pokoknya the bestt😍",29-Sep-25
113,1129,Mohammad,Singapore,Couple,Executive Room,Stayed 7 nights in April 2026,10,Exceptional,Staycation,Nothing to say. Everything is superb. Been staying here for so many times the standard and cleaniness is superb. Location is good and connected to the mall.,20-Apr-26
113,1130,Abdika,Indonesia,Couple,Superior Room Queen,Stayed 1 night in April 2025,8.8,Excellent,Good and comfy stay,"Rating: 4/5 The room was a bit old but overall okay—clean and well-maintained. The bathroom, especially the shower, worked just fine. Food was decent, nothing special but acceptable. What really stood out was the service. All the staff were kind, warm, and very helpful throughout our stay. One unique perk was the exclusive access to Botani Square, which was a nice touch. The only downside was the lobby. It felt quite small and didn't give off an exclusive or premium vibe, which could be improved. Overall, a comfortable stay with great service!",17-Apr-25
114,1131,MIRA,Indonesia,Couple,,Stayed 1 night in January 2013,9.7,Exceptional,Nice hotel with good location,"We're happy with our stay, friendly staffs from valet service, front office until the waiter at breakfast time. Room was spacious and modern. Breakfast was good.",29-Jan-13
114,1132,MICKY,Indonesia,Couple,,Stayed 1 night in January 2013,7,Very good,great location,"location in the center of bogor city, near the great garden, shopping mall, and factory outlet",28-Jan-13
114,1133,adnan,Malaysia,Solo traveler,,Stayed 3 nights in December 2012,8.3,Excellent,Strategic hotel location and easy access amenities,suitable hotel for golfers and business travellers. staff are responsive and courteous,10-Jan-13
114,1134,azmanuddin,Malaysia,Family with teens,,Stayed 3 nights in December 2012,9.3,Exceptional,Perfect location,"Location of the hotel is very convenient for travellers to enter Bogor from Highway. Located within shopping mall, easy to get access to shops, restaurants and banks. Only problem is parking which is integrated with the parking for public to the malls. Breakfast choice is excellent. overall it is a choice of my next trip to this area",7-Jan-13
114,1135,Elvi,Indonesia,Family with young children,,Stayed 1 night in January 2013,8.7,Excellent,friendly staff at great location,"All staffs are friendly, check in process is efficient and fast. Located at the Botani Square mall, very easy to find food shops, entertainment for young children. Breakfast is very good, has lots of food varieties. Additional charge for young child is at reasonable price.",7-Jan-13
114,1136,Yullia,Indonesia,Couple,Superior Room Queen,Stayed 1 night in April 2026,9.6,Exceptional,Sabtu ceria,"Over all bagus, makanan enak, lokasi sangat strategis. Tolong sediakan hair dryer di kamar biar tambah baik kualitas hotelnya",16-Apr-26
114,1137,Latifah,Indonesia,Family with teens,Deluxe Room Queen,Stayed 1 night in February 2026,10,Exceptional,Rekomendasi staycation yang nyaman,"Kamar bersih dan terawat, staff yang ramah, akses ke mall lebih mudah, menu breakfast yang bervariasi dan enak enak, 🫶🏼",17-Feb-26
114,1138,Novita,Indonesia,Solo traveler,Superior Room Queen,Stayed 1 night in May 2025,10,Exceptional,Terbaikk,"Hotel yang sangat nyaman, berada ditengah kota, dibawahnya ada mall, kalau mau jogging tinggal nyebrang ke kebun raya Bogor. Kamarnya sangat luas, bersih, rapih. Pokoknya the bestt😍",29-Sep-25
114,1139,Mohammad,Singapore,Couple,Executive Room,Stayed 7 nights in April 2026,10,Exceptional,Staycation,Nothing to say. Everything is superb. Been staying here for so many times the standard and cleaniness is superb. Location is good and connected to the mall.,20-Apr-26
114,1140,Abdika,Indonesia,Couple,Superior Room Queen,Stayed 1 night in April 2025,8.8,Excellent,Good and comfy stay,"Rating: 4/5 The room was a bit old but overall okay—clean and well-maintained. The bathroom, especially the shower, worked just fine. Food was decent, nothing special but acceptable. What really stood out was the service. All the staff were kind, warm, and very helpful throughout our stay. One unique perk was the exclusive access to Botani Square, which was a nice touch. The only downside was the lobby. It felt quite small and didn't give off an exclusive or premium vibe, which could be improved. Overall, a comfortable stay with great service!",17-Apr-25
115,1141,Damien,Australia,Couple,,Stayed 2 nights in December 2012,9,Exceptional,Great Hotel In The Heart Of Bogor,"I stayed 2 nights in this Hotel. Staff very friendly and helpful. My Girlfriend and I ate breakafast every morning on Level 3 and couldn't be more satisfied. They only negative thing I can come up with is,there was no bar fridge in the room. Other than that we had a great time. Nice to be a rare Bule in Bogor Lol.",5-Jan-13
115,1142,Suci,Indonesia,Family with young children,,Stayed 1 night in December 2012,9.3,Exceptional,nice hotel in a great location,nice hotel with small lobby area but quick service at the reception,5-Jan-13
115,1143,Mabel,Netherlands,Family with teens,,Stayed 1 night in December 2012,8.7,Excellent,Nice hotel with great location.,Very nice good location. The rooms are clean and AC works well. Internet in room good.,3-Jan-13
115,1144,wan,Malaysia,Group,,Stayed 1 night in December 2012,8,Excellent,Ideally located.,The stay was quite pleasant and in fact this was not the first time that I've stayed in this premises. The only setback was that my booking was done in a haste and the price has become unreasonably expensive.,1-Jan-13
115,1145,Riana,Indonesia,Family with young children,,Stayed 1 night in December 2012,7.7,Very good,Good hotel and friendly staffs,"All was okay, only the breakfast room was super crowded. actually the foods were fine but the room was too small, many people couldn't get seats, and super long queue to get some omelette on the eggs station. But might be just because it's on public long holidays. we didn't try the pool, it's not too big and very full at that time. overall was fine,",30-Dec-12
115,1146,Yullia,Indonesia,Couple,Superior Room Queen,Stayed 1 night in April 2026,9.6,Exceptional,Sabtu ceria,"Over all bagus, makanan enak, lokasi sangat strategis. Tolong sediakan hair dryer di kamar biar tambah baik kualitas hotelnya",16-Apr-26
115,1147,Latifah,Indonesia,Family with teens,Deluxe Room Queen,Stayed 1 night in February 2026,10,Exceptional,Rekomendasi staycation yang nyaman,"Kamar bersih dan terawat, staff yang ramah, akses ke mall lebih mudah, menu breakfast yang bervariasi dan enak enak, 🫶🏼",17-Feb-26
115,1148,Novita,Indonesia,Solo traveler,Superior Room Queen,Stayed 1 night in May 2025,10,Exceptional,Terbaikk,"Hotel yang sangat nyaman, berada ditengah kota, dibawahnya ada mall, kalau mau jogging tinggal nyebrang ke kebun raya Bogor. Kamarnya sangat luas, bersih, rapih. Pokoknya the bestt😍",29-Sep-25
115,1149,Mohammad,Singapore,Couple,Executive Room,Stayed 7 nights in April 2026,10,Exceptional,Staycation,Nothing to say. Everything is superb. Been staying here for so many times the standard and cleaniness is superb. Location is good and connected to the mall.,20-Apr-26
115,1150,Abdika,Indonesia,Couple,Superior Room Queen,Stayed 1 night in April 2025,8.8,Excellent,Good and comfy stay,"Rating: 4/5 The room was a bit old but overall okay—clean and well-maintained. The bathroom, especially the shower, worked just fine. Food was decent, nothing special but acceptable. What really stood out was the service. All the staff were kind, warm, and very helpful throughout our stay. One unique perk was the exclusive access to Botani Square, which was a nice touch. The only downside was the lobby. It felt quite small and didn't give off an exclusive or premium vibe, which could be improved. Overall, a comfortable stay with great service!",17-Apr-25
116,1151,Grace,Malaysia,Business traveler,,Stayed 2 nights in December 2012,7.7,Very good,Nice hotel in Bogor,This is my second stay at Santika. They provide generally reliable service and a good breakfast.,25-Dec-12
116,1152,Rully,Indonesia,Family with young children,,Stayed 2 nights in November 2012,6,,Nice Hotel,Mediocre room and the service is quite good. Don't use the free valet service for your car since I lost something valuable using this service.,24-Dec-12
116,1153,Max,Netherlands,Business traveler,,Stayed 5 nights in November 2012,6.7,Good,Nice hotel with cheerfull design and large rooms,"I really liked the modern style hotel with large rooms and corridors - of which there are presently just few in Bogor. Food choice and quality against the prices asked was definitely less. There is a small but adequate fitness and large pool, which of course is hardly used and available to those few sporters which makes it only better. Hotel is adjacent to a large shoppign center which caters for most types of food including western, japanses and korean food.. Front desk staff however have to learn how to deal with guest requests, and keep them updated and not just make empty promises and next stay quiet- e.g. such as experienced during a prolonged internet failure All in all a good deal for the price and with a beautifull mountainview on the back of the hotel in the morning.",4-Dec-12
116,1154,Temmy,Indonesia,Couple,,Stayed 1 night in November 2012,8.3,Excellent,Great location,Hotel santika same location with botanical mal Bogor. The room is clean and free wifi in room.,23-Nov-12
116,1155,Jack,United States,Couple,,Stayed 1 night in November 2012,6,,Not worth it,"This hotel is way overpriced. The hotel information folder in the room was torn and worn, as was most of the room, which was small and unattractive. This would have been a positive review if the room was less than half the price I paid.",22-Nov-12
116,1156,Yullia,Indonesia,Couple,Superior Room Queen,Stayed 1 night in April 2026,9.6,Exceptional,Sabtu ceria,"Over all bagus, makanan enak, lokasi sangat strategis. Tolong sediakan hair dryer di kamar biar tambah baik kualitas hotelnya",16-Apr-26
116,1157,Latifah,Indonesia,Family with teens,Deluxe Room Queen,Stayed 1 night in February 2026,10,Exceptional,Rekomendasi staycation yang nyaman,"Kamar bersih dan terawat, staff yang ramah, akses ke mall lebih mudah, menu breakfast yang bervariasi dan enak enak, 🫶🏼",17-Feb-26
116,1158,Novita,Indonesia,Solo traveler,Superior Room Queen,Stayed 1 night in May 2025,10,Exceptional,Terbaikk,"Hotel yang sangat nyaman, berada ditengah kota, dibawahnya ada mall, kalau mau jogging tinggal nyebrang ke kebun raya Bogor. Kamarnya sangat luas, bersih, rapih. Pokoknya the bestt😍",29-Sep-25
116,1159,Mohammad,Singapore,Couple,Executive Room,Stayed 7 nights in April 2026,10,Exceptional,Staycation,Nothing to say. Everything is superb. Been staying here for so many times the standard and cleaniness is superb. Location is good and connected to the mall.,20-Apr-26
116,1160,Abdika,Indonesia,Couple,Superior Room Queen,Stayed 1 night in April 2025,8.8,Excellent,Good and comfy stay,"Rating: 4/5 The room was a bit old but overall okay—clean and well-maintained. The bathroom, especially the shower, worked just fine. Food was decent, nothing special but acceptable. What really stood out was the service. All the staff were kind, warm, and very helpful throughout our stay. One unique perk was the exclusive access to Botani Square, which was a nice touch. The only downside was the lobby. It felt quite small and didn't give off an exclusive or premium vibe, which could be improved. Overall, a comfortable stay with great service!",17-Apr-25
117,1161,Gary,"Hong Kong SAR, China",Business traveler,,Stayed 2 nights in October 2012,8.3,Excellent,Lovely hotel with excellent service,Hotel Santika is about 1 hour drive from Jakarta airport. There is a circle K right next to the hotel which you can buy all the essentials. It takes around 15-20 mins by taxi to get to the Senayan or Grand Indonesia shopping center. Overall the hotel performance has exceeded my expectation and I will definitely come back and stay there again.,7-Nov-12
117,1162,BENG,Singapore,Solo traveler,,Stayed 2 nights in October 2012,8,Excellent,Very Good Location,"only problem is that there is no refrigerator in the room. the tv in my room has problem with vision, call the reception but no technician came to attend.",24-Oct-12
117,1163,faizal,Malaysia,Business traveler,,Stayed 1 night in October 2012,7,Very good,Great location. Same building with botani square,"Stay for few time here. Good food in breakfast Easy acces to other option of food. Mall food court, Padang restaurant and fast food close by",8-Oct-12
117,1164,JORHAN,Indonesia,Solo traveler,,Stayed 1 night in September 2012,6,,cheap and celan hotel,"hotel bersih, breakfast ok, lokasi bersih, daerah strategy",28-Sep-12
117,1165,Yudistira,Indonesia,Solo traveler,,Stayed 4 nights in September 2012,8,Excellent,Great location & well maintained,"Great location, in the heart of Bogor & right next door to IPB campus also Botani Square (shopping centre). A large menu for breakfast. Very clean & well maintained hotel.",24-Sep-12
117,1166,Yullia,Indonesia,Couple,Superior Room Queen,Stayed 1 night in April 2026,9.6,Exceptional,Sabtu ceria,"Over all bagus, makanan enak, lokasi sangat strategis. Tolong sediakan hair dryer di kamar biar tambah baik kualitas hotelnya",16-Apr-26
117,1167,Latifah,Indonesia,Family with teens,Deluxe Room Queen,Stayed 1 night in February 2026,10,Exceptional,Rekomendasi staycation yang nyaman,"Kamar bersih dan terawat, staff yang ramah, akses ke mall lebih mudah, menu breakfast yang bervariasi dan enak enak, 🫶🏼",17-Feb-26
117,1168,Novita,Indonesia,Solo traveler,Superior Room Queen,Stayed 1 night in May 2025,10,Exceptional,Terbaikk,"Hotel yang sangat nyaman, berada ditengah kota, dibawahnya ada mall, kalau mau jogging tinggal nyebrang ke kebun raya Bogor. Kamarnya sangat luas, bersih, rapih. Pokoknya the bestt😍",29-Sep-25
117,1169,Mohammad,Singapore,Couple,Executive Room,Stayed 7 nights in April 2026,10,Exceptional,Staycation,Nothing to say. Everything is superb. Been staying here for so many times the standard and cleaniness is superb. Location is good and connected to the mall.,20-Apr-26
117,1170,Abdika,Indonesia,Couple,Superior Room Queen,Stayed 1 night in April 2025,8.8,Excellent,Good and comfy stay,"Rating: 4/5 The room was a bit old but overall okay—clean and well-maintained. The bathroom, especially the shower, worked just fine. Food was decent, nothing special but acceptable. What really stood out was the service. All the staff were kind, warm, and very helpful throughout our stay. One unique perk was the exclusive access to Botani Square, which was a nice touch. The only downside was the lobby. It felt quite small and didn't give off an exclusive or premium vibe, which could be improved. Overall, a comfortable stay with great service!",17-Apr-25
118,1171,azlan,Malaysia,Business traveler,,Stayed 2 nights in June 2012,7.7,Very good,Location,Great location. Good buffet spread. Clean environment. Attached to shopping mall.,24-Sep-12
118,1172,Kang,Indonesia,Solo traveler,,Stayed 4 nights in April 2012,8.3,Excellent,Great location and service,"This is the best hotel in Bogor. If you're too lazy to move around, this hotel suites you. It has direct mall access to Botani Square Mall. The staffs are very friendly.",31-Aug-12
118,1173,Vivianti,Singapore,Family with young children,,Stayed 1 night in August 2012,7,Very good,"Convenient location, no frills hotel",The room is spacious n clean. What surprising is that it still using a split air con unit. It was not cold when we checked in but resolved by the engineer. The bathroom door lock was broken too and it was replaced in a jiff. The breakfast buffet is good with local dishes available. The swimming pool is clean. Staffs are friendly.,29-Aug-12
118,1174,Sienly,Indonesia,Family with young children,,Stayed 1 night in August 2012,8.3,Excellent,Nice hotel,"Room was ok, service was good. The great thing is that this hotel is connected to a mall, so it is easy to find food and of course shopping. Difficult to find a parking space because car park is shared with the mall.",28-Aug-12
118,1175,Iwan,Indonesia,Couple,,Stayed 3 nights in August 2012,8,Excellent,"Great location near bus station, airport bus",there was maintenance/repair above our room still noisy until 22.00 0'clock,27-Aug-12
118,1176,Yullia,Indonesia,Couple,Superior Room Queen,Stayed 1 night in April 2026,9.6,Exceptional,Sabtu ceria,"Over all bagus, makanan enak, lokasi sangat strategis. Tolong sediakan hair dryer di kamar biar tambah baik kualitas hotelnya",16-Apr-26
118,1177,Latifah,Indonesia,Family with teens,Deluxe Room Queen,Stayed 1 night in February 2026,10,Exceptional,Rekomendasi staycation yang nyaman,"Kamar bersih dan terawat, staff yang ramah, akses ke mall lebih mudah, menu breakfast yang bervariasi dan enak enak, 🫶🏼",17-Feb-26
118,1178,Novita,Indonesia,Solo traveler,Superior Room Queen,Stayed 1 night in May 2025,10,Exceptional,Terbaikk,"Hotel yang sangat nyaman, berada ditengah kota, dibawahnya ada mall, kalau mau jogging tinggal nyebrang ke kebun raya Bogor. Kamarnya sangat luas, bersih, rapih. Pokoknya the bestt😍",29-Sep-25
118,1179,Mohammad,Singapore,Couple,Executive Room,Stayed 7 nights in April 2026,10,Exceptional,Staycation,Nothing to say. Everything is superb. Been staying here for so many times the standard and cleaniness is superb. Location is good and connected to the mall.,20-Apr-26
118,1180,Abdika,Indonesia,Couple,Superior Room Queen,Stayed 1 night in April 2025,8.8,Excellent,Good and comfy stay,"Rating: 4/5 The room was a bit old but overall okay—clean and well-maintained. The bathroom, especially the shower, worked just fine. Food was decent, nothing special but acceptable. What really stood out was the service. All the staff were kind, warm, and very helpful throughout our stay. One unique perk was the exclusive access to Botani Square, which was a nice touch. The only downside was the lobby. It felt quite small and didn't give off an exclusive or premium vibe, which could be improved. Overall, a comfortable stay with great service!",17-Apr-25
119,1181,SATRIO,Indonesia,Couple,,Stayed 1 night in August 2012,8,Excellent,Great hospitality and good food,"I am enjoy to stay in the hotel, its a nice place to stay",23-Aug-12
119,1182,Agop,Australia,Couple,,Stayed 1 night in June 2012,7,Very good,nice hotel well positioned,"nice hotel,staff friendly,quiet,clean,great views,enjoyed our stay there.good location.",14-Aug-12
119,1183,Veronica,Indonesia,Solo traveler,,Stayed 2 nights in June 2012,6,,Great Location but noisy,I did not enjoy my stay at all. Because of noisy while you sleep you can hear the step of people walking from outside and it was very loud. But great for location. For sure I won't back to stay there. :),1-Aug-12
119,1184,Leo,Indonesia,Family with teens,,Stayed 1 night in June 2012,8,Excellent,Strategically Located Hotel,The basic amenities were acceptable and the hotel is newly built. located at Bogor central and in the same complex with shopping mall but parking area is very crowded which took a long time to get free space (long Queue). Hospitality considered as average not very outstanding. Breakfast is very good and have many variety of local and international selection.,5-Jul-12
119,1185,Rozilah,Singapore,Couple,,Stayed 2 nights in June 2012,7.3,Very good,Great location,The Hotel location is good coz have shoping mall. Rooms is clean but no fridge inside the room..,26-Jun-12
119,1186,Yullia,Indonesia,Couple,Superior Room Queen,Stayed 1 night in April 2026,9.6,Exceptional,Sabtu ceria,"Over all bagus, makanan enak, lokasi sangat strategis. Tolong sediakan hair dryer di kamar biar tambah baik kualitas hotelnya",16-Apr-26
119,1187,Latifah,Indonesia,Family with teens,Deluxe Room Queen,Stayed 1 night in February 2026,10,Exceptional,Rekomendasi staycation yang nyaman,"Kamar bersih dan terawat, staff yang ramah, akses ke mall lebih mudah, menu breakfast yang bervariasi dan enak enak, 🫶🏼",17-Feb-26
119,1188,Novita,Indonesia,Solo traveler,Superior Room Queen,Stayed 1 night in May 2025,10,Exceptional,Terbaikk,"Hotel yang sangat nyaman, berada ditengah kota, dibawahnya ada mall, kalau mau jogging tinggal nyebrang ke kebun raya Bogor. Kamarnya sangat luas, bersih, rapih. Pokoknya the bestt😍",29-Sep-25
119,1189,Mohammad,Singapore,Couple,Executive Room,Stayed 7 nights in April 2026,10,Exceptional,Staycation,Nothing to say. Everything is superb. Been staying here for so many times the standard and cleaniness is superb. Location is good and connected to the mall.,20-Apr-26
119,1190,Abdika,Indonesia,Couple,Superior Room Queen,Stayed 1 night in April 2025,8.8,Excellent,Good and comfy stay,"Rating: 4/5 The room was a bit old but overall okay—clean and well-maintained. The bathroom, especially the shower, worked just fine. Food was decent, nothing special but acceptable. What really stood out was the service. All the staff were kind, warm, and very helpful throughout our stay. One unique perk was the exclusive access to Botani Square, which was a nice touch. The only downside was the lobby. It felt quite small and didn't give off an exclusive or premium vibe, which could be improved. Overall, a comfortable stay with great service!",17-Apr-25
120,1191,Charles,Australia,Couple,,Stayed 1 night in June 2012,9.7,Exceptional,"Great location and sleek, modern rooms","The helpful front desk staff were always ready with friendly smiles and detailed answers and suggestions to any inquiries, pointing us towards a really good local restaurant for dinner where the barbecued fish was exceptionally delicious. The beds are very comfortable and the bathroom sleek. The breakfast choices covered every possible dietary desire and even their black coffee was good, which hotel breakfasts are generally not renowned for.",22-Jun-12
120,1192,Krisantini,Indonesia,Solo traveler,,Stayed 2 nights in June 2012,9.7,Exceptional,great hotel with a reasonable price,"I love this hotel. The rooms are clean, well equipped and spacious. Would definitely come back to stay at this hotel the next time I travel to Bogor",22-Jun-12
120,1193,achmad,Indonesia,Solo traveler,,Stayed 1 night in June 2012,7,Very good,"a good resevation service, as specially for valet","confort the room, nice the interior and designed but need improve in car route to hotel..",19-Jun-12
120,1194,Andri,Indonesia,Family with teens,,Stayed 2 nights in March 2012,8.3,Excellent,An OK hotel with superb breakfast,"My family decided to have a weekend getaways from the bustling Jakarta.. Well, the first one we went to Novotel looking for the greenery, this time we opted Santika for the 'city' part of Bogor. What we enjoyed the most was the variety of the breakfast. The down part for me was they had a wedding reception near the pool on our second day..which a bit odd since the guests kinda watched us swimming and even some of their children swam without proper swimming clothing. Else than that, it was an enjoyable holiday.",17-Jun-12
120,1195,Jeffrey,Indonesia,Couple,,Stayed 3 nights in May 2012,8.3,Excellent,Great Location but small rooms,the hotel is in great location. not far from bogor toll exit. it is closed to bogor botanical garden and next to shopping mall. therefore it is easy for us to find meals and shopping store. it is also not far from downtown where you can find great foods.,7-Jun-12
120,1196,Yullia,Indonesia,Couple,Superior Room Queen,Stayed 1 night in April 2026,9.6,Exceptional,Sabtu ceria,"Over all bagus, makanan enak, lokasi sangat strategis. Tolong sediakan hair dryer di kamar biar tambah baik kualitas hotelnya",16-Apr-26
120,1197,Latifah,Indonesia,Family with teens,Deluxe Room Queen,Stayed 1 night in February 2026,10,Exceptional,Rekomendasi staycation yang nyaman,"Kamar bersih dan terawat, staff yang ramah, akses ke mall lebih mudah, menu breakfast yang bervariasi dan enak enak, 🫶🏼",17-Feb-26
120,1198,Novita,Indonesia,Solo traveler,Superior Room Queen,Stayed 1 night in May 2025,10,Exceptional,Terbaikk,"Hotel yang sangat nyaman, berada ditengah kota, dibawahnya ada mall, kalau mau jogging tinggal nyebrang ke kebun raya Bogor. Kamarnya sangat luas, bersih, rapih. Pokoknya the bestt😍",29-Sep-25
120,1199,Mohammad,Singapore,Couple,Executive Room,Stayed 7 nights in April 2026,10,Exceptional,Staycation,Nothing to say. Everything is superb. Been staying here for so many times the standard and cleaniness is superb. Location is good and connected to the mall.,20-Apr-26
120,1200,Abdika,Indonesia,Couple,Superior Room Queen,Stayed 1 night in April 2025,8.8,Excellent,Good and comfy stay,"Rating: 4/5 The room was a bit old but overall okay—clean and well-maintained. The bathroom, especially the shower, worked just fine. Food was decent, nothing special but acceptable. What really stood out was the service. All the staff were kind, warm, and very helpful throughout our stay. One unique perk was the exclusive access to Botani Square, which was a nice touch. The only downside was the lobby. It felt quite small and didn't give off an exclusive or premium vibe, which could be improved. Overall, a comfortable stay with great service!",17-Apr-25
121,1201,Kemal,Indonesia,Couple,,Stayed 2 nights in April 2012,6,,Good location with limited facilty,"the room is so standard and very small. no refrigerator provided and parking area is not provided, yoy have to park your car in mall area. however the breakfast menu is nice.",22-May-12
121,1202,ruth,Indonesia,Business traveler,,Stayed 1 night in May 2012,7.3,Very good,good location,this is only a very short stay i couldn't say much but overall i satisfy.,8-May-12
121,1203,Michelle,United States,Business traveler,,Stayed 1 night in April 2012,7,Very good,Practical and clean hotel for reasonable price,"A basic but clean room, polite service, good location within Bogor.",1-May-12
121,1204,irawan,Indonesia,Family with young children,,Stayed 1 night in March 2012,7.3,Very good,nice hotel close to the malll,the hotel in general is quite nice; the good thing and the bad thing is the hotel is located within the mall so parking is harder (but you got free valet service). the problem when i was staying there is they are shooting some commercial for the hotel @pool.,16-Apr-12
121,1205,Dimas,Indonesia,Couple,,Stayed 2 nights in January 2012,10,Exceptional,Lovely hotel with great hospitality,"We had a lovely time during our stay at Hotel Santika, Bogor. The location makes it easy to reach if you're from Soekarno Hatta Airport Jakarta and using Airport Bus transportation, because the bus pool is just right in front the hotel. Good place to stay if you intend to do some shopping, as this hotel is connected to Botanical Square Mall.",8-Apr-12
121,1206,Yullia,Indonesia,Couple,Superior Room Queen,Stayed 1 night in April 2026,9.6,Exceptional,Sabtu ceria,"Over all bagus, makanan enak, lokasi sangat strategis. Tolong sediakan hair dryer di kamar biar tambah baik kualitas hotelnya",16-Apr-26
121,1207,Latifah,Indonesia,Family with teens,Deluxe Room Queen,Stayed 1 night in February 2026,10,Exceptional,Rekomendasi staycation yang nyaman,"Kamar bersih dan terawat, staff yang ramah, akses ke mall lebih mudah, menu breakfast yang bervariasi dan enak enak, 🫶🏼",17-Feb-26
121,1208,Novita,Indonesia,Solo traveler,Superior Room Queen,Stayed 1 night in May 2025,10,Exceptional,Terbaikk,"Hotel yang sangat nyaman, berada ditengah kota, dibawahnya ada mall, kalau mau jogging tinggal nyebrang ke kebun raya Bogor. Kamarnya sangat luas, bersih, rapih. Pokoknya the bestt😍",29-Sep-25
121,1209,Mohammad,Singapore,Couple,Executive Room,Stayed 7 nights in April 2026,10,Exceptional,Staycation,Nothing to say. Everything is superb. Been staying here for so many times the standard and cleaniness is superb. Location is good and connected to the mall.,20-Apr-26
121,1210,Abdika,Indonesia,Couple,Superior Room Queen,Stayed 1 night in April 2025,8.8,Excellent,Good and comfy stay,"Rating: 4/5 The room was a bit old but overall okay—clean and well-maintained. The bathroom, especially the shower, worked just fine. Food was decent, nothing special but acceptable. What really stood out was the service. All the staff were kind, warm, and very helpful throughout our stay. One unique perk was the exclusive access to Botani Square, which was a nice touch. The only downside was the lobby. It felt quite small and didn't give off an exclusive or premium vibe, which could be improved. Overall, a comfortable stay with great service!",17-Apr-25
122,1211,soo,Malaysia,Couple,,Stayed 1 night in March 2012,8.3,Excellent,"good location,rooms very clean ,staffs efficient","we had five rooms,all were very clean,rooms facing the mosque will not need morning call,which was great,will recommend to anyone",2-Apr-12
122,1212,Martilah,Singapore,Group,,Stayed 2 nights in March 2012,8.3,Excellent,"Simple, functional furnishing, friendly people","the convenience surrounding the hotel is the best point i have to say. the shopping centre, eateries, the botanical garden, the local market and the nice mountain view all add to a pleasant experience during my stay. the breakfast spread was indeed superb. do try the sunda food at a nearby latisa restaurant, 600 metres away from the hotel. it is fantastic.",22-Mar-12
122,1213,Dwinda,Indonesia,Family with young children,,Stayed 1 night in March 2012,5.3,,Hotel Santika Bogor,"In personnel, I will think twice to stay to this hotel in future.",16-Mar-12
122,1214,Jaime,Indonesia,Business traveler,,Stayed 2 nights in March 2012,8.7,Excellent,Nice hotel with reasonable price,"Good location, next to Botanic Square with an underground direct connecting tunnel. The restaurant was very good with the breakfast but we were not too happy with the quality of the dinner buffet and a la carte dinner. Very average and overpriced for what we got. The laundry service was appaling- my socks were delivered still very wet, a few business shirts had lots of creases albeit been ironed. Had to argue with the receptionist to get money back for the wet socks. I felt they should have offered the refund without me having to spend 10 mins arguing at the counter. Having said all these, the stay was pleasant overall.",14-Mar-12
122,1215,Jaime,Indonesia,Business traveler,,Stayed 5 nights in February 2012,8.3,Excellent,Nice hotel in a great location,The room was clean and comfortable. Dining quality wasn't great for dinner but quite good for breakfast. Laundry service was poor- the ironing needs to be improved.,14-Mar-12
122,1216,Yullia,Indonesia,Couple,Superior Room Queen,Stayed 1 night in April 2026,9.6,Exceptional,Sabtu ceria,"Over all bagus, makanan enak, lokasi sangat strategis. Tolong sediakan hair dryer di kamar biar tambah baik kualitas hotelnya",16-Apr-26
122,1217,Latifah,Indonesia,Family with teens,Deluxe Room Queen,Stayed 1 night in February 2026,10,Exceptional,Rekomendasi staycation yang nyaman,"Kamar bersih dan terawat, staff yang ramah, akses ke mall lebih mudah, menu breakfast yang bervariasi dan enak enak, 🫶🏼",17-Feb-26
122,1218,Novita,Indonesia,Solo traveler,Superior Room Queen,Stayed 1 night in May 2025,10,Exceptional,Terbaikk,"Hotel yang sangat nyaman, berada ditengah kota, dibawahnya ada mall, kalau mau jogging tinggal nyebrang ke kebun raya Bogor. Kamarnya sangat luas, bersih, rapih. Pokoknya the bestt😍",29-Sep-25
122,1219,Mohammad,Singapore,Couple,Executive Room,Stayed 7 nights in April 2026,10,Exceptional,Staycation,Nothing to say. Everything is superb. Been staying here for so many times the standard and cleaniness is superb. Location is good and connected to the mall.,20-Apr-26
122,1220,Abdika,Indonesia,Couple,Superior Room Queen,Stayed 1 night in April 2025,8.8,Excellent,Good and comfy stay,"Rating: 4/5 The room was a bit old but overall okay—clean and well-maintained. The bathroom, especially the shower, worked just fine. Food was decent, nothing special but acceptable. What really stood out was the service. All the staff were kind, warm, and very helpful throughout our stay. One unique perk was the exclusive access to Botani Square, which was a nice touch. The only downside was the lobby. It felt quite small and didn't give off an exclusive or premium vibe, which could be improved. Overall, a comfortable stay with great service!",17-Apr-25
123,1221,SELAMAT,Indonesia,Couple,,Stayed 1 night in February 2012,7.3,Very good,Great Hotel,We stayed in this hotel for ours honeymoon but they give us twin beds.Actually I'm very disappointed about it.,6-Mar-12
123,1222,Agus,Indonesia,Family with teens,,Stayed 1 night in February 2012,9.7,Exceptional,"nice hotel, great location","this hotel located near the highyway exit, and is located near shopping centre, it is convenient for people with young or old children as everybody can enjoy the shopping arcade. this is a nice hotel, however it is a little bit expensive.",28-Feb-12
123,1223,Elisabeth,Netherlands,Couple,,Stayed 1 night in February 2012,8.7,Excellent,Nice hotel and great location,"The hotel is very nice, great and helpful staff. The breakfast is amazing: so much to choose from; traditional indonesian food, american and continental breakfast. Very easy acces to the mall next to it, no need to go outside even! The location is good, just in front is botanical garden ( main attraction) and mall in the same building. The only problem was the smell, at some point a very distinctive smell seemed to come from the bathroom. Otherwise nice rooms with enough space, but small tv's.",17-Feb-12
123,1224,Jenise,Singapore,Couple,,Stayed 1 night in February 2012,9.3,Exceptional,Good central location with clean room,we stayed for a night and was pretty happy with our stay. superior room was spacious but not very sound proof. mountain view made up for it though. hotel has free high speed wifi and a good spread for breakfast. hotel is next to a mall so convenient for picking up drinks and eating out.,15-Feb-12
123,1225,Joya,United Kingdom,Group,,Stayed 2 nights in February 2012,6.7,Good,Great location and clean,"for the most part we had a great stay, however we could not sleep the second night as the guests above us were incredibly noisy all night with loud music and stomping. as it was late and we were already in bed we tried dialing the front desk, the night manager and the operator numerous times and got no response. we finally fell asleep but woke up again at 5am to the same loud music, voices and what sounded like furniture being moved. we called the front desk again and someone finally picked up, though all they said was that they would look into it! there was no follow up and when we went to the front desk there was no record of our complaint and we were only offered complimentary coffees as compensation. because we had not slept we were late getting a start on the day and asked to have late check-out, which was apparently a lot to ask but we were finally ok'd to check out a few hours later in the afternoon. overall we enjoyed the hotel for a quick visit, but the lack of the staffs ability to adequately deal with the situation and more importantly the complete lack of staff on duty at night made me not want to come back again.",15-Feb-12
123,1226,Yullia,Indonesia,Couple,Superior Room Queen,Stayed 1 night in April 2026,9.6,Exceptional,Sabtu ceria,"Over all bagus, makanan enak, lokasi sangat strategis. Tolong sediakan hair dryer di kamar biar tambah baik kualitas hotelnya",16-Apr-26
123,1227,Latifah,Indonesia,Family with teens,Deluxe Room Queen,Stayed 1 night in February 2026,10,Exceptional,Rekomendasi staycation yang nyaman,"Kamar bersih dan terawat, staff yang ramah, akses ke mall lebih mudah, menu breakfast yang bervariasi dan enak enak, 🫶🏼",17-Feb-26
123,1228,Novita,Indonesia,Solo traveler,Superior Room Queen,Stayed 1 night in May 2025,10,Exceptional,Terbaikk,"Hotel yang sangat nyaman, berada ditengah kota, dibawahnya ada mall, kalau mau jogging tinggal nyebrang ke kebun raya Bogor. Kamarnya sangat luas, bersih, rapih. Pokoknya the bestt😍",29-Sep-25
123,1229,Mohammad,Singapore,Couple,Executive Room,Stayed 7 nights in April 2026,10,Exceptional,Staycation,Nothing to say. Everything is superb. Been staying here for so many times the standard and cleaniness is superb. Location is good and connected to the mall.,20-Apr-26
123,1230,Abdika,Indonesia,Couple,Superior Room Queen,Stayed 1 night in April 2025,8.8,Excellent,Good and comfy stay,"Rating: 4/5 The room was a bit old but overall okay—clean and well-maintained. The bathroom, especially the shower, worked just fine. Food was decent, nothing special but acceptable. What really stood out was the service. All the staff were kind, warm, and very helpful throughout our stay. One unique perk was the exclusive access to Botani Square, which was a nice touch. The only downside was the lobby. It felt quite small and didn't give off an exclusive or premium vibe, which could be improved. Overall, a comfortable stay with great service!",17-Apr-25
124,1231,Krisantini,Indonesia,Solo traveler,,Stayed 1 night in February 2012,9.3,Exceptional,"Nice hotel, great location","i was actually got ugraded to a deluxe room. i had a great time staying at santika bogor. the room is spacious and clean, located back to back to botani square mall. the room service was excellent, good and delicious foods but the portion was a bit small for me. good place to stay for holiday and business as the wifi connection was excellent. the only thing i did not like is the fact that the rooms are not sound proof. voices and noises from the hallway and musics from the poolside were a bit disturbing. otherwise i enjoy my stay at santika bogor and i will definitely come back next time i come to bogor.",13-Feb-12
124,1232,DANIEL,Malaysia,Family with teens,,Stayed 1 night in January 2012,8.7,Excellent,Fully Recommended,"our preference was to stay at the novotel, but since they did not offer bkf, we decided to opt for santika. if was a great decision, as the price was reasonable, room was bright and airy, clean and modern, bkf had everything we expected and more. being located next to a large mall, it was also great to while a bit of time away in the evenings.",6-Feb-12
124,1233,anwar,Saudi Arabia,Couple,,Stayed 4 nights in January 2012,8,Excellent,Quite place,"Good breakfast, nice hotel , frendly staff ,, near to the mall ,, good location , love to stay here again ,",2-Feb-12
124,1234,Douglas,United States,Couple,,Stayed 2 nights in January 2012,9.7,Exceptional,Very nice modern hotel,"The rooms are very nice, the breakfast great. It has a nice fitness room and swimming pool. don't do an early morning swim unless you want to swim infront of several hundred people eating cbreakfast. The internet can be good.",2-Feb-12
124,1235,helen,Indonesia,Family with young children,,Stayed 2 nights in January 2012,8,Excellent,Nice Hotel,"one thing we love staying with santika, they provide local food for breakfast beside other standard food. You'll taste different local food from indonesia when you stay in different city. for our staying at Santika Bogor, we didnt have any complaint. it was great, we got connecting rooms we asked, all staffs were helpful. We enjoyed our stay here like other santika hotel we have stayed before.",27-Jan-12
124,1236,Yullia,Indonesia,Couple,Superior Room Queen,Stayed 1 night in April 2026,9.6,Exceptional,Sabtu ceria,"Over all bagus, makanan enak, lokasi sangat strategis. Tolong sediakan hair dryer di kamar biar tambah baik kualitas hotelnya",16-Apr-26
124,1237,Latifah,Indonesia,Family with teens,Deluxe Room Queen,Stayed 1 night in February 2026,10,Exceptional,Rekomendasi staycation yang nyaman,"Kamar bersih dan terawat, staff yang ramah, akses ke mall lebih mudah, menu breakfast yang bervariasi dan enak enak, 🫶🏼",17-Feb-26
124,1238,Novita,Indonesia,Solo traveler,Superior Room Queen,Stayed 1 night in May 2025,10,Exceptional,Terbaikk,"Hotel yang sangat nyaman, berada ditengah kota, dibawahnya ada mall, kalau mau jogging tinggal nyebrang ke kebun raya Bogor. Kamarnya sangat luas, bersih, rapih. Pokoknya the bestt😍",29-Sep-25
124,1239,Mohammad,Singapore,Couple,Executive Room,Stayed 7 nights in April 2026,10,Exceptional,Staycation,Nothing to say. Everything is superb. Been staying here for so many times the standard and cleaniness is superb. Location is good and connected to the mall.,20-Apr-26
124,1240,Abdika,Indonesia,Couple,Superior Room Queen,Stayed 1 night in April 2025,8.8,Excellent,Good and comfy stay,"Rating: 4/5 The room was a bit old but overall okay—clean and well-maintained. The bathroom, especially the shower, worked just fine. Food was decent, nothing special but acceptable. What really stood out was the service. All the staff were kind, warm, and very helpful throughout our stay. One unique perk was the exclusive access to Botani Square, which was a nice touch. The only downside was the lobby. It felt quite small and didn't give off an exclusive or premium vibe, which could be improved. Overall, a comfortable stay with great service!",17-Apr-25
125,1241,TJE,Singapore,Group,,Stayed 2 nights in January 2012,7,Very good,lovely,We were happy because of the good location of this hotel. from the soehat airport we took damri bus to bogor and alighted just in front of botani square shopping center which link to Santika hotel. We no need to worry about the transport and time during our stay in Bogor. Almost everything we could get them there...,24-Jan-12
125,1242,Airyn,Indonesia,Solo traveler,,Stayed 1 night in December 2011,6,,the location in the midle of real estate,"very hard to find, the location can not be reach if you don't have private car, it is good to take a rest and relax",24-Jan-12
125,1243,Kiyoshi,Japan,Business traveler,,Stayed 2 nights in January 2012,5.3,,Great location,"The hotel is connected to a shopping mall, so it is convenient. However, the quality of facilities and breakfast is not so good as expected from this price. Difficult to catch a taxi to go around, even asked bell boys to do so.",19-Jan-12
125,1244,Yvonne,Indonesia,Family with young children,,Stayed 2 nights in January 2012,6.3,Good,Just nice hotel to stay in,"good location bcoz can pass directly to mall, but the parking area for guests is very bad.",13-Jan-12
125,1245,Nurhasanah,Indonesia,Family with young children,,Stayed 2 nights in December 2011,8,Excellent,Nice hotel with a great location,"The hotel is located near or inside the Botany Square in the center of Bogor. The drop-off area in front of the lobby is too small and not convenient. But luckily all the staff were very helpful so we were assisted in dropping-off and parking of our car the whole during our stay. The room was actually quite big and spacious, which made our stay with our young children quite enjoyable. The breakfast was also quite nice. The swimming pool was not big but enough for our children to have fun swimming while mom and dad enjoyed breakfast. Being so close to the mall, it was very easy for us to get whatever we needed, food, medicines, etc. The rooms and the hotel lobby looked quite new or maybe refurbished. The elevators however, were very small. There were only 2 lifts and one fit only for six people maximum. However, we enjoyed our stay very much and we would definitely stay there again if we ever visit Bogor again in the future. We also would recommend it to other people.",10-Jan-12
125,1246,Yullia,Indonesia,Couple,Superior Room Queen,Stayed 1 night in April 2026,9.6,Exceptional,Sabtu ceria,"Over all bagus, makanan enak, lokasi sangat strategis. Tolong sediakan hair dryer di kamar biar tambah baik kualitas hotelnya",16-Apr-26
125,1247,Latifah,Indonesia,Family with teens,Deluxe Room Queen,Stayed 1 night in February 2026,10,Exceptional,Rekomendasi staycation yang nyaman,"Kamar bersih dan terawat, staff yang ramah, akses ke mall lebih mudah, menu breakfast yang bervariasi dan enak enak, 🫶🏼",17-Feb-26
125,1248,Novita,Indonesia,Solo traveler,Superior Room Queen,Stayed 1 night in May 2025,10,Exceptional,Terbaikk,"Hotel yang sangat nyaman, berada ditengah kota, dibawahnya ada mall, kalau mau jogging tinggal nyebrang ke kebun raya Bogor. Kamarnya sangat luas, bersih, rapih. Pokoknya the bestt😍",29-Sep-25
125,1249,Mohammad,Singapore,Couple,Executive Room,Stayed 7 nights in April 2026,10,Exceptional,Staycation,Nothing to say. Everything is superb. Been staying here for so many times the standard and cleaniness is superb. Location is good and connected to the mall.,20-Apr-26
125,1250,Abdika,Indonesia,Couple,Superior Room Queen,Stayed 1 night in April 2025,8.8,Excellent,Good and comfy stay,"Rating: 4/5 The room was a bit old but overall okay—clean and well-maintained. The bathroom, especially the shower, worked just fine. Food was decent, nothing special but acceptable. What really stood out was the service. All the staff were kind, warm, and very helpful throughout our stay. One unique perk was the exclusive access to Botani Square, which was a nice touch. The only downside was the lobby. It felt quite small and didn't give off an exclusive or premium vibe, which could be improved. Overall, a comfortable stay with great service!",17-Apr-25
126,1251,Dewi,Indonesia,Family with young children,,Stayed 1 night in January 2012,6.7,Good,Nice Hotel small hotels and crowded parking lot,"santika bogor was nice, the room is too plain, no painting, the tv was to small, i got no view from my room, it was isolated room i think. breakfast was ok, the people are nice but too crowded so when i ask for a plate, they gave me a dirty plate with sauce on the bottom of the plate. parking lot are so crowded no space for guests since it is the same lot for the mall.",9-Jan-12
126,1252,Cahya,Indonesia,Family with teens,,Stayed 3 nights in December 2011,6.3,Good,nice hotel in the center of the city,"good hotel, we want to stay another time, but there is one things that does not fit with the website promotion, the picture of a garden , and feeding the deer,is not correct , because the hotel does not have any garden at all, the picture in the website is a garden that located outside the hotel, and there isn't any open space and garden or any kind that event closed to the picture in the website , the good things is a very clean hotel and connected to the mall",4-Jan-12
126,1253,lisye,Indonesia,Family with young children,,Stayed 1 night in August 2011,6.7,Good,nice hotel,"Overall, I am quite satisfied with the hotel. The hotel is clean and modern with simple minimalist furniture. The staff is also friendly. Besides, the hotel is very near with the shopping area in Bogor.",2-Jan-12
126,1254,Anastasia,Indonesia,Couple,,Stayed 2 nights in November 2011,8.3,Excellent,"Great location, very near from the highway to Jkt","The staff are very nice, but the swimming pool are too small for adult. You can walk just few minutes to the mall. Overall, it is a good hotel.",30-Dec-11
126,1255,Salisfahani,Indonesia,Family with young children,,Stayed 2 nights in November 2011,8.7,Excellent,Hotel Santika Bogor,"I like it there, everything with the room and services are comfortable, but there is a minus that I think it wud be very pleasant if they cud upgrade their building. The building is too ""cornered"" by the mall. And the access to the mall and to the parking lot are very far. Its too bad. Else, everything is fine. Thanks.",7-Dec-11
126,1256,Yullia,Indonesia,Couple,Superior Room Queen,Stayed 1 night in April 2026,9.6,Exceptional,Sabtu ceria,"Over all bagus, makanan enak, lokasi sangat strategis. Tolong sediakan hair dryer di kamar biar tambah baik kualitas hotelnya",16-Apr-26
126,1257,Latifah,Indonesia,Family with teens,Deluxe Room Queen,Stayed 1 night in February 2026,10,Exceptional,Rekomendasi staycation yang nyaman,"Kamar bersih dan terawat, staff yang ramah, akses ke mall lebih mudah, menu breakfast yang bervariasi dan enak enak, 🫶🏼",17-Feb-26
126,1258,Novita,Indonesia,Solo traveler,Superior Room Queen,Stayed 1 night in May 2025,10,Exceptional,Terbaikk,"Hotel yang sangat nyaman, berada ditengah kota, dibawahnya ada mall, kalau mau jogging tinggal nyebrang ke kebun raya Bogor. Kamarnya sangat luas, bersih, rapih. Pokoknya the bestt😍",29-Sep-25
126,1259,Mohammad,Singapore,Couple,Executive Room,Stayed 7 nights in April 2026,10,Exceptional,Staycation,Nothing to say. Everything is superb. Been staying here for so many times the standard and cleaniness is superb. Location is good and connected to the mall.,20-Apr-26
126,1260,Abdika,Indonesia,Couple,Superior Room Queen,Stayed 1 night in April 2025,8.8,Excellent,Good and comfy stay,"Rating: 4/5 The room was a bit old but overall okay—clean and well-maintained. The bathroom, especially the shower, worked just fine. Food was decent, nothing special but acceptable. What really stood out was the service. All the staff were kind, warm, and very helpful throughout our stay. One unique perk was the exclusive access to Botani Square, which was a nice touch. The only downside was the lobby. It felt quite small and didn't give off an exclusive or premium vibe, which could be improved. Overall, a comfortable stay with great service!",17-Apr-25
127,1261,Oktira,Indonesia,Family with young children,,Stayed 1 night in November 2011,6.7,Good,Comfort Hotel with minimalis Room,"Mostly we stay in our room and enjoy the facilities (including free wifi :)Should you want to stay in a comfort quite simple room, this room is suitable for that purpose.",7-Dec-11
127,1262,Vijendran,Singapore,Solo traveler,,Stayed 2 nights in October 2011,8,Excellent,Decent Hotel,"the hotel is next to the botanical garden which is the main attraction at bogor. i was given a room on the 3rd floor which suprising came without a fridge. on the whole, it was a decent place to put up at. breakfast had several local delights",26-Oct-11
127,1263,Albert,Netherlands,Couple,,Stayed 4 nights in September 2011,8.3,Excellent,good modern hotel with excellent service,"Excellent service. They even bring your trunks to the busterminal for Bandung, which is on 10 minutes distance. Breakfast included allthough Agode sad ""not incl."". Cup of coffee=european prices (Euro 2,50) Great choice. Swimming pool on third floor. New shopping mall in the same building. Not only luxery things but everything. Some simple but good restaurants, for two persons less than Rps 100.000.",18-Sep-11
127,1264,Michael,Australia,Solo traveler,,Stayed 1 night in September 2011,8.7,Excellent,Greta Location and fabulous service,A great surpise was the room quality. Quality exceeds to cost of the room.,14-Sep-11
127,1265,Stephanus,Indonesia,Family with young children,,Stayed 1 night in August 2011,8.3,Excellent,Nice Hotel,"this hotel is good,the service is good the thing that i'm very disappointed is the price at agoda is higher than direct buy to the hotel i trusted agoda, but with this experience make me thing twice to order from this site thank you",13-Sep-11
127,1266,Yullia,Indonesia,Couple,Superior Room Queen,Stayed 1 night in April 2026,9.6,Exceptional,Sabtu ceria,"Over all bagus, makanan enak, lokasi sangat strategis. Tolong sediakan hair dryer di kamar biar tambah baik kualitas hotelnya",16-Apr-26
127,1267,Latifah,Indonesia,Family with teens,Deluxe Room Queen,Stayed 1 night in February 2026,10,Exceptional,Rekomendasi staycation yang nyaman,"Kamar bersih dan terawat, staff yang ramah, akses ke mall lebih mudah, menu breakfast yang bervariasi dan enak enak, 🫶🏼",17-Feb-26
127,1268,Novita,Indonesia,Solo traveler,Superior Room Queen,Stayed 1 night in May 2025,10,Exceptional,Terbaikk,"Hotel yang sangat nyaman, berada ditengah kota, dibawahnya ada mall, kalau mau jogging tinggal nyebrang ke kebun raya Bogor. Kamarnya sangat luas, bersih, rapih. Pokoknya the bestt😍",29-Sep-25
127,1269,Mohammad,Singapore,Couple,Executive Room,Stayed 7 nights in April 2026,10,Exceptional,Staycation,Nothing to say. Everything is superb. Been staying here for so many times the standard and cleaniness is superb. Location is good and connected to the mall.,20-Apr-26
127,1270,Abdika,Indonesia,Couple,Superior Room Queen,Stayed 1 night in April 2025,8.8,Excellent,Good and comfy stay,"Rating: 4/5 The room was a bit old but overall okay—clean and well-maintained. The bathroom, especially the shower, worked just fine. Food was decent, nothing special but acceptable. What really stood out was the service. All the staff were kind, warm, and very helpful throughout our stay. One unique perk was the exclusive access to Botani Square, which was a nice touch. The only downside was the lobby. It felt quite small and didn't give off an exclusive or premium vibe, which could be improved. Overall, a comfortable stay with great service!",17-Apr-25
128,1271,Daniel,Singapore,Solo traveler,,Stayed 3 nights in August 2011,10,Exceptional,very convient with shopping mall next door,"very impress with the space in the room and also the facilities, like spa , swimming pool despite it's smallness in size. the service staff was quick in replenishing the tissue box when called. also the many channels available on the cable tv is a plus. the accessible to the shopping mall is either through the basement carpark and just a quick 1 minute walk from the front entrance of the hotel.",22-Aug-11
128,1272,Nursatrio,Indonesia,Family with young children,,Stayed 1 night in June 2011,7.3,Very good,Good location,"located on the center bogor area and has a direct access to the mall. Breakfast was nice, but a bit expensive.",7-Jun-11
128,1273,Tesya,Indonesia,Family with teens,,Stayed 1 night in May 2011,7.7,Very good,Excellent hotel,"This brand new hotel has fabulous location. It is attached to the Bogor Botanical Square mall, and in a walking distance to Bogor Botanical Garden. We love the room and the pool. The breakfast is just so so. The price is too expensive though, I wouldn't stay here if Agoda didn't offer a promo rate of this hotel. My complaint to this hotel is regarding the lift. There was a wedding on the day we checked out, so we had to wait 15 minutes to get the lift going downstair.",4-Jun-11
128,1274,Michael,Australia,Couple,,Stayed 2 nights in May 2011,8.3,Excellent,A very nice hotel and centrally located,A very well appointed hotel centrally located in Bogor.,2-Jun-11
128,1275,Mohd,Malaysia,Couple,,Stayed 1 night in March 2011,8,Excellent,Nice hotel near shopping mall,Room is reasonably clean and comfortable. Close to shopping area.,5-May-11
128,1276,Yullia,Indonesia,Couple,Superior Room Queen,Stayed 1 night in April 2026,9.6,Exceptional,Sabtu ceria,"Over all bagus, makanan enak, lokasi sangat strategis. Tolong sediakan hair dryer di kamar biar tambah baik kualitas hotelnya",16-Apr-26
128,1277,Latifah,Indonesia,Family with teens,Deluxe Room Queen,Stayed 1 night in February 2026,10,Exceptional,Rekomendasi staycation yang nyaman,"Kamar bersih dan terawat, staff yang ramah, akses ke mall lebih mudah, menu breakfast yang bervariasi dan enak enak, 🫶🏼",17-Feb-26
128,1278,Novita,Indonesia,Solo traveler,Superior Room Queen,Stayed 1 night in May 2025,10,Exceptional,Terbaikk,"Hotel yang sangat nyaman, berada ditengah kota, dibawahnya ada mall, kalau mau jogging tinggal nyebrang ke kebun raya Bogor. Kamarnya sangat luas, bersih, rapih. Pokoknya the bestt😍",29-Sep-25
128,1279,Mohammad,Singapore,Couple,Executive Room,Stayed 7 nights in April 2026,10,Exceptional,Staycation,Nothing to say. Everything is superb. Been staying here for so many times the standard and cleaniness is superb. Location is good and connected to the mall.,20-Apr-26
128,1280,Abdika,Indonesia,Couple,Superior Room Queen,Stayed 1 night in April 2025,8.8,Excellent,Good and comfy stay,"Rating: 4/5 The room was a bit old but overall okay—clean and well-maintained. The bathroom, especially the shower, worked just fine. Food was decent, nothing special but acceptable. What really stood out was the service. All the staff were kind, warm, and very helpful throughout our stay. One unique perk was the exclusive access to Botani Square, which was a nice touch. The only downside was the lobby. It felt quite small and didn't give off an exclusive or premium vibe, which could be improved. Overall, a comfortable stay with great service!",17-Apr-25
129,1281,Roger,United Kingdom,Solo traveler,,Stayed 2 nights in April 2011,9.7,Exceptional,"Very good hotel, next to bus station for airport","modern, clean hotel right next to botani square mall and damri bus station for transport to jakarta airport. very nice room, everything in working order. friendly, helpful staff at reception and in coffee shop.",15-Apr-11
129,1282,Rikky,Indonesia,Couple,,Stayed 1 night in April 2011,8.3,Excellent,"Nice, simple and clean Hotel","i like the room interior,they think about how to make the room wider, by putting a rotary desk. the pool was so exclusive, and the staff are nice.",14-Apr-11
129,1283,Francis,Australia,Business traveler,,Stayed 3 nights in March 2011,8,Excellent,Santika Bogor Mar 11,"this is a perfectly located business hotel in bogor - especially if you are arriving at jakarta international airport and catching the direct bus to bogor (the best way to get there) as the bus station is just a few steps from the hotel. the hotel sits withing a major shopping, eating and entertainment complex which makes staying there both convenient and enjoyable. we ate, went to the movies and shopped all on the door step of the hotel. the famous botanical gardens are virtually ""across the road"".",10-Apr-11
129,1284,Ilona,Australia,Family with young children,,Stayed 1 night in March 2011,7.7,Very good,Good location,avoid room overlooking airconditioners.,30-Mar-11
129,1285,David,Canada,Couple,,Stayed 1 night in February 2011,7.7,Very good,Good hotel with great location,"Hotel is comfortable, with OK pool (it is a bit shallow) and small but decent fitness room. Restaurant breakfast quite good - large buffet. Only one floor of hotel is non-smoking (LP suggest incorrectly the whole hotel is non-smoking) and one will find smokers throughout the rest of the hotel. (Even in the ""non-smoking"" lobby lounge.) Still, it was not too big of a problem. The best thing was hotel's location. Physically connected to a mall, almost across the street from the botanical gardens, and, conveniently located at the Damri Jakarta airport shuttle bus station. Also, a few blocks away are many interesting restaurants.",19-Feb-11
129,1286,Yullia,Indonesia,Couple,Superior Room Queen,Stayed 1 night in April 2026,9.6,Exceptional,Sabtu ceria,"Over all bagus, makanan enak, lokasi sangat strategis. Tolong sediakan hair dryer di kamar biar tambah baik kualitas hotelnya",16-Apr-26
129,1287,Latifah,Indonesia,Family with teens,Deluxe Room Queen,Stayed 1 night in February 2026,10,Exceptional,Rekomendasi staycation yang nyaman,"Kamar bersih dan terawat, staff yang ramah, akses ke mall lebih mudah, menu breakfast yang bervariasi dan enak enak, 🫶🏼",17-Feb-26
129,1288,Novita,Indonesia,Solo traveler,Superior Room Queen,Stayed 1 night in May 2025,10,Exceptional,Terbaikk,"Hotel yang sangat nyaman, berada ditengah kota, dibawahnya ada mall, kalau mau jogging tinggal nyebrang ke kebun raya Bogor. Kamarnya sangat luas, bersih, rapih. Pokoknya the bestt😍",29-Sep-25
129,1289,Mohammad,Singapore,Couple,Executive Room,Stayed 7 nights in April 2026,10,Exceptional,Staycation,Nothing to say. Everything is superb. Been staying here for so many times the standard and cleaniness is superb. Location is good and connected to the mall.,20-Apr-26
129,1290,Abdika,Indonesia,Couple,Superior Room Queen,Stayed 1 night in April 2025,8.8,Excellent,Good and comfy stay,"Rating: 4/5 The room was a bit old but overall okay—clean and well-maintained. The bathroom, especially the shower, worked just fine. Food was decent, nothing special but acceptable. What really stood out was the service. All the staff were kind, warm, and very helpful throughout our stay. One unique perk was the exclusive access to Botani Square, which was a nice touch. The only downside was the lobby. It felt quite small and didn't give off an exclusive or premium vibe, which could be improved. Overall, a comfortable stay with great service!",17-Apr-25
130,1291,Yahya,Malaysia,Business traveler,,Stayed 2 nights in January 2011,8.7,Excellent,Lovely hotel,had a great stay everytime i come to bogor. good location and very friendly staff.,7-Feb-11
130,1292,Pertiwi,Indonesia,Family with young children,Superior Room Queen,Stayed 1 night in January 2024,9.6,Exceptional,Exceptional,"Untuk keseluruhan ok banget dari kebersihan kamar , pelayanan staff check in ataupun Check Out sangat membantu customer sekali dan check in on time keren sekali😇, Tapi ada yg disayangkan untuk staff resto tolong jujur dalam penyampaian ke customer bahwa mngenai antrian breakfast (sarapan pagi) knpa saya dibelankangi sdgkan antrian saya lebih dahulu dibandingkan antrian org setelah saya dan ketika sya bertanya knpa org tersebut didahulukan jawaban dri staff ( Mereka sudah pesan diawal ) wow sejak kapan bisa pesan diawal untuk antrian umum kecuali ( mereka dri Salah satu PT Atau Apa Dinas ), setelah sya complain bru sy di ijinkan masuk dan dikasih dipaling pojok sempit masyaallah setelah sy complain lagi dgn kpla resto dan sya memutuskan untuk keluar ( baru sya diberikan tempat yg layak) tolong untuk staff resto jgn dibanding""kan customer semua sama saja, ( punya hak yg sama) , terimakasih.",28-Jan-24
130,1293,Laurencia,Indonesia,Couple,Superior Room Twin,Stayed 1 night in January 2024,10,Exceptional,Exceptional,Hampir setiap bulan staycation di Hotel Santika Bogor. Selalu puas dengan pelayanannya oleh seluruh staf mulai dari pintu masuk hari pertama check in sampai check out lagi. Breakfast selalu enak dengan variasi menu setiap hari. Kamar sangat bersih. Bulan depan saya akan kembali menginap di hotel ini.,11-Jan-24
130,1294,Cheirrina,Indonesia,Family with teens,Superior Room Queen,Stayed 2 nights in January 2024,10,Exceptional,Puas dan staf ramah,"Menyenangkan, staf ramah dan breakfast nya enak dgn variasi menu yg cukup banyak. Semua bersih dan kamar selalu harum..tp sayangnya nginap 2 malam dgn 3 kamar akses card nya hrs sy update 2x ke resepsionisnya ...mkn hrsnya ga usah repot2 lg yaa ..itu aja..ovel all ok2 aja",4-Jan-24
130,1295,Ang,Indonesia,Family with teens,Superior Room Queen,Stayed 1 night in December 2023,9.6,Exceptional,Kesiapan kamar cek in,Awal kami DTG jam 13.00. alasan kamar belum siap karena blm jam 14.00. kami tunggu hingga jam 15.30 kamar baru siap. Sebenarnya kan tamu cek out jam 12. Masa dengan waktu 2 jam ga selesai bersihin kamar. Akhirnya saya protes dan sy minta cekout nanti jam 2. Dan mrk sampaikan ke management dan di perbolehkan. Utk kamar bersih dan sarapan bervariatif. Dan CS nya yg perempuan tolong di training masalah tiket parkir. Masa setiap harus keluar musti stempel di lobby. Sy bilang kan no plat tinggal di daftarin di komputer jadi tamu ga perlu stempel setiap mau keluar parkir. Akhir baru mengerti dan plat di daftarin. Tamu jadi bebas keluar masuk parkiran. Terima kasih,27-Dec-23
130,1296,Yullia,Indonesia,Couple,Superior Room Queen,Stayed 1 night in April 2026,9.6,Exceptional,Sabtu ceria,"Over all bagus, makanan enak, lokasi sangat strategis. Tolong sediakan hair dryer di kamar biar tambah baik kualitas hotelnya",16-Apr-26
130,1297,Latifah,Indonesia,Family with teens,Deluxe Room Queen,Stayed 1 night in February 2026,10,Exceptional,Rekomendasi staycation yang nyaman,"Kamar bersih dan terawat, staff yang ramah, akses ke mall lebih mudah, menu breakfast yang bervariasi dan enak enak, 🫶🏼",17-Feb-26
130,1298,Novita,Indonesia,Solo traveler,Superior Room Queen,Stayed 1 night in May 2025,10,Exceptional,Terbaikk,"Hotel yang sangat nyaman, berada ditengah kota, dibawahnya ada mall, kalau mau jogging tinggal nyebrang ke kebun raya Bogor. Kamarnya sangat luas, bersih, rapih. Pokoknya the bestt😍",29-Sep-25
130,1299,Mohammad,Singapore,Couple,Executive Room,Stayed 7 nights in April 2026,10,Exceptional,Staycation,Nothing to say. Everything is superb. Been staying here for so many times the standard and cleaniness is superb. Location is good and connected to the mall.,20-Apr-26
130,1300,Abdika,Indonesia,Couple,Superior Room Queen,Stayed 1 night in April 2025,8.8,Excellent,Good and comfy stay,"Rating: 4/5 The room was a bit old but overall okay—clean and well-maintained. The bathroom, especially the shower, worked just fine. Food was decent, nothing special but acceptable. What really stood out was the service. All the staff were kind, warm, and very helpful throughout our stay. One unique perk was the exclusive access to Botani Square, which was a nice touch. The only downside was the lobby. It felt quite small and didn't give off an exclusive or premium vibe, which could be improved. Overall, a comfortable stay with great service!",17-Apr-25
131,1301,Andrian,Indonesia,Solo traveler,Superior Room Queen,Stayed 1 night in September 2021,10,Exceptional,Exceptional,Nice place,5-Sep-21
131,1302,Julie,France,Family with young children,,Stayed 2 nights in September 2015,7,Very good,assez bien,Pas mal mais j'ai trouvé la piscine trop animée pendant le week end et pas propre ainsi que les toilettes publiques.,28-Sep-15
131,1303,Damien,France,Couple,,Stayed 1 night in May 2012,5.3,,ok...un peu decevant,"l'hotel m'a tout d'abord attirbue une chambre fumeur qui sentait le cendrier, j'ai du beaucoup insister pour avoir une chambre non fumeur...les chambres sont males isolees phonetiquement.",31-May-12
131,1304,Philipp,Austria,Business traveler,Deluxe Room Queen,Stayed 8 nights in June 2024,7.6,Very good,Empfehlenswert,"Gute Lage zum Erkunden von Bogor, direkte Anbindung an Botani Mall. Frühstück abwechslungsreich.",7-Jul-24
131,1305,Andreas,Germany,Couple,Superior Room Twin,Stayed 1 night in December 2024,10,Exceptional,Quick trip to BOGOR,"Hotel , clean, nice and spacious rooms, centrally located, fast wifi.",16-Dec-24
131,1306,Yullia,Indonesia,Couple,Superior Room Queen,Stayed 1 night in April 2026,9.6,Exceptional,Sabtu ceria,"Over all bagus, makanan enak, lokasi sangat strategis. Tolong sediakan hair dryer di kamar biar tambah baik kualitas hotelnya",16-Apr-26
131,1307,Latifah,Indonesia,Family with teens,Deluxe Room Queen,Stayed 1 night in February 2026,10,Exceptional,Rekomendasi staycation yang nyaman,"Kamar bersih dan terawat, staff yang ramah, akses ke mall lebih mudah, menu breakfast yang bervariasi dan enak enak, 🫶🏼",17-Feb-26
131,1308,Novita,Indonesia,Solo traveler,Superior Room Queen,Stayed 1 night in May 2025,10,Exceptional,Terbaikk,"Hotel yang sangat nyaman, berada ditengah kota, dibawahnya ada mall, kalau mau jogging tinggal nyebrang ke kebun raya Bogor. Kamarnya sangat luas, bersih, rapih. Pokoknya the bestt😍",29-Sep-25
131,1309,Mohammad,Singapore,Couple,Executive Room,Stayed 7 nights in April 2026,10,Exceptional,Staycation,Nothing to say. Everything is superb. Been staying here for so many times the standard and cleaniness is superb. Location is good and connected to the mall.,20-Apr-26
131,1310,Abdika,Indonesia,Couple,Superior Room Queen,Stayed 1 night in April 2025,8.8,Excellent,Good and comfy stay,"Rating: 4/5 The room was a bit old but overall okay—clean and well-maintained. The bathroom, especially the shower, worked just fine. Food was decent, nothing special but acceptable. What really stood out was the service. All the staff were kind, warm, and very helpful throughout our stay. One unique perk was the exclusive access to Botani Square, which was a nice touch. The only downside was the lobby. It felt quite small and didn't give off an exclusive or premium vibe, which could be improved. Overall, a comfortable stay with great service!",17-Apr-25
132,1311,Eberhard,Germany,Solo traveler,,Stayed 2 nights in September 2015,8.3,Excellent,"Zentrale Lage, sehr gutes Hotel",,25-Sep-15
132,1312,Schauer,Germany,Couple,,Stayed 1 night in February 2015,7,Very good,"Einfacher Standard, sauber","Gutes Preis Leistungsverhältnis, einfache Ausstattung, freundliches Personal, neues Hotel, wirklich nur 3 Sterne, Zugang zum Hotel und Parkplatzsuche in der Tiefgarage am Wochenende nicht ganz einfach",26-Feb-15
132,1313,Linda,Germany,Couple,,Stayed 1 night in July 2013,9.7,Exceptional,Großartiges Hotel in bester Lage,,8-Aug-13
132,1314,Christoph,Germany,Business traveler,,Stayed 4 nights in February 2012,9,Exceptional,"Modernes Hotel, zweckmäßige und gute Ausstattung","ausgesprochen freundliches und entgegenkommes personal, das uns nach 3 tagen bereits mit namen kannte. gutes restaurant - wenn auch etwas auf der teureren seite. die nähe zum berühmten botanischen garten (10 minteun zu fuß) ist ein besonderer vorteil des hotels, wenn man sich dafür interessiert. das hotel ist unmittelbar verbunden mit einem großen tagungszentrum und einem großen einkaufszentrum - im grunde ist alles verfügbar, was man braucht.",6-Mar-12
132,1315,Christoph,Germany,Business traveler,,Stayed 1 night in May 2011,9.7,Exceptional,Modernes neues Hotel und guter Lage,"Insgesamt absolut reibungslose Abläufe, sehr gutes Preis-Leistungsverhältnis",3-Jun-11
132,1316,Yullia,Indonesia,Couple,Superior Room Queen,Stayed 1 night in April 2026,9.6,Exceptional,Sabtu ceria,"Over all bagus, makanan enak, lokasi sangat strategis. Tolong sediakan hair dryer di kamar biar tambah baik kualitas hotelnya",16-Apr-26
132,1317,Latifah,Indonesia,Family with teens,Deluxe Room Queen,Stayed 1 night in February 2026,10,Exceptional,Rekomendasi staycation yang nyaman,"Kamar bersih dan terawat, staff yang ramah, akses ke mall lebih mudah, menu breakfast yang bervariasi dan enak enak, 🫶🏼",17-Feb-26
132,1318,Novita,Indonesia,Solo traveler,Superior Room Queen,Stayed 1 night in May 2025,10,Exceptional,Terbaikk,"Hotel yang sangat nyaman, berada ditengah kota, dibawahnya ada mall, kalau mau jogging tinggal nyebrang ke kebun raya Bogor. Kamarnya sangat luas, bersih, rapih. Pokoknya the bestt😍",29-Sep-25
132,1319,Mohammad,Singapore,Couple,Executive Room,Stayed 7 nights in April 2026,10,Exceptional,Staycation,Nothing to say. Everything is superb. Been staying here for so many times the standard and cleaniness is superb. Location is good and connected to the mall.,20-Apr-26
132,1320,Abdika,Indonesia,Couple,Superior Room Queen,Stayed 1 night in April 2025,8.8,Excellent,Good and comfy stay,"Rating: 4/5 The room was a bit old but overall okay—clean and well-maintained. The bathroom, especially the shower, worked just fine. Food was decent, nothing special but acceptable. What really stood out was the service. All the staff were kind, warm, and very helpful throughout our stay. One unique perk was the exclusive access to Botani Square, which was a nice touch. The only downside was the lobby. It felt quite small and didn't give off an exclusive or premium vibe, which could be improved. Overall, a comfortable stay with great service!",17-Apr-25
133,1321,Dessy,Netherlands,Couple,Executive Queen,Stayed 2 nights in January 2025,9.2,Exceptional,Exceptional,Goed ontbijt zwembad winkels in onder het hotel super schoon gewoon mooi,24-Jan-25
133,1322,Norman,Netherlands,Couple,Executive Queen,Stayed 5 nights in October 2023,10,Exceptional,Dikke plus voor Santika,Santika was ons door een ander aanbevolen. Wij hebben hier genoten en hebben alleen maar positieve ervaringen met dit hotel. Personeel buitengewoon vriendelijke.,28-Oct-23
133,1323,Ferry,Netherlands,Solo traveler,,Stayed 4 nights in March 2015,10,Exceptional,prima hotel zeker voor herhaling waard,Uitstekend,30-Mar-15
133,1324,Justus,Netherlands,Family with teens,,Stayed 2 nights in July 2013,8.7,Excellent,Goed hotel in een toch drukke stad,"Vanaf het vliegveld in Jakarta zijn we in e e n keer door gegaan naar Bogor en daar wachtte de Santika op ons. Een goed gelegen en wel geoutilleerd hotel op gunstige afstand van de botanische tuinen. Mooie kamer, goede bedden, erg aardig personeel en een heerlijk zwembad. Precies wat je nodig hebt na 15 uur vliegen.",14-Aug-13
133,1325,Peter,Netherlands,Couple,,Stayed 3 nights in July 2013,10,Exceptional,Prettig en confortabel,"Confortabel, aangenaam en relax, herhalingvatbaar.",28-Jul-13
133,1326,Yullia,Indonesia,Couple,Superior Room Queen,Stayed 1 night in April 2026,9.6,Exceptional,Sabtu ceria,"Over all bagus, makanan enak, lokasi sangat strategis. Tolong sediakan hair dryer di kamar biar tambah baik kualitas hotelnya",16-Apr-26
133,1327,Latifah,Indonesia,Family with teens,Deluxe Room Queen,Stayed 1 night in February 2026,10,Exceptional,Rekomendasi staycation yang nyaman,"Kamar bersih dan terawat, staff yang ramah, akses ke mall lebih mudah, menu breakfast yang bervariasi dan enak enak, 🫶🏼",17-Feb-26
133,1328,Novita,Indonesia,Solo traveler,Superior Room Queen,Stayed 1 night in May 2025,10,Exceptional,Terbaikk,"Hotel yang sangat nyaman, berada ditengah kota, dibawahnya ada mall, kalau mau jogging tinggal nyebrang ke kebun raya Bogor. Kamarnya sangat luas, bersih, rapih. Pokoknya the bestt😍",29-Sep-25
133,1329,Mohammad,Singapore,Couple,Executive Room,Stayed 7 nights in April 2026,10,Exceptional,Staycation,Nothing to say. Everything is superb. Been staying here for so many times the standard and cleaniness is superb. Location is good and connected to the mall.,20-Apr-26
133,1330,Abdika,Indonesia,Couple,Superior Room Queen,Stayed 1 night in April 2025,8.8,Excellent,Good and comfy stay,"Rating: 4/5 The room was a bit old but overall okay—clean and well-maintained. The bathroom, especially the shower, worked just fine. Food was decent, nothing special but acceptable. What really stood out was the service. All the staff were kind, warm, and very helpful throughout our stay. One unique perk was the exclusive access to Botani Square, which was a nice touch. The only downside was the lobby. It felt quite small and didn't give off an exclusive or premium vibe, which could be improved. Overall, a comfortable stay with great service!",17-Apr-25
134,1331,johannes,Indonesia,Solo traveler,,Stayed 3 nights in April 2013,7.7,Very good,dicht bij toeristische objekten,,28-Apr-13
134,1332,Margaretha,Netherlands,Couple,,Stayed 2 nights in July 2012,9,Exceptional,vriendelijk personeel,"goed hotel, vriendelijk personeel, centraal gelegen. mooi zwembad, zalig ontbijt.",30-Aug-12
134,1333,Peter,Netherlands,Group,,Stayed 4 nights in June 2012,10,Exceptional,"Het is een goed verzorgd hotel, heel schoon,","Wij hebben zeer goed verblijft gehad het is voor herhaling vatbaar de prijs, kwaliteit is goed Ligging is goed rustig en dichtbij Boatanic Square Mall Wij gaan zeer zeker als wij naar Bogor gaan in hotel Santika verblijven.",3-Jul-12
134,1334,Hans,Netherlands,Group,,Stayed 2 nights in February 2012,8.3,Excellent,"goed modern hotel, goede service",prettige bediening; toegang tot business centre gratis,18-Feb-12
134,1335,Elvijati,Netherlands,Couple,,Stayed 2 nights in November 2011,10,Exceptional,"Geweldig hotel, goed gelegen, schoon!!","Heel vriendelijk personeel, heerlijk uitgebreid ontbijt, schone kamer, leuk zwembad...",4-Dec-11
134,1336,Yullia,Indonesia,Couple,Superior Room Queen,Stayed 1 night in April 2026,9.6,Exceptional,Sabtu ceria,"Over all bagus, makanan enak, lokasi sangat strategis. Tolong sediakan hair dryer di kamar biar tambah baik kualitas hotelnya",16-Apr-26
134,1337,Latifah,Indonesia,Family with teens,Deluxe Room Queen,Stayed 1 night in February 2026,10,Exceptional,Rekomendasi staycation yang nyaman,"Kamar bersih dan terawat, staff yang ramah, akses ke mall lebih mudah, menu breakfast yang bervariasi dan enak enak, 🫶🏼",17-Feb-26
134,1338,Novita,Indonesia,Solo traveler,Superior Room Queen,Stayed 1 night in May 2025,10,Exceptional,Terbaikk,"Hotel yang sangat nyaman, berada ditengah kota, dibawahnya ada mall, kalau mau jogging tinggal nyebrang ke kebun raya Bogor. Kamarnya sangat luas, bersih, rapih. Pokoknya the bestt😍",29-Sep-25
134,1339,Mohammad,Singapore,Couple,Executive Room,Stayed 7 nights in April 2026,10,Exceptional,Staycation,Nothing to say. Everything is superb. Been staying here for so many times the standard and cleaniness is superb. Location is good and connected to the mall.,20-Apr-26
134,1340,Abdika,Indonesia,Couple,Superior Room Queen,Stayed 1 night in April 2025,8.8,Excellent,Good and comfy stay,"Rating: 4/5 The room was a bit old but overall okay—clean and well-maintained. The bathroom, especially the shower, worked just fine. Food was decent, nothing special but acceptable. What really stood out was the service. All the staff were kind, warm, and very helpful throughout our stay. One unique perk was the exclusive access to Botani Square, which was a nice touch. The only downside was the lobby. It felt quite small and didn't give off an exclusive or premium vibe, which could be improved. Overall, a comfortable stay with great service!",17-Apr-25
135,1341,Tomoko,Japan,Solo traveler,Superior Room Non Smoking,Stayed 2 nights in October 2024,6,,タオルが、、,タオルの臭いが気になりました。変えてもらいましたが、、。また、夜は騒がしいです。,23-Dec-24
135,1342,Norikazu,Japan,Business traveler,Superior Room Queen,Stayed 2 nights in October 2024,7.6,Very good,清潔感のあるホテル,ビジネスで宿泊しましした。スタッフの対応も良く、設備は古いですが、清潔感を保つ努力が伺われました。朝食もバラエティーに富み、大変美味しかったです。,21-Oct-24
135,1343,HIDEKI,Japan,Solo traveler,Superior Room Queen,Stayed 2 nights in September 2024,6.8,Good,空港には近い,周囲何もないので食事には不便かも,27-Sep-24
135,1344,YUJI,Japan,Business traveler,Superior Room Twin,Stayed 1 night in February 2024,8.8,Excellent,ショッピングモールとつながっている便利なホテル,ショッピングモールに地下でつながっており、雨でも濡れずに行く事ができる。モールには何でも売っており、レストランもあるので、非常に便利だった。,31-Mar-24
135,1345,xx,Indonesia,Solo traveler,Superior Room Twin,Stayed 1 night in March 2024,8,Excellent,朝ごはん,ビュッフェタイプの朝ごはんがとても良いと思います 食べ物も飲み物もデザートも充実しています スタッフの皆様もフレンドリーです,10-Mar-24
135,1346,Yullia,Indonesia,Couple,Superior Room Queen,Stayed 1 night in April 2026,9.6,Exceptional,Sabtu ceria,"Over all bagus, makanan enak, lokasi sangat strategis. Tolong sediakan hair dryer di kamar biar tambah baik kualitas hotelnya",16-Apr-26
135,1347,Latifah,Indonesia,Family with teens,Deluxe Room Queen,Stayed 1 night in February 2026,10,Exceptional,Rekomendasi staycation yang nyaman,"Kamar bersih dan terawat, staff yang ramah, akses ke mall lebih mudah, menu breakfast yang bervariasi dan enak enak, 🫶🏼",17-Feb-26
135,1348,Novita,Indonesia,Solo traveler,Superior Room Queen,Stayed 1 night in May 2025,10,Exceptional,Terbaikk,"Hotel yang sangat nyaman, berada ditengah kota, dibawahnya ada mall, kalau mau jogging tinggal nyebrang ke kebun raya Bogor. Kamarnya sangat luas, bersih, rapih. Pokoknya the bestt😍",29-Sep-25
135,1349,Mohammad,Singapore,Couple,Executive Room,Stayed 7 nights in April 2026,10,Exceptional,Staycation,Nothing to say. Everything is superb. Been staying here for so many times the standard and cleaniness is superb. Location is good and connected to the mall.,20-Apr-26
135,1350,Abdika,Indonesia,Couple,Superior Room Queen,Stayed 1 night in April 2025,8.8,Excellent,Good and comfy stay,"Rating: 4/5 The room was a bit old but overall okay—clean and well-maintained. The bathroom, especially the shower, worked just fine. Food was decent, nothing special but acceptable. What really stood out was the service. All the staff were kind, warm, and very helpful throughout our stay. One unique perk was the exclusive access to Botani Square, which was a nice touch. The only downside was the lobby. It felt quite small and didn't give off an exclusive or premium vibe, which could be improved. Overall, a comfortable stay with great service!",17-Apr-25
136,1351,Junichiro,Japan,Business traveler,Superior Room Queen,Stayed 1 night in March 2023,8.8,Excellent,おすすめ,ショッピングモールが隣にあって便利です。,12-Mar-23
136,1352,Junichiro,Japan,Business traveler,Superior,Stayed 1 night in March 2023,8.8,Excellent,オススメ,ショッピングモールが隣にあって便利です。,12-Mar-23
136,1353,Fumio,Japan,Solo traveler,Superior Room Queen,Stayed 1 night in September 2019,8,Excellent,便利なホテル,ビジネスホテルとして、必要十分な内容で、清潔感あって、こざっぱりという印象。 バスターミナルに近く、大型のショッピングセンターとつながっているので、実に便利である。,7-Sep-19
136,1354,MASASHI,,Business traveler,Superior Room,Stayed 1 night in August 2018,9.6,Exceptional,植物園、ショッピングモール、リムジンバスターミナルに隣接,便利なロケーション。古い建物なのでエレベーターが古くて遅くて小さいです。もう一機あるとベストです。,8-Aug-18
136,1355,Hiroyuki,Japan,Business traveler,Executive Queen,Stayed 2 nights in December 2017,6,,ロケーションは抜群,隣にショッピングモールがあり買物とか食事にはすごく便利です。朝食はインドネシアメニュー中心でそれなりにバラエティーがありますが、スタッフが少ないせいかサービスは期待できません,16-Dec-17
136,1356,Yullia,Indonesia,Couple,Superior Room Queen,Stayed 1 night in April 2026,9.6,Exceptional,Sabtu ceria,"Over all bagus, makanan enak, lokasi sangat strategis. Tolong sediakan hair dryer di kamar biar tambah baik kualitas hotelnya",16-Apr-26
136,1357,Latifah,Indonesia,Family with teens,Deluxe Room Queen,Stayed 1 night in February 2026,10,Exceptional,Rekomendasi staycation yang nyaman,"Kamar bersih dan terawat, staff yang ramah, akses ke mall lebih mudah, menu breakfast yang bervariasi dan enak enak, 🫶🏼",17-Feb-26
136,1358,Novita,Indonesia,Solo traveler,Superior Room Queen,Stayed 1 night in May 2025,10,Exceptional,Terbaikk,"Hotel yang sangat nyaman, berada ditengah kota, dibawahnya ada mall, kalau mau jogging tinggal nyebrang ke kebun raya Bogor. Kamarnya sangat luas, bersih, rapih. Pokoknya the bestt😍",29-Sep-25
136,1359,Mohammad,Singapore,Couple,Executive Room,Stayed 7 nights in April 2026,10,Exceptional,Staycation,Nothing to say. Everything is superb. Been staying here for so many times the standard and cleaniness is superb. Location is good and connected to the mall.,20-Apr-26
136,1360,Abdika,Indonesia,Couple,Superior Room Queen,Stayed 1 night in April 2025,8.8,Excellent,Good and comfy stay,"Rating: 4/5 The room was a bit old but overall okay—clean and well-maintained. The bathroom, especially the shower, worked just fine. Food was decent, nothing special but acceptable. What really stood out was the service. All the staff were kind, warm, and very helpful throughout our stay. One unique perk was the exclusive access to Botani Square, which was a nice touch. The only downside was the lobby. It felt quite small and didn't give off an exclusive or premium vibe, which could be improved. Overall, a comfortable stay with great service!",17-Apr-25
137,1361,TAIYO,Japan,Family with young children,Superior Room Twin,Stayed 3 nights in February 2017,7.2,Very good,モール直結、高速が近くて便利,地下でモールと直結しているので、便利。 高速の近くなので移動が便利。 宿泊客は駐車場代が無料。 NHKが映ります。 部屋に冷蔵庫がないのはマイナス。 防音は期待できない、通路での話声がまる聞こえ。,6-Feb-17
137,1362,KAZUNARI,Japan,Couple,,Stayed 15 nights in November 2014,6,,設備は良いがスタッフの対応が悪い,設備は良いが、スタッフが素人ばかりでサービスが悪い。,2-Dec-14
137,1363,Mamoru,Japan,Business traveler,,Stayed 1 night in March 2014,10,Exceptional,ボゴールでは最高,,17-Aug-14
137,1364,Toshio,Japan,Solo traveler,,Stayed 2 nights in June 2014,5.7,,部屋は快適ですが、夕食は最悪、宿泊料金には値しません。,他のホテルが満室で値段が高かったけど、アゴダ評価スコアの高いサンチカホテルを選択。部屋は値段だけあり快適。しかし、大きな荷物を持ってチェックインしたのにベルボーイは荷物を部屋まで運ぼうとしない。あれ？ゲストハウスでも荷物運んでくれぞ！チェックインでは２泊を１泊という。「調べてください」「同僚に確認します」朝食券は２泊分くれましたが、「確認いたしました」の返事なし。最悪なのが夕食。ビュッフェすたるなのに８時に入ったら、無くなっている料理が数種類。「すぐに補充しますから、どうぞ」の言葉に食事を開始。３０分たっても補充はなし。冷たい水を頼んだら３０分しても来ない。「前のお客にアイスを全部使ってアイスがなかったので・・・」客を馬鹿にすにもほどがある。絶対泊まってはいけないホテル,25-Jun-14
137,1365,HIROSHI,Japan,Business traveler,,Stayed 6 nights in June 2014,6,,便利,,20-Jun-14
137,1366,Yullia,Indonesia,Couple,Superior Room Queen,Stayed 1 night in April 2026,9.6,Exceptional,Sabtu ceria,"Over all bagus, makanan enak, lokasi sangat strategis. Tolong sediakan hair dryer di kamar biar tambah baik kualitas hotelnya",16-Apr-26
137,1367,Latifah,Indonesia,Family with teens,Deluxe Room Queen,Stayed 1 night in February 2026,10,Exceptional,Rekomendasi staycation yang nyaman,"Kamar bersih dan terawat, staff yang ramah, akses ke mall lebih mudah, menu breakfast yang bervariasi dan enak enak, 🫶🏼",17-Feb-26
137,1368,Novita,Indonesia,Solo traveler,Superior Room Queen,Stayed 1 night in May 2025,10,Exceptional,Terbaikk,"Hotel yang sangat nyaman, berada ditengah kota, dibawahnya ada mall, kalau mau jogging tinggal nyebrang ke kebun raya Bogor. Kamarnya sangat luas, bersih, rapih. Pokoknya the bestt😍",29-Sep-25
137,1369,Mohammad,Singapore,Couple,Executive Room,Stayed 7 nights in April 2026,10,Exceptional,Staycation,Nothing to say. Everything is superb. Been staying here for so many times the standard and cleaniness is superb. Location is good and connected to the mall.,20-Apr-26
137,1370,Abdika,Indonesia,Couple,Superior Room Queen,Stayed 1 night in April 2025,8.8,Excellent,Good and comfy stay,"Rating: 4/5 The room was a bit old but overall okay—clean and well-maintained. The bathroom, especially the shower, worked just fine. Food was decent, nothing special but acceptable. What really stood out was the service. All the staff were kind, warm, and very helpful throughout our stay. One unique perk was the exclusive access to Botani Square, which was a nice touch. The only downside was the lobby. It felt quite small and didn't give off an exclusive or premium vibe, which could be improved. Overall, a comfortable stay with great service!",17-Apr-25
138,1371,YOSHINORI,Japan,Family with young children,,Stayed 1 night in April 2014,6,,シンプルに寝るだけ,ビジネスや単に寝るだけには良いと思う。隣がモールの為、急な買い物や食事に行くには便利だが、家族でゆっくり過ごしたい、ファシリティの充実さ等を求める方には不向きなホテル。,7-May-14
138,1372,Takahiro,Japan,Business traveler,,Stayed 1 night in November 2013,8.7,Excellent,便利なロケーション,高速道路にとても近く、ボゴール植物園の前とあり、交通アクセスに便利。ショッピングセンターが隣接しており、スタバ、ロッテリアも入っている。部屋はNHKプレミアムも日本語でしっかり入り、wifiも無料で使用できる。私が滞在した部屋はバスタブはなかったが、お湯はしっかり出る。部屋に冷蔵庫がなかったのが残念。,20-Nov-13
138,1373,Kotani,Japan,Business traveler,,Stayed 3 nights in July 2013,8.3,Excellent,スタッフの笑顔対応が良い,部屋は清潔で良い。朝食の時の女性スタッフはにこやかでサービスが心地よかった。ショッピングや高速道路の入り口に近くて便利である。,28-Oct-13
138,1374,Katsumori,Japan,Business traveler,,Stayed 1 night in September 2013,8,Excellent,値段の割に良いホテル。空港バスターミナルに近く交通も便利。,ビジネスのため1泊しました。値段は手頃で清潔かつ設備も良いですが、客室は椅子や机が簡素でフローリングも冷え冷えとした感じ。ホテル全体が白い壁に囲まれてたせいもあり、サッパリしすぎた印象です。インターネットは遅くWeb検索ぐらいにしか使えませんでした。ショッピングモール、空港バスターミナルがすぐ隣でとても便利でした。また朝食はメニュー豊富、味も良く、卵料理を目の前でオーダーできるなど、とても良かったです。プールは使っていないですが清潔そうでした。スパもあるみたいです。同程度の料金の他ホテルに比べ、豪華さはないですが悪くはないです。喫煙可能な部屋が選択できたこともGoodでした。,26-Sep-13
138,1375,TAKASHI,Japan,Business traveler,,Stayed 1 night in May 2013,8,Excellent,便利で快適,,30-May-13
138,1376,Yullia,Indonesia,Couple,Superior Room Queen,Stayed 1 night in April 2026,9.6,Exceptional,Sabtu ceria,"Over all bagus, makanan enak, lokasi sangat strategis. Tolong sediakan hair dryer di kamar biar tambah baik kualitas hotelnya",16-Apr-26
138,1377,Latifah,Indonesia,Family with teens,Deluxe Room Queen,Stayed 1 night in February 2026,10,Exceptional,Rekomendasi staycation yang nyaman,"Kamar bersih dan terawat, staff yang ramah, akses ke mall lebih mudah, menu breakfast yang bervariasi dan enak enak, 🫶🏼",17-Feb-26
138,1378,Novita,Indonesia,Solo traveler,Superior Room Queen,Stayed 1 night in May 2025,10,Exceptional,Terbaikk,"Hotel yang sangat nyaman, berada ditengah kota, dibawahnya ada mall, kalau mau jogging tinggal nyebrang ke kebun raya Bogor. Kamarnya sangat luas, bersih, rapih. Pokoknya the bestt😍",29-Sep-25
138,1379,Mohammad,Singapore,Couple,Executive Room,Stayed 7 nights in April 2026,10,Exceptional,Staycation,Nothing to say. Everything is superb. Been staying here for so many times the standard and cleaniness is superb. Location is good and connected to the mall.,20-Apr-26
138,1380,Abdika,Indonesia,Couple,Superior Room Queen,Stayed 1 night in April 2025,8.8,Excellent,Good and comfy stay,"Rating: 4/5 The room was a bit old but overall okay—clean and well-maintained. The bathroom, especially the shower, worked just fine. Food was decent, nothing special but acceptable. What really stood out was the service. All the staff were kind, warm, and very helpful throughout our stay. One unique perk was the exclusive access to Botani Square, which was a nice touch. The only downside was the lobby. It felt quite small and didn't give off an exclusive or premium vibe, which could be improved. Overall, a comfortable stay with great service!",17-Apr-25
139,1381,ARATA,Japan,Business traveler,,Stayed 1 night in March 2013,9,Exceptional,便利なロケーションと充実した朝食,,12-Mar-13
139,1382,Susumu,Japan,Couple,,Stayed 1 night in February 2013,8,Excellent,便利なロケーション,高速道路からも近く、ショッピングモールに隣接していて、移動や買い物にとても便利なロケーションです。部屋も清潔で、朝食のメニューもバラエティがあり、スタッフも皆さんフレンドリーでした。ただ、空調が少し旧式で音がうるさいなど、若干の不満はありました。また、部屋のキーが一つだけで、二人連れで別々に行動するときには不便でした。,28-Feb-13
139,1383,Keiichiro,Japan,Couple,,Stayed 1 night in February 2013,5.7,,いまいちでした,ロビーがわかりにくく、ロビー自体も狭く華やかさに欠け、物足りないことが残念でした。たまたまだったのか子供連れが多いフロアで、廊下を走る、大声で騒ぐ、親も揃ってうるさく、ゆっくり滞在は出来ませんでした。朝食会場、プールも幼稚園状態で、すこぶる印象が悪かったです。 ショッピングモールと地下通路で繋がっていますが、良し悪しだと思います。静かな環境を求めるならお奨めしません。,18-Feb-13
139,1384,Shingo,Japan,Business traveler,,Stayed 2 nights in January 2013,6.7,Good,ビジネスではふつうのホテル,部屋のテレビは小さいですが、土日はロビーにプロジェクターでサッカーのパブリックビューイングがあります。,25-Jan-13
139,1385,Shingo,Japan,Business traveler,,Stayed 3 nights in January 2013,7,Very good,快適に過ごせます,このホテルのスタッフは美人ばかり。レセプションだけでなく、朝食のレストランのスタッフなど、美人ばかり。朝の笑顔には、癒されます。,25-Jan-13
139,1386,Yullia,Indonesia,Couple,Superior Room Queen,Stayed 1 night in April 2026,9.6,Exceptional,Sabtu ceria,"Over all bagus, makanan enak, lokasi sangat strategis. Tolong sediakan hair dryer di kamar biar tambah baik kualitas hotelnya",16-Apr-26
139,1387,Latifah,Indonesia,Family with teens,Deluxe Room Queen,Stayed 1 night in February 2026,10,Exceptional,Rekomendasi staycation yang nyaman,"Kamar bersih dan terawat, staff yang ramah, akses ke mall lebih mudah, menu breakfast yang bervariasi dan enak enak, 🫶🏼",17-Feb-26
139,1388,Novita,Indonesia,Solo traveler,Superior Room Queen,Stayed 1 night in May 2025,10,Exceptional,Terbaikk,"Hotel yang sangat nyaman, berada ditengah kota, dibawahnya ada mall, kalau mau jogging tinggal nyebrang ke kebun raya Bogor. Kamarnya sangat luas, bersih, rapih. Pokoknya the bestt😍",29-Sep-25
139,1389,Mohammad,Singapore,Couple,Executive Room,Stayed 7 nights in April 2026,10,Exceptional,Staycation,Nothing to say. Everything is superb. Been staying here for so many times the standard and cleaniness is superb. Location is good and connected to the mall.,20-Apr-26
139,1390,Abdika,Indonesia,Couple,Superior Room Queen,Stayed 1 night in April 2025,8.8,Excellent,Good and comfy stay,"Rating: 4/5 The room was a bit old but overall okay—clean and well-maintained. The bathroom, especially the shower, worked just fine. Food was decent, nothing special but acceptable. What really stood out was the service. All the staff were kind, warm, and very helpful throughout our stay. One unique perk was the exclusive access to Botani Square, which was a nice touch. The only downside was the lobby. It felt quite small and didn't give off an exclusive or premium vibe, which could be improved. Overall, a comfortable stay with great service!",17-Apr-25
140,1391,Noboru,Japan,Couple,,Stayed 1 night in November 2012,6.7,Good,平均的なホテル,ボゴール植物園に行くのが目的だったので至近のこのホテルに泊まりました。他の人のレビューを見て勝手に期待し過ぎていたため、やや期待を下回った感が否めません。ビジネスでは十分だと思います。,3-Jan-13
140,1392,Tomoko,Japan,Business traveler,,Stayed 2 nights in December 2012,6.7,Good,モダンで素敵なホテルでした。,ショッピングモールに隣接していて、便利な立地でした。あまり外を出歩いていませんが、清潔で部屋は居心地がよかったです。ベッドメイキング後にはいつも冷房が１８℃に設定されているのには驚きましたが。,27-Dec-12
140,1393,TATSUHIRO,Japan,Couple,,Stayed 1 night in September 2012,6,,ロケーションが,妻と1泊しました。SUITEでしたが、広さはそこそこで、これで一番いい部屋かなという気もしましたが、建物が新しいのか、清潔で快適でした。窓からはクブンラヤも見下ろせ、また、地下で隣接するショッピングモールにも繋がっており、食事、買い物などは便利でした。ひとつ難を言えば、フロントがわかりにくく、フロント自体も存在感がそれらしくなく、車もUターンしないとだめで、ここが入口？という感じでした。,3-Oct-12
140,1394,NORIAKI,Japan,Solo traveler,,Stayed 1 night in September 2012,9,Exceptional,ホテルはきれいで、場所もよかった,朝食も、洋食からインドネシアまで多彩に有り オムレツも頼んで作っていただき、美味しかった。 星４のホテルと同格である。 m、あた、プール、ショッピングモール そして、植物園も歩いていける場所に位置している。 部屋も広くて、ゆっくりできた。,25-Sep-12
140,1395,minato,Japan,Family with young children,,Stayed 1 night in May 2012,5.3,,スタッフの対応はいいが、駐車場がいまいち。,スタッフの対応は凄く気持ちがいいが、最初の駐車場が困った。運転を自分たちがしてたため、駐車場に止めるとき、モールと一緒なのですごく遠いし、駐車スペースが少ないので止めるの大変だった。しかも、遠い。 チャックインでは２時～ＯＫのはず。私達は４時にいったが、まだチェックインできないと待たされ、結果３０分何もないロビーでまつはめに。 日本なら大変申し訳ございませんの対応だが、チェックアウトが出来なくて、遅くて。。。と。 その２点がかなりひっかかった。 後は、子供のイベントがプールサイドであり、子供はかなり楽しんでいた。綿飴もらって、風船も。うちの子供、綿飴だいすきで、かなりご満悦だった。,24-May-12
140,1396,Yullia,Indonesia,Couple,Superior Room Queen,Stayed 1 night in April 2026,9.6,Exceptional,Sabtu ceria,"Over all bagus, makanan enak, lokasi sangat strategis. Tolong sediakan hair dryer di kamar biar tambah baik kualitas hotelnya",16-Apr-26
140,1397,Latifah,Indonesia,Family with teens,Deluxe Room Queen,Stayed 1 night in February 2026,10,Exceptional,Rekomendasi staycation yang nyaman,"Kamar bersih dan terawat, staff yang ramah, akses ke mall lebih mudah, menu breakfast yang bervariasi dan enak enak, 🫶🏼",17-Feb-26
140,1398,Novita,Indonesia,Solo traveler,Superior Room Queen,Stayed 1 night in May 2025,10,Exceptional,Terbaikk,"Hotel yang sangat nyaman, berada ditengah kota, dibawahnya ada mall, kalau mau jogging tinggal nyebrang ke kebun raya Bogor. Kamarnya sangat luas, bersih, rapih. Pokoknya the bestt😍",29-Sep-25
140,1399,Mohammad,Singapore,Couple,Executive Room,Stayed 7 nights in April 2026,10,Exceptional,Staycation,Nothing to say. Everything is superb. Been staying here for so many times the standard and cleaniness is superb. Location is good and connected to the mall.,20-Apr-26
140,1400,Abdika,Indonesia,Couple,Superior Room Queen,Stayed 1 night in April 2025,8.8,Excellent,Good and comfy stay,"Rating: 4/5 The room was a bit old but overall okay—clean and well-maintained. The bathroom, especially the shower, worked just fine. Food was decent, nothing special but acceptable. What really stood out was the service. All the staff were kind, warm, and very helpful throughout our stay. One unique perk was the exclusive access to Botani Square, which was a nice touch. The only downside was the lobby. It felt quite small and didn't give off an exclusive or premium vibe, which could be improved. Overall, a comfortable stay with great service!",17-Apr-25
141,1401,tadahiko,Japan,Couple,,Stayed 1 night in November 2011,9.3,Exceptional,よいロケーションです。,チェックインは5分程度、部屋は適度なスペース（33㎡くらいか？）近代的な作りで綺麗です。バスタブ無しが残念です。無料インターネットは接続もスムーズで良好です。スタッフは、受付時も朝食時も、皆笑顔で対応してくれて心地よかったです。hotelの地下通路で隣のモールに繋がっています。多分bogor最大のモールでしょう。ショッピングからグルメまでなんでもｏｋです。ｈｏｔｅｌは朝食込ですが、夕食やｌｕｎｃｈなども、好みに合わせそこで可能です。,3-Dec-11
141,1402,TORU,Japan,Business traveler,,Stayed 5 nights in September 2011,7.7,Very good,場所は便利,部屋に冷蔵庫がなかったこととセイフテイボックスが固定されておらず、持ち出されたら意味がないのではないか？プ－ルに脱衣室がない。接客は丁寧でよかった。,4-Oct-11
141,1403,YOHEI,Japan,Couple,,Stayed 1 night in August 2011,7.3,Very good,立地いいが、普通のビジネスホテル,立地は高速出口すぐで、モールと直結、植物園にも近い。 但し植物園に歩いていくと、10～15分ほどだが途中非常に道が汚い。 新しいホテルでロビーも部屋も綺麗。 部屋はSuperiorだったが、冷蔵庫なし。バスタブなし。プールは小さくあえて入ろうという気にはならない。朝食ビュッフェはこの値段のホテルにしては充実。 たまたたまとまった部屋が、冷房の設備か何かに近く、数分おきにゴトンと音がなるのが気になってしょうがなく安眠できず。高速出口向きの部屋だったが、アザーンがかなりうるさく、これまた安眠できず。 総合的に、普通のビジネスホテルという感じで、また泊まりたいとは思わないが、ここしかないと言われれば別に不満はない、という感じです。,17-Sep-11
141,1404,MAKOTO,Japan,Solo traveler,,Stayed 2 nights in August 2011,8.3,Excellent,ロケーション良し,ショッピングモールに併設されているので買い物、食事にとても便利 空港からのバスの停留所もすぐ目の前,18-Aug-11
141,1405,Tetsuya,Japan,Business traveler,,Stayed 2 nights in July 2011,8.3,Excellent,ショッピングモールに併設し便利,隣にショッピングモールもあるし，目の前の大通り沿いに各種ショップや飲食店が建ち並び便利です． ホテルの食事は利用していないのでわかりません．,30-Jul-11
141,1406,Yullia,Indonesia,Couple,Superior Room Queen,Stayed 1 night in April 2026,9.6,Exceptional,Sabtu ceria,"Over all bagus, makanan enak, lokasi sangat strategis. Tolong sediakan hair dryer di kamar biar tambah baik kualitas hotelnya",16-Apr-26
141,1407,Latifah,Indonesia,Family with teens,Deluxe Room Queen,Stayed 1 night in February 2026,10,Exceptional,Rekomendasi staycation yang nyaman,"Kamar bersih dan terawat, staff yang ramah, akses ke mall lebih mudah, menu breakfast yang bervariasi dan enak enak, 🫶🏼",17-Feb-26
141,1408,Novita,Indonesia,Solo traveler,Superior Room Queen,Stayed 1 night in May 2025,10,Exceptional,Terbaikk,"Hotel yang sangat nyaman, berada ditengah kota, dibawahnya ada mall, kalau mau jogging tinggal nyebrang ke kebun raya Bogor. Kamarnya sangat luas, bersih, rapih. Pokoknya the bestt😍",29-Sep-25
141,1409,Mohammad,Singapore,Couple,Executive Room,Stayed 7 nights in April 2026,10,Exceptional,Staycation,Nothing to say. Everything is superb. Been staying here for so many times the standard and cleaniness is superb. Location is good and connected to the mall.,20-Apr-26
141,1410,Abdika,Indonesia,Couple,Superior Room Queen,Stayed 1 night in April 2025,8.8,Excellent,Good and comfy stay,"Rating: 4/5 The room was a bit old but overall okay—clean and well-maintained. The bathroom, especially the shower, worked just fine. Food was decent, nothing special but acceptable. What really stood out was the service. All the staff were kind, warm, and very helpful throughout our stay. One unique perk was the exclusive access to Botani Square, which was a nice touch. The only downside was the lobby. It felt quite small and didn't give off an exclusive or premium vibe, which could be improved. Overall, a comfortable stay with great service!",17-Apr-25
142,1411,Eiji,Japan,Couple,,Stayed 3 nights in May 2011,8.3,Excellent,きれいなホテルでした,部屋は清潔で過ごしやすかったですが、冷蔵庫が無い部屋もあるようです。シャワールームはシャワーのみでバスタブはありませんが、バスタブの中で体を洗うよりは、こちらの方が使いやすいと思います,8-May-11
142,1412,NUTTAPORN,Thailand,Solo traveler,Executive Queen,Stayed 6 nights in February 2024,10,Exceptional,Very nice hotel,Nice hotel and good service,15-Mar-24
142,1413,Danai,Thailand,Solo traveler,,Stayed 1 night in May 2011,9.3,Exceptional,ครั้งแรกในบอกอร์กับ Santika Hotel,โรงแรมนี้ตั้งอยู่ในทำเลที่ดีมาก เดินทางเข้าพักสะดวกเพราะติดสถานีขนส่งของ DAMRI ซึ่งเป็นบริการรถบัสสายตรงมาจากสนามบินจาการ์ตาแค่เงยหน้าก็จะเห็นป้ายชื่อของโรงแรมเดินไปได้ใกล้มาก แล้วตัวโรงแรมก็ติดห้าง Botani Square เลย อาหารการกินเลือกได้ตามใจชอบ ตัวโรงแรมหรือห้องพักเองก็สะอาดดี มีไวไฟให้ใช้ฟรี แต่อาหารเช้าไม่ได้ลองเพราะว่าตื่นสายครับ ^_^! ก็ถือว่าใช้ได้สำหรับการพักครั้งแรกใน Bogor,25-May-11
142,1414,Khalina,Malaysia,Solo traveler,Superior Room Twin,Stayed 1 night in October 2025,9.2,Exceptional,Exceptional,Khidmat pantas,22-Feb-26
142,1415,yeni,Indonesia,Group,Deluxe Room Queen,Stayed 2 nights in April 2023,10,Exceptional,Parkir,Kl lg ramai susah parkir gabung di mall,24-Apr-23
142,1416,Yullia,Indonesia,Couple,Superior Room Queen,Stayed 1 night in April 2026,9.6,Exceptional,Sabtu ceria,"Over all bagus, makanan enak, lokasi sangat strategis. Tolong sediakan hair dryer di kamar biar tambah baik kualitas hotelnya",16-Apr-26
142,1417,Latifah,Indonesia,Family with teens,Deluxe Room Queen,Stayed 1 night in February 2026,10,Exceptional,Rekomendasi staycation yang nyaman,"Kamar bersih dan terawat, staff yang ramah, akses ke mall lebih mudah, menu breakfast yang bervariasi dan enak enak, 🫶🏼",17-Feb-26
142,1418,Novita,Indonesia,Solo traveler,Superior Room Queen,Stayed 1 night in May 2025,10,Exceptional,Terbaikk,"Hotel yang sangat nyaman, berada ditengah kota, dibawahnya ada mall, kalau mau jogging tinggal nyebrang ke kebun raya Bogor. Kamarnya sangat luas, bersih, rapih. Pokoknya the bestt😍",29-Sep-25
142,1419,Mohammad,Singapore,Couple,Executive Room,Stayed 7 nights in April 2026,10,Exceptional,Staycation,Nothing to say. Everything is superb. Been staying here for so many times the standard and cleaniness is superb. Location is good and connected to the mall.,20-Apr-26
142,1420,Abdika,Indonesia,Couple,Superior Room Queen,Stayed 1 night in April 2025,8.8,Excellent,Good and comfy stay,"Rating: 4/5 The room was a bit old but overall okay—clean and well-maintained. The bathroom, especially the shower, worked just fine. Food was decent, nothing special but acceptable. What really stood out was the service. All the staff were kind, warm, and very helpful throughout our stay. One unique perk was the exclusive access to Botani Square, which was a nice touch. The only downside was the lobby. It felt quite small and didn't give off an exclusive or premium vibe, which could be improved. Overall, a comfortable stay with great service!",17-Apr-25
143,1421,tjong,Indonesia,Family with young children,Deluxe Room Twin,Stayed 1 night in June 2022,8,Excellent,Ramai,Enak buat makan,23-Feb-23
143,1422,heru,Indonesia,Family with young children,Superior Room Twin,Stayed 1 night in October 2022,5.2,,Sarapan Pagi yang mengecewakan,"kenapa sarapan di batasi hanya untuk 2 orang dewasa saja, kalo di pikir keluarga kecil seperti saya dengan anak 2 yang besar usia 8 tahun dan yang kecil 11 bulan seberapa banyak sih makannya??? ini yang perlu kita pikirkan lagi jika mau menginap disini, dan kemarin akhirnya saya memilih untuk tidak makan di resto dengan niat untuk makan di kamar tapi kenapa makanan tidak boleh ambil sendiri harus diambilkan oleh petugas hotel, buat saya dengan saya membayar 1 jutaan permalam apa memang seperti ini ya pelayannya",4-Nov-22
143,1423,DIAN,Indonesia,Family with teens,Superior Room Twin,Stayed 1 night in July 2022,4,,Acceptable,"Hotel lama, WC nya sempit",17-Oct-22
143,1424,Anne,Indonesia,Business traveler,Superior Room Twin,Stayed 2 nights in July 2022,9.6,Exceptional,Hotel recommended,"Hotel favorit, kamar pun Luas , fasilitas OK, Breakfast juga enak. Staff Ramah. Samping Mall pula. Cuma syg gak bs keluar Balkon huhu..",7-Aug-22
143,1425,anjar,Indonesia,Family with young children,Superior Room Twin,Stayed 1 night in July 2022,10,Exceptional,Good,Nyaman buat keluarga,30-Jul-22
143,1426,Yullia,Indonesia,Couple,Superior Room Queen,Stayed 1 night in April 2026,9.6,Exceptional,Sabtu ceria,"Over all bagus, makanan enak, lokasi sangat strategis. Tolong sediakan hair dryer di kamar biar tambah baik kualitas hotelnya",16-Apr-26
143,1427,Latifah,Indonesia,Family with teens,Deluxe Room Queen,Stayed 1 night in February 2026,10,Exceptional,Rekomendasi staycation yang nyaman,"Kamar bersih dan terawat, staff yang ramah, akses ke mall lebih mudah, menu breakfast yang bervariasi dan enak enak, 🫶🏼",17-Feb-26
143,1428,Novita,Indonesia,Solo traveler,Superior Room Queen,Stayed 1 night in May 2025,10,Exceptional,Terbaikk,"Hotel yang sangat nyaman, berada ditengah kota, dibawahnya ada mall, kalau mau jogging tinggal nyebrang ke kebun raya Bogor. Kamarnya sangat luas, bersih, rapih. Pokoknya the bestt😍",29-Sep-25
143,1429,Mohammad,Singapore,Couple,Executive Room,Stayed 7 nights in April 2026,10,Exceptional,Staycation,Nothing to say. Everything is superb. Been staying here for so many times the standard and cleaniness is superb. Location is good and connected to the mall.,20-Apr-26
143,1430,Abdika,Indonesia,Couple,Superior Room Queen,Stayed 1 night in April 2025,8.8,Excellent,Good and comfy stay,"Rating: 4/5 The room was a bit old but overall okay—clean and well-maintained. The bathroom, especially the shower, worked just fine. Food was decent, nothing special but acceptable. What really stood out was the service. All the staff were kind, warm, and very helpful throughout our stay. One unique perk was the exclusive access to Botani Square, which was a nice touch. The only downside was the lobby. It felt quite small and didn't give off an exclusive or premium vibe, which could be improved. Overall, a comfortable stay with great service!",17-Apr-25
144,1431,Yadi,Indonesia,Family with young children,Superior Room Queen,Stayed 1 night in July 2022,10,Exceptional,Hotel santika bogor,Hotel santika sangat bagus sekali staff nya semua sangat ramah kamar nya luas kolam renang nya juga nyaman sekali Varian menu sarapan nya istimewa Insyaallah next time ke hotel santika lagi,17-Jul-22
144,1432,Ayoe,Indonesia,Family with young children,Superior Room Twin,Stayed 1 night in March 2022,10,Exceptional,Exceptional,"Staff nya ramah2 sekali, fasilitas n kebersihan kamar sangat baik, hampir tiap ke bogor nginep nya di sini",7-Jul-22
144,1433,Ario,Indonesia,Family with young children,Superior Room Queen,Stayed 2 nights in March 2022,10,Exceptional,Mantap buat liburan keluarga,"Lokasi strategis, kolam renangnya bagus. Makanannya juga menunya variatif. Cakep kalau buat liburan bareng keluarga melibatkan anak-anak.",5-Jul-22
144,1434,sudarman,Indonesia,Couple,Superior Room Twin,Stayed 1 night in December 2021,10,Exceptional,Stay vacation,Dengan conecting door dengan botani square mall memudahkan yang menginap di sini untuk berkunjung ke mall,25-Mar-22
144,1435,ahmad,Indonesia,Family with young children,Superior Room Queen,Stayed 1 night in February 2022,6.8,Good,Check in di cuekin,Check in disuruh tunggu... Dah hanya suruh tunggu dari jam 13.30... Org datang yg telat sdh dpt kunci... Kita tny nanti kamar masih dibersihkan Smp kita dpt kunci di jam 4.30 itupun dgn terus ditanya tanpa ada inisiatif memberi info kapan kita terima kunci.,4-Mar-22
144,1436,Yullia,Indonesia,Couple,Superior Room Queen,Stayed 1 night in April 2026,9.6,Exceptional,Sabtu ceria,"Over all bagus, makanan enak, lokasi sangat strategis. Tolong sediakan hair dryer di kamar biar tambah baik kualitas hotelnya",16-Apr-26
144,1437,Latifah,Indonesia,Family with teens,Deluxe Room Queen,Stayed 1 night in February 2026,10,Exceptional,Rekomendasi staycation yang nyaman,"Kamar bersih dan terawat, staff yang ramah, akses ke mall lebih mudah, menu breakfast yang bervariasi dan enak enak, 🫶🏼",17-Feb-26
144,1438,Novita,Indonesia,Solo traveler,Superior Room Queen,Stayed 1 night in May 2025,10,Exceptional,Terbaikk,"Hotel yang sangat nyaman, berada ditengah kota, dibawahnya ada mall, kalau mau jogging tinggal nyebrang ke kebun raya Bogor. Kamarnya sangat luas, bersih, rapih. Pokoknya the bestt😍",29-Sep-25
144,1439,Mohammad,Singapore,Couple,Executive Room,Stayed 7 nights in April 2026,10,Exceptional,Staycation,Nothing to say. Everything is superb. Been staying here for so many times the standard and cleaniness is superb. Location is good and connected to the mall.,20-Apr-26
144,1440,Abdika,Indonesia,Couple,Superior Room Queen,Stayed 1 night in April 2025,8.8,Excellent,Good and comfy stay,"Rating: 4/5 The room was a bit old but overall okay—clean and well-maintained. The bathroom, especially the shower, worked just fine. Food was decent, nothing special but acceptable. What really stood out was the service. All the staff were kind, warm, and very helpful throughout our stay. One unique perk was the exclusive access to Botani Square, which was a nice touch. The only downside was the lobby. It felt quite small and didn't give off an exclusive or premium vibe, which could be improved. Overall, a comfortable stay with great service!",17-Apr-25
145,1441,Nai,Indonesia,Family with young children,Superior Room Queen,Stayed 2 nights in November 2021,10,Exceptional,Pelayanan bagus ...,"Pelayanan , sarapan, fasilitas top .. Tapi sayang buat anak kecil dibawah 2 tahun ,bnyk furniture yang tajam ..",24-Nov-21
145,1442,A.,Indonesia,Family with young children,Superior Room Twin,Stayed 1 night in June 2020,8,Excellent,new normal,"so far so good, tp dgn harga segitu dapat sarapannya dianter k kamar, itupun kurang enak, kecewa.. mungkin krna masi pandemi kali ya, ga dpt buffet kopi sama teh nya juga d jatah, masing2 1 bag doang d kamar.. tp selebihnya si oke lah..",10-Jul-20
145,1443,Domisilus,Indonesia,Family with young children,,Stayed 1 night in June 2020,9.6,Exceptional,Hotel dengan kebersihan dan karyawan ramah,sangat bersih dan karyawan ramah serta mengutamakan kesehatan di masa pandemi covid 19,23-Jun-20
145,1444,Adhi,Indonesia,Family with young children,Deluxe Room Twin,Stayed 1 night in August 2018,9.2,Exceptional,recomended,all good...sangat recomended..harga berbanding lurus...bersih..nyaman..dan remah,8-Nov-18
145,1445,Maraden,Indonesia,Family with young children,TWIN SUPERIOR - BED AND BREAKFAST,Stayed 1 night in September 2018,8.4,Excellent,mantap utk keluarga,cakep lokasi dan tempatnya,25-Sep-18
145,1446,Yullia,Indonesia,Couple,Superior Room Queen,Stayed 1 night in April 2026,9.6,Exceptional,Sabtu ceria,"Over all bagus, makanan enak, lokasi sangat strategis. Tolong sediakan hair dryer di kamar biar tambah baik kualitas hotelnya",16-Apr-26
145,1447,Latifah,Indonesia,Family with teens,Deluxe Room Queen,Stayed 1 night in February 2026,10,Exceptional,Rekomendasi staycation yang nyaman,"Kamar bersih dan terawat, staff yang ramah, akses ke mall lebih mudah, menu breakfast yang bervariasi dan enak enak, 🫶🏼",17-Feb-26
145,1448,Novita,Indonesia,Solo traveler,Superior Room Queen,Stayed 1 night in May 2025,10,Exceptional,Terbaikk,"Hotel yang sangat nyaman, berada ditengah kota, dibawahnya ada mall, kalau mau jogging tinggal nyebrang ke kebun raya Bogor. Kamarnya sangat luas, bersih, rapih. Pokoknya the bestt😍",29-Sep-25
145,1449,Mohammad,Singapore,Couple,Executive Room,Stayed 7 nights in April 2026,10,Exceptional,Staycation,Nothing to say. Everything is superb. Been staying here for so many times the standard and cleaniness is superb. Location is good and connected to the mall.,20-Apr-26
145,1450,Abdika,Indonesia,Couple,Superior Room Queen,Stayed 1 night in April 2025,8.8,Excellent,Good and comfy stay,"Rating: 4/5 The room was a bit old but overall okay—clean and well-maintained. The bathroom, especially the shower, worked just fine. Food was decent, nothing special but acceptable. What really stood out was the service. All the staff were kind, warm, and very helpful throughout our stay. One unique perk was the exclusive access to Botani Square, which was a nice touch. The only downside was the lobby. It felt quite small and didn't give off an exclusive or premium vibe, which could be improved. Overall, a comfortable stay with great service!",17-Apr-25
146,1451,ahmat,Malaysia,Group,,Stayed 4 nights in March 2015,8.7,Excellent,Hotel Santika,Tiada masalah,9-Mar-15
146,1452,Yuzalezam,Malaysia,Business traveler,,Stayed 2 nights in February 2012,8.7,Excellent,"selesa, luas dan berbaloi","Tempahan melalui agoda benar-benar berbaloi kerana hotel ini merupakan hotel terbaik di bogor, bersebelahan pusat membeli belah, terminal bas ke lapangan terbang antarabangsa sukarno hatta. Saya telah diberi diskaun hampir 70% melalui agoda berbanding dengan harga ""walk in"". Bagi pelancong, hotel ini memang pilihan yang terbaik kerana terdapat servis pengangkutan lapangan terbang yang dikelolakan oleh bas ekspress membuatkan anda berjimat berbanding kos teksi.",16-Aug-12
146,1453,Nazarruddin,Malaysia,Solo traveler,,Stayed 1 night in February 2012,9.3,Exceptional,Santai di Bogor,"Santai sekejap di Bogor sebelun penerbangan pulang ke Malaysia, Santika hotel Bogor adalah hotel yang mudah lokasinya. Sarapan pagi yang pelbagai dengan citarasa masakan tradisi Indonesia dan American breakfast. Kakitangan F&B yang peramah dan layanan yang sangat mesra. Bilik hotel yang bersih dan selamat. Berhampiran dengan pusat beli belah moden Botani Square Bogor. Factory outlet yang berderetan di Jalan Padjajaran Bogor, hanya beberapa ratus meter dari hotel. Berdekatan dengan Station pengangkutan bas DAMRI ke Jakarta, Bandung dan CGK Airport, sangat mudah. Pasti menjadi pilihan saya apabila bertandang ke Bogor lagi.",10-Feb-12
146,1454,Yu-Ming,Taiwan,Couple,Superior Room Twin,Stayed 7 nights in June 2025,10,Exceptional,完美的住宿體驗,這家飯店的性價比極高，地理位置優越，步行即可輕鬆造訪隔街的茂物植物園。生活機能也十分便利，飯店透過地下通道與旁邊的Botani Square Mall Bogor連通，無論購物或用餐都非常方便。整體價格相當實惠，是值得推薦的住宿選擇。,18-Jun-25
146,1455,Maria,"Hong Kong SAR, China",Solo traveler,Deluxe Room Twin,Stayed 2 nights in December 2024,7.2,Very good,Very good,It's a convenient hotel and I will stay again,28-Dec-24
146,1456,Yullia,Indonesia,Couple,Superior Room Queen,Stayed 1 night in April 2026,9.6,Exceptional,Sabtu ceria,"Over all bagus, makanan enak, lokasi sangat strategis. Tolong sediakan hair dryer di kamar biar tambah baik kualitas hotelnya",16-Apr-26
146,1457,Latifah,Indonesia,Family with teens,Deluxe Room Queen,Stayed 1 night in February 2026,10,Exceptional,Rekomendasi staycation yang nyaman,"Kamar bersih dan terawat, staff yang ramah, akses ke mall lebih mudah, menu breakfast yang bervariasi dan enak enak, 🫶🏼",17-Feb-26
146,1458,Novita,Indonesia,Solo traveler,Superior Room Queen,Stayed 1 night in May 2025,10,Exceptional,Terbaikk,"Hotel yang sangat nyaman, berada ditengah kota, dibawahnya ada mall, kalau mau jogging tinggal nyebrang ke kebun raya Bogor. Kamarnya sangat luas, bersih, rapih. Pokoknya the bestt😍",29-Sep-25
146,1459,Mohammad,Singapore,Couple,Executive Room,Stayed 7 nights in April 2026,10,Exceptional,Staycation,Nothing to say. Everything is superb. Been staying here for so many times the standard and cleaniness is superb. Location is good and connected to the mall.,20-Apr-26
146,1460,Abdika,Indonesia,Couple,Superior Room Queen,Stayed 1 night in April 2025,8.8,Excellent,Good and comfy stay,"Rating: 4/5 The room was a bit old but overall okay—clean and well-maintained. The bathroom, especially the shower, worked just fine. Food was decent, nothing special but acceptable. What really stood out was the service. All the staff were kind, warm, and very helpful throughout our stay. One unique perk was the exclusive access to Botani Square, which was a nice touch. The only downside was the lobby. It felt quite small and didn't give off an exclusive or premium vibe, which could be improved. Overall, a comfortable stay with great service!",17-Apr-25
147,1461,Luk,"Hong Kong SAR, China",Solo traveler,Superior Room Queen,Stayed 3 nights in October 2023,8.4,Excellent,要改善的地方,水龍頭去水位漏水，所以地面經常有人積。,18-Oct-23
147,1462,chang,South Korea,Couple,Superior Room Twin,Stayed 3 nights in April 2025,10,Exceptional,위치 ^____^,식물원하고 mall 이 붙어있습니다.,20-Apr-25
147,1463,DOOYOUNG,South Korea,Group,Deluxe Room Twin,Stayed 8 nights in March 2024,8.4,Excellent,호텔,쇼핑몰하고붙어있어서 모든것이편리하고 3성급호텔이지만 방도넓고 깨끗하고 직원들도 친절함.조식은그런데로 먹을만함,17-Mar-24
147,1464,JAE,South Korea,Couple,Superior Room Queen,Stayed 1 night in November 2020,6.4,Good,Ok,Ok,6-Dec-20
147,1465,JAE,South Korea,Couple,Superior Room Queen,Stayed 1 night in December 2020,6,,Ok,Ok,6-Dec-20
147,1466,Yullia,Indonesia,Couple,Superior Room Queen,Stayed 1 night in April 2026,9.6,Exceptional,Sabtu ceria,"Over all bagus, makanan enak, lokasi sangat strategis. Tolong sediakan hair dryer di kamar biar tambah baik kualitas hotelnya",16-Apr-26
147,1467,Latifah,Indonesia,Family with teens,Deluxe Room Queen,Stayed 1 night in February 2026,10,Exceptional,Rekomendasi staycation yang nyaman,"Kamar bersih dan terawat, staff yang ramah, akses ke mall lebih mudah, menu breakfast yang bervariasi dan enak enak, 🫶🏼",17-Feb-26
147,1468,Novita,Indonesia,Solo traveler,Superior Room Queen,Stayed 1 night in May 2025,10,Exceptional,Terbaikk,"Hotel yang sangat nyaman, berada ditengah kota, dibawahnya ada mall, kalau mau jogging tinggal nyebrang ke kebun raya Bogor. Kamarnya sangat luas, bersih, rapih. Pokoknya the bestt😍",29-Sep-25
147,1469,Mohammad,Singapore,Couple,Executive Room,Stayed 7 nights in April 2026,10,Exceptional,Staycation,Nothing to say. Everything is superb. Been staying here for so many times the standard and cleaniness is superb. Location is good and connected to the mall.,20-Apr-26
147,1470,Abdika,Indonesia,Couple,Superior Room Queen,Stayed 1 night in April 2025,8.8,Excellent,Good and comfy stay,"Rating: 4/5 The room was a bit old but overall okay—clean and well-maintained. The bathroom, especially the shower, worked just fine. Food was decent, nothing special but acceptable. What really stood out was the service. All the staff were kind, warm, and very helpful throughout our stay. One unique perk was the exclusive access to Botani Square, which was a nice touch. The only downside was the lobby. It felt quite small and didn't give off an exclusive or premium vibe, which could be improved. Overall, a comfortable stay with great service!",17-Apr-25
148,1471,JAE,South Korea,Couple,,Stayed 1 night in October 2020,7.6,Very good,Ok,Ok,31-Oct-20
148,1472,Meesun,South Korea,Solo traveler,Superior Room Twin,Stayed 1 night in January 2020,7.2,Very good,교통이 따봉!^^,고속도로와 가깝고 몰도 가깝고 불편한 게 하나도 없다. 방도 크고 침대도 편하고 보고르에서 젤 믿을 수 있다!,9-Jan-20
148,1473,young,Philippines,Family with teens,Deluxe Room Twin,Stayed 1 night in September 2018,10,Exceptional,위치 좋고 친절한 호텔,버스터미날 바로 옆의 좋은 위치와 시설이며 친절한 직원들 덕분에 좋은 여행하고 왔습니다,4-Sep-18
148,1474,Hosang,South Korea,Business traveler,Superior Room Queen,Stayed 1 night in October 2017,8.4,Excellent,공항에서 리무진버스로 직행 1시간 소요,공항에서 직행버스가 있어서 좋음. 공항 버스 대기번호가 없기 때문에 빨리 타야함,2-Nov-17
148,1475,JEONG,South Korea,Solo traveler,,Stayed 1 night in December 2015,4.7,,가격 대비 좋지 않습니다.,직원들의 써비스는 중간 정도입니다. 식사는 호텔 숙박비와 비슷하게 가격대비 좋지않습니다. 밖에서 사먹는게 나을듯.......,18-Dec-15
148,1476,Yullia,Indonesia,Couple,Superior Room Queen,Stayed 1 night in April 2026,9.6,Exceptional,Sabtu ceria,"Over all bagus, makanan enak, lokasi sangat strategis. Tolong sediakan hair dryer di kamar biar tambah baik kualitas hotelnya",16-Apr-26
148,1477,Latifah,Indonesia,Family with teens,Deluxe Room Queen,Stayed 1 night in February 2026,10,Exceptional,Rekomendasi staycation yang nyaman,"Kamar bersih dan terawat, staff yang ramah, akses ke mall lebih mudah, menu breakfast yang bervariasi dan enak enak, 🫶🏼",17-Feb-26
148,1478,Novita,Indonesia,Solo traveler,Superior Room Queen,Stayed 1 night in May 2025,10,Exceptional,Terbaikk,"Hotel yang sangat nyaman, berada ditengah kota, dibawahnya ada mall, kalau mau jogging tinggal nyebrang ke kebun raya Bogor. Kamarnya sangat luas, bersih, rapih. Pokoknya the bestt😍",29-Sep-25
148,1479,Mohammad,Singapore,Couple,Executive Room,Stayed 7 nights in April 2026,10,Exceptional,Staycation,Nothing to say. Everything is superb. Been staying here for so many times the standard and cleaniness is superb. Location is good and connected to the mall.,20-Apr-26
148,1480,Abdika,Indonesia,Couple,Superior Room Queen,Stayed 1 night in April 2025,8.8,Excellent,Good and comfy stay,"Rating: 4/5 The room was a bit old but overall okay—clean and well-maintained. The bathroom, especially the shower, worked just fine. Food was decent, nothing special but acceptable. What really stood out was the service. All the staff were kind, warm, and very helpful throughout our stay. One unique perk was the exclusive access to Botani Square, which was a nice touch. The only downside was the lobby. It felt quite small and didn't give off an exclusive or premium vibe, which could be improved. Overall, a comfortable stay with great service!",17-Apr-25
149,1481,JESSICA,Indonesia,Business traveler,,Stayed 1 night in February 2013,6.7,Good,위치는 좋지만 클라스는 떨어지는 호텔,"호텔 로비는 싸구려 호텔 수준이고, 방의 상태는 그런대로 호텔 클라스의 수준에 부합한다. 아침식사도 무난하나, 내내 모시고 간 손님이 불평할까봐 조마조마 했다. 여행에 간단히 이용하긴 무리없겠으나, 비즈니스 손님을 모시기엔 부족한 감이 든다",12-Feb-13
149,1482,kichul,South Korea,Solo traveler,,Stayed 1 night in June 2012,8,Excellent,작지만 깔끔한 호텔,주차도 편하고 친절한 직원들이 정감이 가는 호텔.. this hotel nice place and nice service....,3-Jul-12
149,1483,Hyung,South Korea,Solo traveler,,Stayed 1 night in April 2012,7.3,Very good,조식이 괜찮았던 호텔,"Mall과 연결되어 있으며, 시설도 비교적 양호한 편임 조식은 다양한 종류의 음식을 선택할 수 있어서 좋으나, 방음은 상대적으로 취약함. 옆방에 가족단위의 고객이 머물 경우 상당히 시끄러워 불편함",11-May-12
149,1484,Iswahyudi,Indonesia,Solo traveler,Suite Room,Stayed 1 night in May 2025,10,Exceptional,Hotel yang menyebangkan,"Hotel yang bagus, dekat dengan mall, dekat dengan kebun Raya Bogor sehingga kita bisa jogging di pagi hari sambil menghirup udara Bogor yang segar.",3-Jun-25
149,1485,winingsih,Indonesia,Family with young children,Superior Room Twin,Stayed 1 night in May 2024,9.2,Exceptional,Weekend,"Saat resepsionist antri, Check in dibantu lbh cepat, Hotel terkoneksi dengan Mall Botani, jd bisa akses lgsg walaupun hujan, kamar bersi, harum, kolam renang nya bersih...next sering2 promo yaa...",27-Jun-24
149,1486,Yullia,Indonesia,Couple,Superior Room Queen,Stayed 1 night in April 2026,9.6,Exceptional,Sabtu ceria,"Over all bagus, makanan enak, lokasi sangat strategis. Tolong sediakan hair dryer di kamar biar tambah baik kualitas hotelnya",16-Apr-26
149,1487,Latifah,Indonesia,Family with teens,Deluxe Room Queen,Stayed 1 night in February 2026,10,Exceptional,Rekomendasi staycation yang nyaman,"Kamar bersih dan terawat, staff yang ramah, akses ke mall lebih mudah, menu breakfast yang bervariasi dan enak enak, 🫶🏼",17-Feb-26
149,1488,Novita,Indonesia,Solo traveler,Superior Room Queen,Stayed 1 night in May 2025,10,Exceptional,Terbaikk,"Hotel yang sangat nyaman, berada ditengah kota, dibawahnya ada mall, kalau mau jogging tinggal nyebrang ke kebun raya Bogor. Kamarnya sangat luas, bersih, rapih. Pokoknya the bestt😍",29-Sep-25
149,1489,Mohammad,Singapore,Couple,Executive Room,Stayed 7 nights in April 2026,10,Exceptional,Staycation,Nothing to say. Everything is superb. Been staying here for so many times the standard and cleaniness is superb. Location is good and connected to the mall.,20-Apr-26
149,1490,Abdika,Indonesia,Couple,Superior Room Queen,Stayed 1 night in April 2025,8.8,Excellent,Good and comfy stay,"Rating: 4/5 The room was a bit old but overall okay—clean and well-maintained. The bathroom, especially the shower, worked just fine. Food was decent, nothing special but acceptable. What really stood out was the service. All the staff were kind, warm, and very helpful throughout our stay. One unique perk was the exclusive access to Botani Square, which was a nice touch. The only downside was the lobby. It felt quite small and didn't give off an exclusive or premium vibe, which could be improved. Overall, a comfortable stay with great service!",17-Apr-25
150,1491,yudistira,Indonesia,Family with young children,Superior Room Twin,Stayed 1 night in January 2025,10,Exceptional,Nice hotel,"Lokasi hotel yang strategis di dlm mall botani, pelayanan yg baik, kamar bersih & staff yang ramah.",3-Feb-25
150,1492,handitya,Indonesia,Family with teens,Superior Room Queen,Stayed 1 night in July 2024,9.2,Exceptional,Lumayan Bagus,"Service selalu bagus dan ramah, kebersihan bagus, proses check in dan check out mudah serta cepat, fasilitas bagus, kekurangan nya Menu Sarapan kali ini kurang banyak variasi..",10-Jul-24
150,1493,Indra,Indonesia,Family with young children,Superior Room Queen,Stayed 2 nights in August 2024,10,Exceptional,Pengalaman menginap yang mengesankan,"Kamarnya luas, nyaman, dan didukung dengan lokasinya yang strategis sehingga menyebabkan saya beserta keluarga memilih menginap di hotel santika.",7-Oct-24
150,1494,Hari,Indonesia,Family with young children,Superior Room Queen,Stayed 1 night in August 2025,10,Exceptional,Liburan yang menyenangkan bersama keluarga,Melihat Keluarga dan anak yang menyenangkan selama liburan di Hotel Santika Bogor,25-Aug-25
150,1495,andry,Indonesia,Family with young children,Deluxe Room Queen,Stayed 1 night in May 2025,10,Exceptional,Selalu berkesan menginap di santika bogor,"Semuanya bagus, saya selalu menginap disini ketika berkunjung ke bogor",1-Jun-25
150,1496,Yullia,Indonesia,Couple,Superior Room Queen,Stayed 1 night in April 2026,9.6,Exceptional,Sabtu ceria,"Over all bagus, makanan enak, lokasi sangat strategis. Tolong sediakan hair dryer di kamar biar tambah baik kualitas hotelnya",16-Apr-26
150,1497,Latifah,Indonesia,Family with teens,Deluxe Room Queen,Stayed 1 night in February 2026,10,Exceptional,Rekomendasi staycation yang nyaman,"Kamar bersih dan terawat, staff yang ramah, akses ke mall lebih mudah, menu breakfast yang bervariasi dan enak enak, 🫶🏼",17-Feb-26
150,1498,Novita,Indonesia,Solo traveler,Superior Room Queen,Stayed 1 night in May 2025,10,Exceptional,Terbaikk,"Hotel yang sangat nyaman, berada ditengah kota, dibawahnya ada mall, kalau mau jogging tinggal nyebrang ke kebun raya Bogor. Kamarnya sangat luas, bersih, rapih. Pokoknya the bestt😍",29-Sep-25
150,1499,Mohammad,Singapore,Couple,Executive Room,Stayed 7 nights in April 2026,10,Exceptional,Staycation,Nothing to say. Everything is superb. Been staying here for so many times the standard and cleaniness is superb. Location is good and connected to the mall.,20-Apr-26
150,1500,Abdika,Indonesia,Couple,Superior Room Queen,Stayed 1 night in April 2025,8.8,Excellent,Good and comfy stay,"Rating: 4/5 The room was a bit old but overall okay—clean and well-maintained. The bathroom, especially the shower, worked just fine. Food was decent, nothing special but acceptable. What really stood out was the service. All the staff were kind, warm, and very helpful throughout our stay. One unique perk was the exclusive access to Botani Square, which was a nice touch. The only downside was the lobby. It felt quite small and didn't give off an exclusive or premium vibe, which could be improved. Overall, a comfortable stay with great service!",17-Apr-25
151,1501,Doddy,Indonesia,Family with young children,Superior Room Twin,Stayed 1 night in June 2024,9.6,Exceptional,One stop staycation,"Hotel yg pas untuk staycation keluarga karena ada connecting langsung ke Botani square, jadi sekalian nginep bisa juga nge-game, jajan2 n nge-mall..cocok banget kalau bawa anak kecil..cuma kolam renang aja agak kecil..utk menu sarapan kurang variatif, tp rasanya enak..pelayanan staf baik n ramah..great place to staycation",30-Jun-24
151,1502,Nadia,Indonesia,Family with teens,Superior Room Queen,Stayed 1 night in April 2025,10,Exceptional,Good,"Baguss banget santika, tempatnya strategis bcs samping2an sama botani square mall, at least siapa sih yang gatau btm HAHAH, kamarnyaa luas ckalieee. makanannya enakk dan fasilitasnyaaa mantappps. Untuk parkirann mobil pun sudah dijamin mempunyai tempat parkirr istimewaaa😻",7-Apr-25
151,1503,tomy,Indonesia,Family with young children,Superior Room Twin,Stayed 1 night in January 2025,10,Exceptional,Memorable Vacation,Point utamanya adalah hotel ini sangat strategis dan lokasinya persis disebelah department store,27-Jan-25
151,1504,kusmin,Saudi Arabia,Family with young children,Superior Room Twin,Stayed 3 nights in October 2024,10,Exceptional,Hotel plus sofa panjang,Hotel santika Saugatuck bagus dan kita bisa dapet sofa panjang untuk yg akan menginap 3 orang jadi sangat rekomen,12-Oct-24
151,1505,Zhastro,Indonesia,Solo traveler,Superior Room Queen,Stayed 1 night in March 2025,9.2,Exceptional,Nice location,"Its about location, location, and location! Easy to access, in the city centre, in the mall",29-Mar-25
151,1506,Yullia,Indonesia,Couple,Superior Room Queen,Stayed 1 night in April 2026,9.6,Exceptional,Sabtu ceria,"Over all bagus, makanan enak, lokasi sangat strategis. Tolong sediakan hair dryer di kamar biar tambah baik kualitas hotelnya",16-Apr-26
151,1507,Latifah,Indonesia,Family with teens,Deluxe Room Queen,Stayed 1 night in February 2026,10,Exceptional,Rekomendasi staycation yang nyaman,"Kamar bersih dan terawat, staff yang ramah, akses ke mall lebih mudah, menu breakfast yang bervariasi dan enak enak, 🫶🏼",17-Feb-26
151,1508,Novita,Indonesia,Solo traveler,Superior Room Queen,Stayed 1 night in May 2025,10,Exceptional,Terbaikk,"Hotel yang sangat nyaman, berada ditengah kota, dibawahnya ada mall, kalau mau jogging tinggal nyebrang ke kebun raya Bogor. Kamarnya sangat luas, bersih, rapih. Pokoknya the bestt😍",29-Sep-25
151,1509,Mohammad,Singapore,Couple,Executive Room,Stayed 7 nights in April 2026,10,Exceptional,Staycation,Nothing to say. Everything is superb. Been staying here for so many times the standard and cleaniness is superb. Location is good and connected to the mall.,20-Apr-26
151,1510,Abdika,Indonesia,Couple,Superior Room Queen,Stayed 1 night in April 2025,8.8,Excellent,Good and comfy stay,"Rating: 4/5 The room was a bit old but overall okay—clean and well-maintained. The bathroom, especially the shower, worked just fine. Food was decent, nothing special but acceptable. What really stood out was the service. All the staff were kind, warm, and very helpful throughout our stay. One unique perk was the exclusive access to Botani Square, which was a nice touch. The only downside was the lobby. It felt quite small and didn't give off an exclusive or premium vibe, which could be improved. Overall, a comfortable stay with great service!",17-Apr-25
152,1511,Mimi,Indonesia,Family with young children,Superior Room Twin,Stayed 2 nights in January 2025,10,Exceptional,Puas,Tempatnya bersih..bawahnya mall botani cari mkn ..nongkrong sampe mlm ga perlu kmn2..menu sarapanya lumayan bnyk Dan enak jg..,6-Feb-25
152,1512,Libyanti,Indonesia,Family with young children,Deluxe Room Queen,Stayed 1 night in January 2025,10,Exceptional,Stay cation,"Stay cation yg seruu krn hotel lgsg terhubung dgn mal,bs jln jg ke kebun raya bogor..ini kali kedua kami ke hotel santika bogor dan kami pasti kembali lg.pelayanan n fasilitas oke punya",28-Jan-25
152,1513,Hasbi,Indonesia,Couple,Superior Room Queen,Stayed 1 night in June 2025,8.8,Excellent,lokasi tepat di jantung kota bogor,"lokasi tepat di jantung kota bagor, basis idel perjalanan bisnis dan wisata di kota hujan. mau kulineran dekat kemana-mana, mau rapat bisnis juga dekat ke banyak pusat perkantoran",20-Jun-25
152,1514,Yanuar,Indonesia,Couple,Executive Queen,Stayed 1 night in January 2026,10,Exceptional,Exceptional,Lokasi strategis,20-May-26
152,1515,Thariq,Indonesia,Solo traveler,Superior Room Queen,Stayed 1 night in April 2026,10,Exceptional,Good experience,"Dekat dengan mall,pelayanan oke,dan fasilitas mantap,keep it up",22-Apr-26
152,1516,Yullia,Indonesia,Couple,Superior Room Queen,Stayed 1 night in April 2026,9.6,Exceptional,Sabtu ceria,"Over all bagus, makanan enak, lokasi sangat strategis. Tolong sediakan hair dryer di kamar biar tambah baik kualitas hotelnya",16-Apr-26
152,1517,Latifah,Indonesia,Family with teens,Deluxe Room Queen,Stayed 1 night in February 2026,10,Exceptional,Rekomendasi staycation yang nyaman,"Kamar bersih dan terawat, staff yang ramah, akses ke mall lebih mudah, menu breakfast yang bervariasi dan enak enak, 🫶🏼",17-Feb-26
152,1518,Novita,Indonesia,Solo traveler,Superior Room Queen,Stayed 1 night in May 2025,10,Exceptional,Terbaikk,"Hotel yang sangat nyaman, berada ditengah kota, dibawahnya ada mall, kalau mau jogging tinggal nyebrang ke kebun raya Bogor. Kamarnya sangat luas, bersih, rapih. Pokoknya the bestt😍",29-Sep-25
152,1519,Mohammad,Singapore,Couple,Executive Room,Stayed 7 nights in April 2026,10,Exceptional,Staycation,Nothing to say. Everything is superb. Been staying here for so many times the standard and cleaniness is superb. Location is good and connected to the mall.,20-Apr-26
152,1520,Abdika,Indonesia,Couple,Superior Room Queen,Stayed 1 night in April 2025,8.8,Excellent,Good and comfy stay,"Rating: 4/5 The room was a bit old but overall okay—clean and well-maintained. The bathroom, especially the shower, worked just fine. Food was decent, nothing special but acceptable. What really stood out was the service. All the staff were kind, warm, and very helpful throughout our stay. One unique perk was the exclusive access to Botani Square, which was a nice touch. The only downside was the lobby. It felt quite small and didn't give off an exclusive or premium vibe, which could be improved. Overall, a comfortable stay with great service!",17-Apr-25
153,1521,imam,Indonesia,Couple,Superior Room Twin,Stayed 1 night in May 2025,8.8,Excellent,The Best.,"Ramah,enak & nyaman.",21-Apr-26
153,1522,Saraswati,Indonesia,Couple,Superior Room Queen,Stayed 1 night in April 2026,10,Exceptional,Staycation,Over all good,16-Apr-26
153,1523,Fahmy,Indonesia,Couple,Deluxe Room Queen,Stayed 2 nights in March 2026,10,Exceptional,Exceptional,"Kamar nya ok, kebersihan ok, staf nya sopan",31-Mar-26
153,1524,sudarman,Indonesia,Family with teens,Superior Room Queen,Stayed 1 night in August 2025,10,Exceptional,Menginap,Sesuai dengan penilaian di atas,19-Mar-26
153,1525,Chandra,Indonesia,Business traveler,Superior Single Room,Stayed 4 nights in June 2025,6.4,Good,Dinas,Cukup untuk dinas di bogor,18-Mar-26
153,1526,Yullia,Indonesia,Couple,Superior Room Queen,Stayed 1 night in April 2026,9.6,Exceptional,Sabtu ceria,"Over all bagus, makanan enak, lokasi sangat strategis. Tolong sediakan hair dryer di kamar biar tambah baik kualitas hotelnya",16-Apr-26
153,1527,Latifah,Indonesia,Family with teens,Deluxe Room Queen,Stayed 1 night in February 2026,10,Exceptional,Rekomendasi staycation yang nyaman,"Kamar bersih dan terawat, staff yang ramah, akses ke mall lebih mudah, menu breakfast yang bervariasi dan enak enak, 🫶🏼",17-Feb-26
153,1528,Novita,Indonesia,Solo traveler,Superior Room Queen,Stayed 1 night in May 2025,10,Exceptional,Terbaikk,"Hotel yang sangat nyaman, berada ditengah kota, dibawahnya ada mall, kalau mau jogging tinggal nyebrang ke kebun raya Bogor. Kamarnya sangat luas, bersih, rapih. Pokoknya the bestt😍",29-Sep-25
153,1529,Mohammad,Singapore,Couple,Executive Room,Stayed 7 nights in April 2026,10,Exceptional,Staycation,Nothing to say. Everything is superb. Been staying here for so many times the standard and cleaniness is superb. Location is good and connected to the mall.,20-Apr-26
153,1530,Abdika,Indonesia,Couple,Superior Room Queen,Stayed 1 night in April 2025,8.8,Excellent,Good and comfy stay,"Rating: 4/5 The room was a bit old but overall okay—clean and well-maintained. The bathroom, especially the shower, worked just fine. Food was decent, nothing special but acceptable. What really stood out was the service. All the staff were kind, warm, and very helpful throughout our stay. One unique perk was the exclusive access to Botani Square, which was a nice touch. The only downside was the lobby. It felt quite small and didn't give off an exclusive or premium vibe, which could be improved. Overall, a comfortable stay with great service!",17-Apr-25
154,1531,Nur,Indonesia,Couple,Deluxe Room Queen,Stayed 1 night in June 2025,10,Exceptional,Luar biasa,"Pelayanan, tempat dan fasilitas too vanget",25-Feb-26
154,1532,Yeni,Indonesia,Couple,Superior Room Twin,Stayed 1 night in February 2026,10,Exceptional,Exceptional,"Tempat yang nyaman untuk berlibur bersama pasangan, fasilitas, pelayanan, semua-semua the best 🥰",19-Feb-26
154,1533,Apri,Indonesia,Couple,Superior Room Queen,Stayed 1 night in February 2026,5.6,,Above average,Pesen superior queen room dikasih twin..mengecewakan,8-Feb-26
154,1534,Panji,Indonesia,Couple,Superior Room Queen,Stayed 1 night in January 2026,6.8,Good,Good,Bad breakfast nasgor hambar dan omelette gaada kondimen,6-Jan-26
154,1535,m.aldyansyah,Indonesia,Couple,Superior Room Twin,Stayed 1 night in July 2025,10,Exceptional,penginapan yg baik,tempat yg baik dan bersih,2-Dec-25
154,1536,Yullia,Indonesia,Couple,Superior Room Queen,Stayed 1 night in April 2026,9.6,Exceptional,Sabtu ceria,"Over all bagus, makanan enak, lokasi sangat strategis. Tolong sediakan hair dryer di kamar biar tambah baik kualitas hotelnya",16-Apr-26
154,1537,Latifah,Indonesia,Family with teens,Deluxe Room Queen,Stayed 1 night in February 2026,10,Exceptional,Rekomendasi staycation yang nyaman,"Kamar bersih dan terawat, staff yang ramah, akses ke mall lebih mudah, menu breakfast yang bervariasi dan enak enak, 🫶🏼",17-Feb-26
154,1538,Novita,Indonesia,Solo traveler,Superior Room Queen,Stayed 1 night in May 2025,10,Exceptional,Terbaikk,"Hotel yang sangat nyaman, berada ditengah kota, dibawahnya ada mall, kalau mau jogging tinggal nyebrang ke kebun raya Bogor. Kamarnya sangat luas, bersih, rapih. Pokoknya the bestt😍",29-Sep-25
154,1539,Mohammad,Singapore,Couple,Executive Room,Stayed 7 nights in April 2026,10,Exceptional,Staycation,Nothing to say. Everything is superb. Been staying here for so many times the standard and cleaniness is superb. Location is good and connected to the mall.,20-Apr-26
154,1540,Abdika,Indonesia,Couple,Superior Room Queen,Stayed 1 night in April 2025,8.8,Excellent,Good and comfy stay,"Rating: 4/5 The room was a bit old but overall okay—clean and well-maintained. The bathroom, especially the shower, worked just fine. Food was decent, nothing special but acceptable. What really stood out was the service. All the staff were kind, warm, and very helpful throughout our stay. One unique perk was the exclusive access to Botani Square, which was a nice touch. The only downside was the lobby. It felt quite small and didn't give off an exclusive or premium vibe, which could be improved. Overall, a comfortable stay with great service!",17-Apr-25
155,1541,Iswahyudi,Indonesia,Couple,Superior Room Queen,Stayed 1 night in May 2025,10,Exceptional,Exceptional,Mantap lokasi hotel dekat kebun Raya Bogor dan ada Mall dibawah,10-Nov-25
155,1542,Yogi,Indonesia,Couple,Deluxe Room Queen,Stayed 2 nights in October 2025,9.6,Exceptional,Recommended,Tempat istrht yg cukup strategis untuk yang sedang berlibur ke kota bogor.,2-Nov-25
155,1543,Heppy,Indonesia,Family with young children,Superior Room Twin,Stayed 1 night in July 2025,9.2,Exceptional,Exceptional,mantab,1-Nov-25
155,1544,Metawati,Indonesia,Couple,Superior Room Twin,Stayed 1 night in October 2025,8,Excellent,Very good,lokasi di sebelah Botani Mall,22-Oct-25
155,1545,Mikael,Indonesia,Couple,Superior Room Queen,Stayed 1 night in June 2025,10,Exceptional,Nice place,Nice place,22-Oct-25
155,1546,Yullia,Indonesia,Couple,Superior Room Queen,Stayed 1 night in April 2026,9.6,Exceptional,Sabtu ceria,"Over all bagus, makanan enak, lokasi sangat strategis. Tolong sediakan hair dryer di kamar biar tambah baik kualitas hotelnya",16-Apr-26
155,1547,Latifah,Indonesia,Family with teens,Deluxe Room Queen,Stayed 1 night in February 2026,10,Exceptional,Rekomendasi staycation yang nyaman,"Kamar bersih dan terawat, staff yang ramah, akses ke mall lebih mudah, menu breakfast yang bervariasi dan enak enak, 🫶🏼",17-Feb-26
155,1548,Novita,Indonesia,Solo traveler,Superior Room Queen,Stayed 1 night in May 2025,10,Exceptional,Terbaikk,"Hotel yang sangat nyaman, berada ditengah kota, dibawahnya ada mall, kalau mau jogging tinggal nyebrang ke kebun raya Bogor. Kamarnya sangat luas, bersih, rapih. Pokoknya the bestt😍",29-Sep-25
155,1549,Mohammad,Singapore,Couple,Executive Room,Stayed 7 nights in April 2026,10,Exceptional,Staycation,Nothing to say. Everything is superb. Been staying here for so many times the standard and cleaniness is superb. Location is good and connected to the mall.,20-Apr-26
155,1550,Abdika,Indonesia,Couple,Superior Room Queen,Stayed 1 night in April 2025,8.8,Excellent,Good and comfy stay,"Rating: 4/5 The room was a bit old but overall okay—clean and well-maintained. The bathroom, especially the shower, worked just fine. Food was decent, nothing special but acceptable. What really stood out was the service. All the staff were kind, warm, and very helpful throughout our stay. One unique perk was the exclusive access to Botani Square, which was a nice touch. The only downside was the lobby. It felt quite small and didn't give off an exclusive or premium vibe, which could be improved. Overall, a comfortable stay with great service!",17-Apr-25
156,1551,henny,Indonesia,Couple,Superior Room Queen,Stayed 1 night in October 2025,10,Exceptional,Hotel nyaman dekat mal dan tol,"Kemana mana gampang, nempel mal juga",16-Oct-25
156,1552,Anik,Indonesia,Business traveler,Deluxe Room Twin,Stayed 1 night in October 2025,10,Exceptional,Exceptional,"Kamarnya luas, bersih, lokasi strategis",12-Oct-25
156,1553,herman,Indonesia,Family with teens,Superior Room Queen,Stayed 1 night in August 2025,7.6,Very good,Hotel dipusat kota bogor,"Kamar luas, bersih, bad nyaman",23-Aug-25
156,1554,Amsal,Indonesia,Family with young children,Executive Queen,Stayed 1 night in August 2025,10,Exceptional,Exceptional,Semuanya oke thanks pelayanannya,20-Aug-25
156,1555,Abu,Indonesia,Family with teens,Superior Room Twin,Stayed 1 night in August 2025,8.4,Excellent,Its okay,"But better, if there is any mini Playground for kids",14-Aug-25
156,1556,Yullia,Indonesia,Couple,Superior Room Queen,Stayed 1 night in April 2026,9.6,Exceptional,Sabtu ceria,"Over all bagus, makanan enak, lokasi sangat strategis. Tolong sediakan hair dryer di kamar biar tambah baik kualitas hotelnya",16-Apr-26
156,1557,Latifah,Indonesia,Family with teens,Deluxe Room Queen,Stayed 1 night in February 2026,10,Exceptional,Rekomendasi staycation yang nyaman,"Kamar bersih dan terawat, staff yang ramah, akses ke mall lebih mudah, menu breakfast yang bervariasi dan enak enak, 🫶🏼",17-Feb-26
156,1558,Novita,Indonesia,Solo traveler,Superior Room Queen,Stayed 1 night in May 2025,10,Exceptional,Terbaikk,"Hotel yang sangat nyaman, berada ditengah kota, dibawahnya ada mall, kalau mau jogging tinggal nyebrang ke kebun raya Bogor. Kamarnya sangat luas, bersih, rapih. Pokoknya the bestt😍",29-Sep-25
156,1559,Mohammad,Singapore,Couple,Executive Room,Stayed 7 nights in April 2026,10,Exceptional,Staycation,Nothing to say. Everything is superb. Been staying here for so many times the standard and cleaniness is superb. Location is good and connected to the mall.,20-Apr-26
156,1560,Abdika,Indonesia,Couple,Superior Room Queen,Stayed 1 night in April 2025,8.8,Excellent,Good and comfy stay,"Rating: 4/5 The room was a bit old but overall okay—clean and well-maintained. The bathroom, especially the shower, worked just fine. Food was decent, nothing special but acceptable. What really stood out was the service. All the staff were kind, warm, and very helpful throughout our stay. One unique perk was the exclusive access to Botani Square, which was a nice touch. The only downside was the lobby. It felt quite small and didn't give off an exclusive or premium vibe, which could be improved. Overall, a comfortable stay with great service!",17-Apr-25
157,1561,Yelly,Indonesia,Couple,Superior Room Queen,Stayed 1 night in May 2025,8,Excellent,Very good,Terlalu ketat blm jam 12 teng d tlp in suruh cek out..,24-Jul-25
157,1562,bayu,Indonesia,Couple,Superior Room Twin,Stayed 1 night in July 2025,10,Exceptional,Exceptional,"Lokasi strategis diatas mall Botani,sangat baik pelayanannya,petugas parkir cukup membantu.",12-Jul-25
157,1563,RINO,Indonesia,Family with young children,Suite Room,Stayed 2 nights in July 2025,10,Exceptional,Staff yg ramah,"Tapi ada satu kekurangan...masuk ke Botani Mall suka di tutup sama sekuriti & polisi lalu lintas...alasannya padat...ini sangat salah,...apa hak polisi & satpam_sekurity menutup akses masuk ke Mall dengan alasan parkir penuh???!!!, seharusnya dibiarkan saja masyarakat mengantri untuk masuk Mall !!!!!",11-Jul-25
157,1564,R,Indonesia,Couple,Superior Room Twin,Stayed 1 night in March 2025,10,Exceptional,Exceptional,Ok,10-Jul-25
157,1565,EDDY,Indonesia,Family with young children,Suite Room,Stayed 1 night in June 2025,10,Exceptional,Sekomplek dengan mall,Sangat nyaman untuk membawa anak main di playground di mall,10-Jul-25
157,1566,Yullia,Indonesia,Couple,Superior Room Queen,Stayed 1 night in April 2026,9.6,Exceptional,Sabtu ceria,"Over all bagus, makanan enak, lokasi sangat strategis. Tolong sediakan hair dryer di kamar biar tambah baik kualitas hotelnya",16-Apr-26
157,1567,Latifah,Indonesia,Family with teens,Deluxe Room Queen,Stayed 1 night in February 2026,10,Exceptional,Rekomendasi staycation yang nyaman,"Kamar bersih dan terawat, staff yang ramah, akses ke mall lebih mudah, menu breakfast yang bervariasi dan enak enak, 🫶🏼",17-Feb-26
157,1568,Novita,Indonesia,Solo traveler,Superior Room Queen,Stayed 1 night in May 2025,10,Exceptional,Terbaikk,"Hotel yang sangat nyaman, berada ditengah kota, dibawahnya ada mall, kalau mau jogging tinggal nyebrang ke kebun raya Bogor. Kamarnya sangat luas, bersih, rapih. Pokoknya the bestt😍",29-Sep-25
157,1569,Mohammad,Singapore,Couple,Executive Room,Stayed 7 nights in April 2026,10,Exceptional,Staycation,Nothing to say. Everything is superb. Been staying here for so many times the standard and cleaniness is superb. Location is good and connected to the mall.,20-Apr-26
157,1570,Abdika,Indonesia,Couple,Superior Room Queen,Stayed 1 night in April 2025,8.8,Excellent,Good and comfy stay,"Rating: 4/5 The room was a bit old but overall okay—clean and well-maintained. The bathroom, especially the shower, worked just fine. Food was decent, nothing special but acceptable. What really stood out was the service. All the staff were kind, warm, and very helpful throughout our stay. One unique perk was the exclusive access to Botani Square, which was a nice touch. The only downside was the lobby. It felt quite small and didn't give off an exclusive or premium vibe, which could be improved. Overall, a comfortable stay with great service!",17-Apr-25
158,1571,Arifin,Indonesia,Family with teens,Superior Room Twin,Stayed 1 night in July 2025,10,Exceptional,Hotel pusat kota,Lokasi sangat strategis,7-Jul-25
158,1572,Elya,Indonesia,Family with young children,Deluxe Room Queen,Stayed 2 nights in June 2025,7.6,Very good,Very good,Pelayanan sgt baik. Kamar bersih. Lokasi strategis. Kekurangan soal parkir dan akses keluar masuk ketika masa libur yg padat,2-Jul-25
158,1573,Ahmad,Indonesia,Family with young children,Superior Room Twin,Stayed 2 nights in June 2025,10,Exceptional,Excellence hospitality,Keramahan staff combination dengan lokasi yang strategis,29-Jun-25
158,1574,Ananda,Indonesia,Solo traveler,Superior Room Queen,Stayed 1 night in June 2024,10,Exceptional,Exceptional,Ok,28-Jun-25
158,1575,Ocii,Indonesia,Couple,Deluxe Room Queen,Stayed 1 night in May 2025,10,Exceptional,Nyaman,Okee semua bersih,20-Jun-25
158,1576,Yullia,Indonesia,Couple,Superior Room Queen,Stayed 1 night in April 2026,9.6,Exceptional,Sabtu ceria,"Over all bagus, makanan enak, lokasi sangat strategis. Tolong sediakan hair dryer di kamar biar tambah baik kualitas hotelnya",16-Apr-26
158,1577,Latifah,Indonesia,Family with teens,Deluxe Room Queen,Stayed 1 night in February 2026,10,Exceptional,Rekomendasi staycation yang nyaman,"Kamar bersih dan terawat, staff yang ramah, akses ke mall lebih mudah, menu breakfast yang bervariasi dan enak enak, 🫶🏼",17-Feb-26
158,1578,Novita,Indonesia,Solo traveler,Superior Room Queen,Stayed 1 night in May 2025,10,Exceptional,Terbaikk,"Hotel yang sangat nyaman, berada ditengah kota, dibawahnya ada mall, kalau mau jogging tinggal nyebrang ke kebun raya Bogor. Kamarnya sangat luas, bersih, rapih. Pokoknya the bestt😍",29-Sep-25
158,1579,Mohammad,Singapore,Couple,Executive Room,Stayed 7 nights in April 2026,10,Exceptional,Staycation,Nothing to say. Everything is superb. Been staying here for so many times the standard and cleaniness is superb. Location is good and connected to the mall.,20-Apr-26
158,1580,Abdika,Indonesia,Couple,Superior Room Queen,Stayed 1 night in April 2025,8.8,Excellent,Good and comfy stay,"Rating: 4/5 The room was a bit old but overall okay—clean and well-maintained. The bathroom, especially the shower, worked just fine. Food was decent, nothing special but acceptable. What really stood out was the service. All the staff were kind, warm, and very helpful throughout our stay. One unique perk was the exclusive access to Botani Square, which was a nice touch. The only downside was the lobby. It felt quite small and didn't give off an exclusive or premium vibe, which could be improved. Overall, a comfortable stay with great service!",17-Apr-25
159,1581,Syarifah,Indonesia,Couple,Deluxe Room Twin,Stayed 1 night in June 2025,10,Exceptional,Exceptional,Terima kasih Santika..nyaman nginep disini,18-Jun-25
159,1582,HERLINA,Indonesia,Couple,Executive Queen,Stayed 1 night in June 2024,8,Excellent,Menginap dibogor,semuanya oke fasilitas standar lokasi strategis karena dekat dengan mall,17-Jun-25
159,1583,Nur,Indonesia,Couple,Superior Room Twin,Stayed 1 night in June 2025,10,Exceptional,Tempat menginap keluarga yg nyaman,Ruangan cukup besar n akses dekat mall,17-Jun-25
159,1584,yunita,Indonesia,Couple,Superior Room Queen,Stayed 1 night in June 2025,10,Exceptional,Exceptional,Okeeee baguss,14-Jun-25
159,1585,yulianti,South Korea,Family with young children,Superior Room Twin,Stayed 2 nights in June 2025,9.6,Exceptional,liburan bersama keluarga,semua ok hanya ada sedikit tragedy salah satu lift berhenti tiba tiba dan mati disaat ke 3 ponakan saya hendak turun dari lt.6 akan tetapi cepat ditanggani oleh pihak hotel .mohon diperhatikan lagi liftnya untuk hotel santika agar tidak terulang kembali. untuk respon saat itu sangat cpt ok lah ... sehingga tidak terjadi apa2 ...... tetap rekomen bagi yg ingin menginap disana 👍,13-Jun-25
159,1586,Yullia,Indonesia,Couple,Superior Room Queen,Stayed 1 night in April 2026,9.6,Exceptional,Sabtu ceria,"Over all bagus, makanan enak, lokasi sangat strategis. Tolong sediakan hair dryer di kamar biar tambah baik kualitas hotelnya",16-Apr-26
159,1587,Latifah,Indonesia,Family with teens,Deluxe Room Queen,Stayed 1 night in February 2026,10,Exceptional,Rekomendasi staycation yang nyaman,"Kamar bersih dan terawat, staff yang ramah, akses ke mall lebih mudah, menu breakfast yang bervariasi dan enak enak, 🫶🏼",17-Feb-26
159,1588,Novita,Indonesia,Solo traveler,Superior Room Queen,Stayed 1 night in May 2025,10,Exceptional,Terbaikk,"Hotel yang sangat nyaman, berada ditengah kota, dibawahnya ada mall, kalau mau jogging tinggal nyebrang ke kebun raya Bogor. Kamarnya sangat luas, bersih, rapih. Pokoknya the bestt😍",29-Sep-25
159,1589,Mohammad,Singapore,Couple,Executive Room,Stayed 7 nights in April 2026,10,Exceptional,Staycation,Nothing to say. Everything is superb. Been staying here for so many times the standard and cleaniness is superb. Location is good and connected to the mall.,20-Apr-26
159,1590,Abdika,Indonesia,Couple,Superior Room Queen,Stayed 1 night in April 2025,8.8,Excellent,Good and comfy stay,"Rating: 4/5 The room was a bit old but overall okay—clean and well-maintained. The bathroom, especially the shower, worked just fine. Food was decent, nothing special but acceptable. What really stood out was the service. All the staff were kind, warm, and very helpful throughout our stay. One unique perk was the exclusive access to Botani Square, which was a nice touch. The only downside was the lobby. It felt quite small and didn't give off an exclusive or premium vibe, which could be improved. Overall, a comfortable stay with great service!",17-Apr-25
160,1591,Ringga,Indonesia,Group,Superior Room Twin,Stayed 1 night in May 2025,10,Exceptional,Liburan,Recomended,10-Jun-25
160,1592,muhammad,Indonesia,Couple,Executive Queen,Stayed 2 nights in May 2025,10,Exceptional,Menarik,Sangat menarik,2-Jun-25
160,1593,Yuli,Indonesia,Family with young children,Deluxe Room Queen,Stayed 2 nights in April 2025,10,Exceptional,the best,Pelayanannya super best banget Semua ramah . Aku happy bermalam di Santika 😘😘😘,25-Apr-25
160,1594,The,Indonesia,Family with young children,Superior Room Twin,Stayed 2 nights in April 2025,10,Exceptional,Staycation,"Gelas di wastafel pecah, gak sengaja tersenggol, biaya ganti harga Rp. 60.000,- kemahalan sih menurut saya. Padahal baru di daftakan jadi member saya di Santika.. 😑 jadi pikir pikir lagi kalau mau menginap di Santika lagi.",24-Apr-25
160,1595,Muhamad,Indonesia,Couple,Superior Room Queen,Stayed 1 night in April 2025,10,Exceptional,Exceptional,Mantapppp,22-Apr-25
160,1596,Yullia,Indonesia,Couple,Superior Room Queen,Stayed 1 night in April 2026,9.6,Exceptional,Sabtu ceria,"Over all bagus, makanan enak, lokasi sangat strategis. Tolong sediakan hair dryer di kamar biar tambah baik kualitas hotelnya",16-Apr-26
160,1597,Latifah,Indonesia,Family with teens,Deluxe Room Queen,Stayed 1 night in February 2026,10,Exceptional,Rekomendasi staycation yang nyaman,"Kamar bersih dan terawat, staff yang ramah, akses ke mall lebih mudah, menu breakfast yang bervariasi dan enak enak, 🫶🏼",17-Feb-26
160,1598,Novita,Indonesia,Solo traveler,Superior Room Queen,Stayed 1 night in May 2025,10,Exceptional,Terbaikk,"Hotel yang sangat nyaman, berada ditengah kota, dibawahnya ada mall, kalau mau jogging tinggal nyebrang ke kebun raya Bogor. Kamarnya sangat luas, bersih, rapih. Pokoknya the bestt😍",29-Sep-25
160,1599,Mohammad,Singapore,Couple,Executive Room,Stayed 7 nights in April 2026,10,Exceptional,Staycation,Nothing to say. Everything is superb. Been staying here for so many times the standard and cleaniness is superb. Location is good and connected to the mall.,20-Apr-26
160,1600,Abdika,Indonesia,Couple,Superior Room Queen,Stayed 1 night in April 2025,8.8,Excellent,Good and comfy stay,"Rating: 4/5 The room was a bit old but overall okay—clean and well-maintained. The bathroom, especially the shower, worked just fine. Food was decent, nothing special but acceptable. What really stood out was the service. All the staff were kind, warm, and very helpful throughout our stay. One unique perk was the exclusive access to Botani Square, which was a nice touch. The only downside was the lobby. It felt quite small and didn't give off an exclusive or premium vibe, which could be improved. Overall, a comfortable stay with great service!",17-Apr-25
161,1601,denny,Indonesia,Couple,Superior Room Twin,Stayed 1 night in April 2025,10,Exceptional,Iseng,Enak cuma parkiran nya harap sabar level dewa 🤣,21-Apr-25
161,1602,Fitri,Indonesia,Family with young children,Superior Room Twin,Stayed 1 night in April 2025,8.8,Excellent,Di tengah pusat kota,Ada akses langsung ke mall jd cari makan lebih mudah,11-Apr-25
161,1603,Alexandria,Indonesia,Family with teens,Superior Room Queen,Stayed 1 night in April 2025,9.6,Exceptional,Terbaik,"Untuk fasilitas dan pelayanan yang diberikan terbaik 5/5, namun untuk kualitas breakfast dan kelengkapannya sedikit kurang memuaskan, dengan harga yang terbilang cukup, seharusnya bisa mendapatkan kualitas dan kuantitas breakfast yang sepadan. Semoga dikemudian hari bisa segera dievaluasi🙏🏻",9-Apr-25
161,1604,Syaichan,Indonesia,Couple,Superior Room Queen,Stayed 1 night in November 2024,10,Exceptional,Exceptional,Ok,7-Apr-25
161,1605,Dewi,Indonesia,Family with teens,Deluxe Room Twin,Stayed 1 night in April 2025,9.2,Exceptional,Staycation,Lokasinya strategis tinggal turun kalau mau ke mall .. breakfast lumayan bervariasi,7-Apr-25
161,1606,Yullia,Indonesia,Couple,Superior Room Queen,Stayed 1 night in April 2026,9.6,Exceptional,Sabtu ceria,"Over all bagus, makanan enak, lokasi sangat strategis. Tolong sediakan hair dryer di kamar biar tambah baik kualitas hotelnya",16-Apr-26
161,1607,Latifah,Indonesia,Family with teens,Deluxe Room Queen,Stayed 1 night in February 2026,10,Exceptional,Rekomendasi staycation yang nyaman,"Kamar bersih dan terawat, staff yang ramah, akses ke mall lebih mudah, menu breakfast yang bervariasi dan enak enak, 🫶🏼",17-Feb-26
161,1608,Novita,Indonesia,Solo traveler,Superior Room Queen,Stayed 1 night in May 2025,10,Exceptional,Terbaikk,"Hotel yang sangat nyaman, berada ditengah kota, dibawahnya ada mall, kalau mau jogging tinggal nyebrang ke kebun raya Bogor. Kamarnya sangat luas, bersih, rapih. Pokoknya the bestt😍",29-Sep-25
161,1609,Mohammad,Singapore,Couple,Executive Room,Stayed 7 nights in April 2026,10,Exceptional,Staycation,Nothing to say. Everything is superb. Been staying here for so many times the standard and cleaniness is superb. Location is good and connected to the mall.,20-Apr-26
161,1610,Abdika,Indonesia,Couple,Superior Room Queen,Stayed 1 night in April 2025,8.8,Excellent,Good and comfy stay,"Rating: 4/5 The room was a bit old but overall okay—clean and well-maintained. The bathroom, especially the shower, worked just fine. Food was decent, nothing special but acceptable. What really stood out was the service. All the staff were kind, warm, and very helpful throughout our stay. One unique perk was the exclusive access to Botani Square, which was a nice touch. The only downside was the lobby. It felt quite small and didn't give off an exclusive or premium vibe, which could be improved. Overall, a comfortable stay with great service!",17-Apr-25
162,1611,Feliciana,Indonesia,Family with young children,Superior Room Queen,Stayed 1 night in March 2025,10,Exceptional,Terima kasih,Terima kasih ya compliment nya😊🤗,6-Apr-25
162,1612,Rizka,Indonesia,Family with young children,Executive Queen,Stayed 1 night in April 2025,10,Exceptional,Memuaskan,Good,3-Apr-25
162,1613,Nancy,Indonesia,Family with young children,Superior Room Queen,Stayed 1 night in March 2025,10,Exceptional,Oke,Akan balik lagi ke sini . Thank you,2-Mar-25
162,1614,Mega,Indonesia,Couple,Superior Room Queen,Stayed 1 night in December 2024,10,Exceptional,Exceptional,nyaman banget,18-Feb-25
162,1615,Yan,Indonesia,Family with young children,Superior Room Queen,Stayed 1 night in February 2024,8,Excellent,Cukup,Cukup,30-Jan-25
162,1616,Yullia,Indonesia,Couple,Superior Room Queen,Stayed 1 night in April 2026,9.6,Exceptional,Sabtu ceria,"Over all bagus, makanan enak, lokasi sangat strategis. Tolong sediakan hair dryer di kamar biar tambah baik kualitas hotelnya",16-Apr-26
162,1617,Latifah,Indonesia,Family with teens,Deluxe Room Queen,Stayed 1 night in February 2026,10,Exceptional,Rekomendasi staycation yang nyaman,"Kamar bersih dan terawat, staff yang ramah, akses ke mall lebih mudah, menu breakfast yang bervariasi dan enak enak, 🫶🏼",17-Feb-26
162,1618,Novita,Indonesia,Solo traveler,Superior Room Queen,Stayed 1 night in May 2025,10,Exceptional,Terbaikk,"Hotel yang sangat nyaman, berada ditengah kota, dibawahnya ada mall, kalau mau jogging tinggal nyebrang ke kebun raya Bogor. Kamarnya sangat luas, bersih, rapih. Pokoknya the bestt😍",29-Sep-25
162,1619,Mohammad,Singapore,Couple,Executive Room,Stayed 7 nights in April 2026,10,Exceptional,Staycation,Nothing to say. Everything is superb. Been staying here for so many times the standard and cleaniness is superb. Location is good and connected to the mall.,20-Apr-26
162,1620,Abdika,Indonesia,Couple,Superior Room Queen,Stayed 1 night in April 2025,8.8,Excellent,Good and comfy stay,"Rating: 4/5 The room was a bit old but overall okay—clean and well-maintained. The bathroom, especially the shower, worked just fine. Food was decent, nothing special but acceptable. What really stood out was the service. All the staff were kind, warm, and very helpful throughout our stay. One unique perk was the exclusive access to Botani Square, which was a nice touch. The only downside was the lobby. It felt quite small and didn't give off an exclusive or premium vibe, which could be improved. Overall, a comfortable stay with great service!",17-Apr-25
163,1621,Muchamad,Indonesia,Couple,Superior Room Twin,Stayed 1 night in January 2025,10,Exceptional,Stay comfort,Thank you Santika hotel,30-Jan-25
163,1622,Sudianto,Indonesia,Family with young children,Suite Room,Stayed 1 night in January 2025,10,Exceptional,Exceptional,Kamarnya bagus recommended buat family stay,28-Jan-25
163,1623,tri,Indonesia,Solo traveler,Superior Room Twin,Stayed 3 nights in January 2025,8,Excellent,Review Santika,Pelayanan dan fasilitasnya ok,19-Jan-25
163,1624,Jeti,Indonesia,Family with teens,Superior Room Twin,Stayed 1 night in January 2025,9.6,Exceptional,Kamar bersih dan wangi,"Kamar bersih dan wangi, lokasi strategis, staff ramah semua 👍",19-Jan-25
163,1625,Hanny,Indonesia,Business traveler,Superior Room Queen,Stayed 1 night in January 2025,10,Exceptional,Exceptional,-,11-Jan-25
163,1626,Yullia,Indonesia,Couple,Superior Room Queen,Stayed 1 night in April 2026,9.6,Exceptional,Sabtu ceria,"Over all bagus, makanan enak, lokasi sangat strategis. Tolong sediakan hair dryer di kamar biar tambah baik kualitas hotelnya",16-Apr-26
163,1627,Latifah,Indonesia,Family with teens,Deluxe Room Queen,Stayed 1 night in February 2026,10,Exceptional,Rekomendasi staycation yang nyaman,"Kamar bersih dan terawat, staff yang ramah, akses ke mall lebih mudah, menu breakfast yang bervariasi dan enak enak, 🫶🏼",17-Feb-26
163,1628,Novita,Indonesia,Solo traveler,Superior Room Queen,Stayed 1 night in May 2025,10,Exceptional,Terbaikk,"Hotel yang sangat nyaman, berada ditengah kota, dibawahnya ada mall, kalau mau jogging tinggal nyebrang ke kebun raya Bogor. Kamarnya sangat luas, bersih, rapih. Pokoknya the bestt😍",29-Sep-25
163,1629,Mohammad,Singapore,Couple,Executive Room,Stayed 7 nights in April 2026,10,Exceptional,Staycation,Nothing to say. Everything is superb. Been staying here for so many times the standard and cleaniness is superb. Location is good and connected to the mall.,20-Apr-26
163,1630,Abdika,Indonesia,Couple,Superior Room Queen,Stayed 1 night in April 2025,8.8,Excellent,Good and comfy stay,"Rating: 4/5 The room was a bit old but overall okay—clean and well-maintained. The bathroom, especially the shower, worked just fine. Food was decent, nothing special but acceptable. What really stood out was the service. All the staff were kind, warm, and very helpful throughout our stay. One unique perk was the exclusive access to Botani Square, which was a nice touch. The only downside was the lobby. It felt quite small and didn't give off an exclusive or premium vibe, which could be improved. Overall, a comfortable stay with great service!",17-Apr-25
164,1631,siti,Indonesia,Group,Deluxe Room Twin,Stayed 1 night in December 2024,10,Exceptional,Menu makanan tlg direview,Menu sarapan di cek.. lgya,5-Jan-25
164,1632,Asimilya,Indonesia,Family with young children,Superior Room Queen,Stayed 1 night in January 2025,7.2,Very good,Review Santika Bogor.,"Hotel dgn lokasi strategis..cocok utk keluarga yg staycation di hotel krn menyatu dgn mall.. saya sdh 2x menginap disini di deluxe dan terakhir superior..keduanya ok dan nyaman..breakfast dgn varian lumayan.. saran utk kamar mandi ada shower utk pancuran..tingkatkan kebersihan di toilet..gantungan baju di kamar mandi agak rusak, tidak ada hair dryer..overall ok..reception,staf ramah2 semua..saya akan kembali lagi krn mmg suasana di kamar betah..trmksh banyak ya..smg koreksi diperbaiki ke depan..",2-Jan-25
164,1633,Aradea,Indonesia,Family with young children,Superior Room Queen,Stayed 1 night in December 2024,8.4,Excellent,Excellent,Hotel satu lokasi dgn botani square jadi banyak aktivitas dan tempat makan,31-Dec-24
164,1634,Abu,Indonesia,Family with young children,Superior Room Queen,Stayed 1 night in December 2024,9.2,Exceptional,Overall good,"Overall good, tapi kurang 1: Playground indoor, untuk hilangkan bisan anak-anak yang lagi membersamai bapaknya tugas kerja, tapi overall lumayan lah",30-Dec-24
164,1635,Rini,Indonesia,Family with young children,Superior Room Twin,Stayed 1 night in December 2024,10,Exceptional,Berkesan,Staf ramah,26-Dec-24
164,1636,Yullia,Indonesia,Couple,Superior Room Queen,Stayed 1 night in April 2026,9.6,Exceptional,Sabtu ceria,"Over all bagus, makanan enak, lokasi sangat strategis. Tolong sediakan hair dryer di kamar biar tambah baik kualitas hotelnya",16-Apr-26
164,1637,Latifah,Indonesia,Family with teens,Deluxe Room Queen,Stayed 1 night in February 2026,10,Exceptional,Rekomendasi staycation yang nyaman,"Kamar bersih dan terawat, staff yang ramah, akses ke mall lebih mudah, menu breakfast yang bervariasi dan enak enak, 🫶🏼",17-Feb-26
164,1638,Novita,Indonesia,Solo traveler,Superior Room Queen,Stayed 1 night in May 2025,10,Exceptional,Terbaikk,"Hotel yang sangat nyaman, berada ditengah kota, dibawahnya ada mall, kalau mau jogging tinggal nyebrang ke kebun raya Bogor. Kamarnya sangat luas, bersih, rapih. Pokoknya the bestt😍",29-Sep-25
164,1639,Mohammad,Singapore,Couple,Executive Room,Stayed 7 nights in April 2026,10,Exceptional,Staycation,Nothing to say. Everything is superb. Been staying here for so many times the standard and cleaniness is superb. Location is good and connected to the mall.,20-Apr-26
164,1640,Abdika,Indonesia,Couple,Superior Room Queen,Stayed 1 night in April 2025,8.8,Excellent,Good and comfy stay,"Rating: 4/5 The room was a bit old but overall okay—clean and well-maintained. The bathroom, especially the shower, worked just fine. Food was decent, nothing special but acceptable. What really stood out was the service. All the staff were kind, warm, and very helpful throughout our stay. One unique perk was the exclusive access to Botani Square, which was a nice touch. The only downside was the lobby. It felt quite small and didn't give off an exclusive or premium vibe, which could be improved. Overall, a comfortable stay with great service!",17-Apr-25
165,1641,Terry,Indonesia,Couple,Executive Queen,Stayed 1 night in December 2024,10,Exceptional,Kado pernikahan,Aku pesan hotel ini untuk kado pernikahan adik.. dan alhamdulillah apa semuanya memuaskan dan meminta request untuk di ucapakn happy honeymoon jga disiapkan. Thank you santika hotel,26-Dec-24
165,1642,Sandy,Indonesia,Couple,Superior Room Twin,Stayed 1 night in December 2024,8.8,Excellent,Strategus,Lokasi strategis deket mall,24-Dec-24
165,1643,Andre,Indonesia,Family with young children,Superior Room Queen,Stayed 1 night in March 2024,8,Excellent,Lokasi strategis,"Overall bagus , makanan variatif dan cukup enak",23-Dec-24
165,1644,Acenk,Indonesia,Family with young children,Superior Room Twin,Stayed 1 night in December 2024,10,Exceptional,Recomendid,Good semua pelayanannya. N staf2nya ok.,23-Dec-24
165,1645,Restu,Indonesia,Couple,Superior Room Queen,Stayed 2 nights in May 2024,10,Exceptional,Exceptional,nyaman,21-Dec-24
165,1646,Yullia,Indonesia,Couple,Superior Room Queen,Stayed 1 night in April 2026,9.6,Exceptional,Sabtu ceria,"Over all bagus, makanan enak, lokasi sangat strategis. Tolong sediakan hair dryer di kamar biar tambah baik kualitas hotelnya",16-Apr-26
165,1647,Latifah,Indonesia,Family with teens,Deluxe Room Queen,Stayed 1 night in February 2026,10,Exceptional,Rekomendasi staycation yang nyaman,"Kamar bersih dan terawat, staff yang ramah, akses ke mall lebih mudah, menu breakfast yang bervariasi dan enak enak, 🫶🏼",17-Feb-26
165,1648,Novita,Indonesia,Solo traveler,Superior Room Queen,Stayed 1 night in May 2025,10,Exceptional,Terbaikk,"Hotel yang sangat nyaman, berada ditengah kota, dibawahnya ada mall, kalau mau jogging tinggal nyebrang ke kebun raya Bogor. Kamarnya sangat luas, bersih, rapih. Pokoknya the bestt😍",29-Sep-25
165,1649,Mohammad,Singapore,Couple,Executive Room,Stayed 7 nights in April 2026,10,Exceptional,Staycation,Nothing to say. Everything is superb. Been staying here for so many times the standard and cleaniness is superb. Location is good and connected to the mall.,20-Apr-26
165,1650,Abdika,Indonesia,Couple,Superior Room Queen,Stayed 1 night in April 2025,8.8,Excellent,Good and comfy stay,"Rating: 4/5 The room was a bit old but overall okay—clean and well-maintained. The bathroom, especially the shower, worked just fine. Food was decent, nothing special but acceptable. What really stood out was the service. All the staff were kind, warm, and very helpful throughout our stay. One unique perk was the exclusive access to Botani Square, which was a nice touch. The only downside was the lobby. It felt quite small and didn't give off an exclusive or premium vibe, which could be improved. Overall, a comfortable stay with great service!",17-Apr-25
166,1651,Farid,Indonesia,Couple,Superior Room Queen,Stayed 1 night in March 2024,10,Exceptional,Kebersihan,"Kebersihan bangus, layanan juga bagus",15-Dec-24
166,1652,Ferry,Indonesia,Couple,Deluxe Room Twin,Stayed 1 night in February 2024,10,Exceptional,Exceptional,Ok,10-Nov-24
166,1653,erfina,Indonesia,Family with teens,Superior Room Twin,Stayed 1 night in February 2024,8,Excellent,letak yg strategis,menyenangkan sekali menginap disini menyatu dengan mall deket ke kebon raya bogor suka sekali,29-Oct-24
166,1654,erfina,Indonesia,Family with teens,Superior Room Twin,Stayed 1 night in July 2024,8,Excellent,lokasi strategis,deket dgn mall botani sama kebon raya bogor nggak bosen nginep disini,29-Oct-24
166,1655,Albertus,Indonesia,Couple,Superior Room Twin,Stayed 1 night in September 2024,10,Exceptional,Good,Everything is good!,19-Sep-24
166,1656,Yullia,Indonesia,Couple,Superior Room Queen,Stayed 1 night in April 2026,9.6,Exceptional,Sabtu ceria,"Over all bagus, makanan enak, lokasi sangat strategis. Tolong sediakan hair dryer di kamar biar tambah baik kualitas hotelnya",16-Apr-26
166,1657,Latifah,Indonesia,Family with teens,Deluxe Room Queen,Stayed 1 night in February 2026,10,Exceptional,Rekomendasi staycation yang nyaman,"Kamar bersih dan terawat, staff yang ramah, akses ke mall lebih mudah, menu breakfast yang bervariasi dan enak enak, 🫶🏼",17-Feb-26
166,1658,Novita,Indonesia,Solo traveler,Superior Room Queen,Stayed 1 night in May 2025,10,Exceptional,Terbaikk,"Hotel yang sangat nyaman, berada ditengah kota, dibawahnya ada mall, kalau mau jogging tinggal nyebrang ke kebun raya Bogor. Kamarnya sangat luas, bersih, rapih. Pokoknya the bestt😍",29-Sep-25
166,1659,Mohammad,Singapore,Couple,Executive Room,Stayed 7 nights in April 2026,10,Exceptional,Staycation,Nothing to say. Everything is superb. Been staying here for so many times the standard and cleaniness is superb. Location is good and connected to the mall.,20-Apr-26
166,1660,Abdika,Indonesia,Couple,Superior Room Queen,Stayed 1 night in April 2025,8.8,Excellent,Good and comfy stay,"Rating: 4/5 The room was a bit old but overall okay—clean and well-maintained. The bathroom, especially the shower, worked just fine. Food was decent, nothing special but acceptable. What really stood out was the service. All the staff were kind, warm, and very helpful throughout our stay. One unique perk was the exclusive access to Botani Square, which was a nice touch. The only downside was the lobby. It felt quite small and didn't give off an exclusive or premium vibe, which could be improved. Overall, a comfortable stay with great service!",17-Apr-25
167,1661,novieta,Indonesia,Couple,Superior Room Queen,Stayed 1 night in September 2024,7.2,Very good,Lokasi strategis,"Lokasi dkt mall botanica, Sarapan kurang bervariasi, rasa biasa saja Sikat gigi cuma disediakan 1 , minta tmbahan dari malam tdk datang2 sampai chekout😩 Kran kloset bocor",16-Sep-24
167,1662,Tri,Indonesia,Couple,Superior Room Queen,Stayed 1 night in August 2024,10,Exceptional,Ok,Bagus,31-Aug-24
167,1663,abdul,Indonesia,Couple,Superior Room Queen,Stayed 1 night in August 2024,10,Exceptional,Exceptional,Mantap,30-Aug-24
167,1664,Victoria,Indonesia,Family with young children,Superior Room Twin,Stayed 1 night in August 2024,5.6,,Sangat berisik dan tidak nyaman,"Dari pertama datang sudah disambut dengan pintu yg tdk bisa terbuka dengan aksesnya. Jd hrs ke lobby lg dan nunggu teknisi dtg. Lumayan perbaikan lebih dr 15 menit. Malam harinya berisik sekali ada rombongan yg entah kenapa teriak2 dan loncat2. Sempat sabar kurang lebih 1 jam. Akhirnya tlp complaint ke pihak hotel. Smpai 3x tlp (kurang lebih 30 menitan) masih saja tdk ada perubahan. Tlp ke 4x katanya manager sudah naik ke atas, tp ga tahan akhirnya saya tegur sendiri group tersebut. Setelan saya tegur langsung tamu2 group yg berisik itu, baru manager dtg utk minta maaf ke saya. Pagi hari jam 7 an sudah berisik lagi entah dr mana suara musik / organ tunggal / dangdutan terdengar dr kamar smpai siang jam 11. Bnr2 ga dapat kenyamanan. Breakfast jg tdk variatif, rasanya asin banget dr 2 menu yg saya coba. Yg pasti ga akan pernah lagi menginap disini.",11-Aug-24
167,1665,Zahratun,Indonesia,Family with teens,Deluxe Room Twin,Stayed 1 night in August 2024,10,Exceptional,Hotel bogor,"Baguss, nyaman, tebaik",6-Aug-24
167,1666,Yullia,Indonesia,Couple,Superior Room Queen,Stayed 1 night in April 2026,9.6,Exceptional,Sabtu ceria,"Over all bagus, makanan enak, lokasi sangat strategis. Tolong sediakan hair dryer di kamar biar tambah baik kualitas hotelnya",16-Apr-26
167,1667,Latifah,Indonesia,Family with teens,Deluxe Room Queen,Stayed 1 night in February 2026,10,Exceptional,Rekomendasi staycation yang nyaman,"Kamar bersih dan terawat, staff yang ramah, akses ke mall lebih mudah, menu breakfast yang bervariasi dan enak enak, 🫶🏼",17-Feb-26
167,1668,Novita,Indonesia,Solo traveler,Superior Room Queen,Stayed 1 night in May 2025,10,Exceptional,Terbaikk,"Hotel yang sangat nyaman, berada ditengah kota, dibawahnya ada mall, kalau mau jogging tinggal nyebrang ke kebun raya Bogor. Kamarnya sangat luas, bersih, rapih. Pokoknya the bestt😍",29-Sep-25
167,1669,Mohammad,Singapore,Couple,Executive Room,Stayed 7 nights in April 2026,10,Exceptional,Staycation,Nothing to say. Everything is superb. Been staying here for so many times the standard and cleaniness is superb. Location is good and connected to the mall.,20-Apr-26
167,1670,Abdika,Indonesia,Couple,Superior Room Queen,Stayed 1 night in April 2025,8.8,Excellent,Good and comfy stay,"Rating: 4/5 The room was a bit old but overall okay—clean and well-maintained. The bathroom, especially the shower, worked just fine. Food was decent, nothing special but acceptable. What really stood out was the service. All the staff were kind, warm, and very helpful throughout our stay. One unique perk was the exclusive access to Botani Square, which was a nice touch. The only downside was the lobby. It felt quite small and didn't give off an exclusive or premium vibe, which could be improved. Overall, a comfortable stay with great service!",17-Apr-25
168,1671,Andy,Indonesia,Family with young children,Superior Room Twin,Stayed 1 night in October 2023,10,Exceptional,Keren,Mantap dekat dengan Mall,20-Jul-24
168,1672,Andy,Indonesia,Family with young children,Executive Queen,Stayed 1 night in October 2023,10,Exceptional,Dekat dengan Mall,Kereb deh,20-Jul-24
168,1673,achmad,Indonesia,Family with young children,Superior Room Queen,Stayed 1 night in June 2024,10,Exceptional,Anak senang banget,Ramah bersih dan ramah anak,30-Jun-24
168,1674,Fahmi,Indonesia,Couple,Executive Queen,Stayed 1 night in June 2024,9.6,Exceptional,Solo traveling,"The best,pelayanan oke,makanan enak,fasilitas lengkap",25-Jun-24
168,1675,M.arpani,Indonesia,Family with young children,Superior Room Queen,Stayed 1 night in June 2024,8.8,Excellent,Statcation,"Yah agak sedikit kecewa sih, harga normal tanpa promo tpi malah dapat kamar paling ujung mana lumayan berisik karena deket mesin apa itu saya gak tau. Keran dikamar mandi pun rusak gak berfungsi. Untuk pelayanan dan fasilitas oke, untuk menu sarapan yah gak bisa berharap banyak dengan harga segitu",18-Jun-24
168,1676,Yullia,Indonesia,Couple,Superior Room Queen,Stayed 1 night in April 2026,9.6,Exceptional,Sabtu ceria,"Over all bagus, makanan enak, lokasi sangat strategis. Tolong sediakan hair dryer di kamar biar tambah baik kualitas hotelnya",16-Apr-26
168,1677,Latifah,Indonesia,Family with teens,Deluxe Room Queen,Stayed 1 night in February 2026,10,Exceptional,Rekomendasi staycation yang nyaman,"Kamar bersih dan terawat, staff yang ramah, akses ke mall lebih mudah, menu breakfast yang bervariasi dan enak enak, 🫶🏼",17-Feb-26
168,1678,Novita,Indonesia,Solo traveler,Superior Room Queen,Stayed 1 night in May 2025,10,Exceptional,Terbaikk,"Hotel yang sangat nyaman, berada ditengah kota, dibawahnya ada mall, kalau mau jogging tinggal nyebrang ke kebun raya Bogor. Kamarnya sangat luas, bersih, rapih. Pokoknya the bestt😍",29-Sep-25
168,1679,Mohammad,Singapore,Couple,Executive Room,Stayed 7 nights in April 2026,10,Exceptional,Staycation,Nothing to say. Everything is superb. Been staying here for so many times the standard and cleaniness is superb. Location is good and connected to the mall.,20-Apr-26
168,1680,Abdika,Indonesia,Couple,Superior Room Queen,Stayed 1 night in April 2025,8.8,Excellent,Good and comfy stay,"Rating: 4/5 The room was a bit old but overall okay—clean and well-maintained. The bathroom, especially the shower, worked just fine. Food was decent, nothing special but acceptable. What really stood out was the service. All the staff were kind, warm, and very helpful throughout our stay. One unique perk was the exclusive access to Botani Square, which was a nice touch. The only downside was the lobby. It felt quite small and didn't give off an exclusive or premium vibe, which could be improved. Overall, a comfortable stay with great service!",17-Apr-25
169,1681,devi,Indonesia,Family with young children,Superior Room Queen,Stayed 1 night in May 2024,10,Exceptional,Exceptional,Dekat dengan mall,10-Jun-24
169,1682,GATOT,Indonesia,Family with young children,Executive Queen,Stayed 1 night in December 2023,10,Exceptional,liburan,"hotel bagus dengan lokasi yang juga bagus,, cuma parkir aja susah,,",25-May-24
169,1683,Amri,Indonesia,Couple,Superior Room Queen,Stayed 1 night in May 2024,10,Exceptional,Pelayanan yg sangat baik,Pelayanan dan pengalaman menginap d Hotel Santika sangat menyenangkan.,19-May-24
169,1684,bayu,Indonesia,Solo traveler,Superior Room Twin,Stayed 1 night in May 2024,8.4,Excellent,"Oke sih, Di Jantung Kota Bogor","Akses ga usah ditanya, oke banget, melekat dengan mall terbesar di bogor, layanan standar aja sih, makananya wuenak dan chef2 nya ramah.",18-May-24
169,1685,Ivan,Indonesia,Family with young children,Superior Room Queen,Stayed 1 night in May 2024,8.4,Excellent,Makanan Biasa,Dibawah ekspektasi menu makanan n rasa. Tapi masih ok.,5-May-24
169,1686,Yullia,Indonesia,Couple,Superior Room Queen,Stayed 1 night in April 2026,9.6,Exceptional,Sabtu ceria,"Over all bagus, makanan enak, lokasi sangat strategis. Tolong sediakan hair dryer di kamar biar tambah baik kualitas hotelnya",16-Apr-26
169,1687,Latifah,Indonesia,Family with teens,Deluxe Room Queen,Stayed 1 night in February 2026,10,Exceptional,Rekomendasi staycation yang nyaman,"Kamar bersih dan terawat, staff yang ramah, akses ke mall lebih mudah, menu breakfast yang bervariasi dan enak enak, 🫶🏼",17-Feb-26
169,1688,Novita,Indonesia,Solo traveler,Superior Room Queen,Stayed 1 night in May 2025,10,Exceptional,Terbaikk,"Hotel yang sangat nyaman, berada ditengah kota, dibawahnya ada mall, kalau mau jogging tinggal nyebrang ke kebun raya Bogor. Kamarnya sangat luas, bersih, rapih. Pokoknya the bestt😍",29-Sep-25
169,1689,Mohammad,Singapore,Couple,Executive Room,Stayed 7 nights in April 2026,10,Exceptional,Staycation,Nothing to say. Everything is superb. Been staying here for so many times the standard and cleaniness is superb. Location is good and connected to the mall.,20-Apr-26
169,1690,Abdika,Indonesia,Couple,Superior Room Queen,Stayed 1 night in April 2025,8.8,Excellent,Good and comfy stay,"Rating: 4/5 The room was a bit old but overall okay—clean and well-maintained. The bathroom, especially the shower, worked just fine. Food was decent, nothing special but acceptable. What really stood out was the service. All the staff were kind, warm, and very helpful throughout our stay. One unique perk was the exclusive access to Botani Square, which was a nice touch. The only downside was the lobby. It felt quite small and didn't give off an exclusive or premium vibe, which could be improved. Overall, a comfortable stay with great service!",17-Apr-25
170,1691,Muhamad,Indonesia,Couple,Superior Room Twin,Stayed 1 night in April 2024,10,Exceptional,Exceptional,"Asyik staycation di sini, fasilitas ok, kamar bersih dan nyaman, pelayanan staf sangat baik 👍 Booking murah sama Bang Jemmyco 085268269398",1-May-24
170,1692,maman,Indonesia,Family with teens,Superior Room Queen,Stayed 2 nights in April 2024,9.6,Exceptional,Memuaskan,"Memuaskan. Lokasi strategis satu bangunan dg mal besardekat dengan Hotel bagus, lokasi strategis, berdampingan dg mal besar, dekat kebun raya, dan pusat jajan, Petugas ramah, respon cepat. Sarapan pagi melimpah, akses langsung ke tol Jagorawi.",20-Apr-24
170,1693,IRIANA,Indonesia,Family with teens,Superior Room Twin,Stayed 3 nights in April 2024,8.8,Excellent,Service memuaskan,"Service memuaskan, masakan enak, staf ramah dan baik",16-Apr-24
170,1694,eva,Indonesia,Family with young children,Superior Room Twin,Stayed 2 nights in April 2024,10,Exceptional,Enjoy the hotel,"Nyaman, kamarnya luas dan letak yang strategis banget",13-Apr-24
170,1695,giana,Indonesia,Family with teens,Deluxe Room Queen,Stayed 3 nights in April 2024,10,Exceptional,hotel dgn akses mall,"menginap disini tdk khawatir kebutuhan tdk terpenuhi, krn segala nya jd mudah.",12-Apr-24
170,1696,Yullia,Indonesia,Couple,Superior Room Queen,Stayed 1 night in April 2026,9.6,Exceptional,Sabtu ceria,"Over all bagus, makanan enak, lokasi sangat strategis. Tolong sediakan hair dryer di kamar biar tambah baik kualitas hotelnya",16-Apr-26
170,1697,Latifah,Indonesia,Family with teens,Deluxe Room Queen,Stayed 1 night in February 2026,10,Exceptional,Rekomendasi staycation yang nyaman,"Kamar bersih dan terawat, staff yang ramah, akses ke mall lebih mudah, menu breakfast yang bervariasi dan enak enak, 🫶🏼",17-Feb-26
170,1698,Novita,Indonesia,Solo traveler,Superior Room Queen,Stayed 1 night in May 2025,10,Exceptional,Terbaikk,"Hotel yang sangat nyaman, berada ditengah kota, dibawahnya ada mall, kalau mau jogging tinggal nyebrang ke kebun raya Bogor. Kamarnya sangat luas, bersih, rapih. Pokoknya the bestt😍",29-Sep-25
170,1699,Mohammad,Singapore,Couple,Executive Room,Stayed 7 nights in April 2026,10,Exceptional,Staycation,Nothing to say. Everything is superb. Been staying here for so many times the standard and cleaniness is superb. Location is good and connected to the mall.,20-Apr-26
170,1700,Abdika,Indonesia,Couple,Superior Room Queen,Stayed 1 night in April 2025,8.8,Excellent,Good and comfy stay,"Rating: 4/5 The room was a bit old but overall okay—clean and well-maintained. The bathroom, especially the shower, worked just fine. Food was decent, nothing special but acceptable. What really stood out was the service. All the staff were kind, warm, and very helpful throughout our stay. One unique perk was the exclusive access to Botani Square, which was a nice touch. The only downside was the lobby. It felt quite small and didn't give off an exclusive or premium vibe, which could be improved. Overall, a comfortable stay with great service!",17-Apr-25
171,1701,giana,Indonesia,Family with young children,Suite Room,Stayed 2 nights in April 2024,10,Exceptional,liburan,suka dengan hotel ini krn akses ke mall sangat mudah kamar luar pelayanan baik.,12-Apr-24
171,1702,ALEXANDER,Indonesia,Couple,Superior Room Queen,Stayed 1 night in April 2024,9.2,Exceptional,Staycation @Santika Bogor,"Hotel bersih dan nyaman, overall Ok banget, hanya parkir kendaraan yg kurang Ok krn kalo keluar cari2 petugasnya dulu",12-Apr-24
171,1703,Felix,Indonesia,Business traveler,Deluxe Room Queen,Stayed 1 night in April 2024,9.6,Exceptional,Hotel Santika Bogor,Hotel yg cukup baik dari segi kebersihan dan enak nya Sarapan,10-Apr-24
171,1704,hendra,Indonesia,Group,Superior Room Queen,Stayed 1 night in April 2024,10,Exceptional,Easy to access,"Great location. The hotel name really tell for themselves. Always great comfort n experience. Enjoy Bogor in this hotel? Absolute best! Family friendly, couples best choice. The staffs so helpful and friendly. Indonesia warmth hospitality at its best!",9-Apr-24
171,1705,Jefta,Indonesia,Family with young children,Deluxe Room Queen,Stayed 1 night in February 2024,10,Exceptional,HOTEL IS OK IN BOGOR,Hotel ok di bogor,9-Apr-24
171,1706,Yullia,Indonesia,Couple,Superior Room Queen,Stayed 1 night in April 2026,9.6,Exceptional,Sabtu ceria,"Over all bagus, makanan enak, lokasi sangat strategis. Tolong sediakan hair dryer di kamar biar tambah baik kualitas hotelnya",16-Apr-26
171,1707,Latifah,Indonesia,Family with teens,Deluxe Room Queen,Stayed 1 night in February 2026,10,Exceptional,Rekomendasi staycation yang nyaman,"Kamar bersih dan terawat, staff yang ramah, akses ke mall lebih mudah, menu breakfast yang bervariasi dan enak enak, 🫶🏼",17-Feb-26
171,1708,Novita,Indonesia,Solo traveler,Superior Room Queen,Stayed 1 night in May 2025,10,Exceptional,Terbaikk,"Hotel yang sangat nyaman, berada ditengah kota, dibawahnya ada mall, kalau mau jogging tinggal nyebrang ke kebun raya Bogor. Kamarnya sangat luas, bersih, rapih. Pokoknya the bestt😍",29-Sep-25
171,1709,Mohammad,Singapore,Couple,Executive Room,Stayed 7 nights in April 2026,10,Exceptional,Staycation,Nothing to say. Everything is superb. Been staying here for so many times the standard and cleaniness is superb. Location is good and connected to the mall.,20-Apr-26
171,1710,Abdika,Indonesia,Couple,Superior Room Queen,Stayed 1 night in April 2025,8.8,Excellent,Good and comfy stay,"Rating: 4/5 The room was a bit old but overall okay—clean and well-maintained. The bathroom, especially the shower, worked just fine. Food was decent, nothing special but acceptable. What really stood out was the service. All the staff were kind, warm, and very helpful throughout our stay. One unique perk was the exclusive access to Botani Square, which was a nice touch. The only downside was the lobby. It felt quite small and didn't give off an exclusive or premium vibe, which could be improved. Overall, a comfortable stay with great service!",17-Apr-25
172,1711,Jefta,Indonesia,Family with young children,Superior Room Twin,Stayed 1 night in February 2024,10,Exceptional,Hotel ok di Bogor,Overall ok,9-Apr-24
172,1712,Jefta,Indonesia,Family with young children,Superior Room Queen,Stayed 1 night in February 2024,10,Exceptional,HOTEL DENGAN FASILITAS OK,Overall semuanya ok,9-Apr-24
172,1713,salimah,Indonesia,Couple,Deluxe Room Twin,Stayed 1 night in December 2023,10,Exceptional,oke bangettt,akan balik lagi deeeh....seneng,7-Apr-24
172,1714,Hendrawan,Indonesia,Family with teens,Deluxe Room Queen,Stayed 1 night in March 2024,8.8,Excellent,Lokasi yg strategis,"Mau kemall, ada jalan tembus, mau ke kebun rayatinggal jalan kaki, mall tutuo, kafe tinggal pilih",16-Mar-24
172,1715,udin,Indonesia,Couple,Superior Room Queen,Stayed 1 night in March 2024,10,Exceptional,Strategis & nyaman,"Kamar luas, lokasi strategis di samping mall Botani Bogor.",14-Mar-24
172,1716,Yullia,Indonesia,Couple,Superior Room Queen,Stayed 1 night in April 2026,9.6,Exceptional,Sabtu ceria,"Over all bagus, makanan enak, lokasi sangat strategis. Tolong sediakan hair dryer di kamar biar tambah baik kualitas hotelnya",16-Apr-26
172,1717,Latifah,Indonesia,Family with teens,Deluxe Room Queen,Stayed 1 night in February 2026,10,Exceptional,Rekomendasi staycation yang nyaman,"Kamar bersih dan terawat, staff yang ramah, akses ke mall lebih mudah, menu breakfast yang bervariasi dan enak enak, 🫶🏼",17-Feb-26
172,1718,Novita,Indonesia,Solo traveler,Superior Room Queen,Stayed 1 night in May 2025,10,Exceptional,Terbaikk,"Hotel yang sangat nyaman, berada ditengah kota, dibawahnya ada mall, kalau mau jogging tinggal nyebrang ke kebun raya Bogor. Kamarnya sangat luas, bersih, rapih. Pokoknya the bestt😍",29-Sep-25
172,1719,Mohammad,Singapore,Couple,Executive Room,Stayed 7 nights in April 2026,10,Exceptional,Staycation,Nothing to say. Everything is superb. Been staying here for so many times the standard and cleaniness is superb. Location is good and connected to the mall.,20-Apr-26
172,1720,Abdika,Indonesia,Couple,Superior Room Queen,Stayed 1 night in April 2025,8.8,Excellent,Good and comfy stay,"Rating: 4/5 The room was a bit old but overall okay—clean and well-maintained. The bathroom, especially the shower, worked just fine. Food was decent, nothing special but acceptable. What really stood out was the service. All the staff were kind, warm, and very helpful throughout our stay. One unique perk was the exclusive access to Botani Square, which was a nice touch. The only downside was the lobby. It felt quite small and didn't give off an exclusive or premium vibe, which could be improved. Overall, a comfortable stay with great service!",17-Apr-25
173,1721,Brojack,Indonesia,Family with young children,Superior Room Queen,Stayed 1 night in February 2024,10,Exceptional,-,-,8-Mar-24
173,1722,Hamas,Indonesia,Couple,Superior Room Twin,Stayed 1 night in March 2024,10,Exceptional,Bagus,Bagus semua,5-Mar-24
173,1723,KRISTIANTO,Indonesia,Solo traveler,Deluxe Room Twin,Stayed 1 night in March 2024,10,Exceptional,Puas,"Plus : Kamar luas, sarapan lengkap byk macam2 nya Minus : Kolam renang kecil, juga ruang gym terlalu kecil hanya ada 2 treadmil dan 1 sepeda statis",5-Mar-24
173,1724,Harmileni,Indonesia,Couple,Deluxe Room Queen,Stayed 2 nights in November 2023,10,Exceptional,Hotel santika bogor,"Hotelnya nyaman, dekat mall",27-Feb-24
173,1725,Wendi,Indonesia,Couple,Superior Room Queen,Stayed 1 night in February 2024,9.2,Exceptional,Nyaman & Aman,"Terbaik untuk kenyamanan ,keamanan,lokasi yg sangat strategis dri transportasi umum serta pusat perbelanjaan.",26-Feb-24
173,1726,Yullia,Indonesia,Couple,Superior Room Queen,Stayed 1 night in April 2026,9.6,Exceptional,Sabtu ceria,"Over all bagus, makanan enak, lokasi sangat strategis. Tolong sediakan hair dryer di kamar biar tambah baik kualitas hotelnya",16-Apr-26
173,1727,Latifah,Indonesia,Family with teens,Deluxe Room Queen,Stayed 1 night in February 2026,10,Exceptional,Rekomendasi staycation yang nyaman,"Kamar bersih dan terawat, staff yang ramah, akses ke mall lebih mudah, menu breakfast yang bervariasi dan enak enak, 🫶🏼",17-Feb-26
173,1728,Novita,Indonesia,Solo traveler,Superior Room Queen,Stayed 1 night in May 2025,10,Exceptional,Terbaikk,"Hotel yang sangat nyaman, berada ditengah kota, dibawahnya ada mall, kalau mau jogging tinggal nyebrang ke kebun raya Bogor. Kamarnya sangat luas, bersih, rapih. Pokoknya the bestt😍",29-Sep-25
173,1729,Mohammad,Singapore,Couple,Executive Room,Stayed 7 nights in April 2026,10,Exceptional,Staycation,Nothing to say. Everything is superb. Been staying here for so many times the standard and cleaniness is superb. Location is good and connected to the mall.,20-Apr-26
173,1730,Abdika,Indonesia,Couple,Superior Room Queen,Stayed 1 night in April 2025,8.8,Excellent,Good and comfy stay,"Rating: 4/5 The room was a bit old but overall okay—clean and well-maintained. The bathroom, especially the shower, worked just fine. Food was decent, nothing special but acceptable. What really stood out was the service. All the staff were kind, warm, and very helpful throughout our stay. One unique perk was the exclusive access to Botani Square, which was a nice touch. The only downside was the lobby. It felt quite small and didn't give off an exclusive or premium vibe, which could be improved. Overall, a comfortable stay with great service!",17-Apr-25
174,1731,Diah,Indonesia,Couple,Superior Room Twin,Stayed 1 night in February 2024,8.4,Excellent,Hotel yg aman dan nyaman,"Hotel 1 kawasan dengan botani square Mall dan dekat kebun raya, di kamar 905 pemandangan kota Jakarta dr kejauhan kl ada kabut terlihat samar2(macam kota saranjana hehehe) ... Utk kebersihan, makanan dan pelayanan ok banget... saran Utk memperbanyak tontonan tv dan gambar tv yg terang (ada beberapa tayangan tv kabur/berbayang)...",11-Feb-24
174,1732,Pranowo,Indonesia,Family with young children,Deluxe Room Queen,Stayed 1 night in February 2024,10,Exceptional,Staycation,Integrated hotel,9-Feb-24
174,1733,Deasi,Indonesia,Family with young children,Superior Room Queen,Stayed 1 night in February 2024,10,Exceptional,Exceptional,Enak..bawahnya langsung mall,5-Feb-24
174,1734,Agustin,Indonesia,Couple,Deluxe Room Queen,Stayed 1 night in December 2023,10,Exceptional,Good,Good,1-Feb-24
174,1735,Elma,Indonesia,Couple,Superior Room Queen,Stayed 1 night in January 2024,10,Exceptional,Cocok buat liburan,Santika gusah diraguin lagi semuanya memuaskan dari pelayanan kamar sampai makanan semuanya enak dan bagus banget,13-Jan-24
174,1736,Yullia,Indonesia,Couple,Superior Room Queen,Stayed 1 night in April 2026,9.6,Exceptional,Sabtu ceria,"Over all bagus, makanan enak, lokasi sangat strategis. Tolong sediakan hair dryer di kamar biar tambah baik kualitas hotelnya",16-Apr-26
174,1737,Latifah,Indonesia,Family with teens,Deluxe Room Queen,Stayed 1 night in February 2026,10,Exceptional,Rekomendasi staycation yang nyaman,"Kamar bersih dan terawat, staff yang ramah, akses ke mall lebih mudah, menu breakfast yang bervariasi dan enak enak, 🫶🏼",17-Feb-26
174,1738,Novita,Indonesia,Solo traveler,Superior Room Queen,Stayed 1 night in May 2025,10,Exceptional,Terbaikk,"Hotel yang sangat nyaman, berada ditengah kota, dibawahnya ada mall, kalau mau jogging tinggal nyebrang ke kebun raya Bogor. Kamarnya sangat luas, bersih, rapih. Pokoknya the bestt😍",29-Sep-25
174,1739,Mohammad,Singapore,Couple,Executive Room,Stayed 7 nights in April 2026,10,Exceptional,Staycation,Nothing to say. Everything is superb. Been staying here for so many times the standard and cleaniness is superb. Location is good and connected to the mall.,20-Apr-26
174,1740,Abdika,Indonesia,Couple,Superior Room Queen,Stayed 1 night in April 2025,8.8,Excellent,Good and comfy stay,"Rating: 4/5 The room was a bit old but overall okay—clean and well-maintained. The bathroom, especially the shower, worked just fine. Food was decent, nothing special but acceptable. What really stood out was the service. All the staff were kind, warm, and very helpful throughout our stay. One unique perk was the exclusive access to Botani Square, which was a nice touch. The only downside was the lobby. It felt quite small and didn't give off an exclusive or premium vibe, which could be improved. Overall, a comfortable stay with great service!",17-Apr-25
175,1741,Hilmansyah,Indonesia,Couple,Superior Room Queen,Stayed 1 night in January 2024,10,Exceptional,Liburan,"Hotel bagus bersih strategis makanan enak, mantapp",13-Jan-24
175,1742,Nur,Indonesia,Group,Superior Room Twin,Stayed 1 night in January 2024,10,Exceptional,Menginap 1 mlm di santika,"Hotel nya bersih walaupun tdk terlalu besar,sarapannya lumayan",9-Jan-24
175,1743,Rudi,Indonesia,Couple,Superior Room Queen,Stayed 2 nights in December 2023,9.2,Exceptional,Exceptional,Hotelnya bagus,4-Jan-24
175,1744,Muhamad,Indonesia,Family with teens,Superior Room Twin,Stayed 1 night in December 2023,8.8,Excellent,Cek in kamar yg lama,Harus menunggu lama sebelum masuk kamar,3-Jan-24
175,1745,Tan,Indonesia,Family with young children,Superior Room Twin,Stayed 3 nights in December 2023,9.6,Exceptional,Exceptional,"Lokasinya strategis, kamarnya bersih. Sarapan paginya lumayan banyak pilihan.",1-Jan-24
175,1746,Yullia,Indonesia,Couple,Superior Room Queen,Stayed 1 night in April 2026,9.6,Exceptional,Sabtu ceria,"Over all bagus, makanan enak, lokasi sangat strategis. Tolong sediakan hair dryer di kamar biar tambah baik kualitas hotelnya",16-Apr-26
175,1747,Latifah,Indonesia,Family with teens,Deluxe Room Queen,Stayed 1 night in February 2026,10,Exceptional,Rekomendasi staycation yang nyaman,"Kamar bersih dan terawat, staff yang ramah, akses ke mall lebih mudah, menu breakfast yang bervariasi dan enak enak, 🫶🏼",17-Feb-26
175,1748,Novita,Indonesia,Solo traveler,Superior Room Queen,Stayed 1 night in May 2025,10,Exceptional,Terbaikk,"Hotel yang sangat nyaman, berada ditengah kota, dibawahnya ada mall, kalau mau jogging tinggal nyebrang ke kebun raya Bogor. Kamarnya sangat luas, bersih, rapih. Pokoknya the bestt😍",29-Sep-25
175,1749,Mohammad,Singapore,Couple,Executive Room,Stayed 7 nights in April 2026,10,Exceptional,Staycation,Nothing to say. Everything is superb. Been staying here for so many times the standard and cleaniness is superb. Location is good and connected to the mall.,20-Apr-26
175,1750,Abdika,Indonesia,Couple,Superior Room Queen,Stayed 1 night in April 2025,8.8,Excellent,Good and comfy stay,"Rating: 4/5 The room was a bit old but overall okay—clean and well-maintained. The bathroom, especially the shower, worked just fine. Food was decent, nothing special but acceptable. What really stood out was the service. All the staff were kind, warm, and very helpful throughout our stay. One unique perk was the exclusive access to Botani Square, which was a nice touch. The only downside was the lobby. It felt quite small and didn't give off an exclusive or premium vibe, which could be improved. Overall, a comfortable stay with great service!",17-Apr-25
176,1751,ASTRONY,Indonesia,Couple,Superior Room Queen,Stayed 1 night in December 2023,10,Exceptional,Oke,Mantappp,29-Dec-23
176,1752,Ibnu,Indonesia,Group,Superior Room Twin,Stayed 1 night in December 2023,10,Exceptional,Liburan keluarga besar,"Fasilitas lengkap dan lokasi yang sangat strategis di dalam komplek mall botani square, bisa ngantre cromboloni di monsier spoon",27-Dec-23
176,1753,Elma,Indonesia,Couple,Superior Room Queen,Stayed 1 night in June 2023,10,Exceptional,Nyaman,tempatnya enak dan nyaman banget cocok buat liburan,27-Dec-23
176,1754,Taufik,Indonesia,Family with young children,Superior Room Queen,Stayed 1 night in December 2023,8,Excellent,Very good,"Tempat menyenangkan, fasilitas dan kebersihan sangat baik. Pelayanannya juga ramah",26-Dec-23
176,1755,Triana,Indonesia,Family with teens,Superior Room Twin,Stayed 1 night in December 2023,10,Exceptional,Puas dengan pelayanan dan fasilitas,Terima kasih hotel Santika Bogor. Kami puas dengan pelayanan dan fasilitas yg sdh kami terima. Kapan2 akan nginep lagi di sini .. tks,25-Dec-23
176,1756,Yullia,Indonesia,Couple,Superior Room Queen,Stayed 1 night in April 2026,9.6,Exceptional,Sabtu ceria,"Over all bagus, makanan enak, lokasi sangat strategis. Tolong sediakan hair dryer di kamar biar tambah baik kualitas hotelnya",16-Apr-26
176,1757,Latifah,Indonesia,Family with teens,Deluxe Room Queen,Stayed 1 night in February 2026,10,Exceptional,Rekomendasi staycation yang nyaman,"Kamar bersih dan terawat, staff yang ramah, akses ke mall lebih mudah, menu breakfast yang bervariasi dan enak enak, 🫶🏼",17-Feb-26
176,1758,Novita,Indonesia,Solo traveler,Superior Room Queen,Stayed 1 night in May 2025,10,Exceptional,Terbaikk,"Hotel yang sangat nyaman, berada ditengah kota, dibawahnya ada mall, kalau mau jogging tinggal nyebrang ke kebun raya Bogor. Kamarnya sangat luas, bersih, rapih. Pokoknya the bestt😍",29-Sep-25
176,1759,Mohammad,Singapore,Couple,Executive Room,Stayed 7 nights in April 2026,10,Exceptional,Staycation,Nothing to say. Everything is superb. Been staying here for so many times the standard and cleaniness is superb. Location is good and connected to the mall.,20-Apr-26
176,1760,Abdika,Indonesia,Couple,Superior Room Queen,Stayed 1 night in April 2025,8.8,Excellent,Good and comfy stay,"Rating: 4/5 The room was a bit old but overall okay—clean and well-maintained. The bathroom, especially the shower, worked just fine. Food was decent, nothing special but acceptable. What really stood out was the service. All the staff were kind, warm, and very helpful throughout our stay. One unique perk was the exclusive access to Botani Square, which was a nice touch. The only downside was the lobby. It felt quite small and didn't give off an exclusive or premium vibe, which could be improved. Overall, a comfortable stay with great service!",17-Apr-25
177,1761,muhamad,Indonesia,Family with young children,Deluxe Room Queen,Stayed 1 night in December 2023,9.2,Exceptional,Lift,"Secara umum, semua keren. Cuma masalah kapasitas lift yang kecil, menjadikan semua kepuasan tentang kelebihannya menjadi sedikit terganggu.. Apalagi saat peak seasons, menunggu giliran lift menjadi menyebalkan. Saat tengah hari, menjelang Mall tutup & dipagi hari. Rombongan 2 kamar dengan anak kecil menjadi repot saat lift lebih dari 3x kesempatan tidak bisa berhenti karena kapasitas selalu Full..",25-Dec-23
177,1762,Guspika,Indonesia,Family with young children,Superior Room Twin,Stayed 1 night in December 2023,10,Exceptional,kamar sangat luas dan nyaman,ternyata kamarnya ssngat nyaman,24-Dec-23
177,1763,Salman,Indonesia,Couple,Superior Room Twin,Stayed 1 night in November 2023,10,Exceptional,Good hotel,"Dekat kebun raya, botani square...makanannya enak, staf ramah.... ok buat keluarga...",18-Dec-23
177,1764,Wendi,Indonesia,Couple,Superior Room Queen,Stayed 1 night in December 2023,8.4,Excellent,Luar biasa,"Kamar nyaman dan bersih , tempat strategis , menu sarapan paginya enak",16-Dec-23
177,1765,Yohanes,Indonesia,Family with young children,Superior Room Twin,Stayed 1 night in December 2023,10,Exceptional,Tempat nyaman,"Kamar nyaman, Kelebihanya lokasi jadi satu dengan mall aksesnya mudah, cari makan diluuar gampang. Kekurangan : parkir penuh, saat ke hotel ada perbaikan jalan, sehingg sangat macet.",11-Dec-23
177,1766,Yullia,Indonesia,Couple,Superior Room Queen,Stayed 1 night in April 2026,9.6,Exceptional,Sabtu ceria,"Over all bagus, makanan enak, lokasi sangat strategis. Tolong sediakan hair dryer di kamar biar tambah baik kualitas hotelnya",16-Apr-26
177,1767,Latifah,Indonesia,Family with teens,Deluxe Room Queen,Stayed 1 night in February 2026,10,Exceptional,Rekomendasi staycation yang nyaman,"Kamar bersih dan terawat, staff yang ramah, akses ke mall lebih mudah, menu breakfast yang bervariasi dan enak enak, 🫶🏼",17-Feb-26
177,1768,Novita,Indonesia,Solo traveler,Superior Room Queen,Stayed 1 night in May 2025,10,Exceptional,Terbaikk,"Hotel yang sangat nyaman, berada ditengah kota, dibawahnya ada mall, kalau mau jogging tinggal nyebrang ke kebun raya Bogor. Kamarnya sangat luas, bersih, rapih. Pokoknya the bestt😍",29-Sep-25
177,1769,Mohammad,Singapore,Couple,Executive Room,Stayed 7 nights in April 2026,10,Exceptional,Staycation,Nothing to say. Everything is superb. Been staying here for so many times the standard and cleaniness is superb. Location is good and connected to the mall.,20-Apr-26
177,1770,Abdika,Indonesia,Couple,Superior Room Queen,Stayed 1 night in April 2025,8.8,Excellent,Good and comfy stay,"Rating: 4/5 The room was a bit old but overall okay—clean and well-maintained. The bathroom, especially the shower, worked just fine. Food was decent, nothing special but acceptable. What really stood out was the service. All the staff were kind, warm, and very helpful throughout our stay. One unique perk was the exclusive access to Botani Square, which was a nice touch. The only downside was the lobby. It felt quite small and didn't give off an exclusive or premium vibe, which could be improved. Overall, a comfortable stay with great service!",17-Apr-25
178,1771,Eliza,Indonesia,Family with young children,Executive Queen,Stayed 2 nights in December 2023,8.4,Excellent,Good,Saya sangat puas menginap di sini. Dan akan kembali lagi. Terus tingkatkan menjadi lebih baik dan pertahankan yg sudah baik,6-Dec-23
178,1772,Bimo,Indonesia,Couple,Superior Room Queen,Stayed 1 night in November 2023,10,Exceptional,Shantika is the best,"Rekomendasi bgt pokonya semuanya keren makanannya enak , fasilitas oke , bersih pokonya gak nyesel nginep disini",6-Nov-23
178,1773,Zulman,Indonesia,Couple,Deluxe Room Queen,Stayed 1 night in August 2023,10,Exceptional,Exceptional,Akses yg serba praktis dan segala di dekat hotel krn connecting dgn mall dan connecting dgn akses angkutan tujuan bandara dy damri,2-Nov-23
178,1774,Ali,Indonesia,Family with young children,Suite Room,Stayed 1 night in October 2023,10,Exceptional,Exceptional,Lokasi sangat strategis. Menyatu dengan mal paling bagus di Bogor.,29-Oct-23
178,1775,Much,Indonesia,Couple,Superior Room Queen,Stayed 2 nights in April 2023,10,Exceptional,Exceptional,Best hotel 👍,20-Oct-23
178,1776,Yullia,Indonesia,Couple,Superior Room Queen,Stayed 1 night in April 2026,9.6,Exceptional,Sabtu ceria,"Over all bagus, makanan enak, lokasi sangat strategis. Tolong sediakan hair dryer di kamar biar tambah baik kualitas hotelnya",16-Apr-26
178,1777,Latifah,Indonesia,Family with teens,Deluxe Room Queen,Stayed 1 night in February 2026,10,Exceptional,Rekomendasi staycation yang nyaman,"Kamar bersih dan terawat, staff yang ramah, akses ke mall lebih mudah, menu breakfast yang bervariasi dan enak enak, 🫶🏼",17-Feb-26
178,1778,Novita,Indonesia,Solo traveler,Superior Room Queen,Stayed 1 night in May 2025,10,Exceptional,Terbaikk,"Hotel yang sangat nyaman, berada ditengah kota, dibawahnya ada mall, kalau mau jogging tinggal nyebrang ke kebun raya Bogor. Kamarnya sangat luas, bersih, rapih. Pokoknya the bestt😍",29-Sep-25
178,1779,Mohammad,Singapore,Couple,Executive Room,Stayed 7 nights in April 2026,10,Exceptional,Staycation,Nothing to say. Everything is superb. Been staying here for so many times the standard and cleaniness is superb. Location is good and connected to the mall.,20-Apr-26
178,1780,Abdika,Indonesia,Couple,Superior Room Queen,Stayed 1 night in April 2025,8.8,Excellent,Good and comfy stay,"Rating: 4/5 The room was a bit old but overall okay—clean and well-maintained. The bathroom, especially the shower, worked just fine. Food was decent, nothing special but acceptable. What really stood out was the service. All the staff were kind, warm, and very helpful throughout our stay. One unique perk was the exclusive access to Botani Square, which was a nice touch. The only downside was the lobby. It felt quite small and didn't give off an exclusive or premium vibe, which could be improved. Overall, a comfortable stay with great service!",17-Apr-25
179,1781,rio,Indonesia,Family with young children,Superior Room Queen,Stayed 1 night in April 2023,8.8,Excellent,Recomend,Thx,24-Sep-23
179,1782,Agung,Indonesia,Couple,Superior Room Twin,Stayed 1 night in September 2023,10,Exceptional,Live and staycation,Great hotel with excellent service... hopefully can stay at there in the next trip ...,24-Sep-23
179,1783,OEY,Indonesia,Couple,Suite Room,Stayed 1 night in September 2023,8.8,Excellent,Hotel dengan lokasi yang bagus,Sayang AC nya bocor sehingga mengurangi sedikit kenyamanan,11-Sep-23
179,1784,Hilmansyah,Indonesia,Couple,Superior Room Twin,Stayed 1 night in July 2023,10,Exceptional,Exceptional,Mantappp,9-Aug-23
179,1785,Lenny,Indonesia,Family with teens,Executive Queen,Stayed 2 nights in April 2023,10,Exceptional,Jempol 2,Jika di Santika Bogor - jadi malas untuk kuliner keluar.,17-Jul-23
179,1786,Yullia,Indonesia,Couple,Superior Room Queen,Stayed 1 night in April 2026,9.6,Exceptional,Sabtu ceria,"Over all bagus, makanan enak, lokasi sangat strategis. Tolong sediakan hair dryer di kamar biar tambah baik kualitas hotelnya",16-Apr-26
179,1787,Latifah,Indonesia,Family with teens,Deluxe Room Queen,Stayed 1 night in February 2026,10,Exceptional,Rekomendasi staycation yang nyaman,"Kamar bersih dan terawat, staff yang ramah, akses ke mall lebih mudah, menu breakfast yang bervariasi dan enak enak, 🫶🏼",17-Feb-26
179,1788,Novita,Indonesia,Solo traveler,Superior Room Queen,Stayed 1 night in May 2025,10,Exceptional,Terbaikk,"Hotel yang sangat nyaman, berada ditengah kota, dibawahnya ada mall, kalau mau jogging tinggal nyebrang ke kebun raya Bogor. Kamarnya sangat luas, bersih, rapih. Pokoknya the bestt😍",29-Sep-25
179,1789,Mohammad,Singapore,Couple,Executive Room,Stayed 7 nights in April 2026,10,Exceptional,Staycation,Nothing to say. Everything is superb. Been staying here for so many times the standard and cleaniness is superb. Location is good and connected to the mall.,20-Apr-26
179,1790,Abdika,Indonesia,Couple,Superior Room Queen,Stayed 1 night in April 2025,8.8,Excellent,Good and comfy stay,"Rating: 4/5 The room was a bit old but overall okay—clean and well-maintained. The bathroom, especially the shower, worked just fine. Food was decent, nothing special but acceptable. What really stood out was the service. All the staff were kind, warm, and very helpful throughout our stay. One unique perk was the exclusive access to Botani Square, which was a nice touch. The only downside was the lobby. It felt quite small and didn't give off an exclusive or premium vibe, which could be improved. Overall, a comfortable stay with great service!",17-Apr-25
180,1791,Renny,Indonesia,Family with young children,Suite Room,Stayed 1 night in June 2023,10,Exceptional,stayvacation,"sampe lokasi sudah sore, staf ramah, ruangan pun bersih dan besar.. anak suka bermain krn ruangan luas, ingin menambah stay lg tetapi saat ingin booking via online, sayangnya sdh tdk ada ketersediaan kamar lg.. lain kali boleh kembali lagi kalo ke daerahh bogor, tq",15-Jul-23
180,1792,Rizky,Indonesia,Family with young children,Superior Room Queen,Stayed 1 night in June 2023,10,Exceptional,Bersih dan Ramah,Lokasi sangat strategis dengan kebersihan yang sangat terjaga bahkan aman untuk bayi serta staff-staff nya yang sangat ramah,4-Jul-23
180,1793,Ekasurya,Indonesia,Family with young children,Deluxe Room Twin,Stayed 1 night in July 2023,10,Exceptional,Exceptional,"pelayanan ramah, lokasi strategis, saat check in jam 14.00 tp jam 12 sudah datang spaya dpt disiapkan krn bawa orangtua. kembali sekitar jam 14.15 setelah makan siang d mall botani tp kamar kedua blm siap jd hrs menunggu lg sekitar 1 jam baru siap. kolam renang agak kecil jd pas weekend rame, kolam renang terasa padat hahaha. untuk kluarga secara keseluruhan direkomendasikan.",3-Jul-23
180,1794,Gerry,Indonesia,Family with teens,Superior Room Twin,Stayed 1 night in August 2022,8.4,Excellent,Excellent,"Lokasi jadi 1 dengan mal, nilai plusnya sdg minusnya parkir susah! Overall okaylah utk 1 day staycation in Bogor",29-Jun-23
180,1795,Eva,Indonesia,Family with young children,Deluxe Room Twin,Stayed 1 night in June 2023,8.8,Excellent,Excellent,"Tempatnya enak, langsung bisa masuk ke mall",26-Jun-23
180,1796,Yullia,Indonesia,Couple,Superior Room Queen,Stayed 1 night in April 2026,9.6,Exceptional,Sabtu ceria,"Over all bagus, makanan enak, lokasi sangat strategis. Tolong sediakan hair dryer di kamar biar tambah baik kualitas hotelnya",16-Apr-26
180,1797,Latifah,Indonesia,Family with teens,Deluxe Room Queen,Stayed 1 night in February 2026,10,Exceptional,Rekomendasi staycation yang nyaman,"Kamar bersih dan terawat, staff yang ramah, akses ke mall lebih mudah, menu breakfast yang bervariasi dan enak enak, 🫶🏼",17-Feb-26
180,1798,Novita,Indonesia,Solo traveler,Superior Room Queen,Stayed 1 night in May 2025,10,Exceptional,Terbaikk,"Hotel yang sangat nyaman, berada ditengah kota, dibawahnya ada mall, kalau mau jogging tinggal nyebrang ke kebun raya Bogor. Kamarnya sangat luas, bersih, rapih. Pokoknya the bestt😍",29-Sep-25
180,1799,Mohammad,Singapore,Couple,Executive Room,Stayed 7 nights in April 2026,10,Exceptional,Staycation,Nothing to say. Everything is superb. Been staying here for so many times the standard and cleaniness is superb. Location is good and connected to the mall.,20-Apr-26
180,1800,Abdika,Indonesia,Couple,Superior Room Queen,Stayed 1 night in April 2025,8.8,Excellent,Good and comfy stay,"Rating: 4/5 The room was a bit old but overall okay—clean and well-maintained. The bathroom, especially the shower, worked just fine. Food was decent, nothing special but acceptable. What really stood out was the service. All the staff were kind, warm, and very helpful throughout our stay. One unique perk was the exclusive access to Botani Square, which was a nice touch. The only downside was the lobby. It felt quite small and didn't give off an exclusive or premium vibe, which could be improved. Overall, a comfortable stay with great service!",17-Apr-25
181,1801,Roselawaty,Indonesia,Family with young children,Superior Room Queen,Stayed 1 night in July 2022,9.6,Exceptional,Exceptional,"Nyaman, mudah keluar masuk mall,",22-Jun-23
181,1802,Sukriadi,Indonesia,Family with teens,Executive Queen,Stayed 1 night in May 2023,10,Exceptional,Pelayanan executive the best,"Tiap kali ke bogor pasti nginepnya di santika bogor, didalam mall dan free desert dan makanan kecil yg enak enak untuk kamar executive, dsri proses registrasi checkin hingga checkout joss semua pokoknya, lancar gak pake ribet",11-May-23
181,1803,Niel,Indonesia,Couple,Superior Room Twin,Stayed 1 night in April 2023,9.6,Exceptional,Review,Nyaman untuk staycation,9-May-23
181,1804,rizka,Indonesia,Family with young children,Deluxe Room Queen,Stayed 1 night in April 2023,9.6,Exceptional,Kamar OK. Lift & breakfast mesti ditambah.,"Lokasi oke. Bersih. Kamar luas plus sofa besar. Cuma kolam renang kecil terbatas. Lift kecil isi terbatas, mesti sabar nunggu. Breakfast mestinya masih bisa di tingkatkan lagi untuk sekelas santika. Kurang worthed utk 155rb extra tambahan perorg. Overall oke sih.",1-May-23
181,1805,Hermawan,Indonesia,Family with young children,Superior Room Queen,Stayed 1 night in April 2023,8.4,Excellent,Hotel strategis,"Hotel strategis di bogor , satu kawasan dengan mall botani square, kamar cukup bersih dan sarapan yang lumayan untuk hotel bintang sekelasnya.",26-Apr-23
181,1806,Yullia,Indonesia,Couple,Superior Room Queen,Stayed 1 night in April 2026,9.6,Exceptional,Sabtu ceria,"Over all bagus, makanan enak, lokasi sangat strategis. Tolong sediakan hair dryer di kamar biar tambah baik kualitas hotelnya",16-Apr-26
181,1807,Latifah,Indonesia,Family with teens,Deluxe Room Queen,Stayed 1 night in February 2026,10,Exceptional,Rekomendasi staycation yang nyaman,"Kamar bersih dan terawat, staff yang ramah, akses ke mall lebih mudah, menu breakfast yang bervariasi dan enak enak, 🫶🏼",17-Feb-26
181,1808,Novita,Indonesia,Solo traveler,Superior Room Queen,Stayed 1 night in May 2025,10,Exceptional,Terbaikk,"Hotel yang sangat nyaman, berada ditengah kota, dibawahnya ada mall, kalau mau jogging tinggal nyebrang ke kebun raya Bogor. Kamarnya sangat luas, bersih, rapih. Pokoknya the bestt😍",29-Sep-25
181,1809,Mohammad,Singapore,Couple,Executive Room,Stayed 7 nights in April 2026,10,Exceptional,Staycation,Nothing to say. Everything is superb. Been staying here for so many times the standard and cleaniness is superb. Location is good and connected to the mall.,20-Apr-26
181,1810,Abdika,Indonesia,Couple,Superior Room Queen,Stayed 1 night in April 2025,8.8,Excellent,Good and comfy stay,"Rating: 4/5 The room was a bit old but overall okay—clean and well-maintained. The bathroom, especially the shower, worked just fine. Food was decent, nothing special but acceptable. What really stood out was the service. All the staff were kind, warm, and very helpful throughout our stay. One unique perk was the exclusive access to Botani Square, which was a nice touch. The only downside was the lobby. It felt quite small and didn't give off an exclusive or premium vibe, which could be improved. Overall, a comfortable stay with great service!",17-Apr-25
182,1811,EVI,Indonesia,Family with young children,Superior Room Queen,Stayed 1 night in April 2023,9.6,Exceptional,Mantap,Liftnya mohon ditambah..,22-Apr-23
182,1812,tjong,Indonesia,Family with young children,Deluxe Room Queen,Stayed 1 night in June 2022,10,Exceptional,Oke,Bagus,20-Apr-23
182,1813,Ayuningtyas,Indonesia,Family with young children,Suite Room,Stayed 1 night in March 2023,10,Exceptional,Our favourite Hotel,"Kami sudah menginap beberapa kali di hotel ini, mulai dari kamar deluxe,executive dan kali ini mencoba kamar suitenya... Kamarnya bagus,luas dan bersih. Free mini bar, dan dapat snack sore berupa pastry. Namun sayangnya, meski kami menginap di suite, tapnu pemanda",6-Mar-23
182,1814,Ela,Indonesia,Family with young children,Superior Room Queen,Stayed 2 nights in March 2022,10,Exceptional,Exceptional,Mantap hotelnya,8-Feb-23
182,1815,Zulfikar,Indonesia,Family with young children,Deluxe Room Twin,Stayed 1 night in December 2022,8,Excellent,Berlibur sambil berbelanja,Berlibur sambil berbelanja dengan nyaman di santika botani square,12-Jan-23
182,1816,Yullia,Indonesia,Couple,Superior Room Queen,Stayed 1 night in April 2026,9.6,Exceptional,Sabtu ceria,"Over all bagus, makanan enak, lokasi sangat strategis. Tolong sediakan hair dryer di kamar biar tambah baik kualitas hotelnya",16-Apr-26
182,1817,Latifah,Indonesia,Family with teens,Deluxe Room Queen,Stayed 1 night in February 2026,10,Exceptional,Rekomendasi staycation yang nyaman,"Kamar bersih dan terawat, staff yang ramah, akses ke mall lebih mudah, menu breakfast yang bervariasi dan enak enak, 🫶🏼",17-Feb-26
182,1818,Novita,Indonesia,Solo traveler,Superior Room Queen,Stayed 1 night in May 2025,10,Exceptional,Terbaikk,"Hotel yang sangat nyaman, berada ditengah kota, dibawahnya ada mall, kalau mau jogging tinggal nyebrang ke kebun raya Bogor. Kamarnya sangat luas, bersih, rapih. Pokoknya the bestt😍",29-Sep-25
182,1819,Mohammad,Singapore,Couple,Executive Room,Stayed 7 nights in April 2026,10,Exceptional,Staycation,Nothing to say. Everything is superb. Been staying here for so many times the standard and cleaniness is superb. Location is good and connected to the mall.,20-Apr-26
182,1820,Abdika,Indonesia,Couple,Superior Room Queen,Stayed 1 night in April 2025,8.8,Excellent,Good and comfy stay,"Rating: 4/5 The room was a bit old but overall okay—clean and well-maintained. The bathroom, especially the shower, worked just fine. Food was decent, nothing special but acceptable. What really stood out was the service. All the staff were kind, warm, and very helpful throughout our stay. One unique perk was the exclusive access to Botani Square, which was a nice touch. The only downside was the lobby. It felt quite small and didn't give off an exclusive or premium vibe, which could be improved. Overall, a comfortable stay with great service!",17-Apr-25
183,1821,Yudi,Indonesia,Family with young children,Superior Room Queen,Stayed 1 night in December 2022,9.6,Exceptional,Berlibur sambil kuliner dan shopping,"Bagi yg ingin berlibur di kota Bogor sambil kuliner dan shopping, hotel ini sangat strategis karena satu gedung dengan mall Botanical Bogor.",2-Jan-23
183,1822,giana,Indonesia,Family with teens,Deluxe Room Twin,Stayed 1 night in January 2022,10,Exceptional,hotel yg lgsg akses mall,"sangat menyenangkan menginap disini, krn akses mall mudah, kamar luas, makan mudah di dapat di hotel ini",27-Dec-22
183,1823,giana,Indonesia,Family with teens,Superior Room Queen,Stayed 1 night in January 2022,10,Exceptional,hotel yg kamar nya cukup luas,anak2 suka di sini mau apa2 tdk ssh mall nya komplit.,27-Dec-22
183,1824,Erni,Indonesia,Couple,Superior Room Twin,Stayed 1 night in January 2022,9.2,Exceptional,Hotel Strategis,Lokasi berseberlahan dengan BOTANI SQUARE jadi lebih enjoy,25-Dec-22
183,1825,Nunung,Indonesia,Couple,Superior Room Twin,Stayed 2 nights in August 2022,8,Excellent,Bagus,Ada di dalam.mall. dekat Kebun Raya..,6-Dec-22
183,1826,Yullia,Indonesia,Couple,Superior Room Queen,Stayed 1 night in April 2026,9.6,Exceptional,Sabtu ceria,"Over all bagus, makanan enak, lokasi sangat strategis. Tolong sediakan hair dryer di kamar biar tambah baik kualitas hotelnya",16-Apr-26
183,1827,Latifah,Indonesia,Family with teens,Deluxe Room Queen,Stayed 1 night in February 2026,10,Exceptional,Rekomendasi staycation yang nyaman,"Kamar bersih dan terawat, staff yang ramah, akses ke mall lebih mudah, menu breakfast yang bervariasi dan enak enak, 🫶🏼",17-Feb-26
183,1828,Novita,Indonesia,Solo traveler,Superior Room Queen,Stayed 1 night in May 2025,10,Exceptional,Terbaikk,"Hotel yang sangat nyaman, berada ditengah kota, dibawahnya ada mall, kalau mau jogging tinggal nyebrang ke kebun raya Bogor. Kamarnya sangat luas, bersih, rapih. Pokoknya the bestt😍",29-Sep-25
183,1829,Mohammad,Singapore,Couple,Executive Room,Stayed 7 nights in April 2026,10,Exceptional,Staycation,Nothing to say. Everything is superb. Been staying here for so many times the standard and cleaniness is superb. Location is good and connected to the mall.,20-Apr-26
183,1830,Abdika,Indonesia,Couple,Superior Room Queen,Stayed 1 night in April 2025,8.8,Excellent,Good and comfy stay,"Rating: 4/5 The room was a bit old but overall okay—clean and well-maintained. The bathroom, especially the shower, worked just fine. Food was decent, nothing special but acceptable. What really stood out was the service. All the staff were kind, warm, and very helpful throughout our stay. One unique perk was the exclusive access to Botani Square, which was a nice touch. The only downside was the lobby. It felt quite small and didn't give off an exclusive or premium vibe, which could be improved. Overall, a comfortable stay with great service!",17-Apr-25
184,1831,Advo,Indonesia,Business traveler,Deluxe Room Twin,Stayed 1 night in September 2022,10,Exceptional,Exceptional,Bagus,30-Nov-22
184,1832,erfina,Indonesia,Family with teens,Superior Room Twin,Stayed 1 night in November 2022,9.2,Exceptional,Letak yg strategis,"Berada dimall botani square, dekat kebun raya bogor",11-Nov-22
184,1833,prawono,Indonesia,Business traveler,Deluxe Room Twin,Stayed 1 night in October 2022,10,Exceptional,Dekat,Santika keren dan lokasi sangat tepat,22-Oct-22
184,1834,Kholika,Indonesia,Family with young children,Superior Room Queen,Stayed 1 night in September 2022,10,Exceptional,Hotel bagus,Hotel bagus,13-Oct-22
184,1835,Yuli,Indonesia,Group,Superior Room Queen,Stayed 1 night in September 2022,9.6,Exceptional,Cari suasana baru,Lokasi mudah. Gampang cari makanan karena bersebelahan dengan mall botani. Staff ramah. Kebersihan juara. Breakfast nya lumayan banyak.,17-Sep-22
184,1836,Yullia,Indonesia,Couple,Superior Room Queen,Stayed 1 night in April 2026,9.6,Exceptional,Sabtu ceria,"Over all bagus, makanan enak, lokasi sangat strategis. Tolong sediakan hair dryer di kamar biar tambah baik kualitas hotelnya",16-Apr-26
184,1837,Latifah,Indonesia,Family with teens,Deluxe Room Queen,Stayed 1 night in February 2026,10,Exceptional,Rekomendasi staycation yang nyaman,"Kamar bersih dan terawat, staff yang ramah, akses ke mall lebih mudah, menu breakfast yang bervariasi dan enak enak, 🫶🏼",17-Feb-26
184,1838,Novita,Indonesia,Solo traveler,Superior Room Queen,Stayed 1 night in May 2025,10,Exceptional,Terbaikk,"Hotel yang sangat nyaman, berada ditengah kota, dibawahnya ada mall, kalau mau jogging tinggal nyebrang ke kebun raya Bogor. Kamarnya sangat luas, bersih, rapih. Pokoknya the bestt😍",29-Sep-25
184,1839,Mohammad,Singapore,Couple,Executive Room,Stayed 7 nights in April 2026,10,Exceptional,Staycation,Nothing to say. Everything is superb. Been staying here for so many times the standard and cleaniness is superb. Location is good and connected to the mall.,20-Apr-26
184,1840,Abdika,Indonesia,Couple,Superior Room Queen,Stayed 1 night in April 2025,8.8,Excellent,Good and comfy stay,"Rating: 4/5 The room was a bit old but overall okay—clean and well-maintained. The bathroom, especially the shower, worked just fine. Food was decent, nothing special but acceptable. What really stood out was the service. All the staff were kind, warm, and very helpful throughout our stay. One unique perk was the exclusive access to Botani Square, which was a nice touch. The only downside was the lobby. It felt quite small and didn't give off an exclusive or premium vibe, which could be improved. Overall, a comfortable stay with great service!",17-Apr-25
185,1841,Yohana,Indonesia,Couple,Deluxe Room Twin,Stayed 1 night in August 2022,10,Exceptional,Exceptional,Next akan menginap lagi disini.,5-Sep-22
185,1842,handitya,Indonesia,Family with young children,Superior Room Queen,Stayed 1 night in July 2022,10,Exceptional,Bagus dan menarik,"Menginap disini bagus tmpt nya dan mewah..Breakfast untuk anak kedua hanya bauar 75ribu..Kamar luas, bersih , modern dan rapi, kamar mandi bersih dan wangi, Menu Breakfast banyak dan enak, Staff ramah, hanya kurang fasilitas tmpt parkir yang ada di luar gedung bersama parkir pengunjung mall (harus nya ada parkiran tersendiri di dalam gedung atau area hotel)",25-Jul-22
185,1843,Ferdinan,Indonesia,Family with young children,Deluxe Room Queen,Stayed 2 nights in July 2022,8,Excellent,Pengalaman menginap di Santika Bogor,"Secara umum hotel ini recomended. Tempat strategis. Bersih. Staf ramah. Breakfast oke. Layak diberikan bintang 5. Hanya saja pengalaman menginap hari ke-2, lantai toilet area kering nya banjir. Sepertinya ada pipa yg bocor. Jadinya untuk kali ini Saya berikan bintang 4 dulu, ya.",13-Jul-22
185,1844,Leli,Indonesia,Family with young children,Superior Room Queen,Stayed 1 night in July 2022,10,Exceptional,Exceptional,"Pelayanannya mantap...kamar bersih, makanan enak",9-Jul-22
185,1845,Haris,Indonesia,Family with young children,Superior Room Twin,Stayed 1 night in July 2022,10,Exceptional,Hotel Santika bogor,Tempat nya bersih,5-Jul-22
185,1846,Yullia,Indonesia,Couple,Superior Room Queen,Stayed 1 night in April 2026,9.6,Exceptional,Sabtu ceria,"Over all bagus, makanan enak, lokasi sangat strategis. Tolong sediakan hair dryer di kamar biar tambah baik kualitas hotelnya",16-Apr-26
185,1847,Latifah,Indonesia,Family with teens,Deluxe Room Queen,Stayed 1 night in February 2026,10,Exceptional,Rekomendasi staycation yang nyaman,"Kamar bersih dan terawat, staff yang ramah, akses ke mall lebih mudah, menu breakfast yang bervariasi dan enak enak, 🫶🏼",17-Feb-26
185,1848,Novita,Indonesia,Solo traveler,Superior Room Queen,Stayed 1 night in May 2025,10,Exceptional,Terbaikk,"Hotel yang sangat nyaman, berada ditengah kota, dibawahnya ada mall, kalau mau jogging tinggal nyebrang ke kebun raya Bogor. Kamarnya sangat luas, bersih, rapih. Pokoknya the bestt😍",29-Sep-25
185,1849,Mohammad,Singapore,Couple,Executive Room,Stayed 7 nights in April 2026,10,Exceptional,Staycation,Nothing to say. Everything is superb. Been staying here for so many times the standard and cleaniness is superb. Location is good and connected to the mall.,20-Apr-26
185,1850,Abdika,Indonesia,Couple,Superior Room Queen,Stayed 1 night in April 2025,8.8,Excellent,Good and comfy stay,"Rating: 4/5 The room was a bit old but overall okay—clean and well-maintained. The bathroom, especially the shower, worked just fine. Food was decent, nothing special but acceptable. What really stood out was the service. All the staff were kind, warm, and very helpful throughout our stay. One unique perk was the exclusive access to Botani Square, which was a nice touch. The only downside was the lobby. It felt quite small and didn't give off an exclusive or premium vibe, which could be improved. Overall, a comfortable stay with great service!",17-Apr-25
186,1851,Ahmad,Indonesia,Couple,Superior Room Twin,Stayed 1 night in June 2022,10,Exceptional,"Murahbanget ,",Semua Ok,4-Jul-22
186,1852,tassia,Indonesia,Family with young children,Deluxe Room Twin,Stayed 1 night in July 2022,8,Excellent,Spacious room with good price in prime location,Kamarnya luas utk bawa anak kecil dan ada kolam renang.. sarapan still ok.. dan ada mall jd dkt kmn2..,2-Jul-22
186,1853,Fuji,Indonesia,Solo traveler,Superior Room Twin,Stayed 1 night in June 2022,10,Exceptional,Nyaman,Strategis,6-Jun-22
186,1854,Riani,Indonesia,Family with young children,Superior Room Queen,Stayed 1 night in June 2022,10,Exceptional,Seneng menginap di Hotel Santika Bogor,"Breakfast banyak Pilihan.. enak2 semua makanan nya.. kolam renang bersih, kamar bersh dan nyaman",6-Jun-22
186,1855,Jauharul,Indonesia,Family with young children,Superior Room Twin,Stayed 1 night in May 2022,10,Exceptional,Exceptional,Sangat baik pelayanan dan menyenangkan menginap di hotel Santika Bogor,27-May-22
186,1856,Yullia,Indonesia,Couple,Superior Room Queen,Stayed 1 night in April 2026,9.6,Exceptional,Sabtu ceria,"Over all bagus, makanan enak, lokasi sangat strategis. Tolong sediakan hair dryer di kamar biar tambah baik kualitas hotelnya",16-Apr-26
186,1857,Latifah,Indonesia,Family with teens,Deluxe Room Queen,Stayed 1 night in February 2026,10,Exceptional,Rekomendasi staycation yang nyaman,"Kamar bersih dan terawat, staff yang ramah, akses ke mall lebih mudah, menu breakfast yang bervariasi dan enak enak, 🫶🏼",17-Feb-26
186,1858,Novita,Indonesia,Solo traveler,Superior Room Queen,Stayed 1 night in May 2025,10,Exceptional,Terbaikk,"Hotel yang sangat nyaman, berada ditengah kota, dibawahnya ada mall, kalau mau jogging tinggal nyebrang ke kebun raya Bogor. Kamarnya sangat luas, bersih, rapih. Pokoknya the bestt😍",29-Sep-25
186,1859,Mohammad,Singapore,Couple,Executive Room,Stayed 7 nights in April 2026,10,Exceptional,Staycation,Nothing to say. Everything is superb. Been staying here for so many times the standard and cleaniness is superb. Location is good and connected to the mall.,20-Apr-26
186,1860,Abdika,Indonesia,Couple,Superior Room Queen,Stayed 1 night in April 2025,8.8,Excellent,Good and comfy stay,"Rating: 4/5 The room was a bit old but overall okay—clean and well-maintained. The bathroom, especially the shower, worked just fine. Food was decent, nothing special but acceptable. What really stood out was the service. All the staff were kind, warm, and very helpful throughout our stay. One unique perk was the exclusive access to Botani Square, which was a nice touch. The only downside was the lobby. It felt quite small and didn't give off an exclusive or premium vibe, which could be improved. Overall, a comfortable stay with great service!",17-Apr-25
187,1861,Rifly,Indonesia,Family with teens,Superior Room Twin,Stayed 1 night in January 2022,10,Exceptional,Exceptional,Gooodd,8-May-22
187,1862,Surya,Indonesia,Family with young children,Superior Room Twin,Stayed 1 night in May 2022,9.6,Exceptional,Hotel dgn banyak fasilitas,Mall tinggal lewat basemen Mao ke mesjid masih dalam satu area Mao dinner banyak makanan tersedia di mall,8-May-22
187,1863,Juanita,Indonesia,Family with teens,Superior Room Twin,Stayed 2 nights in May 2022,9.6,Exceptional,Staycation,"Utk pertama kalinya berlibur di Bogor dan menginap di Santika. Letaknya strategis, menyatu dgn mall terbesar di Bogor, dekat dengan kebun raya bogor, dekat dgn outlet, staf ramah, kamar luas, staf ramah. Yang kurang adalah lift. Menurut saya dgn jumlah lantai dan kamar yg banyak seharusnya jumlah lift hotel ditambah menjadi 4 supaya kami penghuni hotel tidak lama menunggu ketika mau naik ke kamar ataupun turun ke restoran atau lobby. Selebihnya sudah bagud. Mohon dipertahankan pelayanannya.",7-May-22
187,1864,Budi,Indonesia,Family with young children,Superior Room Twin,Stayed 1 night in February 2022,10,Exceptional,Nyaman Terkoneksi,lokasinya enak buat yang demen nge mall soalnya langsung terkoneksi dengan mall botani square...kamarnya juga bersih dan nyaman. Staff nya juga ramah. Anak2 saya senang nginap di sini. Kurangnya tak ada kolam renang saja,28-Apr-22
187,1865,Desinta,Indonesia,Family with young children,Superior Room Twin,Stayed 1 night in April 2022,8.8,Excellent,Menginap saat ramadhan,"Kami menginap saat bulan ramadhan : + dekat dengan masjid alumni ipb + banyak tempat makan,mudah mencari untuk berbuka dan makan malam + kolam renang bersih,kolam anak dan dewasa terpisah + staf ramah + fasilitas di kamar berfungsi dengan baik - pada saat makan sahur terjadi antrian di resto, menu nya tidak variatif,mungkin krn sahur. - di lorong hotel ada sampah bekas makanan dari malem sampe sahur masih ada, agak mengganggu pemandangan.",11-Apr-22
187,1866,Yullia,Indonesia,Couple,Superior Room Queen,Stayed 1 night in April 2026,9.6,Exceptional,Sabtu ceria,"Over all bagus, makanan enak, lokasi sangat strategis. Tolong sediakan hair dryer di kamar biar tambah baik kualitas hotelnya",16-Apr-26
187,1867,Latifah,Indonesia,Family with teens,Deluxe Room Queen,Stayed 1 night in February 2026,10,Exceptional,Rekomendasi staycation yang nyaman,"Kamar bersih dan terawat, staff yang ramah, akses ke mall lebih mudah, menu breakfast yang bervariasi dan enak enak, 🫶🏼",17-Feb-26
187,1868,Novita,Indonesia,Solo traveler,Superior Room Queen,Stayed 1 night in May 2025,10,Exceptional,Terbaikk,"Hotel yang sangat nyaman, berada ditengah kota, dibawahnya ada mall, kalau mau jogging tinggal nyebrang ke kebun raya Bogor. Kamarnya sangat luas, bersih, rapih. Pokoknya the bestt😍",29-Sep-25
187,1869,Mohammad,Singapore,Couple,Executive Room,Stayed 7 nights in April 2026,10,Exceptional,Staycation,Nothing to say. Everything is superb. Been staying here for so many times the standard and cleaniness is superb. Location is good and connected to the mall.,20-Apr-26
187,1870,Abdika,Indonesia,Couple,Superior Room Queen,Stayed 1 night in April 2025,8.8,Excellent,Good and comfy stay,"Rating: 4/5 The room was a bit old but overall okay—clean and well-maintained. The bathroom, especially the shower, worked just fine. Food was decent, nothing special but acceptable. What really stood out was the service. All the staff were kind, warm, and very helpful throughout our stay. One unique perk was the exclusive access to Botani Square, which was a nice touch. The only downside was the lobby. It felt quite small and didn't give off an exclusive or premium vibe, which could be improved. Overall, a comfortable stay with great service!",17-Apr-25
188,1871,ZAINUSYUKUR,Indonesia,Family with young children,Superior Room Twin,Stayed 1 night in April 2022,10,Exceptional,Pilihan tepat di Bogor,"Pengalaman pertama menginap di Santika Bogor, dan semuanya sudah berjalan dengan sangat baik..",5-Apr-22
188,1872,hadi,Indonesia,Couple,Superior Room Twin,Stayed 1 night in March 2022,9.2,Exceptional,Lokasi Strategis,"Secara lokasi, dekat kemana-mana, Staffnya oke2 semua, sudah mencitrakan nama besar Santika. Utk kelas bintang 3 ini the best di Bogor. Harus coba makanan di hotel ini, enak banget gak kalah sama kuliner2 Bogor yg gurih2. Sedikit complain ttg AC, mungkin harus di kontrol lebih baik lagi, lama dinginnya",13-Mar-22
188,1873,Imelda,Indonesia,Family with young children,Superior Room Twin,Stayed 1 night in January 2022,10,Exceptional,Exceptional,Sarapannya mungkin dibuat lebih enak lagi rasanya,20-Feb-22
188,1874,Muhammad,Indonesia,Business traveler,Deluxe Room Queen,Stayed 3 nights in January 2022,8.4,Excellent,Shower dan Tisu,Shower hanya tersedia model gantung atau menempel di atap atau dinding bagian atas. Tidak tersedia shower selang sehingga tidak bisa membersihkan bagian selangkangan. Tisu sudah habis di hari terakhir. Semestinya disediakan tisu cukup banyak di berbagai tempat.,17-Jan-22
188,1875,Ano,Indonesia,Family with young children,Superior Room Twin,Stayed 1 night in January 2022,7.6,Very good,Makanan,Variasi untuk makanan pagi nya sedikit,8-Jan-22
188,1876,Yullia,Indonesia,Couple,Superior Room Queen,Stayed 1 night in April 2026,9.6,Exceptional,Sabtu ceria,"Over all bagus, makanan enak, lokasi sangat strategis. Tolong sediakan hair dryer di kamar biar tambah baik kualitas hotelnya",16-Apr-26
188,1877,Latifah,Indonesia,Family with teens,Deluxe Room Queen,Stayed 1 night in February 2026,10,Exceptional,Rekomendasi staycation yang nyaman,"Kamar bersih dan terawat, staff yang ramah, akses ke mall lebih mudah, menu breakfast yang bervariasi dan enak enak, 🫶🏼",17-Feb-26
188,1878,Novita,Indonesia,Solo traveler,Superior Room Queen,Stayed 1 night in May 2025,10,Exceptional,Terbaikk,"Hotel yang sangat nyaman, berada ditengah kota, dibawahnya ada mall, kalau mau jogging tinggal nyebrang ke kebun raya Bogor. Kamarnya sangat luas, bersih, rapih. Pokoknya the bestt😍",29-Sep-25
188,1879,Mohammad,Singapore,Couple,Executive Room,Stayed 7 nights in April 2026,10,Exceptional,Staycation,Nothing to say. Everything is superb. Been staying here for so many times the standard and cleaniness is superb. Location is good and connected to the mall.,20-Apr-26
188,1880,Abdika,Indonesia,Couple,Superior Room Queen,Stayed 1 night in April 2025,8.8,Excellent,Good and comfy stay,"Rating: 4/5 The room was a bit old but overall okay—clean and well-maintained. The bathroom, especially the shower, worked just fine. Food was decent, nothing special but acceptable. What really stood out was the service. All the staff were kind, warm, and very helpful throughout our stay. One unique perk was the exclusive access to Botani Square, which was a nice touch. The only downside was the lobby. It felt quite small and didn't give off an exclusive or premium vibe, which could be improved. Overall, a comfortable stay with great service!",17-Apr-25
189,1881,Carmelya,Indonesia,Family with teens,Superior Room Queen,Stayed 1 night in July 2020,10,Exceptional,Exceptional,Keren,24-Dec-21
189,1882,Arga,Indonesia,Business traveler,Superior Room Queen,Stayed 1 night in December 2021,10,Exceptional,Lokasi strategis,"Lokasi strategis, makanan enak, kamar bersih",19-Dec-21
189,1883,Arga,Indonesia,Business traveler,Superior Room Queen,Stayed 1 night in December 2021,10,Exceptional,Bersih,"Hotelnya bersih, lokasi strategis",18-Dec-21
189,1884,Arga,Indonesia,Business traveler,Deluxe Room Queen,Stayed 1 night in December 2021,10,Exceptional,Lokasi strategis,"Lokasi strategis, bersih, makanan enak",18-Dec-21
189,1885,hendri,Indonesia,Family with young children,,Stayed 1 night in January 2021,9.2,Exceptional,bagus,baik,18-Dec-21
189,1886,Yullia,Indonesia,Couple,Superior Room Queen,Stayed 1 night in April 2026,9.6,Exceptional,Sabtu ceria,"Over all bagus, makanan enak, lokasi sangat strategis. Tolong sediakan hair dryer di kamar biar tambah baik kualitas hotelnya",16-Apr-26
189,1887,Latifah,Indonesia,Family with teens,Deluxe Room Queen,Stayed 1 night in February 2026,10,Exceptional,Rekomendasi staycation yang nyaman,"Kamar bersih dan terawat, staff yang ramah, akses ke mall lebih mudah, menu breakfast yang bervariasi dan enak enak, 🫶🏼",17-Feb-26
189,1888,Novita,Indonesia,Solo traveler,Superior Room Queen,Stayed 1 night in May 2025,10,Exceptional,Terbaikk,"Hotel yang sangat nyaman, berada ditengah kota, dibawahnya ada mall, kalau mau jogging tinggal nyebrang ke kebun raya Bogor. Kamarnya sangat luas, bersih, rapih. Pokoknya the bestt😍",29-Sep-25
189,1889,Mohammad,Singapore,Couple,Executive Room,Stayed 7 nights in April 2026,10,Exceptional,Staycation,Nothing to say. Everything is superb. Been staying here for so many times the standard and cleaniness is superb. Location is good and connected to the mall.,20-Apr-26
189,1890,Abdika,Indonesia,Couple,Superior Room Queen,Stayed 1 night in April 2025,8.8,Excellent,Good and comfy stay,"Rating: 4/5 The room was a bit old but overall okay—clean and well-maintained. The bathroom, especially the shower, worked just fine. Food was decent, nothing special but acceptable. What really stood out was the service. All the staff were kind, warm, and very helpful throughout our stay. One unique perk was the exclusive access to Botani Square, which was a nice touch. The only downside was the lobby. It felt quite small and didn't give off an exclusive or premium vibe, which could be improved. Overall, a comfortable stay with great service!",17-Apr-25
190,1891,Sisca,Indonesia,Family with young children,,Stayed 2 nights in July 2021,7.6,Very good,Kualitas turun???,"Dibandingkan pertama kali kesana, santika bogor ini menurun bgt kualitasnya. Sumpah sih. agak kecewa. dari segi kamar terutama, udah harus revitalisasi biar bisa ttp keren kayak dulu. dari staff ramaah dan helpfull sih, kolam renangnya bersih bgt, foto2 di kolamnya kayak lagi di bali gitu.",10-Dec-21
190,1892,Risca,Indonesia,Family with teens,,Stayed 1 night in October 2021,10,Exceptional,lokasi strategis,"lokasi nyambung mall, bersih, dikasih air minum 4 botol, kolam renangnya ternyata ga terlalu besar, tapi bersih, menu sarapannya ok, cuma liftnya agak kecil, jadi agak nunggu lama. overall Ok sih.",5-Oct-21
190,1893,YEDI,Indonesia,Couple,Superior Room Queen,Stayed 2 nights in September 2021,7.2,Very good,Libur di bogor,Lokasi strategis di jantung kota bogor dan staff yg ramah.,29-Sep-21
190,1894,Krisma,Indonesia,Family with young children,,Stayed 2 nights in May 2021,7.2,Very good,Hotel Dalam Mall,"Enak di hotel ini karena nempel sama mall. Jd kl mau main ke mall, tinggal cusss...",15-Sep-21
190,1895,Tia,Indonesia,Couple,Superior Room Queen,Stayed 1 night in August 2020,6.8,Good,cukup memuaskan,cukup memuaskan dan terima kasih.,9-Jun-21
190,1896,Yullia,Indonesia,Couple,Superior Room Queen,Stayed 1 night in April 2026,9.6,Exceptional,Sabtu ceria,"Over all bagus, makanan enak, lokasi sangat strategis. Tolong sediakan hair dryer di kamar biar tambah baik kualitas hotelnya",16-Apr-26
190,1897,Latifah,Indonesia,Family with teens,Deluxe Room Queen,Stayed 1 night in February 2026,10,Exceptional,Rekomendasi staycation yang nyaman,"Kamar bersih dan terawat, staff yang ramah, akses ke mall lebih mudah, menu breakfast yang bervariasi dan enak enak, 🫶🏼",17-Feb-26
190,1898,Novita,Indonesia,Solo traveler,Superior Room Queen,Stayed 1 night in May 2025,10,Exceptional,Terbaikk,"Hotel yang sangat nyaman, berada ditengah kota, dibawahnya ada mall, kalau mau jogging tinggal nyebrang ke kebun raya Bogor. Kamarnya sangat luas, bersih, rapih. Pokoknya the bestt😍",29-Sep-25
190,1899,Mohammad,Singapore,Couple,Executive Room,Stayed 7 nights in April 2026,10,Exceptional,Staycation,Nothing to say. Everything is superb. Been staying here for so many times the standard and cleaniness is superb. Location is good and connected to the mall.,20-Apr-26
190,1900,Abdika,Indonesia,Couple,Superior Room Queen,Stayed 1 night in April 2025,8.8,Excellent,Good and comfy stay,"Rating: 4/5 The room was a bit old but overall okay—clean and well-maintained. The bathroom, especially the shower, worked just fine. Food was decent, nothing special but acceptable. What really stood out was the service. All the staff were kind, warm, and very helpful throughout our stay. One unique perk was the exclusive access to Botani Square, which was a nice touch. The only downside was the lobby. It felt quite small and didn't give off an exclusive or premium vibe, which could be improved. Overall, a comfortable stay with great service!",17-Apr-25
191,1901,cika,Indonesia,Family with young children,Superior Room Queen,Stayed 1 night in January 2021,6.8,Good,Hotel udah agak lama,"Sepenilaian saya si ini hotel biasa aja menang karna akses yg langsung ke mall botani aja utk fasilitas kurang, kolam renang 'b' aja, breakfast soso la, kamar lumayan. Sepertinya emang udh agak lama hotel ini.",14-Feb-21
191,1902,arief,Indonesia,Family with teens,,Stayed 2 nights in January 2021,10,Exceptional,Staycation Saat Pandemi,"Alhamdulillah pilihan tepat menginap di Santika Bogor saat pandemi. Setiap pintu masuk hotel dijaga ketat dengan prokes. Mulai dari wajib memakai masker, lalu membasuh tangan dengan hand sanitizer, cek suhu, telapak sepatu/sandal disemprot desinfektan. Di resepsionis juga disediakan masker dan sarung tangan plastik. Didalam kamar disediakan sendok plastik dan gelas plastik sekali pakai yang dikemas sedemikian rupa sehingga terlihat higienis. Saat sarapan, kursi makan juga diatur sehingga berjarak antara satu dengan yang lain. Selain hotel yang nyaman, stafnya juga sangat ramah. Bravo Hotel Santika Bogor, sukses terus ya. Semoga pandemi ini segera berakhir, aamiin.",4-Feb-21
191,1903,citra,Indonesia,Business traveler,,Stayed 3 nights in January 2021,9.2,Exceptional,Good Hotel dan Lokasi strategis,Hotelnya letaknya strategis sekali namun sayang makanannya kurang rasa dan kamar mandi umum lantai 3 kurang bersih. sedangkan yang lainnya cukup baik,30-Jan-21
191,1904,Erry,Indonesia,Business traveler,,Stayed 1 night in January 2021,10,Exceptional,Pilihan terbaik,"Mungkin orang orang berpikir bila akan menginap di Suatu tempat atau daerah akan mempertimbangkan untuk mencari tempat yang pas, strategis, mudah kemana mana bagus tetapi murah. Bila orang melihat hotel santika pasti langsung berpikiran kalau hotel ini mahal. Bila dibandingkan dengan hotel hotel lain saya rasa tidak beda jauh. Coba dipikirkan, ada hotel yang lokasinya di dekat dengan mall terbaik dan terlengkap di bogor. Sehingga kita bisa mudah untuk mencari keperluan kita juga sambil bersantai dengan keluarga anda. Hanya di hotel santika inilah kelebihan dari smua hotel yang ada di bogor ini. Dengan harga terjangkau, aksesnya mudah untuk kemana mana apabila ingin berwisata di bogor. Transportasinya pun mudah dan lengkap. Hanya santika lah bagi saya tempat yang benar benar membantu dan memudahkan pekerjaan saya dalam melakukan bisnis dengan teman teman saya yang tinggal di daerah bogor ini.",10-Jan-21
191,1905,Laksmi,Indonesia,Family with teens,Superior Room Queen,Stayed 1 night in December 2020,6.4,Good,Good,"Kamar cenderung suram ,mungkin karena warna furniture terlalu butek ataupun monoton dan juga pecahayaan kurang . Sehingga saat malam hari terasa sangat suram . Untuk sarapan menu terbatas dan kekurangan staf yang melayani",27-Dec-20
191,1906,Yullia,Indonesia,Couple,Superior Room Queen,Stayed 1 night in April 2026,9.6,Exceptional,Sabtu ceria,"Over all bagus, makanan enak, lokasi sangat strategis. Tolong sediakan hair dryer di kamar biar tambah baik kualitas hotelnya",16-Apr-26
191,1907,Latifah,Indonesia,Family with teens,Deluxe Room Queen,Stayed 1 night in February 2026,10,Exceptional,Rekomendasi staycation yang nyaman,"Kamar bersih dan terawat, staff yang ramah, akses ke mall lebih mudah, menu breakfast yang bervariasi dan enak enak, 🫶🏼",17-Feb-26
191,1908,Novita,Indonesia,Solo traveler,Superior Room Queen,Stayed 1 night in May 2025,10,Exceptional,Terbaikk,"Hotel yang sangat nyaman, berada ditengah kota, dibawahnya ada mall, kalau mau jogging tinggal nyebrang ke kebun raya Bogor. Kamarnya sangat luas, bersih, rapih. Pokoknya the bestt😍",29-Sep-25
191,1909,Mohammad,Singapore,Couple,Executive Room,Stayed 7 nights in April 2026,10,Exceptional,Staycation,Nothing to say. Everything is superb. Been staying here for so many times the standard and cleaniness is superb. Location is good and connected to the mall.,20-Apr-26
191,1910,Abdika,Indonesia,Couple,Superior Room Queen,Stayed 1 night in April 2025,8.8,Excellent,Good and comfy stay,"Rating: 4/5 The room was a bit old but overall okay—clean and well-maintained. The bathroom, especially the shower, worked just fine. Food was decent, nothing special but acceptable. What really stood out was the service. All the staff were kind, warm, and very helpful throughout our stay. One unique perk was the exclusive access to Botani Square, which was a nice touch. The only downside was the lobby. It felt quite small and didn't give off an exclusive or premium vibe, which could be improved. Overall, a comfortable stay with great service!",17-Apr-25
192,1911,Amanda,Indonesia,Family with young children,Superior Room Twin,Stayed 1 night in December 2020,9.6,Exceptional,Liburan,"Pelayanannya dari staf ramah, cepat dalm check in jd kita tdk lama menunggu diloby, sayangnya wifi nya pas pagi mati smpe siang, kolam renangnya cetek jd enk utk bawa anak2 tdk perlu khawatir bisa main air sendiri, breakfast makannya enk2, sayang menu variasi nya tdk bnyk, kamrnya cukup luas, ada connecting door nya.",21-Dec-20
192,1912,Noerhayati,Indonesia,Solo traveler,,Stayed 1 night in October 2020,6.4,Good,Good,kebersihan harus di tingkatkan,16-Dec-20
192,1913,deny,Indonesia,Couple,Superior Room Twin,Stayed 1 night in October 2020,8.8,Excellent,Excellent,"Pelayanan staf hotel cukup baik dan ramah. Hanya ada 2 poin yg perlu ditambahkan, kualitas layanan wifi yg kurang optimal dan pelayanan free parking saat check out mesti jeli, krn case wkt staycation kemaein, mesti bolak balik buat ambil cap stampel free parking ke hotel. Selebihnya cukup puas.",31-Oct-20
192,1914,Roby,Indonesia,Family with young children,,Stayed 1 night in September 2020,6.8,Good,Kurang staf,Karena kurang staf jadi pelayanan kurang maksimal,21-Sep-20
192,1915,Emir,Indonesia,Couple,Superior Room Queen,Stayed 1 night in January 2020,8,Excellent,Hotel di Jantung Kota,"Hotelnya terletak di berdampingan dengan mall, sayangnya tidak ada akses langsung ke mall melainkan harus keluar dulu. Parkirnya terbatas dan berbagi dengan mall sehingga tidak mudah mencari parkir sendiri harus denganbantuan Valet Service. Lokasinya di tengah kota sehingga dan dekat dengan pusat belanja dan obyek wisata Kebun Raya, Musium Zoologi dan China Town, Staf nya ramah dan helpful namun tempat makan paginya tidak terlalu luas dan makanannya kurang bervariasi",23-Aug-20
192,1916,Yullia,Indonesia,Couple,Superior Room Queen,Stayed 1 night in April 2026,9.6,Exceptional,Sabtu ceria,"Over all bagus, makanan enak, lokasi sangat strategis. Tolong sediakan hair dryer di kamar biar tambah baik kualitas hotelnya",16-Apr-26
192,1917,Latifah,Indonesia,Family with teens,Deluxe Room Queen,Stayed 1 night in February 2026,10,Exceptional,Rekomendasi staycation yang nyaman,"Kamar bersih dan terawat, staff yang ramah, akses ke mall lebih mudah, menu breakfast yang bervariasi dan enak enak, 🫶🏼",17-Feb-26
192,1918,Novita,Indonesia,Solo traveler,Superior Room Queen,Stayed 1 night in May 2025,10,Exceptional,Terbaikk,"Hotel yang sangat nyaman, berada ditengah kota, dibawahnya ada mall, kalau mau jogging tinggal nyebrang ke kebun raya Bogor. Kamarnya sangat luas, bersih, rapih. Pokoknya the bestt😍",29-Sep-25
192,1919,Mohammad,Singapore,Couple,Executive Room,Stayed 7 nights in April 2026,10,Exceptional,Staycation,Nothing to say. Everything is superb. Been staying here for so many times the standard and cleaniness is superb. Location is good and connected to the mall.,20-Apr-26
192,1920,Abdika,Indonesia,Couple,Superior Room Queen,Stayed 1 night in April 2025,8.8,Excellent,Good and comfy stay,"Rating: 4/5 The room was a bit old but overall okay—clean and well-maintained. The bathroom, especially the shower, worked just fine. Food was decent, nothing special but acceptable. What really stood out was the service. All the staff were kind, warm, and very helpful throughout our stay. One unique perk was the exclusive access to Botani Square, which was a nice touch. The only downside was the lobby. It felt quite small and didn't give off an exclusive or premium vibe, which could be improved. Overall, a comfortable stay with great service!",17-Apr-25
193,1921,Ferry,Indonesia,Family with young children,,Stayed 1 night in August 2020,9.6,Exceptional,Semua baik hanya ?,Pada saat kami sampai begitu reservasi ternyata menunggu hingga satu jaman lebih kami menunggu.... Untuk yang lain semuanya baik. Terima kasih,20-Aug-20
193,1922,Lely,Indonesia,Couple,Deluxe Room Queen,Stayed 2 nights in July 2020,9.6,Exceptional,"Saya sangat menyukai hotel ini dalam semua services nya,terutama dalam sisi proteksi atas covid-19.","Best location,facilities and hospitality.",26-Jul-20
193,1923,Sujito,Indonesia,Family with teens,,Stayed 1 night in July 2020,8,Excellent,Bagus tapi perlu improvement lagi,"Menurut saya lokasi sangat strategis, ditengah kota dan deket kebon raya bogor. Saya menginap dg keluarga di Sweet Room karena full katanya shg di upgrade di kelas President Room. Ruangan besar dan cukup nyaman, namun beberapa hal yg bikin tidak nyaman, antara lain utk sekelas ruangan ini : blm terlihat adanya kemewahan fasilitas, layar TV dg gambar yg jelek, bintik2 dan goyang, perlu ganti provider yg lbh baik karena tampilannya sangat buruk dan kelihatan kuno, AC ruangan jg kelihatan dah kuno shg harus panggil petugas krn kurang dingin, fasilitas yg ada sperti welcome drink or free bufee drink jg nggak ada. Ketiga kedatangan kami karena banyak bawa perlengkapan koper tanya CS ada porter or office boy gak di bilang gak ada, tapi ternyata ada security yg bantu gak sinkron dg petugas CS. Saya book lewat agoda dan book dg 3 dewasa spertinya harga sdh include karena lbh mahal dibanding yg 2 person. Tapi nyatanya tetap harus nambah Biaya utk sarapan pagi. Tolong diperbaiki lg layananny",26-Jul-20
193,1924,Gunawan,Indonesia,Family with young children,Superior Room Queen,Stayed 1 night in March 2020,8,Excellent,Good location,"Secara umum hotel cukup bagus, terutama lokasi yang strategis, terhubung ke mall, dekat pintu masuk kebun raya , susasan disekitar yang cukup bagus",15-Mar-20
193,1925,Dinda,Indonesia,Business traveler,Superior Room Twin,Stayed 2 nights in February 2020,10,Exceptional,Lokasi strategis,"Lokasi sangat strategis karena dekat pintu tol sehingga tidak perlu merasakan kemacetan kota bogor. Terletak di samping mall botani square dan ada pintu penghubung langsung ke mall, memudahkan pengunjung untuk mencari makanan. Kamar tipe superior cukup luas dan nyaman, breakfast cukup enak hanya restonya agak kecil.",29-Feb-20
193,1926,Yullia,Indonesia,Couple,Superior Room Queen,Stayed 1 night in April 2026,9.6,Exceptional,Sabtu ceria,"Over all bagus, makanan enak, lokasi sangat strategis. Tolong sediakan hair dryer di kamar biar tambah baik kualitas hotelnya",16-Apr-26
193,1927,Latifah,Indonesia,Family with teens,Deluxe Room Queen,Stayed 1 night in February 2026,10,Exceptional,Rekomendasi staycation yang nyaman,"Kamar bersih dan terawat, staff yang ramah, akses ke mall lebih mudah, menu breakfast yang bervariasi dan enak enak, 🫶🏼",17-Feb-26
193,1928,Novita,Indonesia,Solo traveler,Superior Room Queen,Stayed 1 night in May 2025,10,Exceptional,Terbaikk,"Hotel yang sangat nyaman, berada ditengah kota, dibawahnya ada mall, kalau mau jogging tinggal nyebrang ke kebun raya Bogor. Kamarnya sangat luas, bersih, rapih. Pokoknya the bestt😍",29-Sep-25
193,1929,Mohammad,Singapore,Couple,Executive Room,Stayed 7 nights in April 2026,10,Exceptional,Staycation,Nothing to say. Everything is superb. Been staying here for so many times the standard and cleaniness is superb. Location is good and connected to the mall.,20-Apr-26
193,1930,Abdika,Indonesia,Couple,Superior Room Queen,Stayed 1 night in April 2025,8.8,Excellent,Good and comfy stay,"Rating: 4/5 The room was a bit old but overall okay—clean and well-maintained. The bathroom, especially the shower, worked just fine. Food was decent, nothing special but acceptable. What really stood out was the service. All the staff were kind, warm, and very helpful throughout our stay. One unique perk was the exclusive access to Botani Square, which was a nice touch. The only downside was the lobby. It felt quite small and didn't give off an exclusive or premium vibe, which could be improved. Overall, a comfortable stay with great service!",17-Apr-25
194,1931,citra,Indonesia,Family with young children,Superior Room Twin,Stayed 2 nights in December 2019,6.4,Good,Lumayan Lah Hotelnya,"saya lihat hotel ini selalu penuh, seharusnya kebersihan dan pelayanan harus ditingkatkan.",18-Jan-20
194,1932,ichwan,Indonesia,Family with teens,,Stayed 1 night in December 2019,8,Excellent,Very good,"Secara umum Baik, namun perlu di perhatikan kondisi AC nya kurang dingin.",30-Dec-19
194,1933,Dian,Indonesia,Family with young children,Superior Room Twin,Stayed 1 night in December 2019,9.2,Exceptional,Exceptional,"Overall ok, hanya waktu . check in aja yang agak lama (mgk karna saya booked kamarnya agak banyak). Thank You Santika Hotel Bogor :)",30-Dec-19
194,1934,Dian,Indonesia,Family with young children,Deluxe Room Twin,Stayed 1 night in December 2019,9.6,Exceptional,Exceptional,"Hanya 1 kekurangannya, waktu check in yg ckp lama.",29-Dec-19
194,1935,Astrid,Indonesia,Family with young children,Deluxe Room Queen,Stayed 1 night in December 2019,8.4,Excellent,Staycation semalam di santika,"Kesan pertamanya ribet bgd mau masuk parkir, krn memang sengaja berkendara motor menghindari kemacetan kota bogor. Parkir motor dibelakang, jd harus muter jauh utk masuk lokasi & parkirnya pun di basement nya Mall botani square jadi ga bisa langsung masuk hotel, harus melalui Mall dulu. Kesan kedua, cek in cepat walau kondisi di meja resepsionis penuh org yg cek in. Mungkin krn sy sdh booking lama, jd kamar sudah siap. Namun malah terlihat seperti staf resepsion jadi buru2, ga fokus melayani sy. Tidak ada informasi apa2 yg diberika sehingga sy harus bertanya dl mengenai breakfast, & parkir yg dikenakan tarif. Sampai2 mau pulang baru tau kalau ada akses wifi yg bisa dipakai, biasanya dihotel lain selalu diinfo pd saat cek in disini sama sekali tdk diinfo. Kesan ketiga, kamar deluxe dgn ranjang queen nya so nice, luas & ada sofa bed yg bisa dipakai tidur anak balita kami. Hanya perlu diperhatikan kelengkapan kamar seperti tisue yg mungkin terlewat utk disiapkan Kesan keempat, breakfast juga tidak diinfo mengenai tambahan biaya anak kami yg masih 5th Kesan kelima, ternyata ada kids activity yg diadakan di tiap weekend. Beruntung nya anak kami bisa ikut & menjadi salah satu yg mendapat bingkisan Kesimpulannya adalah hotel yg cukup baik, mungkin lain kali akan kembali dgn menggunakan mobil",27-Dec-19
194,1936,Yullia,Indonesia,Couple,Superior Room Queen,Stayed 1 night in April 2026,9.6,Exceptional,Sabtu ceria,"Over all bagus, makanan enak, lokasi sangat strategis. Tolong sediakan hair dryer di kamar biar tambah baik kualitas hotelnya",16-Apr-26
194,1937,Latifah,Indonesia,Family with teens,Deluxe Room Queen,Stayed 1 night in February 2026,10,Exceptional,Rekomendasi staycation yang nyaman,"Kamar bersih dan terawat, staff yang ramah, akses ke mall lebih mudah, menu breakfast yang bervariasi dan enak enak, 🫶🏼",17-Feb-26
194,1938,Novita,Indonesia,Solo traveler,Superior Room Queen,Stayed 1 night in May 2025,10,Exceptional,Terbaikk,"Hotel yang sangat nyaman, berada ditengah kota, dibawahnya ada mall, kalau mau jogging tinggal nyebrang ke kebun raya Bogor. Kamarnya sangat luas, bersih, rapih. Pokoknya the bestt😍",29-Sep-25
194,1939,Mohammad,Singapore,Couple,Executive Room,Stayed 7 nights in April 2026,10,Exceptional,Staycation,Nothing to say. Everything is superb. Been staying here for so many times the standard and cleaniness is superb. Location is good and connected to the mall.,20-Apr-26
194,1940,Abdika,Indonesia,Couple,Superior Room Queen,Stayed 1 night in April 2025,8.8,Excellent,Good and comfy stay,"Rating: 4/5 The room was a bit old but overall okay—clean and well-maintained. The bathroom, especially the shower, worked just fine. Food was decent, nothing special but acceptable. What really stood out was the service. All the staff were kind, warm, and very helpful throughout our stay. One unique perk was the exclusive access to Botani Square, which was a nice touch. The only downside was the lobby. It felt quite small and didn't give off an exclusive or premium vibe, which could be improved. Overall, a comfortable stay with great service!",17-Apr-25
195,1941,Adhitya,Indonesia,Family with young children,Deluxe Room Queen,Stayed 1 night in November 2019,10,Exceptional,Luar Biasa,"Hotel ini sungguh luar biasa. Kamarnya bersih, fasilitas lengkap, menu sarapan juga komplit.",25-Nov-19
195,1942,citra,Indonesia,Family with young children,Executive Queen,Stayed 2 nights in September 2019,9.6,Exceptional,Good Hotel,"Hotelnya sangat bagus, bersih dan strategic",20-Nov-19
195,1943,bugi,Indonesia,Family with teens,Executive Queen,Stayed 2 nights in November 2019,10,Exceptional,Santika hotel bogor Sangat rekomended,"Tempat yg nyaman dengan pelayanan yg prima dan memuaskan,dengan akses mudah dan mall Dkt dengan hotel.sangat rekomended",13-Nov-19
195,1944,Shandy,Indonesia,Couple,DOUBLE SUPERIOR - BED AND BREAKFAST,Stayed 1 night in November 2019,8.4,Excellent,"Ramah, kamar yang bersih, dan fasilitas yang oke","Kebaikan: Check in cepat, breakfast cukup enak, kamar bersih, pelayanan ramah dan profesional. Kekurangan: Hal yang lucu ketika kartu TRUST (kartu member belanja di Farmers dan Ranch Market) tiba2 hilang dari dalam kamar ketika minta pembersihan kamar. Mungkin dikiranya kartu itu semacam kartu ATM atau kartu kredit. Setelah sy melaporkan hal ini ke bagian pembersihan, kartu ini dikembalikan esok siang nya kepada saya. (Karena mungkin bukan kartu ATM ya...) Satu hal yang membuat hotel ini bagus adalah lokasi hotel ini terhubung langsung dengan pusat perbelanjaan. Sekian dan terima kasih",12-Nov-19
195,1945,Peny,Indonesia,Family with teens,Superior Room Twin,Stayed 1 night in December 2018,8.8,Excellent,Hotel yang bagus,"Hotelnya bagus, resepsionis ramah, semua bagus. Makanan banyak pilihan akan tetapi jika makanan kosong tidak cepat di isi kembali, sepertinya kekurangan karyawan restaurant",7-Nov-19
195,1946,Yullia,Indonesia,Couple,Superior Room Queen,Stayed 1 night in April 2026,9.6,Exceptional,Sabtu ceria,"Over all bagus, makanan enak, lokasi sangat strategis. Tolong sediakan hair dryer di kamar biar tambah baik kualitas hotelnya",16-Apr-26
195,1947,Latifah,Indonesia,Family with teens,Deluxe Room Queen,Stayed 1 night in February 2026,10,Exceptional,Rekomendasi staycation yang nyaman,"Kamar bersih dan terawat, staff yang ramah, akses ke mall lebih mudah, menu breakfast yang bervariasi dan enak enak, 🫶🏼",17-Feb-26
195,1948,Novita,Indonesia,Solo traveler,Superior Room Queen,Stayed 1 night in May 2025,10,Exceptional,Terbaikk,"Hotel yang sangat nyaman, berada ditengah kota, dibawahnya ada mall, kalau mau jogging tinggal nyebrang ke kebun raya Bogor. Kamarnya sangat luas, bersih, rapih. Pokoknya the bestt😍",29-Sep-25
195,1949,Mohammad,Singapore,Couple,Executive Room,Stayed 7 nights in April 2026,10,Exceptional,Staycation,Nothing to say. Everything is superb. Been staying here for so many times the standard and cleaniness is superb. Location is good and connected to the mall.,20-Apr-26
195,1950,Abdika,Indonesia,Couple,Superior Room Queen,Stayed 1 night in April 2025,8.8,Excellent,Good and comfy stay,"Rating: 4/5 The room was a bit old but overall okay—clean and well-maintained. The bathroom, especially the shower, worked just fine. Food was decent, nothing special but acceptable. What really stood out was the service. All the staff were kind, warm, and very helpful throughout our stay. One unique perk was the exclusive access to Botani Square, which was a nice touch. The only downside was the lobby. It felt quite small and didn't give off an exclusive or premium vibe, which could be improved. Overall, a comfortable stay with great service!",17-Apr-25
196,1951,Sanah,Indonesia,Family with young children,Superior Room Queen,Stayed 1 night in October 2019,8.8,Excellent,Hotel nyaman,Saya keluarga dgn anak Kecil... Merasa nyaman di hotel... kebersihan ok 👍🏻,19-Oct-19
196,1952,Jemmy,Indonesia,Family with teens,Deluxe Room Twin,Stayed 2 nights in September 2019,6.8,Good,"Hotel sangat strategis, berhubungan langsung dengan mall botani square..sayang harga kamar mahal, ..","Kamar kurang bersih, seprei udah ngga putih bersih, suara antar kamar kedengaran, toilet ngga ada bidet. Perlengkapan mandi biasa saja. Penanganan masalah memuaskan.",24-Sep-19
196,1953,sugiato,Indonesia,Business traveler,Superior Room Queen,Stayed 1 night in September 2019,8.4,Excellent,Excellent,AC tetap di perhatikan,16-Sep-19
196,1954,Bangun,Indonesia,Family with young children,Superior Room Twin,Stayed 1 night in June 2019,8,Excellent,satu malam tidak cukup,"pertama sampai di hotel memiliki kesan yang luar biasa,,, lokasi yang baik dekat dengan mal kebersihan cukup baik... untuk fasilitas kolam renang juga mantap. santika sangat terkenal dengan beragaman sarapanya yang pasti enak... untuk staf saya merasa kurang ramah .. bagian fo, tempat sarapan, kolam renang, mungkin karena libur lebaran ramai tamu mereka kelelahan sehingga ya biasa saja, tapi untuk satpamnya sangat baik dan ramah.",2-Sep-19
196,1955,Charles,Indonesia,Family with young children,Deluxe Room Queen,Stayed 1 night in June 2019,9.6,Exceptional,Perfect!!,"Pelayanan bagus, kamar luas dan bersih, utk swimming pool juga sangat bagus.. lokasi bersebelahan dengan botani square jadi akses utk makan dan hiburan sangat dekat. Minus: lokasi parkir memusingkan dan lift utk customer sangat kecil dan terbatas sehingga ketika mau turun/naik ke kamar/lobby membutuhkan waktu yg cukup lama",1-Jul-19
196,1956,Yullia,Indonesia,Couple,Superior Room Queen,Stayed 1 night in April 2026,9.6,Exceptional,Sabtu ceria,"Over all bagus, makanan enak, lokasi sangat strategis. Tolong sediakan hair dryer di kamar biar tambah baik kualitas hotelnya",16-Apr-26
196,1957,Latifah,Indonesia,Family with teens,Deluxe Room Queen,Stayed 1 night in February 2026,10,Exceptional,Rekomendasi staycation yang nyaman,"Kamar bersih dan terawat, staff yang ramah, akses ke mall lebih mudah, menu breakfast yang bervariasi dan enak enak, 🫶🏼",17-Feb-26
196,1958,Novita,Indonesia,Solo traveler,Superior Room Queen,Stayed 1 night in May 2025,10,Exceptional,Terbaikk,"Hotel yang sangat nyaman, berada ditengah kota, dibawahnya ada mall, kalau mau jogging tinggal nyebrang ke kebun raya Bogor. Kamarnya sangat luas, bersih, rapih. Pokoknya the bestt😍",29-Sep-25
196,1959,Mohammad,Singapore,Couple,Executive Room,Stayed 7 nights in April 2026,10,Exceptional,Staycation,Nothing to say. Everything is superb. Been staying here for so many times the standard and cleaniness is superb. Location is good and connected to the mall.,20-Apr-26
196,1960,Abdika,Indonesia,Couple,Superior Room Queen,Stayed 1 night in April 2025,8.8,Excellent,Good and comfy stay,"Rating: 4/5 The room was a bit old but overall okay—clean and well-maintained. The bathroom, especially the shower, worked just fine. Food was decent, nothing special but acceptable. What really stood out was the service. All the staff were kind, warm, and very helpful throughout our stay. One unique perk was the exclusive access to Botani Square, which was a nice touch. The only downside was the lobby. It felt quite small and didn't give off an exclusive or premium vibe, which could be improved. Overall, a comfortable stay with great service!",17-Apr-25
197,1961,Soerti,Indonesia,Business traveler,Superior Room Queen,Stayed 1 night in May 2019,7.6,Very good,lokasi strategis dekat ke tol,sangat merekomendasikan untuk wisatawan bisnis,16-May-19
197,1962,bugi,Indonesia,Family with teens,Deluxe Room Queen,Stayed 1 night in April 2019,10,Exceptional,Rekomended,"Santika hotel bogor lokasi yg strategis dkt dengan mall,pelayanan sangat baik,kebersihan sangat baik,pokoknya sangat rekomended",29-Apr-19
197,1963,Jureke,Indonesia,Business traveler,Superior Room,Stayed 1 night in March 2019,4.4,,Acceptable,Kami ada 2 reservasi satu di lantai 8 dan 9 dan kenapa di lantai 9 ada beberapa kamar terbuka dan di dalam ada laki laki duduk nonton television di dalam gelap .. Kamar juga tidak bersih dan banyak suara ribut pada malam hari,17-Mar-19
197,1964,Hery,Indonesia,Family with young children,Superior Room Twin,Stayed 1 night in February 2019,6.8,Good,Kecewa dengan suara kamar atas/sebelah yg berisik sepanjang malam sampai pagi,"Dari kami masuk kamar 802. pada jam 14.00 sudah terdengar suara berisik, tapi karena masih beraktivitas tidak terlalu mengganggu. Puncakanya ketika jam 10 malam di waktu kita harus tidur, suara berisiknya semakin keras dan banyak, suara kursi/meja ditarik-tarik dan itu berlangsung sampai subuh. Alhasil kami semalaman tidak bisa tidur dan istirahat dengan tenang. 2 kali telepon ke resepsionis, jawabannya akan dicek dan mengirim security ke atas, dan menurut security mereka sudah menegur kamar di lantai atas, tapi suara berisik itu tidak hilang.",25-Feb-19
197,1965,Daniel,Indonesia,Couple,Suite Room,Stayed 1 night in January 2019,8,Excellent,Good,Hotel santika memiliki banyak hal yang bagus dan sangat memanjakan konsumen. Konsumen akan berasa seperti raja di sini. Seluruh permintaan saya saat beberapa hari sebelum check in pun dipenuhi dengan baik. Sangat membuat liburan berkesan.,8-Jan-19
197,1966,Yullia,Indonesia,Couple,Superior Room Queen,Stayed 1 night in April 2026,9.6,Exceptional,Sabtu ceria,"Over all bagus, makanan enak, lokasi sangat strategis. Tolong sediakan hair dryer di kamar biar tambah baik kualitas hotelnya",16-Apr-26
197,1967,Latifah,Indonesia,Family with teens,Deluxe Room Queen,Stayed 1 night in February 2026,10,Exceptional,Rekomendasi staycation yang nyaman,"Kamar bersih dan terawat, staff yang ramah, akses ke mall lebih mudah, menu breakfast yang bervariasi dan enak enak, 🫶🏼",17-Feb-26
197,1968,Novita,Indonesia,Solo traveler,Superior Room Queen,Stayed 1 night in May 2025,10,Exceptional,Terbaikk,"Hotel yang sangat nyaman, berada ditengah kota, dibawahnya ada mall, kalau mau jogging tinggal nyebrang ke kebun raya Bogor. Kamarnya sangat luas, bersih, rapih. Pokoknya the bestt😍",29-Sep-25
197,1969,Mohammad,Singapore,Couple,Executive Room,Stayed 7 nights in April 2026,10,Exceptional,Staycation,Nothing to say. Everything is superb. Been staying here for so many times the standard and cleaniness is superb. Location is good and connected to the mall.,20-Apr-26
197,1970,Abdika,Indonesia,Couple,Superior Room Queen,Stayed 1 night in April 2025,8.8,Excellent,Good and comfy stay,"Rating: 4/5 The room was a bit old but overall okay—clean and well-maintained. The bathroom, especially the shower, worked just fine. Food was decent, nothing special but acceptable. What really stood out was the service. All the staff were kind, warm, and very helpful throughout our stay. One unique perk was the exclusive access to Botani Square, which was a nice touch. The only downside was the lobby. It felt quite small and didn't give off an exclusive or premium vibe, which could be improved. Overall, a comfortable stay with great service!",17-Apr-25
198,1971,ricky,Indonesia,Family with young children,Superior Room Queen,Stayed 1 night in December 2018,7.6,Very good,hotel yang terletak di dekat pusat perbelanjaan,"hotel dekat botani square Mall di bogor. tinggal jalan kaki ada akses langsung ke mall. untuk desain Kamar standard, fasilitas standard, tp bersih Dan staff Sangat ramah Dan membantu . malahan yang di front office saat check in yg agak kurang ramah. untuk breakfast enak dengan variasi makanan yang banyak. kolam renang tidak terlalu besar . tapi cukup menyenangkan anak2. terletak di tengah Kota Dan strategis tempat nya.",24-Dec-18
198,1972,Fahmi,Indonesia,Family with young children,Superior Room Twin,Stayed 1 night in September 2018,8,Excellent,kesan dan kesan di hotel santika,saya terkunci dikamar mandi dikamar 909 sekitar 20 menit...pas saya mau chek out..pas saya pulang di sekitar tajur saya di telp lagi oleh pihak hotel karena kamar saya ada kerusakan di pintu kamar mandi...memang salah saya tidak komplain pada saat saya chek out pikir saya buat apa memperpanjang masalah.padahal yang membongkar paksa pihak dari teknisi hotel.terus setelah saya ditelp pihak hotel tidak mengkonfirmasi lagi kepada saya bahwa saya tidak salah.akhir nya saya telp lagi ke pihak hotel baru lah pihak hotel (resepsonis nya mengatakan bahwa ada mis komunikasi karena pihak tekhnisi tidak melaporkan ke resepsionis)...seharusnya pihak hotel menelp saya lagi dong...udah saya dirugikan karena saya terkunci dikamar mandi dan saya di telp dikira saya merusak kamar mandi.,25-Sep-18
198,1973,Tri,Indonesia,Family with teens,Superior Room Twin,Stayed 1 night in September 2018,10,Exceptional,Transaksi 3 kmr H-10 utk weekend dpt harga murah,"Saat check in dpt kejutan salah satu kmr upgrade dari superior jd deluxe. Kami ber-11 org cukup dan leluasa. Akan coba booking kamar via Agoda lg, semoga dpt kejutan indah lagi ;)",10-Sep-18
198,1974,Risa,Indonesia,Couple,Superior Room Queen,Stayed 1 night in October 2017,8.4,Excellent,Nice Location,"Good locations, easy for going everywhere. close to bus stop, bus to airport, mall and cafe.",5-Sep-18
198,1975,aripin,Indonesia,Family with young children,TWIN SUPERIOR - BED AND BREAKFAST,Stayed 1 night in July 2018,6,,"harga agak tinggi,lokasi,kamar bagus,sarapan biasa,parkiran sulit.","lokasinya sangat baik diatas mall,banyak kuliner populer di mall,kamarnya cukup nyaman, cm tidak ada viewnya(lantai3) padahal udah request lantai ATAS,sarapan sangat standart, makanan kecil,gelas,sendok dan mangkok sering habis,parkirannya terbatas, kalo sudah jam mallnya buka, susah parkiran, over all ,dengan harga 850rb,cenderung biasa biasa saja,tidak ada yg istimewa.",9-Jul-18
198,1976,Yullia,Indonesia,Couple,Superior Room Queen,Stayed 1 night in April 2026,9.6,Exceptional,Sabtu ceria,"Over all bagus, makanan enak, lokasi sangat strategis. Tolong sediakan hair dryer di kamar biar tambah baik kualitas hotelnya",16-Apr-26
198,1977,Latifah,Indonesia,Family with teens,Deluxe Room Queen,Stayed 1 night in February 2026,10,Exceptional,Rekomendasi staycation yang nyaman,"Kamar bersih dan terawat, staff yang ramah, akses ke mall lebih mudah, menu breakfast yang bervariasi dan enak enak, 🫶🏼",17-Feb-26
198,1978,Novita,Indonesia,Solo traveler,Superior Room Queen,Stayed 1 night in May 2025,10,Exceptional,Terbaikk,"Hotel yang sangat nyaman, berada ditengah kota, dibawahnya ada mall, kalau mau jogging tinggal nyebrang ke kebun raya Bogor. Kamarnya sangat luas, bersih, rapih. Pokoknya the bestt😍",29-Sep-25
198,1979,Mohammad,Singapore,Couple,Executive Room,Stayed 7 nights in April 2026,10,Exceptional,Staycation,Nothing to say. Everything is superb. Been staying here for so many times the standard and cleaniness is superb. Location is good and connected to the mall.,20-Apr-26
198,1980,Abdika,Indonesia,Couple,Superior Room Queen,Stayed 1 night in April 2025,8.8,Excellent,Good and comfy stay,"Rating: 4/5 The room was a bit old but overall okay—clean and well-maintained. The bathroom, especially the shower, worked just fine. Food was decent, nothing special but acceptable. What really stood out was the service. All the staff were kind, warm, and very helpful throughout our stay. One unique perk was the exclusive access to Botani Square, which was a nice touch. The only downside was the lobby. It felt quite small and didn't give off an exclusive or premium vibe, which could be improved. Overall, a comfortable stay with great service!",17-Apr-25
199,1981,Adhika,Indonesia,Business traveler,Superior Room Twin,Stayed 1 night in November 2017,8,Excellent,rekomended,nyaman dan bersih,6-Jul-18
199,1982,AIDA,Indonesia,Family with teens,Superior Room Twin,Stayed 1 night in June 2018,8,Excellent,lumayan bagus,"untuk lokasi bagus, meski terawat tapi hotel sudah tua",28-Jun-18
199,1983,nurwulandari,Indonesia,Family with young children,Superior Room Queen,Stayed 1 night in September 2017,8,Excellent,kembali..kembali dan kembali lagi,selalu menjadi tempat menginap apabila ke bogor.. knp? krn 1 lokasi dengan mall dan dekat dengan pintu tol :D,7-Mar-18
199,1984,tuty,Indonesia,Family with young children,Superior Room Twin,Stayed 1 night in December 2017,7.2,Very good,"pelayanan check in sangat lambat, check in yg seharusnya pukul 14.00 WIB kenyataannya menjadi pukul","16.30 WIB, walaupun sdg high season ( New Year ) kelambatan 2 jam 30 menit unacceptable. lain2 nya okay,",4-Jan-18
199,1985,RULI,Indonesia,Business traveler,Superior Room Twin,Stayed 1 night in February 2017,8,Excellent,Very good,bagus,28-Dec-17
199,1986,Yullia,Indonesia,Couple,Superior Room Queen,Stayed 1 night in April 2026,9.6,Exceptional,Sabtu ceria,"Over all bagus, makanan enak, lokasi sangat strategis. Tolong sediakan hair dryer di kamar biar tambah baik kualitas hotelnya",16-Apr-26
199,1987,Latifah,Indonesia,Family with teens,Deluxe Room Queen,Stayed 1 night in February 2026,10,Exceptional,Rekomendasi staycation yang nyaman,"Kamar bersih dan terawat, staff yang ramah, akses ke mall lebih mudah, menu breakfast yang bervariasi dan enak enak, 🫶🏼",17-Feb-26
199,1988,Novita,Indonesia,Solo traveler,Superior Room Queen,Stayed 1 night in May 2025,10,Exceptional,Terbaikk,"Hotel yang sangat nyaman, berada ditengah kota, dibawahnya ada mall, kalau mau jogging tinggal nyebrang ke kebun raya Bogor. Kamarnya sangat luas, bersih, rapih. Pokoknya the bestt😍",29-Sep-25
199,1989,Mohammad,Singapore,Couple,Executive Room,Stayed 7 nights in April 2026,10,Exceptional,Staycation,Nothing to say. Everything is superb. Been staying here for so many times the standard and cleaniness is superb. Location is good and connected to the mall.,20-Apr-26
199,1990,Abdika,Indonesia,Couple,Superior Room Queen,Stayed 1 night in April 2025,8.8,Excellent,Good and comfy stay,"Rating: 4/5 The room was a bit old but overall okay—clean and well-maintained. The bathroom, especially the shower, worked just fine. Food was decent, nothing special but acceptable. What really stood out was the service. All the staff were kind, warm, and very helpful throughout our stay. One unique perk was the exclusive access to Botani Square, which was a nice touch. The only downside was the lobby. It felt quite small and didn't give off an exclusive or premium vibe, which could be improved. Overall, a comfortable stay with great service!",17-Apr-25
200,1991,Rama,Indonesia,Family with young children,Superior Room Queen,Stayed 1 night in December 2017,9.6,Exceptional,Banyak kejutan,"Saya pesan saat high season dengan harga terjangkau plus menggunakan Agoda Gift Card, jadi makin murah. Kemudian mendapat upgrade ke Deluxe padahal booking nya Superior. Complimentary sangat lengkap yaitu air mineral, buah, jus dalam kemasan dan minimum ion. Lokasi tersambung ke Botani Mall, jadi sangat gampang mencari makanan dan keperluan lainnya",27-Dec-17
200,1992,Nugroho,Indonesia,Solo traveler,Superior Room Twin,Stayed 1 night in December 2017,6.8,Good,"yang bagus cuma lokasi, sisanya ya standar aja","milih hotel ini ya karena lokasinya saja, dekat dengan acara event saya, dengan harga yang menurut saya nggak sesuai sama yang saya dapatkan. saya dapat/stay dikamar superiornya yang sebenarnya bisa saya dapatkan adalah kamar deluxe di hotel seberang hotel ini. untuk linen saya rasa harus diganti, ohya saya menginap dikamar 817 lantai agak berdebu, telihat dari kaos kaki putih saya yang cepat sekali kotor. overall saya mikir dua kali untuk harga & quality yang didapat. ohya di reception staffnya ada kebijakan kunci kamar cuma dikasih 1 per-room karena keterbatasan kartu. hotel sebesar ini masak kunci saja terbatas.",14-Dec-17
200,1993,frieda,Indonesia,Family with young children,Superior Room Twin,Stayed 1 night in December 2017,4.8,,kamar yang bau rokok,"tetangga kamar kami merokok, mereka buka pintu lebar2 dan bau rokoknya luar biasa. yang mengherankan detektor asap seperti tidak berfungsi. kamar yg kami pesan non smoking room, dan tetangga kami merokok dengan pintu dibuka lebar sampai larut malam. kamar mandinya sangat kuno, buat kami yg punya anak bayi sangat tidak nyaman wkt memandikan anak krn hand shower tidak ada, kami pake gelas u tuk membasuh sabun di badan anak",12-Dec-17
200,1994,Liliana,Indonesia,Family with young children,Superior Room Twin,Stayed 1 night in December 2017,10,Exceptional,"Good hotel, good location, only late response on check in","Hotel yg bagus, hanya sebelah mal botani ,makanan byk pilihan krn dekat kemana2...bogor pasti macet parah (spt biasa),...hanya saja..saat check kami dtg sudah jam 4pm, dan msh harus menunggu krn kamar blm ready (??)...padahal sy saat otw sudah 2x telp dan diinfokan kamar ready..tyt kami msh hrs menunggu padahal kami kena macet dari puncak berharap bs lgs istirahat....tidak disarankan check in saat long weekend..mungkin kami bad timing saat dtg..",4-Dec-17
200,1995,adi,Indonesia,Family with young children,Superior Room Twin,Stayed 1 night in October 2017,8.8,Excellent,boleh,boleh,20-Oct-17
200,1996,Yullia,Indonesia,Couple,Superior Room Queen,Stayed 1 night in April 2026,9.6,Exceptional,Sabtu ceria,"Over all bagus, makanan enak, lokasi sangat strategis. Tolong sediakan hair dryer di kamar biar tambah baik kualitas hotelnya",16-Apr-26
200,1997,Latifah,Indonesia,Family with teens,Deluxe Room Queen,Stayed 1 night in February 2026,10,Exceptional,Rekomendasi staycation yang nyaman,"Kamar bersih dan terawat, staff yang ramah, akses ke mall lebih mudah, menu breakfast yang bervariasi dan enak enak, 🫶🏼",17-Feb-26
200,1998,Novita,Indonesia,Solo traveler,Superior Room Queen,Stayed 1 night in May 2025,10,Exceptional,Terbaikk,"Hotel yang sangat nyaman, berada ditengah kota, dibawahnya ada mall, kalau mau jogging tinggal nyebrang ke kebun raya Bogor. Kamarnya sangat luas, bersih, rapih. Pokoknya the bestt😍",29-Sep-25
200,1999,Mohammad,Singapore,Couple,Executive Room,Stayed 7 nights in April 2026,10,Exceptional,Staycation,Nothing to say. Everything is superb. Been staying here for so many times the standard and cleaniness is superb. Location is good and connected to the mall.,20-Apr-26
200,2000,Abdika,Indonesia,Couple,Superior Room Queen,Stayed 1 night in April 2025,8.8,Excellent,Good and comfy stay,"Rating: 4/5 The room was a bit old but overall okay—clean and well-maintained. The bathroom, especially the shower, worked just fine. Food was decent, nothing special but acceptable. What really stood out was the service. All the staff were kind, warm, and very helpful throughout our stay. One unique perk was the exclusive access to Botani Square, which was a nice touch. The only downside was the lobby. It felt quite small and didn't give off an exclusive or premium vibe, which could be improved. Overall, a comfortable stay with great service!",17-Apr-25
201,2001,Indri,Indonesia,Family with young children,Superior Room Twin,Stayed 1 night in October 2017,8,Excellent,Lokasi yang strategis serta sarapan yang enak,Kolam renang kurang besar,3-Oct-17
201,2002,Iman,Indonesia,Couple,Superior Room Twin,Stayed 1 night in July 2017,10,Exceptional,Hotel yang gak bikin ribet,Lokasinya di Mall. Mudah mau cari apa ajah. Cocok banget untuk yang emang mau wisata kuliner di Bogor. Cuma untuk masuk parkiran agak panjang antrean karena harus menunggu antrean mobil yang menuju parkiran Mall.,31-Jul-17
201,2003,Sito,Indonesia,Family with young children,Superior Room Twin,Stayed 1 night in July 2017,7.2,Very good,Very good,Variasi untuk breakfast banyak.,28-Jul-17
201,2004,Sucidha,Indonesia,Family with young children,Executive Queen,Stayed 2 nights in July 2017,10,Exceptional,Lokasi strategis ditengah kota,"Hotel dengan lokasi di pusat kota, dengan mall yang terhubung ke hotel, memudahkan untuk mencari segala kebutuhan dan hiburan. staff yang ramah dan makanan enak",12-Jul-17
201,2005,yenny,Indonesia,Family with young children,Superior Room Queen,Stayed 1 night in May 2017,6,,Above average,saya menginap di lantai 3. malem2 ribut sekali.kalo orang tutup atau masuk pintu kedengeran.di sebelah kamar orang mandi nonton tv semua kedengeran.ac nya ribut banget suaranya.ruangannya bau rokok,4-Jul-17
201,2006,Yullia,Indonesia,Couple,Superior Room Queen,Stayed 1 night in April 2026,9.6,Exceptional,Sabtu ceria,"Over all bagus, makanan enak, lokasi sangat strategis. Tolong sediakan hair dryer di kamar biar tambah baik kualitas hotelnya",16-Apr-26
201,2007,Latifah,Indonesia,Family with teens,Deluxe Room Queen,Stayed 1 night in February 2026,10,Exceptional,Rekomendasi staycation yang nyaman,"Kamar bersih dan terawat, staff yang ramah, akses ke mall lebih mudah, menu breakfast yang bervariasi dan enak enak, 🫶🏼",17-Feb-26
201,2008,Novita,Indonesia,Solo traveler,Superior Room Queen,Stayed 1 night in May 2025,10,Exceptional,Terbaikk,"Hotel yang sangat nyaman, berada ditengah kota, dibawahnya ada mall, kalau mau jogging tinggal nyebrang ke kebun raya Bogor. Kamarnya sangat luas, bersih, rapih. Pokoknya the bestt😍",29-Sep-25
201,2009,Mohammad,Singapore,Couple,Executive Room,Stayed 7 nights in April 2026,10,Exceptional,Staycation,Nothing to say. Everything is superb. Been staying here for so many times the standard and cleaniness is superb. Location is good and connected to the mall.,20-Apr-26
201,2010,Abdika,Indonesia,Couple,Superior Room Queen,Stayed 1 night in April 2025,8.8,Excellent,Good and comfy stay,"Rating: 4/5 The room was a bit old but overall okay—clean and well-maintained. The bathroom, especially the shower, worked just fine. Food was decent, nothing special but acceptable. What really stood out was the service. All the staff were kind, warm, and very helpful throughout our stay. One unique perk was the exclusive access to Botani Square, which was a nice touch. The only downside was the lobby. It felt quite small and didn't give off an exclusive or premium vibe, which could be improved. Overall, a comfortable stay with great service!",17-Apr-25
202,2011,firkah,Indonesia,Family with teens,Superior Room Twin,Stayed 1 night in June 2017,7.2,Very good,Kartu kunci kamar terbatas,"Ini kali kedua saya menginap di hotel Santika Bogor. Lokasinya yg strategis krn satu gedung dgn mal botani sangat membantu jika kita ingin membeli makanan atau yg lainnya. Namun hotel Santika ternyata memiliki stok kartu kamar yg terbatas ketika kondisi penginapan penuh. Akibatnya saya hanya mendapat satu kartu kunci kamar. Masalahnya muncul ketika anak saya ingin turun ke mal untuk belanja atau makan, saya terpaksa harus ikut. Krn dia tidak punya kunci sementara untuk mengoperasikan lift saja harus gunakan kunci kamar untuk menekan nomor lantai yg kita tuju Selain itu mushola hotel juga bau ruangannya kurang sedap..",29-Jun-17
202,2012,hafizo,Indonesia,Business traveler,Superior Room Queen,Stayed 1 night in February 2017,6,,dekat kemana mana,lokasinya sangat menunjang perjalanan bisnis saya.,12-Jun-17
202,2013,Dian,Indonesia,Family with young children,Superior Room Queen,Stayed 1 night in May 2017,10,Exceptional,recommended,"puas dg fasilitas dan pelayanannya... stafnya ramah2..... ruangan kamar dan kamar mandi bersih, cm pertama kali masuk kamar agak bau rokok.. sarapan banyak menu pilihan dan enak2..... lokasinya jg strategis bgt... emang kita niat mau blanja.... jd ke mall botani walopun hujan ga ngaruh deh...😊",22-May-17
202,2014,anita,Indonesia,Family with young children,Superior Room Twin,Stayed 1 night in May 2017,8.8,Excellent,Lokasi strategis dan hotel cukup nyaman.. staf juga ramah khususnyaa waktu saya pindah kamar krn,Pada saat saya pindah kamar tak sengaja dompet saya tertinggal tp tak lama kemudian staf mengembalikan dompet tersebut..,13-May-17
202,2015,Desty,Indonesia,Family with young children,Superior Room Twin,Stayed 1 night in April 2017,8,Excellent,"Hotel cukup menyenangkan,staff ramah,makanan memuaskan,hanya hotel tdk ada lahan hijau","Staff ramah,makanan memuaskan hanya hotel tdk py lahan hijau",24-Apr-17
202,2016,Yullia,Indonesia,Couple,Superior Room Queen,Stayed 1 night in April 2026,9.6,Exceptional,Sabtu ceria,"Over all bagus, makanan enak, lokasi sangat strategis. Tolong sediakan hair dryer di kamar biar tambah baik kualitas hotelnya",16-Apr-26
202,2017,Latifah,Indonesia,Family with teens,Deluxe Room Queen,Stayed 1 night in February 2026,10,Exceptional,Rekomendasi staycation yang nyaman,"Kamar bersih dan terawat, staff yang ramah, akses ke mall lebih mudah, menu breakfast yang bervariasi dan enak enak, 🫶🏼",17-Feb-26
202,2018,Novita,Indonesia,Solo traveler,Superior Room Queen,Stayed 1 night in May 2025,10,Exceptional,Terbaikk,"Hotel yang sangat nyaman, berada ditengah kota, dibawahnya ada mall, kalau mau jogging tinggal nyebrang ke kebun raya Bogor. Kamarnya sangat luas, bersih, rapih. Pokoknya the bestt😍",29-Sep-25
202,2019,Mohammad,Singapore,Couple,Executive Room,Stayed 7 nights in April 2026,10,Exceptional,Staycation,Nothing to say. Everything is superb. Been staying here for so many times the standard and cleaniness is superb. Location is good and connected to the mall.,20-Apr-26
202,2020,Abdika,Indonesia,Couple,Superior Room Queen,Stayed 1 night in April 2025,8.8,Excellent,Good and comfy stay,"Rating: 4/5 The room was a bit old but overall okay—clean and well-maintained. The bathroom, especially the shower, worked just fine. Food was decent, nothing special but acceptable. What really stood out was the service. All the staff were kind, warm, and very helpful throughout our stay. One unique perk was the exclusive access to Botani Square, which was a nice touch. The only downside was the lobby. It felt quite small and didn't give off an exclusive or premium vibe, which could be improved. Overall, a comfortable stay with great service!",17-Apr-25
203,2021,Ulzana,Indonesia,Family with young children,,Stayed 1 night in April 2016,8,Excellent,Tempat yang Strategis,Lokasi yang dekat dengan Shopping Mall dan transportasi kendaraan ke Bandara Halim atau Cengkareng,30-Mar-17
203,2022,widhianto,Indonesia,Family with young children,Superior Room Queen,Stayed 1 night in March 2017,8,Excellent,Parkir mobil sulit apabila Mall dalam keadaan penuh dan kebetulan AC kamar kurang dingin,Perlu disediakan Valet Parking dan dilakukan service AC yg rutin,13-Mar-17
203,2023,santianingrum,Indonesia,Group,,Stayed 2 nights in April 2016,8,Excellent,strategis,strategis dekat dengan tempat wisata,8-Feb-17
203,2024,Suwandi,Indonesia,Family with young children,Superior Room Twin,Stayed 1 night in December 2016,8.4,Excellent,Hotel Santika Bogor sangat baik,"Hotel ini berdempetan dengan Botani Square, tempatnya sangat strategis sekali, ruangannya bersih, stafnya juga friendly sekali, makanannya cukup bervariatif.. Memang harganya cukup mahal, tetapi harganya sebanding dengan mutu yang diberikan. Hotel Santika Bogor Recommended dehh..",27-Dec-16
203,2025,YANDI,Indonesia,Family with teens,Superior Room Queen,Stayed 1 night in July 2016,8,Excellent,Bersih dan lokasi strategis,Sangat menyenangkan dan akan kembali lg menyenangkan dan berkesan,13-Jul-16
203,2026,Yullia,Indonesia,Couple,Superior Room Queen,Stayed 1 night in April 2026,9.6,Exceptional,Sabtu ceria,"Over all bagus, makanan enak, lokasi sangat strategis. Tolong sediakan hair dryer di kamar biar tambah baik kualitas hotelnya",16-Apr-26
203,2027,Latifah,Indonesia,Family with teens,Deluxe Room Queen,Stayed 1 night in February 2026,10,Exceptional,Rekomendasi staycation yang nyaman,"Kamar bersih dan terawat, staff yang ramah, akses ke mall lebih mudah, menu breakfast yang bervariasi dan enak enak, 🫶🏼",17-Feb-26
203,2028,Novita,Indonesia,Solo traveler,Superior Room Queen,Stayed 1 night in May 2025,10,Exceptional,Terbaikk,"Hotel yang sangat nyaman, berada ditengah kota, dibawahnya ada mall, kalau mau jogging tinggal nyebrang ke kebun raya Bogor. Kamarnya sangat luas, bersih, rapih. Pokoknya the bestt😍",29-Sep-25
203,2029,Mohammad,Singapore,Couple,Executive Room,Stayed 7 nights in April 2026,10,Exceptional,Staycation,Nothing to say. Everything is superb. Been staying here for so many times the standard and cleaniness is superb. Location is good and connected to the mall.,20-Apr-26
203,2030,Abdika,Indonesia,Couple,Superior Room Queen,Stayed 1 night in April 2025,8.8,Excellent,Good and comfy stay,"Rating: 4/5 The room was a bit old but overall okay—clean and well-maintained. The bathroom, especially the shower, worked just fine. Food was decent, nothing special but acceptable. What really stood out was the service. All the staff were kind, warm, and very helpful throughout our stay. One unique perk was the exclusive access to Botani Square, which was a nice touch. The only downside was the lobby. It felt quite small and didn't give off an exclusive or premium vibe, which could be improved. Overall, a comfortable stay with great service!",17-Apr-25
204,2031,hijriach,Indonesia,Family with young children,,Stayed 1 night in March 2016,8.8,Excellent,Santika review,Seprai dan sarung bantal ada banyak bekas noda darah. Di cuci nya mgkn ga bersih,1-Apr-16
204,2032,Irfan,Indonesia,Couple,,Stayed 1 night in February 2016,5.7,,Harga kamar hotel yang tidak sebanding,Acara kami ada di botani square... cukup dekat lokasinya dan menyenangkan...,3-Mar-16
204,2033,Neni,Indonesia,Couple,,Stayed 1 night in February 2016,6.4,Good,Lokasi Bagus,Lokasi hotel yang di tengah kota Bogor dan berdampingan dengan mal Botani Square sangat mendukung,10-Feb-16
204,2034,JOZEF,Indonesia,Family with young children,,Stayed 2 nights in February 2016,8.7,Excellent,"Semua bagus, hanya sulit untuk parkir kendaraan",Keluarga sangat menikmati layanan yang diberikan,9-Feb-16
204,2035,Fata,Indonesia,Family with young children,,Stayed 1 night in December 2015,3.3,,Hotel Bintang 3 yang sepertinya bukan bintang 3,Acara liburan saya jadi kacau balau karena check in yg sangat telat. Saya baru bisa masuk kamar pada pukul 16.30 dengan alasan yang tidak masuk akal. Alasan peak season dan keterbatasan cleaning service menjadi alasan utama telatnya Check In. Sangat Mengecewakan. Staf front office yg tidak melayani dgn baik. Cukup sekali ini saja saya menginap di hotel ini.,12-Jan-16
204,2036,Yullia,Indonesia,Couple,Superior Room Queen,Stayed 1 night in April 2026,9.6,Exceptional,Sabtu ceria,"Over all bagus, makanan enak, lokasi sangat strategis. Tolong sediakan hair dryer di kamar biar tambah baik kualitas hotelnya",16-Apr-26
204,2037,Latifah,Indonesia,Family with teens,Deluxe Room Queen,Stayed 1 night in February 2026,10,Exceptional,Rekomendasi staycation yang nyaman,"Kamar bersih dan terawat, staff yang ramah, akses ke mall lebih mudah, menu breakfast yang bervariasi dan enak enak, 🫶🏼",17-Feb-26
204,2038,Novita,Indonesia,Solo traveler,Superior Room Queen,Stayed 1 night in May 2025,10,Exceptional,Terbaikk,"Hotel yang sangat nyaman, berada ditengah kota, dibawahnya ada mall, kalau mau jogging tinggal nyebrang ke kebun raya Bogor. Kamarnya sangat luas, bersih, rapih. Pokoknya the bestt😍",29-Sep-25
204,2039,Mohammad,Singapore,Couple,Executive Room,Stayed 7 nights in April 2026,10,Exceptional,Staycation,Nothing to say. Everything is superb. Been staying here for so many times the standard and cleaniness is superb. Location is good and connected to the mall.,20-Apr-26
204,2040,Abdika,Indonesia,Couple,Superior Room Queen,Stayed 1 night in April 2025,8.8,Excellent,Good and comfy stay,"Rating: 4/5 The room was a bit old but overall okay—clean and well-maintained. The bathroom, especially the shower, worked just fine. Food was decent, nothing special but acceptable. What really stood out was the service. All the staff were kind, warm, and very helpful throughout our stay. One unique perk was the exclusive access to Botani Square, which was a nice touch. The only downside was the lobby. It felt quite small and didn't give off an exclusive or premium vibe, which could be improved. Overall, a comfortable stay with great service!",17-Apr-25
205,2041,muhamad,Indonesia,Family with young children,Superior Room Queen,Stayed 2 nights in January 2016,7.3,Very good,Hotel bersih dan nyaman,Hotel nyaman minimalis kamar nya cukup luas. Fasilitas bermain untuk anak2 tidak ada selain kolam renang yang juga minimalis.,4-Jan-16
205,2042,Jonathan,Indonesia,Business traveler,,Stayed 1 night in November 2015,8,Excellent,Hotel Bisnis yang oke banget lokasinya,Hotel ini terletak dalam mall sehingga saya bisa mengadakan bisnis meeting di resto/coffee shop yang ada di dalam mall tanpa harus keluar area hotel lagi.,27-Dec-15
205,2043,Lusiana,Indonesia,Family with young children,,Stayed 1 night in December 2015,5,,Hotel Santika,"lokasi sangat strategis, terletak di tengah kota, bersebelahan dengan mall. kebersihan kamar kurang, lantai ada banyak debu berpasir, kran closet bocor sehingga air menggenang di kamar mandi. kenyamanan kamar cukup baik hanya saja kasur twin terlalu kecil. staff cukup baik dan ramah, makanan cukup baik juga, kolam renang terlalu kecil. secara keseluruhan cukup baik.",7-Dec-15
205,2044,Angga,Indonesia,Family with young children,,Stayed 1 night in December 2015,3.7,,Liburan,"Menyenangkan, dekat dengan pusat perbelanjaan n wisata lainnya. Klo boleh saran lantai dikamar itu dikasih karpet agar tidak dingin kalau anak tiduran atau main di lantai.",7-Dec-15
205,2045,Hendra,Indonesia,Family with teens,,Stayed 2 nights in February 2015,7.7,Very good,hotel yg asik untuk berbelanja dan kuliner,,2-Dec-15
205,2046,Yullia,Indonesia,Couple,Superior Room Queen,Stayed 1 night in April 2026,9.6,Exceptional,Sabtu ceria,"Over all bagus, makanan enak, lokasi sangat strategis. Tolong sediakan hair dryer di kamar biar tambah baik kualitas hotelnya",16-Apr-26
205,2047,Latifah,Indonesia,Family with teens,Deluxe Room Queen,Stayed 1 night in February 2026,10,Exceptional,Rekomendasi staycation yang nyaman,"Kamar bersih dan terawat, staff yang ramah, akses ke mall lebih mudah, menu breakfast yang bervariasi dan enak enak, 🫶🏼",17-Feb-26
205,2048,Novita,Indonesia,Solo traveler,Superior Room Queen,Stayed 1 night in May 2025,10,Exceptional,Terbaikk,"Hotel yang sangat nyaman, berada ditengah kota, dibawahnya ada mall, kalau mau jogging tinggal nyebrang ke kebun raya Bogor. Kamarnya sangat luas, bersih, rapih. Pokoknya the bestt😍",29-Sep-25
205,2049,Mohammad,Singapore,Couple,Executive Room,Stayed 7 nights in April 2026,10,Exceptional,Staycation,Nothing to say. Everything is superb. Been staying here for so many times the standard and cleaniness is superb. Location is good and connected to the mall.,20-Apr-26
205,2050,Abdika,Indonesia,Couple,Superior Room Queen,Stayed 1 night in April 2025,8.8,Excellent,Good and comfy stay,"Rating: 4/5 The room was a bit old but overall okay—clean and well-maintained. The bathroom, especially the shower, worked just fine. Food was decent, nothing special but acceptable. What really stood out was the service. All the staff were kind, warm, and very helpful throughout our stay. One unique perk was the exclusive access to Botani Square, which was a nice touch. The only downside was the lobby. It felt quite small and didn't give off an exclusive or premium vibe, which could be improved. Overall, a comfortable stay with great service!",17-Apr-25
206,2051,Susanna,Indonesia,Couple,,Stayed 3 nights in November 2015,9.7,Exceptional,The 4 th ISID,Acara The 4 th Indonesian Symposium of Implant Dentistry di IPB Convention CENTRE Botani Square yang berdekatan dengan hotel Santika sehingga menghemat waktu dan bisa hadir ke acara tepat waktu .,9-Nov-15
206,2052,Edy,Indonesia,Business traveler,,Stayed 1 night in October 2015,8,Excellent,Bersih dan lokasi yang strategis,"Cukup menyenangkan, namun tempat parkir mobil bergabung dengan tempat parkir Mall sehingga kesulitan mendapat tempat parkir.",30-Oct-15
206,2053,levina,Indonesia,Family with young children,,Stayed 1 night in October 2015,7.3,Very good,Ok,,23-Oct-15
206,2054,Alfi,Indonesia,Family with young children,Superior Room Queen,Stayed 1 night in August 2015,7,Very good,Tempat yang steategis di kota bogor,Alhamdulillah ok,8-Sep-15
206,2055,eko,Indonesia,Family with young children,,Stayed 1 night in August 2015,7,Very good,Hotel dg staff yg ramah dan helpfull,Pada umumnya cukup menyenangkan hanya interior kamar terlalu sederhana tdk mencerminkan hotel bintang 3,29-Aug-15
206,2056,Yullia,Indonesia,Couple,Superior Room Queen,Stayed 1 night in April 2026,9.6,Exceptional,Sabtu ceria,"Over all bagus, makanan enak, lokasi sangat strategis. Tolong sediakan hair dryer di kamar biar tambah baik kualitas hotelnya",16-Apr-26
206,2057,Latifah,Indonesia,Family with teens,Deluxe Room Queen,Stayed 1 night in February 2026,10,Exceptional,Rekomendasi staycation yang nyaman,"Kamar bersih dan terawat, staff yang ramah, akses ke mall lebih mudah, menu breakfast yang bervariasi dan enak enak, 🫶🏼",17-Feb-26
206,2058,Novita,Indonesia,Solo traveler,Superior Room Queen,Stayed 1 night in May 2025,10,Exceptional,Terbaikk,"Hotel yang sangat nyaman, berada ditengah kota, dibawahnya ada mall, kalau mau jogging tinggal nyebrang ke kebun raya Bogor. Kamarnya sangat luas, bersih, rapih. Pokoknya the bestt😍",29-Sep-25
206,2059,Mohammad,Singapore,Couple,Executive Room,Stayed 7 nights in April 2026,10,Exceptional,Staycation,Nothing to say. Everything is superb. Been staying here for so many times the standard and cleaniness is superb. Location is good and connected to the mall.,20-Apr-26
206,2060,Abdika,Indonesia,Couple,Superior Room Queen,Stayed 1 night in April 2025,8.8,Excellent,Good and comfy stay,"Rating: 4/5 The room was a bit old but overall okay—clean and well-maintained. The bathroom, especially the shower, worked just fine. Food was decent, nothing special but acceptable. What really stood out was the service. All the staff were kind, warm, and very helpful throughout our stay. One unique perk was the exclusive access to Botani Square, which was a nice touch. The only downside was the lobby. It felt quite small and didn't give off an exclusive or premium vibe, which could be improved. Overall, a comfortable stay with great service!",17-Apr-25
207,2061,Astri,Indonesia,Family with young children,,Stayed 2 nights in July 2015,8.7,Excellent,Hotel dengan Mall,Lokasi sangat strategis dengan Botani Square Mall yang berada di sebelah hotel. Dekat dengan pusat kuliner di daerah Pajajaran maupun Pangrango dan Suryakencana.,31-Jul-15
207,2062,leonieta,Indonesia,Family with young children,,Stayed 2 nights in July 2015,5.7,,Dekat dengan botani square,"Merasa terganggu dengan suara berisik dari kamar sebelah yg terdengar cukup keras, misalnya ada yg menggeser kursi atau anak kecil berlari2",24-Jul-15
207,2063,Hannibal,Indonesia,Family with young children,,Stayed 1 night in December 2014,7,Very good,Hotel diatas Mal,"Cukup menyenangkan, walau ada sedikit masalah ketika ingin keluar masuk hotel tatkala mal sedang dalam kondisi ramai.",23-Jul-15
207,2064,bustanul,Indonesia,Family with young children,,Stayed 2 nights in July 2015,8,Excellent,Liburan bersama keluarga,Sangat menyenangkan dan akan kembali lg untuk liburan thn depan,22-Jul-15
207,2065,roesmiati,Indonesia,Family with teens,,Stayed 2 nights in July 2015,8,Excellent,libur lebaran......,"secara umum sih asik, terutama lokasi nya yang strategis n nempel di botani. tapi mungkin karena hotel yang penuh dan lift yang kecil, jadi sering antri kalo mau turun or naik ke kamar.",22-Jul-15
207,2066,Yullia,Indonesia,Couple,Superior Room Queen,Stayed 1 night in April 2026,9.6,Exceptional,Sabtu ceria,"Over all bagus, makanan enak, lokasi sangat strategis. Tolong sediakan hair dryer di kamar biar tambah baik kualitas hotelnya",16-Apr-26
207,2067,Latifah,Indonesia,Family with teens,Deluxe Room Queen,Stayed 1 night in February 2026,10,Exceptional,Rekomendasi staycation yang nyaman,"Kamar bersih dan terawat, staff yang ramah, akses ke mall lebih mudah, menu breakfast yang bervariasi dan enak enak, 🫶🏼",17-Feb-26
207,2068,Novita,Indonesia,Solo traveler,Superior Room Queen,Stayed 1 night in May 2025,10,Exceptional,Terbaikk,"Hotel yang sangat nyaman, berada ditengah kota, dibawahnya ada mall, kalau mau jogging tinggal nyebrang ke kebun raya Bogor. Kamarnya sangat luas, bersih, rapih. Pokoknya the bestt😍",29-Sep-25
207,2069,Mohammad,Singapore,Couple,Executive Room,Stayed 7 nights in April 2026,10,Exceptional,Staycation,Nothing to say. Everything is superb. Been staying here for so many times the standard and cleaniness is superb. Location is good and connected to the mall.,20-Apr-26
207,2070,Abdika,Indonesia,Couple,Superior Room Queen,Stayed 1 night in April 2025,8.8,Excellent,Good and comfy stay,"Rating: 4/5 The room was a bit old but overall okay—clean and well-maintained. The bathroom, especially the shower, worked just fine. Food was decent, nothing special but acceptable. What really stood out was the service. All the staff were kind, warm, and very helpful throughout our stay. One unique perk was the exclusive access to Botani Square, which was a nice touch. The only downside was the lobby. It felt quite small and didn't give off an exclusive or premium vibe, which could be improved. Overall, a comfortable stay with great service!",17-Apr-25
208,2071,susanty,Indonesia,Family with young children,,Stayed 1 night in July 2015,9.3,Exceptional,menyenangkan,Menyenangkan,19-Jul-15
208,2072,sikta,Indonesia,Family with young children,,Stayed 1 night in July 2015,7.3,Very good,hotel santika,Kurang fasilitas krn kamar superiornya tidak dilengkapi dgn kulkas.gorden kamar jg tampak kotor sprt tidak pernah diloundry.,13-Jul-15
208,2073,Gina,Indonesia,Couple,,Stayed 2 nights in December 2014,6.7,Good,Hotel yang strategis di tengah Kota Bogorq,"Hotel ini sangat amat strategis karena terletak di tengah Kota Bogor dan tepat di sebelah Mall Botani Square. Transportasi tidak terlalu sulit di daerah ini, makanan juga. Kamar mungkin terlalu kecil tapi tetap cukup nyaman. Jika beruntung, dapat mendapatkan kamar dengan view Kota Bogor beserta Gunung Salak",11-Jul-15
208,2074,Sri,Indonesia,Solo traveler,,Stayed 1 night in January 2015,6.3,Good,Standar,"Biasa saja, isi kamar terlalu minimalis, tempat sarapan paginya terlalu kecil, jadi harus antri, kolam renang kecil, staff nya kurang ramah",10-Jul-15
208,2075,Arie,Indonesia,Family with young children,,Stayed 1 night in June 2015,6.7,Good,Berlibur bersama keluarga,Cukup menyenangkan dan berkesan,3-Jun-15
208,2076,Yullia,Indonesia,Couple,Superior Room Queen,Stayed 1 night in April 2026,9.6,Exceptional,Sabtu ceria,"Over all bagus, makanan enak, lokasi sangat strategis. Tolong sediakan hair dryer di kamar biar tambah baik kualitas hotelnya",16-Apr-26
208,2077,Latifah,Indonesia,Family with teens,Deluxe Room Queen,Stayed 1 night in February 2026,10,Exceptional,Rekomendasi staycation yang nyaman,"Kamar bersih dan terawat, staff yang ramah, akses ke mall lebih mudah, menu breakfast yang bervariasi dan enak enak, 🫶🏼",17-Feb-26
208,2078,Novita,Indonesia,Solo traveler,Superior Room Queen,Stayed 1 night in May 2025,10,Exceptional,Terbaikk,"Hotel yang sangat nyaman, berada ditengah kota, dibawahnya ada mall, kalau mau jogging tinggal nyebrang ke kebun raya Bogor. Kamarnya sangat luas, bersih, rapih. Pokoknya the bestt😍",29-Sep-25
208,2079,Mohammad,Singapore,Couple,Executive Room,Stayed 7 nights in April 2026,10,Exceptional,Staycation,Nothing to say. Everything is superb. Been staying here for so many times the standard and cleaniness is superb. Location is good and connected to the mall.,20-Apr-26
208,2080,Abdika,Indonesia,Couple,Superior Room Queen,Stayed 1 night in April 2025,8.8,Excellent,Good and comfy stay,"Rating: 4/5 The room was a bit old but overall okay—clean and well-maintained. The bathroom, especially the shower, worked just fine. Food was decent, nothing special but acceptable. What really stood out was the service. All the staff were kind, warm, and very helpful throughout our stay. One unique perk was the exclusive access to Botani Square, which was a nice touch. The only downside was the lobby. It felt quite small and didn't give off an exclusive or premium vibe, which could be improved. Overall, a comfortable stay with great service!",17-Apr-25
209,2081,JUNIYANTI,Indonesia,Family with young children,,Stayed 1 night in July 2014,9.3,Exceptional,kamar yg bersih dan pelayanan yg ramah,"Lumayan utk bintang 3, memuaskan",19-May-15
209,2082,man,"Hong Kong SAR, China",Couple,,Stayed 1 night in March 2015,8.3,Excellent,komentar,nyaman dan ok,5-May-15
209,2083,Mia,Indonesia,Business traveler,,Stayed 2 nights in April 2015,7.7,Very good,lokasi strategis,"Cukup nyaman. Service nya juga cepat. Breakfast sangat variatif, makannya enak. Senangnya bagian outdoornya pun non smoking area. A big plus. Lokasi yg nyambung dengan Botani Square memudahkan kalau kelaperan dan malas jalan jauh. Kalau ingin ke istana bogor cukup jalan kaki.",4-May-15
209,2084,Djoko,Indonesia,Family with young children,,Stayed 1 night in April 2015,6.7,Good,santika lumayan,Lancar,27-Apr-15
209,2085,DONI,Indonesia,Business traveler,,Stayed 1 night in November 2012,6,,Hotel nyaman tengah kota,,25-Apr-15
209,2086,Yullia,Indonesia,Couple,Superior Room Queen,Stayed 1 night in April 2026,9.6,Exceptional,Sabtu ceria,"Over all bagus, makanan enak, lokasi sangat strategis. Tolong sediakan hair dryer di kamar biar tambah baik kualitas hotelnya",16-Apr-26
209,2087,Latifah,Indonesia,Family with teens,Deluxe Room Queen,Stayed 1 night in February 2026,10,Exceptional,Rekomendasi staycation yang nyaman,"Kamar bersih dan terawat, staff yang ramah, akses ke mall lebih mudah, menu breakfast yang bervariasi dan enak enak, 🫶🏼",17-Feb-26
209,2088,Novita,Indonesia,Solo traveler,Superior Room Queen,Stayed 1 night in May 2025,10,Exceptional,Terbaikk,"Hotel yang sangat nyaman, berada ditengah kota, dibawahnya ada mall, kalau mau jogging tinggal nyebrang ke kebun raya Bogor. Kamarnya sangat luas, bersih, rapih. Pokoknya the bestt😍",29-Sep-25
209,2089,Mohammad,Singapore,Couple,Executive Room,Stayed 7 nights in April 2026,10,Exceptional,Staycation,Nothing to say. Everything is superb. Been staying here for so many times the standard and cleaniness is superb. Location is good and connected to the mall.,20-Apr-26
209,2090,Abdika,Indonesia,Couple,Superior Room Queen,Stayed 1 night in April 2025,8.8,Excellent,Good and comfy stay,"Rating: 4/5 The room was a bit old but overall okay—clean and well-maintained. The bathroom, especially the shower, worked just fine. Food was decent, nothing special but acceptable. What really stood out was the service. All the staff were kind, warm, and very helpful throughout our stay. One unique perk was the exclusive access to Botani Square, which was a nice touch. The only downside was the lobby. It felt quite small and didn't give off an exclusive or premium vibe, which could be improved. Overall, a comfortable stay with great service!",17-Apr-25
210,2091,IWAN,Indonesia,Family with young children,,Stayed 1 night in February 2015,8.7,Excellent,hotel lokasi sangat strategis,"Kamar sedang, bersih dan seperti masih baru. Kolam renang menyenangkan. Staff ramah dan sangat membantu. Breakfast sangat lengkap. Nilai paling menonjol, lokasi sangat strategis. Dekat pintu tol dan tengah kota. Ditunjang berada di lingkungan mall Ingin rasanya mengulang kembali menginap disana",19-Apr-15
210,2092,Ajie,Indonesia,Solo traveler,,Stayed 1 night in April 2015,7.3,Very good,Bravo Buat Santika Bogor,Sangat Mengesnkan,18-Apr-15
210,2093,fira,Indonesia,Family with teens,,Stayed 1 night in April 2015,8,Excellent,"nyaman, strategis",via agoda,9-Apr-15
210,2094,YUNUS,Indonesia,Family with teens,,Stayed 2 nights in April 2015,6.3,Good,Hotel dekat Mall,"Acara menginap cukup baik, lokasi yang bersebelahan dengan botani mall memudahkan kita menghabiskan waktu berlibur...hanya lokasi parkir agak menyulitkan karena banyaknya kendaraan pengunjung mall yang akan parkir dan mengambil jalan parkir khusus hotel.",6-Apr-15
210,2095,katherin,Indonesia,Couple,,Stayed 2 nights in February 2015,7.7,Very good,lokasinya strategis banget,"Yg pasti lokasi strategis, soalnya jadi satu sama mall, kamar bersih, nice view",31-Mar-15
210,2096,Yullia,Indonesia,Couple,Superior Room Queen,Stayed 1 night in April 2026,9.6,Exceptional,Sabtu ceria,"Over all bagus, makanan enak, lokasi sangat strategis. Tolong sediakan hair dryer di kamar biar tambah baik kualitas hotelnya",16-Apr-26
210,2097,Latifah,Indonesia,Family with teens,Deluxe Room Queen,Stayed 1 night in February 2026,10,Exceptional,Rekomendasi staycation yang nyaman,"Kamar bersih dan terawat, staff yang ramah, akses ke mall lebih mudah, menu breakfast yang bervariasi dan enak enak, 🫶🏼",17-Feb-26
210,2098,Novita,Indonesia,Solo traveler,Superior Room Queen,Stayed 1 night in May 2025,10,Exceptional,Terbaikk,"Hotel yang sangat nyaman, berada ditengah kota, dibawahnya ada mall, kalau mau jogging tinggal nyebrang ke kebun raya Bogor. Kamarnya sangat luas, bersih, rapih. Pokoknya the bestt😍",29-Sep-25
210,2099,Mohammad,Singapore,Couple,Executive Room,Stayed 7 nights in April 2026,10,Exceptional,Staycation,Nothing to say. Everything is superb. Been staying here for so many times the standard and cleaniness is superb. Location is good and connected to the mall.,20-Apr-26
210,2100,Abdika,Indonesia,Couple,Superior Room Queen,Stayed 1 night in April 2025,8.8,Excellent,Good and comfy stay,"Rating: 4/5 The room was a bit old but overall okay—clean and well-maintained. The bathroom, especially the shower, worked just fine. Food was decent, nothing special but acceptable. What really stood out was the service. All the staff were kind, warm, and very helpful throughout our stay. One unique perk was the exclusive access to Botani Square, which was a nice touch. The only downside was the lobby. It felt quite small and didn't give off an exclusive or premium vibe, which could be improved. Overall, a comfortable stay with great service!",17-Apr-25
211,2101,taufik,Indonesia,Business traveler,,Stayed 1 night in June 2014,8.3,Excellent,Hotel berada satu lokasi dengan botanical mall,,24-Mar-15
211,2102,andri,Indonesia,Family with young children,,Stayed 1 night in March 2015,7,Very good,terlalu menunggu,1 malam,23-Mar-15
211,2103,Erik,Indonesia,Solo traveler,,Stayed 2 nights in February 2015,10,Exceptional,Hotel yang nyaman,nyaman dan menyenangkan,5-Mar-15
211,2104,Deni,Indonesia,Business traveler,,Stayed 1 night in February 2015,7.3,Very good,hotel strategis nyaman,"cukup baik, nyaman",2-Mar-15
211,2105,hariyadi,Indonesia,Business traveler,,Stayed 1 night in February 2015,7.7,Very good,kritik,dengan melalui booking via agoda,27-Feb-15
211,2106,Yullia,Indonesia,Couple,Superior Room Queen,Stayed 1 night in April 2026,9.6,Exceptional,Sabtu ceria,"Over all bagus, makanan enak, lokasi sangat strategis. Tolong sediakan hair dryer di kamar biar tambah baik kualitas hotelnya",16-Apr-26
211,2107,Latifah,Indonesia,Family with teens,Deluxe Room Queen,Stayed 1 night in February 2026,10,Exceptional,Rekomendasi staycation yang nyaman,"Kamar bersih dan terawat, staff yang ramah, akses ke mall lebih mudah, menu breakfast yang bervariasi dan enak enak, 🫶🏼",17-Feb-26
211,2108,Novita,Indonesia,Solo traveler,Superior Room Queen,Stayed 1 night in May 2025,10,Exceptional,Terbaikk,"Hotel yang sangat nyaman, berada ditengah kota, dibawahnya ada mall, kalau mau jogging tinggal nyebrang ke kebun raya Bogor. Kamarnya sangat luas, bersih, rapih. Pokoknya the bestt😍",29-Sep-25
211,2109,Mohammad,Singapore,Couple,Executive Room,Stayed 7 nights in April 2026,10,Exceptional,Staycation,Nothing to say. Everything is superb. Been staying here for so many times the standard and cleaniness is superb. Location is good and connected to the mall.,20-Apr-26
211,2110,Abdika,Indonesia,Couple,Superior Room Queen,Stayed 1 night in April 2025,8.8,Excellent,Good and comfy stay,"Rating: 4/5 The room was a bit old but overall okay—clean and well-maintained. The bathroom, especially the shower, worked just fine. Food was decent, nothing special but acceptable. What really stood out was the service. All the staff were kind, warm, and very helpful throughout our stay. One unique perk was the exclusive access to Botani Square, which was a nice touch. The only downside was the lobby. It felt quite small and didn't give off an exclusive or premium vibe, which could be improved. Overall, a comfortable stay with great service!",17-Apr-25
212,2111,Yudi,Indonesia,Couple,,Stayed 2 nights in February 2015,8.3,Excellent,Hotel yg strategis dan nyaman,,26-Feb-15
212,2112,soelaiman,Indonesia,Family with young children,,Stayed 1 night in February 2015,10,Exceptional,dekat kemana saja,"Sangat menyenangkan. Waktu check in dapat up grade ke executive floor. Breakfast cukup menarik, ada bbrp kue yg sdh lama saya tidak jumpai. Swimming pool kurang menarik.",25-Feb-15
212,2113,I,Indonesia,Solo traveler,,Stayed 3 nights in February 2015,7.3,Very good,"4xmalam, hari 2 no shampoo, h3 no towel, h4no news","ok saja, hotel murah jadi tak bisa mengharap kam banyak, pulang sakit punggung karena mattress nya tidak bagus, tapi saya balik dan mungkin bawa mattress top sendiri nanti",23-Feb-15
212,2114,Niwan,Indonesia,Family with young children,,Stayed 1 night in February 2015,9.3,Exceptional,memuaskan.,"Hotel nyaman, makanan ok, staf sangat membantu dan sopan semua.",23-Feb-15
212,2115,Ahmad,Indonesia,Business traveler,,Stayed 1 night in February 2015,10,Exceptional,"Interior hotel simple, all staff ramah sekali","Sangat2 menyenangkan, serasa menginap di rumah mewah punya sendiri",7-Feb-15
212,2116,Yullia,Indonesia,Couple,Superior Room Queen,Stayed 1 night in April 2026,9.6,Exceptional,Sabtu ceria,"Over all bagus, makanan enak, lokasi sangat strategis. Tolong sediakan hair dryer di kamar biar tambah baik kualitas hotelnya",16-Apr-26
212,2117,Latifah,Indonesia,Family with teens,Deluxe Room Queen,Stayed 1 night in February 2026,10,Exceptional,Rekomendasi staycation yang nyaman,"Kamar bersih dan terawat, staff yang ramah, akses ke mall lebih mudah, menu breakfast yang bervariasi dan enak enak, 🫶🏼",17-Feb-26
212,2118,Novita,Indonesia,Solo traveler,Superior Room Queen,Stayed 1 night in May 2025,10,Exceptional,Terbaikk,"Hotel yang sangat nyaman, berada ditengah kota, dibawahnya ada mall, kalau mau jogging tinggal nyebrang ke kebun raya Bogor. Kamarnya sangat luas, bersih, rapih. Pokoknya the bestt😍",29-Sep-25
212,2119,Mohammad,Singapore,Couple,Executive Room,Stayed 7 nights in April 2026,10,Exceptional,Staycation,Nothing to say. Everything is superb. Been staying here for so many times the standard and cleaniness is superb. Location is good and connected to the mall.,20-Apr-26
212,2120,Abdika,Indonesia,Couple,Superior Room Queen,Stayed 1 night in April 2025,8.8,Excellent,Good and comfy stay,"Rating: 4/5 The room was a bit old but overall okay—clean and well-maintained. The bathroom, especially the shower, worked just fine. Food was decent, nothing special but acceptable. What really stood out was the service. All the staff were kind, warm, and very helpful throughout our stay. One unique perk was the exclusive access to Botani Square, which was a nice touch. The only downside was the lobby. It felt quite small and didn't give off an exclusive or premium vibe, which could be improved. Overall, a comfortable stay with great service!",17-Apr-25
213,2121,Amirullah,Indonesia,Family with young children,,Stayed 1 night in January 2015,6.7,Good,Hotel Santika Bogor,Memuaskan,20-Jan-15
213,2122,Gideon,Indonesia,Couple,,Stayed 1 night in January 2015,9.3,Exceptional,top,menyenangkan,18-Jan-15
213,2123,irwan,Indonesia,Couple,,Stayed 1 night in January 2015,7.7,Very good,Mkn an dan buah... Kurang,Beli voucher agoda,13-Jan-15
213,2124,A.,Indonesia,Family with young children,,Stayed 1 night in January 2015,7.7,Very good,Weekend,Baik,6-Jan-15
213,2125,Nurani,Indonesia,Couple,,Stayed 1 night in December 2014,8.3,Excellent,very good,,5-Jan-15
213,2126,Yullia,Indonesia,Couple,Superior Room Queen,Stayed 1 night in April 2026,9.6,Exceptional,Sabtu ceria,"Over all bagus, makanan enak, lokasi sangat strategis. Tolong sediakan hair dryer di kamar biar tambah baik kualitas hotelnya",16-Apr-26
213,2127,Latifah,Indonesia,Family with teens,Deluxe Room Queen,Stayed 1 night in February 2026,10,Exceptional,Rekomendasi staycation yang nyaman,"Kamar bersih dan terawat, staff yang ramah, akses ke mall lebih mudah, menu breakfast yang bervariasi dan enak enak, 🫶🏼",17-Feb-26
213,2128,Novita,Indonesia,Solo traveler,Superior Room Queen,Stayed 1 night in May 2025,10,Exceptional,Terbaikk,"Hotel yang sangat nyaman, berada ditengah kota, dibawahnya ada mall, kalau mau jogging tinggal nyebrang ke kebun raya Bogor. Kamarnya sangat luas, bersih, rapih. Pokoknya the bestt😍",29-Sep-25
213,2129,Mohammad,Singapore,Couple,Executive Room,Stayed 7 nights in April 2026,10,Exceptional,Staycation,Nothing to say. Everything is superb. Been staying here for so many times the standard and cleaniness is superb. Location is good and connected to the mall.,20-Apr-26
213,2130,Abdika,Indonesia,Couple,Superior Room Queen,Stayed 1 night in April 2025,8.8,Excellent,Good and comfy stay,"Rating: 4/5 The room was a bit old but overall okay—clean and well-maintained. The bathroom, especially the shower, worked just fine. Food was decent, nothing special but acceptable. What really stood out was the service. All the staff were kind, warm, and very helpful throughout our stay. One unique perk was the exclusive access to Botani Square, which was a nice touch. The only downside was the lobby. It felt quite small and didn't give off an exclusive or premium vibe, which could be improved. Overall, a comfortable stay with great service!",17-Apr-25
214,2131,Hanoko,Indonesia,Family with teens,,Stayed 1 night in January 2015,7.7,Very good,"Staff ramah, lokasi strategis.","Secara umum kami senang tinggal disini, lokasinya strategis mudah kemana-mana dan terletak dalam satu area mal Botani square. Kekurangannya hanya suara dari luar terdengar didalam kamar yang cukup mengganggu pada saat istirahat. Hal-hal yang lainnya OK.",5-Jan-15
214,2132,ferdi,Indonesia,Family with young children,,Stayed 1 night in January 2015,6,,mengecewakan,Mengecewakan. Tidak sesuai dengan review yang lainnya. Kualitas Hotel Santuka seharusnya lebih baik.,3-Jan-15
214,2133,Euis,Indonesia,Family with young children,,Stayed 1 night in December 2014,6.7,Good,Hotel Standard terbantu Lokasi yang Strategis,"Karena saat menginap di hotel saya dan Keluarga bertepatan dengan Event Malam Tahun Baru maka Hotel terlihat ramai dan meriah, overeall Hotel memang standard bintang 3, kelebihannya hanya karena ditunjang oleh Lokasi yang Strategis sehingga memudahkan para tamu menuju lokasi yang diinginkan.",2-Jan-15
214,2134,eko,Indonesia,Family with young children,,Stayed 1 night in December 2014,9.3,Exceptional,bagus untuk liburan bersama anak2..,Berkesan..,1-Jan-15
214,2135,Herryanto,Indonesia,Family with young children,,Stayed 2 nights in December 2014,7,Very good,pelayanan terlalu lambat,Average,1-Jan-15
214,2136,Yullia,Indonesia,Couple,Superior Room Queen,Stayed 1 night in April 2026,9.6,Exceptional,Sabtu ceria,"Over all bagus, makanan enak, lokasi sangat strategis. Tolong sediakan hair dryer di kamar biar tambah baik kualitas hotelnya",16-Apr-26
214,2137,Latifah,Indonesia,Family with teens,Deluxe Room Queen,Stayed 1 night in February 2026,10,Exceptional,Rekomendasi staycation yang nyaman,"Kamar bersih dan terawat, staff yang ramah, akses ke mall lebih mudah, menu breakfast yang bervariasi dan enak enak, 🫶🏼",17-Feb-26
214,2138,Novita,Indonesia,Solo traveler,Superior Room Queen,Stayed 1 night in May 2025,10,Exceptional,Terbaikk,"Hotel yang sangat nyaman, berada ditengah kota, dibawahnya ada mall, kalau mau jogging tinggal nyebrang ke kebun raya Bogor. Kamarnya sangat luas, bersih, rapih. Pokoknya the bestt😍",29-Sep-25
214,2139,Mohammad,Singapore,Couple,Executive Room,Stayed 7 nights in April 2026,10,Exceptional,Staycation,Nothing to say. Everything is superb. Been staying here for so many times the standard and cleaniness is superb. Location is good and connected to the mall.,20-Apr-26
214,2140,Abdika,Indonesia,Couple,Superior Room Queen,Stayed 1 night in April 2025,8.8,Excellent,Good and comfy stay,"Rating: 4/5 The room was a bit old but overall okay—clean and well-maintained. The bathroom, especially the shower, worked just fine. Food was decent, nothing special but acceptable. What really stood out was the service. All the staff were kind, warm, and very helpful throughout our stay. One unique perk was the exclusive access to Botani Square, which was a nice touch. The only downside was the lobby. It felt quite small and didn't give off an exclusive or premium vibe, which could be improved. Overall, a comfortable stay with great service!",17-Apr-25
215,2141,Suprayitna,Indonesia,Business traveler,,Stayed 1 night in December 2014,9.3,Exceptional,Kesan-kesan,,31-Dec-14
215,2142,ela,Indonesia,Family with young children,,Stayed 1 night in October 2014,7,Very good,lokasi,"Lokasi dan parkir menyatu dengan mall,menu makanan lumayan dan ada menu khas makanan bogor yaitu ketupat doclang yg enak,kolam renang ok",31-Dec-14
215,2143,Paulus,Indonesia,Family with young children,,Stayed 2 nights in December 2014,7.7,Very good,2 hari bersama santika bogor,"wifinya kurang bagus, suara2 dari luar / kamar sebelah masih terdengar di dalam kamar....",29-Dec-14
215,2144,Betsy,Indonesia,Group,,Stayed 1 night in November 2014,6.7,Good,Reuni Weekend di Santika Bogor,Cukup menyenangkan. Sayangnya breakfast jam 9 sdh banyak yg kurang,24-Nov-14
215,2145,Maria,Indonesia,Family with young children,,Stayed 1 night in November 2014,6,,makanan dan pelayanan cukup baik,"Cukup baik, hanya waktu tidur menjadi kurang, karena begitu aktivitas cleaning service dimulai, hufh.. berisiknya..",6-Nov-14
215,2146,Yullia,Indonesia,Couple,Superior Room Queen,Stayed 1 night in April 2026,9.6,Exceptional,Sabtu ceria,"Over all bagus, makanan enak, lokasi sangat strategis. Tolong sediakan hair dryer di kamar biar tambah baik kualitas hotelnya",16-Apr-26
215,2147,Latifah,Indonesia,Family with teens,Deluxe Room Queen,Stayed 1 night in February 2026,10,Exceptional,Rekomendasi staycation yang nyaman,"Kamar bersih dan terawat, staff yang ramah, akses ke mall lebih mudah, menu breakfast yang bervariasi dan enak enak, 🫶🏼",17-Feb-26
215,2148,Novita,Indonesia,Solo traveler,Superior Room Queen,Stayed 1 night in May 2025,10,Exceptional,Terbaikk,"Hotel yang sangat nyaman, berada ditengah kota, dibawahnya ada mall, kalau mau jogging tinggal nyebrang ke kebun raya Bogor. Kamarnya sangat luas, bersih, rapih. Pokoknya the bestt😍",29-Sep-25
215,2149,Mohammad,Singapore,Couple,Executive Room,Stayed 7 nights in April 2026,10,Exceptional,Staycation,Nothing to say. Everything is superb. Been staying here for so many times the standard and cleaniness is superb. Location is good and connected to the mall.,20-Apr-26
215,2150,Abdika,Indonesia,Couple,Superior Room Queen,Stayed 1 night in April 2025,8.8,Excellent,Good and comfy stay,"Rating: 4/5 The room was a bit old but overall okay—clean and well-maintained. The bathroom, especially the shower, worked just fine. Food was decent, nothing special but acceptable. What really stood out was the service. All the staff were kind, warm, and very helpful throughout our stay. One unique perk was the exclusive access to Botani Square, which was a nice touch. The only downside was the lobby. It felt quite small and didn't give off an exclusive or premium vibe, which could be improved. Overall, a comfortable stay with great service!",17-Apr-25
216,2151,Andy,Indonesia,Couple,,Stayed 1 night in August 2014,8,Excellent,menyenangkan,nyaman deh pokoknya,24-Oct-14
216,2152,elsye,Indonesia,Family with young children,,Stayed 1 night in September 2014,9.3,Exceptional,"nyaman, staff ramah","dekat dengan rumah, makanan variasi banyak, staff ramah",10-Oct-14
216,2153,WILLIANTO,Indonesia,Family with young children,,Stayed 1 night in July 2014,7.7,Very good,Hotel nyaman dengan lokasi yang strategis,"Hotel yang nyaman dengan kamar yang cukup besar dan fasilitas yang memadai. Makanan cukup bervariasi. Berada satu lokasi dengan pusat perbelanjaan. Lokasi strategis, dekat pintu tol, tempat perbelanjaan dan kuliner.",26-Sep-14
216,2154,Yudha,Indonesia,Couple,,Stayed 1 night in July 2014,8,Excellent,"BERSIH, BAGUS",,17-Sep-14
216,2155,cendera,Indonesia,Family with young children,,Stayed 1 night in August 2014,8.7,Excellent,tempatnya strategis,,11-Sep-14
216,2156,Yullia,Indonesia,Couple,Superior Room Queen,Stayed 1 night in April 2026,9.6,Exceptional,Sabtu ceria,"Over all bagus, makanan enak, lokasi sangat strategis. Tolong sediakan hair dryer di kamar biar tambah baik kualitas hotelnya",16-Apr-26
216,2157,Latifah,Indonesia,Family with teens,Deluxe Room Queen,Stayed 1 night in February 2026,10,Exceptional,Rekomendasi staycation yang nyaman,"Kamar bersih dan terawat, staff yang ramah, akses ke mall lebih mudah, menu breakfast yang bervariasi dan enak enak, 🫶🏼",17-Feb-26
216,2158,Novita,Indonesia,Solo traveler,Superior Room Queen,Stayed 1 night in May 2025,10,Exceptional,Terbaikk,"Hotel yang sangat nyaman, berada ditengah kota, dibawahnya ada mall, kalau mau jogging tinggal nyebrang ke kebun raya Bogor. Kamarnya sangat luas, bersih, rapih. Pokoknya the bestt😍",29-Sep-25
216,2159,Mohammad,Singapore,Couple,Executive Room,Stayed 7 nights in April 2026,10,Exceptional,Staycation,Nothing to say. Everything is superb. Been staying here for so many times the standard and cleaniness is superb. Location is good and connected to the mall.,20-Apr-26
216,2160,Abdika,Indonesia,Couple,Superior Room Queen,Stayed 1 night in April 2025,8.8,Excellent,Good and comfy stay,"Rating: 4/5 The room was a bit old but overall okay—clean and well-maintained. The bathroom, especially the shower, worked just fine. Food was decent, nothing special but acceptable. What really stood out was the service. All the staff were kind, warm, and very helpful throughout our stay. One unique perk was the exclusive access to Botani Square, which was a nice touch. The only downside was the lobby. It felt quite small and didn't give off an exclusive or premium vibe, which could be improved. Overall, a comfortable stay with great service!",17-Apr-25
217,2161,Chairul,Indonesia,Family with young children,,Stayed 1 night in August 2014,8.7,Excellent,hotel yang nyaman di tengah kota,,10-Sep-14
217,2162,franko,Indonesia,Family with teens,,Stayed 2 nights in July 2014,6.7,Good,hotel kecil kamar sempit harga gak sesuai,Biasa aja tidak ada yang spesial,5-Sep-14
217,2163,ricky,Indonesia,Family with young children,,Stayed 1 night in June 2014,7,Very good,"nyaman,bersih juga...",,22-Aug-14
217,2164,Surya,Indonesia,Couple,,Stayed 1 night in March 2014,8,Excellent,Lokasi strategia depan botanical garden,"Cukup nyaman, lokasi dekat dengan mall dan jg dijantung kota bogor",19-Aug-14
217,2165,Dheasy,Indonesia,Couple,,Stayed 1 night in July 2014,7,Very good,tengah kota bogor,via online,19-Aug-14
217,2166,Yullia,Indonesia,Couple,Superior Room Queen,Stayed 1 night in April 2026,9.6,Exceptional,Sabtu ceria,"Over all bagus, makanan enak, lokasi sangat strategis. Tolong sediakan hair dryer di kamar biar tambah baik kualitas hotelnya",16-Apr-26
217,2167,Latifah,Indonesia,Family with teens,Deluxe Room Queen,Stayed 1 night in February 2026,10,Exceptional,Rekomendasi staycation yang nyaman,"Kamar bersih dan terawat, staff yang ramah, akses ke mall lebih mudah, menu breakfast yang bervariasi dan enak enak, 🫶🏼",17-Feb-26
217,2168,Novita,Indonesia,Solo traveler,Superior Room Queen,Stayed 1 night in May 2025,10,Exceptional,Terbaikk,"Hotel yang sangat nyaman, berada ditengah kota, dibawahnya ada mall, kalau mau jogging tinggal nyebrang ke kebun raya Bogor. Kamarnya sangat luas, bersih, rapih. Pokoknya the bestt😍",29-Sep-25
217,2169,Mohammad,Singapore,Couple,Executive Room,Stayed 7 nights in April 2026,10,Exceptional,Staycation,Nothing to say. Everything is superb. Been staying here for so many times the standard and cleaniness is superb. Location is good and connected to the mall.,20-Apr-26
217,2170,Abdika,Indonesia,Couple,Superior Room Queen,Stayed 1 night in April 2025,8.8,Excellent,Good and comfy stay,"Rating: 4/5 The room was a bit old but overall okay—clean and well-maintained. The bathroom, especially the shower, worked just fine. Food was decent, nothing special but acceptable. What really stood out was the service. All the staff were kind, warm, and very helpful throughout our stay. One unique perk was the exclusive access to Botani Square, which was a nice touch. The only downside was the lobby. It felt quite small and didn't give off an exclusive or premium vibe, which could be improved. Overall, a comfortable stay with great service!",17-Apr-25
218,2171,Defrizal,Indonesia,Solo traveler,,Stayed 1 night in June 2014,8.3,Excellent,Hotel yg gampang dijangkau dari kota bogor,Sangat berkesan dgn keramahan petugas,11-Aug-14
218,2172,Ni,Indonesia,Family with young children,,Stayed 2 nights in July 2014,9.3,Exceptional,Menyenangkan,"Menyenangkan, anak2 suka tinggal disini, kamar luas dan staff ramah",16-Jul-14
218,2173,megasari,Indonesia,Group,,Stayed 1 night in June 2014,8,Excellent,hotel yg ber sebelahan dengan mal,,16-Jul-14
218,2174,Arjo,Indonesia,Family with young children,,Stayed 1 night in July 2014,7.7,Very good,Di Rekomendasi,,7-Jul-14
218,2175,Gina,Indonesia,Family with teens,,Stayed 2 nights in June 2014,7.3,Very good,Hotel pusat kota yang sangat nyaman!,"Staff di hotel ini sangat ramah dan helpful. Hotel ini sangat strategis karena terletak dalam satu komplek dengan mall Botani Square, dekat dengan Kebun Raya Bogor dan atraksi turis lainnya. Kamar cukup besar dan nyaman. View dari kamar indah",6-Jul-14
218,2176,Yullia,Indonesia,Couple,Superior Room Queen,Stayed 1 night in April 2026,9.6,Exceptional,Sabtu ceria,"Over all bagus, makanan enak, lokasi sangat strategis. Tolong sediakan hair dryer di kamar biar tambah baik kualitas hotelnya",16-Apr-26
218,2177,Latifah,Indonesia,Family with teens,Deluxe Room Queen,Stayed 1 night in February 2026,10,Exceptional,Rekomendasi staycation yang nyaman,"Kamar bersih dan terawat, staff yang ramah, akses ke mall lebih mudah, menu breakfast yang bervariasi dan enak enak, 🫶🏼",17-Feb-26
218,2178,Novita,Indonesia,Solo traveler,Superior Room Queen,Stayed 1 night in May 2025,10,Exceptional,Terbaikk,"Hotel yang sangat nyaman, berada ditengah kota, dibawahnya ada mall, kalau mau jogging tinggal nyebrang ke kebun raya Bogor. Kamarnya sangat luas, bersih, rapih. Pokoknya the bestt😍",29-Sep-25
218,2179,Mohammad,Singapore,Couple,Executive Room,Stayed 7 nights in April 2026,10,Exceptional,Staycation,Nothing to say. Everything is superb. Been staying here for so many times the standard and cleaniness is superb. Location is good and connected to the mall.,20-Apr-26
218,2180,Abdika,Indonesia,Couple,Superior Room Queen,Stayed 1 night in April 2025,8.8,Excellent,Good and comfy stay,"Rating: 4/5 The room was a bit old but overall okay—clean and well-maintained. The bathroom, especially the shower, worked just fine. Food was decent, nothing special but acceptable. What really stood out was the service. All the staff were kind, warm, and very helpful throughout our stay. One unique perk was the exclusive access to Botani Square, which was a nice touch. The only downside was the lobby. It felt quite small and didn't give off an exclusive or premium vibe, which could be improved. Overall, a comfortable stay with great service!",17-Apr-25
219,2181,Fauris,Indonesia,Family with young children,,Stayed 2 nights in May 2014,9,Exceptional,menyatu dengan mall,"hotel tepat di sebelah mall, sehingga memudahkan untuk mencari tpt mkn dan berbelanja. kamar cukup luas dibandingkan hotel santika di medan. sarapan cukup beragam.",12-Jun-14
219,2182,Ronald,Indonesia,Family with young children,,Stayed 2 nights in May 2014,7.3,Very good,Sangat menyenangkan,"Sangat menyenangkan, lokasinya dekat dengan kebun raya bogor, cukup menyeberang atau bisa menggunakan angkot atau ojek menuju ke kebun raya bogor. Seperti biasa, makanan di hotel santika patut diancungi jempol",9-Jun-14
219,2183,Budiyanto,Indonesia,Family with teens,,Stayed 1 night in May 2014,7,Very good,Hotel lokasi strategis di pusat kota,Tidak ada masalah,30-May-14
219,2184,Antho,Indonesia,Family with young children,,Stayed 1 night in April 2014,9,Exceptional,Menyenangkan untuk menginap bersama keluarga,Anak-anak sangat senang menikmati kolam renangnya. Tetapi hidangan sarapan agak kurang.,21-Apr-14
219,2185,Buyung,Indonesia,Business traveler,,Stayed 1 night in February 2014,7,Very good,Lokasi strategis,"Kamar hotel lumayan luas, hanya breakfast agak mengecewakan, tidak banyak pilihan dan rasa tidak enak.",11-Mar-14
219,2186,Yullia,Indonesia,Couple,Superior Room Queen,Stayed 1 night in April 2026,9.6,Exceptional,Sabtu ceria,"Over all bagus, makanan enak, lokasi sangat strategis. Tolong sediakan hair dryer di kamar biar tambah baik kualitas hotelnya",16-Apr-26
219,2187,Latifah,Indonesia,Family with teens,Deluxe Room Queen,Stayed 1 night in February 2026,10,Exceptional,Rekomendasi staycation yang nyaman,"Kamar bersih dan terawat, staff yang ramah, akses ke mall lebih mudah, menu breakfast yang bervariasi dan enak enak, 🫶🏼",17-Feb-26
219,2188,Novita,Indonesia,Solo traveler,Superior Room Queen,Stayed 1 night in May 2025,10,Exceptional,Terbaikk,"Hotel yang sangat nyaman, berada ditengah kota, dibawahnya ada mall, kalau mau jogging tinggal nyebrang ke kebun raya Bogor. Kamarnya sangat luas, bersih, rapih. Pokoknya the bestt😍",29-Sep-25
219,2189,Mohammad,Singapore,Couple,Executive Room,Stayed 7 nights in April 2026,10,Exceptional,Staycation,Nothing to say. Everything is superb. Been staying here for so many times the standard and cleaniness is superb. Location is good and connected to the mall.,20-Apr-26
219,2190,Abdika,Indonesia,Couple,Superior Room Queen,Stayed 1 night in April 2025,8.8,Excellent,Good and comfy stay,"Rating: 4/5 The room was a bit old but overall okay—clean and well-maintained. The bathroom, especially the shower, worked just fine. Food was decent, nothing special but acceptable. What really stood out was the service. All the staff were kind, warm, and very helpful throughout our stay. One unique perk was the exclusive access to Botani Square, which was a nice touch. The only downside was the lobby. It felt quite small and didn't give off an exclusive or premium vibe, which could be improved. Overall, a comfortable stay with great service!",17-Apr-25
220,2191,Triana,Indonesia,Family with young children,,Stayed 5 nights in February 2014,8.7,Excellent,Tenang & menyenangkan,"Secara keseluruhan cukup memuaskan. Suasana tenang, cocok bagi saya yang membawa bayi. Sarapan beragam dan berganti setiap hari sehingga tidak membosankan. Pelayanan ramah. Fasilitas cukup lengkap. Lokasi strategis dan terhubung dengan mall.",20-Feb-14
220,2192,uke,Indonesia,Family with young children,,Stayed 1 night in August 2013,7,Very good,lokasi luar biasa,,14-Jan-14
220,2193,uke,Indonesia,Family with young children,,Stayed 1 night in August 2013,7,Very good,lokasi bagus,,14-Jan-14
220,2194,Dewi,Indonesia,Family with teens,,Stayed 1 night in December 2013,7,Very good,"lokasi baik , tengah kota",,3-Jan-14
220,2195,adi,Indonesia,Solo traveler,,Stayed 1 night in December 2013,8,Excellent,"hotel yang nyaman,bersih dan pelayanan ramah",menyenangkan walaupun cuma dapat kamar untuk 1 hari saja karena penuh waktu tahun baru,3-Jan-14
220,2196,Yullia,Indonesia,Couple,Superior Room Queen,Stayed 1 night in April 2026,9.6,Exceptional,Sabtu ceria,"Over all bagus, makanan enak, lokasi sangat strategis. Tolong sediakan hair dryer di kamar biar tambah baik kualitas hotelnya",16-Apr-26
220,2197,Latifah,Indonesia,Family with teens,Deluxe Room Queen,Stayed 1 night in February 2026,10,Exceptional,Rekomendasi staycation yang nyaman,"Kamar bersih dan terawat, staff yang ramah, akses ke mall lebih mudah, menu breakfast yang bervariasi dan enak enak, 🫶🏼",17-Feb-26
220,2198,Novita,Indonesia,Solo traveler,Superior Room Queen,Stayed 1 night in May 2025,10,Exceptional,Terbaikk,"Hotel yang sangat nyaman, berada ditengah kota, dibawahnya ada mall, kalau mau jogging tinggal nyebrang ke kebun raya Bogor. Kamarnya sangat luas, bersih, rapih. Pokoknya the bestt😍",29-Sep-25
220,2199,Mohammad,Singapore,Couple,Executive Room,Stayed 7 nights in April 2026,10,Exceptional,Staycation,Nothing to say. Everything is superb. Been staying here for so many times the standard and cleaniness is superb. Location is good and connected to the mall.,20-Apr-26
220,2200,Abdika,Indonesia,Couple,Superior Room Queen,Stayed 1 night in April 2025,8.8,Excellent,Good and comfy stay,"Rating: 4/5 The room was a bit old but overall okay—clean and well-maintained. The bathroom, especially the shower, worked just fine. Food was decent, nothing special but acceptable. What really stood out was the service. All the staff were kind, warm, and very helpful throughout our stay. One unique perk was the exclusive access to Botani Square, which was a nice touch. The only downside was the lobby. It felt quite small and didn't give off an exclusive or premium vibe, which could be improved. Overall, a comfortable stay with great service!",17-Apr-25
221,2201,Medi,Indonesia,Family with teens,,Stayed 1 night in December 2013,6,,hotel sesuai fungsinya,,2-Jan-14
221,2202,Jessicha,Indonesia,Group,,Stayed 3 nights in December 2013,8,Excellent,Hotel yang nyaman,"saya bersama keluarga sangat senang dengan kebersihan n kenyamanan kamar hotel, namun ada bbrp saran perbaikan : - areal perparkiran tersendiri dan nyaman, terpantau dengan baik. - penegasan peraturan u breakfast : 1 kamar hanya berlaku u 2 orang, karena pada kenyataannya 1 kamar bs berbarengan masuk lebih dari 2 orang tentunya, perlu ketegasan. (namun sy dan keluarga tidak melakukan kecurangan tsb). - kolam renang anak agar dapat lebih dipikirkan. - lift agak kekecilan satu hal keluhan saya, bhw saya kehilangan sendok sy, sekalipun senok biasa, namun menunjukkan kejujuran seseorang, terutama house keeping. secara keseluruhan kamipuas dengan pelayanan dan kenyamanan serta kebersihan hotel.",1-Jan-14
221,2203,Bakrun,Indonesia,Solo traveler,,Stayed 2 nights in December 2013,7,Very good,Hotel baru yang cukup strategis di Bogor,Cukup menyenangkan dan berkesan selama menginap di Hotel ini. Kami sekeluarga bisa relax Kendala utama adalah tempat parkir mobil yang harus berebut dengan pengunjung mall,29-Dec-13
221,2204,Fathir,Indonesia,Business traveler,,Stayed 1 night in December 2013,9.7,Exceptional,"kamar bersih, sarapan pagi bervariasi dan enak","kamar nyaman, pemandangan yang indah dapat dilihat dari jendela kamar, sarapan pagi bervariasi, dilengkapi dengan menu yang unik spt jajanan pasar dan makanan khas bogor, rasanya juga enak, staf ramah",12-Dec-13
221,2205,rifan,Indonesia,Couple,,Stayed 1 night in November 2013,9.7,Exceptional,Bintang 3 layanan bintang 5,Saya sudah bias a menginap di hotel ini.jadi sudah tidak diragukan lagi.apalagi makanan ya.......banyan macemnya....staff Nya ramahhhhhhh bgt,30-Nov-13
221,2206,Yullia,Indonesia,Couple,Superior Room Queen,Stayed 1 night in April 2026,9.6,Exceptional,Sabtu ceria,"Over all bagus, makanan enak, lokasi sangat strategis. Tolong sediakan hair dryer di kamar biar tambah baik kualitas hotelnya",16-Apr-26
221,2207,Latifah,Indonesia,Family with teens,Deluxe Room Queen,Stayed 1 night in February 2026,10,Exceptional,Rekomendasi staycation yang nyaman,"Kamar bersih dan terawat, staff yang ramah, akses ke mall lebih mudah, menu breakfast yang bervariasi dan enak enak, 🫶🏼",17-Feb-26
221,2208,Novita,Indonesia,Solo traveler,Superior Room Queen,Stayed 1 night in May 2025,10,Exceptional,Terbaikk,"Hotel yang sangat nyaman, berada ditengah kota, dibawahnya ada mall, kalau mau jogging tinggal nyebrang ke kebun raya Bogor. Kamarnya sangat luas, bersih, rapih. Pokoknya the bestt😍",29-Sep-25
221,2209,Mohammad,Singapore,Couple,Executive Room,Stayed 7 nights in April 2026,10,Exceptional,Staycation,Nothing to say. Everything is superb. Been staying here for so many times the standard and cleaniness is superb. Location is good and connected to the mall.,20-Apr-26
221,2210,Abdika,Indonesia,Couple,Superior Room Queen,Stayed 1 night in April 2025,8.8,Excellent,Good and comfy stay,"Rating: 4/5 The room was a bit old but overall okay—clean and well-maintained. The bathroom, especially the shower, worked just fine. Food was decent, nothing special but acceptable. What really stood out was the service. All the staff were kind, warm, and very helpful throughout our stay. One unique perk was the exclusive access to Botani Square, which was a nice touch. The only downside was the lobby. It felt quite small and didn't give off an exclusive or premium vibe, which could be improved. Overall, a comfortable stay with great service!",17-Apr-25
222,2211,IWAN,Indonesia,Solo traveler,,Stayed 1 night in November 2013,10,Exceptional,liburan yang menyenangkan,saya menginap di bogor kebetulan sekalian menghadiri resepsi pernikahan dan sekaligus mengajak anak saya bermain di safari bogor,29-Nov-13
222,2212,Maria,Indonesia,Solo traveler,,Stayed 2 nights in October 2013,8,Excellent,Memuaskan,Menginap di Hotel Santika Bogor menyenangkan. Kamar non smoking yg disediakan sangat nyaman.,10-Nov-13
222,2213,nancy,Indonesia,Family with young children,,Stayed 1 night in November 2013,5.3,,Hotel utk org yg singgah Bukan utk family,"Lumayan,hanya lift ya tdk memadai .dgn hotel yg mempunyai akses lgsg,harus ya liftnya besar.jd tdk perlu antri utk naik.utk breakfast jg biasa saja.kamar Kecil.",8-Nov-13
222,2214,helen,Indonesia,Family with young children,,Stayed 1 night in August 2013,8,Excellent,Selalu menyenangkan menginap di Santika,kami selalu mendapat pengalaman yang menyenangkan setiap kali menginap di Santika.,4-Nov-13
222,2215,Lastri,Indonesia,Business traveler,,Stayed 1 night in October 2013,7.7,Very good,"Kamar luas, layanan cepat","Kamar cukup luas dan nyaman, lokasi dekat kemana-mana, namun fasilitas di kamar hendaknya disediakan kulkas dan hairdryer serta akses internet dapat dipercepat koneksinya.",31-Oct-13
222,2216,Yullia,Indonesia,Couple,Superior Room Queen,Stayed 1 night in April 2026,9.6,Exceptional,Sabtu ceria,"Over all bagus, makanan enak, lokasi sangat strategis. Tolong sediakan hair dryer di kamar biar tambah baik kualitas hotelnya",16-Apr-26
222,2217,Latifah,Indonesia,Family with teens,Deluxe Room Queen,Stayed 1 night in February 2026,10,Exceptional,Rekomendasi staycation yang nyaman,"Kamar bersih dan terawat, staff yang ramah, akses ke mall lebih mudah, menu breakfast yang bervariasi dan enak enak, 🫶🏼",17-Feb-26
222,2218,Novita,Indonesia,Solo traveler,Superior Room Queen,Stayed 1 night in May 2025,10,Exceptional,Terbaikk,"Hotel yang sangat nyaman, berada ditengah kota, dibawahnya ada mall, kalau mau jogging tinggal nyebrang ke kebun raya Bogor. Kamarnya sangat luas, bersih, rapih. Pokoknya the bestt😍",29-Sep-25
222,2219,Mohammad,Singapore,Couple,Executive Room,Stayed 7 nights in April 2026,10,Exceptional,Staycation,Nothing to say. Everything is superb. Been staying here for so many times the standard and cleaniness is superb. Location is good and connected to the mall.,20-Apr-26
222,2220,Abdika,Indonesia,Couple,Superior Room Queen,Stayed 1 night in April 2025,8.8,Excellent,Good and comfy stay,"Rating: 4/5 The room was a bit old but overall okay—clean and well-maintained. The bathroom, especially the shower, worked just fine. Food was decent, nothing special but acceptable. What really stood out was the service. All the staff were kind, warm, and very helpful throughout our stay. One unique perk was the exclusive access to Botani Square, which was a nice touch. The only downside was the lobby. It felt quite small and didn't give off an exclusive or premium vibe, which could be improved. Overall, a comfortable stay with great service!",17-Apr-25
223,2221,David,Indonesia,Solo traveler,,Stayed 1 night in October 2013,7.3,Very good,"Bersih, Dekat Jalan Tol","Kami menginap sayangnya hanya satu hari. Anak2 senang bermain di kolam renang, dan jalan2 di Mall malam hari",27-Oct-13
223,2222,Hendy,Indonesia,Business traveler,,Stayed 1 night in October 2013,6.3,Good,Dekat shopping centre dan pintu tol,"Hotel cukup strategis, kamar besar dan bersih. Bersebelahan dengan mall botani square.",8-Oct-13
223,2223,Andrianus,Indonesia,Family with young children,,Stayed 1 night in August 2013,6,,nyaman,ketika saya memasuki roomnya cukup menarik dengan desain yang modern,5-Oct-13
223,2224,Matius,Indonesia,Couple,,Stayed 1 night in September 2013,7.7,Very good,Hotel yang sangat nyaman,Secara keseluruhan sudah oke. Harga hotel yang cukup terjangkau dengan seluruh fasilitas yang cukup oke,8-Sep-13
223,2225,dwiyacitta,Indonesia,Family with young children,,Stayed 1 night in August 2013,7,Very good,Lokasi strategis,,4-Sep-13
223,2226,Yullia,Indonesia,Couple,Superior Room Queen,Stayed 1 night in April 2026,9.6,Exceptional,Sabtu ceria,"Over all bagus, makanan enak, lokasi sangat strategis. Tolong sediakan hair dryer di kamar biar tambah baik kualitas hotelnya",16-Apr-26
223,2227,Latifah,Indonesia,Family with teens,Deluxe Room Queen,Stayed 1 night in February 2026,10,Exceptional,Rekomendasi staycation yang nyaman,"Kamar bersih dan terawat, staff yang ramah, akses ke mall lebih mudah, menu breakfast yang bervariasi dan enak enak, 🫶🏼",17-Feb-26
223,2228,Novita,Indonesia,Solo traveler,Superior Room Queen,Stayed 1 night in May 2025,10,Exceptional,Terbaikk,"Hotel yang sangat nyaman, berada ditengah kota, dibawahnya ada mall, kalau mau jogging tinggal nyebrang ke kebun raya Bogor. Kamarnya sangat luas, bersih, rapih. Pokoknya the bestt😍",29-Sep-25
223,2229,Mohammad,Singapore,Couple,Executive Room,Stayed 7 nights in April 2026,10,Exceptional,Staycation,Nothing to say. Everything is superb. Been staying here for so many times the standard and cleaniness is superb. Location is good and connected to the mall.,20-Apr-26
223,2230,Abdika,Indonesia,Couple,Superior Room Queen,Stayed 1 night in April 2025,8.8,Excellent,Good and comfy stay,"Rating: 4/5 The room was a bit old but overall okay—clean and well-maintained. The bathroom, especially the shower, worked just fine. Food was decent, nothing special but acceptable. What really stood out was the service. All the staff were kind, warm, and very helpful throughout our stay. One unique perk was the exclusive access to Botani Square, which was a nice touch. The only downside was the lobby. It felt quite small and didn't give off an exclusive or premium vibe, which could be improved. Overall, a comfortable stay with great service!",17-Apr-25
224,2231,Yoana,Indonesia,Solo traveler,,Stayed 4 nights in August 2013,8,Excellent,Hotel yang nyaman dengan lokasi yang strategis,Menyenangkan dan anak-anak sangat menikmati kolam renang ditambah lokasi yang menjadi satu dengan Botani Square sehingga memudahkan untuk berbelanja. Udara yang bersih karena dekat dengan kebun raya bogor,25-Aug-13
224,2232,iyan,Indonesia,Solo traveler,,Stayed 1 night in August 2013,8.7,Excellent,hotel sangat recommended utk keluarga dan bisnis,"berjalan dengan lancar, semua informasi dan pelayanan sesuai dengan yang diperlukan",21-Aug-13
224,2233,YANDI,Indonesia,Family with young children,,Stayed 1 night in April 2013,8,Excellent,Hotel yang dekat dengan shopping centre,"kamar yang bersih & menyenangkan. pelayanan cek-in yang cepat dengan staf yang ramah. Dekat dengan shopping mall, mudah untuk transportasi kemana-mana",20-Aug-13
224,2234,Devi,Indonesia,Couple,,Stayed 1 night in March 2013,7.3,Very good,"bersih,dekat mall dan hijau","Hotel ini sangat dekat dengan mall dan kebun raya bogor, dan ada live music setiap malam minggu dekat kolam renang",20-Jul-13
224,2235,Indra,Indonesia,Family with young children,,Stayed 2 nights in July 2013,9.7,Exceptional,hotel yang nyaman dan strategis,Secara umum lancar. Meskipun area parkir awalnya membingungkan namun pelayanan valley sangat baik dan responsif,7-Jul-13
224,2236,Yullia,Indonesia,Couple,Superior Room Queen,Stayed 1 night in April 2026,9.6,Exceptional,Sabtu ceria,"Over all bagus, makanan enak, lokasi sangat strategis. Tolong sediakan hair dryer di kamar biar tambah baik kualitas hotelnya",16-Apr-26
224,2237,Latifah,Indonesia,Family with teens,Deluxe Room Queen,Stayed 1 night in February 2026,10,Exceptional,Rekomendasi staycation yang nyaman,"Kamar bersih dan terawat, staff yang ramah, akses ke mall lebih mudah, menu breakfast yang bervariasi dan enak enak, 🫶🏼",17-Feb-26
224,2238,Novita,Indonesia,Solo traveler,Superior Room Queen,Stayed 1 night in May 2025,10,Exceptional,Terbaikk,"Hotel yang sangat nyaman, berada ditengah kota, dibawahnya ada mall, kalau mau jogging tinggal nyebrang ke kebun raya Bogor. Kamarnya sangat luas, bersih, rapih. Pokoknya the bestt😍",29-Sep-25
224,2239,Mohammad,Singapore,Couple,Executive Room,Stayed 7 nights in April 2026,10,Exceptional,Staycation,Nothing to say. Everything is superb. Been staying here for so many times the standard and cleaniness is superb. Location is good and connected to the mall.,20-Apr-26
224,2240,Abdika,Indonesia,Couple,Superior Room Queen,Stayed 1 night in April 2025,8.8,Excellent,Good and comfy stay,"Rating: 4/5 The room was a bit old but overall okay—clean and well-maintained. The bathroom, especially the shower, worked just fine. Food was decent, nothing special but acceptable. What really stood out was the service. All the staff were kind, warm, and very helpful throughout our stay. One unique perk was the exclusive access to Botani Square, which was a nice touch. The only downside was the lobby. It felt quite small and didn't give off an exclusive or premium vibe, which could be improved. Overall, a comfortable stay with great service!",17-Apr-25
225,2241,Defrizal,Indonesia,Couple,,Stayed 2 nights in June 2013,8,Excellent,Bersih terjangkau asyik,,28-Jun-13
225,2242,Amru,Indonesia,Family with teens,,Stayed 1 night in June 2013,7.3,Very good,Nyman dan serba adaL,"Pengalaman yang berkesan, dengan layanan staf yang baik dan segera atas semua permintaan dan kebutuhan khusus. Dalam keadaan ruang parki terbatas, layanan petugas tetap baik.",27-Jun-13
225,2243,Zuhaida,Indonesia,Family with young children,,Stayed 1 night in June 2013,7.3,Very good,hotel dekat kebun raya,,19-Jun-13
225,2244,Estiningsih,Indonesia,Family with young children,,Stayed 1 night in June 2013,7.3,Very good,Kebahagiaan Anak-anak adalah Kebahagianku,"Berhubung hanya keluarga saya saja yg menginap, jadi secara keselurihan baik. Pada dasarnya anak-anak saya senang.",18-Jun-13
225,2245,achmad,Indonesia,Solo traveler,,Stayed 1 night in May 2013,7.3,Very good,hotel yang enak untuk shopping,"dekat akses toll jagorawi, dekat botani shoping center,",5-Jun-13
225,2246,Yullia,Indonesia,Couple,Superior Room Queen,Stayed 1 night in April 2026,9.6,Exceptional,Sabtu ceria,"Over all bagus, makanan enak, lokasi sangat strategis. Tolong sediakan hair dryer di kamar biar tambah baik kualitas hotelnya",16-Apr-26
225,2247,Latifah,Indonesia,Family with teens,Deluxe Room Queen,Stayed 1 night in February 2026,10,Exceptional,Rekomendasi staycation yang nyaman,"Kamar bersih dan terawat, staff yang ramah, akses ke mall lebih mudah, menu breakfast yang bervariasi dan enak enak, 🫶🏼",17-Feb-26
225,2248,Novita,Indonesia,Solo traveler,Superior Room Queen,Stayed 1 night in May 2025,10,Exceptional,Terbaikk,"Hotel yang sangat nyaman, berada ditengah kota, dibawahnya ada mall, kalau mau jogging tinggal nyebrang ke kebun raya Bogor. Kamarnya sangat luas, bersih, rapih. Pokoknya the bestt😍",29-Sep-25
225,2249,Mohammad,Singapore,Couple,Executive Room,Stayed 7 nights in April 2026,10,Exceptional,Staycation,Nothing to say. Everything is superb. Been staying here for so many times the standard and cleaniness is superb. Location is good and connected to the mall.,20-Apr-26
225,2250,Abdika,Indonesia,Couple,Superior Room Queen,Stayed 1 night in April 2025,8.8,Excellent,Good and comfy stay,"Rating: 4/5 The room was a bit old but overall okay—clean and well-maintained. The bathroom, especially the shower, worked just fine. Food was decent, nothing special but acceptable. What really stood out was the service. All the staff were kind, warm, and very helpful throughout our stay. One unique perk was the exclusive access to Botani Square, which was a nice touch. The only downside was the lobby. It felt quite small and didn't give off an exclusive or premium vibe, which could be improved. Overall, a comfortable stay with great service!",17-Apr-25
226,2251,dini,Indonesia,Couple,,Stayed 1 night in January 2013,6.3,Good,cukup bagus,,5-Jun-13
226,2252,sengus,Indonesia,Couple,,Stayed 1 night in June 2013,8.3,Excellent,Hotelnya terletak di lokasi yg dekat ke mana2,"cukup berkesan menginap di sini, dikarenakan letak hotel yang berada dengan pusat perbelanjaan+jajanan makanan yang beraneka macam..",5-Jun-13
226,2253,Suparno,Indonesia,Couple,,Stayed 2 nights in May 2013,8,Excellent,Lokasi yang sang at strategis di pusat Kota,Layanan agoda yang cepat Dan pasti. Mengatasi kesulitan mendapatkan layanan cek in di hotel lain melalui agoda cepat Dan mudah,18-May-13
226,2254,tommy,Indonesia,Business traveler,,Stayed 1 night in April 2013,8,Excellent,"berdinas di luar kota, menginap di hotel yang baik","acara dinas lancar dengan harga yang pantas, lokasi hotel yang strategis dengan fasilitas yang baik, di tambah akses yang mudah di tengah kota bogor",14-May-13
226,2255,faridah,Indonesia,Family with teens,,Stayed 1 night in May 2013,7.7,Very good,saya senang menginap d santika hotel,,10-May-13
226,2256,Yullia,Indonesia,Couple,Superior Room Queen,Stayed 1 night in April 2026,9.6,Exceptional,Sabtu ceria,"Over all bagus, makanan enak, lokasi sangat strategis. Tolong sediakan hair dryer di kamar biar tambah baik kualitas hotelnya",16-Apr-26
226,2257,Latifah,Indonesia,Family with teens,Deluxe Room Queen,Stayed 1 night in February 2026,10,Exceptional,Rekomendasi staycation yang nyaman,"Kamar bersih dan terawat, staff yang ramah, akses ke mall lebih mudah, menu breakfast yang bervariasi dan enak enak, 🫶🏼",17-Feb-26
226,2258,Novita,Indonesia,Solo traveler,Superior Room Queen,Stayed 1 night in May 2025,10,Exceptional,Terbaikk,"Hotel yang sangat nyaman, berada ditengah kota, dibawahnya ada mall, kalau mau jogging tinggal nyebrang ke kebun raya Bogor. Kamarnya sangat luas, bersih, rapih. Pokoknya the bestt😍",29-Sep-25
226,2259,Mohammad,Singapore,Couple,Executive Room,Stayed 7 nights in April 2026,10,Exceptional,Staycation,Nothing to say. Everything is superb. Been staying here for so many times the standard and cleaniness is superb. Location is good and connected to the mall.,20-Apr-26
226,2260,Abdika,Indonesia,Couple,Superior Room Queen,Stayed 1 night in April 2025,8.8,Excellent,Good and comfy stay,"Rating: 4/5 The room was a bit old but overall okay—clean and well-maintained. The bathroom, especially the shower, worked just fine. Food was decent, nothing special but acceptable. What really stood out was the service. All the staff were kind, warm, and very helpful throughout our stay. One unique perk was the exclusive access to Botani Square, which was a nice touch. The only downside was the lobby. It felt quite small and didn't give off an exclusive or premium vibe, which could be improved. Overall, a comfortable stay with great service!",17-Apr-25
227,2261,Andhika,Indonesia,Family with young children,,Stayed 1 night in December 2012,6.3,Good,Hotel Keluarga,,26-Apr-13
227,2262,Asih,Indonesia,Couple,,Stayed 1 night in March 2013,9.3,Exceptional,Privacy dan sangat menyengkan,,24-Apr-13
227,2263,Defrizal,Indonesia,Solo traveler,,Stayed 2 nights in April 2013,8,Excellent,So comfortable,,11-Apr-13
227,2264,hendrico,Indonesia,Family with young children,,Stayed 1 night in April 2013,8,Excellent,hotel dengan mall,hotel yang cukup nyaman dan menyatu dengan mall yang sangat ramai,11-Apr-13
227,2265,Mila,Indonesia,Solo traveler,,Stayed 2 nights in March 2013,9.3,Exceptional,sangat menyenangkan,Selama menginap 2 malam di hotel ini kami sangat merasa nyaman. Apalagi kami sangat terkesan dengan sarapan pagi yang bervariatif dan didukung rasa yang enak. Saya pun tidak kesulitan mendapatkan parkir karena ada sistem valley.,9-Apr-13
227,2266,Yullia,Indonesia,Couple,Superior Room Queen,Stayed 1 night in April 2026,9.6,Exceptional,Sabtu ceria,"Over all bagus, makanan enak, lokasi sangat strategis. Tolong sediakan hair dryer di kamar biar tambah baik kualitas hotelnya",16-Apr-26
227,2267,Latifah,Indonesia,Family with teens,Deluxe Room Queen,Stayed 1 night in February 2026,10,Exceptional,Rekomendasi staycation yang nyaman,"Kamar bersih dan terawat, staff yang ramah, akses ke mall lebih mudah, menu breakfast yang bervariasi dan enak enak, 🫶🏼",17-Feb-26
227,2268,Novita,Indonesia,Solo traveler,Superior Room Queen,Stayed 1 night in May 2025,10,Exceptional,Terbaikk,"Hotel yang sangat nyaman, berada ditengah kota, dibawahnya ada mall, kalau mau jogging tinggal nyebrang ke kebun raya Bogor. Kamarnya sangat luas, bersih, rapih. Pokoknya the bestt😍",29-Sep-25
227,2269,Mohammad,Singapore,Couple,Executive Room,Stayed 7 nights in April 2026,10,Exceptional,Staycation,Nothing to say. Everything is superb. Been staying here for so many times the standard and cleaniness is superb. Location is good and connected to the mall.,20-Apr-26
227,2270,Abdika,Indonesia,Couple,Superior Room Queen,Stayed 1 night in April 2025,8.8,Excellent,Good and comfy stay,"Rating: 4/5 The room was a bit old but overall okay—clean and well-maintained. The bathroom, especially the shower, worked just fine. Food was decent, nothing special but acceptable. What really stood out was the service. All the staff were kind, warm, and very helpful throughout our stay. One unique perk was the exclusive access to Botani Square, which was a nice touch. The only downside was the lobby. It felt quite small and didn't give off an exclusive or premium vibe, which could be improved. Overall, a comfortable stay with great service!",17-Apr-25
228,2271,andi,Indonesia,Business traveler,,Stayed 1 night in March 2013,5.7,,"strategis, nyaman, mudah dijangkau",hotel ini sangat strategis dan mudah dijangkau serta dekat dengan toll. terintergrasi dengan Mall Botani Squree... sangat menyenangkan dan pilihan yang tepat menginap disini...,31-Mar-13
228,2272,achmad,Indonesia,Solo traveler,,Stayed 1 night in March 2013,6.3,Good,lovely city hotel,"nice, nyaman untuk istirahat, tidak bising. menu makan pagi sangat atraktif dan taste very good. pelayanan cukup baik, fasilitas kamar cukup but telalu mahal untuk harga hotelnya.",15-Mar-13
228,2273,Mustofa,Indonesia,Family with teens,,Stayed 1 night in March 2013,8,Excellent,Hotel bagus dekat Mall,,14-Mar-13
228,2274,Andhica,Indonesia,Family with young children,,Stayed 2 nights in January 2013,9.7,Exceptional,dekat mall,"dekat tol jagorawi, bus damri bandara, botani square, dekat restoran roti unyil, akses mudah ke puncak, room yang nyaman",10-Mar-13
228,2275,Lazuardi,Indonesia,Solo traveler,,Stayed 1 night in February 2013,8,Excellent,Hotel di Pusat Kota Bogor dengan Pemandangan Indah,"pertama masuk ke hotel ini disambut ramah oleh resepsionisnya yang kebetulan ternyata berasal dari daerah yang sama dengan saya. hotel ini terletak di pusat kota bogor/ kawasan mall botani square, langsung berhadapan dengan tugu kujang, terminal barangsiang, kampus ipb lama, dan kebun raya bogor(landmark kota bogor). meskipun kamarnya bernuansa minimalis namun tertutupi dengan pemandangan di luar kamar hotel yang menakjubkan. bisa terlihat gunung2 yang mengelilingi kota bogor.",21-Feb-13
228,2276,Yullia,Indonesia,Couple,Superior Room Queen,Stayed 1 night in April 2026,9.6,Exceptional,Sabtu ceria,"Over all bagus, makanan enak, lokasi sangat strategis. Tolong sediakan hair dryer di kamar biar tambah baik kualitas hotelnya",16-Apr-26
228,2277,Latifah,Indonesia,Family with teens,Deluxe Room Queen,Stayed 1 night in February 2026,10,Exceptional,Rekomendasi staycation yang nyaman,"Kamar bersih dan terawat, staff yang ramah, akses ke mall lebih mudah, menu breakfast yang bervariasi dan enak enak, 🫶🏼",17-Feb-26
228,2278,Novita,Indonesia,Solo traveler,Superior Room Queen,Stayed 1 night in May 2025,10,Exceptional,Terbaikk,"Hotel yang sangat nyaman, berada ditengah kota, dibawahnya ada mall, kalau mau jogging tinggal nyebrang ke kebun raya Bogor. Kamarnya sangat luas, bersih, rapih. Pokoknya the bestt😍",29-Sep-25
228,2279,Mohammad,Singapore,Couple,Executive Room,Stayed 7 nights in April 2026,10,Exceptional,Staycation,Nothing to say. Everything is superb. Been staying here for so many times the standard and cleaniness is superb. Location is good and connected to the mall.,20-Apr-26
228,2280,Abdika,Indonesia,Couple,Superior Room Queen,Stayed 1 night in April 2025,8.8,Excellent,Good and comfy stay,"Rating: 4/5 The room was a bit old but overall okay—clean and well-maintained. The bathroom, especially the shower, worked just fine. Food was decent, nothing special but acceptable. What really stood out was the service. All the staff were kind, warm, and very helpful throughout our stay. One unique perk was the exclusive access to Botani Square, which was a nice touch. The only downside was the lobby. It felt quite small and didn't give off an exclusive or premium vibe, which could be improved. Overall, a comfortable stay with great service!",17-Apr-25
229,2281,Bakhtiar,Indonesia,Family with young children,,Stayed 3 nights in January 2013,7,Very good,Bisnis dan Liburan di Bogor,"datang kedua kalinya ke santika, saya dan keluarga memang tiba terlalu awal (jam 09:00) dibandingkan jam check in. front desk menyatakan jam check in jam 14:00. saya dan keluarga (dengan dua ana kecil) akhirnya memustuskan jalan-jalan ke mall dan kebun raya sembari berpesan untuk dihubungi jika kamar sudah siap. hal yang sangat disesalkan ialah seolah-olah front desk meminta untuk check in jam 14:00 meski kamar sudah siap. ya memang aturan hotel sihhhh.... cman saya berkali-kali nginap di berbagai hotel, mereka tidak keberatan sama sekali untuk early check in kalo memang kamar available. secara overall, tinggal di santika cukup nyaman. fasilitas kamar, shower, menu breakfast cukup membuat kami betah.",9-Feb-13
229,2282,wurry,Indonesia,Family with teens,,Stayed 1 night in January 2013,5.3,,Lokasi strategis dengan fasilitas minimalis,"Desain kamar dan fasilitasnya yang minimalis tidak cocok untuk trip keluarga. Dalam kamar tidak tersedia kulkas, hairdryer dan ukuran televisi kecil membuat kamar kurang terasa hangat selain warna catnya yang sangat kaku. Fasilitasnya tidak lebih seperti kamar di rumah sendiri. Yang berkesan adalah sarapan pagi yang lengkap dan para kru yang ramah menyapa. Namun jangan berekspektasi untuk mendapat buffet dinner yang 'layak' seperti hotel lain sekelas Santika. Secara keseluruhan, dengan tarif tersebut fasilitas yang diberikan oleh hotel kurang memuaskan.",4-Feb-13
229,2283,danny,Indonesia,Family with teens,,Stayed 1 night in December 2012,4.3,,Lokasi di Botani Square,standar value hotel dengan charge full service. Restoran yang kecil dan tanpa persiapan sehingga tamu kebingungan untuk makan karena sudah kehabisan. Memalukan. Pemandangan dari kamar sangat mengganggu karena jelas tidak diperhitungkan sama sekali... view atap mall dengan penutup sekedarnya... Furniture murahan yang ringkih dan channel TV yang tidak jernih dan sangat terbatas.,31-Jan-13
229,2284,Budiono,Indonesia,Family with young children,,Stayed 2 nights in January 2013,7,Very good,lokasi yang strategis jadi satu dengan mall,meskipun kamar hotelnya kecil akan tetapi letaknya cukup strategis ditengah kota bogor dan jadi satu lokasi dengan pusat perbelanjaan. Untuk kamar cukup bersih hanya saja saat saya menginap AC bocor sehingga air AC menetes di atas meja tulis.,20-Jan-13
229,2285,dwina,Indonesia,Business traveler,,Stayed 1 night in January 2013,8.3,Excellent,lokasi hebat tapi tempat parkir susah,"lokasinya mudah dijangkau, dan dekat dengan pusat perbelanjaan dan kebun raya bogor ...sangat sesuai apabila membawa keluarga, namun lokasi untuk parkir hotelnya kecil , sehingga agak menyusahkan pada saat ramai.",18-Jan-13
229,2286,Yullia,Indonesia,Couple,Superior Room Queen,Stayed 1 night in April 2026,9.6,Exceptional,Sabtu ceria,"Over all bagus, makanan enak, lokasi sangat strategis. Tolong sediakan hair dryer di kamar biar tambah baik kualitas hotelnya",16-Apr-26
229,2287,Latifah,Indonesia,Family with teens,Deluxe Room Queen,Stayed 1 night in February 2026,10,Exceptional,Rekomendasi staycation yang nyaman,"Kamar bersih dan terawat, staff yang ramah, akses ke mall lebih mudah, menu breakfast yang bervariasi dan enak enak, 🫶🏼",17-Feb-26
229,2288,Novita,Indonesia,Solo traveler,Superior Room Queen,Stayed 1 night in May 2025,10,Exceptional,Terbaikk,"Hotel yang sangat nyaman, berada ditengah kota, dibawahnya ada mall, kalau mau jogging tinggal nyebrang ke kebun raya Bogor. Kamarnya sangat luas, bersih, rapih. Pokoknya the bestt😍",29-Sep-25
229,2289,Mohammad,Singapore,Couple,Executive Room,Stayed 7 nights in April 2026,10,Exceptional,Staycation,Nothing to say. Everything is superb. Been staying here for so many times the standard and cleaniness is superb. Location is good and connected to the mall.,20-Apr-26
229,2290,Abdika,Indonesia,Couple,Superior Room Queen,Stayed 1 night in April 2025,8.8,Excellent,Good and comfy stay,"Rating: 4/5 The room was a bit old but overall okay—clean and well-maintained. The bathroom, especially the shower, worked just fine. Food was decent, nothing special but acceptable. What really stood out was the service. All the staff were kind, warm, and very helpful throughout our stay. One unique perk was the exclusive access to Botani Square, which was a nice touch. The only downside was the lobby. It felt quite small and didn't give off an exclusive or premium vibe, which could be improved. Overall, a comfortable stay with great service!",17-Apr-25
230,2291,Yandra,Indonesia,Family with teens,,Stayed 1 night in January 2013,8,Excellent,Hotel yg nyaman terhubung dengan shopping centre,hotel yg nyaman terintegrasi dengan shopping centre .,17-Jan-13
230,2292,Zahroh,Indonesia,Family with young children,,Stayed 1 night in December 2012,7.7,Very good,Lokasi yang menarik,"Menyenangkan dan berkesan, membuat kami ingin kembali lagi",13-Jan-13
230,2293,susi,Indonesia,Family with teens,,Stayed 1 night in December 2012,10,Exceptional,hotel dan layanan yg bagus disertai senyuman,"saya suka menginap di santika,lokasinya bagus,dekat kemana mana,apalagi menyambung ke mall botani nya,kami akan menginap lagi disana jika ada promo-promo yg murah...",10-Jan-13
230,2294,Gina,Indonesia,Couple,,Stayed 2 nights in August 2012,8,Excellent,Hotel yang Sangat strategis,Kami menginap dalam rangka ulang tahun perkawinan kami sebagai hadiah dari seorang teman. Hotel baru ini sangat nyaman dan sangat strategis dan dekat dengan Kebun Raya Bogor dan di depan ikon Kota Bogor yaitu Tugu Kujang. Kamar kami terasa nyaman dan bersih dengan pelayanan ramah.,7-Jan-13
230,2295,Hana,Indonesia,Family with teens,,Stayed 3 nights in December 2012,6.7,Good,Hotel dgn lokasi yg sangat strategis,Kami menginap menjelang akhir tahun sehingga suasana hotel sangat ramai...proses cek in cukup singkat dan petugas cukup ramah melayani dg senyuman. Yang membuat kurang nyaman adalah lift yg menurut saya terlalu kecil sehingga dg kondisi high season saat itu kami mengantri cukup lama. Sarapan pagi menu yg disajikan standar saja,3-Jan-13
230,2296,Yullia,Indonesia,Couple,Superior Room Queen,Stayed 1 night in April 2026,9.6,Exceptional,Sabtu ceria,"Over all bagus, makanan enak, lokasi sangat strategis. Tolong sediakan hair dryer di kamar biar tambah baik kualitas hotelnya",16-Apr-26
230,2297,Latifah,Indonesia,Family with teens,Deluxe Room Queen,Stayed 1 night in February 2026,10,Exceptional,Rekomendasi staycation yang nyaman,"Kamar bersih dan terawat, staff yang ramah, akses ke mall lebih mudah, menu breakfast yang bervariasi dan enak enak, 🫶🏼",17-Feb-26
230,2298,Novita,Indonesia,Solo traveler,Superior Room Queen,Stayed 1 night in May 2025,10,Exceptional,Terbaikk,"Hotel yang sangat nyaman, berada ditengah kota, dibawahnya ada mall, kalau mau jogging tinggal nyebrang ke kebun raya Bogor. Kamarnya sangat luas, bersih, rapih. Pokoknya the bestt😍",29-Sep-25
230,2299,Mohammad,Singapore,Couple,Executive Room,Stayed 7 nights in April 2026,10,Exceptional,Staycation,Nothing to say. Everything is superb. Been staying here for so many times the standard and cleaniness is superb. Location is good and connected to the mall.,20-Apr-26
230,2300,Abdika,Indonesia,Couple,Superior Room Queen,Stayed 1 night in April 2025,8.8,Excellent,Good and comfy stay,"Rating: 4/5 The room was a bit old but overall okay—clean and well-maintained. The bathroom, especially the shower, worked just fine. Food was decent, nothing special but acceptable. What really stood out was the service. All the staff were kind, warm, and very helpful throughout our stay. One unique perk was the exclusive access to Botani Square, which was a nice touch. The only downside was the lobby. It felt quite small and didn't give off an exclusive or premium vibe, which could be improved. Overall, a comfortable stay with great service!",17-Apr-25
231,2301,mui,Indonesia,Family with young children,,Stayed 1 night in December 2012,10,Exceptional,hotel dan layanan yang bagus disertai senyuman,"lokasi yang bagus karena satu lokasi dengan mall botani square jadi mau shopping,makan tidak repot harus mencari lagi di luar. hotel yang bersih.dekat dengan gerbang tol.",28-Dec-12
231,2302,budiarty,Indonesia,Family with teens,,Stayed 1 night in August 2012,8,Excellent,Lokasinya dekat dengan pusat kota,pelayanan hotel cukup baik hanya tempat parkir yang sulit.Mohon agar parkir tdk digabung dengan parkir yang di mall. Parkir untuk tamu hotel disiapkan di area tertentu. Pada waktu saya menginap cukup memakan waktu lama untuk mencari parkir,28-Dec-12
231,2303,Edwin,Indonesia,Couple,,Stayed 2 nights in December 2012,9.3,Exceptional,Hotel yg strategis letaknya dan bagus viewnya,"Nice Greetings, ramah, nice view, lokasi yg dekat dengan pusat perbelanjaan dan terminal bis",26-Dec-12
231,2304,buti,Indonesia,Family with young children,,Stayed 1 night in August 2012,6.7,Good,hotel yang cukup memuaskan,kami menginap satu hari dan cukup puas terhadap kamar yang kami tempati walaupun tidak terlalu besar namun rapih,5-Dec-12
231,2305,Puspa,,Family with teens,,Stayed 1 night in November 2012,8,Excellent,lokasi hebat dengan sarapan yang memuaskan,lokasinya sangat strategis berada di dekat pintu tol dan akses ke berbagai pusat belanja dan resto enak di bogor. Puas deh menginap di sini,26-Nov-12
231,2306,Yullia,Indonesia,Couple,Superior Room Queen,Stayed 1 night in April 2026,9.6,Exceptional,Sabtu ceria,"Over all bagus, makanan enak, lokasi sangat strategis. Tolong sediakan hair dryer di kamar biar tambah baik kualitas hotelnya",16-Apr-26
231,2307,Latifah,Indonesia,Family with teens,Deluxe Room Queen,Stayed 1 night in February 2026,10,Exceptional,Rekomendasi staycation yang nyaman,"Kamar bersih dan terawat, staff yang ramah, akses ke mall lebih mudah, menu breakfast yang bervariasi dan enak enak, 🫶🏼",17-Feb-26
231,2308,Novita,Indonesia,Solo traveler,Superior Room Queen,Stayed 1 night in May 2025,10,Exceptional,Terbaikk,"Hotel yang sangat nyaman, berada ditengah kota, dibawahnya ada mall, kalau mau jogging tinggal nyebrang ke kebun raya Bogor. Kamarnya sangat luas, bersih, rapih. Pokoknya the bestt😍",29-Sep-25
231,2309,Mohammad,Singapore,Couple,Executive Room,Stayed 7 nights in April 2026,10,Exceptional,Staycation,Nothing to say. Everything is superb. Been staying here for so many times the standard and cleaniness is superb. Location is good and connected to the mall.,20-Apr-26
231,2310,Abdika,Indonesia,Couple,Superior Room Queen,Stayed 1 night in April 2025,8.8,Excellent,Good and comfy stay,"Rating: 4/5 The room was a bit old but overall okay—clean and well-maintained. The bathroom, especially the shower, worked just fine. Food was decent, nothing special but acceptable. What really stood out was the service. All the staff were kind, warm, and very helpful throughout our stay. One unique perk was the exclusive access to Botani Square, which was a nice touch. The only downside was the lobby. It felt quite small and didn't give off an exclusive or premium vibe, which could be improved. Overall, a comfortable stay with great service!",17-Apr-25
232,2311,Letiana,Indonesia,Couple,,Stayed 1 night in October 2012,8,Excellent,Hotel dengan service memuaskan,Kamimenginap hanya semalam...tetapi kami merasa puas..selain lokasi menjadi satu dgn Botanic Mall..pelayanan dari staff hotel juga sangat memuaskan..mau membantu kami mengganti ban mobil yang kempes..,8-Nov-12
232,2312,BEKMAN,Indonesia,Solo traveler,,Stayed 5 nights in October 2012,8,Excellent,lokasi yang strategis dan gabung dengan mall,"tempat yang menyenangkan, karyawan hotel ramah-ramah",3-Nov-12
232,2313,irvan,Indonesia,Couple,,Stayed 1 night in October 2012,7.7,Very good,hotel good,hotel nya cukup nyaman tapi sayang ac nya bocor sehingga kamar agak banjir,2-Nov-12
232,2314,YUNARDI,Indonesia,Solo traveler,,Stayed 2 nights in September 2012,8.7,Excellent,Lokasi berdekatan dengan pusat kegiatan ekonomi,saya menginap disini dalam rangka reuni dengan teman-teman kuliah di ipb. panitia memilih hotel ini karena sangat berdekatan dengan ipb dimana kami pernah kuliah. hotel ini menyajikan sarapan yang cukup baik. pelayan cukup ramah dan sangta membantu ketika diperlukan.,10-Oct-12
232,2315,Triwanti,Indonesia,Couple,,Stayed 1 night in September 2012,6.3,Good,hotel layanan bagus dan pelayanan ramah,"sangat menyenangkan, karena tempatnya strategis ditengah2 mall, mudah untuk kemana2 karena tempat makan dan ada bioskop juga",10-Oct-12
232,2316,Yullia,Indonesia,Couple,Superior Room Queen,Stayed 1 night in April 2026,9.6,Exceptional,Sabtu ceria,"Over all bagus, makanan enak, lokasi sangat strategis. Tolong sediakan hair dryer di kamar biar tambah baik kualitas hotelnya",16-Apr-26
232,2317,Latifah,Indonesia,Family with teens,Deluxe Room Queen,Stayed 1 night in February 2026,10,Exceptional,Rekomendasi staycation yang nyaman,"Kamar bersih dan terawat, staff yang ramah, akses ke mall lebih mudah, menu breakfast yang bervariasi dan enak enak, 🫶🏼",17-Feb-26
232,2318,Novita,Indonesia,Solo traveler,Superior Room Queen,Stayed 1 night in May 2025,10,Exceptional,Terbaikk,"Hotel yang sangat nyaman, berada ditengah kota, dibawahnya ada mall, kalau mau jogging tinggal nyebrang ke kebun raya Bogor. Kamarnya sangat luas, bersih, rapih. Pokoknya the bestt😍",29-Sep-25
232,2319,Mohammad,Singapore,Couple,Executive Room,Stayed 7 nights in April 2026,10,Exceptional,Staycation,Nothing to say. Everything is superb. Been staying here for so many times the standard and cleaniness is superb. Location is good and connected to the mall.,20-Apr-26
232,2320,Abdika,Indonesia,Couple,Superior Room Queen,Stayed 1 night in April 2025,8.8,Excellent,Good and comfy stay,"Rating: 4/5 The room was a bit old but overall okay—clean and well-maintained. The bathroom, especially the shower, worked just fine. Food was decent, nothing special but acceptable. What really stood out was the service. All the staff were kind, warm, and very helpful throughout our stay. One unique perk was the exclusive access to Botani Square, which was a nice touch. The only downside was the lobby. It felt quite small and didn't give off an exclusive or premium vibe, which could be improved. Overall, a comfortable stay with great service!",17-Apr-25
233,2321,Niditiya,Indonesia,Solo traveler,,Stayed 2 nights in September 2012,9.7,Exceptional,Hotel yg nyaman dgn lokasi strategis,"Sangat menyenangkan menginap d Santika.. U yg ingin melepaskan sejenak dari rutinitas kerja, menurut saya cukup nyaman menghabisk akhir pekan di Bogor dam menginap d sini, apalagi jika pergi bersama keluarga, rasanya suasananya menyenangkan..",29-Sep-12
233,2322,tiffany,Indonesia,Business traveler,,Stayed 2 nights in September 2012,6,,hotel standard dan bersih,Hotel yang terletak sangat strategis karena terletak di daerah mall botani square. Bogor adalah kota persinggahan saya dalam urusan business.Dan bagusnya hotel ini terletak dekat dengan tol,26-Sep-12
233,2323,tiffany,Indonesia,Business traveler,,Stayed 1 night in September 2012,6,,hotel standard dan bersih,saya datang menginap di bogor dalam rangka bisnis. Sebenernya ini hanya persinggahan saya untuk menginap disini. Lumayan berkualitas untuk hotel di kota kecil seperti ini. Sangat cocok untuk anda yang ingin mencoba menginap disini bersama rekan business anda. Sekian Comment dari saya diharapkan bisa berguna untuk orang lain,25-Sep-12
233,2324,Rika,Indonesia,Family with teens,,Stayed 3 nights in May 2012,6,,lokasi,"kurang mengesankan, untuk harga yang di bayarkan tidak sesuai, hal yang perlu di perbaiki 1. breakfast menu : dikit sekali, dan rasanya kurang enak.. saya pernah menginap di santika lainnya tidak seperti ini 2. kamar sempit dan kurang luas 3. kunci kamar tidak bisa mendapatkan 2 4. tidak ada tempat bermain untuk anak-anak secara keseluruhan kurang memuaskan",22-Sep-12
233,2325,Nurhidayati,Indonesia,Family with teens,,Stayed 1 night in August 2012,9,Exceptional,hotel yg ramah dengan breakfast sangat memuaskan,"pelayanan hotel sangat baik, semua staf ramah dan melayani dg cepat.. kamar bersih, breakfastnya sangat memuaskan, dan lokasi sangat strategis...persis di atas mall botany square.. secara keseluruhan,fasilitas hotel ini sangat bagus dan pelayanan sangat memuaskan.",14-Sep-12
233,2326,Yullia,Indonesia,Couple,Superior Room Queen,Stayed 1 night in April 2026,9.6,Exceptional,Sabtu ceria,"Over all bagus, makanan enak, lokasi sangat strategis. Tolong sediakan hair dryer di kamar biar tambah baik kualitas hotelnya",16-Apr-26
233,2327,Latifah,Indonesia,Family with teens,Deluxe Room Queen,Stayed 1 night in February 2026,10,Exceptional,Rekomendasi staycation yang nyaman,"Kamar bersih dan terawat, staff yang ramah, akses ke mall lebih mudah, menu breakfast yang bervariasi dan enak enak, 🫶🏼",17-Feb-26
233,2328,Novita,Indonesia,Solo traveler,Superior Room Queen,Stayed 1 night in May 2025,10,Exceptional,Terbaikk,"Hotel yang sangat nyaman, berada ditengah kota, dibawahnya ada mall, kalau mau jogging tinggal nyebrang ke kebun raya Bogor. Kamarnya sangat luas, bersih, rapih. Pokoknya the bestt😍",29-Sep-25
233,2329,Mohammad,Singapore,Couple,Executive Room,Stayed 7 nights in April 2026,10,Exceptional,Staycation,Nothing to say. Everything is superb. Been staying here for so many times the standard and cleaniness is superb. Location is good and connected to the mall.,20-Apr-26
233,2330,Abdika,Indonesia,Couple,Superior Room Queen,Stayed 1 night in April 2025,8.8,Excellent,Good and comfy stay,"Rating: 4/5 The room was a bit old but overall okay—clean and well-maintained. The bathroom, especially the shower, worked just fine. Food was decent, nothing special but acceptable. What really stood out was the service. All the staff were kind, warm, and very helpful throughout our stay. One unique perk was the exclusive access to Botani Square, which was a nice touch. The only downside was the lobby. It felt quite small and didn't give off an exclusive or premium vibe, which could be improved. Overall, a comfortable stay with great service!",17-Apr-25
234,2331,Martinus,Indonesia,Couple,,Stayed 1 night in August 2012,7.7,Very good,lokasi yang strategis,"Hotel dengan lokasi terbaik di pusat kota bogor, mudah dijangkau. Kebersihan dan kenyamanan hotel yang baik. Variasi makanan dan rasa yang cukup.",30-Aug-12
234,2332,bayu,Indonesia,Family with teens,,Stayed 2 nights in August 2012,4.3,,kamar nya kecil dan view nya kurang ok,"kurang mengesankan, untuk harga yang di bayarkan tidak sesuai, hal yang perlu di perbaiki 1. breakfast menu : dikit sekali, dan rasanya kurang enak.. saya pernah menginap di santika lainnya tidak seperti ini 2. kamar sempit dan kurang luas 3. kunci kamar tidak bisa mendapatkan 2 4. tidak ada tempat bermain untuk anak-anak secara keseluruhan kurang memuaskan",30-Aug-12
234,2333,Donny,Indonesia,Family with teens,,Stayed 1 night in August 2012,6.3,Good,Lokasi yang strategis dan dekat dengan tol,"Karena letaknya yang diatas mall maka waktu menjadi tidak terasa. Waktu 24 jam serasa kurang. Makanan yang tersedia cikup me,enuhi syarat. Cuma satu hal hal yang agak mengganggu adalah letak kamar yang bersebelahan dengan reataurant dan fasilotasnya jadi agak mengganggu dan berisik",28-Aug-12
234,2334,Alfanendya,Indonesia,Family with teens,,Stayed 2 nights in August 2012,8,Excellent,"Lokasi Strategis, Elevator Perlu Diperbesar","Saya dan keluarga menginap saat peak season (lebaran). Namun untungnya Santika dekat dengan wisata Kebun Raya Bogor dan beberapa factory outlet di Jalan Pajajaran, sehingga jalan-jalan bersama keluarga tidak jadi masalah. Selain itu Santika memiliki lorong penghubung langsung dengan mall Bogor Botani Square sehingga kebutuhan kuliner menjadi mudah. Namun untuk hotel dengan sembilan lantai seperti Santika rasanya butuh elevator/lift yang lebih besar agar tamu tidak terlalu lama antri lift khususnya saat peak season.",26-Aug-12
234,2335,Diana,Indonesia,Family with young children,,Stayed 1 night in August 2012,7.7,Very good,Lokasi yang strategis,"terletak di lokasi yang strategis untuk perjalanan dari jakarta, dengan lokasi yang berdampingan dengan botani square menambah kenyamanan dalam liburan. tetapi, fasilitas amenities di kamar mandi sangat minim. cocok untuk tempat menginap keluarga yang melakukan perjalanan ke bogor hanya untuk sekedar jalan2.",26-Aug-12
234,2336,Yullia,Indonesia,Couple,Superior Room Queen,Stayed 1 night in April 2026,9.6,Exceptional,Sabtu ceria,"Over all bagus, makanan enak, lokasi sangat strategis. Tolong sediakan hair dryer di kamar biar tambah baik kualitas hotelnya",16-Apr-26
234,2337,Latifah,Indonesia,Family with teens,Deluxe Room Queen,Stayed 1 night in February 2026,10,Exceptional,Rekomendasi staycation yang nyaman,"Kamar bersih dan terawat, staff yang ramah, akses ke mall lebih mudah, menu breakfast yang bervariasi dan enak enak, 🫶🏼",17-Feb-26
234,2338,Novita,Indonesia,Solo traveler,Superior Room Queen,Stayed 1 night in May 2025,10,Exceptional,Terbaikk,"Hotel yang sangat nyaman, berada ditengah kota, dibawahnya ada mall, kalau mau jogging tinggal nyebrang ke kebun raya Bogor. Kamarnya sangat luas, bersih, rapih. Pokoknya the bestt😍",29-Sep-25
234,2339,Mohammad,Singapore,Couple,Executive Room,Stayed 7 nights in April 2026,10,Exceptional,Staycation,Nothing to say. Everything is superb. Been staying here for so many times the standard and cleaniness is superb. Location is good and connected to the mall.,20-Apr-26
234,2340,Abdika,Indonesia,Couple,Superior Room Queen,Stayed 1 night in April 2025,8.8,Excellent,Good and comfy stay,"Rating: 4/5 The room was a bit old but overall okay—clean and well-maintained. The bathroom, especially the shower, worked just fine. Food was decent, nothing special but acceptable. What really stood out was the service. All the staff were kind, warm, and very helpful throughout our stay. One unique perk was the exclusive access to Botani Square, which was a nice touch. The only downside was the lobby. It felt quite small and didn't give off an exclusive or premium vibe, which could be improved. Overall, a comfortable stay with great service!",17-Apr-25
235,2341,TEDDY,Indonesia,Family with teens,,Stayed 1 night in August 2012,9.3,Exceptional,bagus....,"biasanya saya akan pastikan booking melalui agoda,karena kepastian ketersediaan,keterjaminan harga karena sdh percaya...",23-Aug-12
235,2342,Christina,Indonesia,Family with teens,,Stayed 1 night in June 2012,7,Very good,Hotel dan layanan yg bagus disertai senyuman,"Hotel yg msh tergolong baru jd msh terlihat bagus, kolam renangnya lumayan bagus, untuk breakfast enak dan berfariasi. Tetapi susah sekali untuk meminta extra bantal dan selimut.",20-Jul-12
235,2343,iwan,Indonesia,Business traveler,,Stayed 1 night in July 2012,6.7,Good,Hotel bagus dengan pelayanan yang baik,"Hotel ini cocok untuk anda yang mengutamakan kemudahan akses dari luar kota. Terletak tepat di pintu tol memungkinkan anda untuk menghemat waktu baik menuju maupun meninggalkan kota Bogor. Keuntungan lainnya adalah Hotel ini bersebalahan dengan Mall yang cukup lengkap dan nyaman untuk berbelanja maupun mencari santapan yaitu Mall Botani Square. Dengan tingkat okupansi hotel yang cukup tinggi,sangat disarankan untuk melakukan pemesanan jauh hari sebelum rencana menginap",14-Jul-12
235,2344,Lia,Indonesia,Family with teens,,Stayed 1 night in July 2012,8,Excellent,"Hotel, layanan dan lokasi yang bagus","Sangat menyenangkan bermalam d hotel santika bogor, letak hotel yang menyatu dengan mall sangat memudahkan kita untuk berbelanja atau mencari makanan. Para staf melayani dengan baik dan ramah.",11-Jul-12
235,2345,riandy,Indonesia,Business traveler,,Stayed 3 nights in June 2012,7,Very good,Lokasi strategis tapi pengawasan kurang ketat,"Tv nya kecil, pengawasan kurang ketat, tapi lokasi strategis dan makanan nya lumayan beragam",5-Jul-12
235,2346,Yullia,Indonesia,Couple,Superior Room Queen,Stayed 1 night in April 2026,9.6,Exceptional,Sabtu ceria,"Over all bagus, makanan enak, lokasi sangat strategis. Tolong sediakan hair dryer di kamar biar tambah baik kualitas hotelnya",16-Apr-26
235,2347,Latifah,Indonesia,Family with teens,Deluxe Room Queen,Stayed 1 night in February 2026,10,Exceptional,Rekomendasi staycation yang nyaman,"Kamar bersih dan terawat, staff yang ramah, akses ke mall lebih mudah, menu breakfast yang bervariasi dan enak enak, 🫶🏼",17-Feb-26
235,2348,Novita,Indonesia,Solo traveler,Superior Room Queen,Stayed 1 night in May 2025,10,Exceptional,Terbaikk,"Hotel yang sangat nyaman, berada ditengah kota, dibawahnya ada mall, kalau mau jogging tinggal nyebrang ke kebun raya Bogor. Kamarnya sangat luas, bersih, rapih. Pokoknya the bestt😍",29-Sep-25
235,2349,Mohammad,Singapore,Couple,Executive Room,Stayed 7 nights in April 2026,10,Exceptional,Staycation,Nothing to say. Everything is superb. Been staying here for so many times the standard and cleaniness is superb. Location is good and connected to the mall.,20-Apr-26
235,2350,Abdika,Indonesia,Couple,Superior Room Queen,Stayed 1 night in April 2025,8.8,Excellent,Good and comfy stay,"Rating: 4/5 The room was a bit old but overall okay—clean and well-maintained. The bathroom, especially the shower, worked just fine. Food was decent, nothing special but acceptable. What really stood out was the service. All the staff were kind, warm, and very helpful throughout our stay. One unique perk was the exclusive access to Botani Square, which was a nice touch. The only downside was the lobby. It felt quite small and didn't give off an exclusive or premium vibe, which could be improved. Overall, a comfortable stay with great service!",17-Apr-25
236,2351,Krishnawenda,Indonesia,Family with teens,,Stayed 2 nights in June 2012,7.3,Very good,"Strategis, efisien, dan pelayanan yg ramah","Kami tiba di santika bogor sekitar jam 3 sore setelah satu setengah jam perjalanan dari airport soekarno hatta. Pelayanan frontoffice saat check-in sangat ramah dan hampir semua staf hotel yang saya temui disana sangat murah senyum. Lobby dan kualitas gedungnya pun terlihat sangat apik dan bersih mungkin karena hotel ini masih baru. Hanya saat saya tiba di kamar saja yang sempat berpikir bagaimana menempatkan 2 anak saya yang keduanya masih dibawah 3 tahun ini, karena ukuran bed yang agak kecil jadi selama 2 malam kita terpaksa tidur agak berdesak-desakan. Yang menarik dari hotel ini adalah lokasinya yang cukup sentral di kota bogor ditambah lagi gedung hotel ini terkoneksi langsung ke mall botanic square sehingga untuk berbelanja kebutuhan selama perjalan atau mencari makanan tidak menjadi masalah sama sekali.",2-Jul-12
236,2352,adriani,Indonesia,Solo traveler,,Stayed 1 night in May 2012,9.7,Exceptional,Hotel berdekatan Mall terbesar di kota Bogot,"Pelayanan yang ramah dan cepat serta fasilitas yang lumayan lengkap. Seperti cabang hotel santika lainnya, Santika Bogor juga menawarkan menu masakan/room service yang layak untuk dicoba.Santika Bogor berlokasi disamping kampus program magister IPB, berkongsi gedung dengan Botani Square Bogor, sangat dekat dengan pool bis DAMRI serta pusat jajan kota Bogor dan tugu Kujang.",30-Jun-12
236,2353,Noval,Indonesia,Family with teens,,Stayed 1 night in June 2012,7.3,Very good,Hotel yang nyaman dan lokasi yang bagus,"hotelnya cukup nyaman, lokasi juga strategis, karena bersatu dengan mall, jadi cari makanan juga cukup mudah. menu sarapan yang beragam dan komplit, rasanya juga enak, menggugah selera makan. kolam renangnya juga oke, airnya tidak terlalu dinging, anak saya yang umur 3 tahun, senang berenang di hotel ini. tapi beberapa hal yang saya tidak sukai dengan hotel ini adalah, liftnya cuma 2 dan kecil, senhingga cukup lama menunggu lift, karena berebut dengan orang lain. dan tv yang di dalam kamar, kecil sekali, mungkin ukurannya cuma 20"".",15-Jun-12
236,2354,Jeffrey,Indonesia,Business traveler,,Stayed 1 night in May 2012,8,Excellent,Lokasi strategis dengan pelayanan yang baik,Tempat yang menyenangkan apalagi dekat dengan pintu keluar tol. Pelayanan yang ramah namun ruangannya kecil dibandingkan dengan hotel lain,7-Jun-12
236,2355,bayu,Indonesia,Solo traveler,,Stayed 2 nights in May 2012,6,,Hotel dan layanan yang bagus disertai senyuman,#NAME?,29-May-12
236,2356,Yullia,Indonesia,Couple,Superior Room Queen,Stayed 1 night in April 2026,9.6,Exceptional,Sabtu ceria,"Over all bagus, makanan enak, lokasi sangat strategis. Tolong sediakan hair dryer di kamar biar tambah baik kualitas hotelnya",16-Apr-26
236,2357,Latifah,Indonesia,Family with teens,Deluxe Room Queen,Stayed 1 night in February 2026,10,Exceptional,Rekomendasi staycation yang nyaman,"Kamar bersih dan terawat, staff yang ramah, akses ke mall lebih mudah, menu breakfast yang bervariasi dan enak enak, 🫶🏼",17-Feb-26
236,2358,Novita,Indonesia,Solo traveler,Superior Room Queen,Stayed 1 night in May 2025,10,Exceptional,Terbaikk,"Hotel yang sangat nyaman, berada ditengah kota, dibawahnya ada mall, kalau mau jogging tinggal nyebrang ke kebun raya Bogor. Kamarnya sangat luas, bersih, rapih. Pokoknya the bestt😍",29-Sep-25
236,2359,Mohammad,Singapore,Couple,Executive Room,Stayed 7 nights in April 2026,10,Exceptional,Staycation,Nothing to say. Everything is superb. Been staying here for so many times the standard and cleaniness is superb. Location is good and connected to the mall.,20-Apr-26
236,2360,Abdika,Indonesia,Couple,Superior Room Queen,Stayed 1 night in April 2025,8.8,Excellent,Good and comfy stay,"Rating: 4/5 The room was a bit old but overall okay—clean and well-maintained. The bathroom, especially the shower, worked just fine. Food was decent, nothing special but acceptable. What really stood out was the service. All the staff were kind, warm, and very helpful throughout our stay. One unique perk was the exclusive access to Botani Square, which was a nice touch. The only downside was the lobby. It felt quite small and didn't give off an exclusive or premium vibe, which could be improved. Overall, a comfortable stay with great service!",17-Apr-25
237,2361,Ibrahim,Indonesia,Family with young children,,Stayed 1 night in May 2012,7.3,Very good,Hotel Di Pusat Kota Bogor,Terima kasih kepada Santika Hotel karena bisnis dan liburan bersama keluarga bisa dilakukan bersamaan. Lokasi Hotel dekat dengan lokasi pertemuan bisnis sehingga anak-anak bisa ditinggalkan di Hotel sambil menikmati fasilitas yang diberikan Hotel seperti kolam renang yang cocok untuk anak-anak.,25-May-12
237,2362,Heri,Indonesia,Couple,,Stayed 1 night in May 2012,8,Excellent,Hotel dan pelayanan yang bagus & lokasi yang hebat,"kami cukup puas dengan pelayanan dan fasilitas kamar, sementara saya dengan nyaman bekerja di kamar istri dapat belanja di Mall",24-May-12
237,2363,Andos,Indonesia,Couple,,Stayed 1 night in May 2012,8.3,Excellent,"satu tempat, dapet semua..","tempatnya strategis, dekat pintu tol jagorawi dan berada di area perbelanjaan kota bogor. kemana-mana gampang, misalnya kebun raya bogor, istana, tempat makan bertebaran, begitu jg dengan factory outletnya. saya udh 2 kali menginap disini & santika selalu jd pilihan saya.",22-May-12
237,2364,hendrik,Indonesia,Family with teens,,Stayed 1 night in February 2012,6.3,Good,Hotel yang mudah dijangkau Dari jakarta,Pemandangan hotel yang menghadap Ke pegunungan memberikan suasana berbeda dengan pemandangan setiap hari di Jakarta. Anak kami merasa betah berlama lama menginap di hotel santika yang identik dengan nuansa tradisional budaya Indonesia. Kami berharap di kemudian hari Akan mengunjungi kembali hotel santika Bogor.,29-Apr-12
237,2365,romdin,Indonesia,Family with young children,,Stayed 2 nights in April 2012,8,Excellent,hotel menempel di mall,"kami check ini terlambat, dateng jam setengah dua belas malam, tanpa basa-basi dan birokrasi yang panjang, kami langsung dapet kunci kamar. kami pilih kamar dengan bed twin walopun serasa sempit bahkan untuk 1 orang, interior kamar yang minimalis modern enak dipandang dan view gunung dan kota bogor. pagi hari kami sarapan, dengan menu yang beraneka macam dan enak2... sedikit kendala, kami tidak diberi tahu kalo mobil keluar masuk hotel, apakah kami bisa dapet voucher parkir, akhirnya keluar masuk hotel kami bayar parkir lagi selama dua hari, lumayan lah...",26-Apr-12
237,2366,Yullia,Indonesia,Couple,Superior Room Queen,Stayed 1 night in April 2026,9.6,Exceptional,Sabtu ceria,"Over all bagus, makanan enak, lokasi sangat strategis. Tolong sediakan hair dryer di kamar biar tambah baik kualitas hotelnya",16-Apr-26
237,2367,Latifah,Indonesia,Family with teens,Deluxe Room Queen,Stayed 1 night in February 2026,10,Exceptional,Rekomendasi staycation yang nyaman,"Kamar bersih dan terawat, staff yang ramah, akses ke mall lebih mudah, menu breakfast yang bervariasi dan enak enak, 🫶🏼",17-Feb-26
237,2368,Novita,Indonesia,Solo traveler,Superior Room Queen,Stayed 1 night in May 2025,10,Exceptional,Terbaikk,"Hotel yang sangat nyaman, berada ditengah kota, dibawahnya ada mall, kalau mau jogging tinggal nyebrang ke kebun raya Bogor. Kamarnya sangat luas, bersih, rapih. Pokoknya the bestt😍",29-Sep-25
237,2369,Mohammad,Singapore,Couple,Executive Room,Stayed 7 nights in April 2026,10,Exceptional,Staycation,Nothing to say. Everything is superb. Been staying here for so many times the standard and cleaniness is superb. Location is good and connected to the mall.,20-Apr-26
237,2370,Abdika,Indonesia,Couple,Superior Room Queen,Stayed 1 night in April 2025,8.8,Excellent,Good and comfy stay,"Rating: 4/5 The room was a bit old but overall okay—clean and well-maintained. The bathroom, especially the shower, worked just fine. Food was decent, nothing special but acceptable. What really stood out was the service. All the staff were kind, warm, and very helpful throughout our stay. One unique perk was the exclusive access to Botani Square, which was a nice touch. The only downside was the lobby. It felt quite small and didn't give off an exclusive or premium vibe, which could be improved. Overall, a comfortable stay with great service!",17-Apr-25
238,2371,Ratih,Indonesia,Couple,,Stayed 1 night in April 2012,9.3,Exceptional,Lokasi yang tepat untuk jalan2,"karena hotel ini berada di botanic square, jadi hotel ini sangat cocok u/ belanja, jalan2 ataupun bisnis. walaupun berada di botanic square, tetapi pada saat berada di dalam kamar sangat nyaman. kamar mandi & kamar tidur, amat bersih dengan interior yg ok. rasa masakan juga enak.",17-Apr-12
238,2372,Ronald,Indonesia,Family with young children,,Stayed 2 nights in April 2012,8,Excellent,"Lokasi hotel strategis, tapi kamar kurang bagus","cukup lumayan untuk berlibur bersama keluarga, pelayanan cukup baik, hanya lobby hotel yang seadanya kelihatan. untuk parkir sangat membingungkan karena tidak dipisahkan parkir mobil pengunjung mall dengan tamu hotel",15-Apr-12
238,2373,Meylin,Indonesia,Couple,,Stayed 1 night in March 2012,8.3,Excellent,Hotel yang hanya selangkah menuju Mall,"saat tiba, saya langsung dilayani dan langsung mendapatkan kamar. pelayanannya sangat prima. lokasi hotel yang menyatu dengan mall membuat kita tidak susah untuk makan ataupun sekedar cuci mata. jika ke bogor, saya pasti berburu kuliner, dan sangat mudah dicapai dari hotel karena lokasi hotel ini sangat strategis.",13-Apr-12
238,2374,Edwin,Indonesia,Group,,Stayed 2 nights in March 2012,9,Exceptional,Pelayanan baik dan ramah,"Tenang, comfortable, view yg bagus, cuma harga makanannya terlalu mahal",27-Mar-12
238,2375,ari,Indonesia,Couple,,Stayed 2 nights in March 2012,7.7,Very good,Lovely hotel and service with a smile,hotel ini sangat strategis karena berada d di tengah kota dan dekat jalan tol serta bergabung dengan mall. Pintu akses yang langsung ke mall sangat membantu kami untuk menikmati suasana mall tanpa terasa keluar dari hotel. Parkir hotel juga nyaman karena berada di basement. Kami sangat menikmati menginap di hotel santika,26-Mar-12
238,2376,Yullia,Indonesia,Couple,Superior Room Queen,Stayed 1 night in April 2026,9.6,Exceptional,Sabtu ceria,"Over all bagus, makanan enak, lokasi sangat strategis. Tolong sediakan hair dryer di kamar biar tambah baik kualitas hotelnya",16-Apr-26
238,2377,Latifah,Indonesia,Family with teens,Deluxe Room Queen,Stayed 1 night in February 2026,10,Exceptional,Rekomendasi staycation yang nyaman,"Kamar bersih dan terawat, staff yang ramah, akses ke mall lebih mudah, menu breakfast yang bervariasi dan enak enak, 🫶🏼",17-Feb-26
238,2378,Novita,Indonesia,Solo traveler,Superior Room Queen,Stayed 1 night in May 2025,10,Exceptional,Terbaikk,"Hotel yang sangat nyaman, berada ditengah kota, dibawahnya ada mall, kalau mau jogging tinggal nyebrang ke kebun raya Bogor. Kamarnya sangat luas, bersih, rapih. Pokoknya the bestt😍",29-Sep-25
238,2379,Mohammad,Singapore,Couple,Executive Room,Stayed 7 nights in April 2026,10,Exceptional,Staycation,Nothing to say. Everything is superb. Been staying here for so many times the standard and cleaniness is superb. Location is good and connected to the mall.,20-Apr-26
238,2380,Abdika,Indonesia,Couple,Superior Room Queen,Stayed 1 night in April 2025,8.8,Excellent,Good and comfy stay,"Rating: 4/5 The room was a bit old but overall okay—clean and well-maintained. The bathroom, especially the shower, worked just fine. Food was decent, nothing special but acceptable. What really stood out was the service. All the staff were kind, warm, and very helpful throughout our stay. One unique perk was the exclusive access to Botani Square, which was a nice touch. The only downside was the lobby. It felt quite small and didn't give off an exclusive or premium vibe, which could be improved. Overall, a comfortable stay with great service!",17-Apr-25
239,2381,aditya,Indonesia,Couple,,Stayed 6 nights in March 2012,8.3,Excellent,Lokasi hotel yang cukup Strategis,Lokasi yg cukup strategis namun sayang untuk parkir terlalu sempit,17-Mar-12
239,2382,MUHAMAD,Indonesia,Family with teens,,Stayed 1 night in January 2012,5.3,,lokasi yang hebat tapi interior yang tidak rapih,perbaiki kerapihan interior hotel karena tidak sesuai dengan predikat hotel nya yaitu premiere ....,16-Mar-12
239,2383,Ade,Indonesia,Solo traveler,,Stayed 1 night in February 2012,8.3,Excellent,Hotel dan layanan yang bagus disertai senyuman,"Hotel Santika Bogor bagus terutama desain minimalis kamarnya. Lokasinya strategis tepat diatas Mall paling ternama di Kota Bogor. Keluar Hotel ada tempat wisata Kebun Raya Bogor yang sejuk, nyaman dan asri karena ditanami berbagai tanaman khas Indonesia dan dari negara lain. Soal makanan di hotel santika bogor juga baik, tersedia aneka makanan yang enak mengundang selera untuk sarapan pagi. Kuliner lain juga tersedia tidak jauh dari hotel santika, baik makanan mall maupun makanan kuliner pinggir jalan yang tak kalah menariknya. Pokoknya hotel santika Bogor top deh",10-Mar-12
239,2384,Kang,Indonesia,Business traveler,,Stayed 3 nights in February 2012,7.3,Very good,Hotel dengan akses langsung ke mall,"kelebihan hotel ini memiliki akses lift yang langsung ke mall botani square. variasi sarapan pagi yang banyak dengan banyak menu-menu masakan indonesia dengan rasa cukup lumayan. kekurangannya menurut saya pribadi, harga cukup mahal untuk ukuran kamar superior yang semestinya bisa untuk memesan kamar serupa dengan tipe deluxe. overall, kamar baik dan saya cukup puas.",19-Feb-12
239,2385,Airyn,Indonesia,Business traveler,,Stayed 1 night in December 2011,10,Exceptional,Di tengah pusat keramaian,"Lokasi ya berada di dalam botani juction, memudahkan untuk mencari makan dan nerbelanja, dekat dengan pusat kota, lokasi sangat menyenangkan dan kamar sangat bersih dan besar.",4-Feb-12
239,2386,Yullia,Indonesia,Couple,Superior Room Queen,Stayed 1 night in April 2026,9.6,Exceptional,Sabtu ceria,"Over all bagus, makanan enak, lokasi sangat strategis. Tolong sediakan hair dryer di kamar biar tambah baik kualitas hotelnya",16-Apr-26
239,2387,Latifah,Indonesia,Family with teens,Deluxe Room Queen,Stayed 1 night in February 2026,10,Exceptional,Rekomendasi staycation yang nyaman,"Kamar bersih dan terawat, staff yang ramah, akses ke mall lebih mudah, menu breakfast yang bervariasi dan enak enak, 🫶🏼",17-Feb-26
239,2388,Novita,Indonesia,Solo traveler,Superior Room Queen,Stayed 1 night in May 2025,10,Exceptional,Terbaikk,"Hotel yang sangat nyaman, berada ditengah kota, dibawahnya ada mall, kalau mau jogging tinggal nyebrang ke kebun raya Bogor. Kamarnya sangat luas, bersih, rapih. Pokoknya the bestt😍",29-Sep-25
239,2389,Mohammad,Singapore,Couple,Executive Room,Stayed 7 nights in April 2026,10,Exceptional,Staycation,Nothing to say. Everything is superb. Been staying here for so many times the standard and cleaniness is superb. Location is good and connected to the mall.,20-Apr-26
239,2390,Abdika,Indonesia,Couple,Superior Room Queen,Stayed 1 night in April 2025,8.8,Excellent,Good and comfy stay,"Rating: 4/5 The room was a bit old but overall okay—clean and well-maintained. The bathroom, especially the shower, worked just fine. Food was decent, nothing special but acceptable. What really stood out was the service. All the staff were kind, warm, and very helpful throughout our stay. One unique perk was the exclusive access to Botani Square, which was a nice touch. The only downside was the lobby. It felt quite small and didn't give off an exclusive or premium vibe, which could be improved. Overall, a comfortable stay with great service!",17-Apr-25
240,2391,Madi,Indonesia,Solo traveler,,Stayed 2 nights in January 2012,9,Exceptional,"Hotel yang nyaman, tetapi ada yang kurang teliti","Selama 2(dua) malam saya tinggal di Hotel Santika Bogor, suasananya sangat nyaman dan membuat saya terasa segar. Senyuman dan sikap ramah selalu ada disetiap karyawan, dan sangat membantu sekali. Untuk makanan setiap pagi / breakfast sangat variatif dan enak, ditambah dengan suasana ruang restoran yang nyaman dan bisa melihat pemandangan pegunungan yang indah membuat betah duduk di ruang tersebut. Tapi sayang dihari terakhir pada waktu akan pulang, pada waktu itu saya menitipkan ""asinan bogor"" oleh-oleh khas kota Bogor, ternyata asinan saya tertukar padahal nomor tag sudah sama dan ketahuannya setelah saya nyampe kembali di kota saya, Pasuruan jatim. Mungkin kejadian ini ""tidak sering"", tapi lain kali hati-hati. Untuk hanya asinan bogor, bukan barang penting yang lain. Bagi saya kejadian ini ""tidak masalah"", it's okay. Secara keseluruhan ""baik"" pelayannya. Sukses Santika Bogor. Terima kasih",25-Jan-12
240,2392,Aulia,Indonesia,Solo traveler,,Stayed 1 night in January 2012,6,,Lokasi hotel yang nyaman,"Hotel berlokasi bersamaan dengan mall Botanic, sehingga memudahkan untuk mendapatkan makanan, pengaturan lapangan parkir perlu disempurnakan, dengan adanya keterbatasan lahan. Ruangan hotel baik, hanya saja, perlu dipertimbangkan masalah soundproofing, karena suara berisik yang mengganggu dari tamu hotel lain, ketika menutup pintu, berjalan pada koridor lantai yang sama atau berbeda. Pintu kamar yang sulit ditutup",18-Jan-12
240,2393,achwan,Indonesia,Family with young children,,Stayed 1 night in January 2012,8.3,Excellent,"hotel hebat, kamar praktis dan efisien","kamar dan fasilitas ok(kurang kulkas kecil), kolam renang tempat fitnes, dan ragam sarapan pagi yg mantab...",13-Jan-12
240,2394,Erick,Indonesia,Business traveler,,Stayed 1 night in December 2011,8,Excellent,Pelayanan yang sangat ramah,"Kamarnya besar dan lokasi sangat bagus, untuk tipe kamar superior tidak ada kulkas tapi bukan masalah besar, harga kalau bisa diturunkan sedikit",5-Jan-12
240,2395,David,Indonesia,Family with young children,,Stayed 1 night in December 2011,8,Excellent,"Kamar hotel agak kecil, receptionist cuma 1 orang","Pada waktu kami tiba di Bogor malam hari pukul +/- 21.00 receptionistnya cuma 1 orang yg bertugas dan ada tamunya, sehingga kami harus menunggu lama. sebaiknya min ada 2 orang yang bertugas akan lebih baik.",3-Jan-12
240,2396,Yullia,Indonesia,Couple,Superior Room Queen,Stayed 1 night in April 2026,9.6,Exceptional,Sabtu ceria,"Over all bagus, makanan enak, lokasi sangat strategis. Tolong sediakan hair dryer di kamar biar tambah baik kualitas hotelnya",16-Apr-26
240,2397,Latifah,Indonesia,Family with teens,Deluxe Room Queen,Stayed 1 night in February 2026,10,Exceptional,Rekomendasi staycation yang nyaman,"Kamar bersih dan terawat, staff yang ramah, akses ke mall lebih mudah, menu breakfast yang bervariasi dan enak enak, 🫶🏼",17-Feb-26
240,2398,Novita,Indonesia,Solo traveler,Superior Room Queen,Stayed 1 night in May 2025,10,Exceptional,Terbaikk,"Hotel yang sangat nyaman, berada ditengah kota, dibawahnya ada mall, kalau mau jogging tinggal nyebrang ke kebun raya Bogor. Kamarnya sangat luas, bersih, rapih. Pokoknya the bestt😍",29-Sep-25
240,2399,Mohammad,Singapore,Couple,Executive Room,Stayed 7 nights in April 2026,10,Exceptional,Staycation,Nothing to say. Everything is superb. Been staying here for so many times the standard and cleaniness is superb. Location is good and connected to the mall.,20-Apr-26
240,2400,Abdika,Indonesia,Couple,Superior Room Queen,Stayed 1 night in April 2025,8.8,Excellent,Good and comfy stay,"Rating: 4/5 The room was a bit old but overall okay—clean and well-maintained. The bathroom, especially the shower, worked just fine. Food was decent, nothing special but acceptable. What really stood out was the service. All the staff were kind, warm, and very helpful throughout our stay. One unique perk was the exclusive access to Botani Square, which was a nice touch. The only downside was the lobby. It felt quite small and didn't give off an exclusive or premium vibe, which could be improved. Overall, a comfortable stay with great service!",17-Apr-25
241,2401,DEFRY,Indonesia,Business traveler,,Stayed 1 night in December 2011,6,,Kamar cukup nyaman dan tenang,kamar yang diberikan kepada saya cukup luas dan memuaskan dimana saya dapat melihat pemadangan kota dari dalam kamar.Terdapat juga swimming pool untuk kami relaksasi bersama keluarga bersama-sama. Untuk makan pagi harus membeli sendiri sehingga diperlukan tambahan biaya.Untuk fasilitas kamar lainnya juga menawan dengan tv yang berbentuk lcd dan memiliki shower dan hairdryer dalam kamar untuk keperluan mandi.,2-Jan-12
241,2402,DEFRY,Indonesia,Business traveler,,Stayed 1 night in December 2011,6,,Kamar cukup nyaman dan tenang,kamar yang diberikan kepada saya cukup luas dan memuaskan dimana saya dapat melihat pemadangan kota dari dalam kamar.Terdapat juga swimming pool untuk kami relaksasi bersama keluarga bersama-sama. Untuk makan pagi harus membeli sendiri sehingga diperlukan tambahan biaya.Untuk fasilitas kamar lainnya juga menawan dengan tv yang berbentuk lcd dan memiliki shower dan hairdryer dalam kamar untuk keperluan mandi.,2-Jan-12
241,2403,Hadi,Indonesia,Business traveler,,Stayed 1 night in November 2011,7.3,Very good,Pelayanan dan tempat yang bagus,"Pelayanan bagus, Lokasi strategis, cuma parkirnya ampun deh, dikit dan sempit, karena nyatu dengan mall.. Tapi overall bagus lah..",8-Dec-11
241,2404,Medi,Indonesia,Couple,,Stayed 1 night in December 2011,7.3,Very good,Lokasi bagus namun parkir yang susah,"Karena tujuannya hanya refresh, jadi dengan kondisi kamar yang nyaman kami dapat beristirahat dengan baik. Kesulitan terjadi saat akan parkir kendaraan, karena bersamaan dengan parkir pengunjung mall, maka parkir mengalami kesulitan. Untung disediakan fasilitas vallet, cukup membantu Overall --> OK",8-Dec-11
241,2405,Dian,Indonesia,Solo traveler,,Stayed 2 nights in October 2011,7.7,Very good,Hotel sangat Indonesia sekali,pelayanan di hotel baik dan lokasi hotel sangat strategis dengan shopping mall dan terminal bus bandara,20-Nov-11
241,2406,Yullia,Indonesia,Couple,Superior Room Queen,Stayed 1 night in April 2026,9.6,Exceptional,Sabtu ceria,"Over all bagus, makanan enak, lokasi sangat strategis. Tolong sediakan hair dryer di kamar biar tambah baik kualitas hotelnya",16-Apr-26
241,2407,Latifah,Indonesia,Family with teens,Deluxe Room Queen,Stayed 1 night in February 2026,10,Exceptional,Rekomendasi staycation yang nyaman,"Kamar bersih dan terawat, staff yang ramah, akses ke mall lebih mudah, menu breakfast yang bervariasi dan enak enak, 🫶🏼",17-Feb-26
241,2408,Novita,Indonesia,Solo traveler,Superior Room Queen,Stayed 1 night in May 2025,10,Exceptional,Terbaikk,"Hotel yang sangat nyaman, berada ditengah kota, dibawahnya ada mall, kalau mau jogging tinggal nyebrang ke kebun raya Bogor. Kamarnya sangat luas, bersih, rapih. Pokoknya the bestt😍",29-Sep-25
241,2409,Mohammad,Singapore,Couple,Executive Room,Stayed 7 nights in April 2026,10,Exceptional,Staycation,Nothing to say. Everything is superb. Been staying here for so many times the standard and cleaniness is superb. Location is good and connected to the mall.,20-Apr-26
241,2410,Abdika,Indonesia,Couple,Superior Room Queen,Stayed 1 night in April 2025,8.8,Excellent,Good and comfy stay,"Rating: 4/5 The room was a bit old but overall okay—clean and well-maintained. The bathroom, especially the shower, worked just fine. Food was decent, nothing special but acceptable. What really stood out was the service. All the staff were kind, warm, and very helpful throughout our stay. One unique perk was the exclusive access to Botani Square, which was a nice touch. The only downside was the lobby. It felt quite small and didn't give off an exclusive or premium vibe, which could be improved. Overall, a comfortable stay with great service!",17-Apr-25
242,2411,Jakub,Indonesia,Family with teens,,Stayed 2 nights in August 2011,8.3,Excellent,Hotel dg layanan yg ramah,"Pelayanan cepat dan ramah. Pada saat masuk ke kamar, salah satu kamar AC kurang dingin, setelah info ke pihak hotel, segera dikirimkan teknisinya. Lokasi satu area dengan mall, jadi dengan jumlah rombongan yang besar mudah untuk mencari alternatif makan malam. Kamar juga nyaman, hanya saja kolam renangnya ukurannya kecil. Jadi untuk dewasa berenang agak kurang nyaman.",17-Sep-11
242,2412,Rifa,Indonesia,Family with teens,,Stayed 2 nights in June 2011,8.3,Excellent,"""Hotel dan layanan yang bagus disertai senyuman""",oke bangetlah.ini hotel ada dalam botani square bogor.sehingga akses untuk shoping lebih mudah dan aman.selain itu fasilitas hotel juga memadai.saya ini adalah hotel yang menarik.,10-Aug-11
242,2413,Nurhaini,Indonesia,Family with young children,,Stayed 1 night in April 2011,6.3,Good,"Lokasi bagus, layanan masih bisa ditingkatkan","Cukup menyenangkan, suasana tidak terlalu formal, kamar cukup sesuai dengan harga.",26-Apr-11
242,2414,setya,Indonesia,Couple,,Stayed 1 night in January 2011,7,Very good,hotel kaku tapi unik,"kamr yang bagus, model kaku..tp unik bersih dan aksess enak",26-Jan-11
242,2415,Ahmed,Saudi Arabia,Solo traveler,Deluxe Room Queen,Stayed 15 nights in October 2024,9.6,Exceptional,ممتاز …👍,ممتاز في النظافة والاقامة هذة الاقامة الثانية وسيكرر الاقامة الثالثة عما قريب ولكن نطلب من ادارة الفندق ان تمنحني سعرمخفض في المرة القادمة بتاريخ 1/2/2025 الي19/2/2025 وستكون فترة الاقامة 19 يوم ……وشكرا لكم لحسن معاملتكم …,29-Oct-24
242,2416,Yullia,Indonesia,Couple,Superior Room Queen,Stayed 1 night in April 2026,9.6,Exceptional,Sabtu ceria,"Over all bagus, makanan enak, lokasi sangat strategis. Tolong sediakan hair dryer di kamar biar tambah baik kualitas hotelnya",16-Apr-26
242,2417,Latifah,Indonesia,Family with teens,Deluxe Room Queen,Stayed 1 night in February 2026,10,Exceptional,Rekomendasi staycation yang nyaman,"Kamar bersih dan terawat, staff yang ramah, akses ke mall lebih mudah, menu breakfast yang bervariasi dan enak enak, 🫶🏼",17-Feb-26
242,2418,Novita,Indonesia,Solo traveler,Superior Room Queen,Stayed 1 night in May 2025,10,Exceptional,Terbaikk,"Hotel yang sangat nyaman, berada ditengah kota, dibawahnya ada mall, kalau mau jogging tinggal nyebrang ke kebun raya Bogor. Kamarnya sangat luas, bersih, rapih. Pokoknya the bestt😍",29-Sep-25
242,2419,Mohammad,Singapore,Couple,Executive Room,Stayed 7 nights in April 2026,10,Exceptional,Staycation,Nothing to say. Everything is superb. Been staying here for so many times the standard and cleaniness is superb. Location is good and connected to the mall.,20-Apr-26
242,2420,Abdika,Indonesia,Couple,Superior Room Queen,Stayed 1 night in April 2025,8.8,Excellent,Good and comfy stay,"Rating: 4/5 The room was a bit old but overall okay—clean and well-maintained. The bathroom, especially the shower, worked just fine. Food was decent, nothing special but acceptable. What really stood out was the service. All the staff were kind, warm, and very helpful throughout our stay. One unique perk was the exclusive access to Botani Square, which was a nice touch. The only downside was the lobby. It felt quite small and didn't give off an exclusive or premium vibe, which could be improved. Overall, a comfortable stay with great service!",17-Apr-25
243,2421,Ahmed,Saudi Arabia,Solo traveler,Executive Queen,Stayed 18 nights in February 2025,10,Exceptional,السعودية من مدينة جدة,فندق سانتيكا فندق رائع وجميل خاصة موقعة عند مركزالتجاري بوتاني جميل جدا وموقعة ايضا في مدينة بوقور مدينة رائعة في الاجواء والامطار جدا انة فندق رائع انا ارغب في هذا الفندق يتميز بالنظافة والتعامل مع النزلاء والموقع …… شكرا لكم لحسن تعاملك,20-Feb-25
243,2422,ALI,Saudi Arabia,Couple,Deluxe Room Twin,Stayed 1 night in June 2025,10,Exceptional,ممتاز,خدمة و ترحيب مكان جميل,19-Jun-25
243,2423,Saleh,Saudi Arabia,Couple,Superior Room Twin,Stayed 1 night in April 2025,6,,.,.,10-Apr-25
243,2424,Ahmed,Saudi Arabia,Solo traveler,Deluxe Room Queen,Stayed 6 nights in June 2024,10,Exceptional,excellent ممتاز في جميع الخدمات,ممتازين في جميع الخدمات النظافة والمعاملة,22-Jun-24
243,2425,Ali,Indonesia,Couple,Superior Room Twin,Stayed 1 night in June 2024,10,Exceptional,ممتاز,ممتاز,12-Jun-24
243,2426,Yullia,Indonesia,Couple,Superior Room Queen,Stayed 1 night in April 2026,9.6,Exceptional,Sabtu ceria,"Over all bagus, makanan enak, lokasi sangat strategis. Tolong sediakan hair dryer di kamar biar tambah baik kualitas hotelnya",16-Apr-26
243,2427,Latifah,Indonesia,Family with teens,Deluxe Room Queen,Stayed 1 night in February 2026,10,Exceptional,Rekomendasi staycation yang nyaman,"Kamar bersih dan terawat, staff yang ramah, akses ke mall lebih mudah, menu breakfast yang bervariasi dan enak enak, 🫶🏼",17-Feb-26
243,2428,Novita,Indonesia,Solo traveler,Superior Room Queen,Stayed 1 night in May 2025,10,Exceptional,Terbaikk,"Hotel yang sangat nyaman, berada ditengah kota, dibawahnya ada mall, kalau mau jogging tinggal nyebrang ke kebun raya Bogor. Kamarnya sangat luas, bersih, rapih. Pokoknya the bestt😍",29-Sep-25
243,2429,Mohammad,Singapore,Couple,Executive Room,Stayed 7 nights in April 2026,10,Exceptional,Staycation,Nothing to say. Everything is superb. Been staying here for so many times the standard and cleaniness is superb. Location is good and connected to the mall.,20-Apr-26
243,2430,Abdika,Indonesia,Couple,Superior Room Queen,Stayed 1 night in April 2025,8.8,Excellent,Good and comfy stay,"Rating: 4/5 The room was a bit old but overall okay—clean and well-maintained. The bathroom, especially the shower, worked just fine. Food was decent, nothing special but acceptable. What really stood out was the service. All the staff were kind, warm, and very helpful throughout our stay. One unique perk was the exclusive access to Botani Square, which was a nice touch. The only downside was the lobby. It felt quite small and didn't give off an exclusive or premium vibe, which could be improved. Overall, a comfortable stay with great service!",17-Apr-25
244,2431,saeed,Saudi Arabia,Solo traveler,Executive Queen,Stayed 2 nights in May 2018,7.2,Very good,إقامة رائعة وهادئة,موقع مميز لكونه بجوار مركز تسوق كبير،،، تميز الفندق بوجود سناك مجاني من الساعة 5 حتى الثامنة لشرب القهوة والجلوس في مكان يطل على بقر من الأعلى ،،،رائع,11-May-18
244,2432,IBRAHIM,Saudi Arabia,Solo traveler,,Stayed 1 night in January 2014,6,,مريح ونظيف,مريح ونظيف,28-Jun-14
244,2433,Mohmmed,Saudi Arabia,,,Stayed 2 nights in September 2012,9.3,Exceptional,فندق رايق وراقي,فندق خيالي من ناحية حديقته الجميله وكذلك السوق الجميل فهو يجمع صفتين قل ما تتواجد في الفنادق الاخرى,21-Dec-12
244,2434,abdullah,Saudi Arabia,,,Stayed 2 nights in July 2011,7,Very good,جميل لكن ستكون معزولا,أحسست ان هذا الفندق مثل محطة قوافل تريحك عناء الطريق فالمبنى حديث اقيم على محطة الباصات الرئيسية و سوق حديث كبير مربوط به لكن كل هذا معزول و بعيد عن معالم تتوقعها في اندونيسيا كذلك لغير المحافظين فهو خال من الترفيه و المساج للنساء فقط بينما للرجال مساج القدمين أخيرا أنا أعتقد أنك تدفع كثيرا هنا أكثر مما يجب,22-Jul-11
244,2435,Inger,Norway,Group,,Stayed 1 night in July 2012,8.3,Excellent,"Store rom, flott basseng","Dette hotellet tilbyr store flotte rom. Deilig stor frokost buffet. Fint basseng. Nært i forhold til botaniske hagen, med den berømte kjøttetende planten, og ett stort kjøpesenter.",1-Aug-12
244,2436,Yullia,Indonesia,Couple,Superior Room Queen,Stayed 1 night in April 2026,9.6,Exceptional,Sabtu ceria,"Over all bagus, makanan enak, lokasi sangat strategis. Tolong sediakan hair dryer di kamar biar tambah baik kualitas hotelnya",16-Apr-26
244,2437,Latifah,Indonesia,Family with teens,Deluxe Room Queen,Stayed 1 night in February 2026,10,Exceptional,Rekomendasi staycation yang nyaman,"Kamar bersih dan terawat, staff yang ramah, akses ke mall lebih mudah, menu breakfast yang bervariasi dan enak enak, 🫶🏼",17-Feb-26
244,2438,Novita,Indonesia,Solo traveler,Superior Room Queen,Stayed 1 night in May 2025,10,Exceptional,Terbaikk,"Hotel yang sangat nyaman, berada ditengah kota, dibawahnya ada mall, kalau mau jogging tinggal nyebrang ke kebun raya Bogor. Kamarnya sangat luas, bersih, rapih. Pokoknya the bestt😍",29-Sep-25
244,2439,Mohammad,Singapore,Couple,Executive Room,Stayed 7 nights in April 2026,10,Exceptional,Staycation,Nothing to say. Everything is superb. Been staying here for so many times the standard and cleaniness is superb. Location is good and connected to the mall.,20-Apr-26
244,2440,Abdika,Indonesia,Couple,Superior Room Queen,Stayed 1 night in April 2025,8.8,Excellent,Good and comfy stay,"Rating: 4/5 The room was a bit old but overall okay—clean and well-maintained. The bathroom, especially the shower, worked just fine. Food was decent, nothing special but acceptable. What really stood out was the service. All the staff were kind, warm, and very helpful throughout our stay. One unique perk was the exclusive access to Botani Square, which was a nice touch. The only downside was the lobby. It felt quite small and didn't give off an exclusive or premium vibe, which could be improved. Overall, a comfortable stay with great service!",17-Apr-25
245,2441,Bambang,Indonesia,Business traveler,,Stayed 2 nights in June 2015,6,,enak,lumayan,29-Jun-15
245,2442,Sita,Indonesia,Couple,Superior Room Twin,Stayed 2 nights in February 2023,8.4,Excellent,Excellent,"Hotelnya bersih.. staf ramah.. breakfast nya OK banget. Lokasi nya strategis , nyambung dgn Botani Square",11-Feb-23
245,2443,Chun-Chu,China,Solo traveler,Deluxe Room Twin,Stayed 1 night in September 2023,9.2,Exceptional,Good,Good,3-Oct-23
245,2444,hadi,Indonesia,Family with teens,Suite Room,Stayed 1 night in July 2022,8,Excellent,Dekat,Dekat ke mall dan bogor central,15-Jul-22
245,2445,dinar,Indonesia,Couple,Superior Room Queen,Stayed 1 night in November 2023,8.8,Excellent,Excellent,klo mo deket makan siang sore nyaman ya disini deh,15-Dec-23
245,2446,Yullia,Indonesia,Couple,Superior Room Queen,Stayed 1 night in April 2026,9.6,Exceptional,Sabtu ceria,"Over all bagus, makanan enak, lokasi sangat strategis. Tolong sediakan hair dryer di kamar biar tambah baik kualitas hotelnya",16-Apr-26
245,2447,Latifah,Indonesia,Family with teens,Deluxe Room Queen,Stayed 1 night in February 2026,10,Exceptional,Rekomendasi staycation yang nyaman,"Kamar bersih dan terawat, staff yang ramah, akses ke mall lebih mudah, menu breakfast yang bervariasi dan enak enak, 🫶🏼",17-Feb-26
245,2448,Novita,Indonesia,Solo traveler,Superior Room Queen,Stayed 1 night in May 2025,10,Exceptional,Terbaikk,"Hotel yang sangat nyaman, berada ditengah kota, dibawahnya ada mall, kalau mau jogging tinggal nyebrang ke kebun raya Bogor. Kamarnya sangat luas, bersih, rapih. Pokoknya the bestt😍",29-Sep-25
245,2449,Mohammad,Singapore,Couple,Executive Room,Stayed 7 nights in April 2026,10,Exceptional,Staycation,Nothing to say. Everything is superb. Been staying here for so many times the standard and cleaniness is superb. Location is good and connected to the mall.,20-Apr-26
245,2450,Abdika,Indonesia,Couple,Superior Room Queen,Stayed 1 night in April 2025,8.8,Excellent,Good and comfy stay,"Rating: 4/5 The room was a bit old but overall okay—clean and well-maintained. The bathroom, especially the shower, worked just fine. Food was decent, nothing special but acceptable. What really stood out was the service. All the staff were kind, warm, and very helpful throughout our stay. One unique perk was the exclusive access to Botani Square, which was a nice touch. The only downside was the lobby. It felt quite small and didn't give off an exclusive or premium vibe, which could be improved. Overall, a comfortable stay with great service!",17-Apr-25
246,2451,dinar,Indonesia,Couple,Superior Room Twin,Stayed 1 night in November 2023,8.8,Excellent,Excellent,lumayan cuma parkiran di outside klo musim hujan agak susah,15-Dec-23
246,2452,dinar,Indonesia,Couple,Superior Room Twin,Stayed 1 night in December 2023,8.8,Excellent,Excellent,sesuai dengan harga gak mahal gak tll murah juga its good lokasi bagus,15-Dec-23
246,2453,Yong,Singapore,Couple,Superior Room Queen,Stayed 2 nights in November 2023,3.2,,Terrible arrangement,Stay first day then second day ask us to move to other room without any reason,3-Dec-23
246,2454,Astrit,Indonesia,Family with teens,Superior Room Twin,Stayed 1 night in July 2023,8.4,Excellent,Hotel di area Bogor kota,"harga bersaing.. cukup pricey, akses bisa langsung ke mall botani square, cukup utk staycation bersama keluarga krn bisa manfaatin waktu main di indoor playground yg ada di mall",2-Oct-23
246,2455,Joe,Indonesia,Couple,Superior Room Twin,Stayed 1 night in September 2023,10,Exceptional,Nice Hotel,Strategic location,2-Oct-23
246,2456,Yullia,Indonesia,Couple,Superior Room Queen,Stayed 1 night in April 2026,9.6,Exceptional,Sabtu ceria,"Over all bagus, makanan enak, lokasi sangat strategis. Tolong sediakan hair dryer di kamar biar tambah baik kualitas hotelnya",16-Apr-26
246,2457,Latifah,Indonesia,Family with teens,Deluxe Room Queen,Stayed 1 night in February 2026,10,Exceptional,Rekomendasi staycation yang nyaman,"Kamar bersih dan terawat, staff yang ramah, akses ke mall lebih mudah, menu breakfast yang bervariasi dan enak enak, 🫶🏼",17-Feb-26
246,2458,Novita,Indonesia,Solo traveler,Superior Room Queen,Stayed 1 night in May 2025,10,Exceptional,Terbaikk,"Hotel yang sangat nyaman, berada ditengah kota, dibawahnya ada mall, kalau mau jogging tinggal nyebrang ke kebun raya Bogor. Kamarnya sangat luas, bersih, rapih. Pokoknya the bestt😍",29-Sep-25
246,2459,Mohammad,Singapore,Couple,Executive Room,Stayed 7 nights in April 2026,10,Exceptional,Staycation,Nothing to say. Everything is superb. Been staying here for so many times the standard and cleaniness is superb. Location is good and connected to the mall.,20-Apr-26
246,2460,Abdika,Indonesia,Couple,Superior Room Queen,Stayed 1 night in April 2025,8.8,Excellent,Good and comfy stay,"Rating: 4/5 The room was a bit old but overall okay—clean and well-maintained. The bathroom, especially the shower, worked just fine. Food was decent, nothing special but acceptable. What really stood out was the service. All the staff were kind, warm, and very helpful throughout our stay. One unique perk was the exclusive access to Botani Square, which was a nice touch. The only downside was the lobby. It felt quite small and didn't give off an exclusive or premium vibe, which could be improved. Overall, a comfortable stay with great service!",17-Apr-25
247,2461,Hikmah,Indonesia,Family with young children,Superior Room Queen,Stayed 1 night in September 2023,10,Exceptional,Exceptional,"Would love to stay again in Santika Hotel. Recommended Hotel for Staycation, Family or Business",1-Oct-23
247,2462,mita,Indonesia,Family with young children,Superior Room Twin,Stayed 2 nights in September 2023,10,Exceptional,Good,"Pas di sebelah mal Botani Square, kamar luas",30-Sep-23
247,2463,Risma,Indonesia,Family with young children,Superior Room Twin,Stayed 1 night in August 2023,9.6,Exceptional,Nice hotel,#NAME?,31-Aug-23
247,2464,Karen,Indonesia,Couple,Superior Room Queen,Stayed 2 nights in July 2023,8.8,Excellent,Good location for access to shopping and restaurants,Hotel is simple and clean. Super close to mall for wide selection of resto cafe shopping and to botanic gardens. Ideal for our purpose. Was busy on weekend.,6-Aug-23
247,2465,Haja,Indonesia,Family with young children,Executive Queen,Stayed 3 nights in June 2023,7.6,Very good,Value for Money,Good location and room was just decent for any family to bunk in. Front office could be more helpful with their attitude and tone. Lounge access on the 10th floor for executive rooms was a brilliant idea just that the timing wasnt appropriate though... as the spread starts during dinner till 8pm.. with light snacks. Being an Asian myself i prefer something like a proper dinner and not snacks but like i mentioned its a brilliant idea. The next thing which is a big disappointment is the lift going up and down... there is only two lifts serving the entire floor with limit to the weight and slow. Thats the only issue that I reckon needs to be addressed.,5-Jul-23
247,2466,Yullia,Indonesia,Couple,Superior Room Queen,Stayed 1 night in April 2026,9.6,Exceptional,Sabtu ceria,"Over all bagus, makanan enak, lokasi sangat strategis. Tolong sediakan hair dryer di kamar biar tambah baik kualitas hotelnya",16-Apr-26
247,2467,Latifah,Indonesia,Family with teens,Deluxe Room Queen,Stayed 1 night in February 2026,10,Exceptional,Rekomendasi staycation yang nyaman,"Kamar bersih dan terawat, staff yang ramah, akses ke mall lebih mudah, menu breakfast yang bervariasi dan enak enak, 🫶🏼",17-Feb-26
247,2468,Novita,Indonesia,Solo traveler,Superior Room Queen,Stayed 1 night in May 2025,10,Exceptional,Terbaikk,"Hotel yang sangat nyaman, berada ditengah kota, dibawahnya ada mall, kalau mau jogging tinggal nyebrang ke kebun raya Bogor. Kamarnya sangat luas, bersih, rapih. Pokoknya the bestt😍",29-Sep-25
247,2469,Mohammad,Singapore,Couple,Executive Room,Stayed 7 nights in April 2026,10,Exceptional,Staycation,Nothing to say. Everything is superb. Been staying here for so many times the standard and cleaniness is superb. Location is good and connected to the mall.,20-Apr-26
247,2470,Abdika,Indonesia,Couple,Superior Room Queen,Stayed 1 night in April 2025,8.8,Excellent,Good and comfy stay,"Rating: 4/5 The room was a bit old but overall okay—clean and well-maintained. The bathroom, especially the shower, worked just fine. Food was decent, nothing special but acceptable. What really stood out was the service. All the staff were kind, warm, and very helpful throughout our stay. One unique perk was the exclusive access to Botani Square, which was a nice touch. The only downside was the lobby. It felt quite small and didn't give off an exclusive or premium vibe, which could be improved. Overall, a comfortable stay with great service!",17-Apr-25
248,2471,cakra,Indonesia,Family with young children,Superior Room Twin,Stayed 1 night in December 2022,6,,Hospitality,Kamar bau rokok menyengat,1-Jan-23
248,2472,Arie,Singapore,Family with young children,Deluxe Room Queen,Stayed 2 nights in December 2023,9.2,Exceptional,Worth the money,"Spacious, near Botani Sq , easy to find food if you are lazy to go out due to rain or traffic.",10-Dec-23
248,2473,Hans,Singapore,Solo traveler,Deluxe Room Twin,Stayed 3 nights in November 2023,8.8,Excellent,clean hotel in excellent location for travel from Jakarta,a clean hotel located next to the Botani shopping mall. They have a direct bus connection (Damri) to/from Soekarno Hatta Airport in Jakarta which makes arrivals and departures very conventient. The rooms are spacious and a small swimming pool is available for cooling off.,7-Dec-23
248,2474,Roy,Singapore,Solo traveler,Suite Room,Stayed 6 nights in June 2023,5.2,,Above average,The food was terrible and the hotel is very overpriced,21-Jun-23
248,2475,Yullia,Indonesia,Couple,Superior Room Queen,Stayed 1 night in April 2026,9.6,Exceptional,Sabtu ceria,"Over all bagus, makanan enak, lokasi sangat strategis. Tolong sediakan hair dryer di kamar biar tambah baik kualitas hotelnya",16-Apr-26
248,2476,Latifah,Indonesia,Family with teens,Deluxe Room Queen,Stayed 1 night in February 2026,10,Exceptional,Rekomendasi staycation yang nyaman,"Kamar bersih dan terawat, staff yang ramah, akses ke mall lebih mudah, menu breakfast yang bervariasi dan enak enak, 🫶🏼",17-Feb-26
248,2477,Novita,Indonesia,Solo traveler,Superior Room Queen,Stayed 1 night in May 2025,10,Exceptional,Terbaikk,"Hotel yang sangat nyaman, berada ditengah kota, dibawahnya ada mall, kalau mau jogging tinggal nyebrang ke kebun raya Bogor. Kamarnya sangat luas, bersih, rapih. Pokoknya the bestt😍",29-Sep-25
248,2478,Mohammad,Singapore,Couple,Executive Room,Stayed 7 nights in April 2026,10,Exceptional,Staycation,Nothing to say. Everything is superb. Been staying here for so many times the standard and cleaniness is superb. Location is good and connected to the mall.,20-Apr-26
248,2479,Abdika,Indonesia,Couple,Superior Room Queen,Stayed 1 night in April 2025,8.8,Excellent,Good and comfy stay,"Rating: 4/5 The room was a bit old but overall okay—clean and well-maintained. The bathroom, especially the shower, worked just fine. Food was decent, nothing special but acceptable. What really stood out was the service. All the staff were kind, warm, and very helpful throughout our stay. One unique perk was the exclusive access to Botani Square, which was a nice touch. The only downside was the lobby. It felt quite small and didn't give off an exclusive or premium vibe, which could be improved. Overall, a comfortable stay with great service!",17-Apr-25
