page,review_index,nama,negara,tipe_traveler,tipe_kamar,durasi_menginap,rating,rating_text,judul_ulasan,teks_ulasan,tanggal
1,1,Febriani,Indonesia,Keluarga dengan anak kecil,Kamar Queen Superior,Menginap 2 malam pada Oktober 2025,"10,0",Spektakuler,pengalaman menyenangkan,"pengalaman saya menginap disini menyenangkan. kamarnya bersih, amenities nya lengkap, sarapannya enak dan bervariasi. stafnya ramah dan sangat membantu. lokasi strategis karena di atas mall",
1,2,windy,Indonesia,Keluarga dengan anak kecil,Kamar Queen Superior,Menginap 1 malam pada Desember 2024,"10,0",Spektakuler,Spektakuler,Lokasinya strategis buat staycation bareng anak2 dibawahnya mall..ada cooking class buat anak2 juga klo weekend..,
1,3,Pungki,Indonesia,Keluarga dengan anak dewasa,Kamar Queen Superior,Menginap 1 malam pada Agustus 2024,"8,4",Luar biasa,Hotel ditengah kota Bekasi,"Kamarnya bersih, makanannya cukup baik, hotel berada diatas mall sehingga memudahkan mencari kebutuhan",
1,4,Febe,Indonesia,Keluarga dengan anak kecil,Kamar Queen Superior,Menginap 1 malam pada Desember 2025,"10,0",Spektakuler,Menginap di Hotel Santika Mega Bekasi yg nyaman & menyenangkan.,"Saya bersama keluarga sungguh bersyukur, bisa menginap di Hotel Santika Mega Bekasi, krna selain tmptnya bersih, nyaman & menyenangkan itu, disana ada mall Mega Bekasi yg notabene lokasinya masih tersambung dgn hotel. Kita tinggal turun, ke lantai bawah, lgsg disuguhkan dgn berbagai fasilitas belanja, nonton di XXI, bnyak tmpt bermain anak, restoran yg lengkap, serta ada bnyak tmpt ibadah untuk umat Kristiani. Maka dari itu, bagi tmen2 yg mau nyari tmpt penginapan yg bersih, rapi, indah, nyaman & menyenangkan, ya ke Hotel Santika Mega Bekasi. Oh iy, satu lagi,,, klo pesan hotel yg dapat sarapan(makan pagi), sangat rekomended bgt, karna selain lengkap berbagai mkanan ada, masakannya itu,,, enak2 smua,,, jos gandos,,, kotos2 pkoknya... Mantul, uenackt pooolll...",
1,5,Yanti,Indonesia,Keluarga dengan anak kecil,Kamar Family,Menginap 1 malam pada Februari 2026,"10,0",Spektakuler,Hotel nyaman untuk keluarga,"Sofar hotelnya nyaman, ada area bermain untuk anak. Anak saya suka karena ada kolam renang",
1,6,Febriani,Indonesia,Keluarga dengan anak kecil,Kamar Queen Superior,Menginap 2 malam pada Oktober 2025,"10,0",Spektakuler,pengalaman menyenangkan,"pengalaman saya menginap disini menyenangkan. kamarnya bersih, amenities nya lengkap, sarapannya enak dan bervariasi. stafnya ramah dan sangat membantu. lokasi strategis karena di atas mall",
1,7,windy,Indonesia,Keluarga dengan anak kecil,Kamar Queen Superior,Menginap 1 malam pada Desember 2024,"10,0",Spektakuler,Spektakuler,Lokasinya strategis buat staycation bareng anak2 dibawahnya mall..ada cooking class buat anak2 juga klo weekend..,
1,8,Pungki,Indonesia,Keluarga dengan anak dewasa,Kamar Queen Superior,Menginap 1 malam pada Agustus 2024,"8,4",Luar biasa,Hotel ditengah kota Bekasi,"Kamarnya bersih, makanannya cukup baik, hotel berada diatas mall sehingga memudahkan mencari kebutuhan",
1,9,Febe,Indonesia,Keluarga dengan anak kecil,Kamar Queen Superior,Menginap 1 malam pada Desember 2025,"10,0",Spektakuler,Menginap di Hotel Santika Mega Bekasi yg nyaman & menyenangkan.,"Saya bersama keluarga sungguh bersyukur, bisa menginap di Hotel Santika Mega Bekasi, krna selain tmptnya bersih, nyaman & menyenangkan itu, disana ada mall Mega Bekasi yg notabene lokasinya masih tersambung dgn hotel. Kita tinggal turun, ke lantai bawah, lgsg disuguhkan dgn berbagai fasilitas belanja, nonton di XXI, bnyak tmpt bermain anak, restoran yg lengkap, serta ada bnyak tmpt ibadah untuk umat Kristiani. Maka dari itu, bagi tmen2 yg mau nyari tmpt penginapan yg bersih, rapi, indah, nyaman & menyenangkan, ya ke Hotel Santika Mega Bekasi. Oh iy, satu lagi,,, klo pesan hotel yg dapat sarapan(makan pagi), sangat rekomended bgt, karna selain lengkap berbagai mkanan ada, masakannya itu,,, enak2 smua,,, jos gandos,,, kotos2 pkoknya... Mantul, uenackt pooolll...",
1,10,Yanti,Indonesia,Keluarga dengan anak kecil,Kamar Family,Menginap 1 malam pada Februari 2026,"10,0",Spektakuler,Hotel nyaman untuk keluarga,"Sofar hotelnya nyaman, ada area bermain untuk anak. Anak saya suka karena ada kolam renang",
2,11,Monic,Indonesia,Wisatawan tunggal,Kamar Family,Menginap 1 malam pada Juni 2025,"10,0",Spektakuler,Spektakuler,"Kolam renangnya keren, kamar nyaman bersih oke banget. Sarapan klo bsa di bnyakin menu lauknya. Staff ramah, cuma playground buat anak kurang. Tp ttp oke lah ke lnt bawah lgs mall,",
2,12,Sari,Indonesia,Keluarga dengan anak kecil,Kamar Queen Superior,Menginap 1 malam pada September 2024,"10,0",Spektakuler,The best Hotel,"Hotel yang sangat strategis, bersih & wangi serta menu makanannya yang sangat variatif&sehat.",
2,13,Abdi,Indonesia,Keluarga dengan anak kecil,Kamar Superior Twin,Menginap 1 malam pada Juni 2025,"10,0",Spektakuler,Service memuaskan,"Lift nyaman,makanan banyak pilihan sampai fasilitas oke semua. Ingin balik lagi bareng keluarga",
2,14,Muhamad,Indonesia,Keluarga dengan anak kecil,Kamar Queen Superior,Menginap 1 malam pada Agustus 2024,"10,0",Spektakuler,Spektakuler,"Kamar bersih dan nyaman, staf melayani dengan ramah, proses check-in mudah, fasilitas terawat dengan baik.. Booking murah sama Bang Jemmyco 085268269398",
2,15,herlin,Indonesia,Keluarga dengan anak kecil,Kamar Deluxe Twin,Menginap 1 malam pada Agustus 2024,"8,4",Luar biasa,staycation menyenangkan,"kamar bersih, nyaman, dekat dengan pusat belanja dan convention hall. kolam renang bersih, ada sesi menghias donat dari manajemen hotel untuk pengunjung anak2, ada playground anak, gym, sarapan banyak variasi dengan rasa yang enak.",
2,16,Febriani,Indonesia,Keluarga dengan anak kecil,Kamar Queen Superior,Menginap 2 malam pada Oktober 2025,"10,0",Spektakuler,pengalaman menyenangkan,"pengalaman saya menginap disini menyenangkan. kamarnya bersih, amenities nya lengkap, sarapannya enak dan bervariasi. stafnya ramah dan sangat membantu. lokasi strategis karena di atas mall",
2,17,windy,Indonesia,Keluarga dengan anak kecil,Kamar Queen Superior,Menginap 1 malam pada Desember 2024,"10,0",Spektakuler,Spektakuler,Lokasinya strategis buat staycation bareng anak2 dibawahnya mall..ada cooking class buat anak2 juga klo weekend..,
2,18,Pungki,Indonesia,Keluarga dengan anak dewasa,Kamar Queen Superior,Menginap 1 malam pada Agustus 2024,"8,4",Luar biasa,Hotel ditengah kota Bekasi,"Kamarnya bersih, makanannya cukup baik, hotel berada diatas mall sehingga memudahkan mencari kebutuhan",
2,19,Febe,Indonesia,Keluarga dengan anak kecil,Kamar Queen Superior,Menginap 1 malam pada Desember 2025,"10,0",Spektakuler,Menginap di Hotel Santika Mega Bekasi yg nyaman & menyenangkan.,"Saya bersama keluarga sungguh bersyukur, bisa menginap di Hotel Santika Mega Bekasi, krna selain tmptnya bersih, nyaman & menyenangkan itu, disana ada mall Mega Bekasi yg notabene lokasinya masih tersambung dgn hotel. Kita tinggal turun, ke lantai bawah, lgsg disuguhkan dgn berbagai fasilitas belanja, nonton di XXI, bnyak tmpt bermain anak, restoran yg lengkap, serta ada bnyak tmpt ibadah untuk umat Kristiani. Maka dari itu, bagi tmen2 yg mau nyari tmpt penginapan yg bersih, rapi, indah, nyaman & menyenangkan, ya ke Hotel Santika Mega Bekasi. Oh iy, satu lagi,,, klo pesan hotel yg dapat sarapan(makan pagi), sangat rekomended bgt, karna selain lengkap berbagai mkanan ada, masakannya itu,,, enak2 smua,,, jos gandos,,, kotos2 pkoknya... Mantul, uenackt pooolll...",
2,20,Yanti,Indonesia,Keluarga dengan anak kecil,Kamar Family,Menginap 1 malam pada Februari 2026,"10,0",Spektakuler,Hotel nyaman untuk keluarga,"Sofar hotelnya nyaman, ada area bermain untuk anak. Anak saya suka karena ada kolam renang",
3,21,Suci,Indonesia,Pasangan,Kamar Queen Superior,Menginap 2 malam pada Maret 2026,"8,8",Luar biasa,Great Location and friendly staff,"Lokasi hotel sangat strategis, dan ada akses langsung ke Mega Bekasi Hypermall. Pelayanannya sangat bagus, semua pegawainya sangat ramah dan informatif. Untuk fasilitasnya standar hotel bintang 3, tapi sayang saat saya sarapan di hari pertama ada menu ikannya yang sudah agak bau.",
3,22,Pramudhani,Indonesia,Keluarga dengan anak kecil,Kamar Queen Superior,Menginap 1 malam pada Januari 2025,"10,0",Spektakuler,Spektakuler,"Menginap di hotel ini karena saudara saya menikah disini.. Utk kamar, pelayanan staff, fasilitas, dan sarapan paginya oke banget...",
3,23,Muhamad,Indonesia,Keluarga dengan anak kecil,Kamar Superior Twin,Menginap 1 malam pada Agustus 2024,"10,0",Spektakuler,Spektakuler,"Kamar bersih dan nyaman, staf melayani dengan ramah, fasilitas terawat dengan baik, proses check-in mudah. Booking murah sama Bang Jemmyco 085268269398",
3,24,Kurnianto,Indonesia,Keluarga dengan anak kecil,Kamar Deluxe Twin,Menginap 2 malam pada Agustus 2024,"9,6",Spektakuler,Recommended,"Great price to value you're getting. Wonderful staff, khusus nya satpam. Patut diacungi jempol.",
3,25,Endro,Indonesia,Keluarga dengan anak kecil,Kamar Family,Menginap 2 malam pada September 2025,"9,6",Spektakuler,Spektakuler,"Hotelnya bagus letaknya strategis Cm fasilitas perlu ditingkatkan lg,saluran air dikmr mndi ngalirnya ga lancar jd air agak menggenang",
4,26,kang,Indonesia,Keluarga dengan anak kecil,Kamar Deluxe Twin,Menginap 2 malam pada Desember 2025,"10,0",Spektakuler,Liburan,"Fasilitas mudah, mau makan mau belanja tinggal turun ke mall di bawah, banyak foodcourt, wahana permainan anak,pakaian, toko handphone dan lain2..",
4,27,Arsinius,Indonesia,Keluarga dengan anak dewasa,Kamar Superior Twin,Menginap 1 malam pada Desember 2024,"10,0",Spektakuler,Nice Evening,Pelayanan Ramah Tamah. Selangkah langsung ke BCC Menu Sarapan lengkap dan nikmat Good Job. 👍👍,
4,28,liu,Indonesia,Keluarga dengan anak kecil,Kamar Superior Twin,Menginap 1 malam pada Mei 2025,"10,0",Spektakuler,Spektakuler,"Staff FO dan FB saat baik dan ramah Resto utk breakfast..menu variatif, rasa makanan enak ..pelayanan ramah..refill makanan sangat cepat dan baik Untuk Resto FB..sangat rekomendasi pelayanan dan makanannya",
4,29,Achmad,Indonesia,Keluarga dengan anak kecil,Kamar Superior Twin,Menginap 1 malam pada Oktober 2025,"8,4",Luar biasa,Kenyamanan Hotel,"Sangat nyaman untuk menginap di Hotel ini, fasilitas lengkap pelayanannya juga bagus termasuk menu sarapannya juga enak dan bervariasi. Terimakasih.",
4,30,Adekaori,Indonesia,Wisatawan bisnis,Kamar Queen Superior,Menginap 2 malam pada Maret 2025,"10,0",Spektakuler,Trip bisnis,Klo mau beli mkn hanya tinggal turun ke bawah..komplit bgt mknan dlm mall nya..mantap pokoknya tinggal di sini..,
5,31,aliefa,Indonesia,Keluarga dengan anak dewasa,Kamar Queen Superior,Menginap 1 malam pada Juni 2024,"8,0",Luar biasa,Sangat baik,"seneng banget pertama x staycstion disiniii enak pooll , bersihhhh, staf ramahhhhh , breakfast okelah yaa. dan dibawahnya ada mall dan thrifting gituuu seru!!!!",
5,32,Robbi,Indonesia,Keluarga dengan anak kecil,Kamar Queen Deluxe,Menginap 1 malam pada Juni 2024,"10,0",Spektakuler,Temlat staycation yang nyaman,"Sangat recomended sekali, tempat strategis, nyaman dan staff2nya sangat ramah, kamar luas dan bersih.. Terimakasih Santika Mega City Terimakasih bu.Nyoman yang sdh memberikan info2 ttg fasilitas2 hotel Sampai berjuma unt agenda staycation saya dan keluarga selanjutnya,",
5,33,Gracesicca,Indonesia,Keluarga dengan anak dewasa,Kamar Queen Superior,Menginap 1 malam pada Februari 2025,"9,6",Spektakuler,ramah dan bersih tempatnya,ini pertama kalinya dan hotel nya sangat baik. mulai dari kebersihan hotel hingga luar kamar hotel semuanya terjaga. letaknya juga strategis jadi mudah mencari makanan,
5,34,Franjo,Inggris,Pasangan,Kamar Queen Superior,Menginap 1 malam pada September 2025,"9,2",Spektakuler,One night in Bekasi,"Nice hotel for very reasonable price. We stayed only one night but everything was good. Rooms are tidy, bed comfortable, breakfast was very nice buffet. Staff were all kind. Hotel is top floor of the shopping mall and there is another nice mall across the road.",
5,35,deddy,Indonesia,Pasangan,Kamar Premiere,Menginap 1 malam pada September 2024,"10,0",Spektakuler,verygood,"saya sudah beberapa kali menginap disini semuanya ok..staf"" ramah, makanan juga enak..ceck in juga cepet ga ribet..dijaga terus ya santika.",
6,36,Wisnu,Indonesia,Keluarga dengan anak kecil,Kamar Queen Deluxe,Menginap 1 malam pada Maret 2025,"10,0",Spektakuler,Terbaik,"Terima kasih atas pelayanan yang ramah.. Tetap di jaga yah kebiasaan ke pengunjung ramah, sopan, attitude dll untuk yang kerja di Santika hotel Bekasi",
6,37,Dina,Indonesia,Keluarga dengan anak kecil,Kamar Superior Twin,Menginap 1 malam pada Juni 2025,"9,6",Spektakuler,"Good location, good breakfast and cleanliness",I didn't expected the room is clean and quite big. The water power in the shower is quite strong that we love it..the breakfast quite many varieties. The hotel attached with the mall however the lift access to the mall is off couple of times when its rain. The service is good. The bad thing is we dont have mini fridge in our room other than that we are happy to stay,
6,38,Any,Indonesia,Keluarga dengan anak dewasa,Kamar Superior Twin,Menginap 1 malam pada Desember 2024,"9,2",Spektakuler,Hotel strategis di pusat Kota Bekasi,"Cari hotel di sekitar Bekasi dapat hrg yg murah dari Agoda, lokasi di Mall Mega city sangat strategis posisinya. Dekat dgn pusat2 perbelanjaan di sekitarnya berada ditengah kota. Stafnya sangat ramah dan utk breakfastnya lumayanlah dan kebersihan hotel sangat terjaga. Sayang utk fasilitas kolam renang sangat minim dan seadanya.",
6,39,Diotra,Indonesia,Pasangan,Kamar Queen Deluxe,Menginap 1 malam pada Januari 2026,"8,0",Luar biasa,Good place to stay,"Clean place, smooth check-in, good communication, and convenient location. Overall, a comfortable stay.",
6,40,Felicia,Indonesia,Pasangan,Kamar Premiere,Menginap 1 malam pada Juni 2025,"9,6",Spektakuler,comfy bed,"clean, comfy bed and room. Netflix is provided. The water heater could definitely be better, hot water takes forever to come out. Breakfast is mostly finished at 9.30 am.",
7,41,Hery,Indonesia,Pasangan,Kamar Queen Superior,Menginap 1 malam pada April 2025,"9,2",Spektakuler,Spektakuler,"Over all ok dr receptonist yg ramah, dan mau upgrade room krn kamar yg book blm ready... masukan tambah makanan khan daerahnya yach",
7,42,Chalinee,Thailand,Rombongan,Kamar Deluxe Twin,Menginap 2 malam pada Februari 2025,"8,0",Luar biasa,Convenience for those going to convention center,Location is super convenient if your destination is Bakasi convention center. Room size is about right and clean. There was water leakage from A/C but they fix it instantly. Staff are very nice. The only thing is there should be fridge in the room.,
7,43,Rully,Indonesia,Keluarga dengan anak kecil,Kamar Superior Twin,Menginap 1 malam pada Juli 2025,"7,6",Sangat baik,menginap bersama keluarga,"saya menginap bersama keluarga kecil saya, hotelnya ada di lantai 5 mall mega city. - proses check in mudah dan cepat, kunci kamar dikasih 1, ternyata liftnya bebas akses, siapapun bisa masuk ke lantai manapun - koridor menuju kamar tidak ber-AC, jadi sedikit gerah dan pengap - masuk kamar, kesan pertama adalah PANAS, ternyata ACnya tidak sentral, AC split, membutuhkan waktu 20-40 menit untuk kamar menjadi dingin. - kamar bersih = kasur bersih, kamar mandi bersih, ada shower gel dan shampoo - kolam renangnya KURANG DIJAGA KEBERSIHANNYA, sangat berangin - fitness center SEADANYA - playground anak SEADANYA - makanannya cukup bervariasi, tapi ENAK",
7,44,Andri,Indonesia,Keluarga dengan anak kecil,Kamar Family,Menginap 1 malam pada Juni 2024,"9,2",Spektakuler,Lobi kurang dingin,"Overall bagus cuma karena lokasinya diatas gedung mall bareng dengan XXI dan convention hall jadi parkirannya agak ribet n lobby panas. Menu sarapan bervariasi dan kids cornernya banyak pilihan. Playground terkesan ala kadarnya aja. Ruang kamar family roomnya ok banget ada 2 kamar dan ac di tiap ruang, kamar mandi enak tapi pencahayaan kurang terang buat saya.",
7,45,Romnah,Singapura,Rombongan,Kamar Superior Twin,Menginap 4 malam pada Desember 2025,"6,0",,Hotel Santika Mega City Bergasi,"Hotel above shopping mall, & road leading to hotel made you giddy (go round & round). On top of that, we have to pay parking fees for grab car. Soap not provided at the sink area for washing face, brushing teeth & washing hand. After cleaning the room, no towels given & upon request, towel given the next morning after calling them the 2nd time. Toilet a bit slippery, extra careful while bathing cos I'm using clutches. Breakfast ordinary.",
8,46,Riyan,Indonesia,Wisatawan tunggal,Kamar Deluxe Twin,Menginap 2 malam pada April 2025,"10,0",Spektakuler,PUAS,"Untuk hotel dan restonya cukup memuaskan, hanya untuk akses keluar masuk wisatawan yg tidak membawa kendaraan harus dilerhatikan juga, karena akses keluarnya hanya lewat mall dan tidak bisa diakses dimalam hari",
8,47,Muhammad,Indonesia,Keluarga dengan anak kecil,Kamar Superior Twin,Menginap 1 malam pada Juli 2025,"8,0",Luar biasa,Libur akhir pekan,"Yang pertama always santika ga pernah ngeceeain ut breakfast. Lengkap dan enak2. Kecewa kami hanya ut air kolam renang,, kadar klorin terlalu Over shg membuat rasa air kolam asam dan perih di mata dan kulit. Seharusnya Poodeck harus lebih sering kontrol dan treatment bila diperlukan. Apabila ditrmukan hal serupa, langsung infokan e bagian Resepsionis saja. Karena bahaya bagi kulit terutama anak2",
8,48,Joko,Indonesia,Keluarga dengan anak kecil,Kamar Superior Twin,Menginap 1 malam pada Mei 2024,"7,2",Sangat baik,Kamar mandi licin,Untuk kamar mandi licin sampe anak saya terpeleset Untung gak terjadi apa apa Staf nya ramah Makanan enak,
8,49,Abdul,Indonesia,Keluarga dengan anak kecil,Kamar Keluarga - Merokok,Menginap 2 malam pada April 2025,"6,4",Bagus,Komen ttg santika Bekasi,"Lokasinya bagus, tetapi kebersihan ruangan terutama peralatan makan perlu diperbaiki.....teko elektrik gk jadi kami pakai karena ada lehitaman didalamnya terkesan kotor dan beberapa bagian kamar terkelupas....alat gym kesannya tdk terawat walau lokasi bagus dan dibawah hotel mall sangat baik....ada pilihan lain utk menginap di bekasi",
8,50,Anton,Indonesia,Keluarga dengan anak kecil,Kamar Queen Deluxe,Menginap 1 malam pada Juli 2024,"8,0",Luar biasa,Perbaikan,"Kelemahan untuk perbaikan, parkir nya jika ada wedding, cukup merepotkan bagi tamu yg menginap di hotel. Harus di parkiran Mall yg juga harus berputar-putar mencari parkiran yg kosong",
9,51,Septhia,Indonesia,Pasangan,Kamar Queen Superior,Menginap 1 malam pada Februari 2026,"10,0",Spektakuler,Spektakuler,Nyaman bersih dan lengkap,
9,52,Deni,Indonesia,Keluarga dengan anak kecil,Kamar Superior Twin,Menginap 1 malam pada Mei 2025,"10,0",Spektakuler,Liburan di Bekasi,Hotel Bersih serta nyaman,
9,53,MEGA,Indonesia,Pasangan,Kamar Deluxe Twin,Menginap 1 malam pada April 2025,"10,0",Spektakuler,Spektakuler,Bagus dan nyaman,
9,54,MEGA,Indonesia,Pasangan,Kamar Queen Superior,Menginap 1 malam pada April 2025,"10,0",Spektakuler,Spektakuler,Bagus dan nayaman,
9,55,MEGA,Indonesia,Pasangan,Kamar Queen Deluxe,Menginap 1 malam pada April 2025,"10,0",Spektakuler,Spektakuler,Baguss,
10,56,Tri,Indonesia,Keluarga dengan anak kecil,Kamar Superior Twin,Menginap 1 malam pada Januari 2026,"10,0",Spektakuler,Mantap,Nyaman,
10,57,Albert,Indonesia,Keluarga dengan anak kecil,Kamar Queen Superior,Menginap 1 malam pada Desember 2025,"10,0",Spektakuler,Recomended Hotel,All the best for everything...,
10,58,Arlisa,Indonesia,Keluarga dengan anak dewasa,Kamar Queen Superior,Menginap 1 malam pada Desember 2025,"10,0",Spektakuler,Hotel Nyaman,besstt,
10,59,Anta,Indonesia,Pasangan,Kamar Queen Superior,Menginap 1 malam pada Desember 2025,"9,6",Spektakuler,Kids frenly dan menu makananya enak,Aroma d kamar lebih d tingkatkan lagiyaaaa ....mksih,
10,60,mifta,Indonesia,Wisatawan bisnis,Superior Double,Menginap 1 malam pada November 2025,"10,0",Spektakuler,Kamar bersih,Sarapanya enak,
11,61,mifta,Indonesia,Wisatawan bisnis,Kamar Queen Superior,Menginap 1 malam pada November 2025,"10,0",Spektakuler,Kamar bersih,Sarapan enak & Kamar bersih,
11,62,Yanti,Indonesia,Pasangan,Kamar Queen Superior,Menginap 1 malam pada November 2025,"10,0",Spektakuler,Spektakuler,Ok pokoknya,
11,63,Faisal,Indonesia,Pasangan,Kamar Queen Superior,Menginap 1 malam pada Oktober 2025,"10,0",Spektakuler,Quality Time Great place,Very recommended for quality time with spouse,
11,64,Ely,Indonesia,Pasangan,Kamar Queen Superior,Menginap 1 malam pada Oktober 2025,"10,0",Spektakuler,Rekomendasi banget pokonya,"Sarapannya vareatif dan enak,lif langsung mall",
11,65,Irma,Indonesia,Pasangan,Kamar Superior Twin,Menginap 1 malam pada Agustus 2025,"7,6",Sangat baik,Sangat baik,"Ac kurang dingin,yg tdnya mau santai staycation jd mls dikamar",
12,66,sudarwanto,Indonesia,Keluarga dengan anak kecil,Kamar Superior Twin,Menginap 2 malam pada April 2025,"10,0",Spektakuler,Spektakuler,Recomenden buat bawa keluarga,
12,67,kurnia,Indonesia,Wisatawan bisnis,Kamar Queen Superior,Menginap 1 malam pada Juli 2025,"10,0",Spektakuler,Good,Semua berjalan dengan baik,
12,68,Novita,Indonesia,Keluarga dengan anak dewasa,Kamar Premiere,Menginap 2 malam pada Juli 2025,"7,2",Sangat baik,Sangat baik,"Kamar besar, hanya saja menu dan rasa sarapan biasa saja dan perlu di tingkatkan",
12,69,Teguh,Indonesia,Keluarga dengan anak dewasa,Kamar Family,Menginap 2 malam pada Juli 2025,"10,0",Spektakuler,Holiday,Excelent,
12,70,PERMANA,Indonesia,Pasangan,Kamar Superior Twin,Menginap 1 malam pada Juni 2025,"10,0",Spektakuler,Rekomendasi,Rekomendasi banget hotelnya,
13,71,PERMANA,Indonesia,Pasangan,Kamar Queen Deluxe,Menginap 1 malam pada Juni 2025,"10,0",Spektakuler,Bagus,Rekomendasi banget hotelnya,
13,72,Marketing,Indonesia,Keluarga dengan anak kecil,Kamar Superior Twin,Menginap 1 malam pada Juni 2025,"10,0",Spektakuler,Nyaamaannn banget,Nyaman,
13,73,Ester,Indonesia,Wisatawan bisnis,Kamar Superior Twin,Menginap 1 malam pada September 2024,"8,4",Luar biasa,Nice hotel to stay,Nice hotel to stay,
13,74,Winda,Indonesia,Pasangan,Kamar Superior Twin,Menginap 1 malam pada Mei 2025,"10,0",Spektakuler,Terbaik,Terbaik,
13,75,zainal,Indonesia,Pasangan,Kamar Superior Twin,Menginap 1 malam pada April 2025,"10,0",Spektakuler,Spektakuler,Bagus bersih dan ramah,
14,76,Dessy,Indonesia,Pasangan,Kamar Queen Superior,Menginap 1 malam pada April 2025,"10,0",Spektakuler,Staycation,Perfect,
14,77,Rudi,Indonesia,Keluarga dengan anak kecil,Kamar Queen Superior,Menginap 1 malam pada April 2025,"8,4",Luar biasa,Arena Bermain Anak,"Cukup menarik, perlu ditambahkan film2 dokumentasi utk pendidikan anak",
14,78,Permata,Indonesia,Keluarga dengan anak kecil,Kamar Superior Twin,Menginap 1 malam pada Mei 2024,"10,0",Spektakuler,Spektakuler,Langganan.. Tiap ingin staycation pasti kesini.. Krn jd satu sama mall.. Strategis pula lokasi nya,
14,79,Lim,Indonesia,Keluarga dengan anak dewasa,Kamar Queen Superior,Menginap 1 malam pada Maret 2025,"10,0",Spektakuler,Liburan,Ingin suasana yg berbeda...,
14,80,Ika,Indonesia,Rombongan,Kamar Queen Superior,Menginap 1 malam pada April 2024,"10,0",Spektakuler,Spektakuler,"Dekat dengan mall, cari makan gampang",
15,81,Hellyana,Indonesia,Pasangan,Kamar Queen Superior,Menginap 1 malam pada Februari 2025,"10,0",Spektakuler,Spektakuler,"Nginep sama paksu dalam rangka staycation, nyaman bgt sih worth it lah dgn harga yg terjangkau juga",
15,82,abdul,Indonesia,Rombongan,Kamar Deluxe Twin,Menginap 2 malam pada Agustus 2024,"10,0",Spektakuler,Let it flow,tempat workshop yg nyaman di tengah kota bekasi,
15,83,Liez,Indonesia,Pasangan,Kamar Queen Superior,Menginap 1 malam pada Januari 2025,"10,0",Spektakuler,Spektakuler,Staffnya sangat membantu..saya kebooking kamar 2x...bs dibatalkan salah 1nya...,
15,84,irlan,Indonesia,Pasangan,Kamar Queen Superior,Menginap 1 malam pada Desember 2024,"9,6",Spektakuler,Tempat menginap yg sesuai budget,Nice place,
15,85,Citra,Indonesia,Keluarga dengan anak kecil,Kamar Superior Twin,Menginap 2 malam pada Desember 2024,"8,8",Luar biasa,Holiday,Top,
16,86,Lina,Indonesia,Pasangan,Kamar Queen Superior,Menginap 1 malam pada Desember 2024,"10,0",Spektakuler,Hotel mega santika bekasi,Bagus banget pokoknya,
16,87,Jessica,Indonesia,Pasangan,Kamar Queen Superior,Menginap 1 malam pada Desember 2024,"10,0",Spektakuler,bersih,bersih hanya saja lumayan mahal,
16,88,irmaayu,Indonesia,Pasangan,Kamar Queen Superior,Menginap 1 malam pada Desember 2024,"9,2",Spektakuler,Spektakuler,"Ok cuma parkir nya terbatas, jadi agak susah jg dan ga ada vale parking untuk hotel",
16,89,Santi,Indonesia,Keluarga dengan anak kecil,Kamar Queen Superior,Menginap 1 malam pada Desember 2024,"10,0",Spektakuler,Sangat baik,Semua fasilitas dan pelayanannya sangat baik sekali,
16,90,sudarwanto,Indonesia,Keluarga dengan anak dewasa,Kamar Superior Twin,Menginap 1 malam pada September 2024,"10,0",Spektakuler,liburan,exelent,
17,91,mochamad,Indonesia,Wisatawan bisnis,Kamar Superior Twin,Menginap 1 malam pada Agustus 2024,"10,0",Spektakuler,Lokasi strategis,"Lokasi strategis, harga terjangkau, pelayananramah",
17,92,Dede,Indonesia,Pasangan,Kamar Queen Superior,Menginap 1 malam pada Desember 2024,"9,6",Spektakuler,Rekomendasi,Lokasinya strategis,
17,93,adi,Indonesia,Pasangan,Kamar Queen Superior,Menginap 1 malam pada Desember 2024,"10,0",Spektakuler,Spektakuler,Bersih dan nyaman,
17,94,Helmy,Indonesia,Pasangan,Kamar Queen Deluxe,Menginap 1 malam pada Desember 2024,"10,0",Spektakuler,Mantap,Tidur nyenyak,
17,95,Nina,Indonesia,Pasangan,Kamar Queen Superior,Menginap 1 malam pada November 2024,"10,0",Spektakuler,Spektakuler,Bagus,
18,96,Prayoga,Indonesia,Pasangan,Kamar Queen Superior,Menginap 4 malam pada Agustus 2024,"10,0",Spektakuler,Spektakuler,Nyaman,
18,97,Prayoga,Indonesia,Pasangan,Kamar Queen Superior,Menginap 4 malam pada Agustus 2024,"10,0",Spektakuler,Spektakuler,Nyaman banget,
18,98,Prayoga,Indonesia,Pasangan,Kamar Queen Superior,Menginap 4 malam pada Agustus 2024,"10,0",Spektakuler,Spektakuler,Nyaman banget 5 malam disinj,
18,99,esrahasugian,Indonesia,Pasangan,Kamar Queen Deluxe,Menginap 2 malam pada Februari 2024,"10,0",Spektakuler,Spektakuler,sarapannya enak,
18,100,Rafeyfa,Indonesia,Pasangan,Kamar Superior Twin,Menginap 1 malam pada Agustus 2024,"10,0",Spektakuler,mantap,sukakk,
19,101,Irfan,Indonesia,Keluarga dengan anak kecil,Kamar Premiere,Menginap 1 malam pada September 2024,"2,0",,Tidak sesuai deskripsi,Menyesal pake agoda,
19,102,novita,Indonesia,Keluarga dengan anak kecil,Kamar Queen Superior,Menginap 1 malam pada September 2024,"6,0",,Nyaman untuk staycation bersama keluarga,"Akses mudah ,tempat nyaman .",
19,103,Nahadi,Indonesia,Keluarga dengan anak kecil,Kamar Queen Superior,Menginap 2 malam pada Agustus 2024,"10,0",Spektakuler,Kolam renang sudah bagus,kalau bisa ada kolam renang khusus untuk anak kecil yang airnya hangat,
19,104,Dessy,Indonesia,Pasangan,Kamar Queen Superior,Menginap 1 malam pada Agustus 2024,"10,0",Spektakuler,Staycation,nice and cozy...,
19,105,Abdul,Indonesia,Pasangan,Kamar Queen Superior,Menginap 1 malam pada Juni 2024,"10,0",Spektakuler,Spektakuler,Ok lah,
20,106,Syamsul,Indonesia,Keluarga dengan anak kecil,Kamar Queen Superior,Menginap 1 malam pada Juli 2024,"10,0",Spektakuler,Jos Gandos,Happy,
20,107,Yuli,Indonesia,Pasangan,Kamar Queen Superior,Menginap 1 malam pada Juli 2024,"8,8",Luar biasa,Good,Good,
20,108,Wibi,Indonesia,Wisatawan tunggal,Kamar Queen Deluxe,Menginap 1 malam pada Juli 2024,"9,6",Spektakuler,Nyaman,"Kamarnya nyaman banget, sarapan enak2 dan tempat strategis",
20,109,yuli,Indonesia,Keluarga dengan anak kecil,Kamar Queen Deluxe,Menginap 1 malam pada April 2024,"8,8",Luar biasa,Nice choice,Strategic area,
20,110,Budi,Indonesia,Pasangan,Kamar Superior Twin,Menginap 1 malam pada Juni 2024,"10,0",Spektakuler,Top markotop,Sangat recommended,
21,111,El,Indonesia,Keluarga dengan anak dewasa,Kamar Queen Superior,Menginap 1 malam pada Juni 2024,"9,6",Spektakuler,Spektakuler,good,
21,112,Teti,Indonesia,Keluarga dengan anak dewasa,Kamar Queen Deluxe,Menginap 1 malam pada Mei 2024,"10,0",Spektakuler,Nyaman dan tempatnya bersih,Rasa masakannya mantap,
21,113,hengki,Indonesia,Pasangan,Kamar Superior Twin,Menginap 1 malam pada Mei 2024,"10,0",Spektakuler,Hotel di mall,Sangat di rekomendasikan jika mau ke Bekasi lagi,
21,114,Risya,Indonesia,Keluarga dengan anak kecil,Kamar Deluxe Twin,Menginap 1 malam pada Oktober 2023,"8,8",Luar biasa,Luar biasa,"Kamar cukup luas dan bersih, Staff ramah², Lokasi strategis diatas Mall",
21,115,Saeful,Indonesia,Keluarga dengan anak kecil,Kamar Queen Superior,Menginap 1 malam pada April 2024,"8,0",Luar biasa,Hotel bintang 3 lokasi strategis di mall,Setelah memginap disini semalam. Reviewnya kolam renang kecil tak cocok buat anak² karena cepet boring. Mainan anak juga sedikit. Gymnya cuma 3 alat dan ada yg tak fungsi. Ruangan kamarnya cukup sempit. Tidak seperti premier. Dapat harga 635 + sarapan anak umur 6 thn kena charge 55rb.makananya tak selengkap premier. Enaknya deket sama mall aja jadi bisa beli kebutuhan dekat. Sekian,
22,116,Ignatius,Indonesia,Pasangan,Kamar Superior Twin,Menginap 1 malam pada Mei 2024,"9,2",Spektakuler,Good Choice,"The hotel I often stop at when I go to Bekasi. Cleanliness is well maintained and the staff is very friendly. The location is strategic, only 200 meters from the West Bekasi toll gate. There is an uncomfortable experience that needs to be improved. The AC wasn't cold enough so it was a bit sweaty when I woke up after midnight. Too late and tired to report to the front office because it was already 2 am. Some dirty plates were also in the hallway on the 7th floor for quite a long time, disturbing the view and looking dirty.",
22,117,Hendra,Indonesia,Wisatawan tunggal,Kamar Queen Superior,Menginap 1 malam pada September 2023,"10,0",Spektakuler,staycation,good,
22,118,elvira,Indonesia,Pasangan,Kamar Queen Deluxe,Menginap 1 malam pada Oktober 2023,"8,4",Luar biasa,Luar biasa,ada beberapa lantai yang wifinya lemot makanan tidak ada cita rasa khas,
22,119,Novita,Indonesia,Pasangan,Kamar Queen Superior,Menginap 1 malam pada April 2024,"9,6",Spektakuler,Good Hotel,Kenyamanan dan fasilitas sudah baik hanya kebersihannya mohon di perhatikan lagi untuk membersihkan lantainya,
22,120,Novita,Indonesia,Pasangan,Kamar Queen Superior,Menginap 1 malam pada April 2024,"9,6",Spektakuler,Good Hotel,Kenyamanan dan fasilitasnya bagus hanya saat pembersihan kamar saja kurang di sapu 😅.,
23,121,cucun,Indonesia,Pasangan,Kamar Queen Superior,Menginap 1 malam pada April 2024,"9,6",Spektakuler,Sangat rekomend,Seluruh staff sangat ramah sigap dan sangat membantu terima kasih santika hotel mega bekasi 🥰🥰,
23,122,Trismei,Indonesia,Keluarga dengan anak dewasa,Kamar Family,Menginap 1 malam pada April 2024,"10,0",Spektakuler,Staycation Lebaranku,Ini udah kali ketiga saya pesan hotel di AGODA tapi saya ga ngerti gimana pake DISKONNYA ini berlima keluarga tetap aja bayar 1 juta an diskonnya gimana pakainya yak..mending saya kalo mau ke hotel lagi lewat marketing hotel aja yaa.. kebetulan ada kenalan,
23,123,Linawati,Indonesia,Pasangan,Kamar Queen Superior,Menginap 1 malam pada April 2024,"4,8",,Panas AC nya,Ruangan kecil,
23,124,titin,Indonesia,Pasangan,Kamar Superior Twin,Menginap 1 malam pada Maret 2024,"8,0",Luar biasa,Me,Tempat strategis nyaman u staycation,
23,125,Dr.,Indonesia,Keluarga dengan anak dewasa,Kamar Premiere,Menginap 2 malam pada Maret 2024,"9,6",Spektakuler,Hotel di atas Mall,"Salah satu hotel di atas mall yang lokasinya sangat strategis, terutama jika Anda mencari Hotel di sekitaran Bekasi. Lokasinya ada di Mall Mega City Bekasi.",
24,126,Rosselly,Indonesia,Keluarga dengan anak kecil,Kamar Queen Superior,Menginap 1 malam pada Maret 2024,"8,8",Luar biasa,Staycation,"Hotel nyaman, mudah dijangkau, akses ke mall mudah",
24,127,Matris,Indonesia,Keluarga dengan anak kecil,Kamar Queen Superior,Menginap 1 malam pada Februari 2024,"9,2",Spektakuler,Pengalaman Asyik,"Berawal dr salah transaksi vs minta anak cari suasana baru untuk tidur. Terpilihlah Hotel Santika. Evaluasi dikit, ACnya rada error, dingin tetapi harus pilih powerfull klo mau bener² dingin...",
24,128,Nany,Indonesia,Wisatawan tunggal,Kamar Queen Deluxe,Menginap 1 malam pada Februari 2024,"10,0",Spektakuler,Bagus,Good quality..,
24,129,Akhmad,Indonesia,Pasangan,Kamar Queen Superior,Menginap 1 malam pada Februari 2024,"10,0",Spektakuler,Spektakuler,Hotelnya enak langsung terhubung mall,
24,130,elvira,Indonesia,Wisatawan tunggal,Kamar Queen Superior,Menginap 1 malam pada Februari 2024,"9,6",Spektakuler,Spektakuler,selalu disini,
25,131,Tris,Indonesia,Wisatawan tunggal,Kamar Queen Superior,Menginap 1 malam pada Februari 2024,"9,6",Spektakuler,Good Hotel,"Thank you for all the Santika Hotel Mega City Bekasi Staff, all the staff are really helpful. The food also good",
25,132,IRNI,Indonesia,Pasangan,Kamar Queen Superior,Menginap 1 malam pada Desember 2023,"9,2",Spektakuler,Spektakuler,"hotelnya baguss,, bersih, stafnya juga ramah",
25,133,SANTA,Indonesia,Pasangan,Kamar Premiere,Menginap 1 malam pada Januari 2024,"7,2",Sangat baik,Weekend gateway,Overall lumayan...staff wanitanya menurut saya harusnya bisa lebih proper lagi attitude dan servicenya ya,
25,134,Januarli,Indonesia,Pasangan,Kamar Queen Superior,Menginap 1 malam pada Juni 2023,"10,0",Spektakuler,nyaman,nyaman dan lokasi strategis,
25,135,Januarli,Indonesia,Pasangan,Kamar Queen Superior,Menginap 1 malam pada Agustus 2023,"10,0",Spektakuler,Nyaman,Nyaman dan lokasi strategis kemana2,
26,136,Yunda,Indonesia,Keluarga dengan anak kecil,Kamar Queen Superior,Menginap 1 malam pada Juni 2023,"8,0",Luar biasa,Staycation,Staycation karena anak saya ada acara digedung sebelah. Overall bagus cuma tidak ad view yg bisa dilihat. Parkiran khusu mall relatif kecil. Lumayan kamar bersih dan luas.,
26,137,Rizky,Indonesia,Pasangan,Kamar Queen Deluxe,Menginap 1 malam pada September 2023,"10,0",Spektakuler,Mantap,Hotel bersih dan staff sangat membantu,
26,138,Mariana,Indonesia,Rombongan,Kamar Queen Superior,Menginap 1 malam pada Oktober 2023,"10,0",Spektakuler,Spektakuler,"Everything was nice. The rooms were clean, the staff was kind and helpfull. Nice hotel with delicious breakfast",
26,139,Mariana,Indonesia,Rombongan,Kamar Queen Superior,Menginap 1 malam pada Oktober 2023,"10,0",Spektakuler,Spektakuler,"Attentive staff, delicious breakfast, good service and clean room",
26,140,atun,Indonesia,Pasangan,Kamar Queen Superior,Menginap 2 malam pada Oktober 2023,"10,0",Spektakuler,Bersih dan berkelas,rekommended hotel di bekasi,
27,141,stefani,Indonesia,Keluarga dengan anak kecil,Kamar Premiere,Menginap 2 malam pada Oktober 2023,"10,0",Spektakuler,Recomended,"Recomended untuk staycation, staff ramah, hotel bersih, lokasi strategis, ramah anak, ada playground dan aktivitas untuk anak.",
27,142,Indra,Indonesia,Wisatawan tunggal,Kamar Queen Superior,Menginap 1 malam pada Oktober 2023,"10,0",Spektakuler,Bussines trip,"Melebihi ekspetasi dengan harga yang ada, semuanya diatas rata- rata kualitasnya",
27,143,Yoas,Indonesia,Wisatawan bisnis,Kamar Queen Deluxe,Menginap 1 malam pada Oktober 2023,"10,0",Spektakuler,Hotel ok,"Pelayanan, service, kamar ok",
27,144,devina,Indonesia,Keluarga dengan anak kecil,Kamar Premiere,Menginap 1 malam pada September 2023,"7,6",Sangat baik,lumayan tapi tidak bagus banget,"hotel dengan brand yang udah terkenal… untuk posisi keluar tol gampang dan nyatu dengan mall lama yang udah sepi.. saya ambil tipe kamar premier luas sekitar 40 m tapi sayang ga terlalu dingin, saya komplain dan dicek katanya normal tp ternyata ac split 1 pk aja (pantas ga dingin banget) apalg cuaca lagi panas banget jd ngerasa ga nyaman aja.. kamar mandi luas.. kamar juga bersih, pelayanan lumayan sigap",
27,145,Kurniawan,Indonesia,Keluarga dengan anak kecil,Kamar Queen Superior,Menginap 1 malam pada September 2023,"10,0",Spektakuler,Hotel dg mall,sekalian main ke mall,
28,146,Fachrizal,Indonesia,Wisatawan tunggal,Kamar Queen Superior,Menginap 2 malam pada Agustus 2023,"10,0",Spektakuler,Spektakuler,"Nasi gorengnyaaa enaaaak banget, kamar bersih pelayanan ramah",
28,147,Nyonya,Indonesia,Keluarga dengan anak dewasa,Kamar Queen Superior,Menginap 2 malam pada September 2023,"10,0",Spektakuler,Pindah kamar,Ckp helpfull stafnya...dikira ada konser dekat2 htl ternyata kamar berdekatan dg studio XXI suaranya ckp mengganggu... Alhamdulillah direspon dg baik keluhannya shg mlm kedua sdh bisa tidur tanpa terganggu.terimakasih...,
28,148,Nur,Indonesia,Wisatawan tunggal,Kamar Queen Deluxe,Menginap 2 malam pada Agustus 2023,"9,6",Spektakuler,Spektakuler,"Fasilitas dan pelayanan ok bgt, ruangannya luas, kamar mandinya jg.. Tempat tidur nyaman dan bersih Cm sedikit aja kurangnya penerangan yg dket balkon kurang terang kalo malem krn g ada lampu dket situ, krn malem harus ngetik2 plus krn lokasinya nyambung sm mall jd agak bingung pas mau check in atau mau keluar2 di awal.. Tp tetep puas nginep disana..",
28,149,sudarwanto,Indonesia,Keluarga dengan anak kecil,Kamar Queen Superior,Menginap 1 malam pada Agustus 2023,"10,0",Spektakuler,Spektakuler,Keluarga saya merasa nyaman menginap di hotel Horison,
28,150,pranoto,Indonesia,Wisatawan tunggal,Kamar Superior Twin,Menginap 1 malam pada Agustus 2023,"6,0",,Tidak ada toleransi untuk jam sarapan,"Saya hampir sering menginap disini tapi kecewa dengan santika baru kali ini,, Saya kebetulan beres kerja agak larut malam sehingga hari berikut nya saya bangun kesiangan sekitar pukul 10 pagi,, saya kebawag untuk sarapan tapi semua sudah dibereskan karena info nya untuk jam sarapan sudah berakhir oke..saya hanya minta satu aatau 2 potong roti untuk ganjal perutpun info nya tidak ada. Tolong kedepan nya lebih fleksibel padagal jelas saya pesen kamar include dengan sarapan..disini saya bukan tidak mampu untuk beli makanan saya punya asam lambung kronis yg mengharuskan saya makan pada jam2 tertentu.",
29,151,Ronny,Indonesia,Wisatawan bisnis,Kamar Queen Superior,Menginap 1 malam pada Agustus 2023,"10,0",Spektakuler,Business trip,"Awesome, nice place... near mall. I love this place",
29,152,Bambang,Indonesia,Keluarga dengan anak kecil,Kamar Queen Deluxe,Menginap 1 malam pada Agustus 2023,"9,2",Spektakuler,Hometown staycation,"hotel berada di atas mall yg memiliki pengalaman cukup enak. cari makanan, hiburan tinggal turun lift. fasilitas lumayan lengkap,, pool, alat fitnes yg berfungsi n layak pakai.. sarapan cukup variatif dan enak.",
29,153,Natalia,Indonesia,Wisatawan tunggal,Kamar Queen Superior,Menginap 1 malam pada Agustus 2023,"10,0",Spektakuler,Ok,Ok,
29,154,Novenda,Indonesia,Pasangan,Kamar Queen Superior,Menginap 1 malam pada Juli 2023,"10,0",Spektakuler,Spektakuler,Best,
29,155,Sentya,Indonesia,Wisatawan tunggal,Kamar Queen Deluxe,Menginap 3 malam pada Mei 2023,"10,0",Spektakuler,Nice!,Plus karena nyambung sama Mega Bekasi. Gampang cari makan dan bisa nonton ke XXI kapan aja. Cuma kl pesen gocar/grab mereka agak bingung cari lokasi hotelnya.,
30,156,Sylvia,Indonesia,Keluarga dengan anak kecil,Kamar Family,Menginap 1 malam pada Juni 2023,"6,0",,harga yang mahal ga menjamin sebuah hotel itu istimewa,"tolong diperbaiki lagi sistem check in, pada numpuk di lobby. perhatikan kebersihan kamar ( lantai kotor ) di jendela banyak debu, minim tisu. air di kamar mandi dan wastafel kotor. awalnya terima kunci 912 tiba2 diganti ke 626.",
30,157,Setioaji,Indonesia,Pasangan,Kamar Queen Superior,Menginap 2 malam pada Juni 2023,"4,8",,Mengecewakan,"Ini mungkin hotel se Bekasi yg kenakan biaya makan ke anak usia 5 tahun, yang mau bawa anak lebih baik pilih hotel ke tetangga sekitarnya aja atau hotel Santika HI sekalian biar puas. Di kamar jaringan provider lenyap, parkirpun susah.",
30,158,Arif,Indonesia,Wisatawan tunggal,Kamar Queen Superior,Menginap 1 malam pada Juni 2023,"10,0",Spektakuler,Spektakuler,"Terakhir menginap dsni bulan lalu, dan diberi quesioner, saya minta untuk dessert ditambahkan puding, dan sekarang keinginan itu terwujud, saya rasa santika bisa mengikuti dan melayani kemauan dari customer",
30,159,Ignatius,Indonesia,Pasangan,Kamar Queen Superior,Menginap 1 malam pada Desember 2022,"10,0",Spektakuler,CLEAN AND WELL MANAGED,I stayed here for so many times. Always satisfy with the cleanliness and the hospitality of the staff. The hotel is connected to shopping mall. Very easy to get various lunch and dinner or even watch movies in the integrated cinema. The area for improvement is the parking area as the dedicated parking area for hotel visitors is too small.,
30,160,Nenni,Indonesia,Keluarga dengan anak kecil,Kamar Superior Twin,Menginap 1 malam pada Agustus 2022,"10,0",Spektakuler,Bekasi,Bagus cuma dapat rate muahal,
31,161,Djoko,Indonesia,Wisatawan tunggal,Kamar Queen Superior,Menginap 1 malam pada Mei 2023,"10,0",Spektakuler,Hotel bagus,"Hotel bagus, fasilitas lengkap,lokasi strategis",
31,162,Aditia,Indonesia,Pasangan,Kamar Superior Twin,Menginap 1 malam pada Juli 2022,"10,0",Spektakuler,Spektakuler,Nice!!,
31,163,Dida,Indonesia,Wisatawan bisnis,Kamar Superior Twin,Menginap 3 malam pada Agustus 2022,"10,0",Spektakuler,Makanan,"Menu makan paginya sangat variayif, dan semuanya ensk. Hotel juga menyatu dg mall shg memudahkan kita untuk belanja",
31,164,Pralita,Indonesia,Pasangan,Kamar Queen Superior,Menginap 1 malam pada Maret 2023,"10,0",Spektakuler,Hotel Santika Bekasi recomendid hotel,"Pelayananannya sangat bagus, saran saja sebaiknya di masing² room aroma diperbaiki mungkin aroma therapy atau kalau tidak di setiap koridor diberi aroma therapy di beberapa titik. Untuk yang lain memuaskan Good luck untuk hotel Santika bekasi",
31,165,efrat,Indonesia,Pasangan,Kamar Queen Deluxe,Menginap 1 malam pada Desember 2022,"10,0",Spektakuler,Recomended,Memuaskan semua fadilitasnya,
32,166,pranoto,Indonesia,Wisatawan bisnis,Superior Double,Menginap 1 malam pada Januari 2023,"10,0",Spektakuler,Ok,Ok,
32,167,Nopita,Indonesia,Pasangan,Kamar Queen Superior,Menginap 1 malam pada Februari 2023,"8,8",Luar biasa,Ruangan Kamar,"Dapet tisunya sedikit(harusnya di cek kembali dan di refill lg sblm ada tamu lain), meja samping kasur juga kedapetan kotor syg banget, breakfast fine tapi saran lebih ditonjolkan lg soal rasanya👍🏻",
32,168,fitria,Indonesia,Pasangan,,Menginap 1 malam pada Januari 2023,"8,0",Luar biasa,dingin,Acnya dingin,
32,169,Muhammad,Indonesia,Keluarga dengan anak kecil,,Menginap 1 malam pada Januari 2023,"10,0",Spektakuler,Baik Sekali,"walaupaun ada kendala, pihak hotel sangat mengakui kesalahan dengan menyelesaikan masalah tanpa masalah dengan baik dan memuaskan anggota keluarga kami.. teruskan",
32,170,ivan,Indonesia,Wisatawan bisnis,,Menginap 1 malam pada Desember 2022,"10,0",Spektakuler,Mantap,Santika emg oke,
33,171,RINNI,Indonesia,Keluarga dengan anak dewasa,Kamar Queen Superior,Menginap 1 malam pada Juli 2022,"10,0",Spektakuler,santika mega bekasi,nyaman banget,
33,172,RINNI,Indonesia,Keluarga dengan anak dewasa,Kamar Superior Twin,Menginap 1 malam pada Desember 2022,"10,0",Spektakuler,hotel nyaman,hotelnya bersih stafnya ramah sarapan enak. nyaman deh pokoknya,
33,173,Wiro,Indonesia,Wisatawan tunggal,Kamar Superior Twin,Menginap 1 malam pada Mei 2022,"9,2",Spektakuler,Mantep,Ok,
33,174,Raudhoh,Indonesia,Pasangan,Kamar Queen Superior,Menginap 1 malam pada Agustus 2022,"9,2",Spektakuler,Staycation ternyaman,"Tempat strategis, klo bosan tinggal ke Mall",
33,175,Rushartati,Indonesia,Keluarga dengan anak dewasa,Kamar Superior Twin,Menginap 1 malam pada Agustus 2022,"10,0",Spektakuler,Santika bekasi good,B’fast nya banyak variasi nya. Dan enak,
34,176,Desi,Indonesia,Rombongan,Kamar Superior Twin,Menginap 1 malam pada Agustus 2022,"9,6",Spektakuler,Good,"Pelayanannya ramah, kamarnya oke dan bersih. Breakfast juga lmyn enak enak. Cm tempatnya aja kurang strategis. Overall okay 🙂",
34,177,anisa,Indonesia,Pasangan,Kamar Queen Superior,Menginap 1 malam pada Februari 2022,"6,0",,Di Atas Rata-Rata,Strategis dan cukup bersih,
34,178,Ernita,Indonesia,Wisatawan tunggal,Kamar Queen Deluxe,Menginap 1 malam pada Juli 2022,"9,6",Spektakuler,Spektakuler,"Semua fasilitas lengkap, kecuali kulkas kecil tapi ga masalah, agak sedikit berisik dari luar ruangan ntah karna mesin atau karna dekat dengan jalan raya jadi sedikit menganggu tidur.",
34,179,Listya,Indonesia,Keluarga dengan anak kecil,Kamar Queen Superior,Menginap 1 malam pada Juli 2022,"7,2",Sangat baik,Sangat baik,"Makanan enaak, staff ramah dan helpful, kamar cukup bersih. Chanel tv beda2 tiap kamar, ada yg kurang lengkap. Yang sangaat menganggu ada lah live music yg kenceng bgt sampe kamar dari jam 7-10 malam. Semoga hanya pas weekend saja",
34,180,mitha,Indonesia,Pasangan,Superior Double,Menginap 1 malam pada Juli 2022,"9,2",Spektakuler,Liburan,Staf ramah menu makanan banyak pilihan.,
35,181,Novita,Indonesia,Keluarga dengan anak dewasa,Kamar Superior Twin,Menginap 1 malam pada Juni 2022,"10,0",Spektakuler,Hotel Bagus dan Nyaman,"Hotelnya bagus, bersih, dan nyaman. Pekerjanya baik dan ramah. Minusnya kunci yang diberikan hanya 1. Jadi ketika suami saya belum masuk kamar (mempersiapkan kegiatan di hall), saya harus menunggu sampai malam agar suami bisa masuk kamar.",
35,182,Dwi,Indonesia,Keluarga dengan anak kecil,Kamar Queen Superior,Menginap 1 malam pada Juni 2022,"10,0",Spektakuler,Spektakuler,Mantap,
35,183,Agus,Indonesia,Rombongan,Kamar Queen Superior,Menginap 1 malam pada Mei 2022,"8,0",Luar biasa,Sangat baik,sayang kulkas mini bar tidak tersedia,
35,184,Doni,Indonesia,Keluarga dengan anak kecil,Kamar Queen Deluxe,Menginap 1 malam pada Mei 2022,"10,0",Spektakuler,Spektakuler,Lokasi strategis dekat ke beberapa mall dan dekat pintu tol,
35,185,Adhitya,Indonesia,Pasangan,Kamar Queen Superior,Menginap 1 malam pada Mei 2022,"6,8",Bagus,Bagus,"Kamar lumayan tp pintu kamar mandinya susah untuk ditutup. Sarapan tidak hangat jd kurang fresh, untuk rasa juga biasa aja.",
36,186,vina,Indonesia,Keluarga dengan anak kecil,Kamar Queen Superior,Menginap 1 malam pada Mei 2022,"8,4",Luar biasa,Tempat ok,"Ok,bgt tempatnya tp untuk,breakfast ternyata umur 4 thn ke atas hrs byr ditempat..sebaiknya sblmnya hrsnya konfirmasi dahulu",
36,187,yuli,Indonesia,Keluarga dengan anak kecil,Kamar Queen Superior,Menginap 1 malam pada Mei 2022,"10,0",Spektakuler,Ok,Ok,
36,188,Rizky,Indonesia,Keluarga dengan anak kecil,Kamar Superior Twin,Menginap 1 malam pada Mei 2022,"7,6",Sangat baik,Sangat baik,Kamar ok cuma agak berdebu ya...sama varian menu untuk breakfast sedikit...tidak ada salad dan white toast padahal menurut saya itu wajid di breakfast...,
36,189,Reza,Indonesia,Keluarga dengan anak kecil,Kamar Queen Superior,Menginap 1 malam pada Februari 2022,"10,0",Spektakuler,Liburan dengan anak,"Fasilitas Bagus dan pelayanan jg ramah,",
36,190,Hatlembert,Indonesia,Keluarga dengan anak kecil,Kamar Queen Superior,Menginap 1 malam pada April 2022,"7,6",Sangat baik,Sangat baik,"Tgl 9 april 2022 cekout tgl 10 april 2022, pesan 3 kamar. Tiba jam 13.30 di hotel. Satu kamar tidak tersedia dan menunggu sedikit lama untuk satu kamar lagi. Dan dua kamar yang tersedia tersebut AC tidak dingin (738 dan 751) setelah dibenarin AC 738 mendingan sedikit, dan AC yang 751 tidak ada perubahan dan pintu aksess card bermasalah. Sampai cekout AC kamar tidak ada perubahan. Sedikit kecewa.",
37,191,danie,Indonesia,Pasangan,Kamar Superior Twin,Menginap 1 malam pada Januari 2022,"9,2",Spektakuler,recomended,"breakfastnya bervariasi, staff ramah",
37,192,Bianca,Indonesia,Keluarga dengan anak kecil,Kamar Queen Superior,Menginap 1 malam pada Januari 2022,"8,0",Luar biasa,Rekomendasi sih,Tapi sayang nya dalem kamar nya tuh kurang lengkap,
37,193,deddy,Indonesia,Keluarga dengan anak dewasa,Kamar Deluxe Twin,Menginap 1 malam pada Januari 2022,"9,2",Spektakuler,lumayan,beda saat sebelum pandemi..saat sarapan pagi diambilin petugasnya jadi ga bebas..menunya juga berkurang.,
37,194,BAMBANG,Indonesia,Keluarga dengan anak kecil,Kamar Queen Superior,Menginap 1 malam pada Desember 2021,"8,0",Luar biasa,Secara keseluruhan Baik,"Secara keseluruhan cukup baik, ac aja kurang dingin..sedikit",
37,195,Asep,Indonesia,Pasangan,Kamar Queen Superior,Menginap 1 malam pada September 2021,"6,4",Bagus,kurang puas,fasilitas dan harga kurang seimbang. terlalu jauh untuk masuk hotel,
38,196,I,Indonesia,Wisatawan bisnis,Kamar Queen Superior,Menginap 1 malam pada Februari 2020,"10,0",Spektakuler,respon,mantap,
38,197,Edy,Indonesia,Keluarga dengan anak kecil,Kamar Superior Twin,Menginap 1 malam pada Juni 2021,"2,4",,Menginap di hotel Santika bekasi,"Nyaman, bersih ,ramah dan aman",
38,198,lea,Indonesia,Wisatawan tunggal,Kamar Superior Twin,Menginap 1 malam pada Juni 2021,"10,0",Spektakuler,Pelayanan yang excellent,"Luar biasa pelayanan di hotel santika mega city bekasi ini,sebagai yg sering staycation di berbagai hotel hanya hotel ini yang sangat amat memuaskan,dan yang paling luar biasa lagi pelayanannya adalah saat mereka staf staf hotel mendatangi kamar saya dan memberikan surprise ulang tahun ke saya,di hotel hotel lainnya tidak pernah saya temukan pelayanan semacam ini,sampai saya tanyakan salah satu stafnya kenapa bisa tau hari ulang tahun saya karna dia melihat data saya,sungguh pelayanan yang sangat amat memuaskan dan saya bisa recomended ke kawan kerja saya dan juga client saya bahwasannya di hotel santika mega city bekasi ini service nya sangat sangat memuaskan dan cocok untuk di jadikan staycation,acara pernikahan ataupun saat liburan. Terimakasih atas pelayanan yang amat sangat memuaskannya hotel santika mega city bekasi.",
38,199,Luna,,Keluarga dengan anak kecil,Kamar Superior Twin,Menginap 1 malam pada Mei 2021,"9,6",Spektakuler,Spektakuler,Puas banget nginep disini. Pelayanan nya ramah. Staff nya baik baik. Hanya saja AC nya kurang dingin.,
38,200,Andyko,Indonesia,Keluarga dengan anak kecil,Kamar Queen Deluxe,Menginap 1 malam pada Mei 2021,"7,2",Sangat baik,Sangat baik,"Breakfast rasa lunch time, optional makan ringannya sedikit. Bubur ayam, topping hanya kecap dan bawang goreng. Kolam renang asin, bikin mata perih untuk anak2",
39,201,syahrul,Indonesia,Keluarga dengan anak dewasa,Kamar Queen Superior,Menginap 1 malam pada Februari 2021,"10,0",Spektakuler,Hotel Terbaik di Bekasi,"Tempatnya aman dan nyaman untuk berlibur, dekat dengan tempat belanja dan restoran.",
39,202,tommy,Indonesia,Wisatawan bisnis,Kamar Superior Twin,Menginap 1 malam pada September 2019,"10,0",Spektakuler,nyaman,nyaman,
39,203,Ita,Indonesia,Keluarga dengan anak kecil,Kamar Queen Superior,Menginap 1 malam pada Februari 2021,"10,0",Spektakuler,Menginap ketiga kali,"Sarapan enk dan bervariasi, kamar bersih dan nyaman. Hanya superior kamar agak kecil.. sya biasa menginap di deluxe",
39,204,Jihan,Indonesia,Keluarga dengan anak kecil,Kamar Queen Superior,Menginap 1 malam pada Februari 2021,"8,0",Luar biasa,"Fasilitas kolam renang, air hangat dan AC","Kolam renang hanya dibuka sabtu dan minggu saat pandemi, padahal weekdays pun hotel sepi, AC lama dinginnya, restaurant AC panas benar benar gerah, air hangat pun ga berfungsi, pelayanan staff oke, ramah dan cepat",
39,205,tri,Indonesia,Keluarga dengan anak kecil,Kamar Superior,Menginap 1 malam pada Oktober 2020,"6,0",,Protokol Kesehatan Bagus,Hotel yang lumayan dengan harganya dan protokol kesehatan yang bagus,
40,206,Maulana,Indonesia,Wisatawan bisnis,Kamar Superior Twin,Menginap 1 malam pada Agustus 2020,"8,0",Luar biasa,Lokasi strategis,"Lokasi yang sangat strategis, berada diatas mall membuat mudah mencari hiburan atau sekedar cemilan. Sayangnya kecepatan wifi sangat lambat dibawah 1 mbps upload maupun download. Padahal tujuan saya stay karena ingin fokus bekerja . Tetapi terobati karena keramahan staff. Oh iya di agoda tertulis include bathup tapi ternyata tidak ada di room tsb.",
40,207,Ardi,Indonesia,Keluarga dengan anak kecil,,Menginap 1 malam pada Februari 2020,"8,8",Luar biasa,Posisi Strategis,"Posisi Strategis dengan Pintu Tol Bekasi barat, ada Mall sehingga jajan atau tempat bermain anak tidak jauh. Untuk breakfast nya lumayan lah",
40,208,Deva,Indonesia,Pasangan,Kamar Queen Superior,Menginap 1 malam pada Februari 2020,"4,8",,Cukup,"Lumayan kecewa sama pelayanan receptionist, dan hotline call nya Hotel Santika Bekasi, pertama AC kamarnya panas banget gak kerasa, dan kebetulan saya tinggal sampai malam. sudah laporan dan katanya akan segera diperbaiki nyatanya saya kembali pun AC nya masih gak kerasa atau panas. dengan harga segitu saya kecewa karena kualitas pendingin ruangannya mengecewakan. nilai plus di room service mas2 yg nganter dan pelayan restaurant pas breakfast. tapi, saya betul2 kecewa sama kamar dan pendingin ruangannya.",
40,209,rusi,Indonesia,Pasangan,Kamar Superior Twin,Menginap 1 malam pada Januari 2020,"6,0",,Nice hotel,"Lumayan, untuk rate harga dan fasiltiasnya",
40,210,nurul,Indonesia,Keluarga dengan anak dewasa,Kamar Queen Superior,Menginap 2 malam pada Januari 2020,"8,0",Luar biasa,Cukup menyenangkan,Kl cari makan mudah.. ga enaknya lift turun ke lt.dasar/jln raya hy sewaktu2 on. Kl ga ada kndaraan terpaksa jln kaki menuju lt bawah/jln raya. Krn kmrn mobil kbnjiran jd ga bw kndaraan. Jd susah akses k jln raya kl ga ada kndaraan,
41,211,Nani,Indonesia,Wisatawan bisnis,Kamar Superior Twin,Menginap 1 malam pada November 2019,"10,0",Spektakuler,"Lokasi strategis, mau cari makan jg gampang",Dibawahnya mall,
41,212,Habib,Indonesia,Keluarga dengan anak kecil,Kamar Queen Deluxe,Menginap 3 malam pada November 2019,"4,4",,"1. 3 mlm menginap disini anak saya mau pesen spagetti bolognaise,tp selama 3 hari bolognaissenya tdk","Bolognaisse saucenya tdk ada juga. 2. BF time tdk ada offer coffe or tea,pdahal ada di cupnya dimeja. 3. Mesin toaster,sampai 3x BF tsk kwluar sensiri klo sdh mateng.jd banyak jg tamu2 yg gosong. 4. Peran level supervisor atau manager di resto tdk ada,sehingga service ke tamu2,terutama saat BF tdk maksimal. Hanya fokus kepada nanyain no.kamar tamu. 5. Lift akses dr mall ke hotel kurang safety org bebas masuk hotel. 6. Hotel berada diatas Mall,tdk diinfo di ota.",
41,213,M,Indonesia,Keluarga dengan anak kecil,Kamar Queen Superior,Menginap 1 malam pada September 2019,"7,2",Sangat baik,Hotel satu gedung dengan mall,"perbaikan kedepannya adalah AC tolong diperbaiki karena kurang dingin, tempat sabun di kamar mandi sudah karatan dan mau copot jd terkesan tidak terawat",
41,214,Annisaa,Indonesia,Keluarga dengan anak kecil,Kamar Superior Twin,Menginap 1 malam pada September 2019,"8,0",Luar biasa,Strategis namun ada yg mengecewakan,"Lokasi strategis krena dekat dgn mall, sya dpat kamar yg agk mengecewakan. Rak handuk d kamar mndinya rusak, bnyak yg kropos d dindingnya, staff d resto ada yg kurang ramah. Makanannya kurang variatif, selebihnya ok!",
41,215,adi,Indonesia,Wisatawan bisnis,Kamar Superior Twin,Menginap 1 malam pada Agustus 2019,"6,4",Bagus,Akses Hotel,masih bingung akses masuk ke hotel nya.... dan kalau mall tutup bagaimana ya...,
42,216,Fransiska,Indonesia,Pasangan,Kamar Superior Twin,Menginap 2 malam pada Agustus 2019,"4,0",,Bad Hotel!,"- Resepsionis pria sangat tidak ramah - Akses card kamar hanya dapat satu, hmmm minta satu lagi harus deposit? Baru pertama kali nemu hotel begini. - WIFI tdk bisa digunakan OTP tdk diterima baik sms ataupun tlp, sinyal provider merah pun tak bersahabat. - Mati lampu genset berfungsinya lama sekali ada kali setengah jam. Dan kudu turun tangga donk ke parkiran dari lantai 5. Mendadak kurus ye kaaaannn - Nginep dua malam, tapi sabun dan shampoo tdk diganti! Omg biarpun dipake cuma buat cuci kaki, tapi please lah di ganti kan saya bayar utk dua - Meskipun sarapan banyak menu nya dan rasanya lumayan enak, tapi kalau piringnya kotor dan jorok ya percumaaaa lah yaaa - Air kamar mandi menggenang dan ga masuk donk, hadeehhh - AC rasa hotel bintang 2, masih manual boss Cape aaahhh nulisnya, terlalu banyak yg bikin ngelus dada. Semoga ada perbaikan dan perubahan!",
42,217,IR.,Indonesia,Wisatawan bisnis,Kamar Queen Superior,Menginap 1 malam pada September 2018,"4,4",,Security sangat tidak sopan,"Security sangat tidak sopan, kasar",
42,218,Supartyo,Indonesia,Pasangan,Kamar Superior Twin,Menginap 1 malam pada Desember 2018,"10,0",Spektakuler,Sangat membantu saat saya butuh room dgn Agoda,Sangat berkesan karena bisa cepat pesan room dan murah melalui Agoda,
42,219,Dona,Indonesia,Keluarga dengan anak kecil,Kamar Queen Superior,Menginap 2 malam pada November 2018,"9,2",Spektakuler,Spektakuler,"hotel yg nyaman,fasilitas leengkap, dan petugas2 yang sangat ramah... next mudah2an bisa nginep di sini lagi",
42,220,Cempaka,Indonesia,Keluarga dengan anak kecil,Kamar Premiere,Menginap 1 malam pada Oktober 2018,"7,6",Sangat baik,Cukup sekali mencoba,"Pesan kamar premier yg termahal dan sampai di bekasi pukul 13, namun ditolak cek in karena kamar premier ready di pukul 14, sementara kamar delux dan superior dibawahnya tetap bisa dilayani.bahkan dibantu registrasi saja tidak,padahal saya sudah siapkan ktp.saat sudah pukul 14, saya diwajibkan memperlihatkan vocher agoda,yg tidak pernah saya cetak,bagaimana bisa sistemnya tidak bisa memastikan tamu sudah pesan atau tidak.di santika manapun saya tidak pernah diperlakukan seperti ini.saat minta free parking,wajib memperlihatkan tiket parkir,yang mana dipegang di dompet suami saya yang sedang menggendong bayi dan menjaga balita kami .sungguh protokol yang sangat menyebalkan.saya sering menginap di santika cirebon dan santika tasikmalaya,jika minta free parking hanya ditanya nomor mobil saja. Resepsionis sangat tidak ramah,baik yang laki atau yang perempuan.hotel ada di dalam mal dengan kondisi parkiran membingungkan,kami sempat telepon ke hotel minta petunjuk namun resepsionis seakan tidak mempedulikan,jawab asal seakan jika mau datang silahkan,jika tidak mau ya tidak perlu menginap disini.kolam renang sempit.saat mau masuk dengan keadaan tangan penuh barang dan gendongan balita,bellboy malah tidak bukakan pintu.tidak akan pernah saya kembali menginap disini.jika saya bisa memberi nilai antara 1-10, saya beri nilai minus.tidak pernah saya sekecewa ini.",
43,221,YUDITA,Indonesia,Pasangan,Kamar Superior Twin,Menginap 1 malam pada September 2018,"8,0",Luar biasa,Hotel dgn lokasi di mall,"Hotel santika ini satu gedung dgn mall mega bekasi. Agak kebingungan ketika pertama datang ke hotel ini terlebih lagi bila diatas jam 10 malam, karena lokasi hotel terletak di lantai paling atas dari mall. Jadi harus memasuki parkiran mall apabila membawa kendaraan sendiri. Kamar sangat luas dan bersih. Tetapi tidak ada hairdryer, harus meminta terlebih dahulu ke housekeeping.",
43,222,Freddy,Indonesia,Keluarga dengan anak dewasa,Kamar Queen Superior,Menginap 1 malam pada Desember 2017,"8,4",Luar biasa,Memuaskan,"Untuk penginapan ditengah kota, cukup memuaskan. Thx...",
43,223,Tri,Indonesia,Keluarga dengan anak kecil,Kamar Queen Deluxe,Menginap 1 malam pada Desember 2017,"10,0",Spektakuler,lokasi strategis,lokasi mudah terjangkau dan strategis..,
43,224,DEWI,Indonesia,Keluarga dengan anak kecil,Kamar Deluxe Twin,Menginap 1 malam pada Desember 2017,"10,0",Spektakuler,Hotel ok di kota bekasi,"Buat yang mau menikmati kota Bekasi. Ini salah satu pilihan hotel strategis. Mau kemana saja tinggal jalan kaki. Dan mau beli apa aja tinggal turun ke Bawah aja. Karena letak hotelnya diatas Mega city Bekasi. Dan untuk Makakan Variatif banget, dan enak semua. Tapi untuk parkiran agak sempit apa lagi kalau peak season. Overall recommended.",
43,225,majron,Indonesia,Wisatawan bisnis,Kamar Queen Deluxe,Menginap 1 malam pada Oktober 2017,"9,2",Spektakuler,Mantap murah bersih,Lanjut,
44,226,ana,Indonesia,Pasangan,Kamar Queen Superior,Menginap 1 malam pada Desember 2017,"6,8",Bagus,Balkon kmr,Harus lebih safty lg ( ada lock dari dalam kamar ),
44,227,LIM,Indonesia,Wisatawan bisnis,Kamar Queen Superior,Menginap 1 malam pada Desember 2017,"6,8",Bagus,check in lama,sebaiknya diberi nomor antrian utk check in.. tdk mengerti bisa lama sekali.. hotel ada di lt 5.. jika bawa mobil putarin gedung.. .. turun di hotel badan terasa melayang..,
44,228,yulia,Indonesia,Pasangan,Kamar Queen Deluxe,Menginap 1 malam pada November 2017,"8,4",Luar biasa,Mekanik AC salah kamar,"Sarapan melimpah hanya rasa terlalu standar. Saat kami menginap chek in pkl 15 wib, wlw psn dr agoda 1jam yll blm bs masuk krn htl blm terima email dr agoda, wlw sy tlh tunjukkan email yg sy terima dr agoga. Jd sy menunggu sekita 40mnt tuk bs masuk kmr pdhal kami sangat lelah stlh perjlnn yg panjang. Stlh shalat magrib sy dan suami langsung tidur. Tp sekitar jam 20.30 pintu kami spt ada yg mau buka, bbrp X bunyi tit tit tp krn kami kunci dr dlm jd pintu tdk bs terbuka. Lantas mereka mengetuk pintu bbrp x. Sontak sy kaget, sy blg suami tuk bukakan pintu. 2org mengaku petugas mekanik yg mau membetulkan ac dan lampu krn ada pengaduan dr kmr kami, pdhal kami tdk ada keluhan apapun. Andaikan jam segitu kami tdk ada di kmr mungkin mrk sdh masuk kmr, sedangkan kami simpan brg2 di kmr dg sembarangan. Sy ngeri mrk menaruh narkoba atau lainnya di kmr kami dan kami di tuduh. Harap telp dl kmr yg kan di dtgi, sekedar cek dan ricek jgn asal masuk z. Tmpt bersih, wifi kmr tdk ada",
44,229,Sim,Indonesia,Keluarga dengan anak kecil,Kamar Superior Twin,Menginap 2 malam pada Oktober 2017,"5,6",,Staff kurang agresif dan tidak sesuai dalam pemesanan kamar.,Staff tidak teliti dalam bookingan kamar dan kamar kurang bersih banyak serangga sehingga membuat tamu tidak bisa tidur dengan nyenyak. Mencoba untuk menginap malah mengecewakan tamu. Tidak di rekomendasi.,
44,230,rudy,Indonesia,Wisatawan bisnis,Kamar Superior Twin,Menginap 1 malam pada Juli 2017,"6,4",Bagus,kurang memuaskan,Parkir susah dan menu makan pagi tidak ada rasa.,
45,231,Siska,Indonesia,Pasangan,Kamar Deluxe Twin,Menginap 1 malam pada Oktober 2017,"3,6",,Kamar yg sempit,"Kamar nya sempit, rate nya cuma 400an tapi minta deposit 200, mending kalo di kamar ada kulkas nya,, lantai nya juga lengket,,,",
45,232,Darwin,Indonesia,Keluarga dengan anak kecil,Kamar Queen Superior,Menginap 1 malam pada September 2017,"7,6",Sangat baik,Darwin Oei,"Saya bersama istri dan anak kami yang berusia 20 bln menginap selama 1 malam (17 September 2017). Overall smua cukup OK, baik dari segi lokasi yg strategis (di lantai atas mega bekasi mall), kamar yg cukup luas, kebersihan, serta variasi sarapan. Hal yg sedikit mengganggu adalah kartu kamar hotel cm ada 1 buah, sehingga agak menyusahkan ketika salah satu dari kami pergi secara terpisah, karena akses di lift juga memakai kartu kamar hotel juga",
45,233,tintin,Indonesia,Wisatawan bisnis,Kamar Queen Superior,Menginap 1 malam pada September 2017,"6,8",Bagus,Dinding sangat tipis & Sarapan Mie basi,"+ design hotel oke ( - ) Dinding sangat tipis seperti pakai papan gipsum pembatas aja dengan kamar sebelah, suara sebelah kamar terdengar jelas. ( - ) Pilihan menu Sarapan lumayan banyak tapi pas kami pilih makan Mie nya basi sehingga kami kurang selera mau pilih makanan yg lain lagi",
45,234,HARI,Indonesia,Wisatawan bisnis,Kamar Superior Twin,Menginap 2 malam pada September 2017,"8,0",Luar biasa,"worth it , sesuai dengan harganya","hotel yang bagus, bersih dan menu breakfast bervariasi",
45,235,rudy,Indonesia,Wisatawan bisnis,Kamar Queen Superior,Menginap 1 malam pada Mei 2017,"6,8",Bagus,Bagus,cukup memuaskan fasilitas tapi parkir kurang,
46,236,Anna,Indonesia,Pasangan,Kamar Queen Deluxe,Menginap 1 malam pada Juni 2017,"6,0",,Di Atas Rata-Rata,"lokasinya sulit dicari karena ternyata ada di lantai paling atas mega bekasi, fasilitas sepertinya masih belum banyak",
46,237,sudianto,Indonesia,Wisatawan bisnis,Kamar Deluxe Twin,Menginap 2 malam pada Mei 2017,"7,6",Sangat baik,Sangat baik,"Kamar bersih, lokasi di mall, staf ramah",
46,238,Miseri,Indonesia,Keluarga dengan anak dewasa,Kamar Queen Deluxe,Menginap 1 malam pada Agustus 2024,"2,0",,"Pengalaman paling buruk saat tidur yg kedua kalinya. SDH booking lama malah saat cek in kita kehabisan kamar, akhirnya kita dpt kamar yg paling mau rokok, jorok. Begitu pagi langsung cek out","Pelayanan resepsionisnya jelek, ga teliti, main ambil struk parkir segala, masih ditangan dia blm dikembalikan, terselip entah kemana, malah ga merasa bersalah ngotot SDH dikembalikan. Kesal sekesal2nya. Dan kapok deh gw, ga akan nginap di hotel itu lagi. Pengalaman terburuk",
46,239,Atik,Indonesia,Wisatawan tunggal,Kamar Queen Superior,Menginap 1 malam pada September 2025,"9,6",Spektakuler,Spektakuler,Worth it banget mana udh include breakfast lagi. Room bersih dan para staff ramah semua. 🤎🫶,
46,240,Rizki,Indonesia,Pasangan,Kamar Queen Superior,Menginap 1 malam pada Mei 2025,"10,0",Spektakuler,Spektakuler,Menginap di HS Mega City semuanya nyaman. As soon as posible pasti balik lagi untuk menginap,
47,241,Nugroho,Indonesia,Keluarga dengan anak kecil,Kamar Queen Superior,Menginap 1 malam pada April 2025,"10,0",Spektakuler,Spektakuler,Pelayan sangat baik hotel bersih wangi fasilitas memuaskan sarapan untuk makannyan enak,
47,242,Puti,Indonesia,Keluarga dengan anak dewasa,Kamar Queen Superior,Menginap 1 malam pada Agustus 2023,"9,6",Spektakuler,Parkir mobil kurang nyaman,"Hotel yg sebenarnya cukup nyaman, hanya karena letaknya di atas mall, dimana akses dan tempat parkir nya menjadi agak sulit dan terbatas. Kamar standar cukup nyaman, meski agak sempit, lengkap dengan ac, tv, wifi. Kamar mandi dengan air panas, handuk dan perlengkapan mandi lain standar. Sarapan juga gratis dan penambahan satu orang seharga 100rb. Sarapan nya enak dan variatif. Staf ramah dan sopan. Overall, lumayan baik.",
47,243,Wiji,Indonesia,Keluarga dengan anak kecil,Kamar Superior Twin,Menginap 2 malam pada Februari 2024,"10,0",Spektakuler,Staycation,"Selalu jadi pilihan staycation,bagi keluarga saya. Sangat recommended Hotel dg akses mall yg sangat mudah, fasilitas hotel sangat oke, breakfast yg maknyuuzzz(jgn skip mie Godog lgi ya 🥰),staff layanan super super ramah... Pokoknya selalu rindu staycation dsini..",
47,244,Djembar,Indonesia,Wisatawan tunggal,Kamar Queen Deluxe,Menginap 1 malam pada Februari 2024,"10,0",Spektakuler,Nginep di Santika Mega City Bekasi yuuk,hotelnya nyaman.... memiliki akses ke Mall.....mau belanja dan jajan tinggal turun pake lift......akses juga mudah,
47,245,Wiji,Indonesia,Pasangan,Kamar Queen Superior,Menginap 1 malam pada Februari 2024,"9,6",Spektakuler,One night in Santika,"Awalnya penasaran dengan Santika Hotel, karena letaknya yg jd satu dg Mega mall Bekasi. Setelah putar2 Akhirnya Mas Bojo deal tuk bermalam dsana, dpet kamar 731 ... Meskipun ga dpet pemandangan kota ITS ok lah,kn tujuannya tuk istirahat he..he. .. Kamar bersih, dpet Air mineral 4 botol, kopi,teh,dll lengkap..Mandi pancuran( air panas tersedia), breakfast enak2 terutama Mie Godog nya enak gurih,mas bojo bilang jempol 10 ueenaaakkk bgedt. Klo aqu tetep suka per ROTI an nya and Salad buah,,, Semuanya oke pokoknya .. Recommended (Besok2 klo nginep lgi tolong sediakan Hair dryer ya Santika🥰) Thankyouuu so much, and Sukses terus SANTIKA HOTEL♥️",
48,246,Priadi,Indonesia,Keluarga dengan anak kecil,Kamar Queen Deluxe,Menginap 1 malam pada Februari 2024,"10,0",Spektakuler,Very good,"Semua baik satf ramah dan fast respon,,kamar luas wangj view kokam r enang,,breakfast banyak varian enak2 semua..anak saya ikut happy apalgi dikolam renang pas ad kegiatan membuat donat...pokoknya pasti kalau kenekasi nginep disini lg..tq GBU all",
48,247,Lina,Indonesia,Keluarga dengan anak kecil,Kamar Superior Twin,Menginap 1 malam pada Januari 2024,"9,2",Spektakuler,Pengalaman pertama menginap 17 Jan 2024,"Overall OK.. dari kebersihan, ramah staff, brrakfast, tp ada pengalaman ga enak dan wajib pihak hotel review. Suami temen saya mau breakfast d jam 6 pagi kurang 5-10 menit. Saya ijin menanyakan untuk breakfast tp petugas bilang ""nanti dulu"". Menurut saya lbh elok dia blg, silahkan pak. Tp mgkin di bbrp posisi petymugas belum ready. Tp sudahlah.. sdh terjdi Thx mega.. sukses selalu",
48,248,Puti,Indonesia,Keluarga dengan anak dewasa,Kamar Queen Superior,Menginap 1 malam pada November 2023,"10,0",Spektakuler,Sarapan nya the best,"Ini kali kedua saya menginap di sini. KArena kebetulan ada acara kajian ustaz, dan untuk nyaman nya saya pesan kamar di sini bersama anak dan kakak saya. Kamar nya selalu bersih dan nyaman. Wifi on terus, tv cable, air hangat, colokan listrik yg cukup, ada di samping tempat tidur satu, di meja juga ada 2 colokan listrik, di bawah meja juga ada 1 colokan listrik, bahkan di kamar mandi jg ada (mungkin utk hair drayer). Pokoknya lengkap. Ada air panas, dan juga selain shower, di kamar mandi ada kran yg wudhu friendly. Yang paling ok, air minum dikasih 4 botol sekaligus...haha...jarang2 nih ada hotel spt ini di bekasi. Nyaman banget. Trus paling seru pas wkt sarapan, dimana makanannya full variation. Enak2. Jika nambah 1 org ikut sarapan bayar 100rb. Untuk check-in tdk pakai deposit ya. Kdatangan pertama dapat welcome drink, tp pas kedua ini tdk. Hanya saja sedikit saran buat manajemen utk memikirkan masalah parkir yg kelihatannya sangat terbatas, dan masih kelihatan kurang dikoordinir dg baik, meski sdh ada satpam yg ditugaskan utk itu. Cukup sulit buat saya yg menginap di sana utk dapat parkit. Tapi soal keramahan staf memang keren sih. Semangat, semoga layanan bisa lebih ditingkatkan lg ke depan nya ya.",
48,249,Levente,Hongaria,Pasangan,Kamar Queen Superior,Menginap 6 malam pada Juni 2025,"10,0",Spektakuler,Great hotel,"This was my first trip to Indonesia and the accommodation was great. The staff was polite and the location was quiet. Taxi drivers found the hotel entrance easily, and the mall downstairs has all the shopping and eating/drinking facilities you could ever need.",
48,250,maulana,Indonesia,Pasangan,Kamar Queen Superior,Menginap 2 malam pada Mei 2024,"10,0",Spektakuler,One of recomended hotel,Location was great Mall at the same building room was ok Breakfast ok Price affordable,
49,251,Taher,Inggris,Wisatawan tunggal,Kamar Queen Superior,Menginap 2 malam pada Mei 2025,"9,6",Spektakuler,Spektakuler,Decent hotel above a decent mall. Staff super friendly and helpful. Room good size and well appointed but lighting very dim for me 😢,
49,252,Khairli,Indonesia,Keluarga dengan anak kecil,Kamar Queen Superior,Menginap 1 malam pada Juli 2024,"8,4",Luar biasa,Worth it,"Bukan pertama kali menginap disini, Semoga bisa menyediakan kulkas mini di kamar yaa, untuk superior dan deluxe kamar nya. Dan Spesial untuk pic receptionist (Bernard) terimakasih sudah mau kasih upgrade kamar untuk kami, soon kami akan menginap lagi.",
49,253,Budi,Indonesia,Keluarga dengan anak kecil,Kamar Queen Deluxe,Menginap 1 malam pada Juli 2024,"9,2",Spektakuler,Good for staycation,Quite nice hotel for staycation in the venter city of Bekasi. Kids friendly and the staff are attentive to children.,
49,254,Clarence,Indonesia,Pasangan,Kamar Superior Twin,Menginap 1 malam pada November 2025,"8,0",Luar biasa,Good,"Everything good except for the view. Hard to find exits if you wanna go out from hotel to ground floor in the middle of night because the mall is closed and feels like a ghost town, doesn't even have lights",
49,255,Taher,Inggris,Wisatawan tunggal,Kamar Queen Superior,Menginap 1 malam pada Mei 2025,"9,6",Spektakuler,Stayed an extra night,Special shout out to Mr Galih in reception and Miss Chita in the restaurant. Two very humble and respectful members of staff. A credit to the hotel.,
50,256,laura,Indonesia,Pasangan,Kamar Queen Superior,Menginap 2 malam pada Mei 2024,"10,0",Spektakuler,Efektif dan efisien,Aku nilai bagus karena pas dengan perjalananku naek travel dari Bandung. Turun di shuttle yang banyak tuh di halaman parkir Mega Bekasi. Balik Bandung tinggal pilih dari banyak shuttle di situ lagi. Lapar tinggal turun ke mall nya.,
50,257,Herry,Indonesia,Pasangan,Kamar Queen Superior,Menginap 1 malam pada April 2025,"8,4",Luar biasa,Luar biasa,"Sebenarnya hotel Santika ini sempurna untuk harga segitu, masalahnya cuma akses masuk ke hotelnya susahhhh. Lobby nya di lantai 5 dan cuma bisa diakses lewat gedung parkir yg melingkar2, akses jalan kaki harus lewat mal yg cukup jauh jalannya, eskalator sering mati, dan tidak ada lift ke lantai dasar !!",
50,258,Terry,Indonesia,Keluarga dengan anak kecil,Kamar Superior Twin,Menginap 2 malam pada Mei 2024,"8,4",Luar biasa,room review,"lantai kamar mandi licin, sy dan anak sy sempat jatuh. bersyukur tidak sampai terluka. mohon lebih diperhatikan. but overall pelayanan dan fasilitasnya value for money. thank you!",
50,259,JAMILUDIN,Singapura,Rombongan,Kamar Queen Deluxe,Menginap 1 malam pada Juli 2025,"6,0",,Shopping mall below the hotel,"Check in very fast, Request smoking room granted, Parking waive upon request, Below hotel, shopping mall and good restaurant for food, Breakfast is ok",
50,260,Herry,Indonesia,Rombongan,Kamar Superior Twin,Menginap 3 malam pada Maret 2025,"8,4",Luar biasa,Luar biasa,"Lumayan, tapi posisi hotel yang merepotkan karena terletak dilantai 5 gedung yang sulit dijangkau karena harus jalan kaki jauh naik eskalator didalam mal, karena gak ada list langsung. Kalau malam diatas jam 9 kita mau keluar hotel, mal tutup kita harus jalan kaki dari lantai 5 ke lantai dasar lewat gedung parkir yang melingkar2. Sungguh merepotkan.",
51,261,MD,Kanada,Wisatawan tunggal,Kamar Queen Superior,Menginap 1 malam pada April 2026,"5,2",,Terrible Santika,"This place is rundown and a terrible place! I’ve stayed in Santika Jakarta and Bogor before and that’s why I booked here thinking it’s same standard as other Santika hotels! However, it’s a very dirty place with mold al over and cockroaches! Staff is exceptionally nice! Specifically Chia / Sia from breakfast and the staff who brought me ice over and over as room Airconditier was not working perfectly! Management of Santika, you have a great reputation chains of hotels! Please focus on cleaning and renovating the place.",
51,262,Richard,Indonesia,Wisatawan bisnis,Kamar Queen Superior,Menginap 1 malam pada Juni 2024,"6,8",Bagus,Queen bed is two single bed combine??,"Channel tv not much to watch, city view block by mall rooftop",
51,263,ISMAIL,Malaysia,Pasangan,Kamar Queen Superior,Menginap 4 malam pada Mei 2025,"5,6",,Transportation complicated.,"The hotel is good but the main entrance is confusing to guests. Most of the gojack riders, grab motor riders didn't know exactly the main entrance of the hotel, so they refused to sent me exactly. They just dropped me at the main entrance of shopping mall neighborhood to the hotel.",
51,264,Herny,Indonesia,Pasangan,Kamar Superior Twin,Menginap 1 malam pada Oktober 2025,"10,0",Spektakuler,Nginep beberapa kali,Sudah nginep beberapa kali untuk staycation dan tdk mengecewakan.,
51,265,NANI,Malaysia,Wisatawan tunggal,Superior Double,Menginap 2 malam pada Februari 2026,"9,6",Spektakuler,Spektakuler,Best place for vacation. The overall atmosphere and service are highly recommended.,
52,266,Jonothan,Indonesia,Pasangan,Kamar Queen Deluxe,Menginap 1 malam pada Januari 2026,"7,6",Sangat baik,Sangat baik,"Great hotel, enjoyed my stay",
52,267,Yandi,Indonesia,Rombongan,Kamar Superior Twin,Menginap 1 malam pada Januari 2026,"10,0",Spektakuler,Spektakuler,Nice,
52,268,Nina,Indonesia,Keluarga dengan anak kecil,Kamar Superior Twin,Menginap 2 malam pada Januari 2026,"10,0",Spektakuler,Good experience,Good hotel. Clean and service top tier,
52,269,Sinta,Indonesia,Wisatawan tunggal,Kamar Queen Deluxe,Menginap 2 malam pada Februari 2025,"10,0",Spektakuler,Concert,Cool and good,
52,270,AZMI,Malaysia,Pasangan,Kamar Queen Superior,Menginap 1 malam pada November 2025,"6,8",Bagus,Too basic,Bfast was good.,
53,271,Ronggur,Indonesia,Keluarga dengan anak kecil,Kamar Superior Twin,Menginap 2 malam pada Oktober 2025,"7,6",Sangat baik,Sangat baik,"lorong kamar nya pengab, tv nya tidak HD & chanelnya sedikit. selebihnya bagus sekali",
53,272,Zeplin,Indonesia,Pasangan,Kamar Superior Twin,Menginap 1 malam pada Agustus 2025,"10,0",Spektakuler,Best Location,Near from city center,
53,273,Hendri,Indonesia,Pasangan,Kamar Queen Superior,Menginap 1 malam pada Agustus 2025,"4,0",,Hospitality Review,"The room is very hot, the air condition not working properly",
53,274,Adam,Indonesia,Wisatawan bisnis,Kamar Queen Superior,Menginap 1 malam pada September 2025,"10,0",Spektakuler,Ok,Ok,
53,275,Adam,Indonesia,Wisatawan bisnis,Kamar Queen Superior,Menginap 1 malam pada September 2025,"10,0",Spektakuler,Ok,Ok,
54,276,sabrina,Indonesia,Keluarga dengan anak kecil,Kamar Queen Deluxe,Menginap 1 malam pada September 2025,"10,0",Spektakuler,Puas,"Lokasi strategis di atas mall, kamar bersih, sarapan enak",
54,277,Jessica,Indonesia,Keluarga dengan anak kecil,Superior Double,Menginap 3 malam pada Juli 2025,"10,0",Spektakuler,All good,All good,
54,278,Ismail,Indonesia,Pasangan,Kamar Deluxe Twin,Menginap 1 malam pada Juni 2025,"9,2",Spektakuler,Good,Recommended,
54,279,Kintan,Indonesia,Pasangan,Kamar Superior Twin,Menginap 1 malam pada Juni 2025,"8,4",Luar biasa,Luar biasa,Hampir sempurna. Yg kurang buatku hanya sangat disayangkan room servicenya tidak 24 jam 🥲,
54,280,elvira,Indonesia,Pasangan,Kamar Queen Superior,Menginap 1 malam pada Juni 2025,"9,6",Spektakuler,Spektakuler,as always disini,
55,281,Lilyana,Indonesia,Pasangan,Kamar Superior Twin,Menginap 1 malam pada Mei 2025,"10,0",Spektakuler,Spektakuler,Very good hotel,
55,282,Fidriyanti,Indonesia,Keluarga dengan anak kecil,Kamar Queen Superior,Menginap 1 malam pada November 2024,"8,0",Luar biasa,bagus,bagus buat yg pergi bersama keluarga,
55,283,Salsha,Indonesia,Pasangan,Kamar Queen Superior,Menginap 1 malam pada April 2025,"9,6",Spektakuler,Good,Good,
55,284,Richard,Indonesia,Wisatawan bisnis,Kamar Queen Superior,Menginap 1 malam pada April 2025,"6,8",Bagus,Disappointed,"No view, No Hbo channel, Breakfast so so, FO sent to bad room.",
55,285,Jasur,Indonesia,Wisatawan tunggal,Kamar Superior Twin,Menginap 2 malam pada Juli 2024,"10,0",Spektakuler,Sangat Baik,"Bagus, lokasi strategis dan nyaman",
56,286,Darren,Malaysia,Pasangan,Kamar Queen Superior,Menginap 2 malam pada Februari 2025,"6,4",Bagus,Bagus,酒店楼下是商场但是只适合吃东西商场看像没有几家商店吧停车场要上到五楼，有点不方便,
56,287,Paul,Kanada,Wisatawan tunggal,Kamar Queen Superior,Menginap 8 malam pada Februari 2025,"8,0",Luar biasa,Great hotel!,"Amazing staff😃 always friendly to you! Food is good too, I hope to back again",
56,288,Meigy,Indonesia,Pasangan,Kamar Queen Superior,Menginap 1 malam pada Desember 2024,"10,0",Spektakuler,Good Place,Salah satu hotel terbaik di bekasi Terutama pada breakfast nya lengkap & enak.,
56,289,Utarini,Indonesia,Pasangan,Kamar Superior Twin,Menginap 1 malam pada Desember 2024,"8,8",Luar biasa,👍,Good👍,
56,290,Riski,Indonesia,Wisatawan bisnis,Kamar Superior Twin,Menginap 1 malam pada Desember 2024,"10,0",Spektakuler,Excelent,"Fast checked in,room big and clean Love to coming back Thanks",
57,291,Fadli,Indonesia,Wisatawan tunggal,Kamar Queen Superior,Menginap 1 malam pada Desember 2024,"9,2",Spektakuler,Ok,"Ok,",
57,292,Nics,Indonesia,Keluarga dengan anak kecil,Kamar Superior Twin,Menginap 1 malam pada Oktober 2024,"10,0",Spektakuler,Hotel yg bagus,Silakan di coba sendiri,
57,293,Nics,Indonesia,Keluarga dengan anak kecil,Kamar Superior Twin,Menginap 5 malam pada Oktober 2024,"10,0",Spektakuler,Bagus & family oriented,+ bagus + Bagus + Bagus,
57,294,Nics,Indonesia,Pasangan,Kamar Superior Twin,Menginap 3 malam pada November 2024,"10,0",Spektakuler,Nice hotel,Good at every thing,
57,295,Anisa,Indonesia,Pasangan,Kamar Queen Superior,Menginap 1 malam pada Agustus 2024,"8,0",Luar biasa,Sangat baik,"Motorbike parking is shared with mall parking, while car parking is on the hotel",
58,296,diena,Indonesia,Wisatawan bisnis,Kamar Queen Superior,Menginap 2 malam pada September 2024,"10,0",Spektakuler,Staf yg ramah,"Hotel yg bagus, staf yg ramah, sarapan bervariasi dan enak.",
58,297,Hasta,Indonesia,Pasangan,Kategori Kamar ditentukan saat Kedatangan,Menginap 1 malam pada September 2024,"10,0",Spektakuler,Awesome,Pokoknya Awesome Banget Deh 👍👍👍👍,
58,298,Sylvia,Indonesia,Pasangan,Kamar Superior Twin,Menginap 1 malam pada Oktober 2024,"9,6",Spektakuler,Spektakuler,AC nya gak dingin untuk ukuran Santika Hotel.,
58,299,Nurrahmi,Indonesia,Keluarga dengan anak kecil,Kamar Queen Superior,Menginap 1 malam pada Oktober 2024,"10,0",Spektakuler,Spektakuler,"Bersih, nyaman, staf ramah dan membantu. Keluarga dan anak2 juga senang",
58,300,Desti,Indonesia,Pasangan,Kamar Queen Superior,Menginap 1 malam pada September 2024,"9,2",Spektakuler,Spektakuler,AC bocor,
59,301,Angela,Indonesia,Pasangan,Kamar Queen Superior,Menginap 1 malam pada April 2024,"6,0",,It's okay,The room was okay breakfast wasn't great though.,
59,302,Wulansari,Indonesia,Pasangan,Kamar Queen Superior,Menginap 2 malam pada Agustus 2024,"9,6",Spektakuler,Recommemded,"Harga ok dan lokasi strategis, layanan baik dan ramah",
59,303,Richard,Indonesia,Wisatawan bisnis,Kamar Queen Superior,Menginap 1 malam pada Agustus 2024,"6,8",Bagus,King bed are Two single bed combine,Why?,
59,304,Tosan,Indonesia,Wisatawan tunggal,Kamar Superior Twin,Menginap 1 malam pada Juli 2024,"6,0",,Under my expectation,"Just so so. I thought was comfort, clean and spacious.",
59,305,Elfa,Indonesia,Pasangan,Kamar Queen Superior,Menginap 1 malam pada Juni 2024,"10,0",Spektakuler,Spektakuler,the breakfast was so good!,
60,306,Zulfadli,Indonesia,Wisatawan tunggal,Kamar Queen Superior,Menginap 1 malam pada Februari 2024,"8,8",Luar biasa,Lumayan,Ok lah,
60,307,Kharisma,Indonesia,Keluarga dengan anak kecil,Kamar Superior Twin,Menginap 1 malam pada Mei 2024,"10,0",Spektakuler,Spektakuler,Overalls was good hoteliers,
60,308,Kosmas,Indonesia,Wisatawan bisnis,Kamar Deluxe Twin,Menginap 7 malam pada April 2024,"6,8",Bagus,It okay for Business Travelling.,Location near Supermarket.,
60,309,Turohoni,Indonesia,Pasangan,Kamar Queen Superior,Menginap 1 malam pada Mei 2024,"10,0",Spektakuler,Perfect,"Always perfect place to stay.. Lokasinya beneran strategis, dibawahnya ada mall. Kebersihan kamar & kamar mandi sangat baik. Staff juga ramah semuanya.. Enjoy staying here",
60,310,Aliyah,Indonesia,Pasangan,Kamar Queen Deluxe,Menginap 1 malam pada Mei 2024,"10,0",Spektakuler,Spektakuler,Good,
61,311,Bahtera,Indonesia,Pasangan,Kamar Queen Deluxe,Menginap 1 malam pada April 2024,"8,8",Luar biasa,Good and Good,5 Star if it have Netflix or at least smart tv to connect my phone,
61,312,junita,Indonesia,Pasangan,Kamar Queen Superior,Menginap 1 malam pada April 2024,"10,0",Spektakuler,Spektakuler,"Lovely hotel, will always recommed",
61,313,Diana,Indonesia,Pasangan,Kamar Queen Superior,Menginap 2 malam pada April 2024,"8,4",Luar biasa,Parking,"Gak banget deh cara bayar parkirnya, hanya ojek online hanya drop aja 6000, pick up penumpang 6000 lagi. Padahal 3 menit aja gak nyampe. Ke atas aja sdh usaha dulu ke lantai 5. Pantesan grabcar nya pada males jemput. Next aku gak nginap di situ lagi deh. Lumayan ribet dan termasuk mahal parkir hanya untuk drop/pick",
61,314,Eko,Indonesia,Pasangan,Kamar Superior Twin,Menginap 1 malam pada Januari 2024,"4,4",,Cukup,Room no quite and room request no accepeted.,
61,315,Sentya,Indonesia,Wisatawan tunggal,Kamar Queen Deluxe,Menginap 2 malam pada Mei 2023,"8,8",Luar biasa,Beside Hypermall,Great location. Lift connected to the Hypermall.,
62,316,dhining,Indonesia,Keluarga dengan anak kecil,Kamar Queen Superior,Menginap 3 malam pada April 2024,"10,0",Spektakuler,Ied fitr's staycation,"It was very helpful n humble reception forgot her name, davira I guess. She gave us upgraded room, whAt we really love is they have play ground indoor n tiny outdoor next to the pool. Food also good, will back n stay again.",
62,317,Rahul,India,Wisatawan bisnis,Kamar Superior,Menginap 5 malam pada Januari 2024,"9,2",Spektakuler,Good Hotel,"It was very nice stay at Hotel Santika. Good ambience, cooperative staff, good food. Overall Hospitality was very good . I would recommend this hotel for the people who are travelling for Business tour.",
62,318,Indra,Indonesia,Wisatawan bisnis,Kamar Queen Superior,Menginap 1 malam pada Maret 2024,"8,0",Luar biasa,Sangat baik,This room is for my friend. Overall are good but it will be perfect if t Availability of Soetta airport bus is helpfull and it's not so far from Halim airport. We can get axi and ride hailing cars easily from this hotel. Close to malls and hospitals.,
62,319,Gustaf,Indonesia,Wisatawan tunggal,Kamar Queen Deluxe,Menginap 1 malam pada Maret 2024,"9,6",Spektakuler,Good service,All good,
62,320,Gustaf,Indonesia,Wisatawan tunggal,Kamar Queen Superior,Menginap 1 malam pada Maret 2024,"9,6",Spektakuler,Good service,All good,
63,321,Belal,Australia,Wisatawan tunggal,Kamar Queen Deluxe,Menginap 1 malam pada Maret 2024,"8,0",Luar biasa,Good hotel,Good hotel with good location+ above an old mall which is very convenient+ great staff.,
63,322,Ace,Indonesia,Pasangan,Kamar Queen Deluxe,Menginap 1 malam pada Februari 2024,"5,2",,House lizard in the room,I just spent a night there but it was horrible. When I get ready to sleep then a house lizard suddenly showed on the roof and I scream because it's disgusting. I tried to call the house keeping and the staff came too long and the lizard hid behind the AC. I couldnt sleep all night long because I was worried that the lizard might fall into my bed. I checked out with the most unpleasant feeling due to lack of sleep. Better find another hotel nearby because its not the only hotel there,
63,323,Indra,Indonesia,Keluarga dengan anak kecil,Kamar Queen Superior,Menginap 1 malam pada Februari 2024,"8,8",Luar biasa,Easy access to mall,"Clean, comfort, kidzone, nice pool. Friendly staff and welcome drinks. Room for improvement: provide fridge and towels on pools area.",
63,324,Ignatius,Indonesia,Pasangan,Kamar Queen Superior,Menginap 1 malam pada Oktober 2023,"10,0",Spektakuler,Clean and Well maintained,Santika Mega City is well maintained and clean. Check in was pretty quick too. The breakfast menu is quite varied and quite delicious.,
63,325,ilyas,Maladewa,Pasangan,Kamar Queen Superior,Menginap 1 malam pada Februari 2024,"10,0",Spektakuler,Holiday,Very good,
64,326,Theresia,Singapura,Pasangan,Kamar Queen Superior,Menginap 2 malam pada Februari 2024,"10,0",Spektakuler,Good room service,Booked the superior room and there is no mini fridge. We upgraded to the bigger room and the king bed size. The location is very convenient as it’s just above the shopping mall. We’ll come back.,
64,327,Stephani,Indonesia,Keluarga dengan anak kecil,Kamar Superior Twin,Menginap 1 malam pada Februari 2024,"8,8",Luar biasa,good place to staycation,"the room is clean, the staff are friendly and kind even the security very helpfull.. the food is good, but the sauteed vegetables too salty 🤭 the pool is clean and nice but unfortunately the water contain too much chlorine, making it more acidic it cause itchy in my face, nose and eyes.",
64,328,I,Indonesia,Wisatawan tunggal,Kamar Queen Deluxe,Menginap 2 malam pada Februari 2023,"6,0",,major cleanlines issue,facility look old and dirty,
64,329,Preztika,Indonesia,Pasangan,Kamar Superior Twin,Menginap 1 malam pada Mei 2023,"10,0",Spektakuler,Spektakuler,Baguus dan karena jadi satu dengan mall. Untuk cari cemilan dan makanan gak perlu jauh apalagi ngegojek. Cukup turun mall bisa pilih makanan/cemilan apa yg di mau,
64,330,Purnama,Suriname,Wisatawan bisnis,Kamar Queen Superior,Menginap 5 malam pada Oktober 2023,"8,4",Luar biasa,Luar biasa,"I am satisfied with the service at the Santika Mega City Bekasi hotel and I would recommend this hotel. Thanks to all staff for their good service and I would like to mention Mr. Galih, the hotel manager snd Rian HK the room attendant for your kindness.. 🙏",
65,331,Dewi,Indonesia,Wisatawan tunggal,Kamar Queen Deluxe,Menginap 1 malam pada Oktober 2023,"10,0",Spektakuler,Spektakuler,Good,
65,332,Nofritandia,Indonesia,Pasangan,Kamar Queen Superior,Menginap 1 malam pada Juli 2023,"10,0",Spektakuler,Spektakuler,Nice hotel,
65,333,Leonar,Indonesia,Pasangan,Kamar Queen Deluxe,Menginap 1 malam pada Juli 2023,"8,8",Luar biasa,Breakfast requires improvememt,The breakfast is their weakest point.,
65,334,Omer,Indonesia,Keluarga dengan anak kecil,Kamar Superior Twin,Menginap 1 malam pada April 2023,"10,0",Spektakuler,Hotel Bagus,Hotel ini sangat strategis krn diatas mall giant bekasi. Fasilitas lengkap ada kolam renang dan sarapan pagi,
65,335,ifan,Indonesia,Keluarga dengan anak kecil,Kamar Queen Deluxe,Menginap 1 malam pada Juni 2023,"6,4",Bagus,Air kotor,Air untuk mandi kurang bersih Sama sarapan sedikit opsi nya,
66,336,Puti,Indonesia,Pasangan,Kamar Superior Twin,Menginap 1 malam pada Juni 2023,"8,4",Luar biasa,Escapecation,Good enough. Recommended,
66,337,Lina,Malaysia,Pasangan,Kamar Queen Deluxe,Menginap 1 malam pada Mei 2023,"10,0",Spektakuler,Good & best hotel to stay.,"Hotel location just on the top of the mall. Good breakfast. Reception by name of Rizal good and humble, room cleanines good.",
66,338,Frans,Indonesia,Wisatawan bisnis,Kamar Queen Superior,Menginap 1 malam pada Mei 2023,"8,4",Luar biasa,Not right for pleasure,"Not variety of food for Breakfast, 4 star hotel like 2 star.",
66,339,Richard,Afrika Selatan,Wisatawan bisnis,Kamar Queen Deluxe,Menginap 1 malam pada April 2023,"7,2",Sangat baik,"Hot Air Conditionare, No Refrigerator, No View","Pros: Try their breakfast not bad, unique location is inside parking area of mega bekasi hypermal, staff at restaurant preety n nice, have balkon but you need help to open it! Cons: Old building, hot air con, doesn't have fridge, small room, wifi suddently disconected, tv channel not many option, small tv size, small parking, etc Conclusion: not the best, only so so, u can get more good hotel with that price. Sorry to say, better Hotel Santika in Cikarang than in West Bekasi! Only my two cents..",
66,340,Daru,Indonesia,Pasangan,Kamar Superior Twin,Menginap 1 malam pada Januari 2023,"10,0",Spektakuler,Spektakuler,"a great holiday in this hotel with my family, we can also shopping because near with shopping mall",
67,341,Desry,Indonesia,Pasangan,Kamar Queen Superior,Menginap 1 malam pada Februari 2023,"10,0",Spektakuler,Good,Good,
67,342,daniel,Brunei Darussalam,Keluarga dengan anak kecil,Kamar Twin/Double - Superior,Menginap 2 malam pada Februari 2023,"10,0",Spektakuler,need to update the parking location or lobby,need to update the parking location or lobby,
67,343,Gideon,Indonesia,Pasangan,Kamar Queen Superior,Menginap 1 malam pada Mei 2022,"10,0",Spektakuler,Excellent,The best best banget lah untuk pelayanan,
67,344,Ajie,Indonesia,Wisatawan tunggal,Kamar Queen Superior,Menginap 1 malam pada Juni 2022,"7,6",Sangat baik,Just good,Overall facilities is good. But be careful whether the receptionist offered a room upgrade.,
67,345,Wiradana,Indonesia,Keluarga dengan anak kecil,Kamar Superior Twin,Menginap 1 malam pada Juni 2022,"10,0",Spektakuler,First Time Staycation,Recommended place for staycation,
68,346,Agust,Indonesia,Wisatawan tunggal,Kamar Queen Superior,Menginap 1 malam pada Agustus 2022,"10,0",Spektakuler,Good.. good,"Tempat hotel yg strategis, bersih, dan nyaman tentunya.",
68,347,Andy,Indonesia,Keluarga dengan anak kecil,Kamar Deluxe Twin,Menginap 1 malam pada Juli 2022,"8,8",Luar biasa,Bath room improvement,Will be great if bath room facility improved. Looks too old.,
68,348,Pralita,Indonesia,Pasangan,Kamar Queen Deluxe,Menginap 1 malam pada Juli 2022,"10,0",Spektakuler,Hotel Santika Mega city,Pelayanannya top,
68,349,Ristiani,Indonesia,Rombongan,Kamar Queen Superior,Menginap 1 malam pada Juli 2022,"10,0",Spektakuler,Spektakuler,Good place for staycation,
68,350,Ragu,India,Wisatawan bisnis,Kamar Queen Superior,Menginap 3 malam pada Mei 2022,"10,0",Spektakuler,Value for money,Location and worth paying,
69,351,ILHAM,Indonesia,Pasangan,Kamar Queen Superior,Menginap 1 malam pada Mei 2022,"8,4",Luar biasa,Luar biasa,"If you look for a good services, take this hotel as one of your wise choice",
69,352,Galih,Indonesia,Keluarga dengan anak kecil,Kamar Queen Superior,Menginap 1 malam pada Mei 2022,"9,2",Spektakuler,family room,choose family room,
69,353,yopy,Indonesia,Keluarga dengan anak kecil,Kamar Superior Twin,Menginap 1 malam pada April 2022,"9,6",Spektakuler,verry good,nice place for staycation in bekasi,
69,354,Desy,Indonesia,Wisatawan tunggal,Kamar Queen Superior,Menginap 1 malam pada Desember 2021,"7,2",Sangat baik,Sangat baik,Not bad. Just need double check for the cleanliness and the old furniture need to be renew,
69,355,Dina,Indonesia,Pasangan,Kamar Superior Twin,Menginap 1 malam pada Maret 2022,"3,2",,Cukup,Hotel Santika bagus bgt top,
70,356,Sovina,Indonesia,Rombongan,Kamar Queen Superior,Menginap 1 malam pada Februari 2022,"6,0",,Quite oke,"The air con doesn't feel cold at all and there were so many mosquitos, can't sleep. Other than that is ok, the staff were so friendly and helpful, breakfast menu were various and tasty.",
70,357,Dones,Indonesia,Pasangan,Kamar Queen Superior,Menginap 1 malam pada Maret 2021,"6,0",,Di Atas Rata-Rata,Overall good,
70,358,Iqbal,Indonesia,Pasangan,Kamar Superior Twin,Menginap 1 malam pada Januari 2022,"10,0",Spektakuler,Best Place to Stay in Bekasi,Good service and hospitality. Hotel near heart of the city of Bekasi,
70,359,Mutiara,Indonesia,Pasangan,Kamar Queen Deluxe,Menginap 1 malam pada Oktober 2021,"6,0",,Clogged shower & AC not cold enough,I stayed from 2-3 September at Santika Mega Bekasi. I ordered a deluxe bed room but what I got was a twin bed. hotel sandals only get one. there are no small towels for the face. there is only 1 toothbrush in the room. the shower area is clogged so there is a puddle of water. ac is not cold enough. I prefer hotels on the other side with the same price.,
70,360,riris,Indonesia,Keluarga dengan anak dewasa,,Menginap 1 malam pada Desember 2020,"8,4",Luar biasa,Good,kebersihan hotel cukup bagus,
71,361,Catherine,Indonesia,Pasangan,Kamar Queen Superior,Menginap 1 malam pada Oktober 2020,"2,0",,NOT WORTH YOUR MONEY.. Don’t ever stay here!,"I have just bad experience during my staycation in any hotel.. Actually this hotel is located inside Mega City Mall Bekasi, 5th floor.. Without a clear information from the beginning from the hotel, if lift can not be access.. due to I have ride motorcycle to this hotel which is the parking place located is not directly in front of the hotel.. I have to manually walk 4th times on four different elevator to get to the hotel at 11pm and as you know the mall elevator will off at the night 9pm.. but without any complain for me as a guest.. i have passing through to the hotel with a smile. And today is my checkout time schedule, again without any clear information when I just arrived in front office..they charge me extra-charge fee for Rp. 150,000.. i check out 01.45 pm.. how-come I stay here with pricey money Rp. 600,000/night.. but this hotel make me uncomfortable as a guest and 4 stars class with a bad quality and staff treatment even didn’t do any apologize for the inconvenient that I have talked about.. I always stay in another hotel, even Aston as the competitor have a wise rules.. I don’t ever treated like this with any hotel, even if the time for me to check out at 2pm. Last but not least, It’s not about value for money,, but how they solve the problem if the guest feel inconvenient..",
71,362,Evie,,Keluarga dengan anak kecil,,Menginap 1 malam pada September 2020,"6,0",,"I use to stay in Santika in Belitung but was completely much Better, Very Disappointed here .","Cup and Glass for drinks is from plastic is not good for save our planet from plastic, breakfast serve worse. First time and last time I bring my family here. But anyway so far room ok.",
71,363,Eddy,Singapura,Keluarga dengan anak kecil,Kamar Superior Twin,Menginap 1 malam pada Maret 2020,"8,8",Luar biasa,Great Location,The Hotel is located on the shopping mall. It has some facilities for children. The breakfast is fantastic with a lot of options.,
71,364,Eddy,Singapura,Keluarga dengan anak kecil,Kategori Kamar ditentukan saat Kedatangan,Menginap 2 malam pada Maret 2020,"8,8",Luar biasa,Great Breakfast,The Hotel is located on the shopping mall. It has some facilities for children. The breakfast is fantastic with a lot of options.,
71,365,Rolando,Indonesia,Wisatawan bisnis,Kamar Superior Twin,Menginap 1 malam pada Februari 2020,"10,0",Spektakuler,recommended hotel,"hotel connected to the mall, easy for food",
72,366,ridwan,Indonesia,Keluarga dengan anak dewasa,Kamar Queen Deluxe,Menginap 1 malam pada Februari 2020,"8,4",Luar biasa,Luar biasa,"Room is bright, clean and convenience to stay. Access to the property is confusing because the lobby is located at the end of the access road and not easily visible by guest.",
72,367,Rolando,Indonesia,Wisatawan bisnis,Kamar Superior Twin,Menginap 1 malam pada Januari 2020,"10,0",Spektakuler,perfect hotel,"the hotel is in the Mall, easy to find food etc etc perfect places and would stay there anytime I traveled to Bekasi",
72,368,Orvina,Indonesia,Pasangan,Kamar Superior Twin,Menginap 1 malam pada Januari 2020,"7,2",Sangat baik,"The breakfast is quite good, but the staff and facilities are not quite good,",You should provide more staff during high seasons. The staff looked very tired so they did not work well,
72,369,Andre,Indonesia,Keluarga dengan anak kecil,Kamar Superior,Menginap 1 malam pada Desember 2019,"9,6",Spektakuler,Spektakuler,Good service. Comfortable room.,
72,370,marcia,Indonesia,Pasangan,Kamar Queen Superior,Menginap 2 malam pada November 2019,"5,6",,Super bad hotel,"Worst hotel i ever stay, from the security not informative about location the hotel from the parking lot. And the receptionist super slow response, after that, the key room is not connect with the door, and i will go down again to the lobby and ask about the door, because i can’t open the door with this key.",
73,371,Agus,Indonesia,Wisatawan bisnis,Kamar Queen Superior,Menginap 1 malam pada September 2019,"6,0",,not much from me,"i stayed just because or work, breakfast is ok..",
73,372,rusi,Indonesia,Pasangan,Kamar Superior Twin,Menginap 1 malam pada September 2019,"7,6",Sangat baik,Sangat baik,OVERALL ARE GOOD,
73,373,fira,Indonesia,Pasangan,Kamar Superior Twin,Menginap 1 malam pada Agustus 2019,"9,2",Spektakuler,Nice place to stay and cheap,I left my things there at room 917 Bs tlg cek? Kalau ada tlg hub 082364776500,
73,374,Nicholas,Singapura,Keluarga dengan anak kecil,Kamar Superior Twin,Menginap 1 malam pada September 2019,"6,4",Bagus,Bad WiFi.,Do I have to re login the WiFi with user name and password every 5min. The location of the hotel or maybe my room have no signal and I have to rely on WiFi what make piss off is I have to re login every 5 min which is so much hassle.,
73,375,Kanokwan,Thailand,Pasangan,Kamar Queen Superior,Menginap 2 malam pada Agustus 2019,"7,6",Sangat baik,good location,so far its good because can go to cinema or superstore . i love breakfast here.there have many menu that you can choose.,
74,376,gotty,Filipina,Wisatawan tunggal,Kamar Superior Twin,Menginap 1 malam pada Mei 2019,"8,0",Luar biasa,Good hotel,"My first time to stay here and i really love it. When ypu are hungry, you just go down (becasue the hotel connected with mall). And also very close to toll gate and other public facilities.",
74,377,CAROLUS,Indonesia,Wisatawan bisnis,Kamar Queen Deluxe,Menginap 1 malam pada Februari 2019,"10,0",Spektakuler,Excellent and peaceful place!,Excellent service and location. A very comfortable and peaceful place to rest after a very long meeting. I would recommend it to everyone. Great breakfast with variety of food choices. Thanks again.,
74,378,Tanja,Finlandia,Wisatawan bisnis,Kamar Queen Superior,Menginap 1 malam pada Januari 2019,"8,0",Luar biasa,Good value for money,"Good location top of a shopping mall. Basic room, comfy bed, no fridge. Hearty breakfast.",
74,379,Antonius,Indonesia,Keluarga dengan anak kecil,Kamar Queen Superior,Menginap 1 malam pada Desember 2018,"8,0",Luar biasa,Good hotel,Good hotel.. Clean room.. Fast check in and out.. Location surrounding with mall and place to eat..,
74,380,Christian,Thailand,Wisatawan tunggal,Kamar Queen Superior,Menginap 1 malam pada November 2018,"9,6",Spektakuler,GOOD LOCATION ON THE SHOPPING MALL,"ROOM is good and clean, WIFI is good, BREAKFAST is many choice (i like STANDARD SANTIKA), BED IS good., The location is good in the BEKASI. Just out from TOLLWAY and find the hotel. Also the location at mall. So can easy to find food, or cinema, shopping. But after 10PM is quite difficult to find entrance (lucky that have karaoke inulvista open late night) HAVE SERVICE for BLUEBIRD but if need fast better find from 1st floor",
75,381,abu,Singapura,Pasangan,Kamar Queen Superior,Menginap 5 malam pada November 2018,"10,0",Spektakuler,outstanding PR,My compliment to the Hotel supervisor Ariff for handling my issue during stay.,
75,382,muhammad,Malaysia,Wisatawan tunggal,Kamar Superior Twin,Menginap 2 malam pada Januari 2018,"7,6",Sangat baik,All was good. Excellent selection of breakfast. Location was a bit of inconvenience.,"The room was good, comfy and clean. I love the variety of Indonesian breakfast (as a Malaysian who commonly take heavy and spicy food in the morning). Ground floor and few more floors from the ground are a mall. You have to go to multi layered car park area to reach the foyer of the lobby or a specific lift from the ground floor in the mall. Nevertheless, in overall, had a good time staying there.",
75,383,Boon,Singapura,Wisatawan bisnis,Kamar Queen Superior,Menginap 1 malam pada Oktober 2018,"5,6",,Right Inside mall,Inconvenient walk from mall lobby to mall end and take lift level 5 To hotel lobby ( at TOP of carpark ),
75,384,Idrus,Indonesia,Wisatawan tunggal,Kamar Queen Superior,Menginap 1 malam pada September 2018,"9,2",Spektakuler,Mantap,Mantap,
75,385,junairanadia,Malaysia,Rombongan,Kamar Queen Superior,Menginap 1 malam pada Juli 2018,"9,6",Spektakuler,Best hotel area Bekasi,The location really great because near to many shopping mall but far away from Jakarta town. The breakfast also satisfied because have variety food.,
76,386,sherly,Indonesia,Pasangan,Kamar Queen Superior,Menginap 1 malam pada Juli 2018,"10,0",Spektakuler,good,good choice,
76,387,arief,Indonesia,Wisatawan bisnis,Kamar Superior Twin,Menginap 1 malam pada Desember 2017,"7,6",Sangat baik,Sangat baik,car parking not so easy to get,
76,388,WAN,Malaysia,Wisatawan tunggal,Kamar Queen Deluxe,Menginap 1 malam pada November 2017,"7,2",Sangat baik,Sangat baik,The service was not good and the staff was unprofessional.,
76,389,Sulachudin,Indonesia,Wisatawan bisnis,Kamar Queen Deluxe,Menginap 1 malam pada September 2017,"7,6",Sangat baik,Sangat baik,The room service person didn't return my change while I pay my room service order.,
76,390,Erwin,Indonesia,Wisatawan bisnis,Kamar Superior Twin,Menginap 1 malam pada Agustus 2017,"8,4",Luar biasa,"Very convenient location, great staff",Good sales staff reaching out while we were having breakfast and gave us good info.... Good location in the bekasi area,
77,391,HERLI,Indonesia,Pasangan,Kamar Queen Superior,Menginap 1 malam pada Juni 2017,"7,6",Sangat baik,Still new,Inside mall,
77,392,Anak,Indonesia,Wisatawan bisnis,Kamar Superior Twin,Menginap 1 malam pada April 2017,"4,8",,Poor quality,"This hotel is not expensive, but needs to improve its quality including beds, shower room, etc.",
77,393,ANDHI,Indonesia,Pasangan,Kamar Queen Superior,Menginap 1 malam pada April 2017,"6,4",Bagus,Bagus,breakfast good,
77,394,Djoko,Indonesia,Wisatawan tunggal,Kamar Deluxe Twin,Menginap 1 malam pada Mei 2023,"10,0",Spektakuler,Hotel bagus,"Hotel bagus dgn fasilitas yang lengkap, lokasi strategis",
77,395,hanifiya,Indonesia,Keluarga dengan anak kecil,Kamar Superior Twin,Menginap 1 malam pada April 2023,"10,0",Spektakuler,Hotel bintang 3 rasa bintang 5,"Alhamdulillah keluarga happy bermalam di Santika, staff ramah, hotelnya bersih,, menu sarapan enak2 ..",
78,396,Dewi,Indonesia,Pasangan,Kamar Queen Deluxe,Menginap 1 malam pada April 2023,"6,8",Bagus,Perlu banyak maintenance,Pendingin di kamar ga beraza sama skali.. dr malem ks pagi keringetan pdahal udah di setting seminimal mungkin..,
78,397,Raudhoh,Indonesia,Wisatawan tunggal,,Menginap 1 malam pada Desember 2022,"9,2",Spektakuler,Tempat nginep nyaman dan terjangkau,"Fasilitas yang memadai, kamar yg nyaman, akses mudah",
78,398,Abdul,Indonesia,Keluarga dengan anak kecil,Kamar Deluxe Twin,Menginap 1 malam pada Desember 2022,"9,6",Spektakuler,Hotel di tengah kota yang strategis,"Letak berdampingan dengan Mall Grand Bekasi, sarapan variatif dengan rasa yang enak, staff ramah dan proses cek in yang cepat. Cuma kolam renangnya agak kotor.",
78,399,Imun,Indonesia,Pasangan,Kamar Deluxe Twin,Menginap 1 malam pada Agustus 2022,"6,4",Bagus,Bagus,"Ac nya ga dingin, suara blower ac nya berisik banget, bikin gabisa tidur dengan nyenyak.. Aksesnya susah sekali, apalagi untuk yg bawa kendaraan bermotor.",
78,400,GIBTHA,Indonesia,Keluarga dengan anak kecil,Kamar Queen Superior,Menginap 1 malam pada Juli 2022,"6,8",Bagus,Jauh dari harapan,"Dapat diskon dari agoda tp dapat kamar yang ga bagus seperti dibedakan, kamarny seperti lama tidak terpakai dikasih ke yang diskonan, kualitas sikat gigi jelek banget, kamar mandi banyak bubuk serpihan lama tidak digunakan, mampet bagian shower, lantai banyak kerak, sayangnya saya gak foto, tp setidaknya bisa jadi masukan untuk aplikasi dan hotel agar gak membedakan yg diskonan.",
79,401,Citra,Indonesia,Keluarga dengan anak kecil,Kamar Queen Superior,Menginap 1 malam pada Juli 2022,"7,2",Sangat baik,review santika hotel,hotel bersih staf dan receptionis super ramah makanannya enak semua pas banget ajak keluarga ke sini,
79,402,Erlangga,Indonesia,Pasangan,Kamar Queen Superior,Menginap 1 malam pada Juni 2022,"9,2",Spektakuler,Strategis,"Tempatnya strategis, bagus buat transit. Cuma agak kurang bersih, dapet gelas yang masih agak kotor dalemnya.",
79,403,Wandi,Indonesia,Rombongan,Kamar Deluxe Twin,Menginap 1 malam pada Mei 2021,"10,0",Spektakuler,"Kamar oke,sarapan oke","Selain tempat yg strategis,kamarnya pun bersih,rapih,wangi,dan staf ramah,serta sarapan juga lumayan oke.",
79,404,I,Indonesia,Keluarga dengan anak dewasa,Kamar Queen Superior,Menginap 1 malam pada Mei 2021,"9,2",Spektakuler,Liburan yang menyenangkan,"Terima kasih untuk 2 malam yang berharga, Anak2 saya bahagia banget ada hotel yg nyambung ke XXI dan Mal. Stafnya ramah, makannya enak dan kolam renang bikin nagih. Sekali lagi terima kasih, Tuhan Berkati.",
79,405,Defi,Indonesia,Keluarga dengan anak kecil,Kamar Queen Deluxe,Menginap 1 malam pada September 2019,"9,2",Spektakuler,Spektakuler,"Hotel dipusat kota Bekasi bersampingan dengan mall sangat membantu sekali. Fasilitas untuk anak bermain sangat banyak, ada mini golf, ruangan untuk bermain, cocok untuk keluarga yang punya anak kecil jika sedang mencari hotel di Bekasi",
80,406,syahrul,Indonesia,Keluarga dengan anak dewasa,Kamar Queen Superior,Menginap 1 malam pada Januari 2021,"6,8",Bagus,Lokasi yang Strategis,"Hotel yang nyaman, dekat dengan tempat belanja, ruang meeting yang luas dan sarapan pagi yang enak.",
80,407,muhammad,Indonesia,Pasangan,Kamar Superior,Menginap 1 malam pada Februari 2020,"7,6",Sangat baik,Perjalanan ke hotel santika,"sebelum nya sudah juga ke hotel nya santika, yang kurang menyenangkan untuk parkir nya , tolong untuk parkir nya jangan jauh jauh dari hotel biar memudahkan kalo kita yang sedang late checkin karna menggagu sekali karna kecapean , untuk koridor room nya tolong dengan sangat dingin , karna waktu itu panas banget , mba nya ramah di reception staff hotel nya juga ramahbangettt baik sigap , pelayanan okey bangetttt cuman akses parkir dan koridor nya aja tolong bisa dipertimbangkan untuk hotel sekelas santika , terimakasih",
80,408,Avris,Indonesia,Keluarga dengan anak kecil,,Menginap 1 malam pada Januari 2020,"4,0",,BURUK,INI ADALAH HOTEL SANTIKA YANG TIDAK AKAN SAYA DATANGI LAGI KEDEPANNYA,
80,409,Reni,Indonesia,Keluarga dengan anak kecil,Kamar Queen Deluxe,Menginap 1 malam pada Januari 2019,"8,4",Luar biasa,Luar biasa,"Kalo dari segi fasilitas, kalah sama hotel lain dengan harga yang sama... Staf ramah, lokasi deket banget sama pintu tol.",
80,410,jinxuan,Republik Rakyat Tiongkok,Wisatawan bisnis,Kamar Queen Superior,Menginap 4 malam pada Mei 2018,"8,8",Luar biasa,good,Not bad. Clean,
81,411,hideyasu,Jepang,Wisatawan bisnis,Kamar Queen Superior,Menginap 6 malam pada Mei 2024,"8,8",Luar biasa,客層,"日本人はおそらくいませんでした。 スタッフはとてもフレンドリーで対応は良いです。 冷蔵庫は無かったので、頼んだら持って来てくれました。 2,3日なら朝食良いですが、1週間以上の滞在は飽きるかもしれません。",
81,412,YO,Jepang,Wisatawan tunggal,Kamar Deluxe Twin,Menginap 2 malam pada Februari 2025,"8,8",Luar biasa,冷蔵庫とドライヤーがないのが残念,タイトル通り、冷蔵庫とドライヤーはありません。 ドライヤーはフロントに借りに行きましたが、無いとのことでした。 ホテルはショッピングモールの5階にフロントがあるので写真の外観で探すと見つかりません。 ボールルームの上の部屋だったので朝6時から大音量の音楽が聞こえてきたのは辛かったです。 全体的に広くて綺麗なので、その点はオススメです。,
81,413,MASAKI,Indonesia,Rombongan,Kamar Superior Twin,Menginap 1 malam pada Mei 2026,"8,4",Luar biasa,コスパが良い,食事付きなのでコスパは良いと思います。,
81,414,KOICHI,Jepang,Wisatawan bisnis,Kamar Queen Superior,Menginap 3 malam pada April 2025,"8,0",Luar biasa,コストパフォーマンス,朝食のレベルは最高！,
81,415,ぎるもあ,Jepang,Wisatawan tunggal,Kamar Superior Twin,Menginap 6 malam pada Mei 2024,"8,0",Luar biasa,Business trip,Best for business trip,
82,416,Yu,Jepang,Wisatawan tunggal,Kamar Queen Superior,Menginap 2 malam pada Agustus 2019,"9,2",Spektakuler,モール併設ホテル。,ショッピングモールに併設されているホテルです。 ショッピングモールの屋上にホテルの入り口があります。 車で移動する分には不便を感じません。 また、外に出ず、モール内で買い物（スーパー）や食事がとれるので、便利です。 ただ、モールが閉まった後の時間、徒歩でホテルから外に出るのは建物の構造上非常に不便です。気軽に外出できないです。ホテルレストランも22時には閉まるので、遅くチェックインした場合、食糧確保に困ります。 部屋はこぎれい。景色はあまり期待できません。,
82,417,JEONGMYEONG,Korea Selatan,Pasangan,Kamar Queen Deluxe,Menginap 2 malam pada Agustus 2025,"10,0",Spektakuler,Spektakuler,Good,
82,418,INSOO,Indonesia,Pasangan,Kamar Queen Superior,Menginap 1 malam pada September 2024,"10,0",Spektakuler,good,It was very good,
82,419,INSOO,Indonesia,Pasangan,Kamar Queen Superior,Menginap 1 malam pada September 2024,"10,0",Spektakuler,good,It was very good,
82,420,youngok,Korea Selatan,Wisatawan bisnis,Kamar Queen Superior,Menginap 1 malam pada Maret 2022,"6,0",,내장고가 없어서 황당,인도네시아는 언제나 더운 나라인데 냉장고가 없어서 정말 놀랐다,
83,421,Javier,Spanyol,Wisatawan tunggal,Kamar Queen Superior,Menginap 1 malam pada Mei 2025,"9,6",Spektakuler,Better than the european standard,"I was surprised by this hotel's cleanliness, extraordinary buffet, and price-quality ratio far superior to what I expected. I would like to highlight the kindness of Mr. Prasetyo and his entire team",
83,422,Gerald,Swiss,Wisatawan tunggal,Kamar Queen Superior,Menginap 3 malam pada Juli 2024,"10,0",Spektakuler,Petit déjeuner genial,"chambre confortable, eau chaude et climatisation parfaites. Le petit déjeuner est particulièrement génial. Choix fabuleux. En revanche, le Wi-Fi ne marchait pratiquement jamais cette fois dans la chambre.",
83,423,Gerald,Swiss,Wisatawan tunggal,Kamar Queen Superior,Menginap 2 malam pada Agustus 2023,"9,6",Spektakuler,Petit déjeuner superbe,"la chambre standard n'est pas très grande mais elle a tout le confort. Eau chaude, Wi-Fi, savon, brosse à dents, eau thé, café, tout y est. Le Wi-Fi est particulièrement bon. Le très bon côté de l'hôtel : le petit déjeuner. superbe. un des meilleurs choix pour cette gamme de prix. Il y a vraiment de tout et c'est bon. Le mauvais côté, c'est l'emplacement de l'hôtel. Il est encastré dans un mall et on doit prendre un ascenseur, difficile à trouver dans le mall pour se rendre au 5eme étage ou se trouve le lobby. Pour sortir la nuit c'est pire. On se retrouve dans un mall fermé. Il y a une porte qui reste ouverte 24 heures sur 24 mais je n'ai pas pu la trouver seul. heureusement que le personnel m'a accompagné. Ils sont très gentils.",
83,424,Gerald,Indonesia,Wisatawan tunggal,Kamar Single,Menginap 1 malam pada Oktober 2022,"10,0",Spektakuler,Déjeuner superbe,"La chambre est très confortable, eau chaude parfaite, Wi-Fi bien la plupart du temps mais quelquefois défaillant, lit confortable, clim bien. Le choix au petit déjeuner est superbe et c'est bon.",
83,425,Rizki,Indonesia,Keluarga dengan anak kecil,Kamar Queen Superior,Menginap 1 malam pada Oktober 2018,"8,0",Luar biasa,puas,"ruangan besar, bersih. makanan enak. lokasi pas",
84,426,Doni,Indonesia,Keluarga dengan anak kecil,Kamar Queen Superior,Menginap 1 malam pada Agustus 2022,"10,0",Spektakuler,Spektakuler,"Kamarnya pebersih ,staff nya ramah ,makanannya enak",
84,427,Lydia,Indonesia,Keluarga dengan anak kecil,Kamar Superior Twin,Menginap 1 malam pada Oktober 2019,"6,0",,standar,breakfast nya ok.,
84,428,Bernd,Jerman,Pasangan,Kamar Queen Superior,Menginap 1 malam pada Oktober 2023,"8,0",Luar biasa,Sangat baik,"Gut gelegenes Hotel mit ansprechender Einrichtung, Frühstück könnte etwas umfangreicher sein. Sehr gutes Preis Leistung Verhältnis.",
84,429,Kirey,Indonesia,Pasangan,Kamar Superior Twin,Menginap 1 malam pada Maret 2022,"4,8",,check in,"kenapa ya selalu aja nginep di santika udh late check in masi aja suru nunggu 30 menit lebih kesel bgt, padahal chech in udh jam set 5 udh cape bgt mau kekamar masi disuru nunggu lama",
84,430,Marco,Belanda,Keluarga dengan anak dewasa,Kamar Family,Menginap 2 malam pada Juli 2025,"8,0",Luar biasa,Nice hotel inside a mall,"We recommend this hotel for a stay in Bekasi. The hotel has a swimmingpool, good breakfast, fast wifi and friendly staff.",
85,431,George,Indonesia,Wisatawan tunggal,Kamar Superior Twin,Menginap 3 malam pada Oktober 2019,"6,8",Bagus,Volgens mij is het een 3 sterren hotel. Kleine kamers en weinig faciliteiten.,Voordeel ligt boven de mall Nadeel ligt te hoog verwijderd van de straat.,
85,432,Leony,Indonesia,Keluarga dengan anak kecil,Kamar Queen Superior,Menginap 1 malam pada April 2023,"10,0",Spektakuler,Recommended,Bagus... ga perlu jauh2 ngemall,
85,433,mochamad,Indonesia,Wisatawan bisnis,Kamar Superior Twin,Menginap 1 malam pada Februari 2019,"7,2",Sangat baik,"Hotelnya bagus, bersih dan kamarnya luas","Hotelnya bagus, bersih dan kamarnya luas",
85,434,AGUS,Indonesia,Rombongan,Kamar Queen Superior,Menginap 1 malam pada Mei 2023,"10,0",Spektakuler,Spektakuler,Lokasi dan pelayanannya bagus dan responsif,
85,435,Pralita,Indonesia,Pasangan,Kamar Queen Superior,Menginap 1 malam pada Mei 2023,"10,0",Spektakuler,Santika bekasi,Pertahankan dan tingkatkan,
86,436,Firman,Indonesia,Keluarga dengan anak kecil,Kamar Superior Twin,Menginap 1 malam pada Oktober 2023,"8,8",Luar biasa,Luar biasa,Competitive price in bekasi,
86,437,Jenni,Indonesia,Keluarga dengan anak kecil,Kamar Deluxe Twin,Menginap 1 malam pada Juli 2023,"8,8",Luar biasa,Top choice hotel near home,"Even only 10mnt drive from home, this hotel is one my option to take Kids staycation with limited time. And breakfast always satisfy me",
86,438,rachmi,Indonesia,Keluarga dengan anak dewasa,Kamar Superior Twin,Menginap 1 malam pada Agustus 2023,"8,4",Luar biasa,Satu lokasi dgn mal,Lokasi strategis Namun sayang ukuran kamar yg lumayan sempit untuk sekelas hotel ini,