aspect,error_type,confidence,ID_Review,Platform,Nama_Hotel,Review_Date,review_word_len,Text_Review,true_label_source,pred_label_source,alasan_aspect
Lokasi,none -> negatif,0.9691,11167,Traveloka,Hotel Santika Depok,12/21/2016,16,sangat berkesan dengan hotel santika. hanya perlu di informasikan akses masuk hotel jika mall sudah tutup.,none,negatif,
Lokasi,none -> negatif,0.8935,12238,Traveloka,Hotel Santika Mega City Bekasi,6/10/2020,229,"pada dasarnya hotel ini sudah bagus baik dalam pelayanan, hanya saja kenyamanan kami menginap terganggu dengan 1 kamar yang terlalu berisik pada saat menginap. anak kecil berlarian di lorong orang tuanya malah ngobrol di depan kamar dengan suara yang aga keras. tidak hanya pagi, siang, sore dan malam saja bahkan tengah malam sekitar jam setengah 12 lebih pun mereka masih saja berisik. sampai kami harus pindah kamar yang letaknya aga jauh karna masalah ini. setelah pindah kamar, suara tersebut tetap saja terdengar (anak kecil teriak orang tuanya ngobrol juga suara nya kencang). sangat amat menganggu kenyamanan kami menginap disini. kami ingin menginap dengan nyaman, tapi terganggu tidur kami hanya karna 1 kamar yang tidak tahu bagaimana harus bersikap menjadu tamu juga yang menginap di hotel ini. ketika kami komplain dengan pihak hotel sampai beberapa kali karna kejadian tersebut terulang terus, tapi pihak hotel hanya menelpon kamar tersebut saja terus menerus, tidak ada sanksi tegas yang diberikan. pindah kamar dengan beda lantai kembali katanya sudah tidak bisa karna sudah memasuki malam hari tidak ada tindak lanjutnya lagi. lain kali pihak hotel seharusnya bisa memberikan ketegasan kepada tamu yang seperti itu, jangan hanya cuma menegur lewat telpon saja ke kamar tersebut. kalau sudah 3x ditegur lewat telpon, seharusnya untuk ke 4x nya diberikan sanksi tegas agar tamu lainnya nyaman untuk beristirahat. itu saja yang membuat kami kecewa menginap disini. terima kasih",none,negatif,
Lokasi,none -> positif,0.8841,10012,Traveloka,Hotel Santika Depok,4/9/2025,62,"plusnya + lokasi strategis + kamar bersih, air conditioner dingin, water heater berfungsi + makanan bervariasi + ada keterlambatan wkt cek in dari hotel tapi dikasih tambahan wkt 2 jam untuk cek out minusnya - lantai kamar mandi dekat wastafel airnya menggenang terus - tidak ada hair dryer dan kulkas - tidak ada galon isi ulang air, jd hanya dibatasi 4 botol",none,positif,
Lokasi,netral -> positif,0.8605,1713,Agoda,Hotel Santika Cirebon,7/2/2024,35,"ini adalah hotel yang cukup tua tapi terawat dengan baik. kamarnya bersih dan luas, stafnya sangat baik dan ramah. sarapannya bisa lebih baik, perlu ditingkatkan. lokasi sangat bagus, ada pusat perbelanjaan dan restoran di dekatnya.",netral,positif,"lokasi sangat bagus, ada pusat perbelanjaan dan restoran di dekatnya."
Lokasi,none -> positif,0.8374,5026,Tiket,Hotel Santika Mega City Bekasi,5/10/2021,10,"hotelnya d dalem mol, enak sih check out langsung belanja",none,positif,
Lokasi,none -> positif,0.8076,7989,Traveloka,Hotel Santika Bogor,9/4/2019,27,"tempat sangat strategis, parkinya mudah, check-in cepat. pelayanan sangat ramah, handuk sprei dan bersih. air conditioner dan water heater berfungsi dengan baik, tapi tidak ada hair dryer.",none,positif,
Lokasi,netral -> positif,0.8011,1911,Agoda,Hotel Santika Cirebon,7/31/2018,16,"meninap dadakan dapat harga kurang lebih 800rb per malam, breakfast baik lokasi juga di tengah kota",netral,positif,"meninap dadakan dapat harga kurang lebih 800rb per malam, breakfast baik lokasi juga di tengah kota"
Lokasi,netral -> positif,0.7936,2346,Agoda,Hotel Santika Cirebon,12/4/2012,22,lokasi hotel sangat bagus karena dekat sekali dengan stasiun kereta api sehingga tidak takut terlambat. dan juga sangat dekat dengan pusat pertokoan.,netral,positif,lokasi hotel sangat bagus karena dekat sekali dengan
Lokasi,none -> positif,0.7926,7176,Traveloka,Hotel Santika Bandung,6/3/2015,9,"pelayanannya baik dan hotelnya nyaman, dekat dengan mana saja",none,positif,
Lokasi,none -> positif,0.7906,1446,Agoda,Hotel Santika Bogor,5/8/2022,18,mall tinggal lewat basemen mao ke mesjid masih dalam satu area mao dinner banyak makanan tersedia di mall,none,positif,
Lokasi,none -> positif,0.7671,10454,Traveloka,Hotel Santika Depok,5/29/2019,8,"handuknya kumal masih dipakai, lokasi dan pelayanan sih.",none,positif,
Lokasi,netral -> positif,0.7587,1491,Agoda,Hotel Santika Bogor,9/2/2019,64,"pertama sampai di hotel memiliki kesan yang luar biasa, lokasi yang baik dekat dengan mal kebersihan cukup baik. untuk fasilitas kolam renang juga bagus. santika sangat terkenal dengan beragaman sarapanya yang pasti enak. untuk staf saya merasa kurang ramah. bagian fo, tempat sarapan, kolam renang, mungkin karena libur lebaran ramai tamu mereka kelelahan sehingga ya biasa saja, tapi untuk satpamnya sangat baik dan ramah.",netral,positif,"memiliki kesan yang luar biasa, lokasi yang baik dekat dengan mal kebersihan cukup baik"
Lokasi,none -> positif,0.7553,6330,Traveloka,Hotel Santika Bandung,1/30/2019,30,"hotel yang bagus dan di sebelah factory outlet. staf meja depan memberi saya upgrade gratis tipe kamar ke eksekutif, itu adalah tawaran hebat akan merekomendasikan hotel ini kepada orang lain.",none,positif,
Lokasi,none -> positif,0.7453,1316,Agoda,Hotel Santika Bogor,4/22/2026,11,"dekat dengan mall, pelayanan oke, dan fasilitas mantap, keep it up",none,positif,
Lokasi,none -> positif,0.7298,1408,Agoda,Hotel Santika Bogor,12/18/2023,12,"dekat kebun raya, botani square. makanannya enak, staf ramah. baik buat keluarga.",none,positif,
Lokasi,none -> positif,0.7102,5805,Tiket,Hotel Santika Tasikmalaya,4/16/2026,15,kualitas layanan terbaik. hidangan yang disajikan lezat. suasana ramah. dekat dengan pusat hiburan. parkir aman.,none,positif,
Lokasi,none -> positif,0.7019,8530,Traveloka,Hotel Santika Bogor,2/15/2017,13,hotel yang nyaman di lokasi yang menarik. ingin tinggal lagi di masa depan,none,positif,
Lokasi,positif -> none,0.7007,7163,Traveloka,Hotel Santika Bandung,7/1/2015,20,"semua memuaskan. kamar makanan tempat parkir lokasinya, mobil pun di cuci hebat tops dah. sukses terus buat santika traveloka. salam",positif,none,lokasinya memuaskan
Lokasi,negatif -> none,0.6945,13550,Traveloka,Hotel Santika Mega City Bekasi,12/21/2016,5,parkirnya membingungkan /tidak ada petunjuk,negatif,none,parkirnya membingungkan /tidak ada petunjuk
Lokasi,none -> positif,0.6902,728,Agoda,Hotel Santika Bogor,6/4/2024,14,terletak di samping mal. banyak restoran di mal. kamarnya bersih dan tempat tidurnya nyaman.,none,positif,
Lokasi,positif -> netral,0.6857,14057,Traveloka,Hotel Santika Tasikmalaya,2/20/2019,10,ini adalah lokasi yang tepat untuk liburan di kota kecil,positif,netral,lokasi yang tepat untuk liburan di kota kecil
Lokasi,positif -> netral,0.6811,4095,Tiket,Hotel Santika Bandung,3/3/2022,4,lokasi hotel top banget!,positif,netral,lokasi hotel top banget
Lokasi,none -> positif,0.677,1819,Agoda,Hotel Santika Cirebon,5/12/2024,38,"semua pelayan sangat ramah, kamar nyaman dan bersih, menu makan pagi ckup bervariasi dan enak. akses ke hotel cukup mudah dan bukan di jalur macet. dan yang sangat menarik adalah pagi pagi mobil di cuci dari pihak hotel.",none,positif,
Lokasi,netral -> positif,0.6695,2212,Agoda,Hotel Santika Cirebon,6/17/2019,27,salah satu hotel yang biasa saya pesan apabila ke cirebon. harga tidak terlalu mahal. lokasi juga bagus. pelayanan staffnya bagus. breakfastnya banyak dan enak. kolam renangnya baik.,netral,positif,lokasi juga bagus.
Lokasi,positif -> none,0.6676,7823,Traveloka,Hotel Santika Bogor,12/30/2020,164,"review dikit menginap disana. pegawai ramah semua. check-in dan check-out cepat. kamar sama kaya di gambar. minta request jendela dengan view dikasih. complimentary kamar free. air conditioner dingin. water heater dan exhaush fan baik. malam hari saya minta tolong pihak dapur untuk hangat makanan dilayani dengan baik dan cepat, sedikit saran, tempat sampah dikamar dan dikamar mandi kalau bisa bukanya yang di tekan pake kaki, gang yang tutupnya bisa di copot gt soalnya jadi dimaenin anak yang belum paham kalau itu tempat sampah. terus untuk kamar mandinya tidak ada sabun cair untuk cuci tangan, dikasihnya malah yang batang. agak repot ya. ini hotelnya tempel banget sama botani, karena covid, bayi gabisa masuk sana. tapi nyari makan banyak, bisa gojek dan enak-enak ko. parkiran juga gabung sama mal. buat yang menginap disana jangan lupa tiket parkirnya distempel sama pihak hotel biar free. untuk breakfast kurang variatif menunya, apalagi untuk rotinya, dikit banget. tidak ada roti tawar dan selai. overall baik ko. 8/10. terima kasih ya.",positif,none,hotelnya tempel banget sama botani
Lokasi,netral -> positif,0.6659,1167,Agoda,Hotel Santika Bogor,8/1/2012,41,"saya tidak menikmati masa tinggal saya sama sekali. karena berisik saat anda tidur, anda bisa mendengar langkah orang berjalan dari luar dan suaranya sangat keras. tapi bagus untuk lokasi. yang pasti saya tidak akan kembali untuk tinggal di sana. : )",netral,positif,tapi bagus untuk lokasi.
Lokasi,positif -> none,0.6646,7774,Traveloka,Hotel Santika Bogor,6/2/2021,110,"over price tapi boleh lah. range harga 600 - 700 ribuan dengan desain kamar dan peralatan kamar yang (maaf) tidak melebihi hotel dengan range harga 300 - 400 ribuan. plus (+): - fo dan security yang humble, komunikatif dan rensponsif. - masih dalam lingkup mall botani dan pool damri. - ada kolam renang. - kamar nya cukup redam suara dan bersih. minus (-): - over price. - access card cuma di kasih 1 buah (alasan karena stock access card terbatas)- air conditioner kamar berbunyi seperti korslet, seperti nya harus di service. - harga segitu, tidak ada hair dryer. - menu sarapan monoton, 4 hari menginap, sarapan dengan menu yang sama.",positif,none,masih dalam lingkup mall botani dan pool damri
Lokasi,none -> positif,0.6458,1308,Agoda,Hotel Santika Bogor,6/30/2024,51,"hotel yang pas untuk staycation keluarga karena ada connecting langsung ke botani square, jadi sekalian nginep bisa juga nge-game, jajan2 n nge-mall. cocok banget kalau bawa anak kecil. cuma kolam renang aja agak kecil. utk menu sarapan kurang variatif, tapi rasanya enak. pelayanan staf baik n ramah. great place to staycation",none,positif,
Lokasi,negatif -> positif,0.6423,2341,Agoda,Hotel Santika Cirebon,1/2/2013,43,"kami datang untuk berlibur ke kota cirebon, hotel ini cocok sebagai hotel resort di tengah kota, kamar luas, fasilitas baik breakfastnya sangat beragam terutama adanya makanan khas cirebon ( nasi lengko, empal gentong, nasi jamblang, dll. ) lokasi tidak jauh dari grage mall.",negatif,positif,) lokasi tidak jauh dari grage mall.
Lokasi,netral -> positif,0.6389,897,Agoda,Hotel Santika Bogor,12/4/2023,24,terima kasih hotel santika atas keramahtamahannya. anda berhasil mengakomodasi permintaan kami selama kami tinggal. lokasi terbaik dan harga terbaik di bogor. terima kasih lagi.,netral,positif,lokasi terbaik dan harga terbaik di bogor.
Lokasi,none -> positif,0.629,1978,Agoda,Hotel Santika Cirebon,9/3/2014,36,"perjalanan yang menyenangkan. anak saya merasa nyaman. kolam renang yang bagus dan tidak terlalu banyak orang di sana. hotel ini terletak di tengah kota, sangat mudah untuk mendapatkan kedai kopi, restoran, dan mini market di dekatnya.",none,positif,
Lokasi,none -> positif,0.6225,4534,Tiket,Hotel Santika Mega City Bekasi,4/21/2024,6,"full fasilitas family, akses fasilitas gampang",none,positif,
Lokasi,negatif -> none,0.6216,5412,Tiket,Hotel Santika Bogor,9/17/2021,5,tempat parkir jauh dari hotel,negatif,none,tempat parkir jauh dari hotel
Lokasi,positif -> netral,0.6054,8347,Traveloka,Hotel Santika Bogor,11/22/2017,31,"tempat tidur dan 4 bantal nyaman. menu sarapan banyak pilihan, soal rasa masih kurang berani bumbu. tenang, anda tak akan kelaparan karena lokasi bersebelahan dengan boteni square mall, jadi bisa kuliner",positif,netral,lokasi bersebelahan dengan boteni square mall jadi bisa kuliner
Lokasi,positif -> netral,0.602,9206,Traveloka,Hotel Santika Cirebon,1/1/2020,23,"staf-nya ramah serta membantu, sarapan banyak variannya, air kolam renang hangat, spacious room dan bersih, lokasi dijantung kota cirebon. recommended hotel untuk keluarga!",positif,netral,lokasi dijantung kota cirebon
Lokasi,positif -> none,0.5848,373,Agoda,Hotel Santika Bandung,12/15/2012,13,di daerah yang bagus. dilengkapi dengan baik dengan spa di kamar yang terjangkau.,positif,none,di daerah yang bagus
Lokasi,none -> positif,0.5808,1109,Agoda,Hotel Santika Bogor,11/20/2013,40,"pengalaman menginapnya menyenangkan. putri saya berenang selama 3 jam di pagi hari dan tidak berhenti. dengan mudah pergi ke mal tepat di sebelahnya saat diperlukan. sarapan yang enak. stasiun antar-jemput bus ke bandara terletak di sebelahnya, berangkat setiap 15 menit.",none,positif,
Lokasi,positif -> negatif,0.5777,4844,Tiket,Hotel Santika Mega City Bekasi,2/8/2024,22,"lobbynya di lantai 5 terkoneksi mall. overall baik, but showernya fix, so jika nginep bareng keluarga dengan anak kecil, agak kurang pas.",positif,negatif,lobbynya di lantai 5 terkoneksi mall.
Lokasi,none -> positif,0.5701,1008,Agoda,Hotel Santika Bogor,3/13/2017,36,"hotel ini terletak di belakang botani square, jadi hanya berjalan kaki dari giant, berbagai restoran dan yang terpenting sangat dekat dengan kebun raya bogor. stafnya ramah dan sarapannya enak dengan banyak pilihan makanan indonesia atau barat.",none,positif,
Lokasi,netral -> positif,0.5676,838,Agoda,Hotel Santika Bogor,7/29/2024,10,"lokasi dekat dengan mall shg mudah untuk cari makanan, ,",netral,positif,"lokasi dekat dengan mall shg mudah untuk cari makanan, ,"
Kenyamanan,negatif -> netral,0.994,5467,Tiket,Hotel Santika Bogor,4/1/2018,30,"kami menginap di kamar 616. saluran pembuangan shower lambat meskipun kotoran/rambut sudah dibersihkan oleh staf hotel. lokasi hotel cukup bagus, memiliki akses langsung ke pusat perbelanjaan botany square. dan botanic. ",negatif,netral,saluran pembuangan shower lambat
Kenyamanan,negatif -> netral,0.9922,9320,Traveloka,Hotel Santika Cirebon,8/29/2018,110,"kamarnya bagus tapi agak gelap terutama di malam hari. meskipun hotel ini adalah hotel tua, tetapi mereka melakukan yang bagus untuk kamar, sangat bagus dan bersih. handuk bersih dan segar. tapi sayangnya kamar mandi membuat kamar mandi agak basah di sisi yang kering (sisi lemari) dan juga drainase wastafel agak lambat sehingga saluran pembuangan tidak cepat. dan juga saya kecewa karena sarapan, terakhir kali saya mengunjungi hotel ini tahun lalu dan makan sarapan, saya punya pengalaman hebat, karena makanannya begitu enak, tapi ketika saya mengunjungi restoran untuk sarapan saya, berbagai makanannya tidak banyak, dan rasanya di bawah harapan saya, terlalu buruk. tapi ada shuttle ke stasiun cirebon, dan itu gratis.",negatif,netral,kamar mandi membuat kamar mandi agak basah di sisi yang kering dan drainase wastafel agak lambat
Kenyamanan,netral -> negatif,0.974,1200,Agoda,Hotel Santika Bogor,1/9/2012,62,"santika bogor bagus, kamarnya terlalu polos, tidak ada lukisan, tvnya terlalu kecil, aku tidak mendapat pemandangan dari kamarku, menurutku itu kamar yang terisolasi. sarapannya baik, orangnya baik tapi terlalu ramai jadi ketika saya minta piring, mereka memberi saya piring kotor dengan saus di dasar piring. tempat parkir sangat ramai, tidak ada ruang untuk tamu karena ini adalah tempat yang sama untuk mal.",netral,negatif,"terlalu kecil, aku tidak mendapat pemandangan dari kamarku, menurutku itu kamar yang"
Kenyamanan,netral -> negatif,0.9675,2080,Agoda,Hotel Santika Cirebon,12/30/2022,59,"hotel tua yang menempati lahan luas dan lokasi yang strategis. seharusnya bisa mempertahankan ""keklasikan"" hotel santika yang sudah terkenal. sayangnya tidak bisa menjaga itu. sarapan alakadarnya, lokasi seputar kolam tidak terawat, air conditioner tidak dingin, kamar mandi bau, kunci hotel sudah jadul, balkoni depan jendela kotor banget, area deket lift d lobi gelap, terkesan kotor. semoga segera diperbaiki ya",netral,negatif,hotel tua yang menempati lahan luas dan lokasi yang strategis.
Kenyamanan,netral -> negatif,0.9673,4172,Tiket,Hotel Santika Bandung,4/25/2023,15,burik kata anak saya. proses cek ini sangat lama. kamar mandi bau. lift membuat pusing.,netral,negatif,kamar mandi bau.
Kenyamanan,none -> negatif,0.9461,12145,Traveloka,Hotel Santika Mega City Bekasi,6/2/2021,33,"puas banget sama pelayanan, kebersihan dan fasilitasnya. cuma pas di kamar saya air conditioner nya kurang dingin padahal temperatur sudah paling kecil. overall baik kok tapi! bakal staycation ke sini lagi next time.",none,negatif,
Kenyamanan,none -> positif,0.9194,1184,Agoda,Hotel Santika Bogor,3/14/2012,24,ruangan itu bersih dan nyaman. kualitas makannya tidak bagus untuk makan malam tapi cukup bagus untuk sarapan. layanan binatu buruk - setrika perlu ditingkatkan.,none,positif,
Kenyamanan,none -> negatif,0.9178,750,Agoda,Hotel Santika Bogor,6/12/2025,97,"perdana stay, pasca drop off di lobby, effortnya susah cari parkir, untungnya ada akses dari dalam mall ke dalam hotel. request connecting room, hanya dapat 1 aksesdoor masing², jadi repot kalau mau naik lantai izin staf bantu tap lift. minus hairdryer aja, dan tidak ada dispenser air, exhaust fan kamarmandi tidak terasa sirkulasinya, bantal kempes, cahaya kurang terang. plusnya ada hiburan smarttv dan wi-fi superngebut. breakfastnya b aja, wafflenya rasa adonan pukis, dan roti tawar terlihat kurang fresh, tapi westernfoodnya lumayan enak. pelayanan staf fo kurang senyum, dan jangan lupa bawa struk parkir untuk stamp free parking.",none,negatif,
Kenyamanan,none -> positif,0.9176,1385,Agoda,Hotel Santika Bogor,4/12/2024,19,"hotel bersih dan nyaman, overall baik banget, hanya parkir kendaraan yang kurang baik karena kalau keluar cari2 petugasnya dulu",none,positif,
Kenyamanan,none -> negatif,0.9153,3979,Tiket,Hotel Santika Bandung,2/21/2024,18,"hotel lama toilet sudah direnovasi, breakfast lumayan minusnya sprei dan handuk sudah agak lusuh, sangat kurang colokan listrik.",none,negatif,
Kenyamanan,none -> positif,0.9128,7505,Traveloka,Hotel Santika Bogor,11/29/2023,23,"hotelnya sangat bagus, kamarnya sangat memuaskan. apalagi waktu sarapan pagi. menu komplit dan enak-enak banget. pelayanannya juga ramah-ramah dan selalu full senyum maze.",none,positif,
Kenyamanan,none -> positif,0.8907,1136,Agoda,Hotel Santika Bogor,2/16/2013,46,"karena hujan selalu turun di sore hari, kami dapat, di waktu senggang, berbelanja atau makan malam tanpa basah kuyup atau harus mencari taksi dengan panik. sarapannya memuaskan. ruangan itu baik-baik saja hanya saja transmisi televisi sering terputus dan beberapa saluran meskipun ditunjukkan dalam daftar tidak ada",none,positif,
Kenyamanan,none -> negatif,0.8835,11939,Traveloka,Hotel Santika Mega City Bekasi,5/15/2024,13,"pelayan baik, kebersihan baik banget. cuma view-nya kurang menarik. makanan juga enak kok.",none,negatif,
Kenyamanan,none -> positif,0.8761,7633,Traveloka,Hotel Santika Bogor,8/24/2022,6,nyaman dan sarapan pagi yang nikmat.,none,positif,
Kenyamanan,netral -> negatif,0.8742,12415,Traveloka,Hotel Santika Mega City Bekasi,7/10/2019,93,"hari pertama di hotel ini kesannya cukup enak. kebetulan karena type kamar yang kami pesan habis, kamar kami diupdgrade ke type deluxe. pertama kali masuk kamar memang berasa air conditioner kurang dingin (sesuai ulasan review dari orang-orang). karena sudah cukup malam kami malas komplain dan biarkan saja, syukurlah tambah malam tambah dingin, letak hotel di pusat kota, dekat dengan stasiun, lobby-nya di lantai 5 mega mal giant, pelayanan ramah, security ramah, makanan cukup lah variannya. butuh kebutuhan apa apa tinggal turun ada giant, atm dan lain-lain lengkap. dan akhirnya kita memutuskan extend lagi.",netral,negatif,air conditioner kurang dingin
Kenyamanan,none -> positif,0.8736,2293,Agoda,Hotel Santika Cirebon,10/19/2014,13,"cek in dan cek out cepat dan mudah, kamar pun luas dan bersih",none,positif,
Kenyamanan,netral -> negatif,0.869,5488,Tiket,Hotel Santika Cirebon,11/20/2025,95,"baik untuk frontliner, service dari team di resto, kamar lega dingin amenities baik, hotel aga tua tapi tetep nyaman overall hanya dari interior design ada mark atau kerusakan sedikit2 saja tapi tidak mempengaruhi kenyamanan. cuma yang sangat kurang adalah saya menginap di kamar 305, kenyamanan saat tidur sangat kurang karena di kamar berisik sekali bunyi mesin gitu entah dari air conditioner atau apa didalam kamar dan membuat tidur tidak nyenyak dan itu terjadi di malam hari. sudah disampaikan ke frontliner tapi tidak ada tanggapan lebih lanjut hanya memastikan ""tapi dingin kan bu"". yaudah itu aja. ",netral,negatif,hotel aga tua tapi tetep nyaman. di kamar berisik sekali bunyi mesin
Kenyamanan,positif -> none,0.8674,10146,Traveloka,Hotel Santika Depok,5/17/2023,60,"kamarnya bersih, kamar mandinya juga bersih. sepertinya hotelnya sudah agak lama, tapi tetap affordable. pilihan sarapannya cukup banyak. overall, menyenangkan. saya tidak tau kalau ternyata hotel ini nyambung dengan di mall. ini jadi point plus, karena jadi ada banyak pilihan resto, dan ada bioskop juga. waktu saya menginap, lagi banyak tamu. sepertinya, sedang ada meeting dari instansi atau perusahaan tertentu.",positif,none,menyenangkan
Kenyamanan,none -> positif,0.8644,5984,Traveloka,Hotel Santika Bandung,2/12/2025,7,"nyaman, lokasi strategis, receptionist nya ramah banget",none,positif,
Kenyamanan,none -> positif,0.8586,3634,Tiket,Hotel Santika Bandung,2/25/2025,6,kamar segar banget. hidangan tradisional lezat.,none,positif,
Kenyamanan,netral -> none,0.8577,5122,Tiket,Hotel Santika Mega City Bekasi,6/9/2024,24,"kebersihan agak kurang, karena terlihat di kamar mandi banyak bekas rambut, di bantal ada noda bekas lipstik. untuk pelayanan cukup baik. lokasi cukup strategis.",netral,none,"agak kurang, karena terlihat di kamar mandi banyak bekas rambut, di bantal ada noda"
Kenyamanan,positif -> netral,0.8558,11517,Traveloka,Hotel Santika Depok,1/6/2016,104,"saya menginap di kamar superior king bed. kamar mandi tidak ada tirainya. padahal kami menginap 1 hari sbelumnya ada tirai pembatas shower di kamar superior dengan twin bed. posisi loby dilantai 3 dengan akses masuk lift dari bagian belakang d'mall. view nya sangat indah karena posisi kamar hotel di lantai paling atas (26-28). staf ramah, ruangan no smoking terjaga, breakfast cukup enak, hanya saja tidak ada staf yang menjaga dibagian pool nya (lantai5). poll cenderung kecil tapi cukup nyaman dengan toilet bersih dan cenderung sepi. penawaran upgrade room on the spot sebesar 100rb untuk deluxe room. so far cukup nyaman menginap di santika depok.",positif,netral,cukup nyaman menginap di santika depok
Kenyamanan,none -> positif,0.8524,9515,Traveloka,Hotel Santika Cirebon,6/21/2017,7,"tempat strategis, parkiran luas, kamar bersih. good",none,positif,
Kenyamanan,netral -> negatif,0.8468,7120,Traveloka,Hotel Santika Bandung,8/19/2015,8,"ramah, nyaman hanya terlalu bebas untuk smoking: (",netral,negatif,"ramah, nyaman"
Kenyamanan,none -> netral,0.8444,7854,Traveloka,Hotel Santika Bogor,10/14/2020,65,"saat pertama check in perlengkapan mandi tidak ada. bahkan gula pasirnya keras, kami pikir layanan kamar akan datang nanti untuk diisi karena mungkin ini adalah kebijakan hotel. keesokan harinya saya meminta untuk bersih-bersih, kemudian mereka memberikan perlengkapan mandi yang layak dan kopi sachet. tidak ada parkir gratis untuk tamu, tempat parkir terbatas dan mereka menunjukkan mal di dekat taman dan masih tidak ada parkir gratis",none,netral,
Kenyamanan,none -> positif,0.8439,9361,Traveloka,Hotel Santika Cirebon,5/16/2018,12,"tempatnya cukup strategis, kamar bersih dan rapi. recommended bagi yang bawa keluarga.",none,positif,
Kenyamanan,none -> negatif,0.8377,1441,Agoda,Hotel Santika Bogor,7/13/2022,43,"secara umum hotel ini recomended. tempat strategis. bersih. staf ramah. breakfast baik. layak diberikan bintang 5. hanya saja pengalaman menginap hari ke-2, lantai toilet area kering nya banjir. sepertinya ada pipa yang bocor. jadinya untuk kali ini saya berikan bintang 4 dulu, ya.",none,negatif,
Kenyamanan,none -> negatif,0.8359,14064,Traveloka,Hotel Santika Tasikmalaya,2/6/2019,9,hotel tidak ada karpet dan air panas kurang panas.,none,negatif,
Kenyamanan,none -> positif,0.8354,2311,Agoda,Hotel Santika Cirebon,10/28/2013,14,"kamar yang sangat nyaman, staf yang sangat raman, dan makanan yang lezat untuk dinikmati",none,positif,
Kenyamanan,none -> positif,0.8347,6487,Traveloka,Hotel Santika Bandung,12/6/2017,17,"lokasi strategis, sangat bersih dan nyaman. pelayanan ramah dan cepat. breakfast enak dan banyak menunya. saya puas.",none,positif,
Kenyamanan,positif -> none,0.8325,5422,Tiket,Hotel Santika Bogor,4/29/2021,6,"bagus, rapih, bersih deket dengan mall",positif,none,rapih
Kenyamanan,positif -> negatif,0.8313,10647,Traveloka,Hotel Santika Depok,10/31/2018,58,"hotel cukup strategis karena satu kawasan dengan mal, turun lift jalan dikit langsung masuk mall depok, fasilitas kamar cukup baik, view lumayan dari lantai 26 hahaha tetapi ukuran kamar agak sempit agak untuk sholat pas-pasan, air mineral banyak, variasi makanan banyak, rasa lumayan enak, parkir lumayan mahal untuk satu hari check in kemudian check out biaya parkir 40rb.",positif,negatif,fasilitas kamar cukup baik view lumayan dari lantai 26
Kenyamanan,none -> positif,0.8267,2558,Agoda,Hotel Santika Depok,11/13/2020,18,"hotelnya bagus seperti kamarnya luas, lokasi strategis dekat dengan mall, tempat parkir dan rapi, proses check-in cukup cepat.",none,positif,
Kenyamanan,none -> positif,0.8227,14587,Traveloka,Hotel Santika Tasikmalaya,3/30/2016,20,"ruangan itu bersih dan para staf yang bagus juga. hanya sarapan tidak begitu lezat tapi secara keseluruhan, kami tinggal menyenangkan.",none,positif,
Kenyamanan,none -> positif,0.8227,2468,Agoda,Hotel Santika Depok,3/29/2026,8,kenyamanan untuk keluarga dan kebersihan juga tempatnya strategis,none,positif,
Kenyamanan,positif -> none,0.8152,11135,Traveloka,Hotel Santika Depok,1/18/2017,16,"lokasinya strategis, mudah diakses dengan berbagai alternatif kendaraan dengan staf yang ramah dan ruangan yang bersih.",positif,none,ruangan yang bersih
Kenyamanan,positif -> none,0.8141,13185,Traveloka,Hotel Santika Mega City Bekasi,9/27/2017,22,ketika check in oke. smooth tidak ada masalah. kamarnya juga bagus bersih tapi pas check out officernya kurang bersahabat terutama yang perempuan.,positif,none,kamarnya juga bagus
Kenyamanan,negatif -> none,0.8137,11552,Traveloka,Hotel Santika Depok,12/9/2015,13,"very bagus, easy, tapi kalau ada yang bula pintu dari kamar lain kedenegeran",negatif,none,kalau ada yang buka pintu dari kamar lain kedengeran
Kenyamanan,none -> positif,0.8125,7915,Traveloka,Hotel Santika Bogor,2/19/2020,22,"lokasi sangat strategis dengan botani square, dekat dengan tol dan pusat kota. design kamar yang segar serta sarapan pagi cukup menggugah selera.",none,positif,
Kenyamanan,none -> positif,0.8123,7652,Traveloka,Hotel Santika Bogor,6/15/2022,8,"menyenangkan. kamar bersih, sarapan baik, dekat dengan mall.",none,positif,
Pelayanan,none -> negatif,0.974,7465,Traveloka,Hotel Santika Bogor,5/1/2024,61,"kurang sepadan dengan harga yang membayar. fasilitas kamar kurang sesuai. beli paket yang sarapan (saya kesiangan call jam 10 infonya sudah close) tapi tidak ada pengingat. tidak menyalahkan juga karna kesalahan dari saya, tapi setidaknya dari pihak hotel terima kasih telah memperbaiki apa pun. kalau ditanya akan menginap disini lagi, saya tidak akan balik kesini, lebih baik cari pilihan lain aja.",none,negatif,
Pelayanan,none -> negatif,0.9546,12002,Traveloka,Hotel Santika Mega City Bekasi,5/10/2023,26,"pesen dengan bawa anak 1, sampai di lokasi dikasih room smoking, terpaksa saya upgrade karena katanya tidak ada kamar lagi, air panas nya tidak begitu berfungsi.",none,negatif,
Pelayanan,none -> positif,0.9264,1836,Agoda,Hotel Santika Cirebon,1/25/2024,19,"tempat ini tidak jauh dari segalanya, terima kasih santika, mereka sangat ramah dan membantu dengan lengkap, sampai jumpa lagi",none,positif,
Pelayanan,negatif -> none,0.9228,14542,Traveloka,Hotel Santika Tasikmalaya,8/17/2016,12,tisu toilet dan wajah jaringan tidak tersedia pada malam kedua saya tinggal.,negatif,none,tisu toilet dan wajah jaringan tidak tersedia
Pelayanan,none -> positif,0.8997,9497,Traveloka,Hotel Santika Cirebon,7/26/2017,18,"bagus ruangan, layanan besar, bagus, besar dan bersih kolam renang. kami berenang di malam hari dan itu bagus",none,positif,
Pelayanan,negatif -> positif,0.8976,12637,Traveloka,Hotel Santika Mega City Bekasi,1/2/2019,123,"saya pesan superior king, karena sesuatu hal di free upgrade ke deluxe king. kamar tidak ada kulkas, lemari, bath tub. baru dapat fasilitas tsb sprtinya di kelas premier. wi-fi tidak bisa digunakan. kartu akses hnya bisa diberikan 1 dan ini menyulitkan, terutama karena berpergian bersama anak2. agak sulit menghubungi fo, beberapa kali telpon tidak diangkat. banyak hal yang tidak sesuai dengan buku hotel information. balkon yang jdi nilai tambah kamar deluxe, ternyata dikunci, dan kunci tidak bisa ditinggal di kamar. yang jadi nilai tambah adalah karyawannya ramah, akses yang mudah ke mall mega city, dan menu breakfastnya benar2 kualitas santika: enak dan amat bervariasi. kamarnya juga luas, semua fasilitas lain sprti ac- tv- bathroom shower-electric pot, berfungsi baik. ada kolam renang dan gym.",negatif,positif,karyawannya ramah
Pelayanan,none -> positif,0.8962,1819,Agoda,Hotel Santika Cirebon,5/12/2024,38,"semua pelayan sangat ramah, kamar nyaman dan bersih, menu makan pagi ckup bervariasi dan enak. akses ke hotel cukup mudah dan bukan di jalur macet. dan yang sangat menarik adalah pagi pagi mobil di cuci dari pihak hotel.",none,positif,
Pelayanan,none -> positif,0.8953,6158,Traveloka,Hotel Santika Bandung,10/27/2021,7,"proses cek in mudah, fasilitas biasa saja.",none,positif,
Pelayanan,netral -> positif,0.889,503,Agoda,Hotel Santika Bandung,2/1/2023,22,"hotel lokasi strategis, pelayanan cukup ramah, namun ada beberapa yang menjadi catatan perbaikan: 1. kondisi air conditioner panas 2. kebersihan perlu ditingkatkan",netral,positif,pelayanan cukup ramah
Pelayanan,none -> positif,0.8839,7506,Traveloka,Hotel Santika Bogor,11/22/2023,8,hotel dan layanan yang bagus. lokasi agak membingungkan.,none,positif,
Pelayanan,positif -> netral,0.8802,10630,Traveloka,Hotel Santika Depok,11/21/2018,61,"sebulan sekali saya pasti menginap di hotel santika depok. saya memilih hotel ini selain karena kenyamanannya juga karena praktis. hotel santika depok terhubung langsung dengan di mal. situasi kota depok yang macet setiap kali weekend membuat saya harus mencari semua yang serba praktis, agar waktu tidak habis dijalan. kalau untuk pelayanan dan fasilitas sih tidak usah ditanya, santika hotel top deh",positif,netral,kalau untuk pelayanan dan fasilitas sih tidak usah ditanya santika hotel top deh
Pelayanan,positif -> negatif,0.8774,12832,Traveloka,Hotel Santika Mega City Bekasi,8/29/2018,98,"kamarnya kecil, makanannya biasa saja, nasggor tidak ada rasanya, restaurant jam 9 sudah tutup, saran saja sih karena mal sudah mulai tutup jam segitu, restaurant tutupnya jam 24. 00 saja, kasihan yang tiba-tiba laper tengah malam, keluar hotel pun susah. karena jadi 1 sama mal, jalan ke parkiran jauh, ngelewatin toko-toko yang sudah tutup plus gelap, seharusnya ada lift khusus sih. terus parkiran tidak dipakai sampai check-out, setiap kalau mau keluar harus minta stempel, kalau tidak distempel bayar layaknya lagi ke mal. ac-nya bocor hari pertama, kencang banget. ampun deh hehhe tapi pelayanannya bagus, tidak bising, bersih juga.",positif,negatif,pelayanannya bagus
Pelayanan,none -> positif,0.8719,2558,Agoda,Hotel Santika Depok,11/13/2020,18,"hotelnya bagus seperti kamarnya luas, lokasi strategis dekat dengan mall, tempat parkir dan rapi, proses check-in cukup cepat.",none,positif,
Pelayanan,negatif -> positif,0.8698,5467,Tiket,Hotel Santika Bogor,4/1/2018,30,"kami menginap di kamar 616. saluran pembuangan shower lambat meskipun kotoran/rambut sudah dibersihkan oleh staf hotel. lokasi hotel cukup bagus, memiliki akses langsung ke pusat perbelanjaan botany square. dan botanic. ",negatif,positif,saluran pembuangan shower lambat meskipun kotoran/rambut sudah dibersihkan oleh staf hotel.
Pelayanan,none -> positif,0.8645,4709,Tiket,Hotel Santika Mega City Bekasi,6/2/2021,14,"sesuai ekspetasi, sesuai request bersih, dapat masker juga dan protokolnya jalan sesuai prokess yaa.",none,positif,
Pelayanan,negatif -> netral,0.8594,3113,Agoda,Hotel Santika Tasikmalaya,12/10/2015,185,"pertama kali anda menginjakkan kaki di hotel ini, kesan pertama anda pastilah hotel yang indah dengan staf ramah yang menyambut saat anda menginjakkan kaki di lobi. tapi saya punya pengalaman yang tidak menyenangkan di awal bulan desember ini ketika saya tinggal di sana bersama keluarga saya. kami meminta 2 kamar dan tempat tidur tambahan untuk setiap kamar. suami saya menelepon hotel dari jakarta dan dengan ramah meminta staf untuk segera memasang tempat tidur tambahan untuk setiap kamar (staf hotel sudah menyebutkan nomor kamar kami). dalam perjalanan ke hotel, suami saya menelepon lagi untuk memastikan bahwa kamar masih tersedia dan juga mengingatkan staf untuk memasang tempat tidur tambahan karena kami sangat terlambat check-in. staf hotel menjawab bahwa mereka akan melakukannya. namun kurang lebih 4 jam kemudian karena kelelahan akibat perjalanan dari jakarta, kami sampai di hotel, dan kami terus menunggu lebih dari setengah jam karena mereka belum memasang extra bed. kami sangat kecewa dengan kejadian ini. kami berharap wisatawan lain tidak mengalami hal yang sama, dan kami berharap santika hotel dapat meningkatkan kualitas pelayanannya karena kami mendengar bahwa ini adalah hotel dengan rating terbaik di tasikmalaya.",negatif,netral,kami terus menunggu lebih dari setengah jam karena mereka belum memasang extra bed
Pelayanan,none -> positif,0.8538,2293,Agoda,Hotel Santika Cirebon,10/19/2014,13,"cek in dan cek out cepat dan mudah, kamar pun luas dan bersih",none,positif,
Pelayanan,positif -> none,0.8532,11544,Traveloka,Hotel Santika Depok,12/23/2015,21,"seperti jaringan hotel santika di daerah lain. ramah dan menyenangkan, menu makanan tradisionalnya bagus, hanya sayang sinyal di kamar kurang bagus",positif,none,ramah dan menyenangkan
Pelayanan,netral -> positif,0.8511,1834,Agoda,Hotel Santika Cirebon,2/7/2024,51,"menginap semalam, kamarnya sangat bersih, stafnya cepat tanggap dan sangat ramah. fasilitasnya lengkap dan anda juga bisa meminta fasilitas lain seperti pengering rambut dan staf akan mengirimkannya ke kamar anda. sarapannya enak tapi tidak ada yang luar biasa tentang sarapan. tampilan hotelnya mungkin agak tua tapi secara keseluruhan sepadan dengan harganya.",netral,positif,lain seperti pengering rambut dan staf akan mengirimkannya ke kamar anda
Pelayanan,none -> positif,0.8511,2386,Agoda,Hotel Santika Cirebon,12/30/2010,33,"tempat bersih, kamar tidak terlalu besar, tapi baik lah. penerimaan sangat ramah. parkir juga luas kolam renang kelihatan dari tempat menginap, dan kelihatannya bersih dan nyaman, sayang kami tidak sempat menikmati kolam renang.",none,positif,
Pelayanan,positif -> negatif,0.8446,1064,Agoda,Hotel Santika Bogor,11/5/2014,19,satu malam menginap layanan grup tidak baik! harus menyelesaikannya sebelum kedatangan kamar jika belum siap. kapasitas liftnya tidak baik,positif,negatif,satu malam menginap layanan grup tidak baik!
Pelayanan,positif -> none,0.8369,13615,Traveloka,Hotel Santika Mega City Bekasi,10/12/2016,5,nyaman dan bersih. keamanan terjaga.,positif,none,keamanan terjaga
Pelayanan,positif -> none,0.8301,4378,Tiket,Hotel Santika Mega City Bekasi,12/4/2024,6,keren abiss ramaah juga dan bersih,positif,none,ramaah juga
Pelayanan,negatif -> none,0.8269,11167,Traveloka,Hotel Santika Depok,12/21/2016,16,sangat berkesan dengan hotel santika. hanya perlu di informasikan akses masuk hotel jika mall sudah tutup.,negatif,none,hanya perlu di informasikan akses masuk hotel jika mall sudah tutup
Pelayanan,netral -> positif,0.8221,3549,Tiket,Hotel Santika Bandung,5/9/2026,16,santika yang sangat luar biasa selalu merupakan pilihan yang baik untuk menginap! layanan pramutamu yang informatif.,netral,positif,layanan pramutamu yang informatif.
Pelayanan,netral -> negatif,0.8183,5800,Tiket,Hotel Santika Depok,4/5/2019,33,"ada colokan di samping westafel, tapi sayangnya hairdryernya tidak ada pelayan di restoran saat sarapan, kurang ramah, mukanya pada manyun, masih ngantuk kali yah. reseptionist dan satpamnya baik banget, kamar bersih, cukup luas. ",netral,negatif,"pelayan di restoran saat sarapan, kurang ramah | reseptionist dan satpamnya baik banget"
Pelayanan,negatif -> none,0.8165,5119,Tiket,Hotel Santika Mega City Bekasi,7/20/2024,30,"pesan via ota, pilih kamar deluxe single bed dikasih yang twin bed, dan smoking room. akses susah jika solo travel yang harus melalui lift didalam mall yang kalau malam tutup",negatif,none,"pesan via ota, pilih kamar deluxe single bed dikasih yang twin bed, dan smoking room"
Pelayanan,positif -> none,0.8158,14728,Traveloka,Hotel Santika Tasikmalaya,4/22/2015,20,"saya tidak dapat non smoking room, selama menginap tersiksa dengan bau rokok, walau hotel sudah sangat membantu dengan memberikan ionisasi.",positif,none,hotel sudah sangat membantu dengan memberikan ionisasi
Pelayanan,none -> negatif,0.8095,1650,Agoda,Hotel Santika Bogor,4/26/2012,88,"kami check ini terlambat, dateng jam setengah dua belas malam, tanpa basa-basi dan birokrasi yang panjang, kami langsung dapet kunci kamar. kami pilih kamar dengan bed twin walopun serasa sempit bahkan untuk 1 orang, interior kamar yang minimalis modern enak dipandang dan view gunung dan kota bogor. pagi hari kami sarapan, dengan menu yang beraneka macam dan enak2. sedikit kendala, kami tidak diberi tahu kalau mobil keluar masuk hotel, apakah kami bisa dapet voucher parkir, akhirnya keluar masuk hotel kami bayar parkir lagi selama dua hari, lumayan lah.",none,negatif,
Pelayanan,netral -> positif,0.8064,2024,Agoda,Hotel Santika Cirebon,6/26/2012,16,staf frendly ketika kami tiba. lokasi bagus ke tempat kuliner terkenal. sarapan enak dengan sentuhan lokal.,netral,positif,staf frendly ketika kami tiba.
Pelayanan,positif -> netral,0.8012,14419,Traveloka,Hotel Santika Tasikmalaya,4/12/2017,5,"layanan keluar dan kenyamanan, keunggulan",positif,netral,layanan keunggulan
Pelayanan,positif -> none,0.8006,8085,Traveloka,Hotel Santika Bogor,3/13/2019,11,"cemilan di kala sore, santika tau how to treat their customers",positif,none,santika tau how to treat their customers
Pelayanan,none -> positif,0.7977,4989,Tiket,Hotel Santika Mega City Bekasi,2/7/2022,9,"semuanya baik, dari fasilitas dan layanannya juga sangat memuaskan.",none,positif,
Pelayanan,negatif -> netral,0.7937,10297,Traveloka,Hotel Santika Depok,1/6/2021,86,"saya bepergian dengan anak-anak jadi saya mencari hotel. di area dengan kolam renang. hasil pencarian menunjukkan akomodasi ini memiliki kolam renang. itulah alasan saya memilihnya. ketika saya mulai check-in, resepsionis memberi tahu saya bahwa kolam ditutup selama pandemi. saya kesal dan anak-anak kecewa. staf dengan tegas mengatakan, ada pengumuman yang sesuai tentang penutupan kolam umum di aplikasi, yang saya anggap sebagai kebohongan sederhana dan saran yang berani bahwa saya tidak cukup berhati-hati dalam proses pemesanan saya, yang sama sekali tidak benar dan sangat mengganggu untuk didengar.",negatif,netral,resepsionis memberi tahu saya bahwa kolam ditutup selama pandemi. staf dengan tegas mengatakan ada pengumuman yang sesuai tentang penutupan kolam umum di aplikasi yang saya anggap sebagai kebohongan sederhana
Pelayanan,positif -> none,0.7882,562,Agoda,Hotel Santika Bandung,1/29/2016,19,"hotel dekat dengan pasat perbelanjaan, tempat makan. mobil di parkiran di cuci dengan gratis. variasi makanan harus di tambah.",positif,none,mobil di parkiran di cuci dengan gratis
Pelayanan,netral -> positif,0.7879,5547,Tiket,Hotel Santika Cirebon,4/25/2024,9,interior ramah keluarga. harga sangat terjangkau. kualitas pelayanan terbaik.,netral,positif,kualitas pelayanan terbaik.
Pelayanan,none -> positif,0.7786,11311,Traveloka,Hotel Santika Depok,6/15/2016,22,lokasinya strategis untuk wilayah depok dekat ke pusat perbelanjaan dan ke pusat bisnis. kamar nyaman dan bersih. terima kasih for bagus services,none,positif,
Pelayanan,positif -> netral,0.7664,8901,Traveloka,Hotel Santika Cirebon,5/21/2025,50,"hotel santika memang pilihan tepat sebagai akomodasi saat melakukan perjalanan dinas. lokasinya yang berada di tengah kota membuat perjalanan dari hotel ke lokasi tujuan sangat mudah dicapai, lebih lanjut ada pelayanan tambahan karena setiap pagi dicuci secara cuma-cuma sehingga mobil kami tetap bersih sehingga terlihat professional saat sampai di kantor.",positif,netral,ada pelayanan tambahan karena setiap pagi dicuci secara cuma-cuma sehingga mobil kami tetap bersih
Pelayanan,netral -> negatif,0.7565,6075,Traveloka,Hotel Santika Bandung,4/26/2023,58,"penerimaan sangat membantu dan sopan sayangnya cuaca hangat dan tanpa air conditioner di area lobi. ruangan itu bersih tapi keran lama di wastafel dan shower membuatnya sulit untuk dioperasikan. menu sarapan prasmanan memang tidak sebanyak dua tahun lalu. disebutkan secara khusus ke stasiun telur, memesan telur setengah matang yang tidak pernah datang sampai kami selesai. layanan yang buruk.",netral,negatif,penerimaan sangat membantu dan sopan. layanan yang buruk (telur setengah matang yang tidak pernah datang)
Pelayanan,netral -> positif,0.7522,1316,Agoda,Hotel Santika Bogor,4/22/2026,11,"dekat dengan mall, pelayanan oke, dan fasilitas mantap, keep it up",netral,positif,"dekat dengan mall, pelayanan oke, dan fasilitas mantap, keep it up"
Kebersihan,none -> negatif,0.9768,5618,Tiket,Hotel Santika Cirebon,12/1/2021,15,pengharum ruangan? bau linen sangat menyengat sehingga saya tidak bisa tidur. ada lubang di handuk.,none,negatif,
Kebersihan,none -> negatif,0.9405,8943,Traveloka,Hotel Santika Cirebon,7/31/2024,23,"staf ramah, cuma kenapa mobil saya aja yang tidak dicuci. resto untuk sarapan crowded dan pelayannya tidak sigap. banyak sekali piring kotor didiamkan.",none,negatif,
Kebersihan,netral -> negatif,0.9174,105,Agoda,Hotel Santika Bandung,8/19/2024,41,"hotel yang termasuk sudah legendaris ini terletak di pusat kota, mall hanya tinggal melangkah kesebrang, staf yang ramah, kebersihan cukup baik, hanya sedikit yang perlu diperhatikan yaitu mengganti seprai tidur yang nampak sudah tua dan ada noda yang tidak dapat dibersihkan.",netral,negatif,"kebersihan cukup baik, hanya sedikit yang perlu diperhatikan yaitu mengganti seprai tidur yang nampak sudah tua dan ada noda"
Kebersihan,none -> positif,0.8918,8901,Traveloka,Hotel Santika Cirebon,5/21/2025,50,"hotel santika memang pilihan tepat sebagai akomodasi saat melakukan perjalanan dinas. lokasinya yang berada di tengah kota membuat perjalanan dari hotel ke lokasi tujuan sangat mudah dicapai, lebih lanjut ada pelayanan tambahan karena setiap pagi dicuci secara cuma-cuma sehingga mobil kami tetap bersih sehingga terlihat professional saat sampai di kantor.",none,positif,
Kebersihan,none -> positif,0.888,5539,Tiket,Hotel Santika Cirebon,9/9/2024,13,kebersihan terjaga maksimal. kolam renang dengan pemandangan indah. kolam renang dengan pemandangan indah.,none,positif,
Kebersihan,none -> negatif,0.8662,8861,Traveloka,Hotel Santika Cirebon,4/1/2026,32,air conditioner mati dan penghisap udara kamar mandi mati. bayangkan suasana kamarnya dan baunya? bau kotoran semerbak masuk kamar tidur anak kami. tidak ada tindakan apa-apa sesudah kami mengadu ke pihak hotel.,none,negatif,
Kebersihan,netral -> negatif,0.8657,836,Agoda,Hotel Santika Bogor,8/11/2024,123,"lokasi bagus, dalam hal layanan staf, ini bagus dari tim fo dan dilakukan dengan baik. tapi untuk f b service pelayanannya buruk apalagi saat sarapan pagi ini tidak tersenyum dan terkesan tidak ramah. beberapa staf layanan f b tidak mengetahui beberapa item sarapan kosong dan hanya melihat sekeliling sampai saya membawakan item tersebut kepada mereka yang kosong. tidak sadar kalau meja diluar ruangan sangat kotor, hingga mengingatkan mereka untuk membersihkan meja dan menjadikannya bersih dan rapi. ayolah, anda orang yang suka menerima tamu tapi kenapa anda semua hanya melihat sekeliling dan tidak sadar dengan meja kerja anda. mohon manajemen hotel santika meninjau tim layanan f b dan menjadikannya layanan yang tulus. mungkin dalam waktu dekat pelayanan yang lebih baik terutama pada waktu sarapan.",netral,negatif,"kalau meja diluar ruangan sangat kotor, hingga mengingatkan mereka untuk membersihkan"
Kebersihan,none -> positif,0.8645,2222,Agoda,Hotel Santika Cirebon,1/3/2018,26,"makan pagi ok, sdh siap dari pagi kamar sblm jam 12 sudah siap mbl dicuci, good suasana dan kebersihan secara keseluruhan baik lingkungan sekitar hotel berisik",none,positif,
Kebersihan,none -> positif,0.8582,4228,Tiket,Hotel Santika Mega City Bekasi,12/29/2025,5,kebersihan terjaga. layanan luar biasa.,none,positif,
Kebersihan,none -> positif,0.8552,616,Agoda,Hotel Santika Bandung,1/2/2014,8,"hotel yang bagus dalam servis, kebersihan dan kenyamanan",none,positif,
Kebersihan,netral -> negatif,0.855,3979,Tiket,Hotel Santika Bandung,2/21/2024,18,"hotel lama toilet sudah direnovasi, breakfast lumayan minusnya sprei dan handuk sudah agak lusuh, sangat kurang colokan listrik.",netral,negatif,hotel lama toilet sudah direnovasi. sprei dan handuk sudah agak lusuh
Kebersihan,none -> negatif,0.8447,13245,Traveloka,Hotel Santika Mega City Bekasi,8/23/2017,13,"recommended banget, makanan nya baik! cuma 1 kekurangannya tidak ada keset di kamar.",none,negatif,
Kebersihan,none -> positif,0.8437,2468,Agoda,Hotel Santika Depok,3/29/2026,8,kenyamanan untuk keluarga dan kebersihan juga tempatnya strategis,none,positif,
Kebersihan,none -> positif,0.826,12145,Traveloka,Hotel Santika Mega City Bekasi,6/2/2021,33,"puas banget sama pelayanan, kebersihan dan fasilitasnya. cuma pas di kamar saya air conditioner nya kurang dingin padahal temperatur sudah paling kecil. overall baik kok tapi! bakal staycation ke sini lagi next time.",none,positif,
Kebersihan,none -> negatif,0.8216,5207,Tiket,Hotel Santika Mega City Bekasi,3/14/2021,32,tirainya berdebu dan tidak ada shower head hanya pipa air. air conditioner membutuhkan waktu yang cukup lama untuk mendinginkan ruangan. tempat tidur king sebenarnya adalah dua tempat tidur twin yang diletakkan berdekatan.,none,negatif,
Kebersihan,none -> positif,0.8078,2429,Agoda,Hotel Santika Depok,10/8/2024,17,"lokasi sangat bagus dekat pusat perbelanjaan, kebersihan luar biasa dengan staf yang ramah, makanan sederhana namun lezat",none,positif,
Kebersihan,none -> negatif,0.804,1988,Agoda,Hotel Santika Cirebon,8/23/2013,85,"ini bukan pertama kalinya saya menginap di hotel ini, dan saya juga telah menginap di beberapa santika. namun, saya harus mengatakan ini adalah saat terburuk yang pernah saya alami di santika cirebon dimana saya menemukan kamar saya penuh dengan nyamuk berdarah dan rambut di lantai. mereka sepertinya tidak memperhatikan kebersihan kamar dan kehilangan perhatian pada detail. lain kali saya mengunjungi cirebon, saya mungkin tidak akan memilih hotel ini lagi karena ada hotel bintang 4 baru (yang luar biasa) lebih murah daripada santika cirebon bintang 3.",none,negatif,
Kebersihan,positif -> none,0.79,12832,Traveloka,Hotel Santika Mega City Bekasi,8/29/2018,98,"kamarnya kecil, makanannya biasa saja, nasggor tidak ada rasanya, restaurant jam 9 sudah tutup, saran saja sih karena mal sudah mulai tutup jam segitu, restaurant tutupnya jam 24. 00 saja, kasihan yang tiba-tiba laper tengah malam, keluar hotel pun susah. karena jadi 1 sama mal, jalan ke parkiran jauh, ngelewatin toko-toko yang sudah tutup plus gelap, seharusnya ada lift khusus sih. terus parkiran tidak dipakai sampai check-out, setiap kalau mau keluar harus minta stempel, kalau tidak distempel bayar layaknya lagi ke mal. ac-nya bocor hari pertama, kencang banget. ampun deh hehhe tapi pelayanannya bagus, tidak bising, bersih juga.",positif,none,bersih juga
Kebersihan,negatif -> none,0.7819,13249,Traveloka,Hotel Santika Mega City Bekasi,8/16/2017,15,"tempatnya kurang nyaman, dekat dengan mall tapi mallnya banyak tutup. terus kamar mandinya airnya menggenang.",negatif,none,kamar mandinya airnya menggenang
Kebersihan,none -> negatif,0.7783,7823,Traveloka,Hotel Santika Bogor,12/30/2020,164,"review dikit menginap disana. pegawai ramah semua. check-in dan check-out cepat. kamar sama kaya di gambar. minta request jendela dengan view dikasih. complimentary kamar free. air conditioner dingin. water heater dan exhaush fan baik. malam hari saya minta tolong pihak dapur untuk hangat makanan dilayani dengan baik dan cepat, sedikit saran, tempat sampah dikamar dan dikamar mandi kalau bisa bukanya yang di tekan pake kaki, gang yang tutupnya bisa di copot gt soalnya jadi dimaenin anak yang belum paham kalau itu tempat sampah. terus untuk kamar mandinya tidak ada sabun cair untuk cuci tangan, dikasihnya malah yang batang. agak repot ya. ini hotelnya tempel banget sama botani, karena covid, bayi gabisa masuk sana. tapi nyari makan banyak, bisa gojek dan enak-enak ko. parkiran juga gabung sama mal. buat yang menginap disana jangan lupa tiket parkirnya distempel sama pihak hotel biar free. untuk breakfast kurang variatif menunya, apalagi untuk rotinya, dikit banget. tidak ada roti tawar dan selai. overall baik ko. 8/10. terima kasih ya.",none,negatif,
Kebersihan,positif -> none,0.7591,12253,Traveloka,Hotel Santika Mega City Bekasi,2/19/2020,13,"kamar berisp, air conditioner dingin, kamar mandi bersi, makanan cukup lengkap dan esak.",positif,none,kamar bersih kamar mandi bersih
Kebersihan,positif -> negatif,0.7584,1808,Agoda,Hotel Santika Cirebon,9/11/2024,13,"mudah untuk mendapatkan makanan, kolam renang harus lebih dibersihkan, taman harus lebih bersih.",positif,negatif,"mudah untuk mendapatkan makanan, kolam renang harus lebih dibersihkan, taman harus lebih bersih."
Kebersihan,none -> negatif,0.7538,5041,Tiket,Hotel Santika Mega City Bekasi,7/3/2020,9,"secara keseluruhan baik, tetap tingkatkan pelayanan prima dan kebersihan",none,negatif,
Kebersihan,none -> negatif,0.7041,5467,Tiket,Hotel Santika Bogor,4/1/2018,30,"kami menginap di kamar 616. saluran pembuangan shower lambat meskipun kotoran/rambut sudah dibersihkan oleh staf hotel. lokasi hotel cukup bagus, memiliki akses langsung ke pusat perbelanjaan botany square. dan botanic. ",none,negatif,
Kebersihan,none -> negatif,0.7021,3366,Agoda,Hotel Santika Tasikmalaya,7/6/2020,4,ketersedian tissue sangat sedikit,none,negatif,
Kebersihan,netral -> none,0.6968,4517,Tiket,Hotel Santika Mega City Bekasi,5/24/2024,7,lumayan betsih kamarnya walaupun agak sempit kecil,netral,none,lumayan betsih kamarnya walaupun agak sempit kecil
Kebersihan,positif -> none,0.6891,3590,Tiket,Hotel Santika Bandung,11/13/2025,14,kamar yang luas. resepsionis profesional dan asli. lokasi strategis. membersihkan. tempat parkir yang luas.,positif,none,membersihkan
Kebersihan,positif -> negatif,0.6801,14703,Traveloka,Hotel Santika Tasikmalaya,7/22/2015,18,"superb! kamarnya bersih, kasurnya nyaman, pelayanan sangat baik, breakfastnya enak, tapi diluar kamar sedikit berdebu mungkin karena renovasi.",positif,negatif,kamarnya bersih
Kebersihan,none -> positif,0.6671,10821,Traveloka,Hotel Santika Depok,2/7/2018,87,"bagus sih hotelnya, sarapannya juga enak. kebersihan baik lumayan lah ya, but ada sedikit saja yang tidak sesuai maybe this is my fals aku kak pesan deluxe, kebayang dong pasti lumayan bagus, tapi ya karena aku dapat smoking room jadi pengap pisan, dan juga biasanya ada snack di kamar kalau deluxe tapi gatau sih kalau di hs ini, tergantung hotel and then di kamar mandi tempat shower or bath itu pake gorden putih bukan pintu kaca so deluxe serasa superior, gpp pelayanan primanya sangat baik luar biasa.",none,positif,
Kebersihan,none -> positif,0.6652,11065,Traveloka,Hotel Santika Depok,3/22/2017,21,"tempatnya yang strategis, pelayanannya bersih dan ramah. cuma ada yang perlu diperhatikan kamar tidur terutama kamar mandi kurang tercium bau wangi.",none,positif,
Kebersihan,none -> negatif,0.6487,1910,Agoda,Hotel Santika Cirebon,8/6/2018,40,yang terbaik dari hotel ini adalah staf dan sarapannya. juga sangat disarankan untuk makan malam di taman dengan permainan musik lokal yang lembut untuk sebuah band tetapi membawa lotion nyamuk dalam jumlah besar. kamarnya besar dan bagus tetapi perlu pemeliharaan.,none,negatif,
Kebersihan,negatif -> none,0.638,12728,Traveloka,Hotel Santika Mega City Bekasi,11/14/2018,11,air conditioner dikamar kurang dingin dan ada hewannya di dalam kamar.,negatif,none,ada hewannya di dalam kamar
Kebersihan,none -> negatif,0.6087,9136,Traveloka,Hotel Santika Cirebon,3/17/2021,56,"pelayanan yang cukup baik di masa pandemi. mobil di cuci semua dari pihak hotel. makanan yang enak, kolam juga baik, anak-anak senang. walau ada kendala sedikit di kamar mandi, air menggenang dan yang orang ngebersihin kamar kurang jeli ngebersihin kotorandi meja dan lantai. terima kasih hotel santika sudah meng-upgrade kamar kami ke executive. very well services.",none,negatif,
Kebersihan,positif -> netral,0.6047,1855,Agoda,Hotel Santika Cirebon,1/7/2023,60,"hotel ini telah berdiri cukup lama sehingga anda akan menemukan banyak perabotan dan penataan kuno. tapi jangan khawatir, kamar hotel sudah direnovasi dan bersih. karena ini adalah hotel yang cukup tua, beberapa bagiannya sudah tua dan cukup menakutkan. toilet tamu di lantai pertama, gym/pusat kebugaran. akan lebih baik jika direnovasi. tapi secara keseluruhan, dengan harganya, pengalaman menginap ini sangat menyenangkan.",positif,netral,"tapi jangan khawatir, kamar hotel sudah direnovasi dan bersih."
Kebersihan,negatif -> netral,0.6018,3074,Agoda,Hotel Santika Tasikmalaya,11/7/2019,9,"kamar, staf, sarapan enak. toilet harus ditingkatkan menjadi bersih.",negatif,netral,toilet harus ditingkatkan menjadi bersih
Kebersihan,none -> positif,0.5886,1491,Agoda,Hotel Santika Bogor,9/2/2019,64,"pertama sampai di hotel memiliki kesan yang luar biasa, lokasi yang baik dekat dengan mal kebersihan cukup baik. untuk fasilitas kolam renang juga bagus. santika sangat terkenal dengan beragaman sarapanya yang pasti enak. untuk staf saya merasa kurang ramah. bagian fo, tempat sarapan, kolam renang, mungkin karena libur lebaran ramai tamu mereka kelelahan sehingga ya biasa saja, tapi untuk satpamnya sangat baik dan ramah.",none,positif,
Kebersihan,netral -> none,0.5786,5147,Tiket,Hotel Santika Mega City Bekasi,10/1/2021,30,"tidak sesuai ekspektasi. hairdryer tidak langsung tersedia di dalam kamar (harus request terlebih dahulu). tidak ada sabun tangan, sikat gigi hanya tersedia untuk 1 orang, tisue toilet hanya tersedia. selengkapnya",netral,none,"tidak ada sabun tangan, sikat gigi hanya tersedia untuk 1 orang, tisue toilet hanya tersedia."
Kebersihan,none -> positif,0.5539,5506,Tiket,Hotel Santika Cirebon,4/14/2025,12,kebersihan yang sangat baik. fasilitas terlengkap terbaik. pemandangan kolam renang yang spektakuler.,none,positif,
Kebersihan,positif -> none,0.5424,13277,Traveloka,Hotel Santika Mega City Bekasi,7/26/2017,23,"remote kamar 625 tidak cocok. kamar sudah dibersihkan tapi air minum belum ada, setelah diminta baru di antar. secara umum, baik dan nyaman.",positif,none,kamar sudah dibersihkan
Kebersihan,none -> negatif,0.5303,10169,Traveloka,Hotel Santika Depok,12/7/2022,25,breakfast nya enak semua. untuk kamar deluxe kenapa tidak ada cantelan untuk handuk di kamar mandi ya? untuk lainnya baik semua. pelayanannya baik banget. ramah,none,negatif,
Harga,none -> negatif,0.9683,10647,Traveloka,Hotel Santika Depok,10/31/2018,58,"hotel cukup strategis karena satu kawasan dengan mal, turun lift jalan dikit langsung masuk mall depok, fasilitas kamar cukup baik, view lumayan dari lantai 26 hahaha tetapi ukuran kamar agak sempit agak untuk sholat pas-pasan, air mineral banyak, variasi makanan banyak, rasa lumayan enak, parkir lumayan mahal untuk satu hari check in kemudian check out biaya parkir 40rb.",none,negatif,
Harga,netral -> negatif,0.9617,1630,Agoda,Hotel Santika Bogor,9/22/2012,56,"kurang mengesankan, untuk harga yang di bayarkan tidak sesuai, hal yang perlu di perbaiki 1. breakfast menu: dikit sekali, dan rasanya kurang enak. saya pernah menginap di santika lainnya tidak seperti ini 2. kamar sempit dan kurang luas 3. kunci kamar tidak bisa mendapatkan 2 4. tidak ada tempat bermain untuk anak-anak secara keseluruhan kurang memuaskan",netral,negatif,"kurang mengesankan, untuk harga yang di bayarkan tidak sesuai, hal yang perlu di perbaiki 1."
Harga,none -> positif,0.9445,8266,Traveloka,Hotel Santika Bogor,4/11/2018,16,"memuaskan, kamarnya lega, mini bar-nya gratis, tempatnya strategis, makanannya juga banyak variasi. so far sesuai harapan.",none,positif,
Harga,none -> positif,0.9335,9551,Traveloka,Hotel Santika Cirebon,5/17/2017,18,"liburan bareng keluarga kecil, pelayanan ramah, makanan kecil murah dan bisa makan di kolam renang juga, kamar nyaman.",none,positif,
Harga,netral -> positif,0.9236,2022,Agoda,Hotel Santika Cirebon,7/8/2012,42,"cirebon adalah kota kecil. tidak banyak hotel bagus untuk dipilih. yang terbaik adalah hotel ini. saya sudah menginap 1 malam di hotel tersebut. staf hotel sangat ramah. lokasinya bagus. harga masuk akal. jika ke cirebon, saya mungkin akan memilih hotel ini lagi.",netral,positif,harga masuk akal.
Harga,none -> negatif,0.8998,10193,Traveloka,Hotel Santika Depok,6/1/2022,19,"akses masuk susah nyarinya pake map, parkiran kecil, palayanan kurang, fasilitas kamar tidak sesuai dengan harga, kamar ada kecoak.",none,negatif,
Harga,none -> positif,0.8968,629,Agoda,Hotel Santika Bandung,4/30/2013,17,"saya puas dengan memilih hotel santika ini, lokasi yang strategis, room service dengan valuable price, makanannya enak.",none,positif,
Harga,none -> positif,0.8901,12915,Traveloka,Hotel Santika Mega City Bekasi,6/20/2018,9,"tempat nyaman, bersih sesuai dengan budget, kolam renang bersih.",none,positif,
Harga,netral -> negatif,0.8628,1911,Agoda,Hotel Santika Cirebon,7/31/2018,16,"meninap dadakan dapat harga kurang lebih 800rb per malam, breakfast baik lokasi juga di tengah kota",netral,negatif,"meninap dadakan dapat harga kurang lebih 800rb per malam, breakfast baik lokasi juga di tengah kota"
Harga,netral -> negatif,0.8512,6797,Traveloka,Hotel Santika Bandung,1/11/2017,9,"gymnya terlalu kecil, kualitas makan malamnya tidak sepadan harga.",netral,negatif,"gymnya terlalu kecil, kualitas makan malamnya tidak sepadan harga."
Harga,netral -> negatif,0.8201,6821,Traveloka,Hotel Santika Bandung,12/21/2016,6,variasi makanan kurang dengan harga sekarang,netral,negatif,variasi makanan kurang dengan harga sekarang
Harga,netral -> positif,0.8128,897,Agoda,Hotel Santika Bogor,12/4/2023,24,terima kasih hotel santika atas keramahtamahannya. anda berhasil mengakomodasi permintaan kami selama kami tinggal. lokasi terbaik dan harga terbaik di bogor. terima kasih lagi.,netral,positif,lokasi terbaik dan harga terbaik di bogor.
Harga,none -> positif,0.7945,12637,Traveloka,Hotel Santika Mega City Bekasi,1/2/2019,123,"saya pesan superior king, karena sesuatu hal di free upgrade ke deluxe king. kamar tidak ada kulkas, lemari, bath tub. baru dapat fasilitas tsb sprtinya di kelas premier. wi-fi tidak bisa digunakan. kartu akses hnya bisa diberikan 1 dan ini menyulitkan, terutama karena berpergian bersama anak2. agak sulit menghubungi fo, beberapa kali telpon tidak diangkat. banyak hal yang tidak sesuai dengan buku hotel information. balkon yang jdi nilai tambah kamar deluxe, ternyata dikunci, dan kunci tidak bisa ditinggal di kamar. yang jadi nilai tambah adalah karyawannya ramah, akses yang mudah ke mall mega city, dan menu breakfastnya benar2 kualitas santika: enak dan amat bervariasi. kamarnya juga luas, semua fasilitas lain sprti ac- tv- bathroom shower-electric pot, berfungsi baik. ada kolam renang dan gym.",none,positif,
Harga,positif -> none,0.7723,750,Agoda,Hotel Santika Bogor,6/12/2025,97,"perdana stay, pasca drop off di lobby, effortnya susah cari parkir, untungnya ada akses dari dalam mall ke dalam hotel. request connecting room, hanya dapat 1 aksesdoor masing², jadi repot kalau mau naik lantai izin staf bantu tap lift. minus hairdryer aja, dan tidak ada dispenser air, exhaust fan kamarmandi tidak terasa sirkulasinya, bantal kempes, cahaya kurang terang. plusnya ada hiburan smarttv dan wi-fi superngebut. breakfastnya b aja, wafflenya rasa adonan pukis, dan roti tawar terlihat kurang fresh, tapi westernfoodnya lumayan enak. pelayanan staf fo kurang senyum, dan jangan lupa bawa struk parkir untuk stamp free parking.",positif,none,"pelayanan staf fo kurang senyum, dan jangan lupa bawa struk parkir untuk stamp free parking."
Harga,positif -> netral,0.7481,5671,Tiket,Hotel Santika Cirebon,4/3/2021,16,"untuk harga segitu hotel bersih, mungkin lumayan enak, walaupun hotel nya keliatan agak tua tapi menyenangkan.",positif,netral,untuk harga segitu hotel bersih
Harga,negatif -> positif,0.7455,5913,Tiket,Hotel Santika Tasikmalaya,11/11/2019,22,"check in dilayani dengan cepat dan ramah, kondisi kamar bersih, amenities lengkap, harga makanan hotel tidak terlalu mahal dan rasanya cukup enak",negatif,positif,"kamar bersih, amenities lengkap, harga makanan hotel tidak terlalu mahal dan rasanya"
Harga,none -> positif,0.7391,5830,Tiket,Hotel Santika Tasikmalaya,4/9/2025,18,"bersih dan segar. tempat parkir luas dan nyaman. akomodasi hemat, namun memberikan sensasi mewah. kopi dan teh tersedia.",none,positif,
Harga,positif -> netral,0.7327,3692,Tiket,Hotel Santika Bandung,7/23/2024,5,hemat biaya. parkir sangat nyaman.,positif,netral,hemat biaya
Harga,positif -> none,0.7073,7131,Traveloka,Hotel Santika Bandung,8/5/2015,119,"bermalam di hotel santika bandung, , pegawai nya ramah-ramah, , pelayanan bagus, , bersih banget, , saya menginap bersama anak dan istri saya, , pada saat check-in kamar dengan tempat tidur ukuran king telah terisi semua kamarnya, , namun oleh pihak hotel di usahakan bagaimana caranya agar kami sekeluarga mendapatkan kamar dengan tempat tidur ukuran king, , mengenai breakfast/sarapan pagi menunya banyak sekali namun sayang pelayanan dari pegawai restoran untuk breakfast/sarapan pagi kurang tanggap dan sigap, , karena setelah kami selesai menyantap makanan alat makan yang telah kami gunakan tidak secepatnya diambil oleh para pegawai serta penyediaan kopi dan teh oleh pelayan tidak cepat. terima kasih traveloka, , harga kamarnya murah banget dari pada harga publish dari pihak hotel.",positif,none,harga kamarnya murah banget
Harga,negatif -> netral,0.6938,7774,Traveloka,Hotel Santika Bogor,6/2/2021,110,"over price tapi boleh lah. range harga 600 - 700 ribuan dengan desain kamar dan peralatan kamar yang (maaf) tidak melebihi hotel dengan range harga 300 - 400 ribuan. plus (+): - fo dan security yang humble, komunikatif dan rensponsif. - masih dalam lingkup mall botani dan pool damri. - ada kolam renang. - kamar nya cukup redam suara dan bersih. minus (-): - over price. - access card cuma di kasih 1 buah (alasan karena stock access card terbatas)- air conditioner kamar berbunyi seperti korslet, seperti nya harus di service. - harga segitu, tidak ada hair dryer. - menu sarapan monoton, 4 hari menginap, sarapan dengan menu yang sama.",negatif,netral,over price
Harga,negatif -> none,0.6936,8380,Traveloka,Hotel Santika Bogor,9/27/2017,189,"komunikasi dan informasi kepada konsumen sangat buruk. kami pesan 4 kamar, 1 kamar tersedia tepat waktu (sebelum jam 14. 00), 2 kamar selanjutnya setelah jam 14. 00, dan 1 kamar terakhir baru kami dapat jam 16. 05. khusus kamar terakhir, kami mendapatkannya setelah beradu argumen dengan nada tinggi. di informasikan di jam 16. 00 bahwa kamar terakhir yang seharusnya kami dapatkan sebenernya sudah siap, namun belum bisa ditempati, namun informasi tersebut setelah kami protes dengan nada tinggi. harusnya di informasikan sejak awal. pada hari yang sama kurang lebih sekitar 4 konsumen mengalami hal yang sama. pintu/area masuk dan keluar parkir hotel sama dengan mall. ketika keluar di hari berikutnya, ternyata seharusnya kami mendapatkan stampel di kertas parkir dari pihak hotel, namun hal tersebut baru kami ketahui setelah kami berada di pintu/area/gerbang parkir keluar, alhasil kami kena biaya parkir sampai 98ribu. harusnya tanpa diminta sebelum kami keluar hotel, dan pada saat mengangkut barang di lobby, pihak security atau receptionist memberikan atau menanyakan terkait kertas parkir. point tersebut memang tidak akan menghalangi niat kami untuk menginap kembali. tapi mudah-mudahan tulisan ini bisa menjadikan pengalaman bagi semuanya agar hal tersebut tidak terjadi.",negatif,none,kena biaya parkir sampai 98ribu harusnya tanpa diminta pihak security atau receptionist memberikan atau menanyakan terkait kertas parkir
Harga,none -> netral,0.6516,12807,Traveloka,Hotel Santika Mega City Bekasi,9/19/2018,52,"mereka keluar dari kamar superior yang saya pesan ketika saya check-in dan mereka memberi saya kamar deluxe tanpa biaya tambahan. luar biasa. di sisi lain, saya hampir jatuh ketika saya mandi karena lantai yang licin. saya pikir mereka harus mengubah beton dengan tekstur yang agak kasar untuk menghindari hal yang sama terjadi.",none,netral,
Harga,none -> positif,0.6368,4184,Tiket,Hotel Santika Mega City Bekasi,3/31/2026,9,selalu menyenangkan! dengan pilihan menu sarapan budget yang banyak,none,positif,
Harga,positif -> none,0.6252,2668,Agoda,Hotel Santika Depok,1/9/2014,215,"itu adalah pengalaman menginap yang menyenangkan, semua staf yang saya temui sabar, ramah, membantu, sopan dan efisien. hotel ini membuat saya terkesan dengan layanan pribadi mereka; misalnya, mereka mengingatkan saya tentang sarapan ketika saya bangun terlambat dan membawa koran harian ke rumah anda setiap pagi dan menanyakan layanan lain yang diperlukan. dan ketika saya memesan sesuatu dari restoran atau panggilan apa pun untuk layanan binatu, staf akan datang dengan sangat cepat; jika terjadi penundaan mereka akan datang pada waktu yang dijanjikan (tidak lama juga). segala kekurangan akan dijelaskan secara menyeluruh dan sabar. kamar bersih dan tempat tidur bantal nyaman, saya sulit bangun karena sangat nyaman. koneksi wi-fi gratis gratis sangat cepat. hanya satu kekurangannya, tidak ada lemari es atau mini-bar di kamar saya dan pada awalnya diberitahu oleh resepsionis bahwa jenis kamar (kamar standar dan deluxe) yang saya tempati, tidak disediakan. tentu saja saya terkejut tetapi ketika saya bertanya kepada staf lain, mereka mengatakan bahwa hotel ini masih baru (berusia 4 bulan) dan di masa depan, kulkas atau mini-bar akan disediakan untuk semua tipe kamar. semoga itu benar. saya yakin tidak semua tipe kamar tersedia sepenuhnya. tapi secara umum, saya mendapatkan pengalaman menginap yang baik dan pasti akan mempertimbangkan untuk menginap di sana lagi ketika sudah lengkap (dengan mini-bar) atau pilihan kamar yang lebih besar.",positif,none,koneksi wi-fi gratis gratis sangat cepat.
Harga,none -> netral,0.6042,11818,Traveloka,Hotel Santika Depok,11/26/2014,23,saya merasa cukup puas dengan pelayanan dll ya kalau bisa saya dapat potongan harga supaya saya bisa menginap lagi di hotel santika depok,none,netral,
Harga,none -> positif,0.5825,9074,Traveloka,Hotel Santika Cirebon,12/1/2021,15,"breakfast nya enak, service nya bagus karena mobil pengunjung di cuciin gratis. cool pokok nya.",none,positif,
Harga,negatif -> netral,0.5338,10435,Traveloka,Hotel Santika Depok,6/26/2019,32,"lokasi baik mudah akses ke dmall, tetapi menurut saya kondisi fasilitas hotel (seperti kolam renang, gym) dan kondisi kamar (seperti furniture, luas kamar, dan kebersihan kamar) tidak sesuai dengan harga yang diberikan.",negatif,netral,kondisi fasilitas hotel dan kondisi kamar tidak sesuai dengan harga yang diberikan
Harga,none -> positif,0.5173,7854,Traveloka,Hotel Santika Bogor,10/14/2020,65,"saat pertama check in perlengkapan mandi tidak ada. bahkan gula pasirnya keras, kami pikir layanan kamar akan datang nanti untuk diisi karena mungkin ini adalah kebijakan hotel. keesokan harinya saya meminta untuk bersih-bersih, kemudian mereka memberikan perlengkapan mandi yang layak dan kopi sachet. tidak ada parkir gratis untuk tamu, tempat parkir terbatas dan mereka menunjukkan mal di dekat taman dan masih tidak ada parkir gratis",none,positif,
Harga,netral -> positif,0.5106,4751,Tiket,Hotel Santika Mega City Bekasi,10/30/2023,11,"baik untuk harga segitu, yang paling baik nya. lokasi sangat strategis.",netral,positif,"baik untuk harga segitu, yang paling baik nya."
Harga,none -> positif,0.5057,330,Agoda,Hotel Santika Bandung,12/13/2013,30,"ini mungkin salah satu hotel bernilai terbaik di bandung. terletak di pusat kota, kamar dan layanan bagus. kamar standar tapi bersih dan luas, dapatkan lantai tinggi untuk pemandangan lebih baik.",none,positif,
Harga,none -> netral,0.5047,1834,Agoda,Hotel Santika Cirebon,2/7/2024,51,"menginap semalam, kamarnya sangat bersih, stafnya cepat tanggap dan sangat ramah. fasilitasnya lengkap dan anda juga bisa meminta fasilitas lain seperti pengering rambut dan staf akan mengirimkannya ke kamar anda. sarapannya enak tapi tidak ada yang luar biasa tentang sarapan. tampilan hotelnya mungkin agak tua tapi secara keseluruhan sepadan dengan harganya.",none,netral,
Harga,netral -> positif,0.4954,2038,Agoda,Hotel Santika Cirebon,1/4/2012,184,"hotel santika cukup kecil, namun tamannya indah. kolam renangnya besar dan rasanya seperti surga tropis. restoran ini menawarkan hidangan dalam jumlah terbatas, tetapi sangat lezat dan harganya masuk akal. sarapan sebagian besar adalah makanan indonesia. sebagai orang asing, kami tidak senang dengan pilihan terbatas di luar harga lokal, tetapi pilihan buahnya sangat bagus. seperti kebanyakan tempat di indonesia, stafnya ramah, ramah dan hangat. mereka sangat ingin membantu dan menyenangkan dan itu membuat kunjungan kami menyenangkan meskipun faktanya ciberon adalah kota kecil tanpa banyak atraksi. tidak ada restoran bagus atau tempat menarik untuk dikunjungi. kami masih mencoba mencari tahu bagaimana kami dibujuk untuk pergi ke sana! tapi kami menemukan bahwa kota ini memiliki batik yang luar biasa dan itu membuat perjalanan kami berharga. salah satu kelemahan utama mengunjungi kota kecil di indonesia adalah hampir tidak ada orang yang mengerti/berbicara bahasa inggris. meskipun kami memiliki buku ungkapan kecil, sulit untuk menggunakannya. namun, di hotel, semua staf berbicara bahasa inggris cukup untuk membuat kunjungan ini menyenangkan. saya akan merekomendasikan tempat ini hanya jika anda harus pergi ke cirebon dan hanya jika anda mencari beberapa hari untuk beristirahat.",netral,positif,"dengan pilihan terbatas di luar harga lokal, tetapi pilihan buahnya sangat bagus"
Harga,negatif -> none,0.49,6232,Traveloka,Hotel Santika Bandung,7/15/2020,85,"lokasi strategis, hotelnya lama jadi perabot-perabotnya lama, bau lift harum, kamar saya tidak ada sakelar untuk stop lampu tidur, jadi terpaksa dibuka lampunya, toilet agak mampet, air tidak panas di pagi hari, sudah saya laporkan, untuk ke parkiran terpaksa lewat tangga, saran sebelum tidur dicek dulu yang saya tulis di atas, saya cuma menginap 1 malam jadi saya laporkan pada saat check-out. saya ditelepon setelah di luar, tanggapan hotel baik, kamar saya di upgrade ke lebih besar tanpa dipungut biaya tambahan, kamar anak tidak diupgrade.",negatif,none,"ke lebih besar tanpa dipungut biaya tambahan, kamar anak tidak diupgrade"
Harga,positif -> none,0.4792,2697,Agoda,Hotel Santika Depok,6/30/2014,11,pelayanannya sangat bagus dan ini adalah hotel yang nyaman mengingat harganya.,positif,none,mengingat harganya
Harga,none -> positif,0.4744,13909,Traveloka,Hotel Santika Tasikmalaya,8/19/2020,31,"i think i got the worst staycation in my life, pertama boleh diliat di foto unggahan saya, biasanya kan untuk gelas bathroom itu bersih, ini ada bekas lipstik. kamar mandi kotor.",none,positif,
Harga,none -> negatif,0.4734,4180,Tiket,Hotel Santika Mega City Bekasi,4/8/2026,18,"sayang banget budget hotel 500rb tapi bukan smart televisi but overall baik, makanan juga enak bingit. thankyou santika",none,negatif,
Harga,positif -> negatif,0.4475,3672,Tiket,Hotel Santika Bandung,10/17/2024,31,"sedari dulu kami suka dengan hotel ini, meski sudah lama tetap nyaman. karyawannya tetap konsisten dalam pelayanan, ramah, sopan, senyum dan help full. harga tidak terlalu mahal dan dekat dengan mall",positif,negatif,harga tidak terlalu mahal
Harga,netral -> positif,0.4435,5064,Tiket,Hotel Santika Mega City Bekasi,10/17/2019,22,"di jantung kita bekasi, dkt kemana saja, ada kolam berenang dan tempat bermain anak, sarapan variatif, kamar terlalu kecil dengan harga lumayan",netral,positif,kamar terlalu kecil dengan harga lumayan
Harga,none -> positif,0.4113,10146,Traveloka,Hotel Santika Depok,5/17/2023,60,"kamarnya bersih, kamar mandinya juga bersih. sepertinya hotelnya sudah agak lama, tapi tetap affordable. pilihan sarapannya cukup banyak. overall, menyenangkan. saya tidak tau kalau ternyata hotel ini nyambung dengan di mall. ini jadi point plus, karena jadi ada banyak pilihan resto, dan ada bioskop juga. waktu saya menginap, lagi banyak tamu. sepertinya, sedang ada meeting dari instansi atau perusahaan tertentu.",none,positif,
Harga,none -> negatif,0.4009,11517,Traveloka,Hotel Santika Depok,1/6/2016,104,"saya menginap di kamar superior king bed. kamar mandi tidak ada tirainya. padahal kami menginap 1 hari sbelumnya ada tirai pembatas shower di kamar superior dengan twin bed. posisi loby dilantai 3 dengan akses masuk lift dari bagian belakang d'mall. view nya sangat indah karena posisi kamar hotel di lantai paling atas (26-28). staf ramah, ruangan no smoking terjaga, breakfast cukup enak, hanya saja tidak ada staf yang menjaga dibagian pool nya (lantai5). poll cenderung kecil tapi cukup nyaman dengan toilet bersih dan cenderung sepi. penawaran upgrade room on the spot sebesar 100rb untuk deluxe room. so far cukup nyaman menginap di santika depok.",none,negatif,
Makanan,none -> netral,0.9687,8680,Traveloka,Hotel Santika Bogor,1/6/2016,27,untuk liburan keluarga nyaman. apa lagi yang punya anak kecil. untuk cari makanan sangat dekat mall. untuk keseluruhan suka sekali menginap di santika bogor anak2pun sangat suka.,none,netral,
Makanan,negatif -> netral,0.9566,6582,Traveloka,Hotel Santika Bandung,8/23/2017,7,"makanannya biasa saja, tidak seperti makanan hotel",negatif,netral,"makanannya biasa saja, tidak seperti makanan hotel"
Makanan,netral -> negatif,0.9476,14094,Traveloka,Hotel Santika Tasikmalaya,12/26/2018,14,pelayanan baik cuma kamar 202 agak bagaimana gitu horor. makanan enak cuma biasa-biasa saja.,netral,negatif,makanan enak cuma biasa-biasa saja
Makanan,netral -> negatif,0.9472,1630,Agoda,Hotel Santika Bogor,9/22/2012,56,"kurang mengesankan, untuk harga yang di bayarkan tidak sesuai, hal yang perlu di perbaiki 1. breakfast menu: dikit sekali, dan rasanya kurang enak. saya pernah menginap di santika lainnya tidak seperti ini 2. kamar sempit dan kurang luas 3. kunci kamar tidak bisa mendapatkan 2 4. tidak ada tempat bermain untuk anak-anak secara keseluruhan kurang memuaskan",netral,negatif,"breakfast menu: dikit sekali, dan rasanya kurang enak."
Makanan,netral -> positif,0.9414,1650,Agoda,Hotel Santika Bogor,4/26/2012,88,"kami check ini terlambat, dateng jam setengah dua belas malam, tanpa basa-basi dan birokrasi yang panjang, kami langsung dapet kunci kamar. kami pilih kamar dengan bed twin walopun serasa sempit bahkan untuk 1 orang, interior kamar yang minimalis modern enak dipandang dan view gunung dan kota bogor. pagi hari kami sarapan, dengan menu yang beraneka macam dan enak2. sedikit kendala, kami tidak diberi tahu kalau mobil keluar masuk hotel, apakah kami bisa dapet voucher parkir, akhirnya keluar masuk hotel kami bayar parkir lagi selama dua hari, lumayan lah.",netral,positif,"pagi hari kami sarapan, dengan menu yang beraneka macam dan enak2."
Makanan,positif -> netral,0.9262,3926,Tiket,Hotel Santika Bandung,2/3/2026,23,all bagus dan lokasi sangat strategis. cuma air conditioner nya kurang dingin. sarapan biasa saja. tapi enak. dan staf nya sangat ramah semua.,positif,netral,sarapan biasa saja. tapi enak
Makanan,positif -> netral,0.9241,4182,Tiket,Hotel Santika Mega City Bekasi,4/4/2026,7,fasilitas kebugaran eksklusif. makanan penutup yang lezat.,positif,netral,makanan penutup yang lezat.
Makanan,positif -> netral,0.9211,1834,Agoda,Hotel Santika Cirebon,2/7/2024,51,"menginap semalam, kamarnya sangat bersih, stafnya cepat tanggap dan sangat ramah. fasilitasnya lengkap dan anda juga bisa meminta fasilitas lain seperti pengering rambut dan staf akan mengirimkannya ke kamar anda. sarapannya enak tapi tidak ada yang luar biasa tentang sarapan. tampilan hotelnya mungkin agak tua tapi secara keseluruhan sepadan dengan harganya.",positif,netral,sarapannya enak tapi tidak ada yang luar biasa tentang sarapan.
Makanan,none -> netral,0.9175,838,Agoda,Hotel Santika Bogor,7/29/2024,10,"lokasi dekat dengan mall shg mudah untuk cari makanan, ,",none,netral,
Makanan,none -> positif,0.9173,2212,Agoda,Hotel Santika Cirebon,6/17/2019,27,salah satu hotel yang biasa saya pesan apabila ke cirebon. harga tidak terlalu mahal. lokasi juga bagus. pelayanan staffnya bagus. breakfastnya banyak dan enak. kolam renangnya baik.,none,positif,
Makanan,none -> netral,0.9093,8085,Traveloka,Hotel Santika Bogor,3/13/2019,11,"cemilan di kala sore, santika tau how to treat their customers",none,netral,
Makanan,negatif -> netral,0.9062,7023,Traveloka,Hotel Santika Bandung,1/20/2016,43,"lokasi bagus walaupun hotel lama tapi terawat, hanya saja hairdryer tidak built in di kamar mandi, refill breakfast agak lama padahal tidak musim liburan. selain itu pelayanan hotel bagus, harus siap di renov untuk bersaing dengan hotel sekitar karena secara lokasi sudah menjanjikan",negatif,netral,refill breakfast agak lama
Makanan,none -> positif,0.9014,1263,Agoda,Hotel Santika Bogor,9/25/2012,41,"pilihan sarapannya beragam, dari western hingga indonesia, dan saya pesan telur dadar dan rasanya enak. ini setara dengan hotel bintang 4. lokasinya berada dalam jarak berjalan kaki ke kolam renang, pusat perbelanjaan, dan kebun raya. ruangannya luas dan saya bisa bersantai.",none,positif,
Makanan,none -> positif,0.8972,11601,Traveloka,Hotel Santika Depok,10/14/2015,26,hotel ini cukup bagus. dan itu terletak di sebelah mal. sarapan sangat nyaman. salah satu downside adalah wi-fi yang connectionyou tidak bisa streaming youtube di sana.,none,positif,
Makanan,positif -> negatif,0.8901,12378,Traveloka,Hotel Santika Mega City Bekasi,9/4/2019,21,breakfastnya tidak pernah ngecewain. fasilitas juga baik. tapi sayang kamarnya lebih nyaman yang non smoking. kamar yang smoking room tidak nyaman.,positif,negatif,breakfastnya tidak pernah ngecewain
Makanan,netral -> positif,0.8734,2038,Agoda,Hotel Santika Cirebon,1/4/2012,184,"hotel santika cukup kecil, namun tamannya indah. kolam renangnya besar dan rasanya seperti surga tropis. restoran ini menawarkan hidangan dalam jumlah terbatas, tetapi sangat lezat dan harganya masuk akal. sarapan sebagian besar adalah makanan indonesia. sebagai orang asing, kami tidak senang dengan pilihan terbatas di luar harga lokal, tetapi pilihan buahnya sangat bagus. seperti kebanyakan tempat di indonesia, stafnya ramah, ramah dan hangat. mereka sangat ingin membantu dan menyenangkan dan itu membuat kunjungan kami menyenangkan meskipun faktanya ciberon adalah kota kecil tanpa banyak atraksi. tidak ada restoran bagus atau tempat menarik untuk dikunjungi. kami masih mencoba mencari tahu bagaimana kami dibujuk untuk pergi ke sana! tapi kami menemukan bahwa kota ini memiliki batik yang luar biasa dan itu membuat perjalanan kami berharga. salah satu kelemahan utama mengunjungi kota kecil di indonesia adalah hampir tidak ada orang yang mengerti/berbicara bahasa inggris. meskipun kami memiliki buku ungkapan kecil, sulit untuk menggunakannya. namun, di hotel, semua staf berbicara bahasa inggris cukup untuk membuat kunjungan ini menyenangkan. saya akan merekomendasikan tempat ini hanya jika anda harus pergi ke cirebon dan hanya jika anda mencari beberapa hari untuk beristirahat.",netral,positif,"restoran ini menawarkan hidangan dalam jumlah terbatas, tetapi sangat lezat dan harganya masuk akal."
Makanan,netral -> positif,0.872,12911,Traveloka,Hotel Santika Mega City Bekasi,6/20/2018,4,pilihan makanan untuk sarapan,netral,positif,pilihan makanan untuk sarapan
Makanan,positif -> none,0.8623,4317,Tiket,Hotel Santika Mega City Bekasi,4/10/2025,9,"deket banget sama venue fanmeet, kamar bersih satapan baik",positif,none,satapan baik
Makanan,none -> positif,0.8528,12174,Traveloka,Hotel Santika Mega City Bekasi,3/10/2021,5,nyaman puas kenyang enaklah overall,none,positif,
Makanan,netral -> positif,0.8471,4196,Tiket,Hotel Santika Mega City Bekasi,2/25/2026,14,layanan pengiriman makanan tersedia. terletak di kawasan industri. staf yang luar biasa dan cerdas.,netral,positif,layanan pengiriman makanan tersedia.
Makanan,netral -> positif,0.8471,3634,Tiket,Hotel Santika Bandung,2/25/2025,6,kamar segar banget. hidangan tradisional lezat.,netral,positif,hidangan tradisional lezat.
Makanan,none -> positif,0.8455,2488,Agoda,Hotel Santika Depok,12/1/2024,6,"pelayanan bagus, fasilitas bagus, sarapannya enak",none,positif,
Makanan,netral -> positif,0.8451,1491,Agoda,Hotel Santika Bogor,9/2/2019,64,"pertama sampai di hotel memiliki kesan yang luar biasa, lokasi yang baik dekat dengan mal kebersihan cukup baik. untuk fasilitas kolam renang juga bagus. santika sangat terkenal dengan beragaman sarapanya yang pasti enak. untuk staf saya merasa kurang ramah. bagian fo, tempat sarapan, kolam renang, mungkin karena libur lebaran ramai tamu mereka kelelahan sehingga ya biasa saja, tapi untuk satpamnya sangat baik dan ramah.",netral,positif,"bagian fo, tempat sarapan, kolam renang, mungkin karena libur lebaran"
Makanan,netral -> none,0.844,579,Agoda,Hotel Santika Bandung,5/17/2015,21,ada rasa kecewa karena kamar mandinya shower yang tidak pas penempatannya dan closet yang tidak bisa di flush harus berulang ulang,netral,none,ada rasa kecewa karena kamar mandinya shower yang tidak
Makanan,negatif -> positif,0.8424,7823,Traveloka,Hotel Santika Bogor,12/30/2020,164,"review dikit menginap disana. pegawai ramah semua. check-in dan check-out cepat. kamar sama kaya di gambar. minta request jendela dengan view dikasih. complimentary kamar free. air conditioner dingin. water heater dan exhaush fan baik. malam hari saya minta tolong pihak dapur untuk hangat makanan dilayani dengan baik dan cepat, sedikit saran, tempat sampah dikamar dan dikamar mandi kalau bisa bukanya yang di tekan pake kaki, gang yang tutupnya bisa di copot gt soalnya jadi dimaenin anak yang belum paham kalau itu tempat sampah. terus untuk kamar mandinya tidak ada sabun cair untuk cuci tangan, dikasihnya malah yang batang. agak repot ya. ini hotelnya tempel banget sama botani, karena covid, bayi gabisa masuk sana. tapi nyari makan banyak, bisa gojek dan enak-enak ko. parkiran juga gabung sama mal. buat yang menginap disana jangan lupa tiket parkirnya distempel sama pihak hotel biar free. untuk breakfast kurang variatif menunya, apalagi untuk rotinya, dikit banget. tidak ada roti tawar dan selai. overall baik ko. 8/10. terima kasih ya.",negatif,positif,untuk breakfast kurang variatif menunya
Makanan,netral -> positif,0.84,2327,Agoda,Hotel Santika Cirebon,2/14/2013,33,"staf melayani dengan ramah, kamar langsung tersedia tanpa harus menunggu, kondisi kamar bersih, kolam renang untuk anak-anak juga memadai. breakfast disediakan makanan khas cirebon. lokasi dekat dengan wisata kuliner empal gentong mang dharma.",netral,positif,breakfast disediakan makanan khas cirebon.
Makanan,netral -> negatif,0.8341,7245,Traveloka,Hotel Santika Bandung,12/17/2014,27,"hotel dengan lokasi strategis, model bangunan dan kamar bentuk lama namun tetap nyaman, pelayanan cepat dan ramah, sarapan lumayan, namun tidak se-variatif hotel santika di kota lain.",netral,negatif,"sarapan lumayan, namun tidak se-variatif hotel santika di kota lain"
Makanan,netral -> negatif,0.8341,5677,Tiket,Hotel Santika Cirebon,3/17/2021,4,variasi makanan perlu ditingkatkan,netral,negatif,variasi makanan perlu ditingkatkan
Makanan,netral -> positif,0.834,7092,Traveloka,Hotel Santika Bandung,10/21/2015,28,"lokasi strategis, 20 thn yang lalu saat bertugas saya menginap di sini. dan saat ini tidak byak perubahan di interior dan exterior hotel, breakfast lumayan walau tidak istimewa",netral,positif,breakfast lumayan walau tidak istimewa
Makanan,positif -> netral,0.8218,1906,Agoda,Hotel Santika Cirebon,12/24/2018,48,"check in cepat, padahal jam 4 sore kami masih harus menunggu sebentar agar kamar siap. stafnya cukup ramah. kamarnya agak ketinggalan jaman tapi cukup bersih. tapi tidak ada mandi air hangat. ini adalah air yang sangat panas atau dingin. variasi sarapan cukup baik tetapi kualitas makanannya biasa saja.",positif,netral,variasi sarapan cukup baik tetapi kualitas makanannya biasa saja.
Makanan,positif -> netral,0.8085,8040,Traveloka,Hotel Santika Bogor,6/12/2019,38,"kamar yang cukup baik untuk tidak kecil, dan varian untuk sarapan sedikit kurang, rasanya cukup. kolam kecil yang tenang tapi stafnya sangat ramah secara keseluruhan hotel ini bagus dan membuat liburan saya hampir sempurna terima kasih santika bogor",positif,netral,varian untuk sarapan sedikit kurang rasanya cukup
Makanan,positif -> negatif,0.8063,8270,Traveloka,Hotel Santika Bogor,4/4/2018,9,kamar baik layanan kamar miskin sarapan kualitas makanan baik,positif,negatif,sarapan kualitas makanan baik
Makanan,netral -> positif,0.7997,1940,Agoda,Hotel Santika Cirebon,6/20/2017,96,"santika cirebon, menurut saya hotelnya sudah tua, jadi ada tandanya di bangunan itu. tapi, kamarnya cukup besar, tempat tidurnya nyaman (menurut saya tempat tidurnya keras atau sedang), kamar mandinya bagus dan bersih. ada ketel listrik untuk membuat teh atau kopi, beserta segala fasilitasnya. kulkas mini, televisi kabel (sayangnya gambar kurang jelas tapi cukup bagus untuk baca berita). sarapannya juga beda-beda, walaupun kata ibuku rasanya biasa saja, tapi bagiku itu sudah cukup. anda bisa memilih mulai dari roti, sereal, bubur nasi, nasi goreng, nasi putih dan makanan indonesia lainnya. secara keseluruhan cukup menyenangkan menginap di hotel santika.",netral,positif,"ada ketel listrik untuk membuat teh atau kopi, beserta segala fasilitasnya."
Makanan,netral -> none,0.791,2834,Agoda,Hotel Santika Depok,1/19/2022,42,floordrain tidak berfungsi. jadi saya harus buka floordrainnya biar airnya tidak menggenang. saya bermalam di unit yang exclusive. hanya dapat buah 3 pcs. penerangan kurang. karpet di ruang family kotor banget sama sofa belum pernah di dryclean kayaknya. selain hal ini nyaman.,netral,none,hanya dapat buah 3 pcs.
Makanan,netral -> none,0.7791,6335,Traveloka,Hotel Santika Bandung,1/16/2019,104,"pelayanan yang berada di hotel kurang tanggap, seperti pergantian seprai dan selimut kamar dimana ketika kami meminta pergantian selimut dan seprai yang seharusnya bisa dilakukan setiap hari namun, hal tersebut tidak bisa dilakukan dikarenakan kamar hotel penuh dan pihak hotel hanya memberi selimut sedang. seharusnya meskipun kamar penuh, pihak hotel bisa menyiapkan porsi selimut dan seprai yang pas untuk para tamu. mengingat kami menginap di hotel santika 4 hari 3 malam dan seharusnya bisa dilakukan pergantian selimut serta sprai. wi-fi hotel juga agak error di hari-hari terakhir kami menginap. wi-fi seharusnya bisa lancar hingga kami check-out. semoga pihak hotel bisa memperbaiki layanan yang ada.",netral,none,pihak hotel bisa menyiapkan porsi selimut dan seprai yang pas untuk para tamu
Makanan,none -> positif,0.7685,2211,Agoda,Hotel Santika Cirebon,7/23/2019,6,"harganya relatif murah, makan pagi bervariasi",none,positif,
Makanan,netral -> negatif,0.7668,2080,Agoda,Hotel Santika Cirebon,12/30/2022,59,"hotel tua yang menempati lahan luas dan lokasi yang strategis. seharusnya bisa mempertahankan ""keklasikan"" hotel santika yang sudah terkenal. sayangnya tidak bisa menjaga itu. sarapan alakadarnya, lokasi seputar kolam tidak terawat, air conditioner tidak dingin, kamar mandi bau, kunci hotel sudah jadul, balkoni depan jendela kotor banget, area deket lift d lobi gelap, terkesan kotor. semoga segera diperbaiki ya",netral,negatif,"sarapan alakadarnya, lokasi seputar kolam tidak terawat"
Makanan,netral -> negatif,0.7583,4807,Tiket,Hotel Santika Mega City Bekasi,4/24/2024,35,"baik banget hotelnya, bersish ya karna santika memang sudah tidak awam untuk hotel bintang mya. namun kami sempat di dtgi sama cheff dan pelayan saat breakfast untuk ditawarkan jd member santika, tapi nyatanya sampai. selengkapnya",netral,negatif,"dtgi sama cheff dan pelayan saat breakfast untuk ditawarkan jd member santika, tapi"
Makanan,none -> positif,0.746,235,Agoda,Hotel Santika Bandung,5/18/2017,44,"hotel ini terletak di jalan riau, jalan it bandung. anda dapat menemukan makanan enak, fashion bagus, kafe bagus dan semua yang anda butuhkan. itu juga dekat jl merdeka yang merupakan salah satu jalan sibuk di bandung yang memiliki beberapa jajanan kaki lima yang enak",none,positif,
Makanan,positif -> netral,0.7343,12,Agoda,Hotel Santika Bandung,2/17/2026,57,"datang hampir jam 10 malam, hotel terlihat sepi tapi begitu turun mobil ada 1 doorman yang langsung menyambut dan membukakan pintu hotel. di lobby 1 concierge standby dan sat set mencari kamar yang kita booking dan melayani permintaan breakfast on the go. besoknya 2 kotak sarapan sudah siap diambil jam setengah 6 pagi sesuai permintaan. terimakasih santika.",positif,netral,2 kotak sarapan sudah siap diambil jam setengah 6 pagi sesuai permintaan
Fasilitas,positif -> netral,0.9902,3258,Agoda,Hotel Santika Tasikmalaya,8/4/2013,34,"saya sangat puas dengan akomodasinya. kamar tidurnya juga nyaman. kamar mandinya juga bersih. kolam renangnya tidak besar, tapi memiliki pesona. udaranya cerah, dan bintang-bintang di langit malam yang dilihat dari kolam renang sangat mengesankan.",positif,netral,"kolam renangnya tidak besar, tapi memiliki pesona"
Fasilitas,negatif -> netral,0.9613,697,Agoda,Hotel Santika Bogor,1/10/2025,49,"lokasinya bagus karena bersebelahan dengan pusat perbelanjaan sehingga tidak perlu jauh-jauh. namun secara keseluruhan fasilitas terasa agak tua, mungkin karena hotelnya sudah tua. stafnya ramah, saya suka lokasinya, dan harganya. juga, ada pembangunan yang sedang berlangsung di sebelah, jadi saya tidur siang, tapi selain kebisingan, saya tidak punya keluhan.",negatif,netral,secara keseluruhan fasilitas terasa agak tua
Fasilitas,none -> negatif,0.9597,1630,Agoda,Hotel Santika Bogor,9/22/2012,56,"kurang mengesankan, untuk harga yang di bayarkan tidak sesuai, hal yang perlu di perbaiki 1. breakfast menu: dikit sekali, dan rasanya kurang enak. saya pernah menginap di santika lainnya tidak seperti ini 2. kamar sempit dan kurang luas 3. kunci kamar tidak bisa mendapatkan 2 4. tidak ada tempat bermain untuk anak-anak secara keseluruhan kurang memuaskan",none,negatif,
Fasilitas,negatif -> netral,0.958,10297,Traveloka,Hotel Santika Depok,1/6/2021,86,"saya bepergian dengan anak-anak jadi saya mencari hotel. di area dengan kolam renang. hasil pencarian menunjukkan akomodasi ini memiliki kolam renang. itulah alasan saya memilihnya. ketika saya mulai check-in, resepsionis memberi tahu saya bahwa kolam ditutup selama pandemi. saya kesal dan anak-anak kecewa. staf dengan tegas mengatakan, ada pengumuman yang sesuai tentang penutupan kolam umum di aplikasi, yang saya anggap sebagai kebohongan sederhana dan saran yang berani bahwa saya tidak cukup berhati-hati dalam proses pemesanan saya, yang sama sekali tidak benar dan sangat mengganggu untuk didengar.",negatif,netral,kolam ditutup selama pandemi
Fasilitas,none -> positif,0.955,10602,Traveloka,Hotel Santika Depok,12/12/2018,43,hotel ini sangat pas untuk liburan bersama keluarga dan pasangan. karena berada satu area dengan mall dan bioskop. sehingga saat selesai berbelanja dan menonton bisa langsung beristirahat di sebelah gedung mall. hotel ini juga memiliki fasilitas dan layanan yang sangat baik bagi pelanggan.,none,positif,
Fasilitas,netral -> negatif,0.9545,1635,Agoda,Hotel Santika Bogor,8/26/2012,42,"terletak di lokasi yang strategis untuk perjalanan dari jakarta, dengan lokasi yang berdampingan dengan botani square menambah kenyamanan dalam liburan. tetapi, fasilitas amenities di kamar mandi sangat minim. cocok untuk tempat menginap keluarga yang melakukan perjalanan ke bogor hanya untuk sekedar jalan2.",netral,negatif,"tetapi, fasilitas amenities di kamar mandi sangat minim."
Fasilitas,positif -> netral,0.9513,5498,Tiket,Hotel Santika Cirebon,4/29/2025,12,area tempat duduk yang nyaman. staf yang ramah. area parkir yang terang.,positif,netral,area parkir yang terang
Fasilitas,none -> negatif,0.9472,10098,Traveloka,Hotel Santika Depok,3/6/2024,27,"untuk kamarnya standar lah, shower-nya mampet, air mengalir sangat kecil, tanpa hairdryer juga. namun, yang bikin kita tidak komplain adalah staff-nya ramah-ramah, makanan saat sarapan semuanya enak.",none,negatif,
Fasilitas,none -> negatif,0.946,2413,Agoda,Hotel Santika Depok,3/23/2025,16,"nyaman, strategis di mall, menawarkan sahur, dan staf ramah, kamar bersih, sayangnya tidak ada kulkas mini.",none,negatif,
Fasilitas,positif -> negatif,0.9434,1136,Agoda,Hotel Santika Bogor,2/16/2013,46,"karena hujan selalu turun di sore hari, kami dapat, di waktu senggang, berbelanja atau makan malam tanpa basah kuyup atau harus mencari taksi dengan panik. sarapannya memuaskan. ruangan itu baik-baik saja hanya saja transmisi televisi sering terputus dan beberapa saluran meskipun ditunjukkan dalam daftar tidak ada",positif,negatif,saja hanya saja transmisi televisi sering terputus dan beberapa saluran meskipun
Fasilitas,none -> positif,0.9431,10160,Traveloka,Hotel Santika Depok,2/22/2023,55,"staycation di hotel santika sangat menyenangkan, kamar bersih, perlengkapan yang ada di kamarpun bersih. ada kolam renang juga. mohon pelayanan di saat sarapan di cafe anjani, ada yang memantau jika ada piring kosong di meja tamu yang sarapan agar dapat diambil. jadi meja tidak penuh dengan piring kosong. terima kasih juga kejutan wedding anniversary kami.",none,positif,
Fasilitas,none -> negatif,0.9412,1064,Agoda,Hotel Santika Bogor,11/5/2014,19,satu malam menginap layanan grup tidak baik! harus menyelesaikannya sebelum kedatangan kamar jika belum siap. kapasitas liftnya tidak baik,none,negatif,
Fasilitas,netral -> negatif,0.9351,6059,Traveloka,Hotel Santika Bandung,8/16/2023,8,perlu pembarauan lagi untuk fasilitas dan akomodasi hotelnya.,netral,negatif,perlu pembarauan lagi untuk fasilitas dan akomodasi hotelnya.
Fasilitas,negatif -> positif,0.9307,8945,Traveloka,Hotel Santika Cirebon,7/24/2024,103,"hotel nya di tengah kota memudahkan akses kalau mau kemana-mana, dan bener loh hotel ini menyediakan fasilitas cuci mobil tiap pagi, staf nya ramah walaupun bangun hotel tua, yang paling homy dan nyaman kolam renang nya rindang dan airnya anget tidak dingin, anak-anak suka berenang di sini yang nungguin juga nyaman duduk di pinggir kolam karena suasana kolam senyaman itu, mungkin yang kurang hanya kebersihan kulkas di dalem kamar ya walaupun kulkas tua tolong di bersihkan dan diperhatikan, kulkas nya agak kurang dingin dan pas dibuka ada hawa kulkas nya yang kurang nyaman, selain itu hotel santika ini bisa jadi pilihan untuk staycation.",negatif,positif,kulkas nya agak kurang dingin dan pas dibuka ada hawa kulkas nya yang kurang nyaman
Fasilitas,positif -> netral,0.9304,1834,Agoda,Hotel Santika Cirebon,2/7/2024,51,"menginap semalam, kamarnya sangat bersih, stafnya cepat tanggap dan sangat ramah. fasilitasnya lengkap dan anda juga bisa meminta fasilitas lain seperti pengering rambut dan staf akan mengirimkannya ke kamar anda. sarapannya enak tapi tidak ada yang luar biasa tentang sarapan. tampilan hotelnya mungkin agak tua tapi secara keseluruhan sepadan dengan harganya.",positif,netral,fasilitasnya lengkap dan anda juga bisa meminta fasilitas
Fasilitas,netral -> positif,0.9286,1115,Agoda,Hotel Santika Bogor,10/10/2013,48,"saya pernah menginap di grup hotel santika di indonesia, seperti malang dan balikpapang. sama seperti hotel lainnya, staf santika bogor terlatih dan ramah. kamarnya sederhana tapi baik untuk menginap. wi-fi berkecepatan tinggi dan cukup stabil. hotel terletak tepat di sebelah pusat perbelanjaan anda bisa mendapatkan semuanya di sana.",netral,positif,wi-fi berkecepatan tinggi dan cukup stabil.
Fasilitas,none -> negatif,0.9236,13606,Traveloka,Hotel Santika Mega City Bekasi,10/26/2016,17,"air conditioner kamar kurang dingin di 620, saya pesan kamar deluxe! tapi itu deluxe atau superior ya?",none,negatif,
Fasilitas,netral -> negatif,0.9211,2860,Agoda,Hotel Santika Depok,3/22/2017,89,"lokasi di mall dengan banyak pilihan restoran bahkan departemen store. air minum yang disediakan lebih banyak dari standar hotel lain, yaitu 4 botol dengan ukuran sedang. kenyamanan tidur sangat memuaskan dengan bed yang sangat nyaman dan 2 bantal yang nyaman di masing masing bed (twin). kondisi kamar sangat bersih dan fasilitas kamar mandi juga lengkap. yang cukup mengganggu adalah suhu air shower yang sangat tidak stabil, panas dingin bergantian. namun yang paling mengecewakan untuk kami adalah fasilitas wi-fi yang amat sangat lambat, bahkan tidak bisa kami gunakan sama sekali.",netral,negatif,fasilitas kamar mandi juga lengkap. fasilitas wi-fi yang amat sangat lambat
Fasilitas,netral -> positif,0.9207,4486,Tiket,Hotel Santika Mega City Bekasi,7/8/2024,10,akses mudah ke tempat-tempat terkenal. parkir nyaman. suasana kolam tenang.,netral,positif,parkir nyaman.
Fasilitas,positif -> negatif,0.9184,1808,Agoda,Hotel Santika Cirebon,9/11/2024,13,"mudah untuk mendapatkan makanan, kolam renang harus lebih dibersihkan, taman harus lebih bersih.",positif,negatif,"mudah untuk mendapatkan makanan, kolam renang harus lebih dibersihkan, taman harus lebih bersih."
Fasilitas,none -> positif,0.9151,8936,Traveloka,Hotel Santika Cirebon,10/2/2024,11,staf sangat ramah dan membantu. fasilitas untuk kursi roda tersedia. recommended.,none,positif,
Fasilitas,positif -> negatif,0.9147,1783,Agoda,Hotel Santika Cirebon,3/31/2025,7,service bagus banget tapi fasilitas perlu peremajaan,positif,negatif,service bagus banget tapi fasilitas perlu peremajaan
Fasilitas,none -> negatif,0.9115,7823,Traveloka,Hotel Santika Bogor,12/30/2020,164,"review dikit menginap disana. pegawai ramah semua. check-in dan check-out cepat. kamar sama kaya di gambar. minta request jendela dengan view dikasih. complimentary kamar free. air conditioner dingin. water heater dan exhaush fan baik. malam hari saya minta tolong pihak dapur untuk hangat makanan dilayani dengan baik dan cepat, sedikit saran, tempat sampah dikamar dan dikamar mandi kalau bisa bukanya yang di tekan pake kaki, gang yang tutupnya bisa di copot gt soalnya jadi dimaenin anak yang belum paham kalau itu tempat sampah. terus untuk kamar mandinya tidak ada sabun cair untuk cuci tangan, dikasihnya malah yang batang. agak repot ya. ini hotelnya tempel banget sama botani, karena covid, bayi gabisa masuk sana. tapi nyari makan banyak, bisa gojek dan enak-enak ko. parkiran juga gabung sama mal. buat yang menginap disana jangan lupa tiket parkirnya distempel sama pihak hotel biar free. untuk breakfast kurang variatif menunya, apalagi untuk rotinya, dikit banget. tidak ada roti tawar dan selai. overall baik ko. 8/10. terima kasih ya.",none,negatif,
Fasilitas,netral -> negatif,0.9111,5076,Tiket,Hotel Santika Mega City Bekasi,12/12/2021,27,"bagus place for stay, sayangnya pas stay ada acara nikahan jadi lumayan ganggu sampai ke kamar. lt 10 water heater tidak panas + shower cuma nyata sebagian",netral,negatif,lt 10 water heater tidak panas + shower cuma nyata sebagian
Fasilitas,positif -> netral,0.8982,4235,Tiket,Hotel Santika Mega City Bekasi,12/4/2025,14,kamar bersih dan terawat dengan baik. parkir terang. fasilitas modern. staf ahli dan ramah.,positif,netral,fasilitas modern. staf ahli dan ramah
Fasilitas,netral -> none,0.8945,1607,Agoda,Hotel Santika Bogor,2/9/2013,111,"datang kedua kalinya ke santika, saya dan keluarga memang tiba terlalu awal (jam 09: 00) dibandingkan jam check in. front desk menyatakan jam check in jam 14: 00. saya dan keluarga (dengan dua ana kecil) akhirnya memustuskan jalan-jalan ke mall dan kebun raya sembari berpesan untuk dihubungi jika kamar sudah siap. hal yang sangat disesalkan ialah seolah-olah front desk meminta untuk check in jam 14: 00 meski kamar sudah siap. ya memang aturan hotel sih. cman saya berkali-kali nginap di berbagai hotel, mereka tidak keberatan sama sekali untuk early check in kalau memang kamar available. secara overall, tinggal di santika cukup nyaman. fasilitas kamar, shower, menu breakfast cukup membuat kami betah.",netral,none,"fasilitas kamar, shower, menu breakfast cukup membuat kami betah."
Fasilitas,none -> negatif,0.8931,7837,Traveloka,Hotel Santika Bogor,11/11/2020,19,"pas cek in kunci kamar tidak bisa di buka, jadi kami harus menunggu lama untuk mengganti kartu kunci nya",none,negatif,
Fasilitas,none -> negatif,0.8918,2834,Agoda,Hotel Santika Depok,1/19/2022,42,floordrain tidak berfungsi. jadi saya harus buka floordrainnya biar airnya tidak menggenang. saya bermalam di unit yang exclusive. hanya dapat buah 3 pcs. penerangan kurang. karpet di ruang family kotor banget sama sofa belum pernah di dryclean kayaknya. selain hal ini nyaman.,none,negatif,
Fasilitas,negatif -> netral,0.8885,7794,Traveloka,Hotel Santika Bogor,5/5/2021,67,"awalnya agak gambling pilih hotel ini karena baca-baca review orang-orang yang kecewa dengan pelayanannya, namun alhamdulillah kemarin saya menginap di sini pilih kamar deluxe queen sesuai ekspektasi, dapat queen bed, non smoking, tidak ada masalah dengan fasilitas hotel, hanya saja mencari parkiran mobil agak tricky, saya sampai 2x keluar masuk mall botani square, akhirnya pilih parkir di halaman depan botani square, karena lebih dekat ke lobby hotel",negatif,netral,mencari parkiran mobil agak tricky
Fasilitas,netral -> positif,0.8735,5805,Tiket,Hotel Santika Tasikmalaya,4/16/2026,15,kualitas layanan terbaik. hidangan yang disajikan lezat. suasana ramah. dekat dengan pusat hiburan. parkir aman.,netral,positif,parkir aman.
Fasilitas,netral -> positif,0.8692,5319,Tiket,Hotel Santika Bogor,4/25/2024,9,kamar terjaga dengan baik. keamanan terjamin. parkir bebas hambatan.,netral,positif,parkir bebas hambatan.
Fasilitas,netral -> positif,0.869,2366,Agoda,Hotel Santika Cirebon,3/16/2012,19,hotel nya bersih dan nyaman serta kolam renang besar dan bersih dan kamar nya besar dan harga nya terjangkau,netral,positif,hotel nya bersih dan nyaman serta kolam renang besar dan bersih dan kamar nya besar dan harga
Fasilitas,positif -> negatif,0.8683,4180,Tiket,Hotel Santika Mega City Bekasi,4/8/2026,18,"sayang banget budget hotel 500rb tapi bukan smart televisi but overall baik, makanan juga enak bingit. thankyou santika",positif,negatif,"hotel 500rb tapi bukan smart televisi but overall baik, makanan juga enak bingit"
Fasilitas,netral -> negatif,0.867,668,Agoda,Hotel Santika Bandung,5/26/2012,80,"lokasi hotel yang strategis, dilalui taksi dan angkutan kota berbagai jurusan dan dikelilingi mal, pertokoan dan ""factory outlets"" serta dekat dengan berbagai sekolah dan perguruan tinggi. meskipun ukuran hotel tidak luas tapi cukup nyaman. kekurangannya yaitu lobby kecil sehingga tempat duduk sedikit. juga tidak tersedia ""hair dryer"" di kamar meskipun sebelumnya saya baca di internet bahwa di kamar tersedia hair dryer. yang membuat saya lebih senang adalah saat itu kamar saya di-upgrade ke tipe yang lebih tinggi meskipun tidak diminta.",netral,negatif,kekurangannya yaitu lobby kecil sehingga tempat duduk sedikit.
Fasilitas,netral -> negatif,0.8605,6818,Traveloka,Hotel Santika Bandung,12/28/2016,9,kamar dan lift yang mulai termakan zaman. kurang nyaman,netral,negatif,kamar dan lift yang mulai termakan zaman.
Fasilitas,positif -> netral,0.8589,6158,Traveloka,Hotel Santika Bandung,10/27/2021,7,"proses cek in mudah, fasilitas biasa saja.",positif,netral,"proses cek in mudah, fasilitas biasa saja."
Fasilitas,none -> negatif,0.8444,5719,Tiket,Hotel Santika Cirebon,4/21/2019,13,"lokasi strstegis, makan pagi baik, cuma air panas kurang dan shower kurang kencang.",none,negatif,
Fasilitas,netral -> negatif,0.8439,4782,Tiket,Hotel Santika Mega City Bekasi,1/13/2019,32,"pengalaman yang memuaskan, kamar agak sempit sii hehehe, cuma bersih banget dan untuk saluran televisi nya banyak semutnya, tapi hampir semua baik sii, dari pelayanan receptions nya yang ramah tamah. okonya bagus",netral,negatif,"bersih banget dan untuk saluran televisi nya banyak semutnya, tapi hampir semua baik sii"
Fasilitas,negatif -> none,0.8354,14244,Traveloka,Hotel Santika Tasikmalaya,3/7/2018,20,"service baik. kurang di kebersihan kamar mandi, banyak kerak dan shower juga sudah karatan. untuk sekelas santika harusnya lebih baik.",negatif,none,shower sudah karatan
Fasilitas,netral -> negatif,0.8325,1385,Agoda,Hotel Santika Bogor,4/12/2024,19,"hotel bersih dan nyaman, overall baik banget, hanya parkir kendaraan yang kurang baik karena kalau keluar cari2 petugasnya dulu",netral,negatif,"overall baik banget, hanya parkir kendaraan yang kurang baik karena kalau keluar"
