ID_Review,Platform,Nama_Hotel,Review_Date,review_word_len,review_char_len,num_present_aspects,Text_Review,Lokasi,Kenyamanan,Pelayanan,Kebersihan,Harga,Makanan,Fasilitas
3441,Agoda,Hotel Santika Tasikmalaya,12/27/2014,249,1640,7,"kami check in hampir jam 12 malam dengan 3 kamar pada tgl 24 dec, kartu kamar hny diberikan 1. saya meminta supaya diberikan 2 kartu/ kamar karena agak susah kalau hanya 1 untuk mobilisasinya. awalnya tidak bisa diberikan 2 kartu untuk semua kamar, akhirmya setelah sedikit penjelasan baru diberikan 2 kartu/ kamar dengan catatan kalau hilang harus mengganti 50 rb/ kartu. begitu sampai di kamar ternyata untuk kamar superior tidak ada kulkas, mungkin untuk masukan boleh tolong di sebutkan di agoda untuk kamar superior tidak tersedia kulkas supaya bisa dijadikan bahan pertimbangan sblm memesan, terutama jika bepergian dengan membawa obat/ menyimpan susu untuk anak2. karena begitu saya cek kembali spec kamar di agoda, kamar superior dan deluxe memang tidak disebutkan ada kulkas, hanya dari family room ke atas yang ada complimentary kulkas. pada kenyataannya kamar deluxe terdapat kulkas, hanya superior yang tidak ada. sedangkan untuk harga kamar yang saya bayarkan di santika tidak berbeda jauh dengan hotel bintang 4 dan 5 yang saya singgahi di semarang dan jogja beberapa hari sebelumnya. untuk kebersihan kamar, begitu check in tengah malam, saya terpaksa meminta house keeping untuk mengganti bed cover, sprei, dan sarung bantal karena kotor dan berbau kurang sedap. kebersihan kamar mandi juga perlu sedikit diperhatikan, overall bersih hanya di pojokan antar dinding terdapat sedikit hitam2 mungkin karena lumut. untuk breakfast, makanannya so far enak2. anak2 suka dengan poffertjes dan puddingnya, terlebih lagi disediakan tutut yang sudah agak langka sekarang ini. kolaknya juga enak dengan rasa gula merah/aren yang wangi.",negatif,netral,netral,negatif,netral,positif,negatif
2649,Agoda,Hotel Santika Depok,5/14/2014,205,1316,7,"ini pasti hotel terbaik di depok. walaupun mungkin kamar tidurnya paling kecil dibandingkan hotel santika lainnya. bagi saya ini adalah amaris dengan fasilitas lebih banyak dan desain interior mungkin lebih baik. tapi menjadi santika, banyak sekali kelebihannya. hotel ini terletak di jalan margonda, lokasi sentral di depok. hanya berjarak sekitar 20 menit berjalan kaki dari stasiun kereta api depok baru. letaknya di belakang d mall; salah satu mall di depok. banyak restoran di mal. hotel ini berbagi gedung lantai 27 dengan margonda residence; sebuah apartemen. dari pintu masuk di lantai satu yang menghubungkan dengan pintu golden truly di mal, tamu naik lift ke lantai 3 tempat lobi dan restoran berada. saya pikir lantai 2 dan 3 adalah ruang pertemuan. lantai 5 terdapat pusat kebugaran plus kolam renang. dan kamar tidur terletak di lantai paling atas; lantai 25-27. saya menginap di kamar superior yang sangat kecil. namun anda memiliki semua yang anda butuhkan di kamar, termasuk brankas, televisi layar datar, dan wi-fi gratis. saya rasa anda tidak dapat menambahkan tempat tidur tambahan di ukuran kamar ini. kamarnya bersih dan modern. sarapan prasmanan sangat enak. dan para stafnya profesional dan hangat. jika saya harus kembali ke depok dan bermalam, ini pasti pilihan hotel pertama saya di depok.",positif,negatif,positif,positif,positif,positif,positif
6261,Traveloka,Hotel Santika Bandung,12/4/2019,186,1291,7,"saya memesan santika karena kelihatannya bagus di foto, tapi sayangnya, ini cukup menipu. santika terletak di sebuah bangunan tua, dengan fasilitas tua. tapi saya tidak menyalahkan mereka, itu terjadi pada sebagian besar pemesanan hotel. dari segi lokasi, saya suka bahwa santika sangat dekat dengan semua tempat makanan yang ingin saya kunjungi. sarapan adalah baik-baik saja, tidak ada yang istimewa tapi tidak ada yang buruk. kamar bersih dan cukup biasa. apa yang saya sukai tentang ruangan adalah bahwa ketika anda mengeluarkan kunci kartu dari slotnya, listrik segera padam, tanpa penundaan, dan tidak dapat dijangkau dari pintu. sekali lagi, ini bisa dimengerti karena ini adalah fasilitas lama, tetapi mereka setidaknya bisa memperbarui sistem ini karena agak menjengkelkan untuk keluar dalam kegelapan. secara keseluruhan, saya pikir staf sangat ramah dan membantu, yang merupakan nilai tambah dari hotel ini. jika anda mencari hotel yang terjangkau, saya akan merekomendasikan santika, tetapi sedikit menurunkan harapan anda. saya mengharapkan lebih banyak fasilitas modern melihat foto-foto itu, jadi saya tidak puas. tetapi jika saya mengharapkan bangunan tua dengan fasilitas lama, saya akan mengatakan santika pantas 4/5 karena masih terawat dengan baik untuk usia bangunannya.",positif,netral,positif,positif,positif,netral,netral
2962,Agoda,Hotel Santika Tasikmalaya,1/2/2025,185,1352,7,"saya baru-baru ini menginap di hotel santika tasikmalaya bersama keluarga saya, dan itu adalah pengalaman yang benar-benar menyenangkan. dari saat kami tiba, keramahtamahan staf terlihat jelas. mereka menyambut kami dengan hangat dan memastikan bahwa semua kebutuhan kami dipenuhi dengan senyuman. ruangannya luas, bersih, dan terawat, sehingga sangat nyaman untuk sekeluarga. tempat tidurnya nyaman, dan fasilitas yang disediakan lebih dari cukup untuk masa menginap kami. kami sangat menghargai sentuhan penuh perhatian, seperti air kemasan gratis dan pilihan teh dan kopi di kamar. salah satu hal menarik dari kunjungan kami adalah sarapan prasmanan. variasi hidangan yang tersedia, mulai dari masakan tradisional sunda hingga pilihan masakan barat yang lebih familiar, sungguh mengesankan. semuanya baru disiapkan dan lezat. anak-anak saya sangat menyukai pilihan kue-kue dan jus segar! lokasi hotel sangat strategis, tepat di jantung kota tasikmalaya, sehingga nyaman untuk menjelajahi kota. kami juga menikmati fasilitas hotel, terutama kolam renangnya yang bersih dan terawat - cocok untuk bersantai bersama keluarga di sore hari. secara keseluruhan, hotel santika tasikmalaya adalah pilihan yang fantastis untuk keluarga. kami pergi dengan kenangan indah dan pasti akan kembali pada kunjungan berikutnya ke tasikmalaya. sangat direkomendasikan!",positif,positif,positif,positif,positif,positif,positif
12327,Traveloka,Hotel Santika Mega City Bekasi,11/27/2019,162,958,7,"baru pertama nginep di santika mega, karna biasanya cekin di santika harapan indah pas kebetulan di sana full, sampe sana di sambut staf reseps nya laki2 yang kurang ramah, tidak di infokan akses kamar nya jadi bingung ternyata lift hotel ada di belakang, di bikin muter2 pas turun baru di jelasin, kamar nya bersih, cuman kurang luas tidak kaya santika lain, selimut nya tidak tau bahan apa gaenak di pake berisik kresek kresek tidak kaya hotel biasanya, pintu balkon tidak boleh di buka. tidak guna juga dong ada balkon nya, breakfast rasa standart, menu standart, pool nya tidak bgitu luas, dab cenderung bahaya sih karna posisi tingkat naik tangga gitu, dan tidak ada kulkas nya dong, tidak setara sama harga, closet juga kurang nyaman, kamar mandi transparan keliatan dari kamar tidak nyaman, tidak di info juga parkiran nya tau2 di bawah di tagih biaya parkir 83rb enak nya cuman akses ke mall giant mega deket banget nyari makan enak tidak perlu jauh2",positif,negatif,negatif,positif,negatif,netral,negatif
605,Agoda,Hotel Santika Bandung,7/8/2014,147,988,7,"hotel tua dengan design kamar yang sudah usang, butuh renovasi. kamar mandi cukup bersih, air panas menyala dengan baik. televisi layarnya terlalu kecil, tempat tidur besar namun sudah tidak begitu nyaman. air conditioner berfungsi dengan baik. free wi-fi di dalam kamar dengan koneksi yang bagus. breakfast perlu ditingkatkan baik keragaman, kualitas rasa dan pelayanannya. jika anda ingin tinggal di hotel ini, saya sarankan bangun lebih pagi untuk sarapan supaya tidak kehabisan. saya makan bubur ayam hanya dengan cakue dan telur karena pelengkap lainnya habis dan tidak diisi kembali. pelayannya sangat sedikit dan semua terlihat sibuk sekali sehingga susah untuk dimintai tolong. bahkan saya tidak ditawarkan teh/kopi sama sekali. namun lokasi hotel ini strategis sekali bagi tamu yang fokusnya ingin shopping ke factory outlat, karena banyak fo bagus di sepanjang jalan riau dan bisa ditempuh dengan berjalan kaki saja, tidak perlu berurusan dengan kemacetan dan susah cari parkir.",positif,netral,negatif,positif,positif,negatif,netral
5961,Traveloka,Hotel Santika Bandung,8/20/2025,129,841,7,"pesan hotel ini sudah last minute banget karena tidak kepikiran akan extend. eh, ternyata lokasinya dekeet venue acara kerjaan. alhamdulillah takdir allah tidak ada yang buruk! walaupun dapatnya dengan harga lumayan karena pesan pas weekend santika pasti bagus tidak sih soalnya hotel sudah senior mereka pasti juga sudah improve dengan perkembangan zaman lokasi hotelnya strategis, staf ramah-ramah dan helpful, padahal aku mode backpacker tapi mau bawain tas aku yang tidak seberapa itu kamar baik, bersih tidak bau tidak kotor, tapi tidak kedap suara, wi-fi kenceng, kamar mandi baik, air panas berfungsi tapi tidak ada hair dryer sarapan aku suka! banyak variasi dan enaak! oya, ada kids activity juga masak-masak apa hias cupcakes lupa, pokoknya buat ayah bunda yang bawa anak bisa ikutan. overall, it's bagus and recommended for staay!",positif,positif,positif,netral,netral,positif,netral
5631,Tiket,Hotel Santika Cirebon,9/28/2021,123,780,7,"hotel yang kental dengan nuansa jawa, masih sangat terawat dan bersih, masuk lobby langsung adem nyes. lokasi strategis ada di pusat kota, naik grab ke nasi jamblang mang dul cuma 40 rupiah pulang pergi saking deketnya tapi ku malas jalan karena cirebon panas kaya di padang mahsyar. staf ramah, proses check in mudah dan cepat, jangan lupa siapin kartu vaksin atau aplikasi pedulilindungi. sarapan kurang banyak variasinya tapi rasanya enak, sudah bawa tupperware mau bungkus rolade tahu sama kari ayam, tapi malu soalnya tidak bisa ambil sendiri kamarnya luas bisa kalau mau nanggap reog, ada kulkas tapi sayang tidak ada hairdryer. kolam renang airnya hangat jadi bisa berenang sampai malam. recommended, mau nginep sini lagi kalau dikasih voucher menginap gratis, yuk bisa yuk",positif,positif,positif,positif,positif,netral,netral
7774,Traveloka,Hotel Santika Bogor,6/2/2021,110,638,7,"over price tapi boleh lah. range harga 600 - 700 ribuan dengan desain kamar dan peralatan kamar yang (maaf) tidak melebihi hotel dengan range harga 300 - 400 ribuan. plus (+): - fo dan security yang humble, komunikatif dan rensponsif. - masih dalam lingkup mall botani dan pool damri. - ada kolam renang. - kamar nya cukup redam suara dan bersih. minus (-): - over price. - access card cuma di kasih 1 buah (alasan karena stock access card terbatas)- air conditioner kamar berbunyi seperti korslet, seperti nya harus di service. - harga segitu, tidak ada hair dryer. - menu sarapan monoton, 4 hari menginap, sarapan dengan menu yang sama.",positif,positif,positif,positif,negatif,negatif,negatif
2784,Agoda,Hotel Santika Depok,2/12/2024,105,652,7,"kamarnya lumayan nyaman tapi kurang besar, ada sedikit debu yang kelihatan mata, kurang terawat, air conditioner televisi standar sudah agak jadul. menu sarapan gratis tapi hanya berlaku 2 orang, jadi anak2 harus bayar lagi untuk sarapan, tapi untuk menu sarapan nya saya akui enak2, staf2 nya ramah2, mungkin yang perlu ditingkatkan fasilitas hotel nya dirawat dan dijaga kebersihannya. dan plus nya bisa langsung ke mall untuk jajan solaria, icihban ramen, dan es cream, dan kopi di oti o, ( dan sport warehouse, lumayan ada diskonan sepatu anak hehe. ). . tapi sayang nya brend pakaian beberapa sudah tidak ada dmall jadi tidak bisa belanja pakaian.",positif,netral,positif,negatif,positif,positif,negatif
49,Agoda,Hotel Santika Bandung,7/8/2025,103,727,7,"hotel tua tapi nyaman untuk ditinggali. terasa homey, lobi dan restorannya bikin betah. terdapat fasilitas sepeda gratis. saya pakai bersama kedua anak saya untuk jalan-jalan keliling, mengunjungi sate dan factory outlet terdekat, jalan-jalan. nyaman dan strategis. sarapannya biasa saja, dengan pilihan makanan tradisional yang cukup lengkap. tersedia bakery, snack gurih, kopi mesin espresso, bubur ketan, mie, dan salad lengkap. kamarnya bersih dan tvnya baik, besar. kita seharusnya tinggal di sini selama 2 malam. dekat dengan supermarket, martadinata. cocok untuk nongkrong, bip. lain kali kami akan kembali ke sini lagi. kebetulan harganya murah di hari biasa. weekend masih standar. terima kasih santika. stafnya ramah.",positif,positif,positif,positif,positif,netral,positif
548,Agoda,Hotel Santika Bandung,6/19/2017,94,658,7,"walau hanya menghabiskan dua hari dan satu malam di santika bandung, saya mendapat pengalaman yang memuaskan. konsep desain bangunan yang terbuka membuat angin sejuk berhembus dari lobby, restoran sampai lorong-lorong depan kamar. berjalan-jalan di dalam dan sekitran lobby saat siang atau malam begitu sejuk. banyak sekali tempat nongkrong, jajanan sampai restaurant di sekitar lokasi hotel. restoran nyaman dengan begitu banyak pilihan untuk sarapan. harga room service pun tidak terlalu mengila. kolam renang bersih, jernih, besar dan dalam. ada petugas di area kolam renang. kamar deluxe king bersih, walau terasa tua. untuk keluarga, rekomendasi tinggi!",netral,positif,netral,positif,netral,positif,positif
4053,Tiket,Hotel Santika Bandung,4/25/2018,89,579,7,"lokasi hotel ini juara, dekat ke jalan riau/dago bawah kalau mau jalan-jalan ke fo, mau ke mall tinggal nyeberang ke bandung indah plaza. pas saat kedatangan, disambut concierge sigap membawakan tas, pelayanan cek in cepat, kondisi kamar bagus, spt habis di renov, televisi lcd, ada kulkas mini, shower berfungsi, wifii juga kenceng di kamar. untuk sarapan khas santika, menu lengkap ada tradisional/modern. parkir mobil ada di basment, topnya lagi mobil dicuci bersih gratis, jadi pagi nya kalau mau jalan-jalan mobil sudah kinclong. boleh jadi pilihan kalau menginap di bandung",positif,positif,positif,positif,positif,positif,positif
1272,Agoda,Hotel Santika Bogor,5/25/2011,84,577,7,hotel ini berada di lokasi yang sangat bagus. berwisata menginap nyaman karena bersebelahan dengan terminal bus damri yang merupakan layanan bus langsung dari bandara jakarta. lihat saja ke atas dan anda akan melihat tanda nama hotel. jaraknya sangat dekat dengan berjalan kaki. dan hotelnya bersebelahan dengan pusat perbelanjaan botani square. makanan dan makan bisa dipilih sesuai keinginan. hotel atau kamarnya sendiri bersih. ada wi-fi gratis untuk digunakan. tapi saya tidak mencoba sarapan karena bangun kesiangan. _! tidak apa-apa untuk kunjungan pertama saya di bogor.,netral,positif,netral,positif,positif,netral,positif
10122,Traveloka,Hotel Santika Depok,11/1/2023,80,544,7,"kami mendapatkan pengalaman menginap yang luar biasa bersama santika depok. anak-anak kami sangat senang. dan saat ini sedang berpikir untuk kembali lagi untuk perjalanan kami berikutnya ke indonesia. + lokasi bagus, harga terjangkau, kolam renang bagus, sarapan enak, tempat tidur super nyaman, pemandangan epik dari lv 27, staf sangat ramah, sopan dan penuh hormat, kamar mandi layak, kamar tidur bersih, properti ini memiliki koneksi langsung ke mal sehingga sangat nyaman bagi kami. keseluruhan: luar biasa! terima kasih banyak! -tidak ada.",positif,positif,positif,positif,positif,positif,positif
121,Agoda,Hotel Santika Bandung,6/1/2024,74,492,7,"(+) hotel sudah terlihat tua namun terkesan vintage karena fasilitas yang masih mumpuni, kebersihan baik, staf yang sangat ramah membantu, pilihan breakfast yang cukup beragam enak, lokasi pun sangat trategis namun tidak bising. high value for money, menurut saya rate murah namun bisa dapat fasilitas pelayanan yang cukup mewah. (-) timing menginap kurang pas, karena lift sedang rusak diperbaiki. jadi harus naik tangga darurat dari basement. definitely will come back when i visit bandung.",positif,positif,positif,positif,positif,positif,negatif
339,Agoda,Hotel Santika Bandung,10/11/2013,65,454,7,"secara keseluruhan pengalaman menginap ini menyenangkan, satu-satunya kekurangan adalah waktu check-out yang terlambat. saya diberitahu bahwa waktu checkout adalah jam 2 siang, tetapi kamar belum siap sampai sekitar jam 14. 30 kamarnya bersih, nyaman dengan internet gratis dengan koneksi yang baik. pilihan sarapannya enak, dan hotelnya terletak di pusat kota. saya akan tinggal di sana lagi dan akan merekomendasikan hotel ini kepada teman dan keluarga",positif,positif,netral,positif,positif,positif,positif
4055,Tiket,Hotel Santika Bandung,8/28/2017,64,436,7,"dengan harga yang reasonable, saya rasa hotel ini mempunyai semua yang saya butuhkan. akses yang mudah kemana-mana, kamar hotel yang nyaman dan bersih, serta fasilitas hiburan yang cukup memadai. pelayanan juga lumayan bagus. dan terlebih lagi mempunyai fasilitas dan pelayanan dengan standart yang sama, jadi tidak terlalu asing dengan cabangnya di kota lain karena saya sendiri sangat sering traveling dan selalu menginap di santika. ",positif,positif,positif,positif,positif,netral,netral
5380,Tiket,Hotel Santika Bogor,4/27/2022,59,372,7,"lokasi strategis di jalan utama dan terkoneksi dengan mall botani square, menu sahur enak namun kurang variasi dan porsinya. staf hotel ramah, kamar deluxe luas, bersih dan wi-fi kencang. terima kasih diberikan free early check-in sebelum jam 2 siang. sudah ada cap hotel di karcis parkir, namun tetap ditagih oleh petugas loket mall botani, dengan alasan sudah di enter. ",positif,positif,positif,positif,positif,netral,positif
92,Agoda,Hotel Santika Bandung,11/5/2024,48,325,7,"pelayanan ramah dan fast respon jika butuh sesuatu, fasilitas lengkap, sarapan juga baik, hanya kebersihan fasilitas umum dan kamar mandi yang perlu lebih diperhatikan, next insya allah saya akan memilih tempat ini lagi dan mungkin di lokasi lain saya akan memilih santika, harga bersahabat, pelayanan dan fasilitasnya bagus.",netral,netral,positif,negatif,positif,positif,positif
3828,Tiket,Hotel Santika Bandung,3/25/2019,26,187,7,kamar dan makanan baik kualitasnya. kolam renang cukup bersih. harga sesuai dengan kualitas. lokasi strategis. resepsionis dapat memberikan referensi tempat makan di luar hotwl yang baik.,positif,positif,positif,positif,positif,positif,netral
6150,Traveloka,Hotel Santika Bandung,11/24/2021,25,163,7,"check in cepat mudah tanpa deposit. kamar bersih, cukup luas, dan rapi. breakfast standar seperti hotel lainnya. lokasi strategis. pool kecil, berada di lantai. 1.",positif,positif,positif,positif,negatif,netral,netral
6262,Traveloka,Hotel Santika Bandung,12/4/2019,627,4059,6,"kamarnya bagus. jika saya perlu berkomentar tentang tidak ada rak handuk di kamar mandi (biasanya dipasang di atas toilet / wc di mana rumah tangga biasanya menyimpan handuk bersih dan terlipat di sana, saya pikir ini lebih baik daripada menggantung handuk bersih di pintu kamar mandi), tapi semuanya baik. bukan masalah besar. inilah kisah saya (tidak terkait dengan rak handuk). saya memesan 2 jenis kamar. kamar eksekutif melalui traveloka dan kamar deluxe melalui tur saya. pengalaman check in tidak memuaskan saya. sebelum kedatangan saya, saya melakukan 2 kali kontak ke tim kantor depan untuk membantu permintaan saya untuk kedua kamar yang saya pesan untuk ditempatkan di lantai yang sama. karena saya bepergian dengan keluarga, kamar kedua adalah untuk ibu saya, bayi saya yang berumur 7 bulan, dan pengasuhnya. saya perlu (tentu saja) dekat dengan mereka. panggilan pertama yang saya lakukan pada hari sebelumnya dan panggilan kedua yang saya lakukan pada malam sebelum kedatangan saya, untuk memastikan permintaan dan pengaturan saya diatur dengan baik. saya lupa nama staf yang menerima telepon saya. panggilan pertama saya diterima oleh staf wanita, dan panggilan kedua saya diterima oleh staf pria. keduanya adalah staf kantor depan. staf laki-laki bahkan memberikan solusi untuk meletakkan kamar saya tidak hanya di lantai yang sama tetapi juga menghubungkan. jujur saya merasa baik sejauh ini. saya tiba jam 13. 30. saya datang ke meja depan dan tidak ada kamar saya yang siap. lebih buruk lagi, ternyata mereka meletakkan kamar saya di lantai yang berbeda. lantai 1 dan 3. (? ) saya kemudian memberi tahu mereka bahwa ini telah diminta 2 kali dan saya bahkan memastikan pada malam sebelumnya. mereka dengan tegas meminta mereka untuk meletakkan kamar saya di lantai yang sama dan paling tidak saling berdekatan. di sini saya mempertanyakan di mana kamar terhubung yang disarankan oleh staf laki-laki pada malam sebelumnya (? ), mengapa anda melanggar apa yang anda sarankan? memahami bahwa waktu check-in adalah pukul 14. 00 tetapi 3 tamu check-in dengan mudah setelah saya, mendapatkan kamar mereka langsung. ketika saya bertanya lagi ke fo, dia mengatakan kamar saya belum siap karena saya meminta untuk mengubah kamar berada di lantai yang sama. (? ) saya kemudian memberi tahu mereka lagi bahwa saya telah memintanya lebih awal. saya memastikan sendiri pada malam sebelumnya. dan seorang wanita di meja depan memberi tahu saya bahwa ketika pengaturan telah dibuat, tim rumah tangga sedang istirahat sholat jumat. (? ) saya tidak begitu mengerti jawaban (atau alasan) apa yang dia coba jelaskan kepada saya, masih saya harus menunggu sekitar 20-30 menit untuk menyiapkan kamar saya. setelah kamar siap, mereka hanya memberi saya 1 kartu kunci untuk setiap kamar. ketika saya meminta kartu kedua, mereka meminta deposit. pada malam hari, ketika saya akan pergi keluar, saya datang ke staf laki-laki di meja depan, bertanya mengapa kami hanya mendapat 1 kartu kunci dan dia menjawab karena kamar hotel penuh dan ditempati (? ). jawaban (atau alasan) lain yang benar-benar di luar dugaan saya karena santika hotel group. anda tidak memiliki cukup kartu kunci? bagaimana anda menangani hunian penuh pada pemesanan akhir pekan grup / keluarga sebelumnya? atau apakah ini adalah rumah penuh akhir pekan pertama anda yang baru saja anda alami sepanjang waktu hotel anda beroperasi? kamar untuk 2 orang, ini adalah standar. anda lebih baik memberikan 2 kartu kunci untuk setiap penghuni. itu saran. sebagai tamu, saya perlu alasan untuk memberikan penjelasan. selama penjelasannya bisa dimengerti dan logis, saya tidak akan menulis kata-kata yang panjang dan panjang ini. saya kemudian mengembalikannya kepada anda, manajemen santika sayang, apa yang akan anda lakukan jika anda berada di posisi saya? saya pikir layanan semacam ini perlu ditingkatkan. di atas segalanya, saya dapat memuji kesopanan staf anda meskipun mereka mungkin tidak memberikan penjelasan secara rasional. secara keseluruhan, saya menginap 2 malam di samping pengalaman itu.",positif,netral,positif,positif,negatif,none,netral
2172,Agoda,Hotel Santika Cirebon,9/1/2022,305,1991,6,"secara keseluruhan ketika menginap di hotel santika cirebon sangat menyenangkan terutama untuk anak saya, dia sangat menikmati sekali hotelnya. mulai dari pertama kali datang (padahal posisi sudah malam sekitar jam 21. 30 wib) saya dibantu sekali bawaan barang oleh security didepan dan diarahkan untuk parkir mobil saya yang tidak begitu jauh dari lobby. kemudian proses check in yang ramah dari staf front desk tetapi hanya saja untuk area lobby anak dan istri saya mendapati di gigit nyamuk ya mungkin karena area lobby nya termasuk semi outdoor, dan kemudian dibantu diarahkan ke kamar dan dibawakan barang oleh security tadi sampai kekamar (meskipun harus dibantu security tadi untuk buka access pintu kamar karena modelnya agak old style). ketika masuk kekamar kondisi kamar untuk hotel lama termasuk masih terawat dengan baik terutama dari aroma kamar yang tidak sumpek atau apek, ya meskipun beberapa spot memang harus ada treatment, untuk view kebetulan saya mendapatkan pool view (nice anak saya suka). kemudian saya memesan room service, ya meskipun alternatif menu yang tersedia terbatas tetapi untuk kecepatan dan ketepatan menu yang dipesan baik dan untuk rasa masih acceptable dan lagi lagi anak saya suka. dan ketika masuk ke area kamar mandi dan saya membuka pintu lemari saya mendapati ada 2 nyamuk yang terbang yang untungnya 2 nyamuk itu tidak sampai mengganggu kenyamanan. untuk area kamar mandi cukup baik kondisinya, kondisi air panas tersedia dengan baik area mandi maupun wastafel, meskipun rain showernya tidak berfungsi hanya mengandalkan hand shower. untuk kenyamanan tidur dan beristirahat cukup baik dan nyaman, entah karena kamar yang kedap atau memang kamar kamar lain tidak terisi tamu lain. untuk keesokan harinya cukup menyenangkan juga tidak ada sesuatu hal yang mengganggu. mulai dari sarapan yang enak meskipun varian tidak terlalu banyak dan lagi lagi anak saya sarapan cukup banyak. kondisi kolam renang yang bersih rapi disertai dengan fasilitas ayun",negatif,netral,positif,positif,none,positif,netral
405,Agoda,Hotel Santika Bandung,2/17/2012,237,1595,6,"saya memilih hotel ini karena lokasinya, terletak dalam jarak berjalan kaki ke jalan riau, salah satu jalan paling terkenal untuk berbelanja di factory outlet. saya melihat gambar kamar dan fasilitas yang tampak modern dan bagus. di pagi hari saya menerima email dari eksekutif penjualan hotel. pesannya sangat ramah dan informatif, dia bahkan memberi saya peta bandung. pesannya ""hotel santika bandung semuanya sudah direnovasi total baik interior maupun eksteriornya. untuk lantainya kita tidak lagi menggunakan karpet tapi sekarang menggunakan parket. "" check in hotelnya tenang mudah, lobinya bagus, tapi masalah mulai setelah itu. liftnya cuma muat 3 - 4 orang, tua dan bau. area umum selain lobi juga tua dan bau. kamarnya mengecewakan, lebih seperti furnitur finishing baru, televisi lcd sekitar 22"" lebih kecil dari monitor komputer saya, kamar mandi tidak direnovasi, bak mandi dan lemari tua. ada aksesoris baru tapi terlihat murahan dan tidak bermerek. bagaimana mereka bisa bilang sudah direnovasi total? dan akhirnya kaget, kaget bukan lantai karpet tapi juga lantai parket. itu lantai keramik motif kayu. keramiknya paling buruk dari karpet, harganya juga lebih murah, keras dan dingin di malam hari. kebanyakan hotel baru di bandung sudah menggunakan lantai marmer sekitar 10 kali lipat lebih mahal daripada keramik. secara keseluruhan saya mencoba sangat menyukai hotel ini. saya percaya jika mereka tidak memberi saya informasi yang menyesatkan, hotel ini dapat dinilai sebagai rata-rata tetapi karena menyesatkan - mengakui - maka tidak mengucapkan sepatah kata pun sesudahnya.",positif,negatif,positif,netral,netral,none,netral
2005,Agoda,Hotel Santika Cirebon,1/8/2013,227,1580,6,"hotel ini terletak cukup jauh di pusat kota cirebon sehingga dari segi jarak, mudah untuk berkeliling. namun, kuncinya adalah menemukan alat transportasi yang baik dan dapat diandalkan. taksi terkadang tidak mau menggunakan argo, sehingga harus melakukan tawar menawar dengan supir terlebih dahulu - hal yang menyebalkan terutama jika anda bepergian dengan rombongan yang membutuhkan lebih dari 1 mobil. hal yang paling bijaksana untuk dilakukan dalam situasi seperti ini adalah meminta pihak hotel mengatur transportasi untuk anda. mereka memiliki beragam mobil (dengan supir) yang bisa disewa untuk membawa 6-8 penumpang dengan harga terjangkau. dan jika anda hanya ingin perjalanan singkat ke restoran atau tempat lain yang dekat, hotel ini bahkan memberi anda layanan antar-jemput gratis! saya sarankan anda memberikan tip / persen kepada pengemudi untuk layanan ini (beberapa pengemudi juga bekerja di petugas). ruangannya sendiri lumayan, lumayan bersih, air mengalir tidak ada kendala. kolam renangnya bagus dan buka sampai jam 9 malam, jadi saya berenang malam yang menyenangkan. sarapannya lumayan dengan pilihan makanan tradisional, barat, dan oriental. namun, gym perlu perbaikan besar-besaran. beberapa peralatan terlihat lebih tua dari saya: ). terima kasih tuhan untuk kolam renangnya. jika anda benar-benar ingin tetap membakar kalori selama liburan, gunakan tangga darurat untuk naik ke lantai kamar dan turun. tangga darurat memiliki penerangan yang baik, terawat, dan terletak tepat di sebelah lift. saya tinggal di lantai 5 dan menggunakannya sepanjang waktu: )",netral,none,netral,positif,positif,netral,positif
10460,Traveloka,Hotel Santika Depok,5/15/2019,220,1413,6,"saya menginap di hotel ini menempati kamar 2746 di lantai 27 sisi negatifnya dari hotel ini, 1. parkiran yang agak sulit karena jadi 1 dengan pengunjung mal dan apartemen. 2. air conditioner kamar kurang dingin. 3. kamar mandi tidak ada pemisah antara tempat kering dan basah, jadi tempat yang seharusnya kering jadi basah karena kena air mandi dan sepertinya harus ada penanganan khusus buat lantai kamar mandinya. 4. selama. sangat berisik sekali dengan suara benda yang saling berbenturan, sepertinya suara lift karena begitu saya mau check-out saya perhatikan lift hotel ini mengeluarkan suara yang sama seperti apa yang saya dengar. 5. sepertinya sop dari hotel hanya menyediakan 1 sikat gigi, karena sebelum saya menginap saya baca review tamu lain punya keluhan hanya dapat 1 sikat gigi, dan itu terjadi sama saya sisi positifnya. 1. check-in dan check-out sangat cepat, dan petugasnya sangat ramah. 2. wifinya kencang. 3. sarapannya sangat enak, dan banyak sekali pilihannya. 4. kamar saat saya masuk bersih dan wangi. 5. pemandangannya cukup bagus terlebih dari posisi kamar paling atas, bisa liat kota depok dari ketinggian. 6. hotel memiliki akses langsung ke dalam mal, di dalam mal sendiri banyak pilihan makanan, dan bioskop yang tentunya bisa dipesan juga melalui situs traveloka sepertinya kalau ada kesempatan untuk menginap di depok saya akan kembali menginap, terima kasih hotel shantika depok.",positif,negatif,positif,positif,none,positif,positif
2668,Agoda,Hotel Santika Depok,1/9/2014,215,1454,6,"itu adalah pengalaman menginap yang menyenangkan, semua staf yang saya temui sabar, ramah, membantu, sopan dan efisien. hotel ini membuat saya terkesan dengan layanan pribadi mereka; misalnya, mereka mengingatkan saya tentang sarapan ketika saya bangun terlambat dan membawa koran harian ke rumah anda setiap pagi dan menanyakan layanan lain yang diperlukan. dan ketika saya memesan sesuatu dari restoran atau panggilan apa pun untuk layanan binatu, staf akan datang dengan sangat cepat; jika terjadi penundaan mereka akan datang pada waktu yang dijanjikan (tidak lama juga). segala kekurangan akan dijelaskan secara menyeluruh dan sabar. kamar bersih dan tempat tidur bantal nyaman, saya sulit bangun karena sangat nyaman. koneksi wi-fi gratis gratis sangat cepat. hanya satu kekurangannya, tidak ada lemari es atau mini-bar di kamar saya dan pada awalnya diberitahu oleh resepsionis bahwa jenis kamar (kamar standar dan deluxe) yang saya tempati, tidak disediakan. tentu saja saya terkejut tetapi ketika saya bertanya kepada staf lain, mereka mengatakan bahwa hotel ini masih baru (berusia 4 bulan) dan di masa depan, kulkas atau mini-bar akan disediakan untuk semua tipe kamar. semoga itu benar. saya yakin tidak semua tipe kamar tersedia sepenuhnya. tapi secara umum, saya mendapatkan pengalaman menginap yang baik dan pasti akan mempertimbangkan untuk menginap di sana lagi ketika sudah lengkap (dengan mini-bar) atau pilihan kamar yang lebih besar.",none,positif,positif,positif,positif,netral,netral
2324,Agoda,Hotel Santika Cirebon,2/24/2013,212,1450,6,"kami kembali menginap di hotel ini untuk kedua kalinya. awalnya abang becak yang mengantar kami ke hotel sempat ragu masuk ke pelataran, tetapi dengan sigap dan murah senyum satpam hotel mempersilahkan abang becak untuk segera masuk menurunkan penumpang di depan lobi, tidak lupa mengucapkan selamat datang kepada kami. walau kami tahu sebenarnya ada fasilitas antar jemput hotel-stasiun/ terminal/ lokasi lain (khusus dalam kota cirebon), tetapi kami memilih naik becak untuk lebih menikmati suasana kota cirebon. pada kunjungan kedua kami disuguhi minuman selamat datang berupa jus buah. kamar mandi yang dulu sempat bermasalah tidak kami dapati kali ini. pilihan menu makanan masih sedikit, harga sedikit mahal dengan status hotel bintang tiga, tetapi rasa masakan yang kami pesan tidak mengecewakan. suasana kamar nyaman, fasilitas berenang gratis, fitnes gratis, antar jemput tamu ke penjuru kota cirebon gratis, dengan atau tanpa tips kepada supir pelayanan kepada tamu tetap sangat ramah dan bersahabat. pelayanan in room dining juga tergolong cepat. menu sarapan pagi bervariasi dan menu lokal selalu berbeda setiap harinya kecuali nasi jamblang pasti selalu tersedia setiap pagi. variasi menu sarapan standar bintang tiga, rasa juga lumayan. fasilitas antar ke stasiun ketika cek out kami gunakan dengan gratis, dengan tidak mengurangi keramahan staf dan supir hotel. kalau mampir ke cirebon kami merekomendasikan hotel ini untuk ditinggali.",netral,positif,positif,none,netral,netral,positif
10634,Traveloka,Hotel Santika Depok,11/21/2018,183,1100,6,"tempatnya sangat strategis karena kemana saja dekat, ke mal tinggal turun, ke kafe atau ke mal lain pun dekat, untuk pelayanan sangat baik, staf ramah dan sangat membantu. kamar pun bersih dan semua furniture dan elektronik semua baik, air conditioner dingin, televisi bersih tetapi beberapa channel tidak bisa ditonton, dan bisa colok usb juga. kamar mandi bersih, semua alat berfungsi dengan baik, tapi agak sempit. untuk makanan room service cukup beragam dan porsinya lumayan sedikit, walaupun mahal tetapi rasanya baik. breakfast pun makanannya beragam, kebanyakan sih so-so, tapi ikan sambal matahnya enak sekali, juara! fasilitas hotel lumayan, walaupun pool agak kecil dan alat gym hanya 2, alat gym berfungsi dengan baik. what i don't understand is the pool bar, wore is the pool bar exactly? because i don't see it. and the wi-fi is so buruk here. once they have a bagus speed and suddenly 10 minutes later the wi-fi can't even send a text message. but, overall, it's so bagus, but would love to sie the wi-fi improved once i decided to stay here again. would love to visit again next time.",positif,positif,positif,positif,none,positif,negatif
403,Agoda,Hotel Santika Bandung,5/30/2012,179,1180,6,"secara keseluruhan, saya memiliki pengalaman yang baik menginap di sini. ini adalah hotel tua, jadi fasilitasnya sudah ketinggalan zaman. namun mereka mencoba memperbarui interiornya (tv layar datar, seprai bersih, sofa baru, dll). umumnya bersih. aku menemukan sesuatu yang awalnya tampak seperti pasir di dekat rangka tempat tidur, dan kemudian aku menyadari bahwa itu adalah butiran kayu. saya curiga mungkin ada rayap. saya memesan kamar deluxe bisnis. kamarnya luas tapi mejanya sangat kecil, dan tidak ada bak mandi. pemandangan dari kamar ( 119) buruk: tembok tetangga. lokasinya luar biasa, tepat di pusat kota. berjalan kaki ke bip mall dan pusat factory outlet (jalan riau). pilihan menu layanan kamar sangat buruk. namun, ketika ada begitu banyak restoran bagus di luar hotel, makan di luar menjadi mudah. mini barnya sangat jarang diisi. jika ingin tidur di akhir pekan hindari kamar di lantai 1, karena bersebelahan dengan kolam renang yang paginya ramai dikunjungi anak-anak. panggilan jam 9 setiap hari untuk menawarkan perawatan spa agak mengganggu. stafnya luar biasa: sangat sopan, penuh hormat dan membantu. apakah saya akan tinggal di sana lagi? mungkin tidak.",positif,negatif,positif,positif,none,negatif,netral
1130,Agoda,Hotel Santika Bogor,3/30/2013,167,1132,6,"staf hotel santika termasuk yang ramah, paling ceria dan suka membantu yang akan anda temukan. benar-benar menawan dan ramah, dengan senyuman yang selalu siap sedia! lokasinya juga bagus, cukup jalan kaki ke kebun raya bogor dan terminal bus bogor, serta berdekatan dengan ipb dan pusat perbelanjaan yang bagus. hotel ini cerah, modern, bersih, dan terawat dengan baik. sarapan prasmanan sangat enak. tempat tidur, seprai, dan bantal sangat bagus. tapi, kenapa semuanya begitu kecil di hotel ini? lobi kecil. kamarnya kecil. kamar mandinya kecil. televisi kecil. ruang lemari terbatas. ""pusat kebugaran"" kecil. jika anda tertarik untuk mengurangi jejak karbon, ukuran kecil dari hotel ini akan menarik. hotel ini hanya memiliki dua lift yang lambat, jadi menunggu bisa lama hanya untuk naik dan turun. dindingnya tipis; lorong-lorong berisik dan membanting pintu bisa mengganggu. secara keseluruhan, hotel ini memiliki beberapa aspek yang sangat bagus dan beberapa di antaranya agak membuat frustrasi. tergantung pada apa yang penting bagi anda, hotel ini bisa menjadi luar biasa atau mengecewakan. rata-rata: rata-rata hingga baik.",positif,negatif,positif,positif,none,positif,negatif
1475,Agoda,Hotel Santika Bogor,7/26/2020,165,1065,6,"menurut saya lokasi sangat strategis, ditengah kota dan deket kebon raya bogor. saya menginap dengan keluarga di sweet room karena full katanya shg di upgrade di kelas president room. ruangan besar dan cukup nyaman, namun beberapa hal yang bikin tidak nyaman, antara lain untuk sekelas ruangan ini: belum terlihat adanya kemewahan fasilitas, layar televisi dengan gambar yang buruk, bintik2 dan goyang, perlu ganti provider yang lbh baik karena tampilannya sangat buruk dan kelihatan kuno, air conditioner ruangan juga kelihatan dah kuno shg harus panggil petugas karena kurang dingin, fasilitas yang ada sperti welcome drink or free bufee drink juga tidak ada. ketiga kedatangan kami karena banyak bawa perlengkapan koper tanya cs ada porter or office boy tidak di bilang tidak ada, tapi ternyata ada security yang bantu tidak sinkron dengan petugas cs. saya book lewat agoda dan book dengan 3 dewasa spertinya harga sudah include karena lbh mahal dibanding yang 2 person. tapi nyatanya tetap harus nambah biaya untuk sarapan pagi. tolong diperbaiki lagi layananny",positif,netral,netral,none,netral,negatif,negatif
1267,Agoda,Hotel Santika Bogor,9/17/2011,146,962,6,"lokasinya tepat di samping pintu keluar tol, terhubung langsung dengan mall, dan dekat dengan kebun raya. namun, dibutuhkan waktu sekitar 10 hingga 15 menit berjalan kaki ke kebun raya, namun jalurnya sangat kotor. hotelnya baru dan lobi serta kamarnya bersih. kamarnya superior, tapi tidak ada kulkas. tidak ada bak mandi. kolamnya kecil dan saya tidak ingin masuk ke dalamnya. sarapan prasmanan sangat besar untuk hotel dengan harga ini. kebetulan kamar yang saya tempati dekat dengan air conditioner atau semacamnya, dan suara dentumannya terdengar setiap beberapa menit, sehingga saya tidak bisa tidur nyenyak. walaupun kamar menghadap pintu keluar jalan raya, adzan cukup berisik dan saya tidak bisa tidur nyenyak. secara keseluruhan, ini terasa seperti hotel bisnis biasa, dan saya rasa saya tidak ingin tinggal di sana lagi, tetapi jika saya diberitahu bahwa ini adalah satu-satunya hotel yang akan saya tinggali, saya tidak akan memiliki keluhan apa pun.",positif,positif,none,netral,netral,netral,netral
8889,Traveloka,Hotel Santika Cirebon,8/6/2025,145,947,6,"menginap semalam untuk perjalanan singkat. harga kamarnya memang agak pricey 864 sekian (termasuk pajak) untuk kamar deluxe room king). butuh hotel yang dekat dengan stasiun, naik goride berangkat 5. 26 subuh, 5. 31 sudah sampai stasiun cirebon kejaksaan. hotelnya di dekat pusat kota, seperti mal csb, grage, bahkan stasiun. saya menginap untuk 4 orang dewasa, sofanya bisa dipakai untuk tidur. bantal 4, dan ada tambahan bantal panjang di lemari. handuk 2 besar, 2 kecil. bisa pinjam setrika. ada kulkas, shower ada 2, air panas banget, air conditioner dingin banget, wi-fi-nya per kamar jadi password-nya nama pemesannya. kamarnya juga luas, bisa untuk meletakkan koper di lantai, dan ada tempat salat jamaah 2-3 orang dewasa. makanannya, nambah per orang untuk sarapannya cuma rp100. 0 jangan lupa makan kuitiau siram mungkin kapan-kapan bisa nambahin menu khas cirebon, empal gentong atau nasi jamblang? overall baik nginep di santika cirebon",positif,positif,positif,positif,none,positif,positif
2368,Agoda,Hotel Santika Cirebon,1/26/2012,141,968,6,"kami tinggal 2 malam di hotel tersebut pada waktu tahun baru imlek dan sangat menyukai suasananya. lobi hotel luas dengan banyak sofa dan angin berhembus menimbulkan rasa nyaman. staf hotel sangat membantu, termasuk dalam hal mencarikan transportasi lokal (becak). dikamar anak kami, pipa wastafel bocor dengan segera diperbaiki. kolam renangnya bersih dan airnya hangat, sehingga walaupun musim hujan, kami menikmati berenang disana. tempat parkir mobil cukup luas sehingga suami saya tidak pernah menemukan kesulitan untuk parkir. makan pagi yang biasanya hectic di hotel manapun, tidak terasa demikian selama 2 hari berturut-turut. kekurangannya ""tidak adanya handuk tangan/wash lap"" di kamar mandi, satu2nya handuk yang tersedia hanya untuk mandi. harga makanan di restoran (room in service) terasa sangat mahal, kami harus membayar 36. 0 idr untuk 3 potong pisang goreng. walaupun demikian, kami akan menginap kembali di hotel santika cirebon bila berlibur disana",none,positif,positif,positif,negatif,netral,positif
694,Agoda,Hotel Santika Bogor,5/11/2024,140,870,6,"menginap yang kedua kali nya di hotel santika bogor, pelayanan, keramahan, kebersihan, kenyamanan dan keamanan nya tetap terjaga. dapat harga promo 700ribu per kamar di saat weekend panjang. dapat kamar satu lantai dengan restoran dan kolam renang. kondisi kamar dan kamar mandi sangat bersih dan wangi, pelayanan security, room boy, receptionist, waiter, office boy nya sangat ramah. sarapan nya banyak menu dan enak semua. kekurangan nya lift nya terlalu kecil untuk sekelas hotel bintang 4, sehingga hanya muat 4 orang saja (membuat lama antri menuggu lift) dan pintu akses ke mall botani nya hanya melalui lift ke basement yang mana lift nya harus menunggu lama antrian dengan tamu hotel yang dari lantai atas ataupun sebalik nya dari lobby. seharus nya di berikan akses tangga jalan ke basement untuk ke mall botani ataupun ada akses pintu dari lobby ke mall botani",none,netral,positif,positif,positif,positif,negatif
6485,Traveloka,Hotel Santika Bandung,12/13/2017,140,930,6,"hotelnya nyaman strategis, petugas2nya mulai dari front office, house keeping, room service sampai kitchen nya ramah dan menyenangkan, menu2 makanan breakfast-nya enak-enak semua setiap hari ganti menu masakannya, chef dani nya ramah dan baik serta tidak pelit ilmu tentang kuliner yang dimasaknya, spa nya bagus saya dilayani oleh mba eva pijetannya bisa bikin rilex dan tidur pulas, arsitekturnya bagus tropis banyak ruang hijau terbuka nyaman dan tetap sejuk lobby dan lift nya harum aromaterapi, kolam renang dan fitnes nya bersih, kebetulan saya menginap di kamar yang mengadap ke arah riau junctin nyaman sekali sampai saya extand 1 hari lagi. kamar tidur dan kamar mandi bersih sekali jadi saya dan suami puas sekali menginap di hotel santika bandung ini next kunjungan selanjutnya kita akan kesini lagi, sukses selalu untuk santika bandung dan kami akan merekomendasikan hotel ini untuk keluarga/teman/sahabat/ kolega kami",positif,positif,positif,positif,none,positif,positif
9067,Traveloka,Hotel Santika Cirebon,12/29/2021,135,869,6,"menginap 2 malam. late check in di jam 7an malam, berjalan mulus untuk cek in tanpa kendala. dapat kamar dilantai 4, ranjang besar, bebas rokok, sesuai request melalui aplikasi. fasilitas kamar cukup lengkap. paling yang tidak ada handuk muka aja, sisanya ada semua, kulkas, air mineral 4, sanitary kamar mandi, bagus lah. yang bawa motor sama mobil parkirannya ada, tapi yang basement kayaknya ada, tapi tidak dipake sepertinya untuk parkir. jd parkir diluar. mantapnya di cuciin, bagus. sarapan lumayan, ganti menu dihari beda. lomasi hotelpun bagus, bisa kulineran dekat sini ljmayan banyak, saya jalan kaki keliling ke alun-alun juga bisa (sekitar 15 menit jalankaki) total sejaman sih keliking ke stasiun sampai ke empal gentong krucuk sana jalan kaki, hehehe bagus untuk stay cation. ini hotel santika cirebon luas banget dibanding yang bandung atau jogja, bagus.",positif,positif,positif,positif,none,positif,positif
2678,Agoda,Hotel Santika Depok,12/2/2013,132,855,6,"hotel ini berada di selatan jakarta, dekat universitas indonesia. tidak ada banyak alasan untuk tinggal di sini kecuali di konferensi atau mengunjungi universitas, tetapi untuk itu, ini adalah nilai yang luar biasa dengan kamar yang bagus dan sarapan yang berlimpah. ini adalah standar gaya yang bagus tetapi jauh dari pusat kota dan di kawasan komersial yang agak sibuk tanpa atraksi. hotel ini agak aneh karena resepsionis berada di lantai 3 dan kamar berada di lantai 27-29, tapi tidak apa-apa. itu tidak memiliki kulkas di kamar. petanya cukup salah: hotel ini tampak seolah-olah berada di seberang jalan dari stasiun, cukup berjalan kaki, namun sebenarnya jaraknya sekitar 4-5 kamu lebih jauh ke selatan dan di seberang jalan. hotel ini bersebelahan dengan mal berukuran sedang sehingga cocok untuk berbelanja dan beberapa resto dan jaringan standar.",positif,positif,netral,none,positif,positif,negatif
6243,Traveloka,Hotel Santika Bandung,2/26/2020,126,867,6,"hotel santika adalah pilihan utama saya saat berkunjung kemana pun. harga dan kualitas menjadi pertimbangan utama. kemarin adalah pertama kalinya setelah 4 tahun saya tidak menginap di santika. saya heran dengan kualitas pelayanannya yang berkurang drastis. apakah memang setelah 4tah ini santika menurunkan standar kualitasnya, atau hanya santika bandung yang kualitasnya tidak memuaskan (karena ini pertama kalinya saya menginap di santika bandung). dimulai dengan resepsionis yang kurang ramah saat saya check-in. lalu pada keesokan harinya ada dua tikus di area lantai kamar saya. diperparah saat saya buka kapmesin ada satu tikus lagi dalam kap mesin saya. kualitas makanan agak jauh dari santika biasanya. kamar mandi lembab. terakhir, hotel tersebut merupakan area macet, dan tidak ada sekuriti yang stand by untuk membantu tamu masuk hotel menembus kemacetan.",negatif,negatif,negatif,negatif,netral,negatif,none
7697,Traveloka,Hotel Santika Bogor,2/2/2022,123,822,6,"parkirnya sulit karena harus jalan kaki ke lobby nempel dengan mall botanical, fasilitas lift akses ke kamar hanya ada dua dan kecil tidak memadai tidak seimbang dengan jumlah kamar yang dimiliki jadi agak ngeri ngeri sedap naiknya menunggu lama dan maksimal hanya 5 orang, kamarmya seperti nuansa apartemen persis seperti saya tinggal di apartemen murah, ornamen kamarnya tidak menarik kursinya dekil, jorok. pencahayaan kamar kurang, gelasnya pun gelas plastik tidak pantas untuk hotel sekelas ini, kolam renangnya kotor butek airnya dan kecil area duduk-duduk outdoor nya juga kurang luas, resturant tempat breakfast suasananya seperti kantin kurang menarik. saya tidak mau stay di sini lagi. maaf santika hotel jauh dari ekspetasi kami tidak sesuai dengan yang di harapkan. sepertinya butuh perbaikan mutu ke depannya.",negatif,negatif,none,negatif,negatif,negatif,negatif
724,Agoda,Hotel Santika Bogor,8/10/2025,122,855,6,"kami memiliki pengalaman yang sangat baik selama kami menginap dua malam, meskipun hotel sudah penuh dipesan (akhir pekan lalu sebelum liburan sekolah). semuanya bersih dan terorganisir dengan baik meskipun ada banyak orang. prasmanannya luar biasa, dengan beragam masakan jawa dan indonesia. lokasinya sangat bagus: tepat di sebelah kebun raya dan dua pusat perbelanjaan. kejutan yang menyenangkan di indonesia: orang-orang berjalan kaki, jogging, dan bersepeda mengelilingi kebun raya pada malam hari. hotel ini memiliki kolam renang dan ruang kebugaran kecil. stafnya luar biasa dan sangat membantu. kami mempunyai masalah dengan ruangan yang berbau asap, tetapi mereka dengan cepat memindahkan kami dan mengurus semuanya. saya pikir orang-orang eropa lebih terbiasa dengan ruang bebas rokok. saya berharap hal ini juga menjadi lebih umum di indonesia.",positif,negatif,positif,positif,none,positif,negatif
6054,Traveloka,Hotel Santika Bandung,10/25/2023,120,863,6,"letaknya strategis dekat dengan pusat perbelanjaan dan food court. tidak jauh dari beberapa kawasan terkenal tempat orang berkumpul selama akhir pekan. pengalaman pertama: tidak bisa mendapatkan kamar tidur king size yang diharapkan seperti yang dipesan di aplikasi. dengan senyum yang terlatih, staf check-in menawarkan kamar dengan tempat tidur twin ""sesuai ketersediaan"". tidak bisa berdebat dengan itu. kami sudah lelah setelah berjalan-jalan beberapa jam di mall. hal yang dipelajari: apa yang kita lihat di traveloka tidak selalu seperti yang kita dapatkan dari hotel. berikutnya: ruangannya sendiri bersih dan rapi. tidak ada keluhan untuk ini. acnya bagus. televisi berfungsi. kotak aman berfungsi. kulkas kecil berfungsi. air kolam renangnya jernih. sarapannya biasa saja. direkomendasikan bagi siapapun yang ingin menjelajahi kawasan pusat kota bandung.",positif,positif,netral,positif,none,netral,positif
6381,Traveloka,Hotel Santika Bandung,7/18/2018,120,736,6,"(+) hotel bintang 3 tapi harga bintang 4. terlalu mahal dengan harga kamar rp. 820. 0 dan extra bed rp. 550. 0 dengan fasilitas kamar dan tempat tidur seperti itu. recepsionist tidak ramah, terlalu jaim, saya diacuhkan, di bilang kamarnya masih on progress. setelah menunggu cukup lama belum di proses juga, padahal semua adm sudah saya penuhi termasuk bayar extra bed untuk 2 malam. lalu saya tanyakan kembali baru diproses dan di kasih kunci, di kasig kamar paling ujung pojok tanpa bisa lihat pemandangan apapun, apa seperti itu jika menginap di hotel santika bandung melalui aplikasi? hotel lain tidak pernah seperti itu. breakfast standar bintang 3 and ++) untuk pelayanan yang lainnya cukup ramah, mobil di cuci, lokasi dekat mal.",positif,netral,negatif,none,negatif,netral,netral
8203,Traveloka,Hotel Santika Bogor,7/11/2018,112,732,6,"hotelnya di tengah pusat kota bogor satu lokasi dengan botani square. untuk pelayanan ramah dan lumayan memuaskan. kamar yang kami pesan cukup luas. kamar mandi bersih dan cukup luas. saluran chanel televisi bagus. cuma termos listrik tidak berfungsi. makanan untuk sarapan sangat banyak macamnya ada jamu tradisional juga enak, rasa makanannya lumayan enak tapi untuk makanan yang kami pesan untuk dinner sedikit kecewa. makan malam yang kami pesan nasi goreng tradisional bogor kurang enak nasinya keras, mie gorengnya biasa saja banyak minyaknya. tapi soto ayamnya enak tapi nasinya keras kaya nasi kurang air dan belum matang. kolam renangnya ada buat anak-anak dan dewasa dan airnya bersih tempat bersih dan nyaman buat santai.",positif,positif,positif,positif,none,netral,negatif
3397,Agoda,Hotel Santika Tasikmalaya,8/31/2017,110,650,6,"saya dtg dengan suami tuk keprluan menghadiri wisuda anak. pg harus dandan dan agar dandanan rapih saya selalu memakai air kulkas. kamar bersih, pemanas air ada, air kemasan cukup. handuk bersih hanya kamar mandi agak berbau tidak ada pengharumnya. lokasi dekat ke alun2 kota jd bisa kuliner mlm sepuasnya. kolam renang bersih serasa milik sendiri karena saya berenang mlm jam 8 dan jam 5 pg masing2 30 mnt. staf ramah, awal msk saya dapat kamar di lantai 2 minta pindah kamar lalu dapat di lantai 7 yang pemandangannya bgs. sarapan byk mcmnya dengan rasa yang lumayan. terimakasih santika. jk ada keperluan ke tasik lagi saya mau nginep di sini lagi",positif,positif,positif,netral,none,positif,positif
3127,Agoda,Hotel Santika Tasikmalaya,3/17/2015,101,683,6,"meskipun kami meminta 2 tempat tidur bayi sebelum kami tiba, mereka tidak dapat menyediakannya, karena ""mereka hanya punya satu, yang rusak"". bantal dan sarung bantal memiliki bau pengap yang tidak sedap dan terlihat tua dan kotor. pilihan sarapan sangat terbatas dan tidak terlalu enak sama sekali. kamarnya sangat bising, dengan dinding tipis di antara kamar dan pintu kedap suara yang sangat buruk. lokasinya baik, mudah dijangkau, datang dari luar kota, tapi mengingat tasik bukanlah tempat yang terlalu besar, itu bukanlah sesuatu yang sulit untuk dicapai. mereka bangga dengan ulasan ""8, 2-fantastis"" mereka dengan memajangnya di meja resepsionis mereka. mereka pasti bercanda!",positif,negatif,netral,negatif,none,negatif,negatif
3213,Agoda,Hotel Santika Tasikmalaya,8/25/2012,100,647,6,"itu adalah hotel yang baik, bisa menjadi jauh lebih baik mengingat harga yang kami bayar. kami punya kamar deluxe dan luas. koneksi wi-fi gratis merupakan nilai tambah. di sisi buruknya, liftnya lambat dan hanya bisa menampung sekitar 6 orang dewasa dalam satu waktu, jadi ketika hotel penuh sesak, akan memakan waktu cukup lama untuk naik/turun. layanan kamar mengecewakan karena pilihan makanan sangat sedikit dan kami menunggu 1, 5 jam untuk nasi goreng dan ayam kami. untuk rasa saya kasih 6/10. untuk sarapan, variasi makanannya banyak. secara keseluruhan, menurut kami hotel ini agak terlalu mahal untuk kualitas layanan yang mereka berikan.",negatif,positif,negatif,none,negatif,netral,netral
12832,Traveloka,Hotel Santika Mega City Bekasi,8/29/2018,98,638,6,"kamarnya kecil, makanannya biasa saja, nasggor tidak ada rasanya, restaurant jam 9 sudah tutup, saran saja sih karena mal sudah mulai tutup jam segitu, restaurant tutupnya jam 24. 00 saja, kasihan yang tiba-tiba laper tengah malam, keluar hotel pun susah. karena jadi 1 sama mal, jalan ke parkiran jauh, ngelewatin toko-toko yang sudah tutup plus gelap, seharusnya ada lift khusus sih. terus parkiran tidak dipakai sampai check-out, setiap kalau mau keluar harus minta stempel, kalau tidak distempel bayar layaknya lagi ke mal. ac-nya bocor hari pertama, kencang banget. ampun deh hehhe tapi pelayanannya bagus, tidak bising, bersih juga.",negatif,negatif,positif,positif,none,negatif,negatif
7431,Traveloka,Hotel Santika Bogor,8/14/2024,97,698,6,"saya menginap di kamar superior di hotel santika bogor, kamarnya cukup luas dengan tempat tidur yang nyaman. air conditioner, televisi, dan wi-fi berfungsi dengan baik. satu-satunya kekurangannya adalah sedikit masalah pada saluran pembuangan kamar mandi. salah satu keuntungan terbesar dari hotel ini adalah lokasinya di dalam pusat perbelanjaan besar dan posisinya yang strategis di bogor. meskipun berada di dalam mal, hotel ini memiliki kolam renang yang terawat baik dan bersih. prasmanan sarapan menawarkan berbagai macam hidangan, meskipun beberapa agak terlalu asin. stafnya ramah dan membantu. secara keseluruhan, saya memiliki pengalaman menginap yang menyenangkan di hotel santika bogor.",positif,positif,positif,positif,none,netral,netral
1265,Agoda,Hotel Santika Bogor,12/3/2011,94,608,6,"check-in memakan waktu sekitar 5 menit, dan kamarnya modern dan bersih dengan ruang yang masuk akal (sekitar 33 meter persegi? ). sayang sekali tidak ada bathtubnya. koneksi internet gratis lancar dan bagus. staf, baik di resepsi maupun saat sarapan, menyambut saya dengan senyuman dan membuat saya merasa nyaman. hotel ini terhubung ke mal di sebelahnya melalui lorong bawah tanah. mungkin mal terbesar di bogor. anda dapat melakukan apa saja mulai dari berbelanja hingga kuliner. hotel ini sudah termasuk sarapan, tetapi anda juga dapat makan malam atau makan siang di sana tergantung pada preferensi anda.",positif,none,positif,positif,positif,netral,positif
394,Agoda,Hotel Santika Bandung,7/14/2012,92,634,6,"kami menginap 2 malam di hotel santika. rupanya ini lebih untuk penduduk lokal karena kami tidak bertemu banyak orang asing. mereka memiliki transfer bandara gratis dan sarapan prasmanan yang cukup beragam. kamarnya bersih dengan banyak program televisi wi-fi gratis. walaupun bahasa inggris staf hotel kurang bagus, mereka cepat dalam pelayanan kamar. hotel ini sangat nyaman. dalam 5 menit berjalan kaki terdapat supermarket plaza matahari. jarak berjalan kaki ke outlet rahasia. hotel santika berada di persimpangan sehingga kami dapat mendengar jalan yang sibuk. selanjutnya kita bisa mendengar suara pesawat terbang di atas kita.",none,positif,positif,positif,positif,positif,positif
3115,Agoda,Hotel Santika Tasikmalaya,9/23/2015,92,610,6,"terletak di kawasan pusat kota yang nyaman dan dalam jarak berjalan kaki ke berbagai gerai makanan. secara keseluruhan hotel ini bersih dan rapi, staf hotel yang terawat dan sangat ramah, proses check in yang cepat dan cepat, kamar yang nyaman tertata rapi, perlengkapan kamar dan kamar mandi memenuhi kebutuhan pelanggan, kolam renang dengan air bersih dan sangat jernih melengkapi pengalaman menginap kami, dan mereka juga menyajikan sarapan lezat dengan berbagai menu asia kontinental mulai jam 6 pagi dan seterusnya. saya tidak akan ragu untuk merekomendasikan hotel ini untuk liburan keluarga atau bisnis.",positif,positif,positif,positif,none,positif,positif
7091,Traveloka,Hotel Santika Bandung,10/21/2015,92,640,6,"untuk hotel bintang 3, santika bandung cukup memuaskan. letaknya dekat sekali dengan fo. variasi menu sarapan cukup banyak. ukuran tempat tidur yang besar cukup membuat saya senang karena saya membawa bayi. hanya saja ketika check-in saya harus menunggu sekitar 20 menit karena kamar belum siap. kolam renangnya terlalu banyak menggunakan kaporit dan kurang bersih. air conditioner di kamar temperaturnya tidak bisa diatur sehingga anak saya kedinginan. channel televisi nya beberapa tidak jelas. lampu kamar berwarna kuning dan kurang banyak sehingga suasanya kamar terlalu gelap. diluar semua itu, menyenangkan bermalam di santika bandung",positif,negatif,negatif,positif,none,positif,negatif
2980,Agoda,Hotel Santika Tasikmalaya,5/18/2024,87,646,6,"kami senang tinggal di sini di hotel ini bersama anak-anak kecil kami. lokasi sangat bagus, dengan banyak pilihan perbelanjaan di dekatnya. kolam renangnya memiliki pemandangan yang indah dan terawat dengan baik. ukuran kamarnya cukup luas untuk keluarga kami, dan staf rumah tangga melakukan pekerjaan yang baik untuk menjaga kebersihannya. fasilitasnya memuaskan, menyediakan semua yang kami butuhkan selama kami menginap. stafnya ramah dan membantu, membuat pengalaman kami lebih menyenangkan. secara keseluruhan, pengalaman menginap ini sepadan dengan harganya dan kami akan merekomendasikannya kepada keluarga lain yang mengunjungi area ini.",positif,positif,positif,positif,positif,none,positif
693,Agoda,Hotel Santika Bogor,4/17/2025,86,630,6,"rating: 4/5 ruangannya agak tua tapi secara keseluruhan baik - bersih dan terawat. kamar mandi, terutama shower, berfungsi dengan baik. makanannya lumayan, tidak ada yang istimewa tapi bisa diterima. yang benar-benar menonjol adalah layanannya. semua staf ramah, hangat, dan sangat membantu selama kami tinggal. salah satu fasilitas uniknya adalah akses eksklusif ke botani square, yang merupakan sentuhan yang bagus. satu-satunya kekurangannya adalah lobi. terasa cukup kecil dan tidak memberikan kesan eksklusif atau premium, yang bisa ditingkatkan. secara keseluruhan, pengalaman menginap yang nyaman dengan layanan luar biasa!",positif,positif,positif,positif,none,netral,netral
7750,Traveloka,Hotel Santika Bogor,9/15/2021,86,593,6,"hotel overpriced dengan pelayanan bintang 3 yang ditawarkan. lokasi strategis di kompleks ipb samping pintu tol dari jakarta. lobby dan daerah publiknya kurang menarik secara desain. kamar bersih, seprei dan handuk bersih, hangat, dan wangi. makanan bervariasi, tapi rasanya perlu ditingkatkan. pelayanan semua staf bagus dan ramah. pengalaman berenang menyenangkan di kolam renang besar dan panjang. yang agak mengganggu adalah suara-suara yang tembus ke kamar seperti suara langkah kaki orang di luar, suara air dari pipa kamar sebelah, dan gesekan kursi yang digeser sangat terdengar jelas.",none,negatif,positif,positif,negatif,negatif,positif
6232,Traveloka,Hotel Santika Bandung,7/15/2020,85,546,6,"lokasi strategis, hotelnya lama jadi perabot-perabotnya lama, bau lift harum, kamar saya tidak ada sakelar untuk stop lampu tidur, jadi terpaksa dibuka lampunya, toilet agak mampet, air tidak panas di pagi hari, sudah saya laporkan, untuk ke parkiran terpaksa lewat tangga, saran sebelum tidur dicek dulu yang saya tulis di atas, saya cuma menginap 1 malam jadi saya laporkan pada saat check-out. saya ditelepon setelah di luar, tanggapan hotel baik, kamar saya di upgrade ke lebih besar tanpa dipungut biaya tambahan, kamar anak tidak diupgrade.",positif,negatif,positif,netral,negatif,none,negatif
2286,Agoda,Hotel Santika Cirebon,1/7/2015,84,554,6,"1. kamar yang sangat nyaman dan bersih, dan suasana yang tenang sehingga membuat nyaman untuk beristirahat. 2. area kolam renang yang bagus dan bersih. 3. makanan yang disajikan perpaduan antara lokal cirebon dengan western food sangat pas sehingga tak perlu keluar untuk mencicipi makanan khas cirebon. 4. pelayanan yang baik dari staf hotel dan kaget ada pencucian mobil gratis dan ada pentas seni terling pada weekend membuat nyaman pengunjung. tapi salut buat pencucian mobil gratis sehingga mobil yang kotor akibat perjalanan menjadi bersih kembali.",none,positif,positif,positif,positif,netral,positif
3993,Tiket,Hotel Santika Bandung,12/26/2022,84,545,6,"nyobain deluxe room dengan harapan lebih nyaman karena lebih mahal dan lebih luas, ternyata malah lebih nyaman bersih superior room (stay 30 des-02 jan 2022). pindah room karena shower air panas tidak berfungsi dengan baik, sofa bercak2 (362), tapi room 120 yang lokasinya deket swimming pool malah ada bau lembab plafond kamar mandi rendah, marmernya kurang bersih, plafond depan room bercak2 hitam bekas bocor, jauh lebih nyaman pengalaman stay di superior room tahun lalu. staf ramah dan cooperative banget, breakfast enak ala santika group. ",negatif,negatif,positif,positif,negatif,positif,none
36,Agoda,Hotel Santika Bandung,9/8/2025,81,571,6,"hotel butik ini hanya berjarak 100 meter dari stasiun kereta bandara. pelayanannya ramah dan sebanding dengan hotel bintang lima, dan semua staf fasih berbahasa inggris. desain kamarnya cukup unik, dengan tabung di kamar mandi menghadap ke jendela. sayangnya kolam renangnya kecil. menu makanan dalam kamar bervariasi, enak, dan harga cukup bersaing dengan restoran di platinum mall. tersedia antar-jemput tuktuk gratis ke stasiun kereta. secara keseluruhan, ini adalah pengalaman menginap yang sangat menyenangkan, dan saya berharap untuk kembali lagi di masa mendatang.",positif,netral,positif,none,positif,positif,negatif
7967,Traveloka,Hotel Santika Bogor,12/4/2019,81,510,6,"bagus banget! pilih kamar deluxe aslinya luas banget. kamar bersih, ada sofa besar yang bisa dipakai kasur tambahan. semua pelayanan ramah. check in check out kilat tidak pake nunggu tidak pake deposit. room service makanan cepat enak. laundry service request strika uap dress kemeja dikasi free breakfast banyak pilihan tapi hari kedua menu tidak berubah. kolam renang termasuk kecil tapi cukup kalau lagi sepi. akses langsung ke mall jadi nilai plus banget buat ni hotel. recommend banget kalau ke bogor lagi",positif,positif,positif,positif,none,netral,negatif
10140,Traveloka,Hotel Santika Depok,6/7/2023,81,568,6,"saya menikmati staycation di hotel santika depok. nilai plus buat hotel santika yakni, mendapatkan compliment air minum yang banyak di kamar, ruangan kamarnya luas, saya pesan di executive, bersih, wangi, rasa sarapannya enak, dan saya minta fasilitas setrika diberikan secara free. minusnya, air conditioner kamar cuman satu, harusnya untuk ruangan lumayan besar dipasang air conditioner central, kolam renang kecil, menu sarapan kurang variatif, cerealnya tidak ada yang stars. staf hotelnya ramah-ramah banget, dapat akses free parkir, dan dekat sekali dengan mall.",positif,positif,positif,positif,none,negatif,negatif
1357,Agoda,Hotel Santika Bogor,1/2/2025,80,525,6,"hotel dengan lokasi strategis. cocok untuk keluarga yang staycation di hotel karena menyatu dengan mall. saya sudah 2x menginap disini di deluxe dan terakhir superior. keduanya baik dan nyaman. breakfast dengan varian lumayan. saran untuk kamar mandi ada shower untuk pancuran. tingkatkan kebersihan di toilet. gantungan baju di kamar mandi agak rusak, tidak ada hair dryer. overall ok. reception, staf ramah2 semua. saya akan kembali lagi karena mmg suasana di kamar betah. trmksh banyak ya. smg koreksi diperbaiki ke depan.",positif,positif,netral,netral,none,netral,negatif
6473,Traveloka,Hotel Santika Bandung,12/27/2017,79,489,6,"kamar bersih, kamat mandi wangi, hotelnya strategis untuk jalan-jalan kemana saja, makanan2 restonya enak dan banyak variasi menu nya senang bisa berkenalan. dgn chef dani dan tanya2 tentang masakan2 di hotel santika, staf2 hotel nya helpful, spa nya enak saya waktu itu di terapi dengan mba eva. senang nya menginap di santika sampai saya extand lagi supaya puas untuk mencicipi hidangan di restoran nya. sukses selalu y santika, jika ke bandung lagi pasti saya akan menginap di sana lagi",positif,positif,positif,positif,none,positif,positif
8715,Traveloka,Hotel Santika Bogor,9/30/2015,77,504,6,"- reseptionis terlalu terburu2 menutup telefon saat konfirmasi kamar beberapa hari sebelum check-in, padahal masih ada yang mau ditanyakan. check-in super cepat - kamar sangat nyaman dan bersih, pada saat minta tambahan sikat gigi karena hanya tersedia satu juga cepat diberikan oleh room service - makanan enak dan bervariasi - kolam renang bersih tersedia untuk anak2 juga - lokasi strategis langsung terhubung dengan mall - harga lumayan mahal jika tidak 0 (tapi sesuai dengan fasilitas dan pelayanan)",positif,positif,netral,positif,negatif,positif,none
659,Agoda,Hotel Santika Bandung,8/29/2012,75,547,6,"hotel santika adalah hotel yang cukup lama tapi masih terlihat bagus, lokasi hotel cukup stategis berada di tengah kota dekat dengan lokasi pembelanjaan. fasilitas kamar cukup untuk hotel dikelasnya. hanya makan sewaktu breakfast ragamnya masih kurang. tetapi mengenai rasa cukup enak. untuk penempatan kamar sangat disayangkan pemandangan ke luar jendela tempat sampah, meskipun itu tempat sampah mall, tapi tumpukan sampahnya sangat mengganggu pemandangan. untuk pelayanan secara umum cukup baik, petugas ramah, kendaraan dicuci, cukup memuaskan",positif,netral,positif,negatif,none,negatif,netral
7812,Traveloka,Hotel Santika Bogor,2/17/2021,75,523,6,"kami sangat menikmati menginap di santika. kamar luas dan bersih. anak-anak kami cinta kolam renangnya! sarapan juga menjadi moment yang sangat menyenangkan. menu makanan bervariatif dan rasanya enak-enak semua! ditambah posisi hotel yang strategis, sangat dekat mall dan masjid. semua petugasnya ramah-ramah. mulai dari depan pintu, ramah menyambut kami hingga hari terakhir kami menginap, kami selalu dibantu dan dijawab dengan penuh senyum dan keramahan. terima kasih banyak santika hotel! we truely enjoy our time here!",positif,positif,positif,positif,none,positif,positif
6278,Traveloka,Hotel Santika Bandung,8/28/2019,74,503,6,"pengalaman kami menghabiskan malam di santika bandung sangat menyenangkan. ruangan itu luas, sangat bersih, dan terawat dengan baik (untuk hotel tua). lokasi yang strategis dan entah bagaimana kami selalu berhasil mendapatkan tempat parkir yang nyaman. check in dan out cepat dan mudah. satu-satunya kekhawatiran saya adalah area restoran yang agak terlalu kecil, tidak ada banyak meja dan semua penuh, juga tidak banyak pilihan menu dengan begitu rasa. secara keseluruhan, masih senang tinggal di sini.",positif,positif,positif,positif,none,negatif,netral
6602,Traveloka,Hotel Santika Bandung,8/9/2017,73,486,6,"ternyata realitanya kamar superior tidak ada bathtub. selebihnya baik, kamar cukup bersih, nyaman, lokasi strategis, kolam renang nyaman untuk anak-anak, sarapan variatif hanya sayang tidak ada noodle station. proses cek in dan cek out sangat cepat. hanya saja pihak hotel membedakan tamu asing dan tamu domestik. ketika saya cek in tidak dapat cold towel atau welcome drink, tapi kemudian datang bis berisi bule-bule, mereka langsung menyiapkan cold towel dan welcome drink. payah deh.",positif,positif,negatif,positif,none,positif,positif
623,Agoda,Hotel Santika Bandung,10/16/2013,72,490,6,"kamarnya cukup luas dan bersih, tapi sayang saya pesan 1 king size bed tapi yang dikasih adalah twin bed. lokasinya sangat strategis, dekat dengan tempat belanja dan pusat kuliner di kota bandung. transportasi juga sangat mudah. staf sangat ramah. menu sarapan cukup bervariasi dan rasanya enak. karena hotel santika bandung ini sudah cukup lama, sebaiknya perlu dirapihkan dan diganti beberapa furniture-nya, lift juga sebaiknya dibersihkan, lampu dan parkiran diperbaiki agar lebih cerah.",positif,negatif,positif,positif,none,positif,netral
6421,Traveloka,Hotel Santika Bandung,3/28/2018,72,487,6,"saya menginap dalam rangka liburan keluarga di weekend di kamar 356. hotel dengan rate kamar yang cukup tinggi di bandung tidak worth it dengan pelayanan yang didapat. beberapa kekurangan yang harus ditingkatkan oleh manajemen. bangunan lama: air conditioner model lama sehingga udara tidak fresh di kamar banyak nyamuk dan debu, mungkin karena void langsung berhub dengan outdoor; gorden banyak noda-handuk pinggirannya banyak yang sobek. sarapan untuk anak berumur 8 tahun kena charge.",none,negatif,netral,negatif,negatif,negatif,netral
7340,Traveloka,Hotel Santika Bogor,7/16/2025,72,497,6,"hotelnya sangat bagus. proses check-in dan check-out cepat. sarapannya enak dan banyak pilihan, mulai dari barat hingga tradisional. sangat dekat dengan pusat kota dan botani square, tetapi ternyata cukup tenang. mereka menyediakan camilan gratis (kue, camilan tradisional, dan kopi) untuk kamar eksekutif di sore hari. kekurangannya adalah: 1. tidak ada saluran internasional di televisi. 2. bau di aula eksekutif sangat menyengat. seperti ada yang busuk. 3. air panas tidak mengalir dengan baik.",positif,negatif,positif,none,positif,positif,negatif
2949,Agoda,Hotel Santika Tasikmalaya,7/29/2024,70,485,6,"kamar bersih, nyaman, pelayanan memuaskan. datang bawa anak tanpa suami karena suami sedang ada urusan dulu. alhamdulillah di sambut dengan baik, dilayani dengan baik. datang langsung di kasih minuman. tidak menunggu lama akhirnya kamar sudah ready. kolam renang bersih, playground bersih dan aman. makanan banyak variant nya, dan enak. untuk lokasi strategis sekali. kemana-mana enak jalan kaki. insyaallah jika ke tasik akan balik kembali ke santika. terimakasih banyak hotel santika",positif,positif,positif,positif,none,positif,positif
5795,Tiket,Hotel Santika Depok,11/16/2020,69,501,6,"sangat menyenangkan menginap di santika mega city bekasi. lokasinya strategis, terhubung dengan pusat perbelanjaan memudahkan untuk menikmati free time di bekasi. kondisi kamar bagus, bersih, dan quite spacy. staf sangat ramah, bahkan memberikan kami kesempatan untuk visit kamar terlebih dahulu untuk melihat apakah bed-nya memungkinkan untuk digunakan bertiga mengingat kami membawa anak kecil. hanya saja, sarapan perlu ditambah variasi menunya. terima kasih santik. we'll be coming back for sure. ",positif,positif,positif,positif,positif,negatif,none
7395,Traveloka,Hotel Santika Bogor,1/22/2025,68,496,6,"secara keseluruhan, pengalaman saya menginap cukup memuaskan. staf hotel sangat ramah dan sigap membantu, lokasinya strategis dekat pusat kota, dan kamar yang saya tempati cukup bersih serta nyaman meskipun ukurannya tidak terlalu luas. fasilitas seperti wi-fi dan meja kerja sangat membantu. kualitas makanan perlu ditingkatkan agar lebih enak dan bervariasi. hotel ini cocok untuk perjalanan singkat, dan saya akan mempertimbangkan kembali menginap jika beberapa aspek kecil dapat ditingkatkan.",positif,positif,positif,positif,none,negatif,positif
1498,Agoda,Hotel Santika Bogor,12/24/2018,66,423,6,"hotel dekat botani square mall di bogor. tinggal jalan kaki ada akses langsung ke mall. untuk desain kamar standard, fasilitas standard, tapi bersih dan staf sangat ramah dan membantu. malahan yang di front office saat check in yang agak kurang ramah. untuk breakfast enak dengan variasi makanan yang banyak. kolam renang tidak terlalu besar. tapi cukup menyenangkan anak2. terletak di tengah kota dan strategis tempat nya.",positif,netral,positif,positif,none,positif,netral
9189,Traveloka,Hotel Santika Cirebon,1/29/2020,66,436,6,"tidak sempat ambil foto, seperti yang kita tahu, hotel santika termasuk hotel yang cukup lama. tapi overall, tempatnya nyaman buat saya, lingkungan bersih, makanan juga enak, kolam renang luas dan nyaman, ada fasilitas petugas kebersihan untuk cuci mobil, senang sekali. lokasi juga di pusat kota. hanya saja pada bathroomnya shower handnya yang tidak berfungsi di kamar yang saya tempati. tapi untuk semuanya saya nyaman. terima kasih.",positif,positif,positif,positif,none,positif,negatif
12325,Traveloka,Hotel Santika Mega City Bekasi,11/27/2019,66,465,6,"menginap disini menyenangkan. proses check-in cepat, dilayani oleh staf front office yang ramah. kamar luas, bersih tapi air conditioner kurang dingin. fasilitas toilet lengkap, kloset duduk, wastafel, dan air panas. ada fasilitas pemanas air minum juga. breakfastnya enak, pilihan menunya banyak dan ganti-ganti tiap hari. overall puas menginap disini. letak hotel yang ada di atas pusat perbelanjaan sangat memudahkan kalau mau cari makan di luar/membeli sesuatu.",positif,negatif,positif,positif,none,positif,positif
159,Agoda,Hotel Santika Bandung,11/13/2023,65,473,6,"ketiga kalinya menginap di santika hotel bandung, yang kedua kali diberikan free upgrade kamar. memilih hotel santika karena lokasi nya yang strategis, berseberangan dengan riau junction, tempat membeli segala kebutuhan sehari-hari, cukup berjalan kaki menuju factory outlet yang berjejer di sepanjang jl riau. kondisi kamar cukup bersih, kolam renang bersih. tersedia juga mini gym room. untuk yang harapkan simple stay (tidur-breakfast-berenang), tempat ini cukup nyaman.",positif,positif,none,positif,positif,netral,positif
6260,Traveloka,Hotel Santika Bandung,12/11/2019,62,410,6,"lokasi bagus, strategis di pusat keramaian tapi menu sarapan standar-standar saja tidak ada yang spesial. kamar lumayan tapi sprei dan bed covernya sangat kaku dan keras tidak lembut. dan yang hebatnya penggunaan wi-fi dibatasi, tidak full time dan ketika ditanyakan pada frontdesk responnya kurang memuaskan. so far lumayan lah, tapi dengan rate yang ditawarkan sepertinya next time saya pilih hotel lain saja",positif,negatif,none,netral,netral,netral,negatif
8141,Traveloka,Hotel Santika Bogor,1/2/2019,62,412,6,"kamar hotel luas, kebersihannya terjaga. ruangan kamar dan handuk harum dan tidak bau apek dan berasa nyaman, staf sangat ramah dan membantu, kolam renang baik lah. breakfast juga variatif dan enak. yang paling penting lokasinya sangat strategis dan ke mal tinggal lewat basement, sehingga mau jalan atau mau beli kebutuhan lain sangat gampang. terima kasih santika bogor buat liburan keluarga saya menyenangkan.",positif,positif,positif,positif,none,positif,positif
1984,Agoda,Hotel Santika Cirebon,1/3/2014,61,431,6,"kesan pertama saya adalah staf hotel sangat ramah dan penuh perhatian. sarapannya tidak semegah hotel santika di jakarta. tapi makanannya enak dengan sentuhan makanan lokal dan internasional. kamar mandi bersih dengan dudukan toilet, pancuran, wastafel baru. kolam renang baru saja direnovasi. tersedia kolam anak-anak. pemandangan kamarnya biasa saja karena letaknya di tengah kota. namun gunung ceremai bisa kita lihat dari jauh.",negatif,positif,positif,positif,none,positif,positif
8246,Traveloka,Hotel Santika Bogor,5/23/2018,61,371,6,"kamar dan toiletnya bersih, makanan variatif mulai dari nasional sampai internasional (saya suka menu ikan saos madu, semua pelayan ramah dan ada akses langsung ke mal botani square. namun sayang. di toilet ada genangan air di bawah pancuran shower, tidak ada hair dryer dan tidak ada laundry express. untuk laundry hanya terima sampai jam 8 pagi dan selesai jam 7 malam.",positif,negatif,positif,positif,none,positif,negatif
7309,Traveloka,Hotel Santika Bogor,10/29/2025,59,410,6,"alhamdulillah ini, sudah yang kesekian kalinya saya dan keluarga menginap di sini. hotel yang lokasinya sangat strategis, bersih, nyaman, semua staf mulai dari resepsionis, waiters, house keeping staf, staf yang jaga kolam renang dan sport area, serta security-nya semuanya ramah dan very help full. kolam renang-nya juga nyaman. breakfast buffet menu-nya juga bervariasi. terima kasih you santika hotel bogor.",positif,positif,positif,positif,none,positif,positif
23,Agoda,Hotel Santika Bandung,11/14/2025,58,444,6,"properti ini menawarkan nilai luar biasa dengan lokasinya yang strategis, membuatnya mudah untuk menjelajahi daerah tersebut. kebersihannya terbaik, dan stafnya ramah dan penuh perhatian, memastikan pengalaman yang menyenangkan. fasilitasnya bagus, menampilkan kamar yang luas dengan air panas dan tempat parkir yang nyaman. secara keseluruhan, ini adalah pilihan tepat bagi siapa saja yang mencari kenyamanan dan aksesibilitas selama menginap.",positif,positif,positif,positif,positif,none,positif
8997,Traveloka,Hotel Santika Cirebon,5/24/2023,58,370,6,"very bagus experience to be here in hotel santika cirebon. kids ramah, kamar nyaman dan bersih, lokasi strategis di pusat kota cirebon, makanan enak, menu banyak, parkir luas, mobil dicucikan. kolam renang luas dan bersih, staf gercep, recommended hotel untuk yang mau nginap atau liburan dengan keluarga. we will coming soon kalau ke cirebon lagi. terima kasih santika.",positif,positif,positif,positif,none,positif,positif
11371,Traveloka,Hotel Santika Depok,4/13/2016,58,385,6,"selama di hotel saya merasa nyaman, karena pelayanan baik, ramah, dan untuk wi-fi juga cepat tidak ada masalah. lokasi hotel yang memudahkan akses menuju d-mall juga menjadi nilai plus. untuk breakfast, saya juga disuguhi dengan berbagai macam pilihan dengan cita rasanya yang sangat bersahabat dengan lidah saya. kebersihan dari hotel juga terjaga. terima kasih hotel santika depok: )",positif,positif,positif,positif,none,positif,positif
709,Agoda,Hotel Santika Bogor,4/13/2026,55,366,6,"hotel bagus, kamar bersih, lancar untuk check in dan check out. hotel ini sangat dekat dengan pertokoan dan warung makan, mudah untuk berbelanja dan makan malam. sarapannya sangat enak. saya menikmati masakan sunda. stafnya sangat ramah. ada gym sederhana tapi kolam renangnya besar. saya akan kembali lagi jika berkunjung ke kota bogor. hotel yang direkomendasikan.",positif,positif,positif,positif,none,positif,positif
2361,Agoda,Hotel Santika Cirebon,6/1/2012,55,377,6,hotel jang enak dan nyaman. kamar yang bersih. pelayanan yang sangat sopan dan ramah dari receptionis yang siap memberikan informasi akurat. sarapan pagi yang luar biasa banyak menyajikan makanan indonesia. mempunyai kolam renang yang cukup besar. yang kurang adalah sarana transportasi yang terbatas untuk tamu ke darah tujuan. harga kamar sesuai dengan layanan yang diterima.,none,positif,positif,positif,netral,positif,netral
1532,Agoda,Hotel Santika Bogor,12/7/2015,54,367,6,"lokasi sangat strategis, terletak di tengah kota, bersebelahan dengan mall. kebersihan kamar kurang, lantai ada banyak debu berpasir, kran closet bocor sehingga air menggenang di kamar mandi. kenyamanan kamar cukup baik hanya saja kasur twin terlalu kecil. staf cukup baik dan ramah, makanan cukup baik juga, kolam renang terlalu kecil. secara keseluruhan cukup baik.",positif,netral,positif,negatif,none,positif,netral
9988,Traveloka,Hotel Santika Depok,8/20/2025,54,320,6,"check in cepat, staf sangat informatif, akses mudah bisa dari lobby atau dari mall, kamar bersih, wi-fi lumayan cepat, sarapan cukup bervariasi dan menu berganti setiap hari nya, parkir bisa di area mall, depan lobby hotel atau di area parkir apart, ada akses langsung ke mall jadi mudah cari makan, check out juga cepat",positif,positif,positif,positif,none,positif,positif
628,Agoda,Hotel Santika Bandung,5/30/2013,53,342,6,menyenangkan dan bikin betah sayang saya hanya punya waktu 1 hari. kolam renang nampak menyenangkan dan tidak terlalu dalam. lokasi dekat ke mall dan transportasi mudah. ke bandara bisa diantar tanpa biaya dan dekat. sarapan juga cukup memuaskan. staf nya ramah dapet dan ramah banget. untuk acara bisnis maupun dengan keluarga tidak masalah.,positif,positif,positif,none,netral,positif,netral
6038,Traveloka,Hotel Santika Bandung,1/17/2024,53,385,6,"dear santika hotel bandung, terima kasih. ini pertama kalinya saya menginap di hotel santika bandung, secara keseluruhan hotel tua tapi perawatan dan maintenance bagus banget. resepsionis sangat membantu, kamar bersih, fasilitas bagus, sarapan (belum sempat mencoba). lokasi strategis, banyak kuliner di seberang hotel. saran: hand dryer bisa ditambahkan di setiap kamar. terima kasih.",positif,netral,positif,positif,none,netral,positif
10393,Traveloka,Hotel Santika Depok,11/6/2019,53,367,6,"berlokasi di margonda depok, akkesnya mudah, hotelnya gabung dengan mal di mal. ada cgv jika ingin nonton. banyak restoran untuk pilihan kita makan. staf hotelnya ramah dan baik-baik. breakfast-nya enak cocok buat kami dan harganya terjangkau. kamarnya bersih follow up staff-nya cepat ketika kita minta tambahan sesuatu di kamar, recommended. terima kasih traveloka.",positif,positif,positif,positif,positif,positif,none
12585,Traveloka,Hotel Santika Mega City Bekasi,1/30/2019,52,333,6,"kamar sesuai dengan pesanan, suasana nyaman dan bersih. staf hotel ramah, sarapan banyak menu pilihan. hotel berada di lokasi strategis bekasi barat, jadi kalau mau jalan ke mal tinggal jalan kaki saja. meski hotel berada di pusat kebisingan, suara tidak sampai ke dalam kamar. dengan harga 500 ribuan sangat recommend untuk liburan.",positif,positif,positif,positif,positif,positif,none
7082,Traveloka,Hotel Santika Bandung,11/4/2015,51,365,6,"kesan selama menginap di santika bandung sangat luar biasa. lokasi strategis, dapat upgrade kamar bebas tanpa biaya. penjemputan dan pengantaran ke bandara juga free. kebersihan dan kenyamanan sangat baik banget. dan sarapanny awesome. next ke bandung pasti menginap disini. untuk sarannha internet wi-fi ditingkatkan lagi kualitasnya, biar tidak bolak balik login.",positif,none,positif,positif,positif,positif,negatif
11550,Traveloka,Hotel Santika Depok,12/9/2015,51,367,6,"pelayanan ramah dan cepat. kamar cukup bersih. mudah untuk mencari makanan atau kebutuhan lain karena lobi hotel terhubung langsung dengan depok mall. lokasi sangat dekat dengan ui depok, terutama bila lewat jalan tembusan. pilihan breakfast cukup bervariasi. wi-fi hotel sulit ditangkap sinyalnya, sehingga fasilitas wi-fi useless. sinyal hp susah, timbul tenggelam.",positif,positif,positif,positif,none,positif,negatif
3517,Agoda,Hotel Santika Tasikmalaya,9/5/2012,50,373,6,"hotel santika tasikmalaya berada di lokasi yang sangat strategis, dekat dengan pusat kota, masjid agung dan pasar. ukuran kamar cukup luas, pelayanannya juga sangat bagus. makanan kurang variatif sehingga membosankan terutama jika menginap terlalu lama. ruangan cukup bersih, hanya handuk-handuk sudah berubah warna cukup jauh, sebaiknya loundry lebih ditingkatkan mutunya.",positif,positif,positif,negatif,none,negatif,netral
1003,Agoda,Hotel Santika Bogor,1/22/2018,49,304,6,"kebersihan: keylock kamar mandi di 526 rusak, ada rambut di kamar mandi dan noda kuning di handuk. minuman: makanan adalah lokasi bagus yang menakjubkan. pelayanan saat check in: belum dilayani seperti hotel bintang 4, kamar belum siap jam 2. 30, tidak ada minuman selamat datang, tidak ada penjaga pintu",positif,netral,netral,negatif,none,positif,netral
12831,Traveloka,Hotel Santika Mega City Bekasi,8/29/2018,49,330,6,"hotel ini harganya tidak terlalu mahal tapi pelayanan dan kamarnya bagus. menang sih ukuran kamarnya tidak begitu besar tapi karena kami tujuannya bulan madu jadi tidak masalah. air panas tersedia, air conditioner tidak ada masalah, tempat tidur bersih, makanan untuk sarapan bervariasi dan enak. kurangnya hanya view dan wifinya.",none,positif,positif,positif,positif,positif,negatif
378,Agoda,Hotel Santika Bandung,11/19/2012,48,353,6,"masa menginap saya luar biasa. kamarnya bersih, pelayanan dari stafnya luar biasa, bahkan mereka menyediakan antar-jemput gratis ke stasiun kereta. terletak di dago yang merupakan salah satu kawasan terpenting dan sibuk di bandung, santika akan memberikan anda pergerakan paling nyaman ketika mengunjungi bandung. namun, sarapannya tidak begitu menarik.",positif,positif,positif,positif,positif,negatif,none
525,Agoda,Hotel Santika Bandung,12/29/2018,48,313,6,"kamar cukup luas. diluar perkiraan kami, makan pagi lumayan. banyak pilihan. fasilitas kolam cukup baik. sayang bangunan agak tua. perlu sedikit perbaikan di beberapa titik. renovasi jauh akan lebih bagus. yang luar biasa. kendaraan / mobil kami bersih di pagi hari. terima kasih santika sudah mencuci mobil kami.",negatif,positif,positif,positif,none,positif,positif
12809,Traveloka,Hotel Santika Mega City Bekasi,9/12/2018,48,291,6,"sangat praktis jika mau ke mal, makanan enak hanya kalau lagi ramai jam 8 sudah banyak yang habis makannya, staf ramah semua, kolam renang standar dan tidak ada tempat mandi dan salin buat wanita karena terbuka, kamar bersih, bantalnya kurang. semua yang saya tulis benar adanya silakan cek.",positif,negatif,positif,positif,none,negatif,negatif
5360,Tiket,Hotel Santika Bogor,4/30/2023,47,333,6,"pelayanan baik, semua ramah2, breakfast cukup enak tapi tidak terlalu banyak variasi. kamar standard ukurannya baik. bersih standard santika. dapat 4 botol mineral water. sebelah botani mall, nyambung dengan mall. lokasi strategis sekali. harga long weekend 900rb cukup baik dibandingkan hotel lainnya. kalau biasa mungkin 600rb an. ",positif,positif,positif,positif,positif,netral,none
5711,Tiket,Hotel Santika Cirebon,6/26/2019,47,339,6,"menginap di hotel ini karena ada acara, jadi pas banget. lokasi strategis, bersih, fasilitas lengkap, pelayanan sangat baik. sedikit kekurangannya, sewaktu hari pertama, tamu banyak banget, restoran (sarapan) sepertinya tidak siap, banyak makanan yang habis dan tidak segera diisi kembali. harga lumayan mahal, mungkin karena pas liburan. ",positif,none,positif,positif,negatif,negatif,positif
6637,Traveloka,Hotel Santika Bandung,7/5/2017,47,295,6,"telat cek in nya, harus menunggu lagi lebih sejam. walaupun saya dapat satu kamar yang di up grade tanpa tambahan biaya, ttp kamarnya bau apek, sptnya kamarnya jarang ditempati. makan pagi sih banyak variasi hanya rasanya kurang. lokasi bagus karena sepanjang jalan itu banyak fo dan restourant.",positif,negatif,negatif,negatif,netral,negatif,none
8671,Traveloka,Hotel Santika Bogor,1/13/2016,47,349,6,"doormen, frontman, security sangat baik pelayanannya, kamar bersih, air conditioner dingin, breakfast banyak variasi hanya kapasitas meja perlu ditambah, area parkir tidak dijaga petugas sehingga tamu harus mencari pintu masuk parkirnya sendiri. cocok untuk liburan sekeluarga karena akses dekat mall, pintu tol dan ditengah kota bogor. recommended!",positif,positif,positif,positif,none,positif,negatif
11250,Traveloka,Hotel Santika Depok,8/17/2016,47,322,6,"semuanya baik, receptionistnya terbaik, pelayanan restoran dan makanannya juga memuaskan dan bersih, semua staf ramah sekali baik dari security dan yang lainnya sangat membantu, tidak ada yang buruk dari hotel ini, harga juga bersahabat kemana2 juga dekat dan akses mudah. semoga hal-hal baik ini bisa terus dipertahankan.",positif,positif,positif,positif,positif,positif,none
2179,Agoda,Hotel Santika Cirebon,7/18/2022,46,274,6,"lokasi baik dekat dengan byk resto, rs, toko buku dan stasiun kereta api. staf ramah dan membantu kebersihan kamar baik. makanan baik bagus ada corner jamu nya yang enak rasanya. hanya toilet room di area dekat lift aja dimana setiap kamar kecil ada undakan bikin kesandung.",positif,positif,positif,netral,none,positif,negatif
6245,Traveloka,Hotel Santika Bandung,2/19/2020,46,298,6,"hotelnya nyaman. pertama datang dilayani ramah oleh pak gellen: pelayanan cepat dan dapat free upgrde kamar di depan kolam renang pula. senangnya. kolam renang bersih, kamar bersih. pada saat sarapan juga dapat pelayanan yang baik, dengan variasi makanan yang baik dan rasa yang enak. hotel santika",none,positif,positif,positif,positif,positif,positif
4024,Tiket,Hotel Santika Bandung,9/19/2021,45,273,6,"suka banget ama sirkulasi udara di hotel ini (di bagian luar kamar yah) untuk kamarnya baik kok, bersih untuk sarapannya so so, sayang waktu kesana mesin espresso nya rusak katanya parkirannya sih memang kecil yah jalanannya tapi waktu stay worth for money! staf nya ramah2",none,positif,positif,positif,positif,netral,negatif
7677,Traveloka,Hotel Santika Bogor,3/30/2022,45,283,6,"hotelnya enak. strategis tempat deket banget ama botani square mall bogor, tempat parkir nyatu, ada jajanan macam macam. breakfast makanan indo kebetulan waktu itu. kolam renang nya di lantai 3. waktu satang cukup ramai. kamar dan toilet nya bersih. nyaman. staf nya juga pada ramah.",positif,positif,positif,positif,none,positif,positif
420,Agoda,Hotel Santika Bandung,12/13/2012,44,289,6,"letaknya di pusat kota dan dekat dengan mall, jadi sangat nyaman. meski bangunannya sudah cukup tua, namun kamarnya luas dan tetap bersih. wi-fi gratis di kamar, tetapi kecepatannya lambat. sarapannya enak, tapi mungkin karena datang di jam sibuk, beberapa hidangan belum siap tepat waktu.",positif,positif,none,positif,positif,negatif,netral
7190,Traveloka,Hotel Santika Bandung,4/29/2015,44,301,6,"hotel nya bagus meskipun bangunan lama, pegawainya ramah dan sopan. kamar bersih. siaran televisi kabel banyak pilihan. breakfast nya enak dan banyak macamnya. puas dan recommend menginap di santika bandung. thanks traveloka atas diskon nya. transaksi mudah dan cepat. traveloka memang pas untuk kita.",none,positif,positif,positif,positif,positif,netral
10141,Traveloka,Hotel Santika Depok,5/31/2023,44,294,6,"ini yang kedua kali saya menginap d santika depok. staf responsif, kamar bersih, perlengkapan toiletries lengkap, wi-fi kencang dan sarapan variatif, ad kids corner juga bg yang membawa anak-anak. lokasi strategis dan bersebelahan dengan mall, sangat mudah u mencari makanan dan belanja d mall.",positif,positif,positif,positif,none,positif,positif
111,Agoda,Hotel Santika Bandung,7/22/2024,43,279,6,"kebersihan kamar baik, staf sangat kurang mau pakai fasilitas hotel tidak ada pegawainya, sarapan kurang, kopi dll dalam kamar tidak jelas merek apa, interior hotel kosong kurang menarik, karena ada acara semua hotel full kebagian ini dengan harga kamar harusnya jauh lebih murah",none,negatif,negatif,positif,negatif,negatif,negatif
9928,Traveloka,Hotel Santika Depok,4/1/2026,43,279,6,"menginap di hotel ini sangat nyaman dengan pelayanan yang ramah dan profesional. fasilitas lengkap, kamar bersih, makanan enak dan lokasi strategis karena dekat dengan mal. cocok untuk liburan dan kebetulan saya dapat kamar di ujung dengan view yang bagus pagi dan malam harinya.",positif,positif,positif,positif,positif,positif,none
12307,Traveloka,Hotel Santika Mega City Bekasi,12/11/2019,43,302,6,"pelayanannya baik, sarapan enak, kamar bersih, suasana nyaman, tempat strategis karena menyatu dengan mal. sayangnya agak sulit menemukan lokasi lift untuk menuju lobby hotel. alangkah baiknya jika petunjuk untuk ke lobby hotel ditambah agar dapat menemukan tanpa bertanya. sinyal wi-fi di kamar lemot.",netral,positif,positif,positif,none,positif,negatif
7445,Traveloka,Hotel Santika Bogor,6/26/2024,42,256,6,"lokasi strategis karena sama dengan botani square, staf ramah, kamar bersih, menu sarapan standar. lift sempit dan saat itu sensor lift untuk buka tutup pintu tidak berfungsi dengan baik, apalagi saat membawa 1 unit stroller bayi dan 1 unit stroller roda 3",positif,netral,positif,positif,none,netral,negatif
6476,Traveloka,Hotel Santika Bandung,12/20/2017,41,256,6,"check in check out cepat. kamar mandi baik. hanya saja sarung bantal dan sprei tidak putih bersih. kamar juga tidak wangi. lift tidak bisa turun ke area parkiran. sarapannya standar. lokasinya didepan hotel ada mall yogya, di sekitar banyak factory outlet.",positif,positif,positif,negatif,none,netral,netral
1699,Agoda,Hotel Santika Cirebon,9/15/2025,40,284,6,"lokasi berdekatan lokasi perkantoran kota cirebon, kamar luas dengan cukup bersih. kolam renang bersih dengan disediakan handuk. staf sangat ramah dan menunjukkan inisiatif untuk membantu terutama yang bertugas di kolam renang dan kebun/ taman sekitar kolam. untuk makanan biasa saja.",netral,positif,positif,positif,none,netral,netral
5816,Tiket,Hotel Santika Tasikmalaya,11/5/2025,40,292,6,"hotel santika tasikmalaya menawarkan kenyamanan khas santika dengan pelayanan ramah dan lokasi yang strategis di pusat kota. kamar bersih, fasilitas lengkap, dan sarapan prasmanan yang variatif dengan cita rasa lokal menjadi nilai plus. cocok untuk perjalanan bisnis maupun liburan keluarga. ",positif,positif,positif,positif,none,positif,positif
6334,Traveloka,Hotel Santika Bandung,1/16/2019,40,260,6,"lokasi hotel strategis sekali, di depan hotel ada riau juction dan bandung indah plaza sehingga jika ingin ke mall cukup jalan kaki, kamar bersih, pelayanannya ramah, wi-fi kencang, mobil ada yang cuciin. menu breakfast banyak jajanan pasar, ciloknya enak lho.",positif,positif,positif,positif,none,positif,positif
7440,Traveloka,Hotel Santika Bogor,7/10/2024,40,274,6,"kamarnya luas, bersih, ramah staf, breakfast-nya banyak pilihan dan makanannya enak, anak-anak happy berenang, morning view mountain-nya bagus, dan dekat dari mal botani square dekat juga dari permainan aqua game, liburan sekolah tahun ini pilihan hotel santika is the best.",positif,positif,positif,positif,none,positif,positif
9244,Traveloka,Hotel Santika Cirebon,6/12/2019,40,322,6,"lokasinya strategis, mudah dijangkau, parkiran nyaman, petugasnya ramah-ramah. kamarnya bersih, luas, nyaman, kamar mandinya bersih, modern. makanannya enak-enak, lengkap. kolam berenangnya luas, nyaman untuk keluarga. surprisenya mobil dicuciin, top banget, baru kali ini dapet pelayanan hotel yang luar biasa, recomended",positif,positif,positif,positif,none,positif,positif
5388,Tiket,Hotel Santika Bogor,11/28/2021,39,265,6,minus kolam renang kecil. breakfast standard kurang variatif diantara santika yang lain. parkiran susah karena hotel nempel mall. anak 5 tahun breakfast sudah bayar 1/2 harga. plus lokasi strategis nempel mall botani. kamar bersih. air panas berfungsi dengan baik. ,positif,positif,none,positif,negatif,negatif,negatif
3471,Agoda,Hotel Santika Tasikmalaya,4/23/2014,38,262,6,"sungguh nyaman menginap di hotel santika, tempatnya bersih, fasilitas lumayan, kamar bersih, pelayanan ramah, makanan enak. untuk menginap rekomen banget dech, buat temen2 yang mau jalan ke tasik, boleh cobain nginep di santika. tidak mahal, kualitas baik banget",none,positif,positif,positif,positif,positif,positif
5715,Tiket,Hotel Santika Cirebon,6/18/2019,38,248,6,"yang paling kami suka kolam renang bagus bersih airnya hangat bikin betah, untuk kamar dengan harga segtu furniturenya standart, lokasi bagus dpn hotel ada kuliner nasi jamblang, staf ramah bonus mobil dicuci terima kasih santika cirebon tiket. com",positif,positif,positif,positif,netral,none,positif
7690,Traveloka,Hotel Santika Bogor,2/23/2022,38,255,6,proses check in-out mudah. letak hotel dekat dengan mall. kamar nya lumayan walaupun sprei dan selimutnya sudah kelihatan usang banyak noda. breakfast lumayan rasa n variasinya. stafnya juga ramah. kolam renangnya bagus tapi tidak bisa renang karena rame.,positif,negatif,positif,negatif,none,positif,positif
5372,Tiket,Hotel Santika Bogor,11/12/2022,36,252,6,"pelayanan bagus. kamar bersih dan luas. breakfast lumayan bervariasi. lokasi strategis di tengah kota, bersebelahan dengan botani square mall dan ada akses khusus tamu ke mall. minus: channel televisi kurang banyak. overall, kami puas menginap disini. ",positif,positif,positif,positif,none,positif,negatif
5197,Tiket,Hotel Santika Mega City Bekasi,10/8/2021,35,215,6,1. kasur kotor 2. kamar mandi kurang bersih 3. petugas service sudah sesuai sop tapi tidak ramah alias jutek hahaha 4. dengan harga kamar segitu tidak ada kulkas 5. rasa masakan kurang dibanding dengan. selengkapnya,none,netral,negatif,negatif,netral,negatif,negatif
5314,Tiket,Hotel Santika Bogor,9/3/2024,35,236,6,"kamarnya luas. bersih. satu area dengan mall lokasi nya strategis banget. fasilitas juga okee, . kolam renang, netflix, utube, wi-fi, spa, small gym. sarapan juga bervariasi. parkir gratis tiss tis kebersihan tempat parkir sangat baik. ",positif,positif,none,positif,positif,positif,positif
74,Agoda,Hotel Santika Bandung,2/28/2025,33,235,6,"hotelnya sudah tua tapi sangat strategis, pelayanannya sangat baik, check-in mudah dan cepat, sprei dan handuk bersih dan wangi, perlengkapan mandi semua tersedia, hanya lantai kamar mandi agak kotor, sarapannya enak banyak variasinya.",positif,netral,positif,netral,none,positif,positif
2327,Agoda,Hotel Santika Cirebon,2/14/2013,33,243,6,"staf melayani dengan ramah, kamar langsung tersedia tanpa harus menunggu, kondisi kamar bersih, kolam renang untuk anak-anak juga memadai. breakfast disediakan makanan khas cirebon. lokasi dekat dengan wisata kuliner empal gentong mang dharma.",netral,positif,positif,positif,none,netral,netral
12447,Traveloka,Hotel Santika Mega City Bekasi,6/12/2019,33,223,6,"makanannya enak, akses mudah, lokasi bersih, kamar tidak kedap suara, berdekatan dengan bioskop tempat gym tidak komplet dan ada yang tidak berfungsi kolam renang kurang bersih check-in progresnya lama tidak ada hair dryer.",positif,negatif,negatif,negatif,none,positif,negatif
257,Agoda,Hotel Santika Bandung,1/25/2016,32,217,6,"interior hotel baru direnovasi, kamar luas, bersih, kamar mandi bau selokan, staf ramah, sarapan menu beragam, aksesoris gym hanya 2 jenis mesin. lokasi dekat dengan pusat perbelanjaan terkenal, mall, fo, dan kuliner.",positif,positif,positif,positif,none,positif,netral
954,Agoda,Hotel Santika Bogor,2/6/2021,32,217,6,"lokasi hotelnya sangat strategis. hotelnya di botani square mall, dekat banget kalau mau cari makan. kamar luas, wi-fi kencang, bersih. makanannya kurang variatif, tapi enak semua. agak mahal untuk hotel bintang tiga.",positif,positif,none,positif,negatif,netral,positif
12516,Traveloka,Hotel Santika Mega City Bekasi,3/13/2019,31,204,6,"hotel bersih, tenang, ramah, dan satu gedung dengan mal dan 21. sarapan enak dan banyak variasinya, bantal dan kasurnya empuk. sayang shower air hangatnya tidak berfungsi, jadinya mandi dengan air dingin.",positif,positif,positif,positif,none,positif,negatif
2723,Agoda,Hotel Santika Depok,3/24/2025,30,194,6,"semua makanan super enak di anjani cafe, semua menu tak pernah gagal menghibur lidah kita. penghargaan untuk koki! kamar bersih, staf baik, fasilitas baik, lokasi sama dengan dmall, prefek semua",positif,positif,positif,positif,none,positif,positif
2208,Agoda,Hotel Santika Cirebon,12/2/2019,29,170,6,kamar luas sarapan enak dan banyak macam nya staf ramah ada pesta bbq tiap malam sabtu (jumat) dengan hrga terjangkau parkir luas kolam renang bersih dan nyaman buat anak,none,positif,positif,positif,positif,positif,positif
7180,Traveloka,Hotel Santika Bandung,5/20/2015,29,207,6,"lokasi sangat strategis, dekat dengan mall, restaurant dan factory outlets hanya dengan berjalan kaki. banyak pilihan menu breakfast, staf sangat ramah, kamar bersih nyaman. kids pool nya besar. recommended!",positif,positif,positif,positif,none,positif,positif
5094,Tiket,Hotel Santika Mega City Bekasi,5/29/2023,28,226,6,"positifnya: staf ramah, perlengkapan kamar lengkap, tempat tidur bersih, air conditioner cukup dingin, fasilitas lengkap, makanan enak, strategis negatifnya: kamar lantainya sangat berdebu, dan parkir tidak memad. selengkapnya",positif,positif,positif,negatif,none,positif,netral
6069,Traveloka,Hotel Santika Bandung,6/7/2023,28,185,6,"lokasi hotel sangat strategis, kamar bersih dan rapi, petugas hotel cekatan, baik dan ramah, makanan cukup baik, kolam renang bersih dan secara keseluruhan menginap di hotel ini nyaman.",positif,positif,positif,positif,none,positif,positif
7471,Traveloka,Hotel Santika Bogor,4/17/2024,28,202,6,(+) lokasi; kamar tidur luas; keramahtamahan; kebersihan; menu sarapan. (-) kedap suara kamar tidur bisa ditingkatkan; tempat parkir dalam ruangan akan jauh lebih baik; waktu check-in bisa ditingkatkan.,positif,netral,positif,positif,none,positif,positif
62,Agoda,Hotel Santika Bandung,5/4/2025,27,179,6,"grup santika adalah salah satu hotel favorit saya untuk menginap di indonesia. lokasi bagus, staf membantu, kamar bersih dan besar, sarapan lengkap dan enak, dan harga terjangkau.",positif,positif,positif,positif,positif,positif,none
8467,Traveloka,Hotel Santika Bogor,5/10/2017,27,209,6,"kebersihan, pelayanan, lokasi, kenyamanan cukup memuaskan mungkin untuk cita rasa masakan perlu ditingkatkan sedangkan variasi makanan sudah baik yang agak mengecewakan mungkin fasilitas akses wi-fi di ruangan",positif,positif,positif,positif,none,negatif,negatif
6000,Traveloka,Hotel Santika Bandung,11/13/2024,26,168,6,"menginap di executive room. nyaman, lega, dan bersih. harga bersahabat. sarapan baik. lokasi strategis dekat ke jalan riau yang banyak fo dan cafe. parkiran cukup luas.",positif,positif,none,positif,positif,positif,positif
5732,Tiket,Hotel Santika Cirebon,12/6/2018,25,174,6,"kamar luas, bersih, sarapan variasi menu banyak dan yang paling saya suka adanya makanan khas cirebon, pelayanan memuaskan dan harganya sesuai dengan fasilitas dan pelayanan.",none,positif,positif,positif,positif,positif,positif
593,Agoda,Hotel Santika Bandung,9/11/2014,24,173,6,"kamar nyaman dan bersih, tempat strategis, parkir cukup, makanan lokal baik, pelayanan secara umumbaik. pengaturan lampu kamar yang perlu diperbaiki tidak ada welcome drink.",positif,positif,positif,positif,none,positif,positif
9206,Traveloka,Hotel Santika Cirebon,1/1/2020,23,172,6,"staf-nya ramah serta membantu, sarapan banyak variannya, air kolam renang hangat, spacious room dan bersih, lokasi dijantung kota cirebon. recommended hotel untuk keluarga!",positif,positif,positif,positif,none,positif,positif
5913,Tiket,Hotel Santika Tasikmalaya,11/11/2019,22,145,6,"check in dilayani dengan cepat dan ramah, kondisi kamar bersih, amenities lengkap, harga makanan hotel tidak terlalu mahal dan rasanya cukup enak",none,positif,positif,positif,negatif,positif,positif
3897,Tiket,Hotel Santika Bandung,6/17/2019,21,152,6,"lokasi hotel strategis, pelayanan ramah, kondisi ruangan n kolam renang bersih. hotel bangunan tua namun cukup terawat. makanan sahur kurang bervariasi.",positif,negatif,positif,positif,none,negatif,netral
6518,Traveloka,Hotel Santika Bandung,11/15/2017,21,149,6,"secara keseluruhan bagus, lokasi bagus (dekat persimpangan bip dan riau), kolam renang bersih, ruangan besar, cuci mobil gratis dengan layanan hotel.",positif,positif,positif,positif,positif,none,positif
7328,Traveloka,Hotel Santika Bogor,8/20/2025,21,151,6,"puas secara keseluruhan, baik kamar, pelayanan, makanan, kebersihan, ada fasilitas renang, gym, dekat dengan mal dan tempat wisata dan kuliner lainnya.",positif,positif,positif,positif,none,positif,positif
12402,Traveloka,Hotel Santika Mega City Bekasi,7/24/2019,21,140,6,"harga sesuai dengan hotel, kamar besar dan bersih, makanan standar untuk rasa, dan kolam renang kecil. akses hotel sangat dekat kemana-mana.",positif,positif,none,positif,positif,netral,negatif
848,Agoda,Hotel Santika Bogor,6/8/2024,20,141,6,"lokasi sangat strategis, kamar bersih dan luas, sarapan bervariasi dan enak, staf sangat membantu. secara keseluruhan, ini adalah nilai uang.",positif,positif,positif,positif,positif,positif,none
8240,Traveloka,Hotel Santika Bogor,6/6/2018,20,138,6,"hotel yang bagus, kamar luas dan bersih, lokasi sangat strategis, layanan ramah, makanan enak. harganya lumayan mahal. sukses buat santika",positif,positif,positif,positif,negatif,positif,none
14733,Traveloka,Hotel Santika Tasikmalaya,4/8/2015,20,135,6,"hotel sangat bersih dan nyaman. pelayanan ramah, lokasi di pusat kota, pilihan menu breakfast cukup beragam dan harga cukup terjangkau.",positif,positif,positif,positif,positif,positif,none
12397,Traveloka,Hotel Santika Mega City Bekasi,7/31/2019,19,138,6,"hotel bersih, rasa makanan standar sesuai harga, kolam renang kecil, pelayanan baik dan ramah, hotel dilokasi strategis dekat kemana-mana.",positif,none,positif,positif,positif,netral,negatif
6308,Traveloka,Hotel Santika Bandung,4/24/2019,18,128,6,"lokasi strategis, pelayanan baik, kamarnya bagus, variasi menu sarapan juga banyak dan kolam renang bersih. cocok untuk liburan.",positif,positif,positif,positif,none,positif,netral
6176,Traveloka,Hotel Santika Bandung,6/2/2021,15,100,6,"lokasi strategis, kamar nyaman, kolam renang bersih, petugas ramah dan sarapan dengan rasa yang pas.",positif,positif,positif,positif,none,positif,positif
2435,Agoda,Hotel Santika Depok,2/4/2025,14,95,6,"hotel strategis dekat mall, fasilitas lengkap, kamar bersih, staf ramah dan menu sarapan banyak",positif,positif,positif,positif,none,positif,positif
6570,Traveloka,Hotel Santika Bandung,9/6/2017,12,99,6,"pelayanan, kebersihan, kenyamanan, lokasi dan sarapan paginya serta kolam renangnya cukup memuaskan",positif,positif,positif,positif,none,positif,positif
7916,Traveloka,Hotel Santika Bogor,2/19/2020,10,94,6,"lokasinya strategis, tempatnya bersih, nyaman, ramah, fasilitas lengkap, makanannya enak-enak.",positif,positif,positif,positif,none,positif,positif
2030,Agoda,Hotel Santika Cirebon,3/28/2012,295,2002,5,"yang membuat saya kesal dengan hotel ini adalah layanan penjemputan yang mereka berikan kepada kami. sehari sebelum kedatangan saya, saya telah memeriksa melalui telepon tentang reservasi saya. jadi, saya baru tahu bahwa mereka menyediakan layanan antar jemput gratis ke dan dari stasiun kereta. jadi, saya memerintahkan mereka untuk menjemput kami pada tanggal kedatangan kami. lalu, tidak ada yang muncul. ini pertama kalinya dalam hidupku sebuah hotel -yang sudah berjanji akan menjemput kami- tidak muncul. jadi, saya menelepon hotel. mereka mengatakan mereka telah mengirim sopir tetapi tidak ada orang di sana. jadi, kami memutuskan untuk pergi ke hotel sendiri dengan becak (kereta tradisional). sesampainya di lobi dan check-in, saya mengeluhkan masalah itu. alih-alih meminta maaf, kantor depan mengatakan dia tidak begitu tahu apa yang terjadi. dia bertanya kepada pelayan yang sepertinya adalah orang yang mengurus masalah ini. orang ini juga tidak meminta maaf tapi memberi saya alasan yang membuat saya semakin marah. kemudian, ketika dia membawa barang bawaan kami ke kamar, akhirnya dia meminta maaf. ia berusaha bersikap baik dengan menawarkan untuk membawa kami ke salah satu tempat kuliner terkenal di cirebon secara gratis. selama kami tinggal, dia berusaha bersikap sangat baik dan bermanfaat. jadi, saya rasa saya tidak lagi kecewa dengan layanan mereka, tetapi setidaknya hal itu meninggalkan catatan buruk bagi saya. jika mereka tidak bisa memenuhi apa yang mereka janjikan, lebih baik mereka tidak menjanjikannya sama sekali. sisa masa tinggal kami baik-baik saja. kolamnya airnya hangat bukan karena dipanaskan dengan listrik tapi karena cirebon sangat panas sehingga matahari memanaskan air secara alami. makanan sarapannya enak, isi ulang selalu cepat, dan varian cukup banyak padahal hotel ini hanya bintang 3. mereka memiliki wi-fi di dalam kamar, terkadang lambat, terkadang hidup dan mati. tapi tidak apa-apa. kamarnya luas dan bersih. stafnya bagus dan baik secara umum.",none,none,negatif,positif,positif,netral,negatif
7822,Traveloka,Hotel Santika Bogor,12/30/2020,269,1819,5,"to be honest, menurut pendapat pribadi saya untuk harga package new year yang ditawarkan tidak terlalu worth dengan yang didapatkan. untuk ukuran kamar yang saya pilih yaitu superior room cukup baik dengan interior yang memang kita tidak bisa expect too much (tapi saya masih acungi jempol karena walaupun superior room tapi tetap dilengkapi juga dengan mini kulkas), yang saya sayangkan untuk kebersihan sprei dan selimut yang masih kurang banget, banyak noda-noda kuning dan bagi pemilik kulit sensitif seperti ibu saya jadi terasa gatal saat tidur di kasur tersebut, mohon manajemen hotel untuk lebih diperhatikan hal-hal tersebut. poin plusnya adalah ketika saya meminta extra sprei/selimut petugas dengan sigap mengantarkan ke kamar, amenities lengkap, kamar mandi pun bersih dilengkapi dengan handuk serta kesetnya. air panas berfungsi dengan baik, tak ada masalah untuk hal tersebut. air conditioner ruangan sedikit bocor saat disetel dalam suhu rendah, no too much tapi cukup mengganggu, mungkin bagian pemeliharaan bisa dicek secara rutin ac-nya. yang buat saya kurang nyaman kembali adalah saya mendapat kamar di lantai 2, saat malam menjelang tidur decitan kursi dan meja yang digeser terdengar jelas dari lantai atas. entah karena itu dari bagian restoran yang ada di lantai 3 atau tetangga-tetangga sebelah kamar. tapi agak annoying sih. untuk menu dinner dan breakfast terbatas, cukup dimengerti karena mungkin masih dalam kondisi pandemi. tapi karena harga package yang yang saya ambil saya agak berharap lebih. but that baik, well scara keseluruhan hotel santika benar-benar menerapkan protokol kesehatan secara baik. mulai dari pengukuran suhu sampai penyemprotan disinfectan sebelum kita masuk. hanya beberapa hal yang saya sebutkan di atas semoga kedepan lebih diperhatikan kembali. terima kasih you.",none,negatif,positif,negatif,negatif,negatif,none
3822,Tiket,Hotel Santika Bandung,12/18/2019,256,1687,5,"setelah perjalanan selama 5 jam, akhirnya kami tiba ke bandung. mampir sebentar untuk makan siang dan langsung menuju ke hotel. tiba di hotel sekitar pukul 3 dan diminta menunggu sekitar 10-15 menit hingga kamar siap. kondisi hotel saat itu sedang ramai karena ada acara sehingga agak sulit mendapatkan parkir. setelah kamar siap kami langsung menuju kamar namun ternyata ada spesifikasi kamar yang tidak sesuai dengan yang kami harapkan walaupun tipe kamarnya sudah sesuai. kami pun melakukan konfirmasi ke resepsionis dan berharap bisa mendapatkan kamar dengan spesifikasi yang sesuai. awalnya agak sulit karena untuk tipe kamar tersebut dinyatakan sudah terisi semua, namun kami akhirnya dibantu dengan mod yang bertugas saat itu yaitu mba tika yang sangat ramah dalam membantu kami agar bisa mendapatkan spesifikasi kamar sesuai dengan yang kami harapkan. setelah menunggu beberapa waktu, kami akhirnya diberikan free upgrade tipe kamar agar dapat spec yang sesuai karena tipe kamar dengan spec yang kami pesan sudah full semua. anak-anak tentu saja sangat senang dan tidak jadi kecewa. terima kasih sekali lagi buat mba tika atas bantuannya sehingga anak2 tetap happy menikmati liburannya. untuk lokasi hotelnya sangat strategis karena dekat sekali dengan riau junction, dan fo fo di sekitar jl. riau, dekat taman lalu lintas juga untuk hiburan anak2. untuk sarapannya lumayan enak hanya mungkin variasinya tidak sebanyak di santika bintaro (karena yang di bintaro santika premiere ya jadi agak beda variasi menunya). overall, kami senang dan puas dengan pengalaman menginap di santika bandung kali ini dan mungkin akan kembali lagi di lain waktu. terimakasih santika dan tiket. com",positif,none,positif,none,positif,positif,negatif
10392,Traveloka,Hotel Santika Depok,11/13/2019,255,1613,5,"the worst hotel i've ever stayed. harganya premium sebetulnya, 2-3x lipat budget hotel. bahkan yang suitenya lebih mahal daripada hotel lain. baik satu per satu: 1. lobby yang masih pakai pintu dorong, belum otomatis dengan sensor. sulit banget kalau bawa barang banyak. karena kalau sendirian, susah nurunin barangnya dari parkiran lt 3. 2. kamar mandi yang kamar standar kacau. masa walaupun sudah ditutup krei, masih banjir keluar dan menggenang! menggenang loh kaya kolam dan tidak bisa surut sampe housekeeping datang untuk meras pake handuk. ini kan berarti konstruksinya salah! 3. washtafel di suite, bentuk krannya kependekan sampai susah banget mau cuci tangan. 4. bentuk ruangan yang kamar standar, buruk sih. kaya budget hotel banget. agak susah bergeraknya. kursi dipake duduk, orang tidak bisa lewat atau tidak bisa buka lemari. plus minim banget jemuran, jadi bingung naro barang dimana. 5. saya baru bisa check in jam 3. tapi tetep ditanyain terus mau check out jam 12. huftt. 6. makanan banyak varian, tapi biasa aja. 7. sistem input nomer kendaraan kacau. teman saya dan saya tidak diinput. fatalnya kan ini kita ketahui ketika sudah di parkiran luar. masa saya diminta petugas parkir untuk kembali lagi ke hotel. akhirnya saya bayar dulu 89. 0. 8. kolam renang kecil, handuk disana tidak layak, fasilitas gym cuma sepeda (rusak) dan treadmill. jadi bagi pihak hotel, ayo berbenah lah dengan harga setinggi itu. kalau tidak bisa, ya turunin aja harganya agar konsumen tidak berekspektasi. bagi para calon pengguna, mending hotel lain aja kalau mau yang premium. never feel so disappointed before.",none,negatif,negatif,none,negatif,negatif,negatif
1482,Agoda,Hotel Santika Bogor,12/27/2019,208,1353,5,"kesan pertamanya ribet bgd mau masuk parkir, karena memang sengaja berkendara motor menghindari kemacetan kota bogor. parkir motor dibelakang, jd harus muter jauh untuk masuk lokasi parkirnya pun di basement nya mall botani square jadi tidak bisa langsung masuk hotel, harus melalui mall dulu. kesan kedua, cek in cepat walau kondisi di meja resepsionis penuh orang yang cek in. mungkin karena saya sudah booking lama, jd kamar sudah siap. namun malah terlihat seperti staf resepsion jadi buru2, tidak fokus melayani saya. tidak ada informasi apa2 yang diberika sehingga saya harus bertanya dl mengenai breakfast, parkir yang dikenakan tarif. sampai2 mau pulang baru tau kalau ada akses wi-fi yang bisa dipakai, biasanya dihotel lain selalu diinfo pd saat cek in disini sama sekali tidak diinfo. kesan ketiga, kamar deluxe dengan ranjang queen nya so bagus, luas ada sofa bed yang bisa dipakai tidur anak balita kami. hanya perlu diperhatikan kelengkapan kamar seperti tisue yang mungkin terlewat untuk disiapkan kesan keempat, breakfast juga tidak diinfo mengenai tambahan biaya anak kami yang masih 5th kesan kelima, ternyata ada kids activity yang diadakan di tiap weekend. beruntung nya anak kami bisa ikut menjadi salah satu yang mendapat bingkisan kesimpulannya adalah hotel yang cukup baik, mungkin lain kali akan kembali dengan menggunakan mobil",negatif,none,positif,none,netral,netral,netral
3531,Agoda,Hotel Santika Tasikmalaya,6/13/2012,206,1299,5,"dimulai dari kedatangan saya langsung disambut petugas concierge yang membantu menurunkan barang-barang bawaan saya dan keluarga. proses check in yang cepat dan terima kasih sudah meng-upgrade kamar saya menjadi deluxe dengan connecting door ke kamar ibu saya (beliau sekamar dengan adik ipar cewe + bayi 4 bulan. kamar dalam kondisi bersih kecuali kamar ayah saya (beliau sekamar dengan adik saya)yang masih dalam keadaan acak-acakan. terlihat petugas housekeeping cukup panik karena tidak mengira kalau rombongan kami sudah datang. isi kamar sih standar bintang 3 kecuali tidak ada kulkas dan hairdryer (ternyata ini harus kami request ke hk)selebihnya fine. view yang saya sebut ""country village view"" cukup menarik apalagi untuk anak-anak saya yang usianya 7 dan 2 tahun. kolam renangnya formalitas saja kalau menurut saya, tetapi kalau untuk anak-anak saja sih sudah cukup. roof top juga saya kunjungi dan hm. no comment for this one berbeda dengan rooftop lain yang pernah saya nikmati, tapi ya memang beda kelas juga sih. the breakfast was baik, beside the variety of food is not the same as santika in other cities. the other bagus thing is the flexibility on late check out. overall, orang tua saya senang, anak-anak juga betah. no choice in tasik actually. but bagus to have santika there.",none,netral,positif,netral,none,positif,negatif
968,Agoda,Hotel Santika Bogor,11/19/2019,204,1358,5,"pada hari sabtu saya merencanakan liburan ke bogor dan memutuskan untuk menginap di hotel santika karena lokasinya yang strategis (depan tugu kujang dan satu kawasan dengan botani square mall). saya tiba jam 11 pagi sebelum waktu check-in dan berniat memarkir mobil di area parkir hotel sambil berkeliling mall dulu. aku tanya dulu ke satpam di lobi hotel dan dia mengarahkanku ke tempat parkir di sebelah mal dan ketika aku sudah ada di sana, satpam lain menolakku dan menyuruhku mencari tempat parkir biasa bersama pengunjung mal lainnya (ya, mal itu ramai banget di akhir pekan) karena tempatnya penuh. bukankah satu tempat parkir untuk satu tamu merupakan salah satu fasilitas hotel? dan kalaupun untuk level hotel santika, sungguh mengecewakan. setelah akhirnya sampai di kamar, saya meraba temboknya jadi begini sehingga terdengar suara tetangga saya menyalakan shower, air conditioner mengeluarkan suara aneh, dan bed covernya cukup bau. selain itu, saya meminta pengering rambut dan kehabisan (saya mendapatkannya keesokan paginya setelah saya mengingatkan staf rumah tangga sekali lagi). tetap saja saya lega dengan menu sarapan enak yang menawarkan variasi masakan dan kue tradisional bogor. namun jika saya bertanya, apakah masa tinggal saya sepadan dengan uang yang dikeluarkan? tidak. apakah saya ingin menginap di sini lagi? tidak terima kasih.",positif,netral,netral,none,none,positif,netral
2559,Agoda,Hotel Santika Depok,3/6/2020,190,1226,5,"saya di sini di depok karena pesta pernikahan teman. saya belum pernah ke sini jadi saya mencari di internet dan kemudian menemukan bahwa hotel ini berada di lokasi terbaik dekat pusat kota dan terletak di mal. saya membayangkan kolam renangnya sulit atau setidaknya sama dengan kolam di santika jakarta, tapi saya salah. karena gedung ini adalah apartemen kota jadi kolamnya standar. maksudku. dan gymnya juga tidak begitu bagus untukku. tapi tidak apa-apa karena diberi label di hotel bintang 3. tapi sejujurnya harganya hampir sama dengan hotel sejenis lainnya yang memiliki fasilitas lebih baik dari ini. saya baik dan tidak pernah menyesal memilih hotel ini, karena stafnya sangat bagus. terutama resepsionis yang memberi saya lebih banyak informasi tentang kota ini. staf dapur juga sangat baik dan saya suka jamu (bavarage tradisional jawa) yang disediakan saat sarapan. menu di restoran anjani juga sangat enak. pasti akan datang ke sini lain kali. lina banyak memberiku informasi tentang promo makanan jepang di bulan maret. buat kamu yang suka makanan jepang, wajib kesini untuk mencoba karena murah sekitar 65k dan enak sekali. kreditur kepada: cristina, irfan, picho, lina dan lainnya dari meja depan dan restoran.",positif,none,positif,none,positif,positif,netral
10243,Traveloka,Hotel Santika Depok,10/20/2021,181,1162,5,"sangat menyenangkan dan memuaskan sekali menginap di hotel santika depok. mulai dari pelayanannya saat check in, staf ramah, sangat membantu dan cepat dalam memberikan informasi. kamar yang saya pesan, 2 superior dan 1 executive, semua kamar sangat bersih, nyaman, bed nya besar, air conditioner dingin, saat saya minta tambahan selimut, langsung diberikan selimut tambahan dan wangi sekali selimut serta bantalnya. di kamar executive, ada sofa tambahan jadi bisa untuk kumpul keluarga. breakfast walaupun tidak terlalu banyak variasinya, tetapi soal rasa cocok sekali dengan saya dan keluarga. rasanya enak, staf restoran dengan sigap membantu mengambilkan jadi lebih higienis. hanya 1 yang kurang di hotel santika, dari awal dibilang bahwa swimming pool terbatas jadi harus reservasi karena terbatas untuk 4 orang saja dan saya dapat jam 12. 00 siang saat matahari terik. ketika sampai di kolam renang, ternyata tidak ada 1 petugas pun yang jaga di kolam. jadi sebenarnya bisa saja saya masuk kapan saja ke kolam tidak harus tunggu jam 12 siang. 1 hal lagi tidak ada bangku-bangku di area kolam renang jadi jangan bawa banyak barang karena tidak bisa di titip.",none,positif,positif,positif,none,positif,negatif
2260,Agoda,Hotel Santika Cirebon,12/31/2015,175,1174,5,"kami agak kaget saat menginap di hotel santika kali ini. penampilan dari luar terlihat nyaman, namun saat memasuki kamar terlihat bahwa hotel ini sudah sangat tua dan butuh renovasi (kamar kami tipe superior twin bed). headboard tempat tidur sangat kuno, begitu juga furniture lainnya seperti meja dan kursi. kondisi kamar tidak terlalu bersih, banyak debu dimana2 khususnya di sudut2 kamar dan standing lamp. saat kami check in, ada sejenis serangga yang berterbangan di kamar dan akhirnya diusir keluar oleh bell boy yang mengantarkan koper. air conditioner kamar kami sangat berisik, seperti ada suara air mengalir. kami minta teknisi untuk cek, dan menurut teknisi suara itu adalah suara air coolant dan tidak berbahaya. teknisi akhirnya membersihkan air conditioner di kamar kami dan air conditioner outdoornya. karena kami menginap di hotel ini hanya semalam maka kami tidak mempermasalahkan suara berisik air conditioner tersebut ke management. satu2nya yang kelihatan baru direnovasi adalah kamar mandi dalam kamar. kelebihan hotel ini adalah lokasi yang memang strategis, serta ada petugas yang mencuci mobil kami. breakfast juga baik dan variasi makanannya banyak.",positif,netral,netral,netral,none,positif,none
1042,Agoda,Hotel Santika Bogor,4/27/2015,168,1137,5,"secara keseluruhan pengalaman menginap kami di hotel ini sangat bagus. kondisi dan kebersihan hotel bagus, sarapan enak, staf sangat ramah dan pemandangan pegunungan yang indah. terkoneksi dengan mall dan akses mudah ke tol, sangat nyaman. secara keseluruhan nilainya bagus. satu-satunya kemunduran kami adalah mencapai lobi dengan mobil kami. kami diperlakukan seperti pengunjung mal lainnya. kami tiba sekitar jam sibuk mal pada akhir pekan. pintu masuk utama ditutup dengan penjaga keamanan memeriksa mobil mana yang boleh masuk (kami tidak bisa lewat meskipun kami mengklaim check-in ke hotel), kami harus menggunakan pintu samping. kami tidak tahu di mana letak lobinya, itu sebabnya kami menurutinya (petugas keamanan hanya memberi tahu kami bahwa hotel ini juga dapat diakses melalui pintu samping). kami harus antri dengan mobil lain untuk mencari tempat parkir di mall. ternyata lobinya hanya berjarak sekitar 50 meter dari pintu masuk utama tanpa macet. kami mungkin membutuhkan waktu kurang dari satu menit untuk sampai ke lobi jika mereka mengizinkan kami menggunakan pintu masuk utama, namun kami membutuhkan waktu 30 menit.",positif,netral,positif,none,none,positif,netral
150,Agoda,Hotel Santika Bandung,12/30/2023,166,1077,5,"santika bandung lokasinya strategis banget, dekat cafe dan resto di jalan riau jadi tidak susah nyari makan, kamarnya luas, bersih, air conditioner berfungsi dengan baik. namun, ketika kami check in, stafnya agak kekurangan. kami menunggu 1 jam sampai kamar kami siap dan ketika kami memeriksa kamar, dinding di salah satu kamar kami rusak dan ada salah satu teknisi mengecat dinding yang rusak tetapi staf front office tidak memberi tahu kami sebelumnya bahwa salah satu kamar kami bermasalah atau bahkan menawarkan kamar baru untuk kami. jadi kami bertanya apakah bisa mendapat kamar baru karena menurut kami tidak akan nyaman dengan bau tembok yang baru dicat. mereka mengatakan mereka sudah terisi penuh dan mereka akan memberi tahu kami jika kami bisa mendapatkan kamar baru. kami menunggu sekitar 30 menit lalu untungnya staf mengatakan bahwa kami bisa mendapatkan kamar baru dan cukup luas dan dekat dengan kolam renang, namun karena dekat dengan kolam renang, agak bising, terdengar orang berbicara, tertawa dengan jelas. tapi secara keseluruhan itu bagus. terima kasih",positif,positif,negatif,positif,none,none,positif
9929,Traveloka,Hotel Santika Depok,3/25/2026,166,1232,5,"pengalaman menginap di hotel santika depok sangat menyenangkan dari awal sampai akhir. proses check-in berjalan cepat dan mudah, staf di front office sangat ramah serta membantu. pelayanan yang diberikan terasa hangat sehingga tamu merasa langsung disambut dengan baik sejak datang. selama menginap, para pegawai hotel juga sangat sopan dan responsif. jika membutuhkan bantuan, mereka selalu siap membantu dengan senyum dan sikap yang profesional. hal ini membuat suasana menginap terasa nyaman dan menyenangkan. salah satu hal yang sangat menyenangkan adalah fasilitas sarapannya. menu breakfast cukup beragam dan rasanya enak. yang lebih menyenangkan lagi, anak-anak mendapatkan fasilitas sarapan gratis sehingga sangat membantu bagi tamu yang datang bersama keluarga. selain itu, hotel juga menyediakan fasilitas parkir gratis yang cukup memudahkan bagi tamu yang membawa kendaraan pribadi. lokasinya yang strategis di depok juga menjadi nilai tambah karena dekat dengan berbagai tempat. secara keseluruhan, hotel santika depok memberikan pengalaman menginap yang nyaman dengan pelayanan yang ramah, fasilitas yang baik, serta suasana yang menyenangkan. sangat direkomendasikan untuk perjalanan keluarga maupun perjalanan bisnis.",positif,positif,positif,none,positif,positif,none
3257,Agoda,Hotel Santika Tasikmalaya,2/21/2014,165,1097,5,"ini adalah hotel baru. mungkin karena ini jaringan hotel, manajemennya sepertinya sama. namun, menurut saya kualitas bahan finishingnya agak rendah dan tidak akan terlihat bagus seiring berjalannya waktu. stafnya ramah, tetapi bahasa inggris mereka tidak bagus. kelas bawah tidak memiliki kulkas di dalam kamar. sarapannya cukup bagus. letaknya di tengah, sehingga mudah untuk menuju mall. karena semua hotel di garut sudah penuh dipesan, hotel ini muncul sebagai hotel yang direkomendasikan di agoda, jadi kami memesan hotel ini karena mengira hotel ini dekat karena jaraknya 35 kamu, tetapi butuh waktu sekitar 3 jam untuk sampai ke sana dari garut. kalau ke garut sebaiknya jangan sekali-kali melakukan reservasi di sini. jadwal perjalananku benar-benar kacau. saat saya kesini, ada jalan lain di google maps yang memakan waktu sekitar 1 jam 10 menit, jadi saya mengambil jalur tersebut dan berakhir di jalan pegunungan yang tidak beraspal yang akhirnya menuju ke tebing. jangan percaya google maps. kalau kamu ke tasikmalaya, ini adalah hotel tempat kamu bisa menginap dengan harga terjangkau.",positif,none,positif,none,positif,positif,negatif
10577,Traveloka,Hotel Santika Depok,1/2/2019,163,1112,5,"ini kunjungan kedua saya ke hotel ini, pada kunjungan pertama semuanya istimewa. namun, kunjungan kali ini sedikit mengecewakan. minusnya: 1. linennya kotor seperti tidak dibersihkan. 2. kamar mandinya juga tidak bersih, tirainya kotor dan dekil. sepertinya kamar ini sudah lama tidak dipakai. 3. di kolam renang tidak ada petugas sehingga saya dan keluarga tidak dapat handuk padahal sudah menunggu lama terpaksa naik basah-basahan. 4. suara dari luar sangat jelas sampai ke dalam. mungkin karena saat itu ramai anak-anak, maka sampai tengah malam suara lari-larian dan cekikikan orang yang ngobrol masih kedengaran. plusnya: 1. proses check in dan check out sangat cepat padahal pengunjung cukup banyak. depositnya juga hanya 100 ribu. 2. meskipun saat sarapan orangnya ramai sekali, tapi makananya cukup banyak dan tidak ada yang kurang. jenis makanannya juga sangat banyak. walaupun ada beberapa macam yang rasanya sangat tidak sesuai dibandingkan hotel santika yang lain. 3. lokasinya sangat strategis karena langsung menyatu dengan d'mall. semoga kedepannya santika tetap bisa menjaga mutu dan kualitasnya.",positif,negatif,positif,negatif,none,positif,none
2603,Agoda,Hotel Santika Depok,12/19/2015,159,1115,5,"ada insiden kecil di hotel pada hari saya datang, jadi ada penundaan saat saya ingin check-in. saya memesan junior suite, namun staf mengetahui bahwa ada kerusakan tertentu di kamar dan tidak dapat diberikan kepada saya. oleh karena itu kamar diturunkan menjadi kamar deluxe. sebagai imbalannya, saya diberi voucher gratis untuk kamar superior untuk digunakan di masa mendatang. namun voucher tersebut akan habis masa berlakunya dalam waktu tiga bulan. karena ini adalah kunjungan singkat, tidak banyak ulasan yang dapat diberikan. umumnya hotel ini bersebelahan dengan d-mall (depok mall). kamar deluxe agak biasa-biasa saja dibandingkan dengan kamar deluxe di hotel-hotel baru (mungkin karena ini bukan hotel yang terlalu baru? ). sarapannya baik. kami sedang terburu-buru sehingga kami tidak bisa menikmati makanannya. tapi saya ingat mentega yang mereka sajikan agak keras, mungkin karena belum dibekukan sepenuhnya. saya juga tidak ingat pernah melihat omelet/telur stasiun, mungkin karena kejadian yang terjadi sehari sebelumnya. namun secara umum pengalaman menginap saya di hotel santika depok menyenangkan.",positif,negatif,netral,none,positif,positif,none
1199,Agoda,Hotel Santika Bogor,1/10/2012,157,1050,5,"hotel ini terletak di dekat atau di dalam botany square di pusat kota bogor. area drop-off di depan lobi terlalu kecil dan tidak nyaman. tapi untungnya semua staf sangat membantu sehingga kami dibantu dalam mengantar dan memarkir mobil kami secara keseluruhan selama kami menginap. ruangannya sebenarnya cukup besar dan luas, yang membuat pengalaman menginap kami bersama anak kecil cukup menyenangkan. sarapannya juga cukup enak. kolam renangnya tidak besar tetapi cukup untuk anak-anak kami berenang sambil bersenang-senang sambil ayah dan ibu menikmati sarapan. karena sangat dekat dengan mal, sangat mudah bagi kami untuk mendapatkan apa pun yang kami perlukan, makanan, obat-obatan, dll. kamar dan lobi hotel terlihat cukup baru atau mungkin sudah diperbaharui. namun liftnya sangat kecil. hanya ada 2 lift dan satu hanya muat untuk maksimal enam orang. namun, kami sangat menikmati kunjungan kami dan kami pasti akan menginap di sana lagi jika kami mengunjungi bogor lagi di masa mendatang. kami juga akan merekomendasikannya kepada orang lain.",positif,negatif,positif,none,none,netral,negatif
7588,Traveloka,Hotel Santika Bogor,1/11/2023,156,995,5,"stay at santika bogor 3 days 2 night, staf dari awal check in-check out membantu, ramah. saat minta bantuan untuk pindah kamar, langsung dibantu. kamar deluxe luas ditambah sofa bed yang nyaman. ada pastry buah sebagai ganti slice cake untuk ulang tahun saya. makanan cukup variatif, dan enak (kami membayar charge 50 % untuk anak usia 11 tahun). kolam renang bersih, karena menginap di week day jadi tidak ramai. tapi cukup disayangkan saat kami tertinggal barang (1 koper) di hotel, tidak ada permintaan maaf sama sekali dari staf (padahal salah dari staff/bellboy yang meninggalkan koper kami di depan lift). syukur kami belum sampai kembali ke jakarta, jadi bisa putar balik ke hotel. tapi tanpa sedikit pun permintaan maaf akan kelalaian staf? terselip sedikit kecewa. tapi tertutupi dengan kenyamanan lainnya yang kami rasakan. untuk lokasi hotel strategis, ada jalan khusus menuju botani square mall. dekat dengan terminal bus damri baranangsiang, ada soto siomay anak di lokasi terminal.",positif,positif,netral,positif,none,positif,none
11977,Traveloka,Hotel Santika Mega City Bekasi,12/27/2023,154,1011,5,"hotel yang lumayan menyenangkan untuk staycation, berada di atas mega bekasi city mall tepatnya roof top lantai 5, yang gampang banget kalau mau jajan, nonton, belanja tinggal turun aja, untuk semua fasilitas dan pelayanannya sangat memuaskan, namun ada beberapa yang menurut saya menjadi kekurangan yakni: 1. untuk akses antara hotel dan mall itu tidak private jadi siapa saja bisa bebas masuk hingga ke lobby hotel kecuali lift yang menuju kamar yang khusus menggunakan kartu. 2. untuk di kolam renang tidak ada handuk jadi harus bawa handuk dari kamar. 3. tidak ada hari dryer di kamar mandi. tapi overall semuanya sangat-sangat baik, makanan enak dan variatif, kamar bersih, air conditioner dingin, air hangat untuk mandi lancar, kolam renang bersih dan sudah disediakan ban bebek-bebekan untuk anak, di arena playground anak-anak terdapat mainan edukatif dan televisi dengan tayangan kartun anak-anak. jadi cukup recommended untuk staycation di sini dan akan kembali lagi. terima kasih santika mega bekasi.",none,positif,positif,positif,none,positif,negatif
7832,Traveloka,Hotel Santika Bogor,12/2/2020,150,957,5,"hotel ini lokasinya gandeng dengan botani mal bogor dan punya akses langsung ke mal di lantai basement. kamar executive queen yang kami pesan bersih tapi ukuran agak kecil ya dibanding harganya yang 1 jutaan. air conditioner dingin dan water heater baik banget. gelas di dalam diganti dengan gelas plastik sekali buang. mungkin karena pandemi tapi saya malah merasa jadi agak susah karen harus bolak balik minta gelas after ngopi atau pangeh, jadu tambah sampah plastik. pake gelas biasa saja harusnya tidak pana-apan bisa disteril sendiri dengan air panas. sarapan biasa banget menunya tapi rasa lumayan lah. agak karena pandemi sarapan dibantu diambilkan. tapi karena staf di restaurant tidak banyak juga, jadinya kalau mau minum harus nunggu mbak atau masnya datang bantu, kolam renang lumayan bagus. ingik agak keruh sedikit. mungkin weekend kali ya yang berenang lumayan banyak. all in all lumayan lah hotelnya. bisa banget jadi pilihan kalau ke bogor.",positif,positif,none,positif,none,netral,negatif
329,Agoda,Hotel Santika Bandung,12/14/2013,147,955,5,"kurang memuaskan. awalnya saya dikasih kamar yang letaknya di ujung gedung jauh dari lift. saat saya komplain katanya sudah tidak ada kamar lagi. yang tersisa cuma kamar keluarga yang saya setujui dan harus bayar lebih. tapi kondisi kamarnya buruk sekali. lantai kamar mandi selalu kebanjiran setelah mandi. tidak ada pengering rambut (bahkan hotel budget pun punya). dan saat saya minta extra bed sepertinya berasal dari penyimpanan perang dunia ii. dan yang paling buruk pikirnya tentang jam 3 atau 4 pagi mereka menyalakan mesin (saya tidak tahu apa) dan kedengarannya sangat keras dan menakutkan. ketika saya bertanya kepada staf di pagi hari mereka tidak mengetahuinya. oh my. oh ngomong-ngomong saya bertanya kepada salah satu staf miring mereka mengatakan bahwa hotel ini tidak penuh, ada banyak kamar jenis apa pun. dan kejutane. saat sarapan saya tidak melihat banyak tamu. yah mungkin sebagian besar kamar rusak. pengalaman buruk untuk harganya.",negatif,netral,negatif,none,none,positif,negatif
8976,Traveloka,Hotel Santika Cirebon,1/3/2024,147,950,5,"kamar nyaman. cuma sayang furniture-nya perlu diremajakan. sayang televisi masih belum smart televisi. kamar mandi bersih, nyaman, air conditioner dingin. kulkas sempat tidak berfungsi tapi teknisinya gercep buat kasih solusi. kamar mandi di dalam kamar sangat bersih dan nyaman. kalau bisa pilih kamar jangan yang dekat gedung pertemuan, bising suara outdoor ac-nya. nginap 3 malam sewa 2 kamar. terima kasih pesanan saya di-upgrade 1 kamar. terima kasih juga saya dan keluarga dapat menu breakfast spesial ""empal gentong"". tiap pagi mobil selalu bersih, ada petugas yang nyuci mobil. kolam renang terawat dan nyaman dipakai. saran agar toilet umum di lantai 1 dan toilet di dekat ruang gym agar segera diremajakan. sangat tidak nyaman dipakai. waktu breakfast atau malam perlu ada live music biar suasana hotel lebih meriah dan hidup. semoga next bisa bermalam lagi di hotel ini. 3 malam menginap di hotel ini suasananya sangat nyaman dan berkesan.",none,positif,positif,positif,none,positif,negatif
5632,Tiket,Hotel Santika Cirebon,9/25/2021,142,940,5,"dikala pandemi yang bikin hotel sepi biasa nya hotel asal2an memberikan pelayanan nya tapi tidak dengan hotel yang satu ini, santika hotel tetap berusaha memberikan pelayanan terbaik kolam renang yang tetap bersih dengan type air jernih cristal handuk kolam terbungkus plastik dengan rapi dan wangi kamar bersih handuk kamar mandi terbungkus plastik dengan rapi dan wangi breakfast yang dipesan saat sahur masih dilayani dengan menu yang cukup baik, buah, susu, snack, kue, nasi goreng ayam komplit, cukuplah buat masa pertumbuhan mungkin dalam lift yang sedikit perlu perhatian karena sedikit kotor dibagian lantai sudah tiga kali menginap di santika dan selalu mobil dicuci dengan hanya memgunakan canebo oleh orang yang seperti nya bukan dari pihak hotel, sebaiknya pihak hotel izin dl ke pemilik mobil karena bisa mengakibatkan baret2 dimobil apalagi jika mobilnya mewah sekelas lexus alpardh atau mercy bisa berabe, selebihnya masih ok",none,positif,positif,positif,none,positif,positif
7039,Traveloka,Hotel Santika Bandung,1/6/2016,140,972,5,"(minus state) untuk kategori executif - suasana kamar kesan jadulnya tidak sesuai dengan ekspektasi gambar kamar elegant yang ditampilkan pantas saja picture bathroom tidak ditampilkan karena tidak enak dipandang untuk ukuran hotel semewah santika (mungkin perlu rehab dan perbaikan suasana). lift barang saya gunakan untuk ke kamar dan lorong perjalanannya tidak seindah dengan lobby dan kesan hotel berbintang (positif state) kesan pertama service yang memuaskan, ramah dan sopan bahasa dan jamuan yang diberikan serasa berkelas kamar luas kategori executif seperti yang diharap, real 32 m2, cocok untuk keluarga yang mempunyai anak kecil suka berlarian kolam renang terlihat menarik dan sangat nyaman untuk bersantai duduk disekitarnya tempat breakfast elegant dan menawan, selera makan disini cukup bergairah dengan menu yang variatif dan terservice dengan baik parkir luas dan tidak masalah lebih dari 1 mobil letak hotel strategis untuk pusat perbelanjaan di bandung",positif,netral,positif,none,none,positif,positif
1107,Agoda,Hotel Santika Bogor,11/30/2013,136,906,5,"kelebihan: kamarnya luas dan bersih. perlengkapan mandi dasar disediakan dan toiletnya cukup besar. tempat tidurnya nyaman. televisi dengan banyak saluran. air conditioner yang berfungsi dengan baik. meja kerja di dalam ruangan untuk bekerja dan juga sofa mini untuk bersantai. hotel terhubung ke mal di sebelahnya. naik saja lift ke lantai basement dan berjalan melalui koridor pendek. mallnya tidak besar tapi cukup bagus. memiliki bioskop, sejumlah restoran seperti kopi putih kota tua, lotteria, a w starbucks, coffeebean dan jco. juga memiliki bioskop dan supermarket. ada 'taman bunga' atau kebun raya di depan pintu masuk hotel. staf selalu tersenyum dan ramah. kontra: 2 lift kecil - dapat menampung 3 orang dengan bagasi atau sekitar 6 tanpa bagasi. wi-fi di kamar bermasalah. cukup sering kehilangan sinyal. televisi yang dipasang di dinding berukuran kecil. kira-kira itu hanya televisi led 21"".",positif,none,positif,positif,none,netral,negatif
3425,Agoda,Hotel Santika Tasikmalaya,12/31/2015,136,873,5,"very poor and buruk service dari staf hotel santika tasikmalaya, kami tidak mau menginap disini lagi jika tidak terpaksa. kami memesan 2 kamar dan diberikan kamar yang berbeda lantai, dengan alasan hotel penuh dan kami tidak minta diawal saat booking via agoda. very ridicoulus, di hotel manapun adalah hal yang umum jika memesan 2 kamar bersamaan maka akan diberikan kamar yang berdekatan, minimal 1 lantai. staf resepsionis tidak ramah dan saat kami akan check in sibuk dengan telpon, tanpa senyum. saya meminta bicara langsung dengan duty manager, namun tidak ada solusi memuaskan untuk masalah kamar ini. duty manager memang meminta maaf, lalu menawarkan free dinner untuk kami. saat kami memesan dinner dari kamar, ternyata hanya menu tertentu yang free! benar-benar service yang buruk. kondisi kamar mandi dalam kamar tidak bersih, banyak lumut di sudut2 kamar mandi.",none,netral,negatif,negatif,positif,netral,none
8738,Traveloka,Hotel Santika Bogor,8/19/2015,134,865,5,"tidak ada petunjuk parkir mobil, jadi harus msk mall dl br bisa parkir karena d depan lobby tidak ada petugas yang jaga, anak2 sudah gelisah karena stuck di dalam parkiran mall. saat sampai air conditioner tidak tlalu dingin. tapi akses menuju mall top banget. paling dari mall, lampu kamar dan air conditioner mati, setelah dnyalakan engineering air conditioner tidak bgitu dingin. pk 1. 53 lampu dan air conditioner mati. telefon operator, lalu teknisi datang dan mengusulkan pindah kamar. operator sigap menyiapkan kamar pengganti. ribet juga karena jam 2 pagi harus packing dengan adik dan menggendong anak mnuju lt 3, sblmny lt 6, bnr2 merepotkan. sebaikny sebelum tamu datang, kamar harus dicek semuanya, apakah berfungsi dengan baik. jangan sampai menyusahkan tamu, apalagi yang membawa 2 anak. kondisi pool juga tidak ada penjaga. makanan kurang bervariatif",positif,negatif,netral,none,none,negatif,negatif
10492,Traveloka,Hotel Santika Depok,3/27/2019,134,926,5,"santika depok recommended, terutama traveler yang dari luar kota. misalnya punya urusan seperti saya yang lagi temani anak test pascasarjana di salah satu perguruan tinggi negeri terbaik di depok. lokasi hotel mudah dijangkau dengan transportasi bus damri full air conditioner tujuan di mal yang menyatu dengan lobby hotel santika dan stasiun bus damri (tiket 45ribu/orang). pertama kali menginap terasa sangat berkesan, kualitas hotel excellent untuk kelas bintang 3, utamanya pelayanan check-in sebelum waktunya, kebersihan kamar, pemanas air untuk mandi berfungsi normal, air conditioner adem, dan terutama variasi menu makanan serasa bintang 4. sayangnya ada 1 handuk yang sudah usang dari 2 yang dipersiapkan. untungnya segera diganti dengan handuk yang lebih baru setelah komplain. terima kasih kepada manajemen hotel santika depok atas surprise kue ultahnya saat breakfast. i'll be back someday, terima kasih very much.",positif,positif,positif,positif,none,positif,none
1152,Agoda,Hotel Santika Bogor,12/4/2012,131,890,5,"saya sangat menyukai hotel bergaya modern dengan kamar dan koridor yang besar - yang saat ini hanya ada sedikit di bogor. pilihan dan kualitas makanan terhadap harga yang diminta jelas lebih sedikit. ada pusat kebugaran yang kecil namun memadai dan kolam renang yang besar, yang tentu saja jarang digunakan dan tersedia bagi beberapa olahragawan yang menjadikannya lebih baik. hotel ini bersebelahan dengan pusat perbelanjaan besar yang melayani sebagian besar jenis makanan termasuk makanan barat, jepang, dan korea. namun staf meja depan harus belajar bagaimana menangani permintaan tamu, dan selalu memperbaruinya dan tidak hanya membuat janji kosong dan selanjutnya tetap diam - misalnya. seperti yang dialami saat internet terputus dalam waktu lama. secara keseluruhan, penawaran yang bagus untuk harganya dan dengan pemandangan gunung yang indah di bagian belakang hotel di pagi hari.",none,netral,netral,none,netral,negatif,negatif
7567,Traveloka,Hotel Santika Bogor,3/29/2023,129,822,5,"kamar luas, bersih, wangi nyaman nuansanya ijo tosca bikin ngga sumpek, kasurnya empuk, bantalnya empuk ada 4, ada sofa panjang yang nyaman juga. banyak space untuk menaruh barang/makanan. kamar mandi: air panas air dinginnya lancar kecang (puas banget mandinya) handuknya bersih, ada handuk kecil juga. air mineral di kamar dapet 2, di toilet juga ada 2 jadi tidak kehausan. breakfast nya enak-enak semua terutama live cooking mie lamian nya bagus! petugasnya gercep buat refill makanan yang abis, minusnya resto suka penuh jadi waiting list dulu kalau mau breakfast. semua staf ramah, yang paling baik kalau telfon ke fo langsung diangkat. kolam renang luas plus free pinjem handuk besar jadi tidak usah bawa dari kamar. next nginep di santika bogor lagi ah. overall memuaskan (kalo direview semua masih panjang banget).",none,positif,positif,positif,none,positif,positif
32,Agoda,Hotel Santika Bandung,9/18/2025,125,797,5,"pengalaman saya secara umum sangat baik di hotel ini. baru pertama kali menginap disini itu pun karena kehabisan hotel lain di weekend dan memang dadakan baru cari di hari h. memang gedung lama tapi lokasi sangat baik di tengah kota jadi sangat strategis kalau mau kemana2, kamar terbilang luas, feels bed pun sangat enak dan sekalipun double twin dijadikan satu tidak berasa ada lubang di tengah2. yang paling highlight buat saya adalah breakfast karena jenis makanannya banyak dan rasanya pun enak2, plusnya lagi saya mendapat compliment breakfast untuk anak saya yang berusia 8. compliment karena seharusnya bayar menurut staf restaurant tapi waktu check in di info anak hingga usia 8 masih gratis. sepertinya perlu disepakati lagi dalam management. tapi terima kasih anyway for the compliment.",positif,positif,netral,none,positif,positif,none
1114,Agoda,Hotel Santika Bogor,10/16/2013,123,786,5,"kami menginap selama 1 malam untuk melarikan diri dari padatnya kota jakarta dan menjelajahi kebun raya. hotel ini sangat dekat dengan taman, sekitar 5 menit berjalan kaki. tamannya indah dan sangat santai dan layak untuk dikunjungi. hotel ini bersih dan sederhana dan meskipun sedikit mahal untuk apa yang anda dapatkan tetapi itu memiliki tujuan. sarapan sangat ramai dan kacau tetapi pilihan yang bagus dan staf restoran ramah dan senang membantu. mereka bahkan membiarkan kami memasak pancake sesuai keinginan kami dan itu enak. spa yang terpasang di hotel itu mahal untuk apa yang anda dapatkan dan meskipun ramah, pijatannya tidak terlalu bagus. jika anda pergi ke bogor untuk mengunjungi kebun raya maka anda bisa melakukan hal yang jauh lebih buruk daripada bermalam di santika.",negatif,none,positif,positif,negatif,netral,none
12637,Traveloka,Hotel Santika Mega City Bekasi,1/2/2019,123,806,5,"saya pesan superior king, karena sesuatu hal di free upgrade ke deluxe king. kamar tidak ada kulkas, lemari, bath tub. baru dapat fasilitas tsb sprtinya di kelas premier. wi-fi tidak bisa digunakan. kartu akses hnya bisa diberikan 1 dan ini menyulitkan, terutama karena berpergian bersama anak2. agak sulit menghubungi fo, beberapa kali telpon tidak diangkat. banyak hal yang tidak sesuai dengan buku hotel information. balkon yang jdi nilai tambah kamar deluxe, ternyata dikunci, dan kunci tidak bisa ditinggal di kamar. yang jadi nilai tambah adalah karyawannya ramah, akses yang mudah ke mall mega city, dan menu breakfastnya benar2 kualitas santika: enak dan amat bervariasi. kamarnya juga luas, semua fasilitas lain sprti ac- tv- bathroom shower-electric pot, berfungsi baik. ada kolam renang dan gym.",positif,positif,negatif,none,none,positif,negatif
7999,Traveloka,Hotel Santika Bogor,8/14/2019,122,733,5,"butuh waktu untuk check in sekitar 15-20 menit, padahal kita datang pukul 14. 40, untuk kunci/kartu akses hanya ada satu sedangkan lift untuk naik turun dibutuhkan kartu aksesnya, sehingga kalau mau jalan-jalan ke mall sementara ada keluarga yang ingin tetap di kamar agak sulit, harus ke lobby dulu untuk bisa diantar ke lantai yang dituju. ruang sarapan juga cukup sempit memanjang ke belakang, makanannya rasanya lumayan pilihan makanan standard. pukul 10 pagi hari 2 jam sebelum check out air conditioner kamar bocor sudah malas untuk complain karena 2 jam lagi akan check out. bagusnya hotel ini ada di mall besar di bogor, sehingga jika butuh apapun bisa turun ke mall dan ada di pusat kota bogor bisa jalan kaki ke kebun raya.",positif,negatif,negatif,none,none,netral,negatif
6120,Traveloka,Hotel Santika Bandung,6/1/2022,120,823,5,"bangunan hotel lama, tapi masih tertata rapih, asri dan bersih. fasilitas kamar cukup lengkap, hanya tidak disediakan hair dryer. kamar dan kamar mandi bersih dan nyaman. kolam renang meskipun ukurannya terbilang kecil, tapi cukup baik untuk sekedar refreshing dan olahraga dan ph airnya juga cukup baik, meskipun mata jadi perih dan merah karena lupa membawa kacamata renang. cukup disayangkan kamar ganti dan toilet lumayan jauh dan mesti turun tangga, harus berhati-berhati terutama anak-anak supaya tidak terjatuh karena lantai licin. tidak ada petugas yang stand by untuk menjaga, sehingga tamu ketika perlu handuk harus mencari petugas hotel dulu. disediakan juga fasilitas treadmil juga cukup baik, meskipun lokasinya di pojok dan penerangan sangat kurang. breakfast makanannya enak dan variasinya juga cukup banyak.",negatif,positif,none,positif,none,positif,netral
1735,Agoda,Hotel Santika Cirebon,4/7/2025,119,822,5,"mengapa hotel ini hanya bintang 3? imo, santika cirebon memiliki segalanya untuk diberi peringkat minimal 4 bintang! proses check in lancar dan sangat memuaskan, mengingat saya kehilangan kartu identitas saya di hotel sebelumnya. kami menginap di kamar deluxe suite dan kamarnya melebihi ekspektasi saya. dilengkapi dengan jacuzzi dan semuanya berfungsi dengan baik. mungkin, kecuali kunci kamar. sulit membuka pintu dengan kunci jadul itu. makanannya sangat lezat! mereka memiliki marshmallow dan air mancur coklat. anak-anak saya sangat senang! kolam renangnya besar dan bersih. mereka juga mencuci mobil kami, gratis saya terharu dengan kebaikan tukang kebun tua itu, saya lupa namanya, tapi dia sudah tua dan berpakaian hijau. tolong naikkan gajinya! saya akan berkunjung lagi di perjalanan saya berikutnya ke cirebon!",none,none,positif,positif,positif,positif,netral
7599,Traveloka,Hotel Santika Bogor,11/16/2022,119,790,5,"check in check out cepat, dapet kamar tidak sesuai expetasi, sepertinya perlu pemugaran sudah tidak terkesan modern kamarnya, tempat tidur kecil dan bantal guling sudah pada hitam-hitam, sprei juga sudah buluk, kamar kurang bersih, untuk sarapan tempatnya kecil bukan hari weekend aja terkesan penuh banget saat sarapan, untuk varian sarapan lumayan tapi untuk rasa agak kurang, tapi yang membuat saya tidak berkesan sama sekali sampai jam setengah 8 room service sudah ketok-ketokkin pintu-pintu kamar hampir semua diketokin ini mengganggu sekali, hotel yang aneh kayak di asrama aja, satu lagi dapet kamar air conditioner dan kulkasnya berisik, dan juga sama kamar sebelah kedengeran sekali suaranya, nilai plusnya cuma conecting sama mall botani square aja di sini, dan untuk staf ramah.",positif,negatif,netral,negatif,none,negatif,none
11549,Traveloka,Hotel Santika Depok,12/16/2015,119,797,5,"menginap di santika hotel depok sangat menyenangkan dan memuaskan. kamar bersih, toilet bersih, handuk, alat mandi bersih, sandal tersedia, air conditioner dingin, channel televisi baik, front liner ramah, proses check-in cepat, sarapan enak, banyak variasi, hanya saja saat itu saya oder telur mata sapi tapi tidak kunjung di antar ke meja saya hingga saya usai sarapan. satu hal yang juga harus dibenahi adalah koneksi internet. hotel memberikan wi-fi gratis tapi koneksinya tidak stabil, bahkan tidak bisa digunakan sama sekali, kemudian ketika saya menggunakan koneksi internet dari data pribadi, kartu saya juga tidak stabil koneksinya, saya menggunakan kartu 3, padahal kamar saya ada di lantai 26. satpam ramah, membantu saya memanggilkan taksi yang sudah ready di parkir depan lobby hotel.",none,positif,positif,positif,none,positif,negatif
10190,Traveloka,Hotel Santika Depok,7/6/2022,116,742,5,"check in mudah dan cepat, cukup tunjukan ktp, tidak pakai deposit. kamar standar, sesuai tipe kamar. kamar bersih, sprei bersih, handuk wangi, amenities lengkap, televisi banyak channel nya, waterheater berfungsi dengan baik. breakfast banyak varian nya, bawa anak kecil 2 orang tidak dikenakan charge (5 3 th), kolam renang lumayan luas tapi tidak ada kolam anak. minusnya, kamar tidak kedap suara, suara orang di lorong terdengar jelas. lift ke bawah kadang susah di pencet dan bunyi nyaring saat tertutup. overall memuaskan buat staycation bareng keluarga, anak-anak juga senang banget. oh iya, seluruh staf nya membantu banget dan super ramaah, dari sebelum check in smp check out kami selalu di sapa dengan baik. bagus job santika depok.",none,negatif,positif,positif,none,positif,negatif
2309,Agoda,Hotel Santika Cirebon,11/26/2013,111,761,5,"ini adalah kali kedua kami menginap di hotel ini. yang pertama sekitar 4 tahun yang lalu. memasuki lobby hotel, langsung bisa terlihat ada beberapa perubahan fisik dibandingkan dengan 4 tahun yang lalu. di sebelah kanan meja resepsionis ada lounge yang tidak terlalu besar tetapi nyaman untuk duduk-duduk sambil minum kopi. restoran yang terletak di belakang dekat dengan kolam renang, juga sudah mengalami perubahan besar, sehingga terlihat lebih cantik dan terang dibandingkan dengan sebelumnya. untuk kamar sendiri rasanya tidak terlalu berubah kami sempat makan malam di resotran hotel, dan baik pilihan, rasa maupun harga tidak mengecewakan. demikian juga dengan makan pagi, pilihannya banyak, termasuk beberapa makanan khas cirebon, dengan rasa yang enak.",none,positif,netral,none,netral,netral,netral
2453,Agoda,Hotel Santika Depok,10/22/2024,111,736,5,"hotelnya bagus, makanan enak, staf ramah, kamar bersih, hanya saja skrg dikasih botol minumnya kaca, bukan yang plastik, karena mau go green. untuk tamu kurang nyaman, karena beresiko pecah, tidak bisa dibawa-bawa. fasilitas parkir sangat kurang, cari parkirnya susah, mau putar balik harus melewati gate parkir, berarti harus minta stampel dulu ke reseptionis, tidak bisa putar balik, cukup merepotkan sih. tempat parkir sgt sedikit. kalau parkir di basement, akses ke basement dikunci oleh hotel, tidak bisa masuk, harus lewat tangga darurat yang baunya minta ampun. cuma lokasinya cocok di dalam mall, kebutuhan makan dan sehari-hari terpenuhi. kolam renang kecil, dan fasilitas gim juga sgt kurang. semoga ke depannya bisa lbh baik.",none,netral,positif,positif,none,positif,negatif
8354,Traveloka,Hotel Santika Bogor,11/8/2017,110,745,5,"check-in cepat dan tidak perlu ada biaya deposit. gabung dengan mall jadi mau cari makanan, atm, dan lain-lain gampang. menu sarapan indonesia banget lengkap dari bubur sampai mie goreng. parkir membingungkan karena gabung dengan mall ternyata ada block khusus untuk parkiran didekat pintu masuk tanpa perlu ke parkiran mall. harga terlalu mahal dibandingkan dengan hotel sekitar yang menawarkan interior hotel lebih baik. saat keluar lift lantai 6 tercium bau masakan atau apapun itu yang sangat menganggu. sempat bermasalah saat checkout karena ada tagihan tambahan sarapan untuk anak padahal saya hanya berdua dengan istri. biasanya di tempat lain ini tidak terjadi karena biaya tambahan sarapan harus dibayarkan tunai sebelum masuk restoran.",positif,negatif,netral,none,negatif,positif,none
8019,Traveloka,Hotel Santika Bogor,6/26/2019,108,725,5,"receptionist mengecewakan, karena kamar belum siap padahal sudah jam 13. 30. dijanjikan akan di telpon/dihub, ditunggu sampai jam 14. 3 tidak dihub juga, akhirnya saya inisiatif sendiri untuk menanyakan kamar. kurang ramah receptionistnya. kamar luas, bersih, air conditioner baik, air lancar dan besar. aqua dikasih 4 botol, ada snack 2 buah di kulkas free. breakfast standar bintang 3 baik variasi maupun rasa. ruang breakfast cukup besar, sehingga ketersediaan kursi cukup banyak. tapi sendok garpu selalu harus minta dulu, tidak sigap menyediakan sendok garpu. kolam renang kecil. pinjam handuk hanya boleh. 2. tempat fitnes kecil dan alat fitness sedikit, terasa agak panas dan seperti kurang terawat ken jarang dipakai.",none,positif,negatif,positif,none,positif,negatif
6988,Traveloka,Hotel Santika Bandung,3/9/2016,107,685,5,"pertama masuk mobil tidak ada staf yang sambut, proses check-in cepat, tapi saat mau menurunkan barang tidak ada staf yang ready. disarankan naik lift belakang tapi kondisi lift agak menakutkan karena tua tidak mau naik / turun walau sudah tekan tombol lantai. masuk kamar kurang sreg karena gelap, sampai sulit melihat takaran obat untuk anak"", kamar mandi old furniture sekali, wastafel agak tersumbat. sarapan biasa saja, anak diatas 5 tahun kena charge. kolam renang anak cukup baik karena tertutup tidak kena panas. saat check-out, bell boy meninggalkan bagasi kami begitu saja, mau masukan ke mobil pun harus meminta bantuan lagi. tidak berminat untuk kembali lagi. terima kasih.",none,negatif,negatif,negatif,none,negatif,positif
7500,Traveloka,Hotel Santika Bogor,12/27/2023,107,640,5,"nginep di kamar deluxe room, luas banget, sofabed nya juga gede, cukup buat 2 anak tidur, staf ramah kita, kita sampe jam. 11 siang dan. baru bisa early check in jam. 1, jadi titip barang dan lanjut maksi di botani, karena hotel ini satu gedung sama botani, ada akses langsung ke mall di basement, makanan enak, anak di atas 5 yo bayar 78rb buat breakfast, minusnya di lift aja yang cuma 2 dan ukurannya kecil, terus tidak kedap suara, jadi suara-suara dari kamar sebelah, lorong, itu kedengeran banget, dari lantai diatasnya juga suara geser-geser kursi/meja berisik banget, cocok buat staycation karena tidak perlu keluar dari area hotel.",positif,negatif,positif,none,none,positif,negatif
10241,Traveloka,Hotel Santika Depok,11/3/2021,107,663,5,"sangat senang menginap di hotel santika depok, mulai dari keramahan yang saya terima saat check ini. saya menginap di 3 kamar, kamarnya bersih, luas, toilet bersih, air conditioner dingin, di kamar ada sofa dan ruangannya besar jadi cocok untuk kumpul keluarga. saya sempat minta tambahan selimut dan dengan cepat diantarkan oleh staf. selimut wangi dan bersih. sarapan enak tapi hanya kurang variasi. hanya 1 yang kurang di swimming poolnya tidak ada tempat duduk-duduk. dan tidak ada 1 staf pun yang jaga di pool padahal dibilang terbatas hanya untuk 4 orang, tetapi tidak ada yang jaga jadi menurut saya siapa saja bisa masuk. terima kasih hotel santika depok.",none,positif,positif,positif,none,negatif,negatif
12767,Traveloka,Hotel Santika Mega City Bekasi,10/17/2018,107,710,5,"hotel ini berada di belakang mal, menyatu dengan mal, aksesnya melalui lift mal, jadi enak mau makan/ke supermarket gampang. bagi yang membawa mobil langsung dari pintu masuk lurus ke lantai 5, kalau motor parkir di mal (nanti minta voucher dari hotel, agar free parking) hotel dan kamar sesuai dengan di foto, saya dapat kamar 619, view gedung. bawahnya taman. air conditioner dingin, kamar bersih, lengkap dengan toiletries, cuma lantai kamar mandi kalau basah, licin banget jadi harus lebih hati-hati. sarapan tersedia dari jam 7-10, menu sarapan banyak, lengkap, bervariasi memuaskan banget sarapannya. wi-fi kamar sinyal kencang, tapi tidak kepakai, karena tulisan passw tidak kebaca, dan tidak connected.",positif,negatif,none,positif,none,positif,netral
12737,Traveloka,Hotel Santika Mega City Bekasi,11/7/2018,106,680,5,"lift: lift hotel sama mall sama. jadi ngantri lama banget. harusnya di buat lift hotel sendiri yang langsung ngarah ke lantai 5(lantai hotel). check in: proses cepat. saya check in jam 13. 00. petugas security front office nya ramah dan sopan. saat menginap tidak pakai deposit. kamar (607 superior): (+)pemandangan luar kamar tempat duduk taman, air conditioner dingin, saluran televisi mulus, kamar bersih, kamar mandi bersih, air panas ada. (-) kamar terbilang kecil, tidak ada kulkas, kasur bunyi karna kaki kakinya tidak rata. sarapan: kayaknya kecewa banget. dateng jam 8 posisi sudah rame. makanan sudah pada kosong, padahal petugas banyak. tapi tidak sigap buat nge refil.",none,negatif,positif,positif,none,negatif,negatif
6230,Traveloka,Hotel Santika Bandung,8/5/2020,105,732,5,"staffnya ramah-ramah. lokasi strategis, dekat dengan bip dan kawasan riau (seberang yogya riau). hotelnya menerapkan protokol kesehatan dengan baik. semua towel dikamar di bungkus plastik dan bersih, gelas-gelas kaca dan kopi diganti dengan yang disposable, sarapan pagi dibagi per-kloter, pas check-in bisa pilih mau kloter mana. menu juga sudah buffet tapi sangat higienis (makanannya variasi menu lebih sedikit tapi rasa oke) sayang banget fasilitas hotel bisa dibilang sudah usang. liftnya tua banget, dan lama. pesan kamar deluxe, tapi rada creepy karena pencahayaan dan jendela menghadap atap rumah tua/atap hotel yang usang. malam-malam sempat dengar seperti jendela di ketok beberapa kali (positif saja sih, mungkin burung).",positif,none,positif,positif,none,positif,negatif
310,Agoda,Hotel Santika Bandung,7/7/2014,103,686,5,"kamarnya cukup luas untuk balita saya berlarian, kami memiliki kamar yang terhubung dengan orang tua kami dan itu luar biasa. sarapannya mewah, mereka memiliki menu berbeda di hari berbeda. kolam renangnya terlalu dingin, tapi cuacanya juga dingin dan hujan, begitu pula suhu airnya. staf sangat membantu, kami ingin pergi jalan-jalan dan mereka berhasil memberi kami mobil berdasarkan permintaan menit terakhir. kudos kepada meja depan dan tim copncierge untuk itu. hotel ini terletak tepat di sebelah banduing indah plaza, jadi kami mampir saja untuk makan malam dan dimanjakan dengan banyak pilihan restoran yang tersedia. jarak jalan kaki ke factory outlet dan distro (street wear)!",positif,positif,positif,none,none,positif,netral
3535,Agoda,Hotel Santika Tasikmalaya,4/13/2012,103,700,5,"setelah merasakan beberapa hotel sekelas yang ada, saya merasa bahwa ini hotel satu satunya yang terbaik di tasikmalaya, kondisi hotel bersih, kamar cukup nyaman, kamar mandi yang juga bersih, fasilitas dalam kamar memadai dengan wi-fi yang tak terbatas, tempat parkir yang cukup memadai, cita rasa makanan yang cukup enak, baik pada saat breakfast maupun layanan room servicenya, juga pelayanan dari semua petugas hotel yang ramah, dari petugas security, front office, restoran, cleaning serfice, semua ramah dan bersahabat, membuat kita betah, sehingga saya menambah masa tinggal saya dua malam lagi. untuk usia seperti saya layanan hotel yang demikianlah yang dicari, bersih, sehat dan bersahabat.",none,positif,positif,positif,none,positif,positif
8945,Traveloka,Hotel Santika Cirebon,7/24/2024,103,644,5,"hotel nya di tengah kota memudahkan akses kalau mau kemana-mana, dan bener loh hotel ini menyediakan fasilitas cuci mobil tiap pagi, staf nya ramah walaupun bangun hotel tua, yang paling homy dan nyaman kolam renang nya rindang dan airnya anget tidak dingin, anak-anak suka berenang di sini yang nungguin juga nyaman duduk di pinggir kolam karena suasana kolam senyaman itu, mungkin yang kurang hanya kebersihan kulkas di dalem kamar ya walaupun kulkas tua tolong di bersihkan dan diperhatikan, kulkas nya agak kurang dingin dan pas dibuka ada hawa kulkas nya yang kurang nyaman, selain itu hotel santika ini bisa jadi pilihan untuk staycation.",positif,positif,positif,negatif,none,none,negatif
5680,Tiket,Hotel Santika Cirebon,3/8/2021,102,659,5,"sudah 2 3 kali nginep disini dan selalu nyaman memang. sih bangunannya bangunan, tua tapi, itulah yang menarik walaupun! bangunan tua tapi cukup terawat ya breakfastnya. cukup lengkap tapi, diambilin sekarang menurutku. bagus karena orang2 jd ambil secukupnya dan lebih higienis kolam. renang bisa dipake dan, tidak terlalu rame sayang aja fitness centre belum bisa dipake oh. iya mobil, dicuciin setiap pagi gatau. sih ini service dari santika atau bukan tapi i really appreciate the gesture jangan. lupa kasih uang tip untuk yang cuciin ya semua! petugasnya baik dan ramah kamar, juga cukuo bersih semoga. ke depannya lebih menyenangkan lagi nginep disini. ",none,positif,positif,positif,none,positif,positif
8710,Traveloka,Hotel Santika Bogor,10/28/2015,102,683,5,"hotel santika bogor lokasinya sangat strategis karena selain berada dalam satu kawasan dengan sebuah mall yang cukup besar di kota bogor, hotel ini juga dekat dengan terminal, kampus ipb, kebun raya, tempat makan, dan tempat beli oleh2 khas bogor seperti roti unyil dll. untuk kenyamanan, pelayanan, makanan dan kebersihan hotel santika cukup memuaskan. hanya saja ada sedikit masukan untuk kebersihan meja di ruang restaurant bagian dalam dekat kolam renang yang terlihat berdebu namun tidak di lap atau dibersihkan dan hanya langsung ditata dengan tissue dan sendok. mungkin hanya itu saja sedikit kekuranganya tapi selebihnya hotel santika bogor bagus dan memuaskan. terima kasih.",positif,positif,positif,negatif,none,positif,none
146,Agoda,Hotel Santika Bandung,1/7/2024,100,650,5,"lokasi hotelnya bagus. ada bip tepat di sampingnya dan banyak toko dapat ditemukan di sekitarnya. ada juga apotek dan rumah sakit di dekatnya. ruangan itu agak kecil untuk 3 orang dewasa, seperti yang diharapkan untuk kamar 2 orang. kamarnya terlihat tua dan acnya tidak terlalu terasa. pihak hotel harus benar-benar meningkatkan fasilitasnya. penyebaran sarapan sangat baik. stafnya ramah dan membantu. satu kekurangannya adalah semua kamar bebas rokok terletak di lantai satu, dekat area kolam renang. oleh karena itu, menjadi bising di siang hari. saya berharap mereka juga memiliki kamar bebas rokok di lantai 2 dan 3. selain itu, hotelnya bagus.",positif,negatif,positif,none,none,positif,negatif
7706,Traveloka,Hotel Santika Bogor,1/19/2022,100,634,5,"datang pada pukul 17: 15 langsung check in, namun kamar request yang diminta di lantai atas belum ready dan harus menunggu, jadi saya ambil yang di lantai 5 saja daripada harus menunggu lama. kamar bersih dan wangi, handuk yang kurang 1 pun tidak lama setelah kami masuk kamar segera diantar. semua petugas/pegawai di hotel sangat ramah dan selalu menyapa tamu, bagus job. sarapan pagi rasanya cukup enak dan menunya cukup bervariasi. kolam renang walaupun tidak begitu luas namun saya dan anak merasa nyaman menggunakannya, handuk di kolam pun tersedia banyak. menyenangkan sekali staycation di hotel santika bogor ini. terima kasih.",none,positif,positif,positif,none,positif,positif
11966,Traveloka,Hotel Santika Mega City Bekasi,1/24/2024,100,615,5,"hotel yang sangat nyaman. staf sangat ramah, kamar bersih dan menu sarapan yang enak. seluruh staf sangat membantu kebutuhan kami selama menginap. akses makan dan hiburan langsung lewat lift hotel ke dalam mal. ada paket hemat menu makan di hotel dengan kisaran 50 ribuan sudah gratis es teh dan porsi yang cukup mengenyangkan. khusus untuk yang tidak bawa kendaraan bila sampai hotel lewat jam 9 malam lebih baik minta diantar driver online langsung ke lantai 5 lobi hotel karena akses lewat dalam mal setelah jam 9 cukup gelap dan sepi. selebihnya sangat menyenangkan untuk menginap di hotel santika bekasi barat.",positif,positif,positif,positif,none,positif,none
9964,Traveloka,Hotel Santika Depok,10/29/2025,98,674,5,"secara keseluruhan baik. lokasi strategis dan satu area dengan mall, staf ramah, buffet breakfast nya juga banyak pilihan dari menu western sampai indonesian. hanya saja mungkin jam mulai breakfast terlalu pagi selesainya juga terlalu awal. kemudian untuk kamar cukup nyaman hanya saja tidak kedap suara. jadi terdengar dari dalam orang lalu lalang membawa koper ataupum dari kamar sebelah atau diatas yang sedang menarik perabotan kamar atau yang berbicara sedikit keras. selain itu yang perlu diperhatijan adalah keset kamar mandi yang mana alangkah baiknya jika keset sudah terlihat kusam/kumal dan jahitannya mulai keluar kesana kemari tidak digunakan lagi. terimakasih.",positif,negatif,positif,negatif,none,positif,none
12042,Traveloka,Hotel Santika Mega City Bekasi,10/5/2022,98,659,5,"seneng banget nginep di sini. nuansanya enak meski suara dari depan kamar terdengar. tapi alhamdulillah suaranya tidak mngganggu banget. sarapannya enak. kayaknya baru ini hotel yang pas aku nginep rasanya bisa tidur pules. air conditioner dingin. kamar mandinya aku kasih jempol. bukan karena bagus atau apa, tapi biasanya lantai kamar mandi di bagian shower kalau kena air bakalan licin lantainya. di sini tidak, menandakan tidak berlumut dan bersih. aku tidak ragu kayaknya kalau mau nginep kesini lagi. minusnya cuma 1, tempat parkir motornya tidak ada. harus di basement mall. staffnya ramah-ramah. recommended buat staycation. terima kasih hotel santika",none,positif,positif,positif,none,positif,negatif
8829,Traveloka,Hotel Santika Bogor,2/25/2015,97,607,5,"yang sangat bagus dari hotel ini adalah menu sarapan dan lokasi yang strategis. kamar cukup baik, namun ada beberapa yang tidak berfungsi dengan baik. 1. wi-fi tidak jalan ( saya sudah telefon resepsionis, namun tidak ada petugas yang datang untuk mengecek 2. kenop shower - kran tidak berfungsi dengan baik ( sudah loss atau doll saran: lampu kamar menggunakan saklar sentral, jadi tidak bisa dimatikan / dinyalakan sebagian saja. lampu kiri kanan tempat tidur juga terlalu terang, sulit tidur kalau dinyalakan. jadi kami yang membawa anak kecil kesulitan agar kamar bisa menyala dengan 1 lampu kamar saja.",positif,positif,negatif,none,none,positif,negatif
56,Agoda,Hotel Santika Bandung,6/4/2025,95,663,5,"hotel dengan bangunan klasik dan vintage yang berlokasi di pusat kota bandung. untuk lokasi tidak perlu diragukan lagi karena sangat strategis. bangunan hotel sudah cukup berumur dengan interior di dalamnya termasuk kamar yang sudah cukup outdated dan perlu segera ada refurbishment. tapi overall kualitas tempat tidur, bantal dan duvet tetep baik punya. kebersihannya pun juga cukup terjaga dengan baik. air conditioner rasanya kurang dingin karena menggunakan pengaturan air conditioner model lama, untungnya kota bandung by default kalau malam cukup sejuk udaranya. overall baik banget menginap di sini dengan harga yang reasonable pula sudah termasuk sarapan.",positif,negatif,none,positif,positif,netral,none
6559,Traveloka,Hotel Santika Bandung,9/27/2017,95,624,5,awalnya saya ditempatkan di kamar yang paling ujung yang jauh dari lift. membuat saya berpikir apa karena saya belum pernah ke santika jadi diperlakukan seperti ini. menurut front linenya yang bertugas memblok kamar bagi para tamu adalah bagian reservasinya. untuk kolam renangnya airnya dingin dan tempat ganti bajunya masih harus naik turun tangga. shower bilasnya airnya kayak hujan gerimis. kalau dari parkiran ke lobby ada lift tapi kalau dari lobby ke parkiran harus lewat tangga karena liftnya tidak bisa ke parkiran basement walaupun di liftnya ada tombol basementnya. aneh kan? lokasinya dan makanannya lumayan lah.,positif,netral,negatif,none,none,positif,negatif
1756,Agoda,Hotel Santika Cirebon,5/6/2025,94,663,5,"lokasi properti, staf, dan fasilitas adalah hal menarik selama saya menginap. taman dan kolam renangnya dirawat dengan sangat baik. saya juga menghargai wi-fi yang baru ditingkatkan. namun, nilai uangnya kurang karena kondisi kamarnya tidak terlalu baik, bahkan sangat buruk! sayangnya saya tidak mengambil foto untuk memperlihatkan dinding retak akibat rusaknya air dan noda hitam di kamar mandi dan juga saluran air conditioner. untung hotel dan kamarnya tetap bersih dan stafnya penuh perhatian dengan layanan mereka. secara keseluruhan, pengalaman menginap yang layak dengan beberapa ruang untuk perbaikan. saya akan kembali hanya jika kamar sudah direnovasi.",netral,netral,netral,netral,none,none,positif
6076,Traveloka,Hotel Santika Bandung,3/15/2023,94,662,5,"hotel yang tidak usah diragukan soal kenyamanannya, staf hotel sangat ramah, selalu menyapa kemanapun berjalan di area hotel. makanannya baik, bervariasi, restorannya agak sempit, sepertinya tidak bisa mengakomodir tamu yang membeludak jika peak season seperti lebaran. area parkir mobil cukup besar dan di basement semua jadinya mobil aman tidak kena hujan dan panas. oh ya, lokasinya sangat amat strategis, dekat persimpangan keramaian arah bip dan bec, depan depanan sama riau junction, makanan pinggir jalan banyak, top lokasinya. hanya saja mungkin bisa dipikirkan lagi untuk direvitalisasi hotelnya karena terlihat dari luar bangunannya sudah terlihat tua.",positif,positif,positif,none,none,positif,positif
7280,Traveloka,Hotel Santika Bogor,2/18/2026,93,585,5,"bisa early check-in, tapi pas mau masuk kartunya tidak bisa dipakai dan nunggu 15 menit petugas. kamarnya luas, sofanya empuk bisa buat tidur. kamar mandi luas, ruang shower dan closet terpisah, ada bidetnya. ada kulkasnya, televisi lengkap, wi-fi di semua area bagus. ada brankas, bantal, selimut, meja kerja super luas. kolam renang ada buat anak dan bersih. makanan variasi, bersih, pelayanan cepat. lift super kecil, kalau bawa stroller 2 liftnya cepat nutup. semoga next ada playground mini untuk anak. dapat kamar di lantai 6 dan kalau sore dapat view sunset gunung bagus sekali.",none,positif,positif,positif,none,positif,positif
7391,Traveloka,Hotel Santika Bogor,1/29/2025,93,613,5,"alhamdulillah, bawa baby harusnya check in jam 2 siang, tetapi diusahakan oleh staf bisa check in jam 1 siang. ada snack sore yang enak-enak. staf yang ramah sekali. terintegrasi dengan mal botani yang banyaak banget pilihan resto-nya. sarapan pagi juga bervariasi. bersih banget kamarnya, sampai sudut jendela saja tidak ada debunya. kamarnya juga super luas. view-nya pegunungan langsung sangat indah. hanya kekurangannya kamar tidak kedap suara, dan sedang ada renovasi jadi ketika siang hari beristirahat ada bunyi alat yang masuk ke kamar kami. insya allah bakal balik lagi menginap di sini bersama keluarga.",positif,netral,positif,positif,none,positif,none
12433,Traveloka,Hotel Santika Mega City Bekasi,6/19/2019,93,575,5,"saya mengambil kamar superior. cukup luas dan nyaman. lokasi dekat dari stasiun bekasi dan gampang cari makan karena ada akses lift khusus ke mal. kalau mau ke mal yang lebih besar tinggal nyebrang saja. menu sarapan banyak dan enak, ada western dan indonesian food. untuk yang bawa anak-anak, aman deh, ada pilihan cereal, omelette, roti dan sosis. ada kolam renang yang bikin anak-anak betah. kalau menginap disana minta view yang ke kolam renang ya dan ada balkonnya. cuma mbak yang di restoran kurang senyum wajahnya terlalu serius dalam menghadapi tamu yang mau sarapan.",positif,positif,negatif,none,none,positif,positif
440,Agoda,Hotel Santika Bandung,2/6/2013,92,623,5,"nyaman untuk berbelanja karena dekat dengan toko outlet terkenal, namun kebisingan lalu lintas sangat mengganggu karena kamarnya dekat dengan jalan raya. namun, kamarnya terasa bersih dan rapi mengingat ukuran hotelnya, dan menu 'balini's ayam' yang kami makan siang di restoran tersebut jauh lebih lezat dibandingkan yang kami makan di bali. kolam renangnya agak tidak biasa karena berada di dalam ruangan, terletak di tengah-tengah antara lobi dan kamar di lantai dua, dan jauh lebih kecil dari perkiraan saya. hotel ini dianggap sebagai hotel yang cocok bagi wisatawan individu untuk berbelanja daripada wisata keluarga.",positif,positif,none,positif,none,positif,negatif
5948,Traveloka,Hotel Santika Bandung,11/5/2025,92,613,5,"ini kedua kali nya staycation dengan keluarga, lokasi strategis di depan jalan besar dan dekat sekali dengan bip dan riau junction. staf hotel ramah, area hotel bersih tetapi di pilar2 terlihat banyak kotoran hewan (mungkin kelelawar, karena saya lihat berseliweran di dalam hotel yang semi outdoor). saya dapat kamar lt 3 paling ujung, kamar bersih, tetapi selimut/bed cover saya lihat ada noda lumayan mengganggu berwarna coklat, bathroom amenities lengkap dan rapih. di pagi hari lumayan kaget sewaktu buka gorden ada beberapa kelelawar bergelantungan di pinggir jendela. menu sarapan variatif dan selalu enak!",positif,positif,positif,netral,none,positif,none
8146,Traveloka,Hotel Santika Bogor,12/26/2018,92,543,5,"(+) -lokasi strategis - pelayanan berasa seperti bintang 5, semua pegawai menegur dengan sopan dan antusias - kamar superior bisa muat buat saya dan 3 orang anak, ada sofa panjang yang bisa dipakai buat tidur. - ada pintu akses langsung ke botani square. - tambah additional breakfast hanya 100rb nett (-) - makanan sarapan kurang variasi (misal tidak ada sereal, pancake, wafel) berbeda dengan santika yang lain. - cek in lama, dari jam 2, saya kembali lagi jam 3 tapi kamar belum ready. - wi-fi ribet karena harus masukkan login dan password",positif,positif,netral,none,none,negatif,negatif
152,Agoda,Hotel Santika Bandung,12/26/2023,91,624,5,"saya sedang dalam perjalanan bisnis di bandung pada pertengahan bulan desember 2023, jadi tempatnya sebenarnya sangat bagus, terletak di jl sumatera yang berada di pinggir jl riau, sehingga mudah untuk menemukan beberapa restoran atau kafe. bangunannya tidak baru seperti di santila pasir kaliki tapi kebersihan kamarnya bagus, kamarnya juga luas bahkan pada tipe kamar paling bawah. menu sarapannya tidak banyak dan mungkin bisa ditingkatkan kedepannya. secara keseluruhan menginap di santika jl sumatera bagus jika anda mencari hotel di jantung kota bandung dan harganya akan lebih terjangkau jika dipesan saat low season.",positif,positif,none,positif,positif,negatif,none
508,Agoda,Hotel Santika Bandung,6/13/2022,91,660,5,"menginap di hotel yang terletak di lokasi strategis, bisa membantu penghematan biaya transportasi ke mall, butik, dan lain-lain. pelayan hotel membantu mengantar koper pakaian sekalian mobil parkir gratis. dan juga mengingatkan pakai masker kepada saya, dan diberikan masker secara cuma-cuma. bahkan ada kolam renang, free wi-fi, breakfast, saluran televisi berbagai macam hiburan, berita, film, edukasi dan masih banyak. kemarin hari minggu saya antar anak ke lokasi ujian di jalan surapati lewat pusdai jalan diponegoro, alhamdulillah tidak macet. sampai checkout keluar hotel, kami keluar dalam keadaan sehat tanpa gejala covid-19, syukurlah alhamdulillaah.",positif,none,positif,none,positif,netral,positif
6181,Traveloka,Hotel Santika Bandung,4/7/2021,91,580,5,"suka sama santika bandung karena tidak inoor2 banget hotelnya (? ) pandemi kaya gini jadi takut kalau di bangunan air conditioner sentral, bangunan santika punya sirkulasi udara yang bagus menurut saya. breakfast buffet tapi diambilin sama staf hotel dan chefnya. makanannya enak enak, saya suka, suami pun suka fasilitas hotel cukup bagus, kolam renang luas dan sepi jadi anak dan suami saya bisa berenang sembari nunggu saya keliling kota bandung karena urusan kerjaan. kebersihan lumayan ya meski di sprei ada noda yang keliatannya tidak bisa hilang tapi jadi bikin agak worry.",none,positif,netral,negatif,none,positif,positif
1486,Agoda,Hotel Santika Bogor,11/12/2019,90,593,5,"kebaikan: check in cepat, breakfast cukup enak, kamar bersih, pelayanan ramah dan profesional. kekurangan: hal yang lucu ketika kartu trust (kartu member belanja di farmers dan ranch market) tiba2 hilang dari dalam kamar ketika minta pembersihan kamar. mungkin dikiranya kartu itu semacam kartu atm atau kartu kredit. setelah saya melaporkan hal ini ke bagian pembersihan, kartu ini dikembalikan esok siang nya kepada saya. (karena mungkin bukan kartu atm ya. ) satu hal yang membuat hotel ini bagus adalah lokasi hotel ini terhubung langsung dengan pusat perbelanjaan. sekian dan terima kasih",positif,positif,positif,positif,none,positif,none
7772,Traveloka,Hotel Santika Bogor,6/16/2021,90,544,5,"saya cek in jm 5 sore kamar belum ready masih harus nunggu lagi stengah jm, gerah mau mandi karena habis prjlnan jauh handuk br dateng 1jm kemudian, itupun beberapa kali d minta, dengan alasan belum d keringkan, fslitas kamar tidak sesuai dengan harga kamar 800rb, cankir semuanya dari plstik, pesen troli d recep tidak dateng harus d knfrms ulang, pilihan brekfast tidak banyak, sbnarnya mau st minggu, karena tidak nyaman hanya st hari sj d saya pindah hotel, sangat-sangat kecewa, saya hanya berbagi pengalaman saya st hari d hotel tersebut.",none,negatif,negatif,none,negatif,negatif,negatif
8701,Traveloka,Hotel Santika Bogor,11/25/2015,90,633,5,"lokasi, keramahan staf, variasi makanan dan kolam renang memuaskan. pesanan kamar juga sesuai, hanya saja perlu ditingkatkan lagi kinerja housekeepernya. tidak perlu terburu-buru dalam merapikan kamar. saya pesan dua kamar dengan connecting door. kamar sudah bersih, tetapi selimut kurang rapi ditata, gelas kumur tidak tersedia di satu kamar, di kamar lainnya perlengkapan mandi (sikat pasta gigi) kurang 1 set. selain itu saat saya menginap, shower toilet di salah satu kamar bocor, mohon diperbaiki segera. selebihnya baik. saya senang ada koridor basement yang menghubungkan hotel dengan botani mall, cukup mempermudah mobilitas.",positif,negatif,positif,negatif,none,positif,none
5756,Tiket,Hotel Santika Cirebon,5/15/2013,89,620,5,"ini kali kedua saya menginap di santika cirebon. yang pertama liburan bersama keluarga, dan yang kali ini adalah kunjungan bisnis. pelayanan baik dan ramah. kualitas kamar cukup baik. kamar mandi terpelihara dengan baik, air panas dan air dingin berfungsi sempurna. fasilitas olahraga termasuk cukup, walau untuk gym nya masih bisa dilakukan beberapa perbaikan. lokasi hotel menurut saya cukup strategis. secara keseluruhan, hotel ini bagus untuk liburan keluarga maupun berbisnis. satu catatan, egg station untuk sarapan sudah lebih baik dibandingkan kunjungan di bulan desember 2012, walau masih bisa diperbaiki lagi. ",positif,positif,positif,none,none,positif,netral
6116,Traveloka,Hotel Santika Bandung,6/29/2022,89,602,5,"old hotel with bagus location. hotel dekat dengan 2 mall. breakfast kurang sebaik standard santika pada umumnya, nasi gorengnya asin, sosis untuk anak-anak harus minta, tidak ada waffle. happy karena request semua terpenuhi, 4 kamar dengan connecting door. kamar luas, nyaman, bersih, air conditioner dingin. hanya sayang di kamar tidak ada hair dryer, tidak ada handuk tangan, tidak ada handuk kecil. rain shower juga kayak gerimis saja. pinggir sekitar kolam renang sangat licin wajib extra hati-hati terutama untuk anak-anak. hotel perlu revitalisasi supaya lebih pantas menjadi hotel santika group.",positif,positif,none,positif,none,negatif,negatif
7612,Traveloka,Hotel Santika Bogor,11/2/2022,89,597,5,"plusnya: pelayanan check in check out cepat. kamar sesuai permintaan no smoking lantai atas. viewnya kota bogor. makanan enak dan tersaji lengkap dengan pramusaji yang cepat tanggap, dikasih 30 menit untuk late check out. toilet kamar, toilet restoran bersih, kamar bersih tidak ada debu dan noda di sprei, air conditioner dingin tidak berisik. kolam renang juga bersih ada pool anak dan dewasa disediakan handuk ganti di pinggi kolam. minusnya: kamar tidak kedap suara, suara dari luar kamar dan kamar-kamarnya yang bersebelahan kedengaran. ada yang lagi karaoke, dorong-dorong meja, lari-larian,",none,negatif,positif,positif,none,positif,positif
1974,Agoda,Hotel Santika Cirebon,12/28/2014,88,587,5,"kami tiba terlalu awal, jadi kamar baru siap pada jam 2 siang. ditunggu di tepi kolam renang, stafnya super ramah, jadi tidak apa-apa nunggunya. akhirnya staf hotel menelepon saya untuk memberi tahu bahwa kamarnya sudah siap. layanan penerimaan juga sangat baik. kamar luas, dengan kamar mandi bersih dan modern. tempat tidurnya luar biasa! pilihan bfastnya baik, pilihannya tidak sebanyak santika bandung. tapi itu masih pengalaman yang bagus. saya pasti akan menginap disana lagi kedepannya, jika harga kamarnya sesuai dengan budget saya. rasanya seperti rumah ke-2 di santika cirebon.",none,positif,positif,positif,netral,none,netral
2893,Agoda,Hotel Santika Depok,12/29/2014,88,570,5,"secara umum hotel ini lumayan, hanya perlu sentuhan personal yang membuat pelanggan ingin kembali. pelayanan di front office standar, hanya saja kebijakan untuk deposit sebesar 300rb membuat saya tidak nyaman. saya pikir deposit untuk mini bar, tapi ternyata di kamar tidak ada mini bar. jadi untuk keperluan apa? interior kamar standar, bersih tapi tidak ada dekor menarik yang bisa membuat kamar lebih nyaman. pelayanan kamar agak terlalu lama. wi-fi bagus dan cepat. view luar kamar bagus langsung ke gunung salak. fasilitas kolam renang cukup baik walau tidak besar.",none,netral,negatif,positif,negatif,none,netral
230,Agoda,Hotel Santika Bandung,7/17/2017,87,547,5,kami memesan 2 kamar superior - twin dan meminta 1 kamar untuk check-in lebih awal dan ketika kami tiba di sana mereka memberi kami 1 kamar superior untuk check-in lebih awal dan 1 kamar yang ditingkatkan ke kamar eksekutif. lokasi yang bagus untuk kami sehingga kami dapat melakukan perjalanan ke beberapa tempat di dekat hotel. kamar bersih yang bagus dan sarapan enak tetapi tempat parkir terbatas. kami menikmati kami menginap di santika bandung hotel dan senang untuk kembali lagi suatu hari nanti. terima kasih banyak atas keramahtamahannya.,positif,positif,none,positif,none,positif,netral
368,Agoda,Hotel Santika Bandung,3/21/2013,86,556,5,"saya sangat menyukai hotel ini, anda mendapatkan situasi hotel yang bagus dengan kamar yang nyaman dan terletak di tempat yang strategis. kami punya salah satu mal terbaik di bogor, dengan banyak toko bagus, restoran bagus, dan bioskop 21. area parkirnya luas dan mereka punya petugas valet yang baik dan ramah. situasi dukungan penuh dan bagus juga. kamarnya cukup bagus, tidak terlalu besar tapi persis seperti yang saya harapkan. kamar mandi bagus dan bersih. sebenarnya saya belum pernah sarapan disini, tapi menurut saya standar seperti hotel lainnya.",positif,positif,positif,positif,none,netral,none
742,Agoda,Hotel Santika Bogor,5/4/2025,86,614,5,"saya sangat merekomendasikan hotel ini! dari awal check-in hingga check-out, pelayanan staf sungguh luar biasa - ramah, sigap, dan benar-benar membuat tamu merasa dihargai. setiap permintaan saya ditangani dengan cepat dan senyum hangat! lokasi hotel juga sangat strategis - dekat dengan pusat kuliner, transportasi umum, dan tempat wisata populer. cocok banget buat yang ingin eksplorasi kota tanpa repot soal akses. yang paling mengejutkan? harganya sangat ekonomis dibanding fasilitas dan kenyamanan yang ditawarkan. kamar bersih, air conditioner dingin, air panas lancar, dan wi-fi kencang. nilai lebih banget!",positif,positif,positif,positif,none,none,positif
5384,Tiket,Hotel Santika Bogor,4/15/2022,86,554,5,"tidak nyangka masih bagus n terawat untuk hotel lama. nyaman banget kamarnya. masuk kamar disambut oleh kue dan ucapan selamat datang. senangnya. kami menginap di kamar suite jadi luas, enak buat anak main n lari2. ada akses lgsg ke botani square. masukannya, televisi bisa diganti dengan smart televisi, mengikuti perkembangan kebutuhan tamu. di kamar ada mukena dan sajadah nilai plus banget, akan sangat baik jika diberikan plastik sealed sehingga kami yakin itu bersih hasil laundry dan belum dipakai orang lain. overall puass. pasti balik lagi nih. ",positif,positif,positif,positif,none,none,netral
9404,Traveloka,Hotel Santika Cirebon,1/3/2018,86,586,5,"menginap di kamar deluxe suite saat malam pergantian tahun. kelebihan suasana hotel adem dan tradisional, kolam renang cukup luas dan dalam, ada kolam anaknya juga, makanan cukup beragam dan rasanya enak, petugas ramah dan sigap membantu tamu. kekurangan kamar full karpet dan terasa masih ada debu (karena ternyata kami mendapat kamar non-smoking), sofa keras dan hairdryer sudah waktunya diganti, bathtub whirlpool juga terasa ""old""nya, suara bising seperti mesin hairdryer atau exhaust fan sepanjang hari yang entah darimana datangnya. next akan mencoba kamar yang tidak pakai karpet",none,negatif,positif,negatif,none,positif,negatif
2268,Agoda,Hotel Santika Cirebon,11/2/2015,85,545,5,"menyenangkan menginap di santika cirebon, saya dapat harga murah memesan dengan agoda. proses check in dan check out yang cepat. kolam renangnya cukup besar tapi sayang air kolamnya membuat mata perih, kami sekeluarga 6 orang mengalami perih mata semua setelah berenang. mobil di cuciin sehingga pas check out sudah bersih. sarapan juga banyak pilihan termasuk makanan khas cirebon seperti nasi jamblang dan empal gentong, tapi untuk potato wedges rasanya tidak enak dan keras. tapi kalau kami ke cirebon lagi pasti akan memilih di santika lagi.",none,none,positif,positif,positif,netral,netral
7739,Traveloka,Hotel Santika Bogor,10/20/2021,85,572,5,"lokasi yang strategis menjadikan hotel ini pilihan untuk staycation keluarga kami. hotel yang menyatu dengan mal dan dengan akses masuk khusus dari hotel ke mal membuat sangat nyaman. saat kami menginap, sedang ada renovasi. namun, hal ini tidak terlalu mengganggu. ruang kamar memang kurang kedap suara. tapi masih terbilang cukup nyaman. kebersihan hotel baik. apresiasi untuk tim cleaning service hotel yang gerak cepat untuk memastikan kamar kami bersih. menu sarapan saat kondisi prokes cukup memadai, ruang makan tidak terlalu besar dan ada pembagian jadwal sarapan.",positif,negatif,positif,positif,none,positif,none
10707,Traveloka,Hotel Santika Depok,8/1/2018,84,561,5,"proses check-in dan check-out mudah. deposit sebesar 100. 0/kamar. wi-fi kencang, request kamar non smoking tapi habis, dapat yang smoking room tapi tidak bau sama sekali. area lobi disediakan welcome drink dan snack, staf ramah, kamar bersih walau minus kulkas. kamar mandi bersih tak bernoda cuma air agak menggenang lama kalau habis mandi perlengkapan mandi lengkap, air mineral ada banyak. saluran televisi lumayan. sarapan buffet utama kurang enak tapi yang gubukannya enak semua recommended hotel untuk staycation. ada jalan penghubung langsung ke di mal.",positif,positif,positif,positif,none,netral,none
12132,Traveloka,Hotel Santika Mega City Bekasi,8/18/2021,84,560,5,"kamar tidak terlalu luas. sheet, dan sarung bantal putih agak kekuningan. televisi belum smart televisi. jadi tidak bisa netflix, channelnya juga televisi box biasa. kebutuhan mandi lengkap. kolam renang bisa digunakan. cuma kaporitnya terlalu, perih banget mata. minus banget karena bingung parkir motor dimana dan akses masuk harus dari mallnya. dan itu tuh mall nya tidak jelas arah dan sign. jadi muter-muter. minus lagi. sarapan, omelet hambar. sunny side up nya juga hambar. plus. pelayanan sumpah bagus. ramah. parkir gratis. minta tiket ke resepsionis.",none,negatif,positif,negatif,none,negatif,negatif
3131,Agoda,Hotel Santika Tasikmalaya,1/6/2015,83,594,5,"sebenarnya itu adalah pengalaman menginap yang menyenangkan. hanya saja ukuran tempat tidurnya cukup kecil, dan sepertinya resepsionis tidak mengetahui ukuran tempat tidurnya sehingga mereka salah memberi informasi. jadi, saya harus memesan tempat tidur tambahan untuk menghadapi informasi yang salah. mereka memberi saya kamar yang menghadap ke kolam renang, sehingga anak-anak saya dapat melihat program lama baru dari kamar. semua staf sangat ramah dan hangat, dan berbagai makanan disediakan saat sarapan. ada banyak restoran di sekitar hotel ini, jadi tidak perlu khawatir tentang makanan.",positif,negatif,positif,none,none,positif,netral
7274,Traveloka,Hotel Santika Bogor,3/11/2026,82,534,5,"saya beberapa kali menginap di sini karena memang lokasinya strategis. ramadhan kali ini saya dan keluarga coba menginap lagi di sini, pengen merasakan sensasi makan sahur. tapi kali ini agak kecewa. variasi makanan sahur yang kurang bervariasi, ditambah lagi sejak pagi di kamar ada yang ketok-ketok di atas kamar yang cukup mengganggu sehingga mengganggu tidur kami dan keluarga. yang berbeda di menginap kali ini adanya layanan valet mobil untuk parkir. sangat membantu untuk kami dan keluarga tidak kesusahan cari parkiran di mal.",positif,negatif,netral,none,none,negatif,positif
5974,Traveloka,Hotel Santika Bandung,5/21/2025,81,536,5,"staf cukup ramah dan membantu, namun bangunan terasa kuno. lantai kamar kurang bersih, telapak kaki jadi kotor kalau tidak pakai sandal dari hotel, dan di malam hari kamar mandinya bau, makanan juga biasa saja. sebetulnya senang ya menginap di santika, tapi sayang kualitasnya selalu menurun dari tahun ke tahun dibandingkan dengan 10-12 tahun yang lalu. tapi overall tempatnya baik untuk istirahat dan dekat sekali dengan berbagai tempat makan dan tempat belanja, jadi masih cukup nyaman dan menyenangkan untuk dijadikan opsi menginap.",positif,positif,positif,negatif,none,netral,none
8138,Traveloka,Hotel Santika Bogor,1/2/2019,80,517,5,"plusnya: hotelnya nyaman, kamar luas, bersih, turun ke bawah sudah mal, breakfast lumayan bervariasi. lokasi dekat ke sana sini. minusnya: untuk ke depannya, mungkin santika bisa memberi akses 2 kartu/kamar. mengingat banyak yang pergi dengan keluarga pas anak dan suami di kamar, saya dan anak lainnya ke kolam renang/mal, untuk naik lagi kami harus ke lobby minta tolong kunci akses untuk ke lantai 9, untuk hal ini agak merepotkan karena jadi harus mondar-mandir. kurang efisien. sukses selalu untuk santika bogor.",positif,positif,none,positif,none,positif,negatif
9363,Traveloka,Hotel Santika Cirebon,5/9/2018,80,595,5,"hotelnya walaupun lama tapi sangat terawat, mulai dari pintu masuk, securitynya ramah sekali sampai lobby, welcome drink langsung tersedia. semua pegawainya ramah dan membantu, kamarnya bersih, cukup tenang, enak banget buat istirahat, kolam renangnya juga bersih, aman buat anak-anak, kaporitnya juga tidak terlalu menyengat. makanannya enak, apalagi paket barbeque malamnya bagus banget, harganya juga terjangkau. satu lagi, pas mau check-out masukin barang ke mobil, ternyata mobil sudah dicuciin. overall, bagus banget nih hotel. terima kasih management hotel santika, terimakasih traveloka.",none,positif,positif,positif,positif,positif,none
10096,Traveloka,Hotel Santika Depok,3/13/2024,80,503,5,"proses check-in yang cepat dapat free parking, kamar sesuai dengan yang dipesan, staf ramah dan sigap, kamar bersih dan luas, hairdryer juga ada di kamar mandi, air conditioner dingin tapi agak berisik dikit tapi masih baik, breakfast banyak pilihan dan setiap mau habis cepat refill lagi jadi tidak kosong, mungkin kamar bisa dibuat lebih kedap lagi karena kamar sebelah geser bangku terdengar dan kalau ada yang jalan di koridor sambil bicara juga terdengar, tapi selebihnya baik dan akan kembali lagi",none,negatif,positif,positif,none,positif,positif
12590,Traveloka,Hotel Santika Mega City Bekasi,1/23/2019,79,533,5,"sangat menyenangkan menginap di hotel santika mega city bekasi ini. pelayanannya baik, staf and crew ramah dan murah senyum, terus yang paling penting pelayanannya responsif banget di saat kita membutuhkan sesuatu. design modern dari lobby utama, garden, swimming pool sampai kamar yang membuat menginap lebih nyaman dan berkesan. letaknya yang bersamaan dengan mal di pusat kota bekasi lebih memudahkan kita untuk mencari keperluan yang dibutuhkan. than yang paling utama dan penting hotel ini menawarkan harga yang value for money.",positif,positif,positif,none,positif,none,positif
1698,Agoda,Hotel Santika Cirebon,1/24/2025,78,567,5,"lokasi hotel ditengah kota sangat strategis, dekat dengan pusat perbelanjaan, rumah sakit, transportasi umum, perkantoran. kebersihannya terjaga dengan baik. fasilitas kamar cukup lengkap: shower air panas dingin, toiletries, mini bar, notes pinsil. fasilitas hotel cukup lengkap: gym, kolam renang, resto, wi-fi, tempat parkir luas. keistimewaan yang berbeda dengan hotel lain, setiap pagi mobil kami sudah kinclong dibersihkan oleh staf hotel ini kali kedua kami menginap di santika hotel cirebon. saran: varian menu makanan sarapan pagi tolong ditambah terimakasih",positif,positif,netral,none,none,netral,positif
2543,Agoda,Hotel Santika Depok,4/27/2023,78,488,5,"kamarnya tampak seperti di foto, namun berusia sekitar 20 tahun. jenis ketukan. sarapan yang baik dan kolam renang yang layak, tetapi ruangan itu sendiri sudah usang dan suram. dempul di kamar mandi sangat tertekan, setiap perabot robek atau aus atau tergores atau ada lapisan yang terhapus. semuanya terasa tua dan tidak terawat dengan baik. saya tidak akan tinggal di sini lagi. kunjungi savero hotel depok di seberang jalan untuk pengalaman yang jauh lebih baik dengan harga yang sama.",negatif,netral,none,none,netral,positif,positif
6314,Traveloka,Hotel Santika Bandung,4/10/2019,78,518,5,"saya tidak menghitung berapa banyak saya memesan hotel ini tetapi pengalaman yang luar biasa seperti biasa, bahkan untuk bangunan tua mereka. lokasinya berada di pusat kota bandung, dekat dengan hampir semua yang kami butuhkan. tidak ada masalah besar karena kekurangan makanan. wi-fi sangat bagus, kamar nyaman, dan semua kru sangat rendah hati. ada sedikit perubahan tentang sarapan mereka, tidak terlalu enak sejak saya tinggal tahun lalu. tapi tidak apa-apa, akan ada alasan lain untuk menginap di santika bandung.",positif,positif,positif,none,none,negatif,positif
132,Agoda,Hotel Santika Bandung,5/11/2024,77,505,5,"book via agoda, menginap 1 malam, di agoda dikategorikan sebagai hotel bintang 4. mohon maaf menurut saya tidak masuk kategori hotel bintang 4. kamar memang luas namun sayang building kurang terawat. bangunan tua, handuk putih sudah berwarna keabuan jahitan pinggir handuk sudah ada yang lepas. penerangan kurang. kamar kurang kedap karena suara lalu lalang teriakan ank2 di lorong kamar terdengar jelas. proses cek in cek out cukup cepat. breakfast biasa namun omellete hari itu dibuat sesuai ekspektasi.",none,negatif,positif,negatif,none,positif,negatif
337,Agoda,Hotel Santika Bandung,10/24/2013,77,533,5,"ini bukan pertama kalinya kami menginap di hotel ini. hal itu sendiri menjelaskan banyak hal. berdasarkan standar kota bandung yang terus berkembang, hotel ini bukanlah hotel baru. gaya arsitekturnya berbeda dibandingkan dengan banyak hotel lain di bandung. hotelnya nyaman untuk keluarga. memiliki kolam renang, kamar yang luas, sarapan enak, dan staf yang ramah. namun bagi kebanyakan orang, nilai utama adalah lokasinya: jarak berjalan kaki ke banyak tempat utama di bandung, termasuk pusat perbelanjaan, restoran, dan gerai mode.",positif,positif,positif,none,none,positif,positif
514,Agoda,Hotel Santika Bandung,2/5/2021,77,511,5,"disambut baik, kamar cukup luasnya, bersih, air conditioner dingin, ada kulkas, safe deposit, ada air mineral 2 btl, teh, kopi, gula, teko elektrik, tisu, televisi bersih dengan pilihan channel lumayan, kasur dan kasur, bantal nyaman, kamar mandi dn air bersih, ada sabun batang, dan cair, ada shampo, sikat gigi berikut odol, handuk bersih, kloset bersih, sayangnya air panas tidak keluar dan kran pembagi antara pancuran dan spray tidak berfungsi menu sarapan karena pandemi disiapkan terbatas pilihan menunya",none,positif,none,positif,negatif,negatif,netral
684,Agoda,Hotel Santika Bandung,11/3/2023,77,561,5,"suka dengan lokasi, merasakan kenyamanan; tapi ruangan terasa hambar; dan kebersihan dapat ditingkatkan lebih lanjut; ditemukan noda kuning pada saluran pembuangan wastafel; air panas tidak tersedia untuk mandi (entah bagaimana hanya air hangat suam yang keluar dari kamar mandi). beberapa warna akan mencerahkan ruangan. ruang latihan memiliki peralatan minimal jadi jangan berharap gym berukuran penuh; tapi kolam renangnya baik dan cukup pribadi. saya tidak akan mengatakan pengalaman menginap ini berkesan, namun lokasinya memang terasa berkesan dan menarik",positif,negatif,none,negatif,none,negatif,positif
5708,Tiket,Hotel Santika Cirebon,7/7/2019,77,547,5,"ini adalah liburan kompulsif saya. menemukan satu kamar tersisa yang tersedia di sini karena saya tidak menyangka cirebon akan ramai saat akhir pekan. mendapat upgrade gratis ke kamar eksekutif (woohoo). secara keseluruhan pengalaman menginap yang menyenangkan. kamarnya bersih, fasilitasnya lengkap, suhu kamar bisa disesuaikan, oh dan sarapannya enak. saya tidak terlalu menjelajahi gym dan kolam renang karena tempat tidurnya sangat nyaman sehingga sulit untuk bangun. pasti akan menginap di sini lagi pada kunjungan saya berikutnya ke cirebon ",none,positif,none,positif,positif,positif,positif
7026,Traveloka,Hotel Santika Bandung,1/13/2016,77,493,5,"seperti: kamar luas dan bersih. pencahayaan cukup terang. sarapan adalah baik-baik saja. dislike: aku sedang memeriksa pada 10: 00. porter tidak pada posisi siap, sebaliknya ia sedang tidur di atas meja penerimaan. hanya ada 1 resepsionis pada waktu itu, ia memeriksa kami, begitu cepat dan memberi kami sedikit ucapan atau penjelasan tentang sarapan, check-out, dll jetwasher / toilet di kamar saya bocor. saya pikir itu hanya kecil bocor, ternyata di pagi hari kamar mandi saya sangat basah.",none,positif,negatif,positif,none,positif,negatif
2223,Agoda,Hotel Santika Cirebon,12/29/2017,76,489,5,"check in dan check out lumayan cepat. hotel sudah lumayan tua tidak sebanding dengan harga yang dibayarkan. breakfast so so, makan pagi di bagian luar yang outdoor malah ada kucing nongkrong mengeong2 minta makan ( bagaimana bisa? ). ukuran televisi agak kecil dibandingkan hotel2 lain, furniture kamar juga terkesan tua. sabun mandi berupa batangan seperti sabun untuk cuci tangan yang di wastafel, bukan berupa shower gel. buat saya, harga tidak cocok dengan fasilitas dan kondisi hotel.",none,negatif,positif,none,netral,netral,negatif
6272,Traveloka,Hotel Santika Bandung,9/25/2019,76,468,5,"kami menggunakan 2 kamar tidur (deluxe king dan executive deluxe king) yang luas, tempat tidur / bantal yang sangat nyaman, shower / kamar mandi bersih. staf sangat ramah dan membantu. bagi mereka yang mengemudi; ruang parkir di gedung luas dan mudah diakses (tidak seperti banyak hotel baru lainnya). meskipun hotel telah ada cukup lama, mereka sangat terawat dengan baik. ada 2 mal tepat di seberang jalan dan banyak restoran, kafe, dan fo dalam jarak berjalan kaki.",positif,positif,positif,positif,none,none,positif
3433,Agoda,Hotel Santika Tasikmalaya,6/22/2015,75,512,5,"sangat menyenangkan! hotel dengan lokasi yang sangat dekat dengan alun-alun kota tasik. hotel bersih. kamar yang nyaman. dan menu makan pagi yang enak dan banyak variasinya. sarana olah raga pun tersedia seperti kolam renang dan fitness centre. sekedar catatan, untuk fitness centre jumlah sarannya sepertinya perlu ditingkatkan lagi karena cuman tersedia bike, treadmill dan sedikit dumbbell. terlepas dari itu, kami sangat puas dan kami pasti akan kembali lagi menginap di sini ketika berkunjung ke tasikmalaya",positif,positif,none,positif,none,positif,netral
717,Agoda,Hotel Santika Bogor,9/23/2024,74,470,5,"selama longweekend kami stay awal di suite room dan hari berikutnya kami pindah ke executive semuanya baik, kami minta dipindahkan tidak jauh dari kamar awal posisinya dan akses yang tidak jauh dri lift, dan dibantu dengan tim fo, terima kasih akses yang terintegrasi langsung dengan mall botani sangat membantu kami selama liburan. snack time di exe lounge mba gaby selalu membantu dan ramah selama 2 hari kami stay disana. semoga dipertahankan servis dan kebersihannya",positif,none,positif,positif,none,netral,netral
956,Agoda,Hotel Santika Bogor,12/29/2020,74,509,5,"kami menghabiskan 2 malam di sini. pada hari pengecekan, menyadari bahwa agoda menurunkan harga lebih lanjut tetapi kami sudah membeli dengan harga premium beberapa hari sebelumnya juga di platform agoda yang sama. sangat kecewa dengan cara agoda mempermainkan harga hotel. kolam renangnya kotor, kami tidak berenang karena pandemi. sprei ada noda. lantai memiliki rambut. dinding toilet ada kotoran. sarapan pilihan sangat terbatas, di bawah staf dengan meja dan kursi kotor secara keseluruhan tidak sepadan.",none,none,netral,negatif,netral,netral,netral
1449,Agoda,Hotel Santika Bogor,4/11/2022,74,447,5,"kami menginap saat bulan ramadhan: + dekat dengan masjid alumni ipb + banyak tempat makan, mudah mencari untuk berbuka dan makan malam + kolam renang bersih, kolam anak dan dewasa terpisah + staf ramah + fasilitas di kamar berfungsi dengan baik - pada saat makan sahur terjadi antrian di resto, menu nya tidak variatif, mungkin karena sahur. - di lorong hotel ada sampah bekas makanan dari malem sampe sahur masih ada, agak mengganggu pemandangan.",none,netral,positif,netral,none,positif,positif
1083,Agoda,Hotel Santika Bogor,5/22/2014,73,480,5,"ini adalah hotel yang bagus, dan tempat yang bagus untuk menginap karena harganya. kolam renangnya sangat bagus untuk anak-anak dan orang dewasa. sarapan luar biasa dan dapur yang sama menyediakan layanan kamar berkualitas. staf yang sangat penuh perhatian dan menarik. lokasi bagus dekat kebun raya dan di samping pusat perbelanjaan terbesar di bogor serta banyak restoran dan bisnis lokal. dalam kisaran harga ini, saya kira akan sulit menemukan tempat menginap yang lebih baik.",positif,none,positif,none,netral,positif,positif
6539,Traveloka,Hotel Santika Bandung,11/1/2017,73,495,5,"lokasi hotel berada di jalan yang ramai. awalnya saya kaget gedungnya sudah cukup tua dibanding hotel santika di kampung halaman saya. aku merokok kamar karena tidak merokok ruangan itu tidak tersedia sehingga baunya tidak enak, tapi setelah perawatan udara terasa segar. ruangannya besar, bersih meski tak ada pemandangan di jendelaku. saya suka kolam renang, tapi airnya sangat dingin. makanannya bervariasi dan lezat. saya akan mempertimbangkan hotel ini ketika saya perlu untuk tinggal lagi.",netral,positif,none,positif,none,positif,positif
10042,Traveloka,Hotel Santika Depok,1/1/2025,73,510,5,"hotel dalam mal/hotel yang berdampingan dengan mal apartemen, tempat pilihan ngopi banyak ambil menginap 2 malam sangat berkesan, saya pertama nginep di santika, yang di kota ini, alhamdulillah baik bagus semua, para crew-nya gercep ramah-ramah semua, kebersihan baik, pelayanan baik semua, dari resepsionis, security, di swimming pool, room service dan hk-nya, makanan juga bervariasi enak-enak semua, wifi-nya kenceng abiz, mau ke area mana saja signalnya tinggi, bagus loh terima kasih santika dan traveloka",none,positif,positif,positif,none,positif,positif
671,Agoda,Hotel Santika Bandung,4/5/2012,72,485,5,"pada saat kedatangan untuk chek in proses konfirmasi ketersedian kamar yang sudah dipesan sangat cepat. namun kelengkapan fasilitas kamar seperti handuk mandi ternyata belum siap sedangkan waktu check in sudah lewat jam 14. 00. fasilitas penggunaan internet melalui hot spot dalam kamar sangat baik, demikian pula dengan koran pagi kompas untuk kamar sudah tersedia dipintu pada saat waktu breakfast. fasilitas kamar mandi baik dan perlu dilengkapi dengan sisir rambut dan shoes bersih",none,positif,negatif,positif,none,netral,positif
2622,Agoda,Hotel Santika Depok,2/18/2015,72,431,5,"tidak ada kamar terhubung, tidak ada tempat tidur tambahan. memaksa kami tidur satu ranjang dengan 2 anak kecil. lorong dan kamar mandi berbau selokan sepanjang waktu. tata letak toiletnya aneh (1 inci bagian toilet berada di bawah wastafel) sangat canggung untuk duduk di atas bola toilet. handuk maksimal 2 buah hanya di dalam kamar padahal di dalam kamar terdapat 2 orang dewasa dan 2 anak. pasti tidak akan tinggal di sana lagi",positif,negatif,none,negatif,none,netral,negatif
5943,Traveloka,Hotel Santika Bandung,1/7/2026,72,490,5,"staf ramah, lokasi sangat strategis. sarapan biasa saja. dinding bangunan karena warna catnya putih, jadi kelihatan banyak kotoran burung, seperti kurang maintanance. kamar bersih tetapi kursi seperti rotan yang ada bantalnya itu banyak tungaunya. hari 1 terasa gatal duduk disitu dan tidak mengira itu tungau. pas hari berikutnya lihat paha merah2 sudah semua, gatal dan bekas gigitan tungau bikin kasar dan jadi noda2 bekas luka digigit serangga. sebaiknya pihak hotel mengganti kursinya.",positif,positif,positif,negatif,none,netral,none
5973,Traveloka,Hotel Santika Bandung,6/4/2025,72,499,5,"lokasi strategis. kamar luas, old tapi terawat. tapi sayang kamar superior yang dekat ke jalan riau/sumatera terlalu berisik oleh suara lalu lalang kendaraan dan suasana parkiran dari mall. mungkin manajemen harus pasang extra peredam suara. akhirnya saya putuskan tukar tambah ke kamar executive yang posisinya di belakang. kamarnya lebih luas lagi, ada ruang televisi dan duduk2, lebih nyaman untuk beristirahat. karyawannya cukup ramah, sarapan cukup variasi, ada menu tradisional jawa barat nya.",positif,netral,positif,none,none,positif,positif
7407,Traveloka,Hotel Santika Bogor,1/1/2025,72,484,5,"lokasi hotel sangat strategis, benar-benar bersebelahan langsung dengan mal botani square dan ada jalan akses dari hotel langsung ke mal. letaknya di pusat kota, mau beli oleh-oleh atau sekadar jalan-jalan sambil jajan dan menikmati kota bogor juga dekat. kamarnya bagus dan bersih. makanan-nya juga enak dan lumayan banyak pilihannya. akses wifi-nya kencang dan aman walaupun kami ada di lantai 7. anak-anak senang sekali bisa menginap di sini. sangat rekomen untuk liburan keluarga.",positif,positif,none,positif,none,positif,positif
9082,Traveloka,Hotel Santika Cirebon,11/10/2021,72,481,5,"ini pertama kalinya nginep di sini, proses check in cepat, kamar bagus bersih, air conditioner dingin, televisi banyak channel dan lengkap isinya. sarapan enak-enak dan menjaga prokes. kolam renang menyenangkan buat anak-anak dan berair hangat. fasilitas hotel bagus, parkiran luas dan setiap pagi mobil kita dicuci bersih. minusnya cuma 1: wi-fi di dalam kamar buruk (414), tapi kalau ke depan lorong bagus signalnya. kapan-kapan mau kesini lagi, tentunya kalau dapat harga promo.",none,positif,positif,positif,none,positif,negatif
2718,Agoda,Hotel Santika Depok,4/7/2015,71,462,5,"tidak apa-apa untuk tinggal selama sehari. tetap saja, letaknya di pusat kota, tapi di pedesaan. terdapat mal kecil di dekat hotel, sehingga nyaman untuk berbelanja bahan makanan. tidak ada pengering rambut di kamar, tetapi anda bisa mendapatkannya jika bertanya kepada staf. mereka bilang ada gym, tapi hanya ada satu treadmill lusuh dan satu sepeda. bahkan, sebagai pelanggan yang suka olah raga dan biasa mencari hotel yang ada gymnya, saya sempat tercengang.",positif,positif,netral,none,none,netral,negatif
6203,Traveloka,Hotel Santika Bandung,12/30/2020,71,464,5,"hotel tidak seperti yang saya harapkan. saya meminta staf untuk mengambil handuk untuk berenang. tapi butuh waktu lama untuk datang sampai saya pergi ke resepsionis dua kali untuk mengingatkan. kebersihan di kamar bagus. saya kurang puas dengan restorannya, yang saya tahu kali ini sedang pandemi meja makan harus tetap rapi dengan vas kecil di tengahnya agar tampilan estetiknya seperti biasa, tidak seperti makan di food court mall. tidak banyak variasi makanan.",none,positif,negatif,positif,none,negatif,netral
8388,Traveloka,Hotel Santika Bogor,9/6/2017,71,442,5,"gedung bersatu dengan mall sebenarnya memudahkan untuk cari makan dll. hanya hotel terlihat tua, gelap. menginap 2 malam disini, suatu malam pernah pulang jam 12 malam dan mau naik ke atas tapi kunci ada di teman di kamar. minta tolong resepsionis eh tidak di tempatnya dan satpampun tak ada sarapan pagi lumayan bervariasi kurang pasta aja kamar sempit dan tidak sesuai ekspektasi dan tidak sebanding dengan harga. terima kasih santika bogor",positif,negatif,negatif,none,negatif,positif,none
10549,Traveloka,Hotel Santika Depok,1/23/2019,71,492,5,"kamar bersih dan nyaman untuk digunakan beristirahat, lokasinya strategis karena dekat dengan pusat perbelanjaan. ketika saya mau mencari makan, mau nonton atau mau beli kebutuhan sekalipun semuanya menjadi mudah karena persis di bawah hotel adalah pusat perbelanjaan. variasi makanan saat breakfast pun cukup banyak dan rasanya enak. fasilitas kolam renang pun bisa memanjakan saya dan anak-anak. hotel santika depok salah satu hotel terbaik di kawasan depok, semakin maju dan sukses selalu.",positif,positif,none,positif,none,positif,positif
3774,Tiket,Hotel Santika Bandung,8/14/2023,70,465,5,"awal pesan kamar, jujur saya tidak berharap banyak karena bangunan hotel terkesan tua. tapi, dari mulai check-in sampai check-out saya sangat puas dengan keramahan dan service dari semua staf hotel. kamar sangat terawat, bersih, dan space lebih dari cukup untuk 2 orang. untuk breakfast, termasuk banyak variasi yang ditawarkan meski mostly carbs, tapi menurut saya enak dan sesuai dengan harganya. overall, saya puas dan akan menginap kembali bila ada kesempatan. ",none,positif,positif,positif,positif,positif,none
3150,Agoda,Hotel Santika Tasikmalaya,8/8/2014,69,468,5,"ini adalah waktu yang menyenangkan untuk menginap di hotel ini. memiliki desain kamar modern, wi-fi gratis di seluruh kamar hotel semua fasilitas hotel. mereka memiliki ruang pengemudi yang tersedia bagi pengemudi anda untuk mandi dan tidur di tempat tidur. sarapan prasmanan layak untuk dinikmati karena memiliki beragam pilihan. menu layanan kamar tersedia hingga malam hari. yang penting, karena sulit menemukan makanan di sekitar area tersebut setelah jam 8 malam.",none,positif,netral,none,positif,positif,positif
8709,Traveloka,Hotel Santika Bogor,11/4/2015,69,459,5,"pelayanan baik, proses check-in check-out sangat baik dan cepat, parkiran baik + free parking, lokasi sangat strategis menyatu dengan mall, wi-fi kurang baik (sinyal agak lemah), kamar cukup baik untuk hotel bintang 3 (tapi agak kedengaran jk orang lalu lalang dikoridor), makanan cukup bervariasi, untuk saran: jaringan wi-fi lebih ditingkatkan bangku santai di tepi kolam renang supaya ada tutupan atasnya untuk melindungi dari hujan panas. so far so bagus.",positif,negatif,positif,none,none,positif,negatif
5320,Tiket,Hotel Santika Bogor,4/24/2024,68,400,5,"semua staf ramah sopan, fast respon, kamar bersih, lokasi strategis satu lokasi dengan mall botani jadi gampang kalau mau maen cari makanan or buat shopping, , menu breakfast nya cukup banyak, hanya soal rasa masih harus dikoreksi lagi. kecuali sambel krecek. semua menu fail. maaf, , semoga bisa membantu untuk lebih baik, , over all bagus, , lain kali ke bogor, nginep lagi di santika bogor, , tq. ",positif,positif,positif,positif,none,netral,none
5589,Tiket,Hotel Santika Cirebon,2/2/2022,68,421,5,"tempat tenang tidak bising, harga sangat bagus untuk kelas hotel ini. meski cat di dalam kamar sudah agak pudar mungkin karena pandemi, over all masih enak, kami betah selalu nginep di santika cirebon. kolam renang juga sangat bersih, parkiran juga luas. sangat nyaman dan aman, ke tempat kulineran juga sangat dekat. nasi jamblang, empal gentong semua dekat dari hotel ini. semoga tetap dijaga dan di rawat. love santika",positif,positif,none,positif,positif,none,positif
8973,Traveloka,Hotel Santika Cirebon,1/17/2024,68,435,5,"sudah beberapa kali liburan di hotel ini dan selalu puas, dari pelayanan staf yang ramah, room service-nya. kamar yang cozy, dingin, bath room-nya bersih, pool-nya anak-anak suka, fitness-nya baik hanya mungkin di tambah atau perbaiki alat yang rusak. staf yang bertugas juga sering tidak ada, baik di pool atau fitness. makanannya enak, lebih baik lagi ditambah menu untuk anak. overall rekomen banget dan next liburan akan stay lagi.",none,positif,positif,positif,none,positif,negatif
11680,Traveloka,Hotel Santika Depok,7/22/2015,68,455,5,"overall sih memuaskan, hotelnya bersih, staff2 ramah. yang disayangkan adalah sbb: 1) design kamar mandi (shower) tanpa pintu, sehingga pada saat kita mandi airnya nyiprat ke area toilet, 2) tidak ada kolam renang untuk anak, padahal banyak tamu yang menginap merupakan keluarga yang membawa anak kecil, 3) pada saat breakfast aneka kerupuk di dalam toples bau tengik menyengat, donat yang disajikan sepertinya over proofing sehingga aromanya tidak harum.",none,negatif,positif,positif,none,negatif,negatif
3424,Agoda,Hotel Santika Tasikmalaya,1/1/2016,67,438,5,"saya menginap selama 2 malam, karena saya sampai ketika sudah malam (late check in) dari pintu masuk sudah ditanyakan apakah dari tamu hotel atau bukan. untuk kamar sangat nyaman namun sayang kurang minibar dan ada selimut yang terkena noda. makanan di restoran sangat bervariasi dan memberikan pilihan masakan khas tasikmalaya. parkiran sedikit terkendala di hari ke 2 dikarenakan ada event di hari tersebut sehingga tempat parkir penuh.",none,positif,netral,negatif,none,positif,negatif
9015,Traveloka,Hotel Santika Cirebon,12/28/2022,67,409,5,"1. semua karyawan sangat ramah. 2. gedung tua namun cukup bersih dan rapih. 3. dapat kamar view kolam renang, di lantai teratas (lantai 5) sesuai permintaan. kamar cukup luas dan semua fasilitas (ac, televisi, electric kettle, shower, air panas) bekerja dengan baik. 4. sarapan pagi banyak menu pilihannya dan sangat enak. 5. kolam renang bagus dan bersih. 6. ada petugas yang mencuci mobil kita di pagi hari.",none,positif,positif,positif,none,positif,positif
673,Agoda,Hotel Santika Bandung,3/29/2012,66,431,5,"hotel yang sangat nyaman karena sangat teduh dan sangat unik karena lantai hotel hanya 3. ada kolam renang yang cukup luas untuk berenang dan bersantai. lokasi hotel dekat dengan pusat perbelanjaan dan pusat distro untuk anak-anak muda di bandung. sarapan sangat enak dan lengkap serta beraneka ragam. pelayanan sangat baik dan ramah, hotel yang sangat amat rekomen bagi traveller yang ingin menghabiskan waktu bersantai di bandung",positif,positif,positif,none,none,positif,positif
1129,Agoda,Hotel Santika Bogor,4/15/2013,65,437,5,"hotel santika adalah tempat terbaik di bogor yang ingin saya sarankan. datang dengan damri (airport bus) dan parkir langsung di area hotel. hotel ini juga terhubung dengan botani square, pusat perbelanjaan terbaik di bogor. staf juga pelayanannya bagus. checkin cepat check out. mudah menemukan taksi. sarapan bagus dan lezat, kolam renang bagus, kamar besar, santai, tempat tidur bagus, kamar mandi bagus, banyak pilihan televisi chanel",positif,positif,positif,none,none,positif,positif
1884,Agoda,Hotel Santika Cirebon,10/5/2020,65,455,5,"kamar 405 tempat saya menginap tidak bersih. stopkontak air conditioner kotor. jejak tiang ranjang yang dipindahkan di dinding. hanya satu meja nakas meskipun tempat tidurnya double. semua perabotan banyak penyok di mana-mana. cekungan retak di kamar mandi. kolam renang tidak dapat digunakan. sarapannya jauh dari enak. protokol covid-19 sudah diterapkan: pembersih tangan (di pintu masuk lobi, meja resepsionis, dan lift), handuk plastik di kamar mandi.",negatif,netral,netral,netral,none,none,netral
3521,Agoda,Hotel Santika Tasikmalaya,8/28/2012,65,467,5,"saya menginap di hotel santika tasikmalaya karena ada keperluan pernikhsn teman di ciamis, meskipun letaknya agak jauh dari cimais mengapa saya memilih santika sebagai tempat saya menginap, santika merupakan hotel yang memberikan service pelayanan kepada tamu tidak perlu diragukan lagi. selain fasilitas kamar yang disediakan membuat tamu betah untuk kembali menginap, penyajian makanan yang cukup enak serta layanan customer service yang ramah. terima kasih santika",negatif,positif,positif,none,none,positif,positif
7061,Traveloka,Hotel Santika Bandung,12/2/2015,65,411,5,"hotel yang terletak di tengah kota dan sangat dekat dengan tempat shopping di jalan riau, kolam renang yang bersih dan kamar yang luas. kemarin pas pesan via traveloka kamar superior dan ternyata ketika check-in pihak hotel meng upgrade ke deluxe karena superior telah penuh. kamar deluxe langsung dekat dengan kolam renang. menu sarapan khas dengan asian food akan tetapi perlu ditambah menu yang lebih banyak.",positif,positif,none,positif,none,negatif,positif
359,Agoda,Hotel Santika Bandung,5/16/2013,64,435,5,"lokasi hotel ini sangat strategis dengan factory outlet yang bagus, dan tepat di seberang hotel terdapat supermarket dan pusat perbelanjaan. di dekatnya ada alun-alun dengan mac 24 jam. kamar memiliki koneksi wi-fi yang bagus, bersih dan nyaman. kolam renang relatif kecil. saran: bawa sopir anda tidak melalui hotel. staf salah berkomunikasi dengan kami dan kami akhirnya membayar lebih banyak. manajer menangani situasi dengan buruk.",positif,positif,netral,positif,none,none,netral
698,Agoda,Hotel Santika Bogor,1/14/2025,64,411,5,"pas awal masuk sudah hampir dini hari, loby gelap kaya kurang cahaya gitu, terus panas dan kurang wangi hehehehe. lorong menuju kamar juga redup dan panas sepertinya acnya tidak dinyalakan entah dalam rangka berhemat atau go green. kamar bersih, rapi, termasuk baru jadi masih terawat, air panas baik, tempat tidur nyaman. sarapan lumayan variatif dan enak, staf hotel ramah. lokasi strategis karena diatas mall",positif,negatif,positif,positif,none,positif,none
3510,Agoda,Hotel Santika Tasikmalaya,10/26/2012,64,445,5,"untuk standard hotel bintang 3, santika memang harus dicoba. dibandingkan dengan beberapa hotel lainnya yang ada di sekitarnya sangat jauh berbeda, baik dari penyambutan tamu, pelayanan, kebersihan, makanan. kekurangan hotel ini hanya pada businnes center karena untuk type businnes harus prepare jika hendak menggunakan media printer, namun untuk beberapa lembar saja masih bisa dibantu oleh team hotel santika tanpa biaya apapun (luar biasa! )",negatif,none,positif,positif,netral,positif,none
6885,Traveloka,Hotel Santika Bandung,7/27/2016,64,386,5,"check in jam 14. 00 tapi kamar masih belum siap, begitu dapat kamar sekitar jam 15. 00 posisi kamar paling ujung padahal check in paling awal. kamar kondisinya standard saja padahal saya pilih deluxe. break fast menu masih seperti beberapa tahun lalu saya pernah nginap. sprei dan handuk lebih sering kondisi sudah sering pakai bukan braind new. so far keluarga enjoy saja. terima kasih",none,negatif,negatif,netral,none,netral,netral
7525,Traveloka,Hotel Santika Bogor,7/12/2023,64,438,5,"semuanya ramah dan sangat membantu. buat yang akan menginap ke sini langsung aja masuk parkiran botani (depan convention hall). free parkir dengan stempel hotel. lokasi strategis, ke mall bisa punya akses langsung lewat lantai basement. bagi orang jakarta yang ingin pulang, bisa langsung akses toll jagorawi saat keluar parkir. makanan lumayan variatif, tersedia kolam renang buat anak. pagi-pagi bisa olahraga keliling kebun raya bogor.",positif,none,positif,none,positif,positif,positif
7941,Traveloka,Hotel Santika Bogor,1/8/2020,64,434,5,"redeem mudah, check-in cepat banget, parkir luas, makanan juga enak, air conditioner dingin dan deket banget dengan mall dan akses mall tersendiri. ada kegiatan anak-anak di weekend, yang membuat anak-anak betah di hotel masukan untuk hotel a/: vallet parkir untuk weeknd agar ditambah orangnya, jadi antrian pada saat check out tidak berantakan. selebihnya baik semua. paylater baik banget, promo banyakin. jangan kasih kendor. cayo.",positif,positif,positif,none,none,positif,positif
12464,Traveloka,Hotel Santika Mega City Bekasi,5/22/2019,64,421,5,"kamar bagus, lokasi sangat strategis di bawah mal giant langsung dekat tol bekasi barat, yang paling enak tinggal jalan kaki ke samping gedung buat nonton xxi, makanan standar variant tidak terlalu banyak, rasapun standar, pelayanan baik, hanya saja kasur sekelas santika kurang nyaman tidak empuk dan bantal keras tidak lembut jadi pegal-pegal lehernya, ada kolam renang cuma suasana kurang menarik jadi saya tidak coba.",positif,negatif,positif,none,none,netral,negatif
631,Agoda,Hotel Santika Bandung,4/12/2013,63,405,5,hal yang sangat menarik dari hotel ini adalah letaknya yang sangat strategis. di depan hotel terletak bandung indah plaza. salah satu mall besar di bandunng. di ssebelah kanan hotel terletak jalan riau yang sangat terkenal degan deretan fo nya. di samping itu hotell juga sangat bersih. staffnya ramah. makanan di coffee shop oke. dan meskipun hotelnya tidak seberapa besar. kolam renangnya lumayan besar.,positif,none,positif,positif,none,positif,positif
12852,Traveloka,Hotel Santika Mega City Bekasi,8/15/2018,63,420,5,"agak sedikit kecewa: 1. view jendela kamar yang terlihat hanya blower ac/ tempat pembuangan angin mall, dan suaranya berisik sepanjang malam. ketutup gedung pula, tidak bisa ngeliat view kota. 2. lantai kamar mandi lumayan licin kalau kena air, anak sempet terpleset jatuh. 3. sarapan bervariasi, tapi hanya nyobain nasi goreng-nya, seret. kelebihannya: 1. lift lobby hotel langsung terhubung dengan mall. 2. staf ramah.",positif,negatif,positif,negatif,none,negatif,none
696,Agoda,Hotel Santika Bogor,10/16/2025,62,388,5,"hotel ini lokasinya sangat strategis, terletak di pusat kota bogor. tidak jauh dari pintu tol jagorawi. hotel ini juga menyatu dengan mall favorit kota bogor. jadi baik banget. fasilitas lengkap, makanan enak, view kota bogor yang indah, staf hotel yang ramah dan membantu tamu. rekomendasi banget untuk staycation di sini. yang ngga mau ribet cari makanan dan hiburan. semua ada di sini.",positif,netral,positif,none,none,positif,positif
706,Agoda,Hotel Santika Bogor,1/27/2025,62,404,5,"untuk hotel santika selalu baik yah dicabang manapun. kamar nyaman, luas dan fasilitasnya bagus. makan sarapan selalu menyenangkan juga di santika bogor banyak pilihan menunya. hanya kolam renang kecil dan yang kolam kecil anak2 itu agak kotor yah pas kami staycation disana. tapi untuk posisi dipusat kota enak deket kemana2 termasuk untuk cari2 makan juga mudah karena nempel dengan mall botani square.",positif,positif,none,negatif,none,positif,netral
2405,Agoda,Hotel Santika Depok,1/15/2026,62,468,5,"properti ini menawarkan nilai luar biasa dengan lokasi prima, kebersihan sempurna, dan staf ramah yang benar-benar meningkatkan pengalaman. fasilitasnya terbaik, menampilkan kolam renang yang indah dan sarapan lezat yang memenuhi semua selera. akses mudah ke bandara dan pilihan transportasi memudahkan untuk berkeliling, memastikan masa menginap yang bebas repot. secara keseluruhan, pilihan fantastis bagi siapa saja yang mencari liburan yang nyaman dan menyenangkan",positif,positif,positif,none,none,positif,positif
9034,Traveloka,Hotel Santika Cirebon,8/10/2022,62,429,5,"pengalaman saya menginap di hotel santika cirebon sangat menyenangkan. kamar bersih nyaman. kolam renang bersih besar. makanan breakfast banyak pilihan enak. ditambah saya request compliment birthday cake untuk ulang tahun suami saya, pihak receptionist dan pihak resto sangat welcome dan bantu kami kasih surprise pada saat breakfast. terima kasih you for your bagus service! kami akan kembali menginap di hotel santika cirebon.",none,positif,positif,positif,none,positif,positif
10012,Traveloka,Hotel Santika Depok,4/9/2025,62,360,5,"plusnya + lokasi strategis + kamar bersih, air conditioner dingin, water heater berfungsi + makanan bervariasi + ada keterlambatan wkt cek in dari hotel tapi dikasih tambahan wkt 2 jam untuk cek out minusnya - lantai kamar mandi dekat wastafel airnya menggenang terus - tidak ada hair dryer dan kulkas - tidak ada galon isi ulang air, jd hanya dibatasi 4 botol",none,positif,positif,positif,none,positif,negatif
12259,Traveloka,Hotel Santika Mega City Bekasi,2/12/2020,62,431,5,"pertama kali menginap di hotel santika mega city kesan saya kamarnya bagus, bersih, nyaman. terdapat sepasang handuk besar handuk kecil. menu sarapannya banyak variasinya, semua enak pelayanannya yang ramah sangat melayani tamu. restorannya juga sangat luas terdapat taman mungil dibawahnya, ada padang golf mini untuk bermain. sangat cocok untuk keluarga yang mempunyai anak kecil. worth it dengan harganya. dan gratis parkir juga",none,positif,positif,positif,positif,positif,none
12475,Traveloka,Hotel Santika Mega City Bekasi,5/8/2019,62,408,5,"tempat yang nyaman, kamar cukup bersih, ruangan cukup luas, menu sarapan lengkap, rasanya enak. sedia kopi single origin buat yang suka ngopi. lokasi strategis di bawahnya ada xxi dan mall. kurangnya tidak ada kulkas, tidak ada hairdryer dan koneksi internet buruk banget (rencana mau sambil kerja gagal) buat hotel sekelas santika. lebih recommend santika cikarang sih. nothing is perfect, overall baik kok.",positif,positif,none,positif,none,positif,negatif
264,Agoda,Hotel Santika Bandung,7/28/2015,61,414,5,"kinerja penerimaan yang luar biasa selama check-in dan check-out, respons lambat dari pelayan ketika kami tiba. ukuran kamar besar, tua tapi bersih dan terawat. perabotan baru menghadirkan suasana baru di dalam ruangan. lift sudah tua tetapi masih dalam performa yang baik. kolam renang sangat dingin. tempat parkir basement, banyak ruang untuk mobil. sarapannya enak, banyak variasi makanan dengan rasa yang enak.",none,positif,positif,positif,none,positif,netral
3230,Agoda,Hotel Santika Tasikmalaya,3/25/2023,61,409,5,"awalnya saya salah membuat tanggal pesanan, namun nyamannya di agoda adanya menu untuk mengubah pemesanan. akhirnya saya bisa melakukan pemesanan di tanggal yang sesuai. hotel ini sangat nyaman, walau dipinggir jalan raya namun tidak terdengar suara kendaraan didalam kamar, kamar bersih dan nyaman - harganya terjangkau untuk wisatawan bisnis spt saya, staf ramah, menu bf enak - namun memang kurang beragam.",none,positif,positif,positif,positif,netral,none
164,Agoda,Hotel Santika Bandung,9/4/2023,60,403,5,"lokasi bagus. hotel tua tapi masih terawat dengan baik. dekat street food, belakang mall yang cukup nyaman, factory outlet, shopping, cafe resto. memiliki gym (peralatan agak tua), kolam renang, sarapan prasmanan (banyak makanan lokal tetapi agak terlalu banyak). kolam renang di lantai 2 yang cukup bagus. kamar memiliki ketel, kulkas, brankas, televisi. staf sopan. akan kembali lagi suatu hari nanti.",positif,netral,positif,none,none,netral,netral
595,Agoda,Hotel Santika Bandung,8/15/2014,60,401,5,"saya sudah 2 kali menginap di santika bandung. karena breakfast-nya beragam dan enak, dekat dengan tempat perbelanjaan, kolam renangnya bersih. yang kurang dari hotel ini front office yang hanya bisa melayani 2 tamu. lumayan lama menunggu giliran apa lagi tanpa ada nomor antrian sehingga sempat disela orang yang baru datang. tidak ada petugas penunggu kolam renang, sehingga sempat kehabisan handuk.",positif,none,negatif,positif,none,positif,positif
8870,Traveloka,Hotel Santika Cirebon,1/28/2026,60,393,5,"staf hotel sangat ramah dan membantu saat proses check in. permintaan agar kamar dekat lift karena membawa lansia, juga diatur dan diberikan. hotel bersih dan nyaman, hanya saja perabot kayu di kamar agak beraroma kayu tua. parkiran luas tidak berbayar, karena parkir outdoor, agak sulit jika hujan. makanan beragam dan menarik namun kualitas rasa dan keseimbangan rasa perlu diperhatikan lagi",none,negatif,positif,positif,none,negatif,positif
10164,Traveloka,Hotel Santika Depok,1/4/2023,60,450,5,pelayanan dan keramahan staf hotel sangat baik. sarapannya juga enak. hotel ini terhubung dengan depok mall sehingga sangat nyaman ketika kami ingin berjalan-jalan atau berbelanja. kamarnya juga bersih. saya lupa dompet saya setelah sarapan dan meninggalkannya di restoran. saya menyadarinya saat check-out. mereka menyimpan dompet saya dengan aman sampai saya mengambilnya kembali. secara keseluruhan tidak ada keluhan. penginapan yang menyenangkan!,positif,positif,positif,positif,none,positif,none
118,Agoda,Hotel Santika Bandung,6/18/2024,59,426,5,"saya memesan kamar eksekutif dengan ruangan berukuran besar dan tempat tidur besar, cocok untuk menampung dua balita. lokasi hotel sangat nyaman, terletak di belakang bandung indah plaza (bip) dago dan di seberang supermarket riau junction, sehingga mudah untuk berkeliling. tempat parkirnya sangat luas, dan sajian sarapannya banyak dan enak. anggota stafnya ramah, dan masa menginapnya secara keseluruhan cukup menyenangkan.",positif,positif,positif,none,none,positif,positif
743,Agoda,Hotel Santika Bogor,2/16/2026,59,383,5,kami selalu tinggal di sini untuk perjalanan singkat karena nyaman untuk bersantai di dekat toko-toko kafe dll. juga dekat bus ke bandara. sarapan hotel bervariasi. staf ramah dan membantu. kami memesan kamar deluxe yang berisi tempat tidur kembar dan sofa ukuran ganda untuk menampung 3 orang dengan nyaman. kami meminta selimut dan handuk tambahan secara gratis. akan tinggal lagi.,none,positif,positif,none,positif,positif,positif
1746,Agoda,Hotel Santika Cirebon,5/25/2024,59,383,5,"proses check in cepat. kmr lumayan bersih, namun properties sudah terlalu usang seharusnya diperbaharui ( bed, tempat sampah, lemari dll ), namun bersih sekali. lantai lembab jadi jika terkena air akan sulit kering, membuat tidak nyaman. sarapan variatif sekali dan enak. kolam renang bersih, namun tempat bilas kurang terawat dan terkesan seram. next time akan kembali ke sini lagi.",none,negatif,positif,positif,none,positif,negatif
2080,Agoda,Hotel Santika Cirebon,12/30/2022,59,414,5,"hotel tua yang menempati lahan luas dan lokasi yang strategis. seharusnya bisa mempertahankan ""keklasikan"" hotel santika yang sudah terkenal. sayangnya tidak bisa menjaga itu. sarapan alakadarnya, lokasi seputar kolam tidak terawat, air conditioner tidak dingin, kamar mandi bau, kunci hotel sudah jadul, balkoni depan jendela kotor banget, area deket lift d lobi gelap, terkesan kotor. semoga segera diperbaiki ya",positif,netral,none,negatif,none,netral,netral
2609,Agoda,Hotel Santika Depok,7/30/2015,59,431,5,proses check in cepat dan efisien. tempat berbelanja dan makan yang mudah di dekatnya sehingga memudahkan rombongan kami untuk membeli kebutuhan dan mendapatkan makanan. area kolam bagus tapi perlu dibersihkan di sekitarnya dan menyediakan lebih banyak handuk. kamar mandinya kecil tapi baik namun bilik pancuran membutuhkan pintu untuk mencegah membasahi seluruh lantai kamar mandi. secara keseluruhan istirahat yang menyenangkan.,positif,negatif,positif,none,none,netral,negatif
3445,Agoda,Hotel Santika Tasikmalaya,11/3/2014,59,364,5,"ini ptama kmi dtg k kota tasikmalaya menginap. dhotel santika. kesan yang kami dptkn sgt nyaman mnginap. dhotel. ini, tmp bersih, pelayanan ramah, menu breakfast sgt bervariasi enak pastinya. lokasi sgt strategis. dkt dengan pusat kota. byk menu wisata kuliner ddkt hotel. tggl. jln kaki. suatu saat kami k kota tasik lg, pasti kmi akn mnginap dhotel santika lagi.",positif,positif,positif,positif,none,positif,none
7036,Traveloka,Hotel Santika Bandung,1/6/2016,59,404,5,"hotel yang sangat direkomendasikan baik untuk urusan bisnis terlebih untuk urusan keluarga. kamar luas, pelayanan cepat, harga sesuai dengan kualitas dan bersaing, kebersihan terjaga. cuma saran untuk staf yang menanyakan kamar nomor berapa untuk sarapan jangan terlalu kaku mengikuti aturan toh kemampuan manusia untuk makan seberapa banyak sih, saya pikir itu saja yang perlu di training lagi staf nya.",none,positif,positif,positif,positif,netral,none
12601,Traveloka,Hotel Santika Mega City Bekasi,1/16/2019,59,402,5,"kamar sedikit lebih sempit dibanding saya menginap pertama kali, kasurnya bunyi tapi it's baik lah. kamar mandi bersih dan channel televisi cukup variatif. yang memuaskan adalah sarapannya sangat variatif dan enak, lokasi hotel yang masih satu gedung dengan mal dan bioskop, memudahkan untuk berbelanja dan mencari hiburan. ada taman dan kolam renang yang bisa dipakai untuk bersantai bersama keluarga.",positif,negatif,none,positif,none,positif,positif
5796,Tiket,Hotel Santika Depok,11/12/2020,58,345,5,"lokasi susah di akses tidak seperti aston di bcp. harga kurang worth it dengan fasilitas apalagi kamar sempit dan view nya tidak ada. kalau yang view jalan hanya kamar delux ke atas. shower air tidak berfungsi dengan baik, semprotan air tidak terporos satu titik jadi sakit kena badan. sabun dan sampoo nya tidak wangi malah seperti bau balsam. ",negatif,negatif,none,positif,negatif,none,negatif
9103,Traveloka,Hotel Santika Cirebon,9/15/2021,58,390,5,"hotel secara keseluruhan besih, hanya lantai kamar sayang tidak pakai karpet atau pinil kayu. staf ramah, saya diberikan room 1 tingkat di atas pesanan secara gratis. makanan enak, lokasi strategis. baru pertama menginap di hotel ini kesan sangat menyenangkan, ada fasilitas cuci mobil saat cek out mobil bersih pertahankan service cuci mobilnya. terima kasih santika cirebon, sukses terus!",positif,none,positif,positif,none,positif,positif
10464,Traveloka,Hotel Santika Depok,5/8/2019,58,384,5,"menginap di kamar superior, nunber 2733, super nyaman, bersih dan dapat view langsung jalanan margonda. pelayanan juga super ramah dan cepat baik untuk proses check-in dan check-out. untuk sarapan, pilihan variatif baik bagi orang dewasa dan anak-anak. lokasi hotel super strategis karena berada jadi satu dengan kawasan mal dan area kuliner dan belanja di margonda, pusat kota depok.",positif,positif,positif,positif,none,positif,none
1440,Agoda,Hotel Santika Bogor,7/25/2022,57,361,5,"menginap disini bagus tempat nya dan mewah. breakfast untuk anak kedua hanya bauar 75ribu. kamar luas, bersih, modern dan rapi, kamar mandi bersih dan wangi, menu breakfast banyak dan enak, staf ramah, hanya kurang fasilitas tempat parkir yang ada di luar gedung bersama parkir pengunjung mall (harus nya ada parkiran tersendiri di dalam gedung atau area hotel)",none,positif,positif,positif,none,positif,negatif
5717,Tiket,Hotel Santika Cirebon,5/25/2019,57,410,5,"sebuah hotel kelas satu sejak dahulu kala. walaupun agak tua, kamarnya luas dan bersih. layanan yang dapat diandalkan karena merupakan jaringan santika indonesia. sarapannya juga enak. sayangnya, padahal saya sudah mendapat konfirmasi penjemputan gratis setelah sampai di stasiun cirebon, tidak ada yang menjemput saya. pas saya telpon pihak hotel, langsung ada mobil datang, tapi operasionalnya lambat sekali.",none,positif,negatif,positif,positif,positif,none
8765,Traveloka,Hotel Santika Bogor,7/15/2015,57,395,5,"proses check-in cepat. kamar bersih, besar dan sangat nyaman. breakfastnya juga memuaskan. akses ke tempat kuliner (jl. suryakencana) dan kebun raya bogor juga dekat, hanya saja terganggu oleh macetnya lalu lintas. yang sedikit mengganggu hanya setiap kali akan keluar dari kawasan hotel, kita harus minta cap dari pihak hotel untuk mem-void tagihan parkirnya. masih manual, belum diotomatisasi.",positif,positif,positif,positif,none,positif,none
9971,Traveloka,Hotel Santika Depok,10/8/2025,57,380,5,"lokasinya bagus kapan pun lapar, bisa ke d mal tanpa khawatir hujan. hiburannya ada teater, makanan hotelnya juga enak. semua staf kooperatif. menu sarapan paginya luar biasa. menu makan siang makan malamnya juga enak. layanan kamarnya bagus. kebersihan kamarnya bagus. semua staf kebersihan dan dapurnya kooperatif. saya rutin menginap di santika depok selama lebih dari 6 tahun.",positif,positif,positif,positif,none,positif,none
12667,Traveloka,Hotel Santika Mega City Bekasi,12/19/2018,57,402,5,"saat check-in kamar belum tersedia. harus menunggu. kloset kotor. komplain kemudian dibersihkan. air conditioner tidak dingin. akhirnya diperbaiki. sprei dan sarung bantal ada bercak, mungkin laundrynya kurang bersih, petugas cepat ganti yang baru. makanan biasa saja. lorong menuju kamar sangat panas serasa tidak ada air conditioner. fitur kamar tidak sesuai premiere room king tapi tidak ada kulkas.",none,negatif,negatif,negatif,none,netral,negatif
3866,Tiket,Hotel Santika Bandung,5/17/2025,56,389,5,"kamarnya bersih, nyaman. kesan pertama liat dari luar nampak seperti hotel tua, tapi dalamnya masih sangat oke, dan kolam renangnya sederhana tapi bersih dan aman untuk anak-anak. dan untuk pilihan sarapannya lumayan banyak variasi nya, dari tradisional sampai western juga ada. stafnya juga ramah semua. semoga next bisa kembali kesana. high-quality restaurant. ramah and membantu staff. ",none,positif,positif,positif,none,positif,positif
5361,Tiket,Hotel Santika Bogor,4/29/2023,56,367,5,"hotelnya nempel sama botani square, jd enak kalau mau cari2 makan. parkiran juga lega, staf nya ramah, kebersihan baik kecuali kamar yang smoking masih tetep bau asap. breakfast pilihannya banyak, rasanya pas. kolam renang terlalu bau kaporitnya, mungkin karena ramai. over all baik sih, bisa jd pilihan untuk liburan singkat di kota bogor. trimakasih santika hotel. ",positif,none,positif,netral,none,positif,netral
9884,Traveloka,Hotel Santika Cirebon,4/15/2015,56,417,5,"hotel sangat baik, bersih nyaman. pelayanan juga prima. lokasi meskipun tidak tepat di tengah kota tapi akses sangat mudah dengan angkutan umum. perlu diperhatikan menu sarapan khususnya lokal/tradisional. entah kenapa saat saya menginap ada pojok khusus pecel, tapi sayurnya seperti terlalu matang. kurang membangkitkan selera. harap diperhatikan supaya standar penyajian sama seperti hidangan umum atau kontinental.",positif,positif,positif,positif,none,negatif,none
223,Agoda,Hotel Santika Bandung,12/29/2017,55,357,5,"hotel yang bagus dengan staf yang baik. lokasinya bagus, dekat pusat perbelanjaan dan factory outlet dan agak ramai di depan hotel karena parkir di jalan. kamarnya luas tapi kamar mandinya agak bau. kamar menghadap ke jalan riau bisa berisik di malam hari. sarapannya enak dengan berbagai jenis pilihan. pasti akan kembali dan merekomendasikan kepada teman.",positif,negatif,positif,none,none,positif,netral
869,Agoda,Hotel Santika Bogor,4/6/2024,55,368,5,"kunjungan terakhir kami dengan pra-covid pada tahun 2019 hotel santika bogor sangat 'setia' dalam menyambut kami kembali. lokasi luar biasa di sebelah botani sq mall melalui pintu penghubung di ruang bawah tanah yang aman nyaman. kamar bersih sarapan memadai, staf sangat ramah dengan senyum, kami pasti akan kembali! kami hanya memberikan pujian terbaik untuk mereka!",netral,positif,positif,positif,none,netral,none
1751,Agoda,Hotel Santika Cirebon,10/12/2025,55,372,5,"trip pendek ke cirebon kali ini kami mencoba menginap di hotel santika. ternyata menyenangkan menginap di santika kamarnya luas bersih, lokasi juga di pusat kota cirebon, parkirnya gampang dan pagi mobil sudah bersih dicucikan, kolam renangnya juga baik, untuk breakfast baik cukup menyenangkan juga. staf juga juga ramah ramah. next kecirebon bisa diulang menginap disini",positif,none,positif,positif,none,positif,positif
2621,Agoda,Hotel Santika Depok,2/28/2015,55,368,5,"hotel terhubung ke mal depok, kemudahan untuk berburu makanan setiap saat. pusat kota depok dan dekat dengan universitas indonesia. staf sangat membantu dan hangat. saya melihat banyak orang asing menginap di hotel ini, sarapannya cocok untuk orang indonesia dan orang asing. kamarnya baru dan bersih. saya sarankan untuk menyediakan kulkas kecil di dalam kamar tidur.",positif,none,positif,positif,none,positif,negatif
4109,Tiket,Hotel Santika Bandung,8/12/2018,55,336,5,"saya coba pergi ke bandung dan tinggal di hotel ini dengan keluarga saya, dan hotel ini lumayan bagus dengan menu sarapan pagi yang enak, dan staf sangat ramah staf pelayanan terutama kamar. kolam renang di lantai dua airnya sangat bersih dan juga lokasi hotel ini dekat ke mana-mana, terutama dekat dengan factory outlet dan restoran. ",positif,none,positif,positif,none,positif,positif
7719,Traveloka,Hotel Santika Bogor,12/29/2021,55,347,5,"di handuk masih ada helaian rambut, di kasurpun ada helaian rambut. dental kit hanya dapet 1, parkiran tidak diksh tau kalau tiket parkirnya harus dicap, alhasil bayar parkir mall 40rb. makanan rasanya kurang dan kurang variatif, kamar kurang kedap suara jadi berisik suara kamar sebelah. kayanya cukup sekali aja ke santika hehe terima kasih you.",none,negatif,none,negatif,negatif,negatif,negatif
12373,Traveloka,Hotel Santika Mega City Bekasi,9/18/2019,55,320,5,"dengan harga segitu agak kurang worth it sebenarnya, wi-fi yang kurang kencang malah sering mati, ribet karena kodenya harus lewat otp no hp yang di daftarkan, lokasi hotel yang ada di atas mal jadi agak susah kalau mau keluar harus turun dlu lewat mal, dan bangunan yang sudah agak usang sih, untuk sarapan lumayan lah.",negatif,negatif,none,none,negatif,positif,negatif
12497,Traveloka,Hotel Santika Mega City Bekasi,4/10/2019,55,373,5,"staf di front office super ramah, dikasih permen lolipop buat keponakanku, welcome drinknya baik. pas masuk kamar, kamarnya luas, bersih walau ada beberapa tembok yang catnya sudah ngeletek plus dicorat coret. tapi wastafel kamar mandinya aernya mengendap. wi-fi tidak nyala sama sekali. kolam renangnya enak. ter the best breakfastnya. pls jaga kebersihan kamar dan lobby.",none,negatif,positif,negatif,none,positif,negatif
350,Agoda,Hotel Santika Bandung,8/16/2013,54,377,5,"terletak di antara dua pusat perbelanjaan besar (bandung indah plaza dan riau junction) dan factory outlet, sehingga kami sedikit kesulitan untuk mencapai hotel karena kemacetan lalu lintas. poin positifnya adalah kami hanya berjarak berjalan kaki untuk mendapatkan banyak variasi makanan dan pakaian. sarapan enak dengan makanan ala indonesia. kamar bersih dan ada wi-fi juga.",positif,positif,none,positif,none,positif,netral
2349,Agoda,Hotel Santika Cirebon,11/24/2012,54,359,5,"lokasinya yang cukup strategis. dekat dengan mall dan hanya 5menit menuju stasium kereta. makanan saat sarapan enak dengan menu lokal seperti nasi jamblang, empal gentong. sedangkan makanan room service seperti lamb chop terlalu asin. free wi-fi namun cukup lemot. free transfer ke stasium kereta. tiket kereta juga dapat dengan mudah dipesan di front office.",positif,none,netral,none,positif,positif,negatif
8069,Traveloka,Hotel Santika Bogor,4/3/2019,54,352,5,"puas sekali menginap disini, dekat dengan mal botani sekalian shoping, terus dekat dengan penjual lapis talas dan roti unyil jadi paling bisa bawa oleh-oleh. harga pun sangat bersahabat, kamar baik banget, rapi bersih dan pelayanan memuaskan dan kamar luas. oiya disitu dekat pmi, sekalian berobat ke dokter pun tinggal jalan kaki sampai. puas pokoknya",positif,positif,positif,positif,positif,none,none
8,Agoda,Hotel Santika Bandung,3/20/2026,53,357,5,"trims kemaren dapat kasur per lebih kokoh tidak tidur miring lagi, atau mungkin beda kamar? breakfast enak tidak keasinan atau over bumbu, ada mesin kopi buat espreso juga, semua staf ramah, harga kmren dapat wajar, sedikit masukan tolong chanel televisi diperbanyak atau bisa netflik/youtube, jendela tolong dirapatkan baut kendor suara jalan terlalu masuk",none,negatif,positif,none,positif,positif,negatif
2328,Agoda,Hotel Santika Cirebon,2/13/2013,53,368,5,"pelayanan mulai dari penjemputan dari stasiun kereta api sampai pada waktu check-out sangat memuaskan. ruangan kamar dan kamar mandi bersih. pelayanan di tempat sarapan juga sangat ramah. yang sedikit kurang hanya pada jenis makanan, rasanya enak tapi kurang variatif. lokasi sangat strategis, dekat dengan tempat makan dan pusat perbelanjaan serta stasiun kereta api.",positif,positif,positif,positif,none,netral,none
6452,Traveloka,Hotel Santika Bandung,1/10/2018,53,363,5,"hotel tua dengan perawatan yang baik sehingga hotel terlihat masih bagus dan terpelihara dengan baik, dekat dengan masjid tentara dan beberapa pusat perbelanjaan. sarapan varian yang berlimpah dan lezat, kamar bersih dan nyaman. sebagai saran mungkin sedikit kolam renang plus fasilitas ramah anak, seperti slide kecil atau tempat bermain akan menjadi lebih baik.",positif,positif,none,positif,none,positif,negatif
10578,Traveloka,Hotel Santika Depok,1/2/2019,53,399,5,"secara keseluruhan recommended sekali untuk menginap. kebetulan lokasi cukup strategis dekat dengan pusat perbelanjaan. ruangan cukup nyaman dan bersih, hanya masih terdengar sedikit suara dari luar yang membuat kenyamanan saat beristirahat sedikit berkurang. untuk pelayanan semua petugas sangat ramah. makanan di hotel bervariasi, hanya untuk makanan utama seperti nasi goreng rasa sedikit hambar.",positif,negatif,positif,positif,none,negatif,none
40,Agoda,Hotel Santika Bandung,8/14/2025,52,403,5,"akomodasi ini menawarkan nilai yang sangat baik dengan lokasi yang strategis dan kebersihan yang terjaga. stafnya sangat ramah dan membantu, membuat pengalaman menjadi lebih menyenangkan. fasilitas yang tersedia juga memuaskan, cocok untuk berbagai kebutuhan. secara keseluruhan, ini adalah tempat yang sangat direkomendasikan bagi siapapun yang mencari kenyamanan dan pelayanan terbaik selama menginap.",positif,none,positif,positif,positif,none,positif
3493,Agoda,Hotel Santika Tasikmalaya,8/15/2013,52,348,5,"hotel santika adalah terbaik di tasikmalaya, bersih, nyaman dan di pusat kota. kami cukup puas tinggal disini karena para staf yang ramah dan check in yang cukup cepat, sehingga kami bisa segera beristirahat setelah lelah menempuh perjalanan yang panjang dari jakarta. breakfast juga cukup bersih dan enak, walaupun sayang variasinya kurang banyak.",positif,positif,positif,positif,none,netral,none
5624,Tiket,Hotel Santika Cirebon,11/4/2021,52,346,5,"bangunan lama tetapi masih terjaga dengan baik, nuansa jawa nya kental dari lobby masuk, kamar luas dengan fasilitas yang baik, kebersihan pun sangat baik, hanya saja menu sarapan yang kurang variatif (semoga management santika cirebon ada inovasi menu sarapan yaa), lokasi sangat strategis dekat dengan mini market dan beberapa mall di cirebon. ",positif,positif,none,positif,none,negatif,positif
8742,Traveloka,Hotel Santika Bogor,8/12/2015,52,354,5,"hotel sederhana untuk non-mewah, tinggal akhir pekan cepat. ruang sederhana dan bersih. tempat tidur kembar kecil, sayangnya. ia memiliki semua neccesities kecuali kulkas. sarapan menawarkan beragam baik makanan. staf meja depan sangat bagus dan begitu juga staf di kafe. akses ke pusat perbelanjaan adalah pasti plus untuk makan cepat. akan datang lagi.",positif,positif,positif,positif,none,positif,none
652,Agoda,Hotel Santika Bandung,1/2/2013,51,371,5,hotel yang cukup menyenangkan dengan lokasi yang strategis untuk istirahat sambil jalan-jalan karena dekat dengan pusat perbelanjaan dan pusat keramaian kota bandung (dago). cukup mengesankan pelayanan dan kebersihannya. makanan di hotel ini standar dengan banyak pilihan menu. kolam renang tidak jadi satu dengan restoran sehingga terasa lebih personal dan lebih nyaman.,positif,none,netral,positif,none,positif,positif
7102,Traveloka,Hotel Santika Bandung,10/7/2015,51,355,5,"lokasi bagus. kebersihan dalam kamar untuk tempat tidur baik, lantai kotor demikian juga dengan toilet di lobby. ada suara berisik karena ada maintenance di kamar sebelah. makanan kurang berkwalitas. pelayanan baik, namun sayang barang saya yang tertinggal tidak segera diinformasikan, karena saya juga menyadarinya sesudah sampai di jakarta di sore hari.",positif,negatif,netral,negatif,none,negatif,none
10089,Traveloka,Hotel Santika Depok,5/22/2024,51,353,5,"untuk lokasinya benar-benar samping mal, untuk ukuran kamarnya kecil apalagi kamar mandinya benar-benar minimalis dan aksesori kamar mandi sudah banyak yang rusak dan bocor, kolam renangnya tidak terlalu besar, makanannya enak banyak variasinya dan yang menyenangkan lagi saya merayakan ultah suami saya dan dapat gratis kue yang enak, terima kasih you.",positif,negatif,positif,none,none,positif,negatif
140,Agoda,Hotel Santika Bandung,2/12/2024,50,295,5,"3hari 2malam stay di santika. dapat kamar depan kolam renang persis. anak saya hepi banget. kamar nya bersih, luas, staf nya ramah2. sarapan nya juga enak enak banget. tirai kamar nya tipe yang black out. seharian di kamar juga betah banget. bener2 puas banget nginep di santika bandung. love it",none,positif,positif,positif,none,positif,netral
1846,Agoda,Hotel Santika Cirebon,9/4/2023,50,322,5,"menginap 1 malam. makanan enak, kamar bersih, hanya kok tidak disediakan tisue dalam kamar hanya ada tisue gulung di toilet. ruang fitness ada alat2 yang tidak berfungsi seperti sepeda statis. niat or jadi tidak bisa. selebihnya semua oke. pelayanan bagus sekali. hotel santika langganan saya jika nginap di berbagai kota.",none,positif,positif,positif,none,positif,positif
3114,Agoda,Hotel Santika Tasikmalaya,9/28/2015,50,356,5,ini pertama kalinya saya menginap di santika tasikmalaya. lokasi sangat strategis dekat mall dan restoran. asep stoberry resto tasik hanya 5 menit berjalan kaki. sarapannya juga enak. keramahtamahannya juga sangat baik. secara keseluruhan ini adalah hotel terbaik di tasik sejauh ini. namun mereka harus meningkatkan kecepatan koneksi wi-fi dan kebersihan.,positif,none,positif,negatif,none,positif,negatif
5246,Tiket,Hotel Santika Bogor,4/26/2025,50,315,5,"lokasi hotel berada di area mall botani square, ada akses langsung ke mall, resto kurang besar, jadi ketika sarapan harus antri nunggu dulu cukup lama. rasa makanan lumayan enak, makanan beragam, kamar bersih, lobby tidak terlalu besar, parkiran agak sulit karna di mall, jadi agak ramai. lainnya cukup lumayan baik",positif,positif,none,positif,none,netral,negatif
11649,Traveloka,Hotel Santika Depok,8/19/2015,50,330,5,"overall baik dan memuaskan. tempatnya strategis dan nyaman, menyatu dengan mal sehingga mudah mencari makanan dsb. pelayanan juga ramah dan menu breakfast sangat pas di lidah. namun sayang wifi-nya tidak bekerja dan kolam renang hanya tersedia untuk orang dewasa saja (1, 3 meter, tidak bisa untuk anak-anak berenang dengan bebas)",positif,positif,positif,none,none,positif,negatif
1374,Agoda,Hotel Santika Bogor,6/18/2024,49,305,5,"yah agak sedikit kecewa sih, harga normal tanpa promo tpi malah dapat kamar paling ujung mana lumayan berisik karena deket mesin apa itu saya tidak tau. keran dikamar mandi pun rusak tidak berfungsi. untuk pelayanan dan fasilitas baik, untuk menu sarapan yah tidak bisa berharap banyak dengan harga segitu",none,negatif,positif,none,positif,positif,positif
6391,Traveloka,Hotel Santika Bandung,6/27/2018,49,309,5,"kami sekeluarga menginap 2 malam di santika, menurut kami untuk ukaran kamar luas, staf ramah, mobil di cuci (jadi kinclong terus), kolam renang untuk anaknya lumayan besar, makanan baik, hanya untuk kamar kami di 348 wc-nya agak bau apek apakah karena exhaustnya tidak nyala, untuk yang lainnya bagus banget.",none,positif,positif,negatif,none,positif,positif
6680,Traveloka,Hotel Santika Bandung,5/31/2017,49,312,5,"kamar dan kolam renangnya enak, untuk wi-fi turun naik dan untuk sarapan kurang enak serta semuanya pada dingin, untuk mandi air panasnya tidak stabil, kadang dingin sendiri, kadang panas banget itu air, beda banget dengan santika yang di petamburan, hanya saja di santika bandung dapat cuci mobil secara gratis.",none,positif,positif,none,positif,negatif,negatif
9097,Traveloka,Hotel Santika Cirebon,10/13/2021,49,332,5,"response cepat, receptionis ramah, kamar looks baik, lokasi gampang dicari dan dekat ke lokasi kuliner vaforit, harga fair, makanan yang saya suka, cuma karena masa pandemi ini, process nya yang beda, sehingga anak-anak saya agak kurang bisa ber ekpressi menikmati breakfast khas santika. overall layak bintang 5, recommended hotel.",positif,positif,positif,none,positif,positif,none
9100,Traveloka,Hotel Santika Cirebon,9/22/2021,49,293,5,singgah di hotel ini so far so bagus. makanannya enak. staf nya semua ramah. room service nya fast respon. prokes nya juga tertib. kamar nya bersih. cari apa saja yang dibutuhkan tidak sulit karena dekat kemana². terima kasih santika cirebon. semoga lain waktu bisa menginap di hotel ini lagi.,positif,positif,positif,positif,none,positif,none
107,Agoda,Hotel Santika Bandung,8/11/2024,48,324,5,"hotel dengan dekorasi kamar kayu serasa tahun 90an, perlu renovasi total, kran shower lama perlu diganti karena tidak berfungsi dengan baik, kebersihan dan staf baik, sarapan monoton, lebih baik menunya diganti setiap hari. sejak menginap lebih dari satu malam, rasanya menu yang sama, nafsu makan berkurang. parkirnya luas.",none,negatif,positif,positif,none,negatif,positif
1492,Agoda,Hotel Santika Bogor,7/1/2019,48,331,5,"pelayanan bagus, kamar luas dan bersih, untuk swimming pool juga sangat bagus. lokasi bersebelahan dengan botani square jadi akses untuk makan dan hiburan sangat dekat. minus: lokasi parkir memusingkan dan lift untuk customer sangat kecil dan terbatas sehingga ketika mau turun/naik ke kamar/lobby membutuhkan waktu yang cukup lama",netral,positif,positif,positif,none,none,negatif
2205,Agoda,Hotel Santika Cirebon,1/2/2020,48,317,5,"saya menginap 1 malam dan sewa 2 kamar pada malam tahun baru dan menariknya adalah tamu mendapat free gala dinner (include di harga hotel). staffnya ramah. kamarnya cukup luas. fasilitas kamar mandi bersih. saran saja untuk sarapan agar ditambah variasinya, misalnya adalah makanan khas cirebon seperti empal gentong.",none,positif,none,positif,positif,netral,netral
2685,Agoda,Hotel Santika Depok,12/31/2023,48,326,5,"harga promosinya super worth it, tempatnya bersih, pelayanannya ramah, dan karena ada akses ke mall, jadi lebih mudah untuk jajan dan nonton film tanpa perlu jauh-jauh keluar. saya sudah beberapa kali menginap di hotel santika depok, kekurangannya hanya pada menu sarapannya yang kurang variatif, tapi secara keseluruhan baik.",positif,none,positif,positif,positif,negatif,none
3729,Tiket,Hotel Santika Bandung,4/20/2024,48,318,5,"lokasinya strategis dibelakang bip, staf hotel yang ramah, sarapan yang enak. kamar juga luas sayang lubang showernya ada yang tidak berfungsi. posisi kamar juga enak depan kolam renang staf penerima tamu ramah banget. staf penerima tamu ramah banget. staf penerima tamu ramah banget. ada akses ke pusat perbelanjaan. ",positif,netral,positif,none,none,positif,netral
5701,Tiket,Hotel Santika Cirebon,9/18/2019,48,320,5,"lokasi ditengah kota dekat, ruangan bersih, staf ramah namun karena lagi ada acara nikahan jadi kami terganggu karena berisik saat acara pernikahan dari jam 15 hingga jam 21 malam saat beberes bongkar panggung padahal kami bawa bayi. lalu makanannya terlalu sedikit variasinya dan rasanya juga standar sangat disayangkan",positif,negatif,positif,positif,none,negatif,none
6084,Traveloka,Hotel Santika Bandung,2/8/2023,48,343,5,"pertama datang terasa seperti hotel klasik, setelah masuk terlihat kualitas santika. kamar bersih termasuk di bawah meja, tidak berdebu, air conditioner sentral dan tetap dingin, parkiran cukup dan terhubung ke lantai kamar, lokasi sangat strategis, sarapan standar. sedikit minus, air kadang tidak stabil. puas dan merekomendasikan hotel ini.",positif,positif,none,positif,none,netral,positif
7188,Traveloka,Hotel Santika Bandung,5/6/2015,48,318,5,kamar baik breakfast baik fasilitas hotel baik saya baru ngeh ternyata ada airport transfer free (antar jemput)llumayan tuh buat menghemat ongkos taxi: d sedikit kecewanya di kamar mandi. pembungan airnya sedikit kurang lancar shower di bathtube agak susah penggunaannya (kamar 105) overall very bagus for us: d bravo!,none,positif,none,negatif,positif,positif,positif
7357,Traveloka,Hotel Santika Bogor,4/30/2025,48,316,5,"nilai +: hotel bagus, dekat pusat kota, kamar bersih, staf hotel ramah, sarapan banyak variasi. minusnya: waktu cek in nunggu 40 menit lebih, padahal sudah datang melebihi waktu cek in. kamar sebelah berisik, sepanjang malam sampai subuh di kamar sebelah ada suara pindah-pindahin kursi. tidur jadi sangat terganggu.",positif,negatif,negatif,positif,none,positif,none
7942,Traveloka,Hotel Santika Bogor,1/8/2020,48,304,5,"hotel ini sangat pas untuk berbulan madu, karena letaknya yang ada di mal botani square. jadi bisa langsung ngedate di mal, dan dapat free parking untuk tamu hotel, staf receptionist sangat ramah, kamar bagus, menu sarapan bervariatif dan rasanya enak. overall si baik, hanya saja kolam renangnya sempit.",positif,none,positif,positif,none,positif,negatif
2857,Agoda,Hotel Santika Depok,6/14/2017,47,334,5,"lokasi cukup strategis, bersatu dengan mall, breakfast bervariasi dan banyak pilihan, staf ramah, kamar cukup baik, hanya saja tidak kedap suara jadi terdengar langkah2 kaki dll nya. kolam renang kecil sekali dan bersatu dengan apartemen sehingga pemandangan yang terlihat jemuran2 apartemen. (tidak recomended untuk kolam renang nya)",positif,negatif,positif,none,none,positif,negatif
6622,Traveloka,Hotel Santika Bandung,7/19/2017,47,334,5,"secara keseluruhan baik, dari kenyamanan, pelayanan, kebersihan, lokasi, hanya saja masalah makanan ya, mungkin karena padatnya tamu hotel sehingga kalau sudah jam 09, 00 wib makanannya beberapa kosong. semoga ke depan semakin ditingkatkan utntuk hotel santika bandung. karena saya pelanggan setia hotel santika yang ada di indonesia.",positif,positif,positif,positif,none,negatif,none
7828,Traveloka,Hotel Santika Bogor,12/16/2020,47,307,5,hotel bagus hanya saja tidak ada tempat parkir yang memadai karena mungkin menyatu dengan mal. air di toilet menggenang tapi masih baik. hotel langsung menyatu dengan mal jadi bisa dengan mudahnya akses ke mal. breakfast standar hotel mungkin masih kurang nyaman karena pandemi tapi petugas sangat membantu.,positif,negatif,positif,none,none,netral,negatif
9379,Traveloka,Hotel Santika Cirebon,4/4/2018,47,312,5,"cukup memuaskan. lokasi strategis, service baik, check-in dan check-out tidak pake lama. bangunan hotel model lama (tua), lift kecil dan panas, pool cukup besar dan tidak panas (banyak pohon), breakfast nothing special, kamar cukup luas (deluxe) tapi agak berisik dari tetangga sebelah dan atas. overall baik lah",positif,negatif,positif,none,none,negatif,negatif
421,Agoda,Hotel Santika Bandung,5/3/2023,46,297,5,"lokasi tenanga, dekat pusat belanja jadi perlu apa2 dekat. didepan hotel ada foodstreet, ada soto yang lumayan enak. staf nya ramah2 dan cekatan. hotel lama tapi sangat terawat kebersihan nya. kamar juga bersih. kamar mandi bersih. semoga sarapan nya bisa diperbaiki menu dan kualitas makanan nya.",positif,positif,positif,positif,none,negatif,none
2090,Agoda,Hotel Santika Cirebon,2/17/2020,46,324,5,secara keseluruhan bagus. paling suka dengan kolam renangnya. sayang kamar bilas sudah tua (perlu direnov biar kelihatan lebih nyaman). breakfast enak. letak strategis. staf front office ramah. yang perlu ditingkatkan lagi adalah interior kamar sudah jadul. air conditioner kurang dingin. kayanya perlu diganti deh. itu aja.,positif,positif,positif,none,none,positif,netral
8193,Traveloka,Hotel Santika Bogor,8/1/2018,46,290,5,"check-in yang lama, petugas receptionistnya juga keliatan panik dan kamar lama siapnya. ukuran kasur single sangat kecil untuk ukuran hotel bintang 4 dengan rate kamar yang begitu mahal. makanan kurang. yang plus dari hotel ini cuma lokasi yang menyatu sama mal dan dekat sekali dengan tol.",positif,negatif,negatif,none,negatif,negatif,none
218,Agoda,Hotel Santika Bandung,4/20/2018,45,339,5,"lokasinya sangat strategis, di jantung kota. sarapannya cukup enak dan banyak variasinya. sayangnya kamarnya berbau bangunan tua, seperti bau apek. aku sudah menyemprotkan parfumku ke seluruh ruangan. tampaknya hotel ini pasti sudah memperbaiki ventilasi dan pemeliharaannya atau bahkan melakukan renovasi. kolam renangnya bagus dan teduh.",positif,negatif,none,negatif,none,positif,positif
662,Agoda,Hotel Santika Bandung,7/12/2012,45,273,5,"hotel dengan lokasi yang strategis di jalan riau, dekat fo dan dekat ke tempat2 strategis di bandung. kamar bersih dan cukup luas, walaupun bangunan hotel lama tapi jauh dari kesan seram. pelayan hotel ramah dan makanan hotel cukup variatif dan bisa dimakan (rasa cukup ok)",positif,positif,positif,positif,none,positif,none
1517,Agoda,Hotel Santika Bogor,5/22/2017,45,290,5,"puas dengan fasilitas dan pelayanannya. stafnya ramah2. ruangan kamar dan kamar mandi bersih, cuma pertama kali masuk kamar agak bau rokok. sarapan banyak menu pilihan dan enak2. lokasinya juga strategis banget. memang kita niat mau blanja. jd ke mall botani walopun hujan tidak ngaruh deh.",positif,positif,none,positif,none,positif,netral
2689,Agoda,Hotel Santika Depok,7/16/2019,45,313,5,"hotel yang bagus dengan staf yang baik, kebersihan dan kualitas. lokasi terhubung langsung dengan dmall. fasilitas hotel terbatas. kolam renang kecil dan treadmill dengan cross trainer. tapi lokasi di dmall dengan segala fasilitasnya membuat tidak ada masalah. hotel ini memiliki sarapan prasmanan yang luar biasa",positif,none,positif,positif,none,positif,negatif
3617,Tiket,Hotel Santika Bandung,6/11/2025,45,309,5,"hotel old school yang menyenangkan, pelayanan baik, fasiltas bagus, kolam renang bersih, gym ada, sepeda tersedia, makanan enak lokasinya dekat dengan mall, di sekitarnya banyak tempat makan enak2. komplit sudah maaf tidak bisa upload foto, filenya hi res karena saya suka dengan detail arsitekturalnya, keren",positif,none,positif,positif,none,positif,positif
4064,Tiket,Hotel Santika Bandung,9/23/2024,45,291,5,"hotelnya sudah agak tua kayaknya perlu di upgrade. tapi kamarnya lumayan bersih, makanannya juga kalau santika gaperlu ditanya lah yaa pasti enak. service staffnya juga sangat baik welcome dengan anak2. cuman ya itu banyak fasilitas yang agak sudah tidak layak. tapi baik untuk harga segini ",none,none,positif,positif,netral,positif,negatif
6124,Traveloka,Hotel Santika Bandung,5/18/2022,45,275,5,"untuk kamar dan lain sebagainya baik ya, parkir gratis untuk tamu tanpa cap dan lain-lain. air panas lancar, televisi, kasur dan kamar mandi bersih. hanya saja variasi sarapan yang kurang, bagi yang akan menginap di sini lebih baik ambil kamar saja tidak usah dengan sarapan.",none,positif,none,positif,positif,negatif,positif
6577,Traveloka,Hotel Santika Bandung,8/30/2017,45,295,5,"sepertinya hotel ini cukup tua, terlihat dari model bangunan gedung dan lift. kamar cukup luas, nyaman, saya menginap 2 malam, tapi sayang ada nyamuk lumayan banyak saat malam yang pertama. makanan lumayan enak, cukup tinggi harganya untuk hotel bintang 3, namun lokasi bagus, dekat kemana-mana.",positif,positif,none,none,negatif,positif,netral
7401,Traveloka,Hotel Santika Bogor,1/8/2025,45,312,5,"hotel ramah keluarga, varian sarapannya lumayan banyak, tetapi untuk tempe-nya asem, perlu dikembangkan untuk menu sarapan. tidak ada layanan makan di kamar. pemandangan dari kamar bagus, lokasi strategis. pool-nya baik, pelayanan bagus dari security, fo, fb, dan hk. terima kasih atas semua pelayanan yang baik!",positif,positif,positif,none,none,netral,positif
7713,Traveloka,Hotel Santika Bogor,1/5/2022,45,303,5,"hotel dengan letak strategis, connecting ke botanical mall. staf ramah. tapi beberapa fasilitas kamar perlu diperhatikan, gelas minum tamu terbuat dari gelas plastik yang kalau diisi air panas tidak akan kuat. dan sprei yang perlu diganti karena banyak noda. menu breakfast bervariasi, tapi kurang rasa.",positif,none,positif,negatif,none,negatif,negatif
9012,Traveloka,Hotel Santika Cirebon,1/4/2023,45,286,5,"santika adalah hotel tua tetapi masih dikelola dengan baik. bersih, hangat, nyaman dan semua staf sangat membantu. kamar besar dan nyaman, makanan enak, parkir luas, ada kolam renang dan anak-anak saya senang bermain di kolam renang. akan memilih lagi ketika kita pergi ke cirebon lagi.",none,positif,positif,positif,none,positif,positif
12740,Traveloka,Hotel Santika Mega City Bekasi,11/7/2018,45,284,5,"lokasi hotel yang berada di mega mal bekasi membuat saya tidak perlu keluar untuk sekedar makan atau jalan-jalan. tinggal turun 1 lantai sudah ada food court mal, fasilitas mal juga terbilang lengkap, kamar bersih dan nyaman, pelayanan pun baik. makanan hotel juga sesuai selera saya.",positif,positif,positif,positif,none,positif,none
1162,Agoda,Hotel Santika Bogor,8/29/2012,44,313,5,kamarnya luas dan bersih. yang mengejutkan adalah masih menggunakan unit air conditioner split. saat kami check in tidak dingin tetapi diselesaikan oleh teknisi. kunci pintu kamar mandi juga rusak dan segera diganti. sarapan prasmanannya enak dengan hidangan lokal tersedia. kolam renangnya bersih. stafnya ramah.,none,netral,netral,positif,none,positif,netral
2628,Agoda,Hotel Santika Depok,12/30/2014,44,270,5,"kami tinggal di sana setelah perjalanan panjang dari luar kota dan berhenti untuk satu malam, tapi itu adalah tempat yang sempurna untuk tinggal, sarapan yang baik, staf yang ramah dan membantu, suka kolam renang, kamar yang nyaman, dekat mal. pasti akan kembali ke sana",positif,positif,positif,none,none,positif,positif
3025,Agoda,Hotel Santika Tasikmalaya,1/8/2024,44,329,5,"kami mendapatkan pengalaman menginap yang luar biasa di hotel ini. nilai uangnya luar biasa dan lokasinya nyaman. stafnya ramah dan membantu, memberikan layanan terbaik. sarapan yang disediakan enak, menawarkan berbagai macam pilihan. kami sangat merekomendasikan hotel ini untuk pengalaman menginap yang nyaman dan menyenangkan.",positif,positif,positif,none,positif,positif,none
12830,Traveloka,Hotel Santika Mega City Bekasi,8/29/2018,44,324,5,"hotel yang nyaman untuk beristirahat, kamarnya nyaman, bersih, kasurnya empuk, hanya saja pada saat menyalakan televisi agak susah (tv no signal). kamar mandi bersih, sabun dan shampo isinya tidak full, resepsionisnya ramah, menu untuk breakfast variasinya banyak, rasanya enak. overall bagus service. tingkatkan servicenya.",none,positif,positif,positif,none,positif,negatif
200,Agoda,Hotel Santika Bandung,9/18/2019,43,251,5,kelebihan: + lokasi memiliki akses yang baik di pusat kota + dekat dari jalan riau yang merupakan pusat kuliner dan perbelanjaan + staf yang baik dan respon cepat + wi-fi berfungsi dengan baik minus: - sarapannya buruk - interior hotel sudah cukup tua,positif,negatif,positif,none,none,negatif,positif
3251,Agoda,Hotel Santika Tasikmalaya,2/19/2019,43,277,5,lobby hotel nya tidak besar tapi cukup nyaman. staff sangat baik dan membantu jika diperlukan. kamarnya bersih. kamar mandi bersih dan yang paling penting handuknya bersih dan putih walau hotel ini sudah cukup lama. sarapan nya menarik. makanan tradisional nya banyak dan enak.,none,positif,positif,positif,none,positif,netral
5614,Tiket,Hotel Santika Cirebon,12/12/2021,43,309,5,"bangunan hotel lama tapi sangat bersih. lokasi strategis, kamar cukup besar, liburan bersama kelurga menyenangkan, anak2 happy karna kolam renang yang cukup besar. breakfast enak, cukup ada pilihan, tapi variasi makanan kurang banyak dibandingkan hotel santika kota lainnya. overall nyaman menginap di santika",positif,positif,none,positif,none,netral,positif
7023,Traveloka,Hotel Santika Bandung,1/20/2016,43,283,5,"lokasi bagus walaupun hotel lama tapi terawat, hanya saja hairdryer tidak built in di kamar mandi, refill breakfast agak lama padahal tidak musim liburan. selain itu pelayanan hotel bagus, harus siap di renov untuk bersaing dengan hotel sekitar karena secara lokasi sudah menjanjikan",positif,netral,positif,none,none,negatif,negatif
7626,Traveloka,Hotel Santika Bogor,9/21/2022,43,284,5,"hotel ramah keluarga, check in check out cepat, kamar deluxe nya luas, kamar mandi juga luas, sarapannya banyak variasi, staf ramah membantu. bakal balik lagi sih buat liburan. terkoneksi dengan mall botani square melalui basement. untuk parkiran akan selalu tersedia untuk tamu hotel",positif,positif,positif,none,none,positif,positif
10037,Traveloka,Hotel Santika Depok,1/8/2025,43,290,5,"lokasi strategis, di dalam mal jadi tidak usah khawatir kalau mau beli apapun, makanan sangat enak apalagi coto makassar-nya best banget. kamar bersih dan nyaman, staff-nya ramah banget terutama tim housekeeping-nya. ada kebutuhan apapun di layani dengan cepat. terima kasih santika depok 🫶",positif,positif,positif,positif,none,positif,none
10386,Traveloka,Hotel Santika Depok,12/11/2019,43,301,5,"suasana tenang, makanan enak, dekat dengan pusat perbelanjaan/mall, akses mudah dan transportasi umum banyak, kamar pun nyaman dan bersih. saya menginap pada tanggal pas dengan hari ulang tahun dan mendapatkan kejutan ucapan bersama dengan kuenya. terima kasih atas perhatian dari staff2 hotel santika",positif,positif,positif,positif,none,positif,none
12051,Traveloka,Hotel Santika Mega City Bekasi,7/27/2022,43,284,5,"hotelnya bersih, staf hotel juga ramah, sarapannya enak. lokasinya juga strategis, gabung dengan mall jadi bisa sekalian jalan-jalan di mall jika bosen di hotel. minusnya kamarnya tidak terlalu kedap suara. jadi suara dari luar masih terdengar ke dalam kamar hotel. overall bagus sih.",positif,negatif,positif,positif,none,positif,none
12790,Traveloka,Hotel Santika Mega City Bekasi,10/3/2018,43,284,5,"proses administrasi tidak susah, pukul 14. 00 check-in menerima kunci masuk kamar, kamar nyaman dan aman, karyawannya ramah-ramah dan responsif, sarapan pagi enak, hanya sayangnya akses lift ke hotel gabung dengan pengunjung mal jadi kalau mau naik turun lift agak lama. sisanya baik.",negatif,positif,positif,none,none,positif,negatif
54,Agoda,Hotel Santika Bandung,6/15/2025,42,288,5,"selalu nyaman menginap di hotel ini, lokasi prima dikelilingi pusat perbelanjaan dan makanan. pelayanan hotel dan kamarnya sangat baik. kamarnya luas dan bersih. sarapan yang beragam dan lezat. tidak perlu ragu lagi memilih santika jalan sumatera sebagai pilihan saat menginap di bandung.",positif,positif,positif,positif,none,positif,none
2373,Agoda,Hotel Santika Cirebon,1/11/2012,42,309,5,"untuk kedua kalinya kami menginap di santika cirebon, hotel ini sangat strategis lokasinya dan lingkungannya sangat tenang. hotel ini cocok untuk keluarga karena memiliki fasilitas yang lengkap dan breakfast yang sangat variatif makanannya. pelayanan hotel sangat memuaskan tidak ada hambatannya yang berarti.",positif,positif,positif,none,none,positif,positif
6409,Traveloka,Hotel Santika Bandung,4/11/2018,42,304,5,"bagus hotel. lokasinya pas, dekat dengan fo dan kafe restoran. kamarnya luas, bersih. kamar mandinya bersih. pelayannya ramah, security-nya ramah. mobil dicuci. sarapannya enak banget. walau hotel tua tapi memang reputasi bintang lima-nya tidak bohong. terima kasih hotel santika. terima kasih traveloka.",positif,positif,positif,positif,none,positif,none
12271,Traveloka,Hotel Santika Mega City Bekasi,1/22/2020,42,289,5,"layanannya bagus, kamarnya bersih dan nyaman. mereka memiliki berbagai menu sarapan. tapi, ketika saya punya kamar di lantai 6 sinyal ponsel saya buruk bahkan ketika saya menggunakan wi-fi, itu tidak membantu saya. tapi secara keseluruhan, saya sangat merekomendasikan hotel bintang 3 ini.",none,positif,positif,positif,none,positif,negatif
695,Agoda,Hotel Santika Bogor,6/10/2025,41,265,5,"saya dan istri senang memilih tempat ini untuk berlibur di bogor karena lokasinya yang dekat dengan kebun raya bogor dan menempel dengan botani square. hotel bersih, makanan enak, staf ramah, dan fasilitas cukup lengkap. rekomendasi untuk yang mau berlibur di bogor",positif,none,positif,positif,none,positif,positif
1548,Agoda,Hotel Santika Bogor,4/19/2015,41,294,5,"kamar sedang, bersih dan seperti masih baru. kolam renang menyenangkan. staf ramah dan sangat membantu. breakfast sangat lengkap. nilai paling menonjol, lokasi sangat strategis. dekat pintu tol dan tengah kota. ditunjang berada di lingkungan mall ingin rasanya mengulang kembali menginap disana",positif,none,positif,positif,none,positif,netral
2605,Agoda,Hotel Santika Depok,11/5/2015,41,283,5,hotel ideal untuk menginap ketika mengunjungi depok. berdekatan dengan pusat perbelanjaan dengan supermarket besar di bawahnya. taksi bluebird tersedia di tingkat yang lebih rendah. kamar bersih besar dan staf yang ramah. kolam renang dirawat dengan baik dengan staf yang siap sedia.,positif,positif,positif,positif,none,none,positif
3885,Tiket,Hotel Santika Bandung,8/5/2024,41,265,5,kondisi bangunan bersih cuma karena hotel lama suasananya agak sedikit gelap di lorong. kalau sendirian agk takut sih hehe. tapi sangat nyaman untuk liburan. staf ramah dan membantu. lokasi di tengah kota dan ramai penjual makanan di sekitar hotel nuansa romantis. ,positif,netral,positif,positif,none,netral,none
4050,Tiket,Hotel Santika Bandung,7/8/2019,41,292,5,"lokasi hotel cukup strategis, hotel bersih (kamar, kamar mandi), variasi menu breakfast memberikan beberapa pilihan, suasana hotel yang tenang, cocok untuk bersantai menikmati suasana liburan yang kurang disukai: banyaknya motor yang diparkir di sekitar akses pintu masuk ke arah lobby hotel ",positif,positif,none,positif,none,positif,negatif
69,Agoda,Hotel Santika Bandung,4/6/2025,40,268,5,"menginap disini 3 malam strategis banget, di sekitar banyak food street tapi karena lebaran banyak yang tutup. kamar bersih dan nyaman, air conditioner dan air panas berfungsi dengan baik, sarapan bervariasi, dan staf sangat ramah dari pintu masuk hingga housekeeping.",positif,positif,positif,positif,none,positif,none
122,Agoda,Hotel Santika Bandung,5/30/2024,40,244,5,"senang di sini. bangunan tua, ya. tapi tetap bersih dan rapi. stafnya luar biasa. mal ada di dekatnya. masjid tepat di seberang hotel. penyebaran sarapan cukup baik untuk kami. pasti akan menginap disini lagi jika ke bandung lagi. terima kasih.",positif,negatif,positif,positif,none,positif,none
510,Agoda,Hotel Santika Bandung,3/21/2022,40,260,5,"terima kasih kepada staf hotel santika yang sudah membantu tempat penyimpanan sepeda mtb, hotel tua di lokasi yang bagus, kamar tidur dan kamar mandiri bersih, sudah di renovasi, tapi sayang makan pagi nya kurang bervariasi pilihannya, egg station ala kadarnya",positif,negatif,positif,positif,none,negatif,none
1426,Agoda,Hotel Santika Bogor,5/1/2023,40,267,5,"lokasi baik. bersih. kamar luas plus sofa besar. cuma kolam renang kecil terbatas. lift kecil isi terbatas, mesti sabar nunggu. breakfast mestinya masih bisa di tingkatkan lagi untuk sekelas santika. kurang worthed untuk 155rb extra tambahan perorg. overall baik sih.",positif,positif,none,positif,none,netral,negatif
3132,Agoda,Hotel Santika Tasikmalaya,1/5/2015,40,293,5,cukup menyenangkan menginap di hotel santika di tasikmalaya. kamarnya bersih dan nyaman. makanannya enak dan enak. staf sangat membantu. kolam renang dekat ballrom membuatnya ramai dikunjungi tamu luar dan asap beterbangan. permintaan extrabed tidak dipenuhi (alasan: tidak ada extrabed lagi)?,none,positif,positif,positif,none,positif,negatif
3157,Agoda,Hotel Santika Tasikmalaya,5/4/2014,40,295,5,"check-in cepat. kamar bersih dengan fasilitas memadai dan pemandangan kota yang bagus. sarapan prasmanan dasar, tetapi tidak memenuhi standar internasional (tidak ada daging babi). internet lambat. akan merekomendasikan hotel ini, karena tidak ada alternatif lain yang lebih baik di tasikmalaya.",none,positif,positif,positif,none,netral,negatif
10112,Traveloka,Hotel Santika Depok,1/3/2024,40,244,5,"kamar bersih dan wangi. menunggu agak lama karena saya minta kamar di upgrade. pintu kamar kuncinya tidak kuat, tidak bisa diputar sampai habis. gantungan kamar mandi hanya 1. makanan banyak macam dan enak. mau ke mall tinggal masuk pintu mall.",positif,positif,negatif,positif,none,positif,none
12499,Traveloka,Hotel Santika Mega City Bekasi,4/3/2019,40,268,5,"hotel bersih, staf ramah, respon cepat, makanan enak, terutama spinach cream-nya bagus. pojok santai di dalam kamar membuat kesan tersendiri. letaknya yang gabung dengan mall bikin gampang kalau mau nge-mall. untuk ukuran bintang 3, hotel ini recommended lah. love it.",positif,positif,positif,positif,none,positif,none
8844,Traveloka,Hotel Santika Bogor,1/7/2015,39,253,5,"kamar hotelnya bersih, pelayanan ramah, breakfast cukup lengkap dan letaknya di tengah kota dekat ke kebun raya bogor dan botani square. sayangnya cuma satu, waktu parkir yang cukup lama karena bersebelahan dengan mall yang mana saat liburan mall padat.",positif,none,positif,positif,none,positif,negatif
12513,Traveloka,Hotel Santika Mega City Bekasi,3/20/2019,39,256,5,"tempat nyaman karena di dalam mal, karyawan ramah, untuk breakfast makanan inti masakan asin tapi untuk yang lainnya enak semua, untuk fasilitas kamar juga sudah kecuali ac-nya panas tidak ada dingin-dingin sama sekali dan balkon terkunci tidak bisa dibuka",positif,negatif,positif,none,none,negatif,negatif
29,Agoda,Hotel Santika Bandung,10/24/2025,38,252,5,"hotel terjangkau di lokasi strategis. ruangan itu luas dan tempat tidur nyaman. tapi kamar dan furniturnya cukup kuno, air conditioner tidak bisa diatur, dan handuknya terlalu tipis dan tua. semua staf baik dan cepat tanggap dalam menangani pertanyaan.",positif,netral,positif,none,positif,none,negatif
575,Agoda,Hotel Santika Bandung,7/24/2015,38,243,5,"mobil dicucikan gratis ketika parkir inap di parkiran hotel santika, breakfast juga enak. lokasi hotel ini dekat dengan dua mall sehingga kalau mau cari makan atau butuh belanja mudah. hotel ini menurut saya sudah memenuhi standar bintang tiga",positif,none,positif,none,positif,positif,positif
3429,Agoda,Hotel Santika Tasikmalaya,8/4/2015,38,245,5,"sudah kedua kalinya saya menginap di hotel ini dan saya selalu puas sama pelayanannya. hotel bersih, nyaman dan strategis. menu sarapan jauh lebih enak pas saya menginap kemarin dibanding waktu pertama kali saya menginap disini. terima kasih yaa",positif,positif,positif,positif,none,positif,none
3446,Agoda,Hotel Santika Tasikmalaya,10/16/2014,38,274,5,"santika adalah hotel terbaik yang pernah saya inap selama di tasik, kamar bersih, pegawai ramah, makanan banyak sekali variasi dan fasilitas olahraga cukup menarik, untuk ruangan fitnes sudah baik, hanya ditambahkan lifting beban kalau diperbolehkan, menjadi sangat menarik.",none,positif,positif,positif,none,positif,positif
6057,Traveloka,Hotel Santika Bandung,10/11/2023,38,283,5,"lokasi yang sempurna. para stafnya ramah dan membantu. ruangan itu kuno tapi bersih dan nyaman. makanannya biasa saja. banyak variasi makanan indonesia, tapi mungkin perlu menambahkan beberapa makanan standar internasional sebagai penetralisir makanan indonesia yang pedas dan berat.",positif,positif,positif,positif,none,netral,none
6115,Traveloka,Hotel Santika Bandung,6/29/2022,38,262,5,"hotelnya strategis, deket mau kemana-mana. walaupun hotelnya agak tua, tapi rapih dan bersih. staffnya ramah-ramah. menu sarapannya enak, walapun pilihan roti dan snack nya agak sedikit. kolam renang bersih, tapi toiletnya agak jauh dan turun kebawah plus licin.",positif,none,positif,positif,none,positif,positif
7484,Traveloka,Hotel Santika Bogor,2/21/2024,38,276,5,"kamar-kamarnya bagus, cukup besar dan bersih. sarapannya juga enak dengan banyak pilihan makanan. stafnya juga ramah dan membantu. namun, tempat parkir terbatas karena terhubung dengan mal. secara keseluruhan, kami menikmati menginap di hotel ini. terima kasih, hotel santika.",none,positif,positif,positif,none,positif,negatif
9113,Traveloka,Hotel Santika Cirebon,6/23/2021,38,255,5,"saya dan anak saya sangat menikmati menginap semalam di santika. staf nya ramah, lokasinya di pusat kota, dekat dengan kantor direksi rni2. air dan wi-fi lancar, air conditioner dingin. kolam renang bersih. semuanya baik. kebersihan lebih ditingkatkan ya.",positif,positif,positif,positif,none,none,positif
12326,Traveloka,Hotel Santika Mega City Bekasi,11/27/2019,38,253,5,"seluruh petugas ramah dan sangat membantu, kamar sangat bersih dan nyaman, lokasinya paling bagus karena satu lokasi dengan mal, makanannya juga enak dan bervariasi. pokoknya the best banget kalau menginap di bekasi akan menginap di sini terus pokoknya.",positif,positif,positif,positif,none,positif,none
1631,Agoda,Hotel Santika Bogor,9/14/2012,37,266,5,"pelayanan hotel sangat baik, semua staf ramah dan melayani dengan cepat. kamar bersih, breakfastnya sangat memuaskan, dan lokasi sangat strategis. persis di atas mall botany square. secara keseluruhan, fasilitas hotel ini sangat bagus dan pelayanan sangat memuaskan.",positif,positif,positif,positif,none,none,positif
2093,Agoda,Hotel Santika Cirebon,1/2/2019,37,246,5,"walau hotel lama tapi stafnya ramah, proses check-in dan check out cukup cepat, hotel yang hommy, bersih terawat, lokasi strategis, kolam renang yang cukup besar dengan tanda batas kedalaman yang mudah dilihat, variasi menu sarapan perlu ditambah",positif,none,netral,positif,none,netral,netral
2969,Agoda,Hotel Santika Tasikmalaya,8/12/2024,37,266,5,"menginap selama dua malam, staf ramah dan membantu. lokasi hotel mudah dan strategis. kamarnya bagus tapi pengendalian hama perlu ditingkatkan karena beberapa semut berkeliaran di sekitar kamar mandi. sarapan terbaik dengan cita rasa indonesia. variasi menunya baik.",positif,netral,positif,negatif,none,positif,none
5761,Tiket,Hotel Santika Depok,11/11/2025,37,233,5,"nginep disana sama mama, tempat tidut nyaman dan sarapannya enak, banyak menunya. dan staffnya ramah dan kemarin itu saya tidak sengaja pecahin alas kaca di toilet, saya minta dibersihin dan minta diskon ganti rugi dan dikasih hehehe",none,positif,positif,netral,positif,positif,none
8892,Traveloka,Hotel Santika Cirebon,7/23/2025,37,254,5,"senang sekali menginap di sini! sarapannya banyak pilihan lokal dan semuanya super lezat. tempat tidur dan bantalnya sangat nyaman, kamarnya sangat luas, stafnya sangat ramah dan membantu, dan lokasinya sangat strategis. pasti akan menginap di sini lagi!",positif,positif,positif,positif,none,positif,none
9083,Traveloka,Hotel Santika Cirebon,11/10/2021,37,260,5,"lokasi strategis, prokes di jalankan, kamar dan sebagainya bersih, kolam renang bersih, crew ramah, breakfast kurang variatif. lingkungan hotel nyaman karena banyak pohon, dan keluar kamar langsung hirup. udara apalagi di pagi hari, terima kasih santika hotel.",positif,positif,positif,positif,none,negatif,none
10216,Traveloka,Hotel Santika Depok,2/9/2022,37,289,5,"semuanya baik. mulai dari lokasi, makanan, pelayanan, kebersihan. bikin makin betah karena dempetan d'mall. yang sedikit mengganggu hanya saluran air yang agak mampet. saluran pembuangan air mandi ada genangan dulu sebelum akhirnya benar-benar terbuang. semoga bisa diperbaiki/dibersihkan.",positif,negatif,positif,positif,none,positif,none
12652,Traveloka,Hotel Santika Mega City Bekasi,12/26/2018,37,245,5,"lokasi strategis, tempat tepat di atasi mal sega bekasi. sayang akses ke hotel agak susah. lift digunakan bersama dengan pengunjung mal, jadi lama, terus kebersihan kamar kurang, kolam renang juga agak kotor, pelayan lumayan ramah. makanan enak.",negatif,none,positif,negatif,none,positif,negatif
67,Agoda,Hotel Santika Bandung,4/11/2025,36,266,5,"selalu senang menginap di hotel santika bandung, stafnya ramah dan baik dalam pelayanan. kamarnya bersih, fasilitasnya lengkap. lokasi dikelilingi pusat perbelanjaan dan kuliner. sarapannya lengkap, bervariasi, dan juga enak. saya tidak pernah bosan tinggal di sini.",positif,none,positif,positif,none,positif,positif
78,Agoda,Hotel Santika Bandung,1/28/2025,36,258,5,"kamarnya nyaman, bersih, stafnya sangat membantu, makanannya enak dan pilihan sarapannya banyak, pasti recomended. sedikit masukan mengenai kurangnya menu room service di kamar (entah di kamar saya saja atau di semua kamar). secara keseluruhan, sangat bagus.",none,positif,positif,positif,none,positif,negatif
936,Agoda,Hotel Santika Bogor,3/16/2022,36,251,5,"kamar luas, tempat tidur dan kamar mandi bersih. kolam renangnya bagus. hotel ini terhubung dengan pusat perbelanjaan, sehingga mudah untuk menemukan makanan ringan dan barang-barang lainnya selama kami menginap. juga ada masjid besar di daerah mereka",positif,positif,none,positif,none,netral,positif
3210,Agoda,Hotel Santika Tasikmalaya,9/4/2012,36,264,5,"kamarnya bersih dan rapi, lokasi di tengah kota mudah diakses kemana-mana, menu sarapannya banyak macamnya. kolam renang tidak terlalu besar tetapi anak-anak saya menikmatinya. satu-satunya kekurangannya mungkin kita bisa mendengar suara apa pun dari luar ruangan.",positif,negatif,none,positif,none,positif,positif
4074,Tiket,Hotel Santika Bandung,1/27/2021,36,207,5,"sesuai harga kamar jadul tapi bersih, dinginn banget jd bisa tanpa air conditioner makanan standar kolam kecil kedalaman 1. 25 meter - 2 meter sepi enak spt bukan di tengah kota ke sini untuk staycation saja",none,positif,none,positif,positif,netral,negatif
4813,Tiket,Hotel Santika Mega City Bekasi,2/23/2023,36,208,5,"kaki berdarah kena hpl dari kasur yang sudah ngeletek, parkiran jauh bgt, mo keluar dari hotel kalau tidak naik mobil jauh, lift yang jd satu sama mall super ngantri, sarapan enak, bersih nya juga okac dingin",negatif,negatif,none,positif,none,positif,negatif
5206,Tiket,Hotel Santika Mega City Bekasi,3/22/2021,36,245,5,"aduh, harganya bisa dapat hotel lbh baik. tidak nyangka dengan nama santika dapat kamar yang jauh di bawah rata-rata. bidet toilet rusak, gagang tutup sampah rusak, air conditioner lama dinginnya, siaran televisi tidak jernih, tida. selengkapnya",negatif,negatif,none,negatif,negatif,none,negatif
7729,Traveloka,Hotel Santika Bogor,12/1/2021,36,241,5,"kamar luas, bersih, hanya saja kran shower jika digunakan berisik mengganggu kenyamanan. terima kasih simple cake nya untuk anakku. makanan nya enak semua. kolam renang bersih. staf nya ramah ramah. hotel strategis. terima kasih you santika.",positif,negatif,positif,positif,none,positif,none
7771,Traveloka,Hotel Santika Bogor,6/16/2021,36,246,5,"room bersih dan luas. sempat di bantu room service namanya mas mamad, sabar dan telaten sekali. kolam renang bersih. breakfast standart, sayangnya anak kecil dikenakan charge 65rb padahal cuma makan kokocrunch. sedikit lama nunggu di resepsionis.",none,positif,netral,positif,negatif,netral,none
8261,Traveloka,Hotel Santika Bogor,4/18/2018,36,234,5,"tempat yang bagus karena terletak di samping pusat perbelanjaan. kamar kecil tapi bersih, perlu renovasi. lift juga kecil. tapi kolam renangnya bagus. lebih baik tinggal di sini di hari kerja karena tidak terlalu ramai. stafnya bagus.",positif,negatif,positif,positif,none,none,negatif
9570,Traveloka,Hotel Santika Cirebon,4/26/2017,36,268,5,"pelayanan hotel santika cirebon memuaskan, staf ramah dan siap membantu, untuk kebersihan bagus meskipun hotel relatif kuno, kolam renang baik, untuk breakfast menu yang ditawarkan biasa, lokasi hotel sangat srategis. overall pelayanan hotel santika cirebon memuaskan.",positif,positif,positif,positif,none,netral,none
10233,Traveloka,Hotel Santika Depok,12/8/2021,36,258,5,"baru pertamakali menginap di santika depok. check in/check out cepat, bersih, view bagus, breakfast baik, cukup lengkap, televisi channel banyak, karena hotel menyatu dengan mall jadi mudah cari makanan, rekommended untuk staycation dengan keluarga di depok.",positif,positif,positif,positif,none,positif,none
12358,Traveloka,Hotel Santika Mega City Bekasi,10/16/2019,36,227,5,"hotel berada di lingkungan mal. mudah untuk cari makan dan hiburan. masakan beraneka macam dan enak, kamar bersih dan kasurnya nyaman. namun sayang, dari beberapa kali inap di sini, agak kecewa tidak dapat kamar sesuai pesanan.",positif,positif,negatif,positif,none,positif,none
12676,Traveloka,Hotel Santika Mega City Bekasi,12/12/2018,36,237,5,"variasi sarapan banyak, dekat dengan mal hanya sayangnya lift gabung dengan pengunjung. ukuran bed pun bukan yang king hanya yang double standar saja padahal di infonya king size. ukuran kamar juga terlalu sempit. lokasi cukup strategis.",positif,negatif,negatif,none,none,positif,negatif
703,Agoda,Hotel Santika Bogor,5/12/2025,35,233,5,"kamar cukup luas dan bersih. kamar mandi bersih dan air di lantai cepat kering. fasilitas hotel memadai. , view bagus serasa di puncak. kekurangan pada sarapan, kebanyakan lauknya dingin, jadi tidak sebanding dengan harga sarapannya.",none,positif,none,positif,negatif,negatif,netral
1133,Agoda,Hotel Santika Bogor,3/13/2013,35,252,5,"meningkatkan kualitas pelayanan hotel, kami menginap di kamar suite tetapi tidak bisa meminta handuk tambahan, harga tidak sesuai dengan pelayanan yang diberikan, meskipun lokasi hotel sangat nyaman dekat dengan pusat perbelanjaan dan kebun raya bogor.",netral,positif,netral,none,netral,none,netral
3390,Agoda,Hotel Santika Tasikmalaya,2/5/2018,35,230,5,"kamar bersih, lokasi strategis, parkir mudah, staf ramah dan sangat membantu, termasuk pd saat saya komplain mengenai kamar non smoking, yang bau asap rokok, karna tamu sebelumnya, melanggar aturan. so far bagus lah. terima kasih.",positif,positif,positif,positif,none,none,positif
6186,Traveloka,Hotel Santika Bandung,3/31/2021,35,234,5,"pelayanan ramah, check in mudah tanpa deposit, breakfast banyak aneka makan rasanya rumayan, cuma di room-nya kurang stop kontak untuk charger, shower air kurang alirannya, tapi nyaman untuk tidur air conditioner dingin + free renang.",none,positif,positif,none,netral,positif,negatif
7235,Traveloka,Hotel Santika Bandung,12/31/2014,35,241,5,"untuk sekelas hotel lama, santika masih sangat baik. letaknya strategis dekat jl. riau, dekat bandung indah plaza, dekat dago, namun akses menuju hotel sangat padat/macet. overall baik, kamar bersih, makanan enak, karyawan ramah dan cekatan.",positif,positif,positif,positif,none,positif,none
8977,Traveloka,Hotel Santika Cirebon,12/27/2023,35,215,5,"hotel lama tapi bersihh, staf nya ramah-ramah banget, kolam renang nya besar, makanan enak, lokasi strategis, keluarga saya suka. next kalau ke cirebon bakalan ke sini lagi. oiya mobil qta juga di cuciin loh. bagus.",positif,none,positif,positif,none,positif,positif
9087,Traveloka,Hotel Santika Cirebon,11/3/2021,35,257,5,"lokasi strategis, kamar, toilet bersih, prokes di jalankan, crew-crew ramah, wi-fi kencang kolam renang bersih. mobil di bersihkan tiap hari, hanya breakfast kurang variatif mungkin karena pademi. tapi keseluruhan memuaskan menginap di santika cirebon hotel",positif,none,positif,positif,none,negatif,positif
10137,Traveloka,Hotel Santika Depok,6/14/2023,35,244,5,alhamdulillah first time bareng keluarga nginap di sini. anak-anak happy banget. untuk kamar executive ruangannya lumayan lega. kebersihan dan pelayanannya juga baik. makanan nya juga enak ditambah lagi dekat dengan mall. terima kasih hs hotel.,positif,positif,positif,positif,none,positif,none
11769,Traveloka,Hotel Santika Depok,4/15/2015,35,232,5,"kamarnya nyaman, bersih, menu sarapan banyak pilihan, transfortasi mau kemanapun mudah, pelayanan sangat ramah, pokok'e santika hotel saya senang, lokasi dekat mall ternyata ada outlet sepatu tas yang saya suka ada di lokasi ini sip",positif,positif,positif,positif,none,positif,none
12533,Traveloka,Hotel Santika Mega City Bekasi,3/6/2019,35,251,5,"pelayanan ramah, tempat strategis, ada akses langsung ke mall (giant, hypermall dan xxi), kamar bersih wangi, sarapan pagi sesuai selera/enak, resepsionist cepat dan ramah, nyaman tidak berisik, dekat dengan akses tol bekasi barat. recommended banget.",positif,positif,positif,positif,none,positif,none
3983,Tiket,Hotel Santika Bandung,9/20/2023,34,225,5,"untuk hotel senior di bandung cukup nyaman dan tidak oengap, sirkulasi baik, makanan varian banyak tapi rasanya agak plain menurut saya. staf sangat rama dapat promo caplang. terima kasih ya. strategic location dibelakang bip",positif,positif,positif,none,positif,netral,none
7219,Traveloka,Hotel Santika Bandung,1/28/2015,34,230,5,"hotel dengan posisi yang sangat strategis dan menurut saya sangat nyaman. dari sisi pelayanan front office, petugas parkir dan layanan sarapan semuanya ramah sigap. jika ada kesempatan saya pasti akan kembali menginap disana lagi.",positif,positif,positif,none,none,netral,netral
8003,Traveloka,Hotel Santika Bogor,8/7/2019,34,228,5,dalam aplikasi minta no smoking tapi dapatnya smoking. area parkir campur sama botani square. akses langsung ke mal. kolam renang kecil tapi menyenangkan. makanan banyak variasi dan enak. air conditioner dingin dan kamar bersih.,positif,positif,none,positif,none,positif,positif
2281,Agoda,Hotel Santika Cirebon,4/7/2015,33,236,5,"sangat menyenangkan. kamar yang sangat nyaman, bersih serta suasana yang tenang membuat kami nyaman untuk beristirahat. pelayanan memuaskan dari para staf hotel yang ramah. kolam renang bersih dan cukup luas. breakfast cukup bervariasi.",none,positif,positif,positif,none,positif,positif
2598,Agoda,Hotel Santika Depok,4/27/2016,33,216,5,kamar luas fasilitas tetap bersih rapi. sarapan yang baik disajikan oleh staf yang ramah. terletak di sebelah mal nyaman untuk berbelanja. taksi bluebird tersedia di tingkat yang lebih rendah. area kolam yang tenang.,none,positif,positif,positif,none,positif,positif
3201,Agoda,Hotel Santika Tasikmalaya,1/4/2013,33,238,5,"lokasi hotel berada di jantung kota. anda bisa berjalan kaki ke beberapa tempat menarik. tempat parkirnya luas, keamanannya bagus, makanan dan minumannya enak, harga hotelnya bisa diterima dibandingkan dengan pelayanan yang kami dapatkan.",positif,none,positif,none,positif,positif,positif
3343,Agoda,Hotel Santika Tasikmalaya,7/4/2022,33,251,5,"pengalaman pertama kali menginap di hotel santika tasikmalaya. mendapatkan promo dari agoda, lokasi strategis ditengah kota tasikmalaya, staf ramah ramah, kamar bersih. insyaallah akan menginap kembali di hotel santika jika ke tasikmalaya. terimakasih",positif,positif,positif,positif,positif,none,none
3707,Tiket,Hotel Santika Bandung,6/18/2024,33,221,5,"lupa foto. hotelnya di tgh kota, kemana2 dekat dan mudah. staffnya sangat ramah dan helpfull. sarapan cukup banyak pilihannya. bangunannya tua tapi terawat. bersih dan nyaman. hanya air conditioner saja yang kurang dingin",positif,netral,positif,positif,none,positif,none
5038,Tiket,Hotel Santika Mega City Bekasi,12/28/2020,33,212,5,layanan bagus kolam renang bersih banget kamar dibersihkan nya bagus kamar nya juga enak balkon nya bisa digunakan buffet breakfast nya bagus dekat dengan mall bisa belanja diluar pokok nya cukup me. selengkapnya,positif,none,positif,positif,none,positif,positif
5182,Tiket,Hotel Santika Mega City Bekasi,3/1/2022,33,218,5,"dari semua hotel santika yang saya pernah menginap, hotel santika megacity yang paling buruk dari pelayanan, kamar, sarapan sampai kolam renang semua nya buruk. nilai plus nya hnya lokasi yang strategis d. selengkapnya",positif,none,negatif,negatif,none,negatif,negatif
5800,Tiket,Hotel Santika Depok,4/5/2019,33,230,5,"ada colokan di samping westafel, tapi sayangnya hairdryernya tidak ada pelayan di restoran saat sarapan, kurang ramah, mukanya pada manyun, masih ngantuk kali yah. reseptionist dan satpamnya baik banget, kamar bersih, cukup luas. ",none,positif,netral,positif,none,netral,negatif
5971,Traveloka,Hotel Santika Bandung,6/25/2025,33,229,5,"pesan kamar 3room semuanya bersih dan nyaman. suasana hotel yang sejuk, posisi hotel yang strategis memudahkan kita beraktifitas. kolam renang yang ramah dengan anak. keramahan staf yang siap membantu dan senyumnya. terima kasih.",positif,positif,positif,positif,none,none,positif
6365,Traveloka,Hotel Santika Bandung,10/10/2018,33,219,5,"lokasi strategis, hotel nyaman dan bersih. kualitas sarapan harus ditingkatkan sesuai kelas hotel santika. dan baru kali ini saya menginap di hotel, pas mau check-out mobil sudah dicuci oleh pihak hotel (pelayanan oke).",positif,positif,positif,positif,none,negatif,none
7205,Traveloka,Hotel Santika Bandung,3/25/2015,33,247,5,"hotel yang strategis, lumayan nyaman, nuansa sunda sangat terasa, breakfast lumayan komplet walaupun stoknya kelihatan limited, mobil dicuci walaupun hasilnya kurang bersih. tidak ada petugas yang membantu mengatur lalu lintas ketika keluar hotel.",positif,positif,negatif,positif,none,netral,none
7601,Traveloka,Hotel Santika Bogor,11/16/2022,33,247,5,"alhamdulillah hotel nya recommended sekali, petugas hotel sangat membantu, sarapannya lengkap dan bervariasi, kamar luas dan bersih masyaallah, dan hotel terhubung langsung dengan moll botani square, paginya bisa olahraga muterin kebun raya bogor.",positif,positif,positif,positif,none,positif,none
11016,Traveloka,Hotel Santika Depok,5/24/2017,33,213,5,"lokasi baik hanya kurang terlihat dan tiada tanda di tepi jalan. namjlun kami memang sudah pernah menginao berapa kali. kebersihan, layanan, makanan baik. hanya ada bbep tamu tetangga kamar yang ramai suara keras.",positif,negatif,positif,positif,none,positif,none
12576,Traveloka,Hotel Santika Mega City Bekasi,2/6/2019,33,218,5,"kamar nyaman dan bersih. saya mendapakan uogtade kamar, karena kamar yang saya pesan sedang full. pelayanan ramah dan cepat. sarapan variatif dengan rasa yang cukup enak, kekurangannya hanya di parkir yang agak sempit.",none,positif,positif,positif,none,positif,negatif
12609,Traveloka,Hotel Santika Mega City Bekasi,1/9/2019,33,224,5,"bagus, hotel ini sangat cocok untuk kegiatan bisnis, letaknya diatas mall, mudah untuk mendapatkan kebutuhan apapun, staf yang ramah, hotel yang bersih, nyaman, dengan menu makanan yang banyak pilihan dengan rasa yang lezat.",positif,positif,positif,positif,none,positif,none
99,Agoda,Hotel Santika Bandung,9/12/2024,32,238,5,"hotel dengan taman kosong bagian dalam yang bagus dan fasilitas lengkap. lokasi yang sangat bagus. stafnya sopan, rendah hati, dan membantu. sarapannya enak dengan banyak pilihan. mungkin kalau kamarnya di-refresh/direnovasi akan sempurna",positif,negatif,positif,none,none,positif,positif
1575,Agoda,Hotel Santika Bogor,2/20/2014,32,241,5,"secara keseluruhan cukup memuaskan. suasana tenang, cocok bagi saya yang membawa bayi. sarapan beragam dan berganti setiap hari sehingga tidak membosankan. pelayanan ramah. fasilitas cukup lengkap. lokasi strategis dan terhubung dengan mall.",positif,positif,positif,none,none,positif,positif
