source,issue,aspect,ID_Review,current_label,model_prediction,model_confidence,suggested_label,recommended_action,aspect_evidence,sentiment_evidence,Platform,Nama_Hotel,Review_Date,Text_Review,current_reason,action_rank
priority_model_disagreement,model_high_confidence_disagreement,Kebersihan,5618,none,negatif,0.9768,negatif,likely_missing_label,"handuk, linen, bau, pengharum, lubang di handuk","aspect evidence: handuk, linen, bau, pengharum, lubang di handuk; sentiment evidence: tidak, ga , bau, tidak bisa",Tiket,Hotel Santika Cirebon,12/1/2021,pengharum ruangan? bau linen sangat menyengat sehingga saya tidak bisa tidur. ada lubang di handuk.,,1
priority_model_disagreement,model_high_confidence_disagreement,Lokasi,11167,none,negatif,0.9691,negatif,likely_missing_label,"akses, mall, mal","aspect evidence: akses, mall, mal; mixed/weak sentiment: ",Traveloka,Hotel Santika Depok,12/21/2016,sangat berkesan dengan hotel santika. hanya perlu di informasikan akses masuk hotel jika mall sudah tutup.,,1
priority_model_disagreement,model_high_confidence_disagreement,Makanan,8680,none,netral,0.9687,netral,likely_missing_label,"makanan, makan","aspect evidence: makanan, makan; mixed/weak sentiment: positive: nyaman, aman, dekat; negative: ga , kecil",Traveloka,Hotel Santika Bogor,1/6/2016,untuk liburan keluarga nyaman. apa lagi yang punya anak kecil. untuk cari makanan sangat dekat mall. untuk keseluruhan suka sekali menginap di santika bogor anak2pun sangat suka.,,1
priority_model_disagreement,model_high_confidence_disagreement,Harga,10647,none,negatif,0.9683,negatif,likely_missing_label,"mahal, biaya, rate","aspect evidence: mahal, biaya, rate; mixed/weak sentiment: positive: baik, strategis, enak; negative: gak, mahal, sempit",Traveloka,Hotel Santika Depok,10/31/2018,"hotel cukup strategis karena satu kawasan dengan mal, turun lift jalan dikit langsung masuk mall depok, fasilitas kamar cukup baik, view lumayan dari lantai 26 hahaha tetapi ukuran kamar agak sempit agak untuk sholat pas-pasan, air mineral banyak, variasi makanan banyak, rasa lumayan enak, parkir lumayan mahal untuk satu hari check in kemudian check out biaya parkir 40rb.",,1
priority_model_disagreement,model_high_confidence_disagreement,Fasilitas,10602,none,positif,0.955,positif,likely_missing_label,fasilitas,"aspect evidence: fasilitas; mixed/weak sentiment: positive: baik, pas; negative: ga ",Traveloka,Hotel Santika Depok,12/12/2018,hotel ini sangat pas untuk liburan bersama keluarga dan pasangan. karena berada satu area dengan mall dan bioskop. sehingga saat selesai berbelanja dan menonton bisa langsung beristirahat di sebelah gedung mall. hotel ini juga memiliki fasilitas dan layanan yang sangat baik bagi pelanggan.,,1
priority_model_disagreement,model_high_confidence_disagreement,Fasilitas,10098,none,negatif,0.9472,negatif,likely_missing_label,"shower, hairdryer, air","aspect evidence: shower, hairdryer, air; mixed/weak sentiment: positive: ramah, enak; negative: tidak, kecil, mampet",Traveloka,Hotel Santika Depok,3/6/2024,"untuk kamarnya standar lah, shower-nya mampet, air mengalir sangat kecil, tanpa hairdryer juga. namun, yang bikin kita tidak komplain adalah staff-nya ramah-ramah, makanan saat sarapan semuanya enak.",,1
priority_model_disagreement,model_high_confidence_disagreement,Kenyamanan,12145,none,negatif,0.9461,negatif,likely_missing_label,"kamar, air conditioner, dingin","aspect evidence: kamar, air conditioner, dingin; mixed/weak sentiment: positive: baik, bersih, puas; negative: kurang, kecil",Traveloka,Hotel Santika Mega City Bekasi,6/2/2021,"puas banget sama pelayanan, kebersihan dan fasilitasnya. cuma pas di kamar saya air conditioner nya kurang dingin padahal temperatur sudah paling kecil. overall baik kok tapi! bakal staycation ke sini lagi next time.",,1
priority_model_disagreement,model_high_confidence_disagreement,Fasilitas,2413,none,negatif,0.946,negatif,likely_missing_label,kulkas,"aspect evidence: kulkas; mixed/weak sentiment: positive: ramah, nyaman, bersih; negative: tidak, tidak ada",Agoda,Hotel Santika Depok,3/23/2025,"nyaman, strategis di mall, menawarkan sahur, dan staf ramah, kamar bersih, sayangnya tidak ada kulkas mini.",,1
priority_model_disagreement,model_high_confidence_disagreement,Harga,8266,none,positif,0.9445,positif,likely_missing_label,rate,"aspect evidence: rate; mixed/weak sentiment: positive: strategis, memuaskan; negative: ga ",Traveloka,Hotel Santika Bogor,4/11/2018,"memuaskan, kamarnya lega, mini bar-nya gratis, tempatnya strategis, makanannya juga banyak variasi. so far sesuai harapan.",,1
priority_model_disagreement,model_high_confidence_disagreement,Fasilitas,10160,none,positif,0.9431,positif,likely_missing_label,"kolam, kolam renang","aspect evidence: kolam, kolam renang; mixed/weak sentiment: positive: bersih, lengkap; negative: tidak, ga ",Traveloka,Hotel Santika Depok,2/22/2023,"staycation di hotel santika sangat menyenangkan, kamar bersih, perlengkapan yang ada di kamarpun bersih. ada kolam renang juga. mohon pelayanan di saat sarapan di cafe anjani, ada yang memantau jika ada piring kosong di meja tamu yang sarapan agar dapat diambil. jadi meja tidak penuh dengan piring kosong. terima kasih juga kejutan wedding anniversary kami.",,1
priority_model_disagreement,model_high_confidence_disagreement,Fasilitas,1064,none,negatif,0.9412,negatif,likely_missing_label,lift,"aspect evidence: lift; mixed/weak sentiment: positive: baik, pas; negative: tidak",Agoda,Hotel Santika Bogor,11/5/2014,satu malam menginap layanan grup tidak baik! harus menyelesaikannya sebelum kedatangan kamar jika belum siap. kapasitas liftnya tidak baik,,1
priority_model_disagreement,model_high_confidence_disagreement,Kebersihan,8943,none,negatif,0.9405,negatif,likely_missing_label,kotor,"aspect evidence: kotor; mixed/weak sentiment: positive: ramah; negative: tidak, kotor",Traveloka,Hotel Santika Cirebon,7/31/2024,"staf ramah, cuma kenapa mobil saya aja yang tidak dicuci. resto untuk sarapan crowded dan pelayannya tidak sigap. banyak sekali piring kotor didiamkan.",,1
priority_model_disagreement,model_high_confidence_disagreement,Harga,9551,none,positif,0.9335,positif,likely_missing_label,murah,"aspect evidence: murah; mixed/weak sentiment: positive: ramah, nyaman, aman; negative: ga , kecil",Traveloka,Hotel Santika Cirebon,5/17/2017,"liburan bareng keluarga kecil, pelayanan ramah, makanan kecil murah dan bisa makan di kolam renang juga, kamar nyaman.",,1
priority_model_disagreement,model_high_confidence_disagreement,Pelayanan,1836,none,positif,0.9264,positif,likely_missing_label,"ramah, membantu","aspect evidence: ramah, membantu; mixed/weak sentiment: positive: ramah, lengkap; negative: tidak",Agoda,Hotel Santika Cirebon,1/25/2024,"tempat ini tidak jauh dari segalanya, terima kasih santika, mereka sangat ramah dan membantu dengan lengkap, sampai jumpa lagi",,1
priority_model_disagreement,model_high_confidence_disagreement,Fasilitas,13606,none,negatif,0.9236,negatif,likely_missing_label,air,aspect evidence: air; sentiment evidence: kurang,Traveloka,Hotel Santika Mega City Bekasi,10/26/2016,"air conditioner kamar kurang dingin di 620, saya pesan kamar deluxe! tapi itu deluxe atau superior ya?",,1
priority_model_disagreement,model_high_confidence_disagreement,Kenyamanan,1184,none,positif,0.9194,positif,likely_missing_label,nyaman,"aspect evidence: nyaman; mixed/weak sentiment: positive: bagus, nyaman, bersih; negative: tidak, buruk",Agoda,Hotel Santika Bogor,3/14/2012,ruangan itu bersih dan nyaman. kualitas makannya tidak bagus untuk makan malam tapi cukup bagus untuk sarapan. layanan binatu buruk - setrika perlu ditingkatkan.,,1
priority_model_disagreement,model_high_confidence_disagreement,Kenyamanan,750,none,negatif,0.9178,negatif,likely_missing_label,"kamar, room","aspect evidence: kamar, room; mixed/weak sentiment: positive: enak, terang, pas; negative: kurang, tidak, susah",Agoda,Hotel Santika Bogor,6/12/2025,"perdana stay, pasca drop off di lobby, effortnya susah cari parkir, untungnya ada akses dari dalam mall ke dalam hotel. request connecting room, hanya dapat 1 aksesdoor masing², jadi repot kalau mau naik lantai izin staf bantu tap lift. minus hairdryer aja, dan tidak ada dispenser air, exhaust fan kamarmandi tidak terasa sirkulasinya, bantal kempes, cahaya kurang terang. plusnya ada hiburan smarttv dan wi-fi superngebut. breakfastnya b aja, wafflenya rasa adonan pukis, dan roti tawar terlihat kurang fresh, tapi westernfoodnya lumayan enak. pelayanan staf fo kurang senyum, dan jangan lupa bawa struk parkir untuk stamp free parking.",,1
priority_model_disagreement,model_high_confidence_disagreement,Kenyamanan,1385,none,positif,0.9176,positif,likely_missing_label,nyaman,"aspect evidence: nyaman; mixed/weak sentiment: positive: baik, nyaman, bersih; negative: kurang",Agoda,Hotel Santika Bogor,4/12/2024,"hotel bersih dan nyaman, overall baik banget, hanya parkir kendaraan yang kurang baik karena kalau keluar cari2 petugasnya dulu",,1
priority_model_disagreement,model_high_confidence_disagreement,Makanan,838,none,netral,0.9175,positif,likely_missing_label,"makanan, makan","aspect evidence: makanan, makan; sentiment evidence: mudah, dekat",Agoda,Hotel Santika Bogor,7/29/2024,"lokasi dekat dengan mall shg mudah untuk cari makanan, ,",,1
priority_model_disagreement,model_high_confidence_disagreement,Makanan,2212,none,positif,0.9173,positif,likely_missing_label,"breakfast, enak","aspect evidence: breakfast, enak; mixed/weak sentiment: positive: bagus, baik, enak; negative: tidak, ga , mahal",Agoda,Hotel Santika Cirebon,6/17/2019,salah satu hotel yang biasa saya pesan apabila ke cirebon. harga tidak terlalu mahal. lokasi juga bagus. pelayanan staffnya bagus. breakfastnya banyak dan enak. kolam renangnya baik.,,1
priority_model_disagreement,model_high_confidence_disagreement,Fasilitas,8936,none,positif,0.9151,positif,likely_missing_label,fasilitas,"aspect evidence: fasilitas; sentiment evidence: ramah, recommended",Traveloka,Hotel Santika Cirebon,10/2/2024,staf sangat ramah dan membantu. fasilitas untuk kursi roda tersedia. recommended.,,1
priority_model_disagreement,model_high_confidence_disagreement,Kenyamanan,7505,none,positif,0.9128,positif,likely_missing_label,kamar,"aspect evidence: kamar; mixed/weak sentiment: positive: bagus, ramah, enak; negative: ga ",Traveloka,Hotel Santika Bogor,11/29/2023,"hotelnya sangat bagus, kamarnya sangat memuaskan. apalagi waktu sarapan pagi. menu komplit dan enak-enak banget. pelayanannya juga ramah-ramah dan selalu full senyum maze.",,1
priority_model_disagreement,model_high_confidence_disagreement,Fasilitas,7823,none,negatif,0.9115,negatif,likely_missing_label,"parkir, water heater, kamar mandi, air","aspect evidence: parkir, water heater, kamar mandi, air; mixed/weak sentiment: positive: baik, ramah, enak; negative: kurang, tidak, gak",Traveloka,Hotel Santika Bogor,12/30/2020,"review dikit menginap disana. pegawai ramah semua. check-in dan check-out cepat. kamar sama kaya di gambar. minta request jendela dengan view dikasih. complimentary kamar free. air conditioner dingin. water heater dan exhaush fan baik. malam hari saya minta tolong pihak dapur untuk hangat makanan dilayani dengan baik dan cepat, sedikit saran, tempat sampah dikamar dan dikamar mandi kalau bisa bukanya yang di tekan pake kaki, gang yang tutupnya bisa di copot gt soalnya jadi dimaenin anak yang belum paham kalau itu tempat sampah. terus untuk kamar mandinya tidak ada sabun cair untuk cuci tangan, dikasihnya malah yang batang. agak repot ya. ini hotelnya tempel banget sama botani, karena covid, bayi gabisa masuk sana. tapi nyari makan banyak, bisa gojek dan enak-enak ko. parkiran juga gabung sama mal. buat yang menginap disana jangan lupa tiket parkirnya distempel sama pihak hotel biar free. untuk breakfast kurang variatif menunya, apalagi untuk rotinya, dikit banget. tidak ada roti tawar dan selai. overall baik ko. 8/10. terima kasih ya.",,1
priority_model_disagreement,model_high_confidence_disagreement,Makanan,1263,none,positif,0.9014,positif,likely_missing_label,"sarapan, rasa, enak","aspect evidence: sarapan, rasa, enak; mixed/weak sentiment: positive: enak, luas; negative: ga ",Agoda,Hotel Santika Bogor,9/25/2012,"pilihan sarapannya beragam, dari western hingga indonesia, dan saya pesan telur dadar dan rasanya enak. ini setara dengan hotel bintang 4. lokasinya berada dalam jarak berjalan kaki ke kolam renang, pusat perbelanjaan, dan kebun raya. ruangannya luas dan saya bisa bersantai.",,1
priority_model_disagreement,model_high_confidence_disagreement,Harga,10193,none,negatif,0.8998,negatif,likely_missing_label,harga,"aspect evidence: harga; sentiment evidence: kurang, tidak, kecil, susah, tidak sesuai",Traveloka,Hotel Santika Depok,6/1/2022,"akses masuk susah nyarinya pake map, parkiran kecil, palayanan kurang, fasilitas kamar tidak sesuai dengan harga, kamar ada kecoak.",,1
priority_model_disagreement,model_high_confidence_disagreement,Pelayanan,9497,none,positif,0.8997,positif,likely_missing_label,layanan,"aspect evidence: layanan; sentiment evidence: bagus, bersih",Traveloka,Hotel Santika Cirebon,7/26/2017,"bagus ruangan, layanan besar, bagus, besar dan bersih kolam renang. kami berenang di malam hari dan itu bagus",,1
priority_model_disagreement,model_high_confidence_disagreement,Makanan,11601,none,positif,0.8972,positif,likely_missing_label,sarapan,"aspect evidence: sarapan; mixed/weak sentiment: positive: bagus, nyaman, aman; negative: tidak, tidak bisa",Traveloka,Hotel Santika Depok,10/14/2015,hotel ini cukup bagus. dan itu terletak di sebelah mal. sarapan sangat nyaman. salah satu downside adalah wi-fi yang connectionyou tidak bisa streaming youtube di sana.,,1
priority_model_disagreement,model_high_confidence_disagreement,Harga,629,none,positif,0.8968,positif,likely_missing_label,rate,"aspect evidence: rate; sentiment evidence: strategis, enak, puas",Agoda,Hotel Santika Bandung,4/30/2013,"saya puas dengan memilih hotel santika ini, lokasi yang strategis, room service dengan valuable price, makanannya enak.",,1
priority_model_disagreement,model_high_confidence_disagreement,Pelayanan,1819,none,positif,0.8962,positif,likely_missing_label,ramah,"aspect evidence: ramah; sentiment evidence: ramah, nyaman, bersih, enak, mudah",Agoda,Hotel Santika Cirebon,5/12/2024,"semua pelayan sangat ramah, kamar nyaman dan bersih, menu makan pagi ckup bervariasi dan enak. akses ke hotel cukup mudah dan bukan di jalur macet. dan yang sangat menarik adalah pagi pagi mobil di cuci dari pihak hotel.",,1
priority_model_disagreement,model_high_confidence_disagreement,Lokasi,12238,none,negatif,0.8935,negatif,likely_missing_label,mal,"aspect evidence: mal; mixed/weak sentiment: positive: bagus, baik, nyaman; negative: tidak, ga , kecil",Traveloka,Hotel Santika Mega City Bekasi,6/10/2020,"pada dasarnya hotel ini sudah bagus baik dalam pelayanan, hanya saja kenyamanan kami menginap terganggu dengan 1 kamar yang terlalu berisik pada saat menginap. anak kecil berlarian di lorong orang tuanya malah ngobrol di depan kamar dengan suara yang aga keras. tidak hanya pagi, siang, sore dan malam saja bahkan tengah malam sekitar jam setengah 12 lebih pun mereka masih saja berisik. sampai kami harus pindah kamar yang letaknya aga jauh karna masalah ini. setelah pindah kamar, suara tersebut tetap saja terdengar (anak kecil teriak orang tuanya ngobrol juga suara nya kencang). sangat amat menganggu kenyamanan kami menginap disini. kami ingin menginap dengan nyaman, tapi terganggu tidur kami hanya karna 1 kamar yang tidak tahu bagaimana harus bersikap menjadu tamu juga yang menginap di hotel ini. ketika kami komplain dengan pihak hotel sampai beberapa kali karna kejadian tersebut terulang terus, tapi pihak hotel hanya menelpon kamar tersebut saja terus menerus, tidak ada sanksi tegas yang diberikan. pindah kamar dengan beda lantai kembali katanya sudah tidak bisa karna sudah memasuki malam hari tidak ada tindak lanjutnya lagi. lain kali pihak hotel seharusnya bisa memberikan ketegasan kepada tamu yang seperti itu, jangan hanya cuma menegur lewat telpon saja ke kamar tersebut. kalau sudah 3x ditegur lewat telpon, seharusnya untuk ke 4x nya diberikan sanksi tegas agar tamu lainnya nyaman untuk beristirahat. itu saja yang membuat kami kecewa menginap disini. terima kasih",,1
priority_model_disagreement,model_high_confidence_disagreement,Kebersihan,8901,none,positif,0.8918,positif,likely_missing_label,bersih,"aspect evidence: bersih; mixed/weak sentiment: positive: bersih, mudah; negative: ga ",Traveloka,Hotel Santika Cirebon,5/21/2025,"hotel santika memang pilihan tepat sebagai akomodasi saat melakukan perjalanan dinas. lokasinya yang berada di tengah kota membuat perjalanan dari hotel ke lokasi tujuan sangat mudah dicapai, lebih lanjut ada pelayanan tambahan karena setiap pagi dicuci secara cuma-cuma sehingga mobil kami tetap bersih sehingga terlihat professional saat sampai di kantor.",,1
priority_model_disagreement,model_high_confidence_disagreement,Fasilitas,2834,none,negatif,0.8918,negatif,likely_missing_label,air,"aspect evidence: air; mixed/weak sentiment: positive: nyaman, aman, berfungsi; negative: kurang, tidak, kotor",Agoda,Hotel Santika Depok,1/19/2022,floordrain tidak berfungsi. jadi saya harus buka floordrainnya biar airnya tidak menggenang. saya bermalam di unit yang exclusive. hanya dapat buah 3 pcs. penerangan kurang. karpet di ruang family kotor banget sama sofa belum pernah di dryclean kayaknya. selain hal ini nyaman.,,1
priority_model_disagreement,model_high_confidence_disagreement,Harga,12915,none,positif,0.8901,positif,likely_missing_label,budget,"aspect evidence: budget; sentiment evidence: nyaman, bersih, aman",Traveloka,Hotel Santika Mega City Bekasi,6/20/2018,"tempat nyaman, bersih sesuai dengan budget, kolam renang bersih.",,1
priority_model_disagreement,model_high_confidence_disagreement,Kebersihan,5539,none,positif,0.888,positif,likely_missing_label,"bersih, kebersihan","aspect evidence: bersih, kebersihan; mixed/weak sentiment: positive: bersih; negative: ga ",Tiket,Hotel Santika Cirebon,9/9/2024,kebersihan terjaga maksimal. kolam renang dengan pemandangan indah. kolam renang dengan pemandangan indah.,,1
priority_model_disagreement,model_high_confidence_disagreement,Lokasi,10012,none,positif,0.8841,positif,likely_missing_label,"lokasi, strategis, dekat","aspect evidence: lokasi, strategis, dekat; mixed/weak sentiment: positive: bersih, strategis, dekat; negative: tidak, lambat, tidak ada",Traveloka,Hotel Santika Depok,4/9/2025,"plusnya + lokasi strategis + kamar bersih, air conditioner dingin, water heater berfungsi + makanan bervariasi + ada keterlambatan wkt cek in dari hotel tapi dikasih tambahan wkt 2 jam untuk cek out minusnya - lantai kamar mandi dekat wastafel airnya menggenang terus - tidak ada hair dryer dan kulkas - tidak ada galon isi ulang air, jd hanya dibatasi 4 botol",,1
priority_model_disagreement,model_high_confidence_disagreement,Pelayanan,7506,none,positif,0.8839,positif,likely_missing_label,layanan,aspect evidence: layanan; mixed/weak sentiment: positive: bagus; negative: gak,Traveloka,Hotel Santika Bogor,11/22/2023,hotel dan layanan yang bagus. lokasi agak membingungkan.,,1
priority_model_disagreement,model_high_confidence_disagreement,Kenyamanan,11939,none,negatif,0.8835,negatif,likely_missing_label,view,"aspect evidence: view; mixed/weak sentiment: positive: baik, bersih, enak; negative: kurang, ga ",Traveloka,Hotel Santika Mega City Bekasi,5/15/2024,"pelayan baik, kebersihan baik banget. cuma view-nya kurang menarik. makanan juga enak kok.",,1
priority_model_disagreement,model_high_confidence_disagreement,Kenyamanan,7633,none,positif,0.8761,positif,likely_missing_label,nyaman,"aspect evidence: nyaman; sentiment evidence: nyaman, aman",Traveloka,Hotel Santika Bogor,8/24/2022,nyaman dan sarapan pagi yang nikmat.,,1
priority_model_disagreement,model_high_confidence_disagreement,Kenyamanan,2293,none,positif,0.8736,positif,likely_missing_label,"kamar, luas","aspect evidence: kamar, luas; sentiment evidence: bersih, cepat, mudah, luas",Agoda,Hotel Santika Cirebon,10/19/2014,"cek in dan cek out cepat dan mudah, kamar pun luas dan bersih",,1
priority_model_disagreement,model_high_confidence_disagreement,Pelayanan,2558,none,positif,0.8719,positif,likely_missing_label,check-in,"aspect evidence: check-in; sentiment evidence: bagus, strategis, cepat, luas, dekat",Agoda,Hotel Santika Depok,11/13/2020,"hotelnya bagus seperti kamarnya luas, lokasi strategis dekat dengan mall, tempat parkir dan rapi, proses check-in cukup cepat.",,1
priority_model_disagreement,model_high_confidence_disagreement,Kebersihan,8861,none,negatif,0.8662,negatif,likely_missing_label,"kotor, bau","aspect evidence: kotor, bau; sentiment evidence: tidak, bau, kotor, tidak ada",Traveloka,Hotel Santika Cirebon,4/1/2026,air conditioner mati dan penghisap udara kamar mandi mati. bayangkan suasana kamarnya dan baunya? bau kotoran semerbak masuk kamar tidur anak kami. tidak ada tindakan apa-apa sesudah kami mengadu ke pihak hotel.,,1
priority_model_disagreement,model_high_confidence_disagreement,Kebersihan,2222,none,positif,0.8645,positif,likely_missing_label,"bersih, kebersihan","aspect evidence: bersih, kebersihan; mixed/weak sentiment: positive: baik, bersih; negative: berisik",Agoda,Hotel Santika Cirebon,1/3/2018,"makan pagi ok, sdh siap dari pagi kamar sblm jam 12 sudah siap mbl dicuci, good suasana dan kebersihan secara keseluruhan baik lingkungan sekitar hotel berisik",,1
priority_model_disagreement,model_high_confidence_disagreement,Kenyamanan,5984,none,positif,0.8644,positif,likely_missing_label,nyaman,"aspect evidence: nyaman; sentiment evidence: ramah, nyaman, strategis, aman",Traveloka,Hotel Santika Bandung,2/12/2025,"nyaman, lokasi strategis, receptionist nya ramah banget",,1
priority_model_disagreement,model_high_confidence_disagreement,Kenyamanan,3634,none,positif,0.8586,positif,likely_missing_label,kamar,aspect evidence: kamar; sentiment evidence: lezat,Tiket,Hotel Santika Bandung,2/25/2025,kamar segar banget. hidangan tradisional lezat.,,1
priority_model_disagreement,model_high_confidence_disagreement,Kebersihan,4228,none,positif,0.8582,positif,likely_missing_label,"bersih, kebersihan","aspect evidence: bersih, kebersihan; sentiment evidence: bersih",Tiket,Hotel Santika Mega City Bekasi,12/29/2025,kebersihan terjaga. layanan luar biasa.,,1
priority_model_disagreement,model_high_confidence_disagreement,Kebersihan,616,none,positif,0.8552,positif,likely_missing_label,"bersih, kebersihan","aspect evidence: bersih, kebersihan; sentiment evidence: bagus, nyaman, bersih, aman",Agoda,Hotel Santika Bandung,1/2/2014,"hotel yang bagus dalam servis, kebersihan dan kenyamanan",,1
priority_model_disagreement,model_high_confidence_disagreement,Makanan,12174,none,positif,0.8528,positif,likely_missing_label,enak,"aspect evidence: enak; sentiment evidence: nyaman, enak, puas, aman",Traveloka,Hotel Santika Mega City Bekasi,3/10/2021,nyaman puas kenyang enaklah overall,,1
priority_model_disagreement,model_high_confidence_disagreement,Kenyamanan,9515,none,positif,0.8524,positif,likely_missing_label,"kamar, luas","aspect evidence: kamar, luas; sentiment evidence: bersih, strategis, luas",Traveloka,Hotel Santika Cirebon,6/21/2017,"tempat strategis, parkiran luas, kamar bersih. good",,1
priority_model_disagreement,model_high_confidence_disagreement,Pelayanan,2386,none,positif,0.8511,positif,likely_missing_label,ramah,"aspect evidence: ramah; mixed/weak sentiment: positive: baik, ramah, nyaman; negative: tidak, ga ",Agoda,Hotel Santika Cirebon,12/30/2010,"tempat bersih, kamar tidak terlalu besar, tapi baik lah. penerimaan sangat ramah. parkir juga luas kolam renang kelihatan dari tempat menginap, dan kelihatannya bersih dan nyaman, sayang kami tidak sempat menikmati kolam renang.",,1
priority_model_disagreement,model_high_confidence_disagreement,Makanan,2488,none,positif,0.8455,positif,likely_missing_label,"sarapan, enak","aspect evidence: sarapan, enak; sentiment evidence: bagus, enak",Agoda,Hotel Santika Depok,12/1/2024,"pelayanan bagus, fasilitas bagus, sarapannya enak",,1
priority_model_disagreement,model_high_confidence_disagreement,Kenyamanan,7854,none,netral,0.8444,netral,likely_missing_label,"kamar, ac","aspect evidence: kamar, ac; mixed/weak sentiment: positive: bersih, lengkap, aman; negative: tidak, tidak ada",Traveloka,Hotel Santika Bogor,10/14/2020,"saat pertama check in perlengkapan mandi tidak ada. bahkan gula pasirnya keras, kami pikir layanan kamar akan datang nanti untuk diisi karena mungkin ini adalah kebijakan hotel. keesokan harinya saya meminta untuk bersih-bersih, kemudian mereka memberikan perlengkapan mandi yang layak dan kopi sachet. tidak ada parkir gratis untuk tamu, tempat parkir terbatas dan mereka menunjukkan mal di dekat taman dan masih tidak ada parkir gratis",,1
priority_model_disagreement,model_high_confidence_disagreement,Fasilitas,5719,none,negatif,0.8444,negatif,likely_missing_label,"shower, air panas, air","aspect evidence: shower, air panas, air; mixed/weak sentiment: positive: baik; negative: kurang, panas",Tiket,Hotel Santika Cirebon,4/21/2019,"lokasi strstegis, makan pagi baik, cuma air panas kurang dan shower kurang kencang.",,1
priority_model_disagreement,model_high_confidence_disagreement,Kenyamanan,9361,none,positif,0.8439,positif,likely_missing_label,kamar,"aspect evidence: kamar; sentiment evidence: bersih, strategis, recommended",Traveloka,Hotel Santika Cirebon,5/16/2018,"tempatnya cukup strategis, kamar bersih dan rapi. recommended bagi yang bawa keluarga.",,1
priority_model_disagreement,model_high_confidence_disagreement,Kebersihan,2468,none,positif,0.8437,positif,likely_missing_label,"bersih, kebersihan","aspect evidence: bersih, kebersihan; mixed/weak sentiment: positive: nyaman, bersih, strategis; negative: ga ",Agoda,Hotel Santika Depok,3/29/2026,kenyamanan untuk keluarga dan kebersihan juga tempatnya strategis,,1
priority_model_disagreement,model_high_confidence_disagreement,Kenyamanan,14064,none,negatif,0.8359,negatif,likely_missing_label,panas,"aspect evidence: panas; sentiment evidence: kurang, tidak, panas, tidak ada",Traveloka,Hotel Santika Tasikmalaya,2/6/2019,hotel tidak ada karpet dan air panas kurang panas.,,1
priority_model_disagreement,model_high_confidence_disagreement,Kenyamanan,2311,none,positif,0.8354,positif,likely_missing_label,"nyaman, kamar","aspect evidence: nyaman, kamar; sentiment evidence: nyaman, lezat, aman",Agoda,Hotel Santika Cirebon,10/28/2013,"kamar yang sangat nyaman, staf yang sangat raman, dan makanan yang lezat untuk dinikmati",,1
priority_model_disagreement,model_high_confidence_disagreement,Kenyamanan,6487,none,positif,0.8347,positif,likely_missing_label,nyaman,"aspect evidence: nyaman; sentiment evidence: ramah, nyaman, bersih, strategis, enak",Traveloka,Hotel Santika Bandung,12/6/2017,"lokasi strategis, sangat bersih dan nyaman. pelayanan ramah dan cepat. breakfast enak dan banyak menunya. saya puas.",,1
priority_model_disagreement,model_high_confidence_disagreement,Kenyamanan,2558,none,positif,0.8267,positif,likely_missing_label,"kamar, luas","aspect evidence: kamar, luas; sentiment evidence: bagus, strategis, cepat, luas, dekat",Agoda,Hotel Santika Depok,11/13/2020,"hotelnya bagus seperti kamarnya luas, lokasi strategis dekat dengan mall, tempat parkir dan rapi, proses check-in cukup cepat.",,1
priority_model_disagreement,model_high_confidence_disagreement,Kebersihan,12145,none,positif,0.826,positif,likely_missing_label,"bersih, kebersihan","aspect evidence: bersih, kebersihan; mixed/weak sentiment: positive: baik, bersih, puas; negative: kurang, kecil",Traveloka,Hotel Santika Mega City Bekasi,6/2/2021,"puas banget sama pelayanan, kebersihan dan fasilitasnya. cuma pas di kamar saya air conditioner nya kurang dingin padahal temperatur sudah paling kecil. overall baik kok tapi! bakal staycation ke sini lagi next time.",,1
priority_model_disagreement,model_high_confidence_disagreement,Kenyamanan,2468,none,positif,0.8227,positif,likely_missing_label,nyaman,"aspect evidence: nyaman; mixed/weak sentiment: positive: nyaman, bersih, strategis; negative: ga ",Agoda,Hotel Santika Depok,3/29/2026,kenyamanan untuk keluarga dan kebersihan juga tempatnya strategis,,1
priority_model_disagreement,model_high_confidence_disagreement,Kebersihan,5207,none,negatif,0.8216,negatif,likely_missing_label,debu,"aspect evidence: debu; mixed/weak sentiment: positive: dekat; negative: tidak, lama, tidak ada",Tiket,Hotel Santika Mega City Bekasi,3/14/2021,tirainya berdebu dan tidak ada shower head hanya pipa air. air conditioner membutuhkan waktu yang cukup lama untuk mendinginkan ruangan. tempat tidur king sebenarnya adalah dua tempat tidur twin yang diletakkan berdekatan.,,1
priority_model_disagreement,model_high_confidence_disagreement,Fasilitas,9551,none,positif,0.8199,positif,likely_missing_label,"kolam, kolam renang","aspect evidence: kolam, kolam renang; mixed/weak sentiment: positive: ramah, nyaman, aman; negative: ga , kecil",Traveloka,Hotel Santika Cirebon,5/17/2017,"liburan bareng keluarga kecil, pelayanan ramah, makanan kecil murah dan bisa makan di kolam renang juga, kamar nyaman.",,1
priority_model_disagreement,model_high_confidence_disagreement,Kenyamanan,7915,none,positif,0.8125,positif,likely_missing_label,kamar,"aspect evidence: kamar; sentiment evidence: strategis, dekat",Traveloka,Hotel Santika Bogor,2/19/2020,"lokasi sangat strategis dengan botani square, dekat dengan tol dan pusat kota. design kamar yang segar serta sarapan pagi cukup menggugah selera.",,1
priority_model_disagreement,model_high_confidence_disagreement,Kenyamanan,7652,none,positif,0.8123,positif,likely_missing_label,kamar,"aspect evidence: kamar; sentiment evidence: baik, bersih, dekat",Traveloka,Hotel Santika Bogor,6/15/2022,"menyenangkan. kamar bersih, sarapan baik, dekat dengan mall.",,1
priority_model_disagreement,model_high_confidence_disagreement,Pelayanan,1650,none,negatif,0.8095,negatif,likely_missing_label,check in,"aspect evidence: check in; mixed/weak sentiment: positive: enak; negative: tidak, lambat, sempit",Agoda,Hotel Santika Bogor,4/26/2012,"kami check ini terlambat, dateng jam setengah dua belas malam, tanpa basa-basi dan birokrasi yang panjang, kami langsung dapet kunci kamar. kami pilih kamar dengan bed twin walopun serasa sempit bahkan untuk 1 orang, interior kamar yang minimalis modern enak dipandang dan view gunung dan kota bogor. pagi hari kami sarapan, dengan menu yang beraneka macam dan enak2. sedikit kendala, kami tidak diberi tahu kalau mobil keluar masuk hotel, apakah kami bisa dapet voucher parkir, akhirnya keluar masuk hotel kami bayar parkir lagi selama dua hari, lumayan lah.",,1
priority_model_disagreement,model_high_confidence_disagreement,Kebersihan,2429,none,positif,0.8078,positif,likely_missing_label,"bersih, kebersihan","aspect evidence: bersih, kebersihan; sentiment evidence: bagus, ramah, bersih, lezat, dekat",Agoda,Hotel Santika Depok,10/8/2024,"lokasi sangat bagus dekat pusat perbelanjaan, kebersihan luar biasa dengan staf yang ramah, makanan sederhana namun lezat",,1
priority_model_disagreement,model_high_confidence_disagreement,Lokasi,7989,none,positif,0.8076,positif,likely_missing_label,strategis,"aspect evidence: strategis; mixed/weak sentiment: positive: baik, ramah, bersih; negative: tidak, tidak ada",Traveloka,Hotel Santika Bogor,9/4/2019,"tempat sangat strategis, parkinya mudah, check-in cepat. pelayanan sangat ramah, handuk sprei dan bersih. air conditioner dan water heater berfungsi dengan baik, tapi tidak ada hair dryer.",,1
priority_model_disagreement,model_high_confidence_disagreement,Kenyamanan,3585,none,positif,0.8049,positif,likely_missing_label,nyaman,"aspect evidence: nyaman; sentiment evidence: bagus, nyaman, bersih, top, aman",Tiket,Hotel Santika Bandung,12/6/2025,"bagus, bersih, nyaman. top pokoknya",,1
priority_model_disagreement,model_high_confidence_disagreement,Kenyamanan,697,none,negatif,0.8047,negatif,likely_missing_label,tidur,"aspect evidence: tidur; mixed/weak sentiment: positive: bagus, ramah; negative: tidak, gak, ga ",Agoda,Hotel Santika Bogor,1/10/2025,"lokasinya bagus karena bersebelahan dengan pusat perbelanjaan sehingga tidak perlu jauh-jauh. namun secara keseluruhan fasilitas terasa agak tua, mungkin karena hotelnya sudah tua. stafnya ramah, saya suka lokasinya, dan harganya. juga, ada pembangunan yang sedang berlangsung di sebelah, jadi saya tidur siang, tapi selain kebisingan, saya tidak punya keluhan.",,1
priority_model_disagreement,model_high_confidence_disagreement,Kenyamanan,3073,none,positif,0.8043,positif,likely_missing_label,kamar,"aspect evidence: kamar; mixed/weak sentiment: positive: bagus; negative: tidak, ga , kecil",Agoda,Hotel Santika Tasikmalaya,12/23/2019,"saya memesan kamar ini untuk keluarga kecil saya. saya suka suasana hotel. saya tidak bisa mengulas kolam renang karena saya baru check-in di tengah malam (check-in sangat larut). tapi, saya suka sarapan di sini karena mereka menyajikan tutut dan cilok goang. sangat unik! tempatnya sangat bagus di tengah kota. jika nanti berkunjung ke tasikmalaya, saya akan menginap disini lagi.",,1
priority_model_disagreement,model_high_confidence_disagreement,Kebersihan,1988,none,negatif,0.804,negatif,likely_missing_label,"bersih, kebersihan","aspect evidence: bersih, kebersihan; mixed/weak sentiment: positive: bersih, murah; negative: tidak, ga , buruk",Agoda,Hotel Santika Cirebon,8/23/2013,"ini bukan pertama kalinya saya menginap di hotel ini, dan saya juga telah menginap di beberapa santika. namun, saya harus mengatakan ini adalah saat terburuk yang pernah saya alami di santika cirebon dimana saya menemukan kamar saya penuh dengan nyamuk berdarah dan rambut di lantai. mereka sepertinya tidak memperhatikan kebersihan kamar dan kehilangan perhatian pada detail. lain kali saya mengunjungi cirebon, saya mungkin tidak akan memilih hotel ini lagi karena ada hotel bintang 4 baru (yang luar biasa) lebih murah daripada santika cirebon bintang 3.",,1
priority_model_disagreement,model_high_confidence_disagreement,Kenyamanan,12269,none,negatif,0.8026,negatif,likely_missing_label,kamar,"aspect evidence: kamar; mixed/weak sentiment: positive: baik, cukup baik; negative: mampet",Traveloka,Hotel Santika Mega City Bekasi,1/29/2020,pelayanan cukup baik hanya wastafel kamar mandinya mampet.,,1
priority_model_disagreement,model_high_confidence_disagreement,Fasilitas,8380,none,negatif,0.8016,negatif,likely_missing_label,parkir,"aspect evidence: parkir; mixed/weak sentiment: positive: mudah, aman; negative: kurang, tidak, buruk",Traveloka,Hotel Santika Bogor,9/27/2017,"komunikasi dan informasi kepada konsumen sangat buruk. kami pesan 4 kamar, 1 kamar tersedia tepat waktu (sebelum jam 14. 00), 2 kamar selanjutnya setelah jam 14. 00, dan 1 kamar terakhir baru kami dapat jam 16. 05. khusus kamar terakhir, kami mendapatkannya setelah beradu argumen dengan nada tinggi. di informasikan di jam 16. 00 bahwa kamar terakhir yang seharusnya kami dapatkan sebenernya sudah siap, namun belum bisa ditempati, namun informasi tersebut setelah kami protes dengan nada tinggi. harusnya di informasikan sejak awal. pada hari yang sama kurang lebih sekitar 4 konsumen mengalami hal yang sama. pintu/area masuk dan keluar parkir hotel sama dengan mall. ketika keluar di hari berikutnya, ternyata seharusnya kami mendapatkan stampel di kertas parkir dari pihak hotel, namun hal tersebut baru kami ketahui setelah kami berada di pintu/area/gerbang parkir keluar, alhasil kami kena biaya parkir sampai 98ribu. harusnya tanpa diminta sebelum kami keluar hotel, dan pada saat mengangkut barang di lobby, pihak security atau receptionist memberikan atau menanyakan terkait kertas parkir. point tersebut memang tidak akan menghalangi niat kami untuk menginap kembali. tapi mudah-mudahan tulisan ini bisa menjadikan pengalaman bagi semuanya agar hal tersebut tidak terjadi.",,1
label_reason_mismatch,alasan_ada_tapi_label_none,Kenyamanan,12627,none,,,positif,likely_missing_label_from_reason,nyaman,"aspect evidence: nyaman; sentiment evidence: bagus, nyaman, bersih, aman",Traveloka,Hotel Santika Mega City Bekasi,1/2/2019,"pelayanannya bagus, hotelnya bersih, kolam renangnya nyaman.",kolam renangnya nyaman,1
label_reason_mismatch,alasan_ada_tapi_label_none,Kenyamanan,13770,none,,,negatif,likely_missing_label_from_reason,"kamar, room","aspect evidence: kamar, room, bau rokok; sentiment evidence: bau",Traveloka,Hotel Santika Tasikmalaya,10/11/2023,"senang staycation di hotel santika, sudah langganan kalau lagi ke tasikmalaya, cuma pesan kamar yang non smoking di kasih smoking room.",kamar bau rokok,1
label_reason_mismatch,label_ada_tapi_alasan_kosong,Lokasi,12790,negatif,,,negatif,add_missing_reason_keep_label,"akses, mal","aspect evidence: akses, mal; mixed/weak sentiment: positive: baik, ramah, nyaman; negative: tidak, gak, susah",Traveloka,Hotel Santika Mega City Bekasi,10/3/2018,"proses administrasi tidak susah, pukul 14. 00 check-in menerima kunci masuk kamar, kamar nyaman dan aman, karyawannya ramah-ramah dan responsif, sarapan pagi enak, hanya sayangnya akses lift ke hotel gabung dengan pengunjung mal jadi kalau mau naik turun lift agak lama. sisanya baik.",,2
label_reason_mismatch,label_ada_tapi_alasan_kosong,Kenyamanan,13799,positif,,,positif,add_missing_reason_keep_label,"kamar, room","aspect evidence: kamar, room; mixed/weak sentiment: positive: bersih; negative: biasa saja",Traveloka,Hotel Santika Tasikmalaya,7/13/2022,"kamar bersih, kebetulan pesan room untuk hari birthday anak free slice cake. sarapan rasa biasa saja, varian banyak. kamar mandi bersih.",,2
label_reason_mismatch,label_ada_tapi_alasan_kosong,Kenyamanan,13855,positif,,,positif,add_missing_reason_keep_label,kamar,"aspect evidence: kamar; mixed/weak sentiment: positive: baik, bersih, strategis; negative: ga ",Traveloka,Hotel Santika Tasikmalaya,5/26/2021,"lokasi strategis, deket ke beberapa lokasi kuliner jd ongkir gofood/grabfood nya lebih murah. kamar juga baik, bersih.",,2
label_reason_mismatch,label_ada_tapi_alasan_kosong,Kenyamanan,13940,negatif,,,negatif,add_missing_reason_keep_label,room,aspect evidence: room; mixed/weak sentiment: positive: baik; negative: kurang,Traveloka,Hotel Santika Tasikmalaya,1/8/2020,"the room was baik, handuk kurang putih, breakfast just normal and receptionist harusnya bisa lebih banyak kasih info alternatif.",,2
label_reason_mismatch,label_ada_tapi_alasan_kosong,Kenyamanan,14193,negatif,,,negatif,add_missing_reason_keep_label,"kamar, room","aspect evidence: kamar, room; mixed/weak sentiment: positive: baik, bersih; negative: gak, bau",Traveloka,Hotel Santika Tasikmalaya,7/4/2018,"pros: lokasi jalan banyak makanan, breakfast baik, kamar roomy dan bersih. con: koridor lantai 5 kalau malam agak bau.",,2
label_reason_mismatch,label_ada_tapi_alasan_kosong,Kenyamanan,14199,positif,,,positif,add_missing_reason_keep_label,kamar,"aspect evidence: kamar; sentiment evidence: baik, bersih, lezat, dekat",Traveloka,Hotel Santika Tasikmalaya,6/27/2018,"makanan lezat, layanan yang baik, kamarnya cukup bersih, dan hotel ini dekat dengan pusat kota.",,2
label_reason_mismatch,label_ada_tapi_alasan_kosong,Kenyamanan,14697,positif,,,positif,add_missing_reason_keep_label,kamar,"aspect evidence: kamar; mixed/weak sentiment: positive: bersih, memuaskan; negative: ga ",Traveloka,Hotel Santika Tasikmalaya,7/29/2015,"hotel santika tasikmalaya, kami sekeluarga memuaskan, pelayanan kamar, security, makanan, kebersihan dan lokasi dalam kota.",,2
label_reason_mismatch,label_ada_tapi_alasan_kosong,Pelayanan,13059,positif,,,positif,add_missing_reason_keep_label,"pelayanan, layanan","aspect evidence: pelayanan, layanan; sentiment evidence: baik",Traveloka,Hotel Santika Mega City Bekasi,1/3/2018,pelayanan dan fasilitasnya baik banget.,,2
label_reason_mismatch,label_ada_tapi_alasan_kosong,Pelayanan,13196,positif,,,positif,add_missing_reason_keep_label,layanan,aspect evidence: layanan; sentiment evidence: baik,Traveloka,Hotel Santika Mega City Bekasi,9/20/2017,fasilitas dan layanan yang baik,,2
label_reason_mismatch,label_ada_tapi_alasan_kosong,Pelayanan,13225,positif,,,positif,add_missing_reason_keep_label,"pelayanan, layanan","aspect evidence: pelayanan, layanan; mixed/weak sentiment: positive: murah; negative: tidak, ga ",Traveloka,Hotel Santika Mega City Bekasi,8/30/2017,harga murah tapi pelayanan tidak murahan,,2
label_reason_mismatch,label_ada_tapi_alasan_kosong,Pelayanan,13434,positif,,,positif,add_missing_reason_keep_label,"pelayanan, layanan","aspect evidence: pelayanan, layanan; mixed/weak sentiment: positive: baik; negative: ga ",Traveloka,Hotel Santika Mega City Bekasi,3/22/2017,pelayanannya baik fasilitas hotelnya juga mantab,,2
label_reason_mismatch,label_ada_tapi_alasan_kosong,Pelayanan,13455,positif,,,positif,add_missing_reason_keep_label,"pelayanan, layanan","aspect evidence: pelayanan, layanan; sentiment evidence: bagus, baik",Traveloka,Hotel Santika Mega City Bekasi,3/15/2017,fasilitas bagus. pelayanan baik.,,2
label_reason_mismatch,label_ada_tapi_alasan_kosong,Pelayanan,13469,positif,,,positif,add_missing_reason_keep_label,"pelayanan, layanan, ramah","aspect evidence: pelayanan, layanan, ramah; sentiment evidence: ramah, enak",Traveloka,Hotel Santika Mega City Bekasi,3/1/2017,"pelayanan yang ramah, makanannya enak",,2
label_reason_mismatch,label_ada_tapi_alasan_kosong,Pelayanan,13659,positif,,,positif,add_missing_reason_keep_label,"pelayanan, layanan, ramah","aspect evidence: pelayanan, layanan, ramah; sentiment evidence: ramah",Traveloka,Hotel Santika Tasikmalaya,12/31/2025,pelayanannya sangat ramah namun untuk variasi sarapan perlu ditambahkan lagi,,2
label_reason_mismatch,label_ada_tapi_alasan_kosong,Pelayanan,13664,positif,,,positif,add_missing_reason_keep_label,"pelayanan, layanan, ramah","aspect evidence: pelayanan, layanan, ramah; sentiment evidence: ramah",Traveloka,Hotel Santika Tasikmalaya,11/12/2025,semua fasilitas mantul pelayanan ramah,,2
label_reason_mismatch,label_ada_tapi_alasan_kosong,Pelayanan,13728,positif,,,positif,add_missing_reason_keep_label,"staf, ramah","aspect evidence: staf, ramah; sentiment evidence: ramah",Traveloka,Hotel Santika Tasikmalaya,12/18/2024,"hotel terfavorit, makanan banyak variasi, staf ramah",,2
label_reason_mismatch,label_ada_tapi_alasan_kosong,Pelayanan,13901,positif,,,positif,add_missing_reason_keep_label,"pelayanan, layanan","aspect evidence: pelayanan, layanan; sentiment evidence: lengkap, memuaskan",Traveloka,Hotel Santika Tasikmalaya,9/16/2020,fasilitas lengkap pelayanan memuaskan.,,2
label_reason_mismatch,label_ada_tapi_alasan_kosong,Pelayanan,14364,positif,,,positif,add_missing_reason_keep_label,"pelayanan, layanan","aspect evidence: pelayanan, layanan; sentiment evidence: memuaskan",Traveloka,Hotel Santika Tasikmalaya,7/12/2017,pelayanan dan fasilitas cukup memuaskan,,2
label_reason_mismatch,label_ada_tapi_alasan_kosong,Makanan,12296,netral,,,netral,add_missing_reason_keep_label,"makanan, makan","aspect evidence: makanan, makan; mixed/weak sentiment: positive: bersih; negative: tidak, kotor",Traveloka,Hotel Santika Mega City Bekasi,1/1/2020,"makanan lumayan, kamar bersih, tapi spreinya keliatan tidak diganti ada kotor walopun sedikit.",,2
label_reason_mismatch,label_ada_tapi_alasan_kosong,Makanan,13266,negatif,,,negatif,add_missing_reason_keep_label,sarapan,aspect evidence: sarapan; mixed/weak sentiment: ,Traveloka,Hotel Santika Mega City Bekasi,8/2/2017,"sarapan pagi harus nambah bayar lagi padahal yang sarapan hanya 1 dewasa dan 4 anak dibawah usia 12 tahun, harapannya supaya sarapan anak gratis.",,2
label_reason_mismatch,label_ada_tapi_alasan_kosong,Makanan,13469,positif,,,positif,add_missing_reason_keep_label,"makanan, makan, enak","aspect evidence: makanan, makan, enak; sentiment evidence: ramah, enak",Traveloka,Hotel Santika Mega City Bekasi,3/1/2017,"pelayanan yang ramah, makanannya enak",,2
label_reason_mismatch,label_ada_tapi_alasan_kosong,Makanan,13487,positif,,,positif,add_missing_reason_keep_label,sarapan,"aspect evidence: sarapan; mixed/weak sentiment: positive: baik, ramah; negative: ga ",Traveloka,Hotel Santika Mega City Bekasi,2/22/2017,sarapan sangat baik dibandingkan dengan harga dan ramah dengan anak-anak di bawah 6,,2
label_reason_mismatch,label_ada_tapi_alasan_kosong,Makanan,13659,negatif,,,negatif,add_missing_reason_keep_label,"sarapan, variasi","aspect evidence: sarapan, variasi; sentiment evidence: ramah",Traveloka,Hotel Santika Tasikmalaya,12/31/2025,pelayanannya sangat ramah namun untuk variasi sarapan perlu ditambahkan lagi,,2
label_reason_mismatch,label_ada_tapi_alasan_kosong,Makanan,13728,positif,,,positif,add_missing_reason_keep_label,"makanan, makan, variasi","aspect evidence: makanan, makan, variasi; sentiment evidence: ramah",Traveloka,Hotel Santika Tasikmalaya,12/18/2024,"hotel terfavorit, makanan banyak variasi, staf ramah",,2
label_reason_mismatch,label_ada_tapi_alasan_kosong,Makanan,13803,negatif,,,negatif,add_missing_reason_keep_label,sarapan,aspect evidence: sarapan; mixed/weak sentiment: positive: bersih; negative: kurang,Traveloka,Hotel Santika Tasikmalaya,6/8/2022,"kamar kurang bersih, sarapan pagi menemukan rambut.",,2
label_reason_mismatch,label_ada_tapi_alasan_kosong,Makanan,14455,positif,,,positif,add_missing_reason_keep_label,sarapan,aspect evidence: sarapan; mixed/weak sentiment: positive: baik; negative: ga ,Traveloka,Hotel Santika Tasikmalaya,2/22/2017,baik dengan harga yang ditawarkan juga mendapatkan sarapan pagi yang diantar ke kamar.,,2
label_reason_mismatch,label_ada_tapi_alasan_kosong,Makanan,14465,negatif,,,negatif,add_missing_reason_keep_label,breakfast,"aspect evidence: breakfast; mixed/weak sentiment: positive: memuaskan; negative: tidak, ga , tidak sesuai",Traveloka,Hotel Santika Tasikmalaya,2/8/2017,overall memuaskan cuma ada sedikit kekecewaan saat booking dengan harga yang ditawarkan mendapat fasilitas breakfast sepertinya tidak sesuai.,,2
label_reason_mismatch,label_ada_tapi_alasan_kosong,Makanan,14530,negatif,,,negatif,add_missing_reason_keep_label,"makanan, makan, enak","aspect evidence: makanan, makan, enak; mixed/weak sentiment: positive: enak; negative: tidak, ga ",Traveloka,Hotel Santika Tasikmalaya,9/28/2016,"makanan tidak enak, harga terlalu tinggi.",,2
label_reason_mismatch,label_ada_tapi_alasan_kosong,Fasilitas,13059,positif,,,positif,add_missing_reason_keep_label,fasilitas,aspect evidence: fasilitas; sentiment evidence: baik,Traveloka,Hotel Santika Mega City Bekasi,1/3/2018,pelayanan dan fasilitasnya baik banget.,,2
label_reason_mismatch,label_ada_tapi_alasan_kosong,Fasilitas,13196,positif,,,positif,add_missing_reason_keep_label,fasilitas,aspect evidence: fasilitas; sentiment evidence: baik,Traveloka,Hotel Santika Mega City Bekasi,9/20/2017,fasilitas dan layanan yang baik,,2
label_reason_mismatch,label_ada_tapi_alasan_kosong,Fasilitas,13434,positif,,,positif,add_missing_reason_keep_label,fasilitas,aspect evidence: fasilitas; mixed/weak sentiment: positive: baik; negative: ga ,Traveloka,Hotel Santika Mega City Bekasi,3/22/2017,pelayanannya baik fasilitas hotelnya juga mantab,,2
label_reason_mismatch,label_ada_tapi_alasan_kosong,Fasilitas,13455,positif,,,positif,add_missing_reason_keep_label,fasilitas,"aspect evidence: fasilitas; sentiment evidence: bagus, baik",Traveloka,Hotel Santika Mega City Bekasi,3/15/2017,fasilitas bagus. pelayanan baik.,,2
label_reason_mismatch,label_ada_tapi_alasan_kosong,Fasilitas,13664,positif,,,positif,add_missing_reason_keep_label,fasilitas,aspect evidence: fasilitas; sentiment evidence: ramah,Traveloka,Hotel Santika Tasikmalaya,11/12/2025,semua fasilitas mantul pelayanan ramah,,2
label_reason_mismatch,label_ada_tapi_alasan_kosong,Fasilitas,13901,positif,,,positif,add_missing_reason_keep_label,fasilitas,"aspect evidence: fasilitas; sentiment evidence: lengkap, memuaskan",Traveloka,Hotel Santika Tasikmalaya,9/16/2020,fasilitas lengkap pelayanan memuaskan.,,2
label_reason_mismatch,label_ada_tapi_alasan_kosong,Fasilitas,14364,positif,,,positif,add_missing_reason_keep_label,fasilitas,aspect evidence: fasilitas; sentiment evidence: memuaskan,Traveloka,Hotel Santika Tasikmalaya,7/12/2017,pelayanan dan fasilitas cukup memuaskan,,2
priority_model_disagreement,model_high_confidence_disagreement,Kenyamanan,4172,netral,negatif,0.9673,negatif,possible_sentiment_label_review,kamar,"aspect evidence: kamar; sentiment evidence: bau, lama",Tiket,Hotel Santika Bandung,4/25/2023,burik kata anak saya. proses cek ini sangat lama. kamar mandi bau. lift membuat pusing.,,3
priority_model_disagreement,model_high_confidence_disagreement,Fasilitas,10297,negatif,netral,0.958,negatif,possible_sentiment_label_review,"kolam, kolam renang","aspect evidence: kolam, kolam renang; sentiment evidence: tidak, lama",Traveloka,Hotel Santika Depok,1/6/2021,"saya bepergian dengan anak-anak jadi saya mencari hotel. di area dengan kolam renang. hasil pencarian menunjukkan akomodasi ini memiliki kolam renang. itulah alasan saya memilihnya. ketika saya mulai check-in, resepsionis memberi tahu saya bahwa kolam ditutup selama pandemi. saya kesal dan anak-anak kecewa. staf dengan tegas mengatakan, ada pengumuman yang sesuai tentang penutupan kolam umum di aplikasi, yang saya anggap sebagai kebohongan sederhana dan saran yang berani bahwa saya tidak cukup berhati-hati dalam proses pemesanan saya, yang sama sekali tidak benar dan sangat mengganggu untuk didengar.",,3
priority_model_disagreement,model_high_confidence_disagreement,Makanan,6582,negatif,netral,0.9566,negatif,possible_sentiment_label_review,"makanan, makan","aspect evidence: makanan, makan; sentiment evidence: tidak, biasa saja",Traveloka,Hotel Santika Bandung,8/23/2017,"makanannya biasa saja, tidak seperti makanan hotel",,3
priority_model_disagreement,model_high_confidence_disagreement,Fasilitas,5498,positif,netral,0.9513,positif,possible_sentiment_label_review,parkir,"aspect evidence: parkir; sentiment evidence: ramah, nyaman, terang, aman",Tiket,Hotel Santika Cirebon,4/29/2025,area tempat duduk yang nyaman. staf yang ramah. area parkir yang terang.,,3
priority_model_disagreement,model_high_confidence_disagreement,Makanan,4182,positif,netral,0.9241,positif,possible_sentiment_label_review,"makanan, makan, lezat","aspect evidence: makanan, makan, lezat; sentiment evidence: lezat",Tiket,Hotel Santika Mega City Bekasi,4/4/2026,fasilitas kebugaran eksklusif. makanan penutup yang lezat.,,3
priority_model_disagreement,model_high_confidence_disagreement,Fasilitas,4486,netral,positif,0.9207,positif,possible_sentiment_label_review,"kolam, parkir","aspect evidence: kolam, parkir; sentiment evidence: nyaman, mudah, aman",Tiket,Hotel Santika Mega City Bekasi,7/8/2024,akses mudah ke tempat-tempat terkenal. parkir nyaman. suasana kolam tenang.,,3
priority_model_disagreement,model_high_confidence_disagreement,Fasilitas,1808,positif,negatif,0.9184,positif,possible_sentiment_label_review,"kolam, kolam renang","aspect evidence: kolam, kolam renang; sentiment evidence: bersih, mudah, aman",Agoda,Hotel Santika Cirebon,9/11/2024,"mudah untuk mendapatkan makanan, kolam renang harus lebih dibersihkan, taman harus lebih bersih.",,3
priority_model_disagreement,model_high_confidence_disagreement,Fasilitas,1783,positif,negatif,0.9147,positif,possible_sentiment_label_review,fasilitas,aspect evidence: fasilitas; sentiment evidence: bagus,Agoda,Hotel Santika Cirebon,3/31/2025,service bagus banget tapi fasilitas perlu peremajaan,,3
priority_model_disagreement,model_high_confidence_disagreement,Fasilitas,4235,positif,netral,0.8982,positif,possible_sentiment_label_review,"fasilitas, parkir","aspect evidence: fasilitas, parkir; sentiment evidence: baik, ramah, bersih, terang, terawat",Tiket,Hotel Santika Mega City Bekasi,12/4/2025,kamar bersih dan terawat dengan baik. parkir terang. fasilitas modern. staf ahli dan ramah.,,3
priority_model_disagreement,model_high_confidence_disagreement,Fasilitas,5805,netral,positif,0.8735,positif,possible_sentiment_label_review,parkir,"aspect evidence: parkir; sentiment evidence: baik, ramah, lezat, aman, dekat",Tiket,Hotel Santika Tasikmalaya,4/16/2026,kualitas layanan terbaik. hidangan yang disajikan lezat. suasana ramah. dekat dengan pusat hiburan. parkir aman.,,3
priority_model_disagreement,model_high_confidence_disagreement,Kebersihan,3979,netral,negatif,0.855,negatif,possible_sentiment_label_review,"handuk, sprei","aspect evidence: handuk, sprei; sentiment evidence: kurang, gak, lama",Tiket,Hotel Santika Bandung,2/21/2024,"hotel lama toilet sudah direnovasi, breakfast lumayan minusnya sprei dan handuk sudah agak lusuh, sangat kurang colokan listrik.",,3
priority_model_disagreement,model_high_confidence_disagreement,Harga,6797,netral,negatif,0.8512,negatif,possible_sentiment_label_review,"harga, sepadan","aspect evidence: harga, sepadan; sentiment evidence: tidak, kecil",Traveloka,Hotel Santika Bandung,1/11/2017,"gymnya terlalu kecil, kualitas makan malamnya tidak sepadan harga.",,3
priority_model_disagreement,model_high_confidence_disagreement,Makanan,4196,netral,positif,0.8471,netral,possible_sentiment_label_review,"makanan, makan","aspect evidence: makanan, makan; sentiment evidence: biasa",Tiket,Hotel Santika Mega City Bekasi,2/25/2026,layanan pengiriman makanan tersedia. terletak di kawasan industri. staf yang luar biasa dan cerdas.,,3
priority_model_disagreement,model_high_confidence_disagreement,Makanan,3634,netral,positif,0.8471,positif,possible_sentiment_label_review,"hidangan, lezat","aspect evidence: hidangan, lezat; sentiment evidence: lezat",Tiket,Hotel Santika Bandung,2/25/2025,kamar segar banget. hidangan tradisional lezat.,,3
priority_model_disagreement,model_high_confidence_disagreement,Kenyamanan,7120,netral,negatif,0.8468,positif,possible_sentiment_label_review,nyaman,"aspect evidence: nyaman; sentiment evidence: ramah, nyaman, aman",Traveloka,Hotel Santika Bandung,8/19/2015,"ramah, nyaman hanya terlalu bebas untuk smoking: (",,3
priority_model_disagreement,model_high_confidence_disagreement,Pelayanan,3549,netral,positif,0.8221,positif,possible_sentiment_label_review,layanan,aspect evidence: layanan; sentiment evidence: baik,Tiket,Hotel Santika Bandung,5/9/2026,santika yang sangat luar biasa selalu merupakan pilihan yang baik untuk menginap! layanan pramutamu yang informatif.,,3
priority_model_disagreement,model_high_confidence_disagreement,Harga,6821,netral,negatif,0.8201,negatif,possible_sentiment_label_review,harga,"aspect evidence: harga; sentiment evidence: kurang, ga ",Traveloka,Hotel Santika Bandung,12/21/2016,variasi makanan kurang dengan harga sekarang,,3
priority_model_disagreement,model_high_confidence_disagreement,Pelayanan,2024,netral,positif,0.8064,positif,possible_sentiment_label_review,staf,"aspect evidence: staf; sentiment evidence: bagus, enak",Agoda,Hotel Santika Cirebon,6/26/2012,staf frendly ketika kami tiba. lokasi bagus ke tempat kuliner terkenal. sarapan enak dengan sentuhan lokal.,,3
priority_model_disagreement,model_high_confidence_disagreement,Makanan,8270,positif,negatif,0.8063,positif,possible_sentiment_label_review,"makanan, makan, sarapan","aspect evidence: makanan, makan, sarapan; sentiment evidence: baik",Traveloka,Hotel Santika Bogor,4/4/2018,kamar baik layanan kamar miskin sarapan kualitas makanan baik,,3
priority_model_disagreement,model_high_confidence_disagreement,Pelayanan,14419,positif,netral,0.8012,positif,possible_sentiment_label_review,layanan,"aspect evidence: layanan; sentiment evidence: nyaman, aman",Traveloka,Hotel Santika Tasikmalaya,4/12/2017,"layanan keluar dan kenyamanan, keunggulan",,3
priority_model_disagreement,model_disagreement,Pelayanan,10297,negatif,netral,0.7937,negatif,possible_sentiment_label_review,"staf, resepsionis, check-in","aspect evidence: staf, resepsionis, check-in; sentiment evidence: tidak, lama",Traveloka,Hotel Santika Depok,1/6/2021,"saya bepergian dengan anak-anak jadi saya mencari hotel. di area dengan kolam renang. hasil pencarian menunjukkan akomodasi ini memiliki kolam renang. itulah alasan saya memilihnya. ketika saya mulai check-in, resepsionis memberi tahu saya bahwa kolam ditutup selama pandemi. saya kesal dan anak-anak kecewa. staf dengan tegas mengatakan, ada pengumuman yang sesuai tentang penutupan kolam umum di aplikasi, yang saya anggap sebagai kebohongan sederhana dan saran yang berani bahwa saya tidak cukup berhati-hati dalam proses pemesanan saya, yang sama sekali tidak benar dan sangat mengganggu untuk didengar.",,3
priority_model_disagreement,model_disagreement,Fasilitas,4172,netral,negatif,0.7749,negatif,possible_sentiment_label_review,"lift, kamar mandi","aspect evidence: lift, kamar mandi; sentiment evidence: bau, lama",Tiket,Hotel Santika Bandung,4/25/2023,burik kata anak saya. proses cek ini sangat lama. kamar mandi bau. lift membuat pusing.,,3
priority_model_disagreement,model_disagreement,Kebersihan,1808,positif,negatif,0.7584,positif,possible_sentiment_label_review,bersih,"aspect evidence: bersih; sentiment evidence: bersih, mudah, aman",Agoda,Hotel Santika Cirebon,9/11/2024,"mudah untuk mendapatkan makanan, kolam renang harus lebih dibersihkan, taman harus lebih bersih.",,3
priority_model_disagreement,model_disagreement,Kenyamanan,330,netral,positif,0.7526,positif,possible_sentiment_label_review,"kamar, luas, pemandangan","aspect evidence: kamar, luas, pemandangan; sentiment evidence: bagus, baik, bersih, luas",Agoda,Hotel Santika Bandung,12/13/2013,"ini mungkin salah satu hotel bernilai terbaik di bandung. terletak di pusat kota, kamar dan layanan bagus. kamar standar tapi bersih dan luas, dapatkan lantai tinggi untuk pemandangan lebih baik.",,3
priority_model_disagreement,model_disagreement,Pelayanan,1316,netral,positif,0.7522,positif,possible_sentiment_label_review,"pelayanan, layanan","aspect evidence: pelayanan, layanan; sentiment evidence: mantap, dekat",Agoda,Hotel Santika Bogor,4/22/2026,"dekat dengan mall, pelayanan oke, dan fasilitas mantap, keep it up",,3
priority_model_disagreement,model_disagreement,Fasilitas,3852,netral,negatif,0.7408,positif,possible_sentiment_label_review,"fasilitas, parkir","aspect evidence: fasilitas, parkir; sentiment evidence: baik, ramah, strategis, luas",Tiket,Hotel Santika Bandung,6/14/2019,yang saya sukai: - fasilitas nya baik - makanan nya baik - karyawan nya ramah2 - tempatnya strategis saran: - tempat parkiran mobilnya tolong di perluas lagi.,,3
priority_model_disagreement,model_disagreement,Harga,3692,positif,netral,0.7327,positif,possible_sentiment_label_review,biaya,"aspect evidence: biaya; sentiment evidence: nyaman, aman",Tiket,Hotel Santika Bandung,7/23/2024,hemat biaya. parkir sangat nyaman.,,3
priority_model_disagreement,model_disagreement,Makanan,5805,netral,positif,0.7295,positif,possible_sentiment_label_review,"hidangan, lezat","aspect evidence: hidangan, lezat; sentiment evidence: baik, ramah, lezat, aman, dekat",Tiket,Hotel Santika Tasikmalaya,4/16/2026,kualitas layanan terbaik. hidangan yang disajikan lezat. suasana ramah. dekat dengan pusat hiburan. parkir aman.,,3
priority_model_disagreement,model_disagreement,Makanan,14152,positif,netral,0.7167,netral,possible_sentiment_label_review,sarapan,aspect evidence: sarapan; sentiment evidence: cukup,Traveloka,Hotel Santika Tasikmalaya,10/3/2018,kamar superior cukup besar untuk hunian tunggal seperti milik saya. dan anda harus mencoba kue soes saat sarapan.,,3
priority_model_disagreement,model_disagreement,Fasilitas,8101,negatif,positif,0.7101,positif,possible_sentiment_label_review,"kolam, kolam renang","aspect evidence: kolam, kolam renang; sentiment evidence: bagus, baik",Traveloka,Hotel Santika Bogor,2/6/2019,hotel bagus. pelayanan baik. kolam renang cukup untuk anak-anak saja.,,3
priority_model_disagreement,model_high_confidence_disagreement,Kenyamanan,5467,negatif,netral,0.994,needs_review,sentiment_conflict_needs_expert,kamar,"aspect evidence: kamar; mixed/weak sentiment: positive: bagus, bersih; negative: lambat, kotor",Tiket,Hotel Santika Bogor,4/1/2018,"kami menginap di kamar 616. saluran pembuangan shower lambat meskipun kotoran/rambut sudah dibersihkan oleh staf hotel. lokasi hotel cukup bagus, memiliki akses langsung ke pusat perbelanjaan botany square. dan botanic. ",,4
priority_model_disagreement,model_high_confidence_disagreement,Kenyamanan,9320,negatif,netral,0.9922,needs_review,sentiment_conflict_needs_expert,"kamar, gelap","aspect evidence: kamar, gelap; mixed/weak sentiment: positive: bagus, bersih, enak; negative: tidak, gak, ga ",Traveloka,Hotel Santika Cirebon,8/29/2018,"kamarnya bagus tapi agak gelap terutama di malam hari. meskipun hotel ini adalah hotel tua, tetapi mereka melakukan yang bagus untuk kamar, sangat bagus dan bersih. handuk bersih dan segar. tapi sayangnya kamar mandi membuat kamar mandi agak basah di sisi yang kering (sisi lemari) dan juga drainase wastafel agak lambat sehingga saluran pembuangan tidak cepat. dan juga saya kecewa karena sarapan, terakhir kali saya mengunjungi hotel ini tahun lalu dan makan sarapan, saya punya pengalaman hebat, karena makanannya begitu enak, tapi ketika saya mengunjungi restoran untuk sarapan saya, berbagai makanannya tidak banyak, dan rasanya di bawah harapan saya, terlalu buruk. tapi ada shuttle ke stasiun cirebon, dan itu gratis.",,4
priority_model_disagreement,model_high_confidence_disagreement,Fasilitas,3258,positif,netral,0.9902,needs_review,sentiment_conflict_needs_expert,"kolam, kolam renang, kamar mandi","aspect evidence: kolam, kolam renang, kamar mandi; mixed/weak sentiment: positive: nyaman, bersih, puas; negative: tidak, ga ",Agoda,Hotel Santika Tasikmalaya,8/4/2013,"saya sangat puas dengan akomodasinya. kamar tidurnya juga nyaman. kamar mandinya juga bersih. kolam renangnya tidak besar, tapi memiliki pesona. udaranya cerah, dan bintang-bintang di langit malam yang dilihat dari kolam renang sangat mengesankan.",,4
priority_model_disagreement,model_high_confidence_disagreement,Kenyamanan,1200,netral,negatif,0.974,needs_review,sentiment_conflict_needs_expert,"kamar, pemandangan","aspect evidence: kamar, pemandangan; mixed/weak sentiment: positive: bagus, baik; negative: tidak, kotor, kecil",Agoda,Hotel Santika Bogor,1/9/2012,"santika bogor bagus, kamarnya terlalu polos, tidak ada lukisan, tvnya terlalu kecil, aku tidak mendapat pemandangan dari kamarku, menurutku itu kamar yang terisolasi. sarapannya baik, orangnya baik tapi terlalu ramai jadi ketika saya minta piring, mereka memberi saya piring kotor dengan saus di dasar piring. tempat parkir sangat ramai, tidak ada ruang untuk tamu karena ini adalah tempat yang sama untuk mal.",,4
priority_model_disagreement,model_high_confidence_disagreement,Kenyamanan,2080,netral,negatif,0.9675,needs_review,sentiment_conflict_needs_expert,"kamar, air conditioner, gelap, luas, dingin","aspect evidence: kamar, air conditioner, gelap, luas, dingin; mixed/weak sentiment: positive: baik, strategis, luas; negative: tidak, ga , bau",Agoda,Hotel Santika Cirebon,12/30/2022,"hotel tua yang menempati lahan luas dan lokasi yang strategis. seharusnya bisa mempertahankan ""keklasikan"" hotel santika yang sudah terkenal. sayangnya tidak bisa menjaga itu. sarapan alakadarnya, lokasi seputar kolam tidak terawat, air conditioner tidak dingin, kamar mandi bau, kunci hotel sudah jadul, balkoni depan jendela kotor banget, area deket lift d lobi gelap, terkesan kotor. semoga segera diperbaiki ya",,4
priority_model_disagreement,model_high_confidence_disagreement,Harga,1630,netral,negatif,0.9617,needs_review,sentiment_conflict_needs_expert,"harga, bayar","aspect evidence: harga, bayar; mixed/weak sentiment: positive: baik, enak, memuaskan; negative: kurang, tidak, ga ",Agoda,Hotel Santika Bogor,9/22/2012,"kurang mengesankan, untuk harga yang di bayarkan tidak sesuai, hal yang perlu di perbaiki 1. breakfast menu: dikit sekali, dan rasanya kurang enak. saya pernah menginap di santika lainnya tidak seperti ini 2. kamar sempit dan kurang luas 3. kunci kamar tidak bisa mendapatkan 2 4. tidak ada tempat bermain untuk anak-anak secara keseluruhan kurang memuaskan",,4
priority_model_disagreement,model_high_confidence_disagreement,Fasilitas,697,negatif,netral,0.9613,needs_review,sentiment_conflict_needs_expert,fasilitas,"aspect evidence: fasilitas; mixed/weak sentiment: positive: bagus, ramah; negative: tidak, gak, ga ",Agoda,Hotel Santika Bogor,1/10/2025,"lokasinya bagus karena bersebelahan dengan pusat perbelanjaan sehingga tidak perlu jauh-jauh. namun secara keseluruhan fasilitas terasa agak tua, mungkin karena hotelnya sudah tua. stafnya ramah, saya suka lokasinya, dan harganya. juga, ada pembangunan yang sedang berlangsung di sebelah, jadi saya tidur siang, tapi selain kebisingan, saya tidak punya keluhan.",,4
priority_model_disagreement,model_high_confidence_disagreement,Fasilitas,1635,netral,negatif,0.9545,needs_review,sentiment_conflict_needs_expert,"fasilitas, kamar mandi","aspect evidence: fasilitas, kamar mandi; mixed/weak sentiment: positive: nyaman, strategis, aman; negative: ga , minim",Agoda,Hotel Santika Bogor,8/26/2012,"terletak di lokasi yang strategis untuk perjalanan dari jakarta, dengan lokasi yang berdampingan dengan botani square menambah kenyamanan dalam liburan. tetapi, fasilitas amenities di kamar mandi sangat minim. cocok untuk tempat menginap keluarga yang melakukan perjalanan ke bogor hanya untuk sekedar jalan2.",,4
priority_model_disagreement,model_high_confidence_disagreement,Makanan,14094,netral,negatif,0.9476,needs_review,sentiment_conflict_needs_expert,"makanan, makan, enak","aspect evidence: makanan, makan, enak; mixed/weak sentiment: positive: baik, enak; negative: gak, horor, biasa saja",Traveloka,Hotel Santika Tasikmalaya,12/26/2018,pelayanan baik cuma kamar 202 agak bagaimana gitu horor. makanan enak cuma biasa-biasa saja.,,4
priority_model_disagreement,model_high_confidence_disagreement,Makanan,1630,netral,negatif,0.9472,needs_review,sentiment_conflict_needs_expert,"breakfast, menu, rasa, enak","aspect evidence: breakfast, menu, rasa, enak; mixed/weak sentiment: positive: baik, enak, memuaskan; negative: kurang, tidak, ga ",Agoda,Hotel Santika Bogor,9/22/2012,"kurang mengesankan, untuk harga yang di bayarkan tidak sesuai, hal yang perlu di perbaiki 1. breakfast menu: dikit sekali, dan rasanya kurang enak. saya pernah menginap di santika lainnya tidak seperti ini 2. kamar sempit dan kurang luas 3. kunci kamar tidak bisa mendapatkan 2 4. tidak ada tempat bermain untuk anak-anak secara keseluruhan kurang memuaskan",,4
priority_model_disagreement,model_high_confidence_disagreement,Fasilitas,1136,positif,negatif,0.9434,needs_review,sentiment_conflict_needs_expert,,no aspect keyword detected,Agoda,Hotel Santika Bogor,2/16/2013,"karena hujan selalu turun di sore hari, kami dapat, di waktu senggang, berbelanja atau makan malam tanpa basah kuyup atau harus mencari taksi dengan panik. sarapannya memuaskan. ruangan itu baik-baik saja hanya saja transmisi televisi sering terputus dan beberapa saluran meskipun ditunjukkan dalam daftar tidak ada",,4
priority_model_disagreement,model_high_confidence_disagreement,Makanan,1650,netral,positif,0.9414,needs_review,sentiment_conflict_needs_expert,"sarapan, menu, rasa, enak","aspect evidence: sarapan, menu, rasa, enak; mixed/weak sentiment: positive: enak; negative: tidak, lambat, sempit",Agoda,Hotel Santika Bogor,4/26/2012,"kami check ini terlambat, dateng jam setengah dua belas malam, tanpa basa-basi dan birokrasi yang panjang, kami langsung dapet kunci kamar. kami pilih kamar dengan bed twin walopun serasa sempit bahkan untuk 1 orang, interior kamar yang minimalis modern enak dipandang dan view gunung dan kota bogor. pagi hari kami sarapan, dengan menu yang beraneka macam dan enak2. sedikit kendala, kami tidak diberi tahu kalau mobil keluar masuk hotel, apakah kami bisa dapet voucher parkir, akhirnya keluar masuk hotel kami bayar parkir lagi selama dua hari, lumayan lah.",,4
priority_model_disagreement,model_high_confidence_disagreement,Fasilitas,6059,netral,negatif,0.9351,needs_review,sentiment_conflict_needs_expert,fasilitas,aspect evidence: fasilitas; mixed/weak sentiment: ,Traveloka,Hotel Santika Bandung,8/16/2023,perlu pembarauan lagi untuk fasilitas dan akomodasi hotelnya.,,4
priority_model_disagreement,model_high_confidence_disagreement,Fasilitas,8945,negatif,positif,0.9307,needs_review,sentiment_conflict_needs_expert,"fasilitas, kolam, kolam renang, kulkas, air","aspect evidence: fasilitas, kolam, kolam renang, kulkas, air; mixed/weak sentiment: positive: ramah, nyaman, bersih; negative: kurang, tidak, gak",Traveloka,Hotel Santika Cirebon,7/24/2024,"hotel nya di tengah kota memudahkan akses kalau mau kemana-mana, dan bener loh hotel ini menyediakan fasilitas cuci mobil tiap pagi, staf nya ramah walaupun bangun hotel tua, yang paling homy dan nyaman kolam renang nya rindang dan airnya anget tidak dingin, anak-anak suka berenang di sini yang nungguin juga nyaman duduk di pinggir kolam karena suasana kolam senyaman itu, mungkin yang kurang hanya kebersihan kulkas di dalem kamar ya walaupun kulkas tua tolong di bersihkan dan diperhatikan, kulkas nya agak kurang dingin dan pas dibuka ada hawa kulkas nya yang kurang nyaman, selain itu hotel santika ini bisa jadi pilihan untuk staycation.",,4
priority_model_disagreement,model_high_confidence_disagreement,Fasilitas,1834,positif,netral,0.9304,needs_review,sentiment_conflict_needs_expert,fasilitas,"aspect evidence: fasilitas; mixed/weak sentiment: positive: ramah, bersih, enak; negative: tidak, gak, ga ",Agoda,Hotel Santika Cirebon,2/7/2024,"menginap semalam, kamarnya sangat bersih, stafnya cepat tanggap dan sangat ramah. fasilitasnya lengkap dan anda juga bisa meminta fasilitas lain seperti pengering rambut dan staf akan mengirimkannya ke kamar anda. sarapannya enak tapi tidak ada yang luar biasa tentang sarapan. tampilan hotelnya mungkin agak tua tapi secara keseluruhan sepadan dengan harganya.",,4
priority_model_disagreement,model_high_confidence_disagreement,Fasilitas,1115,netral,positif,0.9286,needs_review,sentiment_conflict_needs_expert,,no aspect keyword detected,Agoda,Hotel Santika Bogor,10/10/2013,"saya pernah menginap di grup hotel santika di indonesia, seperti malang dan balikpapang. sama seperti hotel lainnya, staf santika bogor terlatih dan ramah. kamarnya sederhana tapi baik untuk menginap. wi-fi berkecepatan tinggi dan cukup stabil. hotel terletak tepat di sebelah pusat perbelanjaan anda bisa mendapatkan semuanya di sana.",,4
priority_model_disagreement,model_high_confidence_disagreement,Makanan,3926,positif,netral,0.9262,needs_review,sentiment_conflict_needs_expert,"sarapan, enak","aspect evidence: sarapan, enak; mixed/weak sentiment: positive: bagus, ramah, strategis; negative: kurang, biasa saja",Tiket,Hotel Santika Bandung,2/3/2026,all bagus dan lokasi sangat strategis. cuma air conditioner nya kurang dingin. sarapan biasa saja. tapi enak. dan staf nya sangat ramah semua.,,4
priority_model_disagreement,model_high_confidence_disagreement,Harga,2022,netral,positif,0.9236,needs_review,sentiment_conflict_needs_expert,harga,"aspect evidence: harga; mixed/weak sentiment: positive: bagus, baik, ramah; negative: tidak, ga , kecil",Agoda,Hotel Santika Cirebon,7/8/2012,"cirebon adalah kota kecil. tidak banyak hotel bagus untuk dipilih. yang terbaik adalah hotel ini. saya sudah menginap 1 malam di hotel tersebut. staf hotel sangat ramah. lokasinya bagus. harga masuk akal. jika ke cirebon, saya mungkin akan memilih hotel ini lagi.",,4
priority_model_disagreement,model_high_confidence_disagreement,Fasilitas,2860,netral,negatif,0.9211,needs_review,sentiment_conflict_needs_expert,"fasilitas, shower, kamar mandi, air","aspect evidence: fasilitas, shower, kamar mandi, air; mixed/weak sentiment: positive: nyaman, bersih, lengkap; negative: tidak, ga , lambat",Agoda,Hotel Santika Depok,3/22/2017,"lokasi di mall dengan banyak pilihan restoran bahkan departemen store. air minum yang disediakan lebih banyak dari standar hotel lain, yaitu 4 botol dengan ukuran sedang. kenyamanan tidur sangat memuaskan dengan bed yang sangat nyaman dan 2 bantal yang nyaman di masing masing bed (twin). kondisi kamar sangat bersih dan fasilitas kamar mandi juga lengkap. yang cukup mengganggu adalah suhu air shower yang sangat tidak stabil, panas dingin bergantian. namun yang paling mengecewakan untuk kami adalah fasilitas wi-fi yang amat sangat lambat, bahkan tidak bisa kami gunakan sama sekali.",,4
priority_model_disagreement,model_high_confidence_disagreement,Makanan,1834,positif,netral,0.9211,needs_review,sentiment_conflict_needs_expert,"sarapan, enak","aspect evidence: sarapan, enak; mixed/weak sentiment: positive: ramah, bersih, enak; negative: tidak, gak, ga ",Agoda,Hotel Santika Cirebon,2/7/2024,"menginap semalam, kamarnya sangat bersih, stafnya cepat tanggap dan sangat ramah. fasilitasnya lengkap dan anda juga bisa meminta fasilitas lain seperti pengering rambut dan staf akan mengirimkannya ke kamar anda. sarapannya enak tapi tidak ada yang luar biasa tentang sarapan. tampilan hotelnya mungkin agak tua tapi secara keseluruhan sepadan dengan harganya.",,4
priority_model_disagreement,model_high_confidence_disagreement,Kebersihan,105,netral,negatif,0.9174,needs_review,sentiment_conflict_needs_expert,"bersih, kebersihan, noda","aspect evidence: bersih, kebersihan, noda; mixed/weak sentiment: positive: baik, ramah, bersih; negative: tidak, tua",Agoda,Hotel Santika Bandung,8/19/2024,"hotel yang termasuk sudah legendaris ini terletak di pusat kota, mall hanya tinggal melangkah kesebrang, staf yang ramah, kebersihan cukup baik, hanya sedikit yang perlu diperhatikan yaitu mengganti seprai tidur yang nampak sudah tua dan ada noda yang tidak dapat dibersihkan.",,4
priority_model_disagreement,model_high_confidence_disagreement,Fasilitas,5076,netral,negatif,0.9111,needs_review,sentiment_conflict_needs_expert,"shower, water heater, ac","aspect evidence: shower, water heater, ac; mixed/weak sentiment: positive: bagus, pas; negative: tidak, panas",Tiket,Hotel Santika Mega City Bekasi,12/12/2021,"bagus place for stay, sayangnya pas stay ada acara nikahan jadi lumayan ganggu sampai ke kamar. lt 10 water heater tidak panas + shower cuma nyata sebagian",,4
priority_model_disagreement,model_high_confidence_disagreement,Makanan,7023,negatif,netral,0.9062,needs_review,sentiment_conflict_needs_expert,breakfast,"aspect evidence: breakfast; mixed/weak sentiment: positive: bagus, terawat; negative: tidak, gak, lama",Traveloka,Hotel Santika Bandung,1/20/2016,"lokasi bagus walaupun hotel lama tapi terawat, hanya saja hairdryer tidak built in di kamar mandi, refill breakfast agak lama padahal tidak musim liburan. selain itu pelayanan hotel bagus, harus siap di renov untuk bersaing dengan hotel sekitar karena secara lokasi sudah menjanjikan",,4
priority_model_disagreement,model_high_confidence_disagreement,Pelayanan,12637,negatif,positif,0.8976,needs_review,sentiment_conflict_needs_expert,ramah,"aspect evidence: ramah; mixed/weak sentiment: positive: baik, ramah, enak; negative: tidak, gak, ga ",Traveloka,Hotel Santika Mega City Bekasi,1/2/2019,"saya pesan superior king, karena sesuatu hal di free upgrade ke deluxe king. kamar tidak ada kulkas, lemari, bath tub. baru dapat fasilitas tsb sprtinya di kelas premier. wi-fi tidak bisa digunakan. kartu akses hnya bisa diberikan 1 dan ini menyulitkan, terutama karena berpergian bersama anak2. agak sulit menghubungi fo, beberapa kali telpon tidak diangkat. banyak hal yang tidak sesuai dengan buku hotel information. balkon yang jdi nilai tambah kamar deluxe, ternyata dikunci, dan kunci tidak bisa ditinggal di kamar. yang jadi nilai tambah adalah karyawannya ramah, akses yang mudah ke mall mega city, dan menu breakfastnya benar2 kualitas santika: enak dan amat bervariasi. kamarnya juga luas, semua fasilitas lain sprti ac- tv- bathroom shower-electric pot, berfungsi baik. ada kolam renang dan gym.",,4
priority_model_disagreement,model_high_confidence_disagreement,Makanan,12378,positif,negatif,0.8901,needs_review,sentiment_conflict_needs_expert,breakfast,"aspect evidence: breakfast; mixed/weak sentiment: positive: baik, nyaman, aman; negative: tidak, ga ",Traveloka,Hotel Santika Mega City Bekasi,9/4/2019,breakfastnya tidak pernah ngecewain. fasilitas juga baik. tapi sayang kamarnya lebih nyaman yang non smoking. kamar yang smoking room tidak nyaman.,,4
priority_model_disagreement,model_high_confidence_disagreement,Pelayanan,503,netral,positif,0.889,needs_review,sentiment_conflict_needs_expert,"pelayanan, layanan, ramah","aspect evidence: pelayanan, layanan, ramah; mixed/weak sentiment: positive: baik, ramah, bersih; negative: panas",Agoda,Hotel Santika Bandung,2/1/2023,"hotel lokasi strategis, pelayanan cukup ramah, namun ada beberapa yang menjadi catatan perbaikan: 1. kondisi air conditioner panas 2. kebersihan perlu ditingkatkan",,4
priority_model_disagreement,model_high_confidence_disagreement,Fasilitas,7794,negatif,netral,0.8885,needs_review,sentiment_conflict_needs_expert,"fasilitas, parkir, ac","aspect evidence: fasilitas, parkir, ac; mixed/weak sentiment: positive: aman, dekat; negative: tidak, gak, lama",Traveloka,Hotel Santika Bogor,5/5/2021,"awalnya agak gambling pilih hotel ini karena baca-baca review orang-orang yang kecewa dengan pelayanannya, namun alhamdulillah kemarin saya menginap di sini pilih kamar deluxe queen sesuai ekspektasi, dapat queen bed, non smoking, tidak ada masalah dengan fasilitas hotel, hanya saja mencari parkiran mobil agak tricky, saya sampai 2x keluar masuk mall botani square, akhirnya pilih parkir di halaman depan botani square, karena lebih dekat ke lobby hotel",,4
priority_model_disagreement,model_high_confidence_disagreement,Pelayanan,10630,positif,netral,0.8802,needs_review,sentiment_conflict_needs_expert,"pelayanan, layanan","aspect evidence: pelayanan, layanan; mixed/weak sentiment: positive: nyaman, top, aman; negative: tidak, ga , tua",Traveloka,Hotel Santika Depok,11/21/2018,"sebulan sekali saya pasti menginap di hotel santika depok. saya memilih hotel ini selain karena kenyamanannya juga karena praktis. hotel santika depok terhubung langsung dengan di mal. situasi kota depok yang macet setiap kali weekend membuat saya harus mencari semua yang serba praktis, agar waktu tidak habis dijalan. kalau untuk pelayanan dan fasilitas sih tidak usah ditanya, santika hotel top deh",,4
priority_model_disagreement,model_high_confidence_disagreement,Pelayanan,12832,positif,negatif,0.8774,needs_review,sentiment_conflict_needs_expert,"pelayanan, layanan, check-out","aspect evidence: pelayanan, layanan, check-out; mixed/weak sentiment: positive: bagus, bersih; negative: tidak, gelap, kecil",Traveloka,Hotel Santika Mega City Bekasi,8/29/2018,"kamarnya kecil, makanannya biasa saja, nasggor tidak ada rasanya, restaurant jam 9 sudah tutup, saran saja sih karena mal sudah mulai tutup jam segitu, restaurant tutupnya jam 24. 00 saja, kasihan yang tiba-tiba laper tengah malam, keluar hotel pun susah. karena jadi 1 sama mal, jalan ke parkiran jauh, ngelewatin toko-toko yang sudah tutup plus gelap, seharusnya ada lift khusus sih. terus parkiran tidak dipakai sampai check-out, setiap kalau mau keluar harus minta stempel, kalau tidak distempel bayar layaknya lagi ke mal. ac-nya bocor hari pertama, kencang banget. ampun deh hehhe tapi pelayanannya bagus, tidak bising, bersih juga.",,4
priority_model_disagreement,model_high_confidence_disagreement,Kenyamanan,12415,netral,negatif,0.8742,needs_review,sentiment_conflict_needs_expert,"kamar, air conditioner, dingin, view","aspect evidence: kamar, air conditioner, dingin, view; mixed/weak sentiment: positive: ramah, enak, lengkap; negative: kurang, ga , komplain",Traveloka,Hotel Santika Mega City Bekasi,7/10/2019,"hari pertama di hotel ini kesannya cukup enak. kebetulan karena type kamar yang kami pesan habis, kamar kami diupdgrade ke type deluxe. pertama kali masuk kamar memang berasa air conditioner kurang dingin (sesuai ulasan review dari orang-orang). karena sudah cukup malam kami malas komplain dan biarkan saja, syukurlah tambah malam tambah dingin, letak hotel di pusat kota, dekat dengan stasiun, lobby-nya di lantai 5 mega mal giant, pelayanan ramah, security ramah, makanan cukup lah variannya. butuh kebutuhan apa apa tinggal turun ada giant, atm dan lain-lain lengkap. dan akhirnya kita memutuskan extend lagi.",,4
priority_model_disagreement,model_high_confidence_disagreement,Makanan,2038,netral,positif,0.8734,needs_review,sentiment_conflict_needs_expert,"makanan, makan, sarapan, rasa, restoran, hidangan, lezat","aspect evidence: makanan, makan, sarapan, rasa, restoran, hidangan, lezat; mixed/weak sentiment: positive: bagus, ramah, lezat; negative: tidak, ga , kecil",Agoda,Hotel Santika Cirebon,1/4/2012,"hotel santika cukup kecil, namun tamannya indah. kolam renangnya besar dan rasanya seperti surga tropis. restoran ini menawarkan hidangan dalam jumlah terbatas, tetapi sangat lezat dan harganya masuk akal. sarapan sebagian besar adalah makanan indonesia. sebagai orang asing, kami tidak senang dengan pilihan terbatas di luar harga lokal, tetapi pilihan buahnya sangat bagus. seperti kebanyakan tempat di indonesia, stafnya ramah, ramah dan hangat. mereka sangat ingin membantu dan menyenangkan dan itu membuat kunjungan kami menyenangkan meskipun faktanya ciberon adalah kota kecil tanpa banyak atraksi. tidak ada restoran bagus atau tempat menarik untuk dikunjungi. kami masih mencoba mencari tahu bagaimana kami dibujuk untuk pergi ke sana! tapi kami menemukan bahwa kota ini memiliki batik yang luar biasa dan itu membuat perjalanan kami berharga. salah satu kelemahan utama mengunjungi kota kecil di indonesia adalah hampir tidak ada orang yang mengerti/berbicara bahasa inggris. meskipun kami memiliki buku ungkapan kecil, sulit untuk menggunakannya. namun, di hotel, semua staf berbicara bahasa inggris cukup untuk membuat kunjungan ini menyenangkan. saya akan merekomendasikan tempat ini hanya jika anda harus pergi ke cirebon dan hanya jika anda mencari beberapa hari untuk beristirahat.",,4
priority_model_disagreement,model_high_confidence_disagreement,Makanan,12911,netral,positif,0.872,needs_review,sentiment_conflict_needs_expert,"makanan, makan, sarapan","aspect evidence: makanan, makan, sarapan; mixed/weak sentiment: ",Traveloka,Hotel Santika Mega City Bekasi,6/20/2018,pilihan makanan untuk sarapan,,4
priority_model_disagreement,model_high_confidence_disagreement,Pelayanan,5467,negatif,positif,0.8698,needs_review,sentiment_conflict_needs_expert,staf,"aspect evidence: staf; mixed/weak sentiment: positive: bagus, bersih; negative: lambat, kotor",Tiket,Hotel Santika Bogor,4/1/2018,"kami menginap di kamar 616. saluran pembuangan shower lambat meskipun kotoran/rambut sudah dibersihkan oleh staf hotel. lokasi hotel cukup bagus, memiliki akses langsung ke pusat perbelanjaan botany square. dan botanic. ",,4
priority_model_disagreement,model_high_confidence_disagreement,Fasilitas,5319,netral,positif,0.8692,needs_review,sentiment_conflict_needs_expert,parkir,"aspect evidence: parkir; mixed/weak sentiment: positive: baik, aman; negative: ga ",Tiket,Hotel Santika Bogor,4/25/2024,kamar terjaga dengan baik. keamanan terjamin. parkir bebas hambatan.,,4
priority_model_disagreement,model_high_confidence_disagreement,Kenyamanan,5488,netral,negatif,0.869,needs_review,sentiment_conflict_needs_expert,"nyaman, kamar, air conditioner, tidur, berisik, dingin","aspect evidence: nyaman, kamar, air conditioner, tidur, berisik, dingin; mixed/weak sentiment: positive: baik, nyaman, aman; negative: kurang, tidak, ga ",Tiket,Hotel Santika Cirebon,11/20/2025,"baik untuk frontliner, service dari team di resto, kamar lega dingin amenities baik, hotel aga tua tapi tetep nyaman overall hanya dari interior design ada mark atau kerusakan sedikit2 saja tapi tidak mempengaruhi kenyamanan. cuma yang sangat kurang adalah saya menginap di kamar 305, kenyamanan saat tidur sangat kurang karena di kamar berisik sekali bunyi mesin gitu entah dari air conditioner atau apa didalam kamar dan membuat tidur tidak nyenyak dan itu terjadi di malam hari. sudah disampaikan ke frontliner tapi tidak ada tanggapan lebih lanjut hanya memastikan ""tapi dingin kan bu"". yaudah itu aja. ",,4
priority_model_disagreement,model_high_confidence_disagreement,Fasilitas,2366,netral,positif,0.869,needs_review,sentiment_conflict_needs_expert,"kolam, kolam renang","aspect evidence: kolam, kolam renang; mixed/weak sentiment: positive: nyaman, bersih, aman; negative: ga ",Agoda,Hotel Santika Cirebon,3/16/2012,hotel nya bersih dan nyaman serta kolam renang besar dan bersih dan kamar nya besar dan harga nya terjangkau,,4
priority_model_disagreement,model_high_confidence_disagreement,Fasilitas,4180,positif,negatif,0.8683,needs_review,sentiment_conflict_needs_expert,,no aspect keyword detected,Tiket,Hotel Santika Mega City Bekasi,4/8/2026,"sayang banget budget hotel 500rb tapi bukan smart televisi but overall baik, makanan juga enak bingit. thankyou santika",,4
priority_model_disagreement,model_high_confidence_disagreement,Fasilitas,668,netral,negatif,0.867,needs_review,sentiment_conflict_needs_expert,"air, ac","aspect evidence: air, ac; mixed/weak sentiment: positive: nyaman, strategis, luas; negative: kurang, tidak, ga ",Agoda,Hotel Santika Bandung,5/26/2012,"lokasi hotel yang strategis, dilalui taksi dan angkutan kota berbagai jurusan dan dikelilingi mal, pertokoan dan ""factory outlets"" serta dekat dengan berbagai sekolah dan perguruan tinggi. meskipun ukuran hotel tidak luas tapi cukup nyaman. kekurangannya yaitu lobby kecil sehingga tempat duduk sedikit. juga tidak tersedia ""hair dryer"" di kamar meskipun sebelumnya saya baca di internet bahwa di kamar tersedia hair dryer. yang membuat saya lebih senang adalah saat itu kamar saya di-upgrade ke tipe yang lebih tinggi meskipun tidak diminta.",,4
priority_model_disagreement,model_high_confidence_disagreement,Kebersihan,836,netral,negatif,0.8657,needs_review,sentiment_conflict_needs_expert,"bersih, kotor","aspect evidence: bersih, kotor; mixed/weak sentiment: positive: bagus, baik, ramah; negative: tidak, ga , kotor",Agoda,Hotel Santika Bogor,8/11/2024,"lokasi bagus, dalam hal layanan staf, ini bagus dari tim fo dan dilakukan dengan baik. tapi untuk f b service pelayanannya buruk apalagi saat sarapan pagi ini tidak tersenyum dan terkesan tidak ramah. beberapa staf layanan f b tidak mengetahui beberapa item sarapan kosong dan hanya melihat sekeliling sampai saya membawakan item tersebut kepada mereka yang kosong. tidak sadar kalau meja diluar ruangan sangat kotor, hingga mengingatkan mereka untuk membersihkan meja dan menjadikannya bersih dan rapi. ayolah, anda orang yang suka menerima tamu tapi kenapa anda semua hanya melihat sekeliling dan tidak sadar dengan meja kerja anda. mohon manajemen hotel santika meninjau tim layanan f b dan menjadikannya layanan yang tulus. mungkin dalam waktu dekat pelayanan yang lebih baik terutama pada waktu sarapan.",,4
priority_model_disagreement,model_high_confidence_disagreement,Harga,1911,netral,negatif,0.8628,needs_review,sentiment_conflict_needs_expert,harga,"aspect evidence: harga; mixed/weak sentiment: positive: baik; negative: kurang, ga ",Agoda,Hotel Santika Cirebon,7/31/2018,"meninap dadakan dapat harga kurang lebih 800rb per malam, breakfast baik lokasi juga di tengah kota",,4
priority_model_disagreement,model_high_confidence_disagreement,Lokasi,1713,netral,positif,0.8605,needs_review,sentiment_conflict_needs_expert,"lokasi, dekat, pusat perbelanjaan","aspect evidence: lokasi, dekat, pusat perbelanjaan; mixed/weak sentiment: positive: bagus, baik, ramah; negative: tua",Agoda,Hotel Santika Cirebon,7/2/2024,"ini adalah hotel yang cukup tua tapi terawat dengan baik. kamarnya bersih dan luas, stafnya sangat baik dan ramah. sarapannya bisa lebih baik, perlu ditingkatkan. lokasi sangat bagus, ada pusat perbelanjaan dan restoran di dekatnya.",,4
priority_model_disagreement,model_high_confidence_disagreement,Fasilitas,6818,netral,negatif,0.8605,needs_review,sentiment_conflict_needs_expert,lift,"aspect evidence: lift; mixed/weak sentiment: positive: nyaman, aman; negative: kurang",Traveloka,Hotel Santika Bandung,12/28/2016,kamar dan lift yang mulai termakan zaman. kurang nyaman,,4
priority_model_disagreement,model_high_confidence_disagreement,Pelayanan,3113,negatif,netral,0.8594,needs_review,sentiment_conflict_needs_expert,"pelayanan, layanan, staf, ramah, check-in","aspect evidence: pelayanan, layanan, staf, ramah, check-in; mixed/weak sentiment: positive: baik, ramah, aman; negative: kurang, tidak, ga ",Agoda,Hotel Santika Tasikmalaya,12/10/2015,"pertama kali anda menginjakkan kaki di hotel ini, kesan pertama anda pastilah hotel yang indah dengan staf ramah yang menyambut saat anda menginjakkan kaki di lobi. tapi saya punya pengalaman yang tidak menyenangkan di awal bulan desember ini ketika saya tinggal di sana bersama keluarga saya. kami meminta 2 kamar dan tempat tidur tambahan untuk setiap kamar. suami saya menelepon hotel dari jakarta dan dengan ramah meminta staf untuk segera memasang tempat tidur tambahan untuk setiap kamar (staf hotel sudah menyebutkan nomor kamar kami). dalam perjalanan ke hotel, suami saya menelepon lagi untuk memastikan bahwa kamar masih tersedia dan juga mengingatkan staf untuk memasang tempat tidur tambahan karena kami sangat terlambat check-in. staf hotel menjawab bahwa mereka akan melakukannya. namun kurang lebih 4 jam kemudian karena kelelahan akibat perjalanan dari jakarta, kami sampai di hotel, dan kami terus menunggu lebih dari setengah jam karena mereka belum memasang extra bed. kami sangat kecewa dengan kejadian ini. kami berharap wisatawan lain tidak mengalami hal yang sama, dan kami berharap santika hotel dapat meningkatkan kualitas pelayanannya karena kami mendengar bahwa ini adalah hotel dengan rating terbaik di tasikmalaya.",,4
priority_model_disagreement,model_high_confidence_disagreement,Fasilitas,6158,positif,netral,0.8589,needs_review,sentiment_conflict_needs_expert,fasilitas,aspect evidence: fasilitas; mixed/weak sentiment: positive: mudah; negative: biasa saja,Traveloka,Hotel Santika Bandung,10/27/2021,"proses cek in mudah, fasilitas biasa saja.",,4
priority_model_disagreement,model_high_confidence_disagreement,Kenyamanan,11517,positif,netral,0.8558,needs_review,sentiment_conflict_needs_expert,"nyaman, kamar, room, view","aspect evidence: nyaman, kamar, room, view; mixed/weak sentiment: positive: ramah, nyaman, bersih; negative: tidak, ga , kecil",Traveloka,Hotel Santika Depok,1/6/2016,"saya menginap di kamar superior king bed. kamar mandi tidak ada tirainya. padahal kami menginap 1 hari sbelumnya ada tirai pembatas shower di kamar superior dengan twin bed. posisi loby dilantai 3 dengan akses masuk lift dari bagian belakang d'mall. view nya sangat indah karena posisi kamar hotel di lantai paling atas (26-28). staf ramah, ruangan no smoking terjaga, breakfast cukup enak, hanya saja tidak ada staf yang menjaga dibagian pool nya (lantai5). poll cenderung kecil tapi cukup nyaman dengan toilet bersih dan cenderung sepi. penawaran upgrade room on the spot sebesar 100rb untuk deluxe room. so far cukup nyaman menginap di santika depok.",,4
priority_model_disagreement,model_high_confidence_disagreement,Pelayanan,1834,netral,positif,0.8511,needs_review,sentiment_conflict_needs_expert,"staf, ramah","aspect evidence: staf, ramah; mixed/weak sentiment: positive: ramah, bersih, enak; negative: tidak, gak, ga ",Agoda,Hotel Santika Cirebon,2/7/2024,"menginap semalam, kamarnya sangat bersih, stafnya cepat tanggap dan sangat ramah. fasilitasnya lengkap dan anda juga bisa meminta fasilitas lain seperti pengering rambut dan staf akan mengirimkannya ke kamar anda. sarapannya enak tapi tidak ada yang luar biasa tentang sarapan. tampilan hotelnya mungkin agak tua tapi secara keseluruhan sepadan dengan harganya.",,4
priority_model_disagreement,model_high_confidence_disagreement,Makanan,1491,netral,positif,0.8451,needs_review,sentiment_conflict_needs_expert,"sarapan, rasa, enak","aspect evidence: sarapan, rasa, enak; mixed/weak sentiment: positive: bagus, baik, ramah; negative: kurang, ga , biasa saja",Agoda,Hotel Santika Bogor,9/2/2019,"pertama sampai di hotel memiliki kesan yang luar biasa, lokasi yang baik dekat dengan mal kebersihan cukup baik. untuk fasilitas kolam renang juga bagus. santika sangat terkenal dengan beragaman sarapanya yang pasti enak. untuk staf saya merasa kurang ramah. bagian fo, tempat sarapan, kolam renang, mungkin karena libur lebaran ramai tamu mereka kelelahan sehingga ya biasa saja, tapi untuk satpamnya sangat baik dan ramah.",,4
priority_model_disagreement,model_high_confidence_disagreement,Pelayanan,1064,positif,negatif,0.8446,needs_review,sentiment_conflict_needs_expert,layanan,"aspect evidence: layanan; mixed/weak sentiment: positive: baik, pas; negative: tidak",Agoda,Hotel Santika Bogor,11/5/2014,satu malam menginap layanan grup tidak baik! harus menyelesaikannya sebelum kedatangan kamar jika belum siap. kapasitas liftnya tidak baik,,4
priority_model_disagreement,model_high_confidence_disagreement,Fasilitas,4782,netral,negatif,0.8439,needs_review,sentiment_conflict_needs_expert,,no aspect keyword detected,Tiket,Hotel Santika Mega City Bekasi,1/13/2019,"pengalaman yang memuaskan, kamar agak sempit sii hehehe, cuma bersih banget dan untuk saluran televisi nya banyak semutnya, tapi hampir semua baik sii, dari pelayanan receptions nya yang ramah tamah. okonya bagus",,4
priority_model_disagreement,model_high_confidence_disagreement,Makanan,7823,negatif,positif,0.8424,needs_review,sentiment_conflict_needs_expert,"makanan, makan, breakfast, menu, enak","aspect evidence: makanan, makan, breakfast, menu, enak; mixed/weak sentiment: positive: baik, ramah, enak; negative: kurang, tidak, gak",Traveloka,Hotel Santika Bogor,12/30/2020,"review dikit menginap disana. pegawai ramah semua. check-in dan check-out cepat. kamar sama kaya di gambar. minta request jendela dengan view dikasih. complimentary kamar free. air conditioner dingin. water heater dan exhaush fan baik. malam hari saya minta tolong pihak dapur untuk hangat makanan dilayani dengan baik dan cepat, sedikit saran, tempat sampah dikamar dan dikamar mandi kalau bisa bukanya yang di tekan pake kaki, gang yang tutupnya bisa di copot gt soalnya jadi dimaenin anak yang belum paham kalau itu tempat sampah. terus untuk kamar mandinya tidak ada sabun cair untuk cuci tangan, dikasihnya malah yang batang. agak repot ya. ini hotelnya tempel banget sama botani, karena covid, bayi gabisa masuk sana. tapi nyari makan banyak, bisa gojek dan enak-enak ko. parkiran juga gabung sama mal. buat yang menginap disana jangan lupa tiket parkirnya distempel sama pihak hotel biar free. untuk breakfast kurang variatif menunya, apalagi untuk rotinya, dikit banget. tidak ada roti tawar dan selai. overall baik ko. 8/10. terima kasih ya.",,4
priority_model_disagreement,model_high_confidence_disagreement,Makanan,2327,netral,positif,0.84,needs_review,sentiment_conflict_needs_expert,"makanan, makan, breakfast, menu","aspect evidence: makanan, makan, breakfast, menu; mixed/weak sentiment: positive: ramah, bersih, dekat; negative: ga ",Agoda,Hotel Santika Cirebon,2/14/2013,"staf melayani dengan ramah, kamar langsung tersedia tanpa harus menunggu, kondisi kamar bersih, kolam renang untuk anak-anak juga memadai. breakfast disediakan makanan khas cirebon. lokasi dekat dengan wisata kuliner empal gentong mang dharma.",,4
priority_model_disagreement,model_high_confidence_disagreement,Makanan,7245,netral,negatif,0.8341,needs_review,sentiment_conflict_needs_expert,sarapan,"aspect evidence: sarapan; mixed/weak sentiment: positive: ramah, nyaman, strategis; negative: tidak, lama",Traveloka,Hotel Santika Bandung,12/17/2014,"hotel dengan lokasi strategis, model bangunan dan kamar bentuk lama namun tetap nyaman, pelayanan cepat dan ramah, sarapan lumayan, namun tidak se-variatif hotel santika di kota lain.",,4
priority_model_disagreement,model_high_confidence_disagreement,Makanan,5677,netral,negatif,0.8341,needs_review,sentiment_conflict_needs_expert,"makanan, makan, variasi","aspect evidence: makanan, makan, variasi; mixed/weak sentiment: ",Tiket,Hotel Santika Cirebon,3/17/2021,variasi makanan perlu ditingkatkan,,4
priority_model_disagreement,model_high_confidence_disagreement,Makanan,7092,netral,positif,0.834,needs_review,sentiment_conflict_needs_expert,breakfast,aspect evidence: breakfast; mixed/weak sentiment: positive: strategis; negative: tidak,Traveloka,Hotel Santika Bandung,10/21/2015,"lokasi strategis, 20 thn yang lalu saat bertugas saya menginap di sini. dan saat ini tidak byak perubahan di interior dan exterior hotel, breakfast lumayan walau tidak istimewa",,4
priority_model_disagreement,model_high_confidence_disagreement,Fasilitas,1385,netral,negatif,0.8325,needs_review,sentiment_conflict_needs_expert,parkir,"aspect evidence: parkir; mixed/weak sentiment: positive: baik, nyaman, bersih; negative: kurang",Agoda,Hotel Santika Bogor,4/12/2024,"hotel bersih dan nyaman, overall baik banget, hanya parkir kendaraan yang kurang baik karena kalau keluar cari2 petugasnya dulu",,4
priority_model_disagreement,model_high_confidence_disagreement,Kenyamanan,10647,positif,negatif,0.8313,needs_review,sentiment_conflict_needs_expert,"kamar, sempit, view","aspect evidence: kamar, sempit, view; mixed/weak sentiment: positive: baik, strategis, enak; negative: gak, mahal, sempit",Traveloka,Hotel Santika Depok,10/31/2018,"hotel cukup strategis karena satu kawasan dengan mal, turun lift jalan dikit langsung masuk mall depok, fasilitas kamar cukup baik, view lumayan dari lantai 26 hahaha tetapi ukuran kamar agak sempit agak untuk sholat pas-pasan, air mineral banyak, variasi makanan banyak, rasa lumayan enak, parkir lumayan mahal untuk satu hari check in kemudian check out biaya parkir 40rb.",,4
priority_model_disagreement,model_high_confidence_disagreement,Fasilitas,1949,netral,negatif,0.8272,needs_review,sentiment_conflict_needs_expert,"fasilitas, gym","aspect evidence: fasilitas, gym; mixed/weak sentiment: ",Agoda,Hotel Santika Cirebon,6/29/2016,perlu renovasi dan perubahan fasilitas gym,,4
priority_model_disagreement,model_high_confidence_disagreement,Makanan,1906,positif,netral,0.8218,needs_review,sentiment_conflict_needs_expert,"makanan, makan, sarapan, menu, variasi","aspect evidence: makanan, makan, sarapan, menu, variasi; mixed/weak sentiment: positive: baik, ramah, bersih; negative: tidak, gak, panas",Agoda,Hotel Santika Cirebon,12/24/2018,"check in cepat, padahal jam 4 sore kami masih harus menunggu sebentar agar kamar siap. stafnya cukup ramah. kamarnya agak ketinggalan jaman tapi cukup bersih. tapi tidak ada mandi air hangat. ini adalah air yang sangat panas atau dingin. variasi sarapan cukup baik tetapi kualitas makanannya biasa saja.",,4
priority_model_disagreement,model_high_confidence_disagreement,Pelayanan,5800,netral,negatif,0.8183,needs_review,sentiment_conflict_needs_expert,"staf, ramah","aspect evidence: staf, ramah; mixed/weak sentiment: positive: baik, ramah, bersih; negative: kurang, tidak, tidak ada",Tiket,Hotel Santika Depok,4/5/2019,"ada colokan di samping westafel, tapi sayangnya hairdryernya tidak ada pelayan di restoran saat sarapan, kurang ramah, mukanya pada manyun, masih ngantuk kali yah. reseptionist dan satpamnya baik banget, kamar bersih, cukup luas. ",,4
priority_model_disagreement,model_high_confidence_disagreement,Fasilitas,168,netral,negatif,0.8142,needs_review,sentiment_conflict_needs_expert,"fasilitas, parkir","aspect evidence: fasilitas, parkir; mixed/weak sentiment: positive: bagus, enak, mudah; negative: gak, ga , tua",Agoda,Hotel Santika Bandung,5/7/2023,lokasi bagus bagi yang ingin menjelajahi kota bandung. lokasi sangat dekat dengan hotel aryaduta (tepat di seberang pintu keluarnya). jalan depan hotel ada 2 arah (bukan 1 arah) sehingga memudahkan kita untuk mengakses hotel. hotel santika merupakan hotel tua namun masih terawat. kamarnya luas namun semua perabotannya harus direnovasi juga fasilitasnya. sarapan memiliki pilihan terbatas namun rasanya cukup enak. area parkir mobil di basement memiliki jalur yang luas namun tempat parkir terbatas.,,4
priority_model_disagreement,model_high_confidence_disagreement,Harga,897,netral,positif,0.8128,needs_review,sentiment_conflict_needs_expert,harga,"aspect evidence: harga; mixed/weak sentiment: positive: baik, ramah; negative: gak, ga , lama",Agoda,Hotel Santika Bogor,12/4/2023,terima kasih hotel santika atas keramahtamahannya. anda berhasil mengakomodasi permintaan kami selama kami tinggal. lokasi terbaik dan harga terbaik di bogor. terima kasih lagi.,,4
priority_model_disagreement,model_high_confidence_disagreement,Makanan,8040,positif,netral,0.8085,needs_review,sentiment_conflict_needs_expert,"sarapan, rasa","aspect evidence: sarapan, rasa; mixed/weak sentiment: positive: bagus, baik, ramah; negative: kurang, tidak, kecil",Traveloka,Hotel Santika Bogor,6/12/2019,"kamar yang cukup baik untuk tidak kecil, dan varian untuk sarapan sedikit kurang, rasanya cukup. kolam kecil yang tenang tapi stafnya sangat ramah secara keseluruhan hotel ini bagus dan membuat liburan saya hampir sempurna terima kasih santika bogor",,4
priority_model_disagreement,model_high_confidence_disagreement,Fasilitas,2287,netral,positif,0.8035,needs_review,sentiment_conflict_needs_expert,"fasilitas, ac","aspect evidence: fasilitas, ac; mixed/weak sentiment: positive: luas; negative: ga ",Agoda,Hotel Santika Cirebon,1/5/2015,"sangat menyenangkan dan terjaga privacy, sehingga kami dapat dengan leluasa menikmati fasilitas hotel yang disediakan.",,4
priority_model_disagreement,model_high_confidence_disagreement,Fasilitas,7190,netral,positif,0.8031,needs_review,sentiment_conflict_needs_expert,ac,"aspect evidence: ac; mixed/weak sentiment: positive: bagus, ramah, bersih; negative: lama",Traveloka,Hotel Santika Bandung,4/29/2015,"hotel nya bagus meskipun bangunan lama, pegawainya ramah dan sopan. kamar bersih. siaran televisi kabel banyak pilihan. breakfast nya enak dan banyak macamnya. puas dan recommend menginap di santika bandung. thanks traveloka atas diskon nya. transaksi mudah dan cepat. traveloka memang pas untuk kita.",,4
priority_model_disagreement,model_high_confidence_disagreement,Lokasi,1911,netral,positif,0.8011,needs_review,sentiment_conflict_needs_expert,"lokasi, mal","aspect evidence: lokasi, mal; mixed/weak sentiment: positive: baik; negative: kurang, ga ",Agoda,Hotel Santika Cirebon,7/31/2018,"meninap dadakan dapat harga kurang lebih 800rb per malam, breakfast baik lokasi juga di tengah kota",,4
priority_model_disagreement,model_high_confidence_disagreement,Kenyamanan,2860,netral,negatif,0.8009,needs_review,sentiment_conflict_needs_expert,"nyaman, kamar, tidur, panas, dingin","aspect evidence: nyaman, kamar, tidur, panas, dingin; mixed/weak sentiment: positive: nyaman, bersih, lengkap; negative: tidak, ga , lambat",Agoda,Hotel Santika Depok,3/22/2017,"lokasi di mall dengan banyak pilihan restoran bahkan departemen store. air minum yang disediakan lebih banyak dari standar hotel lain, yaitu 4 botol dengan ukuran sedang. kenyamanan tidur sangat memuaskan dengan bed yang sangat nyaman dan 2 bantal yang nyaman di masing masing bed (twin). kondisi kamar sangat bersih dan fasilitas kamar mandi juga lengkap. yang cukup mengganggu adalah suhu air shower yang sangat tidak stabil, panas dingin bergantian. namun yang paling mengecewakan untuk kami adalah fasilitas wi-fi yang amat sangat lambat, bahkan tidak bisa kami gunakan sama sekali.",,4
priority_model_disagreement,model_disagreement,Makanan,1940,netral,positif,0.7997,needs_review,sentiment_conflict_needs_expert,"makanan, makan, sarapan, menu, rasa","aspect evidence: makanan, makan, sarapan, menu, rasa; mixed/weak sentiment: positive: bagus, nyaman, bersih; negative: kurang, ga , tua",Agoda,Hotel Santika Cirebon,6/20/2017,"santika cirebon, menurut saya hotelnya sudah tua, jadi ada tandanya di bangunan itu. tapi, kamarnya cukup besar, tempat tidurnya nyaman (menurut saya tempat tidurnya keras atau sedang), kamar mandinya bagus dan bersih. ada ketel listrik untuk membuat teh atau kopi, beserta segala fasilitasnya. kulkas mini, televisi kabel (sayangnya gambar kurang jelas tapi cukup bagus untuk baca berita). sarapannya juga beda-beda, walaupun kata ibuku rasanya biasa saja, tapi bagiku itu sudah cukup. anda bisa memilih mulai dari roti, sereal, bubur nasi, nasi goreng, nasi putih dan makanan indonesia lainnya. secara keseluruhan cukup menyenangkan menginap di hotel santika.",,4
priority_model_disagreement,model_disagreement,Fasilitas,1671,netral,positif,0.7964,needs_review,sentiment_conflict_needs_expert,fasilitas,"aspect evidence: fasilitas; mixed/weak sentiment: positive: baik, mudah, aman; negative: ga ",Agoda,Hotel Santika Bogor,8/10/2011,baik bangetlah. ini hotel ada dalam botani square bogor. sehingga akses untuk shoping lebih mudah dan aman. selain itu fasilitas hotel juga memadai. saya ini adalah hotel yang menarik.,,4
priority_model_disagreement,model_disagreement,Fasilitas,8040,negatif,netral,0.7956,needs_review,sentiment_conflict_needs_expert,kolam,"aspect evidence: kolam; mixed/weak sentiment: positive: bagus, baik, ramah; negative: kurang, tidak, kecil",Traveloka,Hotel Santika Bogor,6/12/2019,"kamar yang cukup baik untuk tidak kecil, dan varian untuk sarapan sedikit kurang, rasanya cukup. kolam kecil yang tenang tapi stafnya sangat ramah secara keseluruhan hotel ini bagus dan membuat liburan saya hampir sempurna terima kasih santika bogor",,4
priority_model_disagreement,model_disagreement,Lokasi,2346,netral,positif,0.7936,needs_review,sentiment_conflict_needs_expert,"lokasi, dekat, stasiun","aspect evidence: lokasi, dekat, stasiun; mixed/weak sentiment: positive: bagus, dekat; negative: tidak, ga , lambat",Agoda,Hotel Santika Cirebon,12/4/2012,lokasi hotel sangat bagus karena dekat sekali dengan stasiun kereta api sehingga tidak takut terlambat. dan juga sangat dekat dengan pusat pertokoan.,,4
priority_model_disagreement,model_disagreement,Fasilitas,5539,netral,positif,0.7907,needs_review,sentiment_conflict_needs_expert,"kolam, kolam renang","aspect evidence: kolam, kolam renang; mixed/weak sentiment: positive: bersih; negative: ga ",Tiket,Hotel Santika Cirebon,9/9/2024,kebersihan terjaga maksimal. kolam renang dengan pemandangan indah. kolam renang dengan pemandangan indah.,,4
priority_model_disagreement,model_disagreement,Pelayanan,5547,netral,positif,0.7879,needs_review,sentiment_conflict_needs_expert,"pelayanan, layanan, ramah","aspect evidence: pelayanan, layanan, ramah; mixed/weak sentiment: positive: baik, ramah; negative: ga ",Tiket,Hotel Santika Cirebon,4/25/2024,interior ramah keluarga. harga sangat terjangkau. kualitas pelayanan terbaik.,,4
priority_model_disagreement,model_disagreement,Fasilitas,1754,negatif,netral,0.7773,needs_review,sentiment_conflict_needs_expert,"kolam, kolam renang","aspect evidence: kolam, kolam renang; mixed/weak sentiment: positive: nyaman, bersih, aman; negative: kurang, tidak, gak",Agoda,Hotel Santika Cirebon,6/20/2025,"kenyamanan kamar dan kolam renang menjadi nilai jual terbesarnya. tapi untuk sarapannya terasa agak kurang. butuh lebih banyak protein. dan ya, tidak ada smart televisi juga. tapi saya sangat senang ada tukang cuci mobil yang membersihkan mobil kami setiap pagi. tapi mungkin mereka memerlukan pelatihan? hanya untuk tetap profesional.",,4
priority_model_disagreement,model_disagreement,Makanan,2080,netral,negatif,0.7668,needs_review,sentiment_conflict_needs_expert,sarapan,"aspect evidence: sarapan; mixed/weak sentiment: positive: baik, strategis, luas; negative: tidak, ga , bau",Agoda,Hotel Santika Cirebon,12/30/2022,"hotel tua yang menempati lahan luas dan lokasi yang strategis. seharusnya bisa mempertahankan ""keklasikan"" hotel santika yang sudah terkenal. sayangnya tidak bisa menjaga itu. sarapan alakadarnya, lokasi seputar kolam tidak terawat, air conditioner tidak dingin, kamar mandi bau, kunci hotel sudah jadul, balkoni depan jendela kotor banget, area deket lift d lobi gelap, terkesan kotor. semoga segera diperbaiki ya",,4
priority_model_disagreement,model_disagreement,Pelayanan,8901,positif,netral,0.7664,needs_review,sentiment_conflict_needs_expert,"pelayanan, layanan","aspect evidence: pelayanan, layanan; mixed/weak sentiment: positive: bersih, mudah; negative: ga ",Traveloka,Hotel Santika Cirebon,5/21/2025,"hotel santika memang pilihan tepat sebagai akomodasi saat melakukan perjalanan dinas. lokasinya yang berada di tengah kota membuat perjalanan dari hotel ke lokasi tujuan sangat mudah dicapai, lebih lanjut ada pelayanan tambahan karena setiap pagi dicuci secara cuma-cuma sehingga mobil kami tetap bersih sehingga terlihat professional saat sampai di kantor.",,4
priority_model_disagreement,model_disagreement,Lokasi,1491,netral,positif,0.7587,needs_review,sentiment_conflict_needs_expert,"lokasi, dekat, mal","aspect evidence: lokasi, dekat, mal; mixed/weak sentiment: positive: bagus, baik, ramah; negative: kurang, ga , biasa saja",Agoda,Hotel Santika Bogor,9/2/2019,"pertama sampai di hotel memiliki kesan yang luar biasa, lokasi yang baik dekat dengan mal kebersihan cukup baik. untuk fasilitas kolam renang juga bagus. santika sangat terkenal dengan beragaman sarapanya yang pasti enak. untuk staf saya merasa kurang ramah. bagian fo, tempat sarapan, kolam renang, mungkin karena libur lebaran ramai tamu mereka kelelahan sehingga ya biasa saja, tapi untuk satpamnya sangat baik dan ramah.",,4
priority_model_disagreement,model_disagreement,Makanan,4807,netral,negatif,0.7583,needs_review,sentiment_conflict_needs_expert,breakfast,"aspect evidence: breakfast; mixed/weak sentiment: positive: baik, lengkap; negative: tidak",Tiket,Hotel Santika Mega City Bekasi,4/24/2024,"baik banget hotelnya, bersish ya karna santika memang sudah tidak awam untuk hotel bintang mya. namun kami sempat di dtgi sama cheff dan pelayan saat breakfast untuk ditawarkan jd member santika, tapi nyatanya sampai. selengkapnya",,4
priority_model_disagreement,model_disagreement,Pelayanan,6075,netral,negatif,0.7565,needs_review,sentiment_conflict_needs_expert,"layanan, staf, membantu","aspect evidence: layanan, staf, membantu; mixed/weak sentiment: positive: bersih; negative: tidak, buruk, lama",Traveloka,Hotel Santika Bandung,4/26/2023,"penerimaan sangat membantu dan sopan sayangnya cuaca hangat dan tanpa air conditioner di area lobi. ruangan itu bersih tapi keran lama di wastafel dan shower membuatnya sulit untuk dioperasikan. menu sarapan prasmanan memang tidak sebanyak dua tahun lalu. disebutkan secara khusus ke stasiun telur, memesan telur setengah matang yang tidak pernah datang sampai kami selesai. layanan yang buruk.",,4
priority_model_disagreement,model_disagreement,Fasilitas,5979,positif,netral,0.7531,needs_review,sentiment_conflict_needs_expert,"fasilitas, ac","aspect evidence: fasilitas, ac; mixed/weak sentiment: positive: baik, ramah, bersih; negative: tidak",Traveloka,Hotel Santika Bandung,3/26/2025,"lokasi strategis ke mana2 dekat. petugas ramah semua, kamar bersih. terimakasih untuk semua kesan yang baik. ada fasilitas peminjaman seped untuk berkeliling, tapi saya tidak sempat menikmati karena padatnya acara.",,4
priority_model_disagreement,model_disagreement,Pelayanan,10692,netral,positif,0.7493,needs_review,sentiment_conflict_needs_expert,"pelayanan, layanan, check-in","aspect evidence: pelayanan, layanan, check-in; mixed/weak sentiment: positive: bagus; negative: ga ",Traveloka,Hotel Santika Depok,8/29/2018,"overall pelayanannya bagus, minta early check-in 12. 30 baru ready jam 13. 00. semoga pelayanannya semakin bagus untuk selanjutnya.",,4
priority_model_disagreement,model_disagreement,Harga,5671,positif,netral,0.7481,needs_review,sentiment_conflict_needs_expert,harga,"aspect evidence: harga; mixed/weak sentiment: positive: bersih, enak; negative: gak, ga , tua",Tiket,Hotel Santika Cirebon,4/3/2021,"untuk harga segitu hotel bersih, mungkin lumayan enak, walaupun hotel nya keliatan agak tua tapi menyenangkan.",,4
priority_model_disagreement,model_disagreement,Harga,5913,negatif,positif,0.7455,needs_review,sentiment_conflict_needs_expert,"harga, mahal","aspect evidence: harga, mahal; mixed/weak sentiment: positive: ramah, bersih, enak; negative: tidak, ga , mahal",Tiket,Hotel Santika Tasikmalaya,11/11/2019,"check in dilayani dengan cepat dan ramah, kondisi kamar bersih, amenities lengkap, harga makanan hotel tidak terlalu mahal dan rasanya cukup enak",,4
priority_model_disagreement,model_disagreement,Pelayanan,6421,netral,positif,0.7432,needs_review,sentiment_conflict_needs_expert,"pelayanan, layanan","aspect evidence: pelayanan, layanan; mixed/weak sentiment: positive: worth; negative: kurang, tidak, ga ",Traveloka,Hotel Santika Bandung,3/28/2018,"saya menginap dalam rangka liburan keluarga di weekend di kamar 356. hotel dengan rate kamar yang cukup tinggi di bandung tidak worth it dengan pelayanan yang didapat. beberapa kekurangan yang harus ditingkatkan oleh manajemen. bangunan lama: air conditioner model lama sehingga udara tidak fresh di kamar banyak nyamuk dan debu, mungkin karena void langsung berhub dengan outdoor; gorden banyak noda-handuk pinggirannya banyak yang sobek. sarapan untuk anak berumur 8 tahun kena charge.",,4
priority_model_disagreement,model_disagreement,Pelayanan,8106,netral,positif,0.743,needs_review,sentiment_conflict_needs_expert,"staf, staff, ramah, check-in","aspect evidence: staf, staff, ramah, check-in; mixed/weak sentiment: positive: baik, ramah, aman; negative: tidak, gak, lama",Traveloka,Hotel Santika Bogor,1/30/2019,"pengalaman menyenangkan menginap di suites room 3d2n lantai 7 view pegunungan staff-staff ramah walau check-in agak lama. kamar baik sesuai deskripsi, cuma perlu ditambah cermin vertikal makanan hotel biasa saja, tapi gampang mau ke mall bisa langsung akses dari lift ke lantai b. anak-anak senang di sini walau tidak ada kids corner, hanya hari minggu ada kids activity bikin cupcake mewarnai nonton/menyanyi.",,4
priority_model_disagreement,model_disagreement,Pelayanan,1827,positif,negatif,0.7418,needs_review,sentiment_conflict_needs_expert,"staf, ramah","aspect evidence: staf, ramah; mixed/weak sentiment: positive: ramah, luas; negative: tidak, tidak ada",Agoda,Hotel Santika Cirebon,4/11/2024,"tidak ada staf di sekitar kolam renang, jadi kami harus meminta handuk di sekelilingnya. kamar luas, sarapan banyak pilihan. staf tidak begitu ramah dan melayani.",,4
priority_model_disagreement,model_disagreement,Makanan,12,positif,netral,0.7343,needs_review,sentiment_conflict_needs_expert,"sarapan, breakfast","aspect evidence: sarapan, breakfast; mixed/weak sentiment: ",Agoda,Hotel Santika Bandung,2/17/2026,"datang hampir jam 10 malam, hotel terlihat sepi tapi begitu turun mobil ada 1 doorman yang langsung menyambut dan membukakan pintu hotel. di lobby 1 concierge standby dan sat set mencari kamar yang kita booking dan melayani permintaan breakfast on the go. besoknya 2 kotak sarapan sudah siap diambil jam setengah 6 pagi sesuai permintaan. terimakasih santika.",,4
priority_model_disagreement,model_disagreement,Fasilitas,6452,negatif,netral,0.7274,needs_review,sentiment_conflict_needs_expert,"fasilitas, kolam, kolam renang","aspect evidence: fasilitas, kolam, kolam renang; mixed/weak sentiment: positive: bagus, baik, ramah; negative: ga , kecil, tua",Traveloka,Hotel Santika Bandung,1/10/2018,"hotel tua dengan perawatan yang baik sehingga hotel terlihat masih bagus dan terpelihara dengan baik, dekat dengan masjid tentara dan beberapa pusat perbelanjaan. sarapan varian yang berlimpah dan lezat, kamar bersih dan nyaman. sebagai saran mungkin sedikit kolam renang plus fasilitas ramah anak, seperti slide kecil atau tempat bermain akan menjadi lebih baik.",,4
priority_model_disagreement,model_disagreement,Makanan,3609,netral,positif,0.7271,needs_review,sentiment_conflict_needs_expert,"makanan, makan","aspect evidence: makanan, makan; mixed/weak sentiment: ",Tiket,Hotel Santika Bandung,7/12/2025,makanan khas lokal yang menyenangkan.,,4
priority_model_disagreement,model_disagreement,Kenyamanan,10570,positif,netral,0.7151,needs_review,sentiment_conflict_needs_expert,pemandangan,aspect evidence: pemandangan; mixed/weak sentiment: positive: bagus; negative: ga ,Traveloka,Hotel Santika Depok,1/9/2019,pemandangan gunung yang indah dari jendela saya. sarapan yang luar biasa. lokasi yang bagus. harga yang pantas,,4
priority_model_disagreement,model_disagreement,Pelayanan,7131,netral,negatif,0.7092,needs_review,sentiment_conflict_needs_expert,"pelayanan, layanan, ramah, check-in","aspect evidence: pelayanan, layanan, ramah, check-in; mixed/weak sentiment: positive: bagus, ramah, bersih; negative: kurang, tidak, ga ",Traveloka,Hotel Santika Bandung,8/5/2015,"bermalam di hotel santika bandung, , pegawai nya ramah-ramah, , pelayanan bagus, , bersih banget, , saya menginap bersama anak dan istri saya, , pada saat check-in kamar dengan tempat tidur ukuran king telah terisi semua kamarnya, , namun oleh pihak hotel di usahakan bagaimana caranya agar kami sekeluarga mendapatkan kamar dengan tempat tidur ukuran king, , mengenai breakfast/sarapan pagi menunya banyak sekali namun sayang pelayanan dari pegawai restoran untuk breakfast/sarapan pagi kurang tanggap dan sigap, , karena setelah kami selesai menyantap makanan alat makan yang telah kami gunakan tidak secepatnya diambil oleh para pegawai serta penyediaan kopi dan teh oleh pelayan tidak cepat. terima kasih traveloka, , harga kamarnya murah banget dari pada harga publish dari pihak hotel.",,4
priority_model_disagreement,model_disagreement,Pelayanan,4989,none,positif,0.7977,positif,possible_missing_label,layanan,"aspect evidence: layanan; mixed/weak sentiment: positive: baik, memuaskan; negative: ga ",Tiket,Hotel Santika Mega City Bekasi,2/7/2022,"semuanya baik, dari fasilitas dan layanannya juga sangat memuaskan.",,5
priority_model_disagreement,model_disagreement,Kenyamanan,8952,none,positif,0.7953,positif,possible_missing_label,kamar,aspect evidence: kamar; sentiment evidence: bersih,Traveloka,Hotel Santika Cirebon,6/19/2024,"menginap satu malam di hotel santika cirebon sangat menyenangkan. untuk kamar bersih, untuk sarapan the best, banyak pilihan.",,5
priority_model_disagreement,model_disagreement,Lokasi,7176,none,positif,0.7926,positif,possible_missing_label,dekat,"aspect evidence: dekat; sentiment evidence: baik, nyaman, aman, dekat",Traveloka,Hotel Santika Bandung,6/3/2015,"pelayanannya baik dan hotelnya nyaman, dekat dengan mana saja",,5
priority_model_disagreement,model_disagreement,Kenyamanan,14230,none,positif,0.7914,positif,possible_missing_label,kamar,"aspect evidence: kamar; mixed/weak sentiment: positive: baik; negative: tidak, gak",Traveloka,Hotel Santika Tasikmalaya,4/25/2018,kamar baik tetapi untuk sarapan pilihannya tidak terlalu banyak. wi-fi dikamar tidak beroperasi terlalu baik (agak sulit connect).,,5
priority_model_disagreement,model_disagreement,Fasilitas,7728,none,negatif,0.7906,negatif,possible_missing_label,"kolam, kolam renang, handuk","aspect evidence: kolam, kolam renang, handuk; mixed/weak sentiment: positive: baik, ramah, bersih; negative: gak, lama",Traveloka,Hotel Santika Bogor,12/1/2021,"kamar bersih, kolam renang bersih, makanan lumayan enak, protokol covid, pelayanan cukup baik, staf ramah dan membantu, hanya minta handuk tambahan agak lama, cukup menyenangkan.",,5
priority_model_disagreement,model_disagreement,Lokasi,1446,none,positif,0.7906,positif,possible_missing_label,"mall, mal, area","aspect evidence: mall, mal, area; mixed/weak sentiment: ",Agoda,Hotel Santika Bogor,5/8/2022,mall tinggal lewat basemen mao ke mesjid masih dalam satu area mao dinner banyak makanan tersedia di mall,,5
priority_model_disagreement,model_disagreement,Kenyamanan,7989,none,positif,0.7881,positif,possible_missing_label,air conditioner,"aspect evidence: air conditioner; mixed/weak sentiment: positive: baik, ramah, bersih; negative: tidak, tidak ada",Traveloka,Hotel Santika Bogor,9/4/2019,"tempat sangat strategis, parkinya mudah, check-in cepat. pelayanan sangat ramah, handuk sprei dan bersih. air conditioner dan water heater berfungsi dengan baik, tapi tidak ada hair dryer.",,5
priority_model_disagreement,model_disagreement,Fasilitas,4135,none,negatif,0.7834,negatif,possible_missing_label,water heater,"aspect evidence: water heater; sentiment evidence: kurang, tidak, bau, tua, lama",Tiket,Hotel Santika Bandung,9/8/2021,"hotelnya sudah tua, gatau karna penuh atau gimana dapet kamar yang sudah lama tidak dipake kayanya sampe water heaternya harus minta dinyalain dulu ke teknisinya, dan bau lembab banget, sarapan buat sekelas santika kurang banget",,5
priority_model_disagreement,model_disagreement,Kenyamanan,11468,none,positif,0.781,positif,possible_missing_label,kamar,aspect evidence: kamar; sentiment evidence: baik,Traveloka,Hotel Santika Depok,2/3/2016,"pelayan baik, kamar baik, makanan baik.",,5
priority_model_disagreement,model_disagreement,Fasilitas,7950,none,positif,0.774,positif,possible_missing_label,parkir,"aspect evidence: parkir; sentiment evidence: bagus, baik, cukup baik",Traveloka,Hotel Santika Bogor,1/1/2020,"hotel yang bagus, stafnya luar biasa, sangat baik. parkir di botani. ramai tapi stafnya sangat membantu koneksi langsung dengan mal bagus makanan pagi, cukup baik, terima kasih santika bogor.",,5
priority_model_disagreement,model_disagreement,Kenyamanan,8022,none,positif,0.7693,positif,possible_missing_label,nyaman,"aspect evidence: nyaman; mixed/weak sentiment: positive: nyaman, aman; negative: ga ",Traveloka,Hotel Santika Bogor,6/19/2019,"hari pertama, kedua dan ketiga begitu nyaman. namun, akhirnya kecewa dengan sikap dan tindakan resepsionis pada saat ingin extend, akhirnya saya check-out, kenyamanan sebelumnya di akhiri dengan kekecewaan.",,5
priority_model_disagreement,model_disagreement,Makanan,2211,none,positif,0.7685,positif,possible_missing_label,"makan, variasi","aspect evidence: makan, variasi; sentiment evidence: murah",Agoda,Hotel Santika Cirebon,7/23/2019,"harganya relatif murah, makan pagi bervariasi",,5
priority_model_disagreement,model_disagreement,Fasilitas,9136,none,positif,0.7679,positif,possible_missing_label,"kolam, kamar mandi, air","aspect evidence: kolam, kamar mandi, air; mixed/weak sentiment: positive: baik, bersih, enak; negative: kurang, ga , kotor",Traveloka,Hotel Santika Cirebon,3/17/2021,"pelayanan yang cukup baik di masa pandemi. mobil di cuci semua dari pihak hotel. makanan yang enak, kolam juga baik, anak-anak senang. walau ada kendala sedikit di kamar mandi, air menggenang dan yang orang ngebersihin kamar kurang jeli ngebersihin kotorandi meja dan lantai. terima kasih hotel santika sudah meng-upgrade kamar kami ke executive. very well services.",,5
priority_model_disagreement,model_disagreement,Kenyamanan,1754,none,positif,0.7673,positif,possible_missing_label,"nyaman, kamar","aspect evidence: nyaman, kamar; mixed/weak sentiment: positive: nyaman, bersih, aman; negative: kurang, tidak, gak",Agoda,Hotel Santika Cirebon,6/20/2025,"kenyamanan kamar dan kolam renang menjadi nilai jual terbesarnya. tapi untuk sarapannya terasa agak kurang. butuh lebih banyak protein. dan ya, tidak ada smart televisi juga. tapi saya sangat senang ada tukang cuci mobil yang membersihkan mobil kami setiap pagi. tapi mungkin mereka memerlukan pelatihan? hanya untuk tetap profesional.",,5
priority_model_disagreement,model_disagreement,Lokasi,10454,none,positif,0.7671,positif,possible_missing_label,"lokasi, mal","aspect evidence: lokasi, mal; mixed/weak sentiment: ",Traveloka,Hotel Santika Depok,5/29/2019,"handuknya kumal masih dipakai, lokasi dan pelayanan sih.",,5
priority_model_disagreement,model_disagreement,Kenyamanan,7508,none,positif,0.762,positif,possible_missing_label,kamar,"aspect evidence: kamar; mixed/weak sentiment: positive: ramah, bersih, strategis; negative: lama",Traveloka,Hotel Santika Bogor,11/1/2023,"tempatnya strategis, kamar bersih, karyawan staf hotelnya ramah. anak anak pengalaman baru ada bioskop film anak anak di sore hari sangat terhibur. liburan yang berkesan.",,5
priority_model_disagreement,model_disagreement,Fasilitas,12205,none,positif,0.7574,positif,possible_missing_label,fasilitas,"aspect evidence: fasilitas; mixed/weak sentiment: positive: baik, nyaman, bersih; negative: gak",Traveloka,Hotel Santika Mega City Bekasi,11/18/2020,"kamar sangat nyaman dengan ruangan yang bersih fasilitas yang baik dan pelayanan yang sangat baik. hanya saja akses yang agak sulit karena lokasi ada di atas mal, akses yang diberikan langsung ke lobby hanya yang menggunakan mobil kalau untuk yang menggunakan kendaraan bermotor akses harus masuk melewati mal dahulu.",,5
priority_model_disagreement,model_disagreement,Lokasi,6330,none,positif,0.7553,positif,possible_missing_label,sebelah,"aspect evidence: sebelah; sentiment evidence: bagus, rekomendasi",Traveloka,Hotel Santika Bandung,1/30/2019,"hotel yang bagus dan di sebelah factory outlet. staf meja depan memberi saya upgrade gratis tipe kamar ke eksekutif, itu adalah tawaran hebat akan merekomendasikan hotel ini kepada orang lain.",,5
priority_model_disagreement,model_disagreement,Kebersihan,5041,none,negatif,0.7538,positif,possible_missing_label,"bersih, kebersihan","aspect evidence: bersih, kebersihan; sentiment evidence: baik, bersih",Tiket,Hotel Santika Mega City Bekasi,7/3/2020,"secara keseluruhan baik, tetap tingkatkan pelayanan prima dan kebersihan",,5
priority_model_disagreement,model_disagreement,Kenyamanan,10435,none,netral,0.7536,netral,possible_missing_label,"kamar, luas","aspect evidence: kamar, luas; mixed/weak sentiment: positive: baik, bersih, mudah; negative: tidak, ga , tidak sesuai",Traveloka,Hotel Santika Depok,6/26/2019,"lokasi baik mudah akses ke dmall, tetapi menurut saya kondisi fasilitas hotel (seperti kolam renang, gym) dan kondisi kamar (seperti furniture, luas kamar, dan kebersihan kamar) tidak sesuai dengan harga yang diberikan.",,5
priority_model_disagreement,model_disagreement,Kenyamanan,5383,none,positif,0.7527,positif,possible_missing_label,nyaman,"aspect evidence: nyaman; sentiment evidence: bagus, ramah, nyaman, aman",Tiket,Hotel Santika Bogor,4/15/2022,"bagus nyaman sopan, dan ramah, tingkatkan lagu",,5
priority_model_disagreement,model_disagreement,Makanan,235,none,positif,0.746,positif,possible_missing_label,"makanan, makan, enak","aspect evidence: makanan, makan, enak; mixed/weak sentiment: positive: bagus, enak, dekat; negative: ga ",Agoda,Hotel Santika Bandung,5/18/2017,"hotel ini terletak di jalan riau, jalan it bandung. anda dapat menemukan makanan enak, fashion bagus, kafe bagus dan semua yang anda butuhkan. itu juga dekat jl merdeka yang merupakan salah satu jalan sibuk di bandung yang memiliki beberapa jajanan kaki lima yang enak",,5
priority_model_disagreement,model_disagreement,Lokasi,1316,none,positif,0.7453,positif,possible_missing_label,"dekat, mall, mal","aspect evidence: dekat, mall, mal; sentiment evidence: mantap, dekat",Agoda,Hotel Santika Bogor,4/22/2026,"dekat dengan mall, pelayanan oke, dan fasilitas mantap, keep it up",,5
priority_model_disagreement,model_disagreement,Fasilitas,9287,none,netral,0.7452,netral,possible_missing_label,"kolam, kolam renang","aspect evidence: kolam, kolam renang; mixed/weak sentiment: positive: ramah, bersih, pas; negative: ga ",Traveloka,Hotel Santika Cirebon,12/5/2018,"terakhir ke santika cirebon setahun yang lalu dan di kunjungan kali ini banyak sekali yang berbeda. keramahan yang selalu jadi ciri khas santika tetap terjaga, kamar bersih dan sudah dalam kondisi sejuk saat masuk. kolam renang juga jauh lebih bersih. untuk makanan, selalu ada kuliner khas yang tersaji. saya pasti kembali menginap ke santika untuk kunjungan selanjutnya.",,5
priority_model_disagreement,model_disagreement,Fasilitas,9773,none,netral,0.7443,positif,possible_missing_label,"kolam, kolam renang","aspect evidence: kolam, kolam renang; sentiment evidence: nyaman, aman, dekat",Traveloka,Hotel Santika Cirebon,1/13/2016,"hotel yang nyaman, suka karena tempat makan pagi dekat dengan kolam renang",,5
priority_model_disagreement,model_disagreement,Fasilitas,9497,none,positif,0.7431,positif,possible_missing_label,"kolam, kolam renang","aspect evidence: kolam, kolam renang; sentiment evidence: bagus, bersih",Traveloka,Hotel Santika Cirebon,7/26/2017,"bagus ruangan, layanan besar, bagus, besar dan bersih kolam renang. kami berenang di malam hari dan itu bagus",,5
priority_model_disagreement,model_disagreement,Pelayanan,1861,none,positif,0.7389,positif,possible_missing_label,"staf, ramah","aspect evidence: staf, ramah; mixed/weak sentiment: positive: baik, ramah, nyaman; negative: tidak, ga ",Agoda,Hotel Santika Cirebon,8/14/2022,"santika adalah salah satu hotel terbaik di cirebon, terletak di pusat kota, dekat dengan stasiun kereta, mall, restoran, dll. kolam renangnya mungkin salah satu kolam terbaik yang pernah saya coba di cirebon, sangat bersih dan besar. saya suka ketika saya masuk kamar, stafnya sudah menyiapkan kamar jadi air conditioner sudah menyala jadi kamar sangat sejuk dan nyaman. mereka juga mencuci mobil kami, dan ini diluar ekspektasi. menu sarapannya sangat lengkap, bervariasi dan enak, namun keramahannya sangat baik. satu malam tidak pernah cukup.",,5
priority_model_disagreement,model_disagreement,Kenyamanan,2287,none,positif,0.7357,positif,possible_missing_label,"ac, luas","aspect evidence: ac, luas; mixed/weak sentiment: positive: luas; negative: ga ",Agoda,Hotel Santika Cirebon,1/5/2015,"sangat menyenangkan dan terjaga privacy, sehingga kami dapat dengan leluasa menikmati fasilitas hotel yang disediakan.",,5
priority_model_disagreement,model_disagreement,Lokasi,1408,none,positif,0.7298,positif,possible_missing_label,"dekat, botani","aspect evidence: dekat, botani; sentiment evidence: baik, ramah, enak, dekat",Agoda,Hotel Santika Bogor,12/18/2023,"dekat kebun raya, botani square. makanannya enak, staf ramah. baik buat keluarga.",,5
priority_model_disagreement,model_disagreement,Kenyamanan,8040,none,positif,0.7278,positif,possible_missing_label,kamar,"aspect evidence: kamar; mixed/weak sentiment: positive: bagus, baik, ramah; negative: kurang, tidak, kecil",Traveloka,Hotel Santika Bogor,6/12/2019,"kamar yang cukup baik untuk tidak kecil, dan varian untuk sarapan sedikit kurang, rasanya cukup. kolam kecil yang tenang tapi stafnya sangat ramah secara keseluruhan hotel ini bagus dan membuat liburan saya hampir sempurna terima kasih santika bogor",,5
priority_model_disagreement,model_disagreement,Pelayanan,7120,none,positif,0.7243,positif,possible_missing_label,ramah,"aspect evidence: ramah; sentiment evidence: ramah, nyaman, aman",Traveloka,Hotel Santika Bandung,8/19/2015,"ramah, nyaman hanya terlalu bebas untuk smoking: (",,5
priority_model_disagreement,model_disagreement,Fasilitas,10221,none,negatif,0.724,negatif,possible_missing_label,"fasilitas, shower, air, handuk","aspect evidence: fasilitas, shower, air, handuk; mixed/weak sentiment: positive: baik, nyaman, bersih; negative: ga , rusak, kecil",Traveloka,Hotel Santika Depok,1/12/2022,"cukup puas dengan santika depok. masih sesuai standar hotel 3 pada umumnya. air conditioner nya dingin, kamarnya bersih. hotel juga mempunyai akses langsung ke dmall. oh ya point plus lainnya ada di breakfast nya. menurut saya enak-enak makannya. saran dari saya untuk pengembangan: 1. untuk bed cover, handuk, sarung bantal, bisa dipakaikan pewangi supaya tamu lebih nyaman lagi. 2. engsel shower glass di tempat saya menginap, sepertinya sudah mau copot (entah jika di room lain mengalami hal yang sama). bisa diperbaiki untuk next nya. 3. bisa ditambahkan minibar/lemari es kecil. untuk fasilitas tamu menyimpan makanan yang mudah rusak.",,5
priority_model_disagreement,model_disagreement,Kenyamanan,4662,none,positif,0.7233,positif,possible_missing_label,nyaman,"aspect evidence: nyaman; sentiment evidence: nyaman, bersih, aman",Tiket,Hotel Santika Mega City Bekasi,6/24/2022,fantastis sekali bersih nyaman lah pkkoknya,,5
priority_model_disagreement,model_disagreement,Kenyamanan,9298,none,positif,0.7225,positif,possible_missing_label,kamar,"aspect evidence: kamar; sentiment evidence: baik, bersih, strategis",Traveloka,Hotel Santika Cirebon,11/7/2018,"lokasi strategis, kamar baik, kebersihan baik, pokoknya the best lah",,5
priority_model_disagreement,model_disagreement,Fasilitas,9549,none,positif,0.7183,positif,possible_missing_label,fasilitas,"aspect evidence: fasilitas; mixed/weak sentiment: positive: bagus; negative: tidak, ga ",Traveloka,Hotel Santika Cirebon,5/24/2017,"pelayanan bagus, ada fasilitas antar jemput sehingga sangat membantu buat para tamu yang tidak naik kendaraan pribadi.",,5
priority_model_disagreement,model_disagreement,Lokasi,5805,none,positif,0.7102,positif,possible_missing_label,"dekat, pusat hiburan","aspect evidence: dekat, pusat hiburan; sentiment evidence: baik, ramah, lezat, aman, dekat",Tiket,Hotel Santika Tasikmalaya,4/16/2026,kualitas layanan terbaik. hidangan yang disajikan lezat. suasana ramah. dekat dengan pusat hiburan. parkir aman.,,5
priority_model_disagreement,model_high_confidence_disagreement,Fasilitas,1607,netral,none,0.8945,netral,likely_model_missed_aspect,"fasilitas, shower","aspect evidence: fasilitas, shower; mixed/weak sentiment: positive: nyaman, aman; negative: tidak, ga , kecil",Agoda,Hotel Santika Bogor,2/9/2013,"datang kedua kalinya ke santika, saya dan keluarga memang tiba terlalu awal (jam 09: 00) dibandingkan jam check in. front desk menyatakan jam check in jam 14: 00. saya dan keluarga (dengan dua ana kecil) akhirnya memustuskan jalan-jalan ke mall dan kebun raya sembari berpesan untuk dihubungi jika kamar sudah siap. hal yang sangat disesalkan ialah seolah-olah front desk meminta untuk check in jam 14: 00 meski kamar sudah siap. ya memang aturan hotel sih. cman saya berkali-kali nginap di berbagai hotel, mereka tidak keberatan sama sekali untuk early check in kalau memang kamar available. secara overall, tinggal di santika cukup nyaman. fasilitas kamar, shower, menu breakfast cukup membuat kami betah.",,6
priority_model_disagreement,model_high_confidence_disagreement,Kenyamanan,10146,positif,none,0.8674,positif,likely_model_missed_aspect,kamar,"aspect evidence: kamar; mixed/weak sentiment: positive: bersih; negative: tidak, gak, ga ",Traveloka,Hotel Santika Depok,5/17/2023,"kamarnya bersih, kamar mandinya juga bersih. sepertinya hotelnya sudah agak lama, tapi tetap affordable. pilihan sarapannya cukup banyak. overall, menyenangkan. saya tidak tau kalau ternyata hotel ini nyambung dengan di mall. ini jadi point plus, karena jadi ada banyak pilihan resto, dan ada bioskop juga. waktu saya menginap, lagi banyak tamu. sepertinya, sedang ada meeting dari instansi atau perusahaan tertentu.",,6
priority_model_disagreement,model_high_confidence_disagreement,Kenyamanan,5122,netral,none,0.8577,netral,likely_model_missed_aspect,kamar,"aspect evidence: kamar; mixed/weak sentiment: positive: baik, bersih, strategis; negative: kurang, gak",Tiket,Hotel Santika Mega City Bekasi,6/9/2024,"kebersihan agak kurang, karena terlihat di kamar mandi banyak bekas rambut, di bantal ada noda bekas lipstik. untuk pelayanan cukup baik. lokasi cukup strategis.",,6
priority_model_disagreement,model_high_confidence_disagreement,Pelayanan,11544,positif,none,0.8532,positif,likely_model_missed_aspect,ramah,"aspect evidence: ramah; mixed/weak sentiment: positive: bagus, ramah; negative: kurang",Traveloka,Hotel Santika Depok,12/23/2015,"seperti jaringan hotel santika di daerah lain. ramah dan menyenangkan, menu makanan tradisionalnya bagus, hanya sayang sinyal di kamar kurang bagus",,6
priority_model_disagreement,model_high_confidence_disagreement,Makanan,579,netral,none,0.844,netral,likely_model_missed_aspect,rasa,"aspect evidence: rasa; mixed/weak sentiment: positive: pas; negative: tidak, tidak bisa, close",Agoda,Hotel Santika Bandung,5/17/2015,ada rasa kecewa karena kamar mandinya shower yang tidak pas penempatannya dan closet yang tidak bisa di flush harus berulang ulang,,6
priority_model_disagreement,model_high_confidence_disagreement,Fasilitas,14244,negatif,none,0.8354,negatif,likely_model_missed_aspect,"shower, kamar mandi","aspect evidence: shower, kamar mandi; mixed/weak sentiment: positive: baik, bersih; negative: kurang, ga ",Traveloka,Hotel Santika Tasikmalaya,3/7/2018,"service baik. kurang di kebersihan kamar mandi, banyak kerak dan shower juga sudah karatan. untuk sekelas santika harusnya lebih baik.",,6
priority_model_disagreement,model_high_confidence_disagreement,Pelayanan,14728,positif,none,0.8158,positif,likely_model_missed_aspect,membantu,"aspect evidence: membantu; sentiment evidence: tidak, bau, lama",Traveloka,Hotel Santika Tasikmalaya,4/22/2015,"saya tidak dapat non smoking room, selama menginap tersiksa dengan bau rokok, walau hotel sudah sangat membantu dengan memberikan ionisasi.",,6
priority_model_disagreement,model_high_confidence_disagreement,Kenyamanan,13185,positif,none,0.8141,positif,likely_model_missed_aspect,kamar,"aspect evidence: kamar; mixed/weak sentiment: positive: bagus, bersih, pas; negative: kurang, tidak, ga ",Traveloka,Hotel Santika Mega City Bekasi,9/27/2017,ketika check in oke. smooth tidak ada masalah. kamarnya juga bagus bersih tapi pas check out officernya kurang bersahabat terutama yang perempuan.,,6
priority_model_disagreement,model_high_confidence_disagreement,Kenyamanan,11552,negatif,none,0.8137,negatif,likely_model_missed_aspect,kamar,aspect evidence: kamar; sentiment evidence: bagus,Traveloka,Hotel Santika Depok,12/9/2015,"very bagus, easy, tapi kalau ada yang bula pintu dari kamar lain kedenegeran",,6
priority_model_disagreement,model_high_confidence_disagreement,Kenyamanan,4992,positif,none,0.8032,positif,likely_model_missed_aspect,kamar,aspect evidence: kamar; sentiment evidence: bagus,Tiket,Hotel Santika Mega City Bekasi,1/26/2022,bagus sekali dari kamar pelayanan fasilitas dll,,6
priority_model_disagreement,model_disagreement,Fasilitas,12388,positif,none,0.7991,positif,likely_model_missed_aspect,"toilet, air","aspect evidence: toilet, air; mixed/weak sentiment: positive: baik, lengkap; negative: ga , kecil, lama",Traveloka,Hotel Santika Mega City Bekasi,8/14/2019,"kamarnya kecil tapi sangat rapi, toilettries lengkap. ada tempat untuk bersantai di luar, cozy banget. saluran air sangat lama sehingga air tergenang. overall baik karena hotel cuma untuk istirahat saja, makanan lengkap, rasanya juga lumayan.",,6
priority_model_disagreement,model_disagreement,Kebersihan,12832,positif,none,0.79,positif,likely_model_missed_aspect,bersih,"aspect evidence: bersih; mixed/weak sentiment: positive: bagus, bersih; negative: tidak, gelap, kecil",Traveloka,Hotel Santika Mega City Bekasi,8/29/2018,"kamarnya kecil, makanannya biasa saja, nasggor tidak ada rasanya, restaurant jam 9 sudah tutup, saran saja sih karena mal sudah mulai tutup jam segitu, restaurant tutupnya jam 24. 00 saja, kasihan yang tiba-tiba laper tengah malam, keluar hotel pun susah. karena jadi 1 sama mal, jalan ke parkiran jauh, ngelewatin toko-toko yang sudah tutup plus gelap, seharusnya ada lift khusus sih. terus parkiran tidak dipakai sampai check-out, setiap kalau mau keluar harus minta stempel, kalau tidak distempel bayar layaknya lagi ke mal. ac-nya bocor hari pertama, kencang banget. ampun deh hehhe tapi pelayanannya bagus, tidak bising, bersih juga.",,6
priority_model_disagreement,model_disagreement,Kenyamanan,7165,positif,none,0.7865,positif,likely_model_missed_aspect,nyaman,"aspect evidence: nyaman; sentiment evidence: baik, ramah, nyaman, strategis, aman",Traveloka,Hotel Santika Bandung,6/24/2015,"memiliki fasilitas kolam renang, pelayanan staf baik dan ramah, lokasi yang strategis, konsep dan suasana hotel yang terbuka memberikan kenyamanan",,6
priority_model_disagreement,model_disagreement,Kenyamanan,5903,positif,none,0.7854,positif,likely_model_missed_aspect,nyaman,"aspect evidence: nyaman; sentiment evidence: nyaman, strategis, aman",Tiket,Hotel Santika Tasikmalaya,4/13/2021,letaknya strategis dan nyaman,,6
priority_model_disagreement,model_disagreement,Makanan,6335,netral,none,0.7791,netral,likely_model_missed_aspect,enak,"aspect evidence: enak; mixed/weak sentiment: positive: baik, enak, pas; negative: kurang, tidak, gak",Traveloka,Hotel Santika Bandung,1/16/2019,"pelayanan yang berada di hotel kurang tanggap, seperti pergantian seprai dan selimut kamar dimana ketika kami meminta pergantian selimut dan seprai yang seharusnya bisa dilakukan setiap hari namun, hal tersebut tidak bisa dilakukan dikarenakan kamar hotel penuh dan pihak hotel hanya memberi selimut sedang. seharusnya meskipun kamar penuh, pihak hotel bisa menyiapkan porsi selimut dan seprai yang pas untuk para tamu. mengingat kami menginap di hotel santika 4 hari 3 malam dan seharusnya bisa dilakukan pergantian selimut serta sprai. wi-fi hotel juga agak error di hari-hari terakhir kami menginap. wi-fi seharusnya bisa lancar hingga kami check-out. semoga pihak hotel bisa memperbaiki layanan yang ada.",,6
priority_model_disagreement,model_disagreement,Kenyamanan,14414,positif,none,0.771,positif,likely_model_missed_aspect,nyaman,"aspect evidence: nyaman; sentiment evidence: nyaman, aman",Traveloka,Hotel Santika Tasikmalaya,4/26/2017,layanan nyaman dan hangat,,6
priority_model_disagreement,model_disagreement,Fasilitas,5119,negatif,none,0.769,negatif,likely_model_missed_aspect,lift,aspect evidence: lift; sentiment evidence: susah,Tiket,Hotel Santika Mega City Bekasi,7/20/2024,"pesan via ota, pilih kamar deluxe single bed dikasih yang twin bed, dan smoking room. akses susah jika solo travel yang harus melalui lift didalam mall yang kalau malam tutup",,6
priority_model_disagreement,model_disagreement,Kenyamanan,3074,positif,none,0.7672,positif,likely_model_missed_aspect,kamar,"aspect evidence: kamar; sentiment evidence: bersih, enak",Agoda,Hotel Santika Tasikmalaya,11/7/2019,"kamar, staf, sarapan enak. toilet harus ditingkatkan menjadi bersih.",,6
priority_model_disagreement,model_disagreement,Kenyamanan,10701,positif,none,0.7578,positif,likely_model_missed_aspect,kamar,"aspect evidence: kamar; sentiment evidence: bersih, memuaskan",Traveloka,Hotel Santika Depok,8/15/2018,pelayanannya memuaskan. kamarnya sangat bersih dan rapi.,,6
priority_model_disagreement,model_disagreement,Kenyamanan,6102,netral,none,0.7536,netral,likely_model_missed_aspect,kamar,aspect evidence: kamar; mixed/weak sentiment: positive: enak; negative: tidak,Traveloka,Hotel Santika Bandung,11/9/2022,"kamar standar, makanan enak, parkir lumayan, swimming pool walau tidak air hangat.",,6
priority_model_disagreement,model_disagreement,Kenyamanan,5564,negatif,none,0.7528,negatif,likely_model_missed_aspect,kamar,"aspect evidence: kamar; sentiment evidence: bersih, aman",Tiket,Hotel Santika Cirebon,4/28/2023,"hotelnya zaman dulu, jadi interiornya sudah jadul tapi bersih si kamarnya",,6
priority_model_disagreement,model_disagreement,Fasilitas,9750,negatif,none,0.7464,negatif,likely_model_missed_aspect,air,"aspect evidence: air; mixed/weak sentiment: positive: memuaskan; negative: tidak, tidak bisa",Traveloka,Hotel Santika Cirebon,2/17/2016,"secara umum memuaskan, mungkin akan lebih menambah nilai tentang kota cirebon/ trade mark nya kuliner adalah tahu gejrot untuk bisa ditambah pojok tahu gejrot di restaurantnya. ini akan menolong sekali bg wisatawan yang dari luarkota. untuk lebih bisa menikmatinya karena untuk mencari diluar hotel sedikit kesulitan. untuk air panaa di kamar 516 mungkin ada sedikit masalah. karena tidak bisa langsung dipergunakan.",,6
priority_model_disagreement,model_disagreement,Kenyamanan,274,positif,none,0.7441,positif,likely_model_missed_aspect,kamar,"aspect evidence: kamar; sentiment evidence: bagus, dekat",Agoda,Hotel Santika Bandung,5/5/2015,"luar biasa, bernilai uang, kamarnya berukuran bagus dengan fasilitas yang layak, pusat perbelanjaan ada di dekatnya.",,6
priority_model_disagreement,model_disagreement,Makanan,1978,netral,none,0.7305,netral,likely_model_missed_aspect,"rasa, restoran","aspect evidence: rasa, restoran; mixed/weak sentiment: positive: bagus, nyaman, mudah; negative: tidak",Agoda,Hotel Santika Cirebon,9/3/2014,"perjalanan yang menyenangkan. anak saya merasa nyaman. kolam renang yang bagus dan tidak terlalu banyak orang di sana. hotel ini terletak di tengah kota, sangat mudah untuk mendapatkan kedai kopi, restoran, dan mini market di dekatnya.",,6
priority_model_disagreement,model_disagreement,Makanan,1607,netral,none,0.7206,netral,likely_model_missed_aspect,"breakfast, menu","aspect evidence: breakfast, menu; mixed/weak sentiment: positive: nyaman, aman; negative: tidak, ga , kecil",Agoda,Hotel Santika Bogor,2/9/2013,"datang kedua kalinya ke santika, saya dan keluarga memang tiba terlalu awal (jam 09: 00) dibandingkan jam check in. front desk menyatakan jam check in jam 14: 00. saya dan keluarga (dengan dua ana kecil) akhirnya memustuskan jalan-jalan ke mall dan kebun raya sembari berpesan untuk dihubungi jika kamar sudah siap. hal yang sangat disesalkan ialah seolah-olah front desk meminta untuk check in jam 14: 00 meski kamar sudah siap. ya memang aturan hotel sih. cman saya berkali-kali nginap di berbagai hotel, mereka tidak keberatan sama sekali untuk early check in kalau memang kamar available. secara overall, tinggal di santika cukup nyaman. fasilitas kamar, shower, menu breakfast cukup membuat kami betah.",,6
priority_model_disagreement,model_disagreement,Fasilitas,6188,positif,none,0.7124,positif,likely_model_missed_aspect,"kolam, kolam renang","aspect evidence: kolam, kolam renang; sentiment evidence: nyaman, bersih, aman",Traveloka,Hotel Santika Bandung,3/31/2021,"kamarnya nyaman, kolam renang bersih.",,6
priority_model_disagreement,model_high_confidence_disagreement,Pelayanan,14542,negatif,none,0.9228,none,possible_label_false_positive,,no aspect keyword detected,Traveloka,Hotel Santika Tasikmalaya,8/17/2016,tisu toilet dan wajah jaringan tidak tersedia pada malam kedua saya tinggal.,,7
priority_model_disagreement,model_high_confidence_disagreement,Makanan,4317,positif,none,0.8623,none,possible_label_false_positive,,no aspect keyword detected,Tiket,Hotel Santika Mega City Bekasi,4/10/2025,"deket banget sama venue fanmeet, kamar bersih satapan baik",,7
priority_model_disagreement,model_high_confidence_disagreement,Pelayanan,13615,positif,none,0.8369,none,possible_label_false_positive,,no aspect keyword detected,Traveloka,Hotel Santika Mega City Bekasi,10/12/2016,nyaman dan bersih. keamanan terjaga.,,7
priority_model_disagreement,model_high_confidence_disagreement,Kenyamanan,5422,positif,none,0.8325,none,possible_label_false_positive,,no aspect keyword detected,Tiket,Hotel Santika Bogor,4/29/2021,"bagus, rapih, bersih deket dengan mall",,7
priority_model_disagreement,model_high_confidence_disagreement,Pelayanan,4378,positif,none,0.8301,none,possible_label_false_positive,,no aspect keyword detected,Tiket,Hotel Santika Mega City Bekasi,12/4/2024,keren abiss ramaah juga dan bersih,,7
priority_model_disagreement,model_high_confidence_disagreement,Pelayanan,11167,negatif,none,0.8269,none,possible_label_false_positive,,no aspect keyword detected,Traveloka,Hotel Santika Depok,12/21/2016,sangat berkesan dengan hotel santika. hanya perlu di informasikan akses masuk hotel jika mall sudah tutup.,,7
priority_model_disagreement,model_high_confidence_disagreement,Pelayanan,5119,negatif,none,0.8165,none,possible_label_false_positive,,no aspect keyword detected,Tiket,Hotel Santika Mega City Bekasi,7/20/2024,"pesan via ota, pilih kamar deluxe single bed dikasih yang twin bed, dan smoking room. akses susah jika solo travel yang harus melalui lift didalam mall yang kalau malam tutup",,7
priority_model_disagreement,model_high_confidence_disagreement,Kenyamanan,11135,positif,none,0.8152,none,possible_label_false_positive,,no aspect keyword detected,Traveloka,Hotel Santika Depok,1/18/2017,"lokasinya strategis, mudah diakses dengan berbagai alternatif kendaraan dengan staf yang ramah dan ruangan yang bersih.",,7
priority_model_disagreement,model_high_confidence_disagreement,Kenyamanan,12126,positif,none,0.8113,none,possible_label_false_positive,,no aspect keyword detected,Traveloka,Hotel Santika Mega City Bekasi,9/8/2021,menyenangkan. sesuai kelas nya. semua baik banget. bersih.,,7
priority_model_disagreement,model_high_confidence_disagreement,Kenyamanan,14679,positif,none,0.8033,none,possible_label_false_positive,,no aspect keyword detected,Traveloka,Hotel Santika Tasikmalaya,8/19/2015,"sangat berkesan untuk tempat istirahat, lokasi yang sangat strategis",,7
priority_model_disagreement,model_high_confidence_disagreement,Pelayanan,8085,positif,none,0.8006,none,possible_label_false_positive,,no aspect keyword detected,Traveloka,Hotel Santika Bogor,3/13/2019,"cemilan di kala sore, santika tau how to treat their customers",,7
priority_model_disagreement,model_disagreement,Fasilitas,13796,positif,none,0.793,none,possible_label_false_positive,,no aspect keyword detected,Traveloka,Hotel Santika Tasikmalaya,8/24/2022,"bagus banget sekarang ada coffee shop buat betah, staf pelayanan semua ramah baik check in cepat dan sudah pasti tiap ke tasik nginep di sini.",,7
priority_model_disagreement,model_disagreement,Fasilitas,8590,negatif,none,0.7928,none,possible_label_false_positive,,no aspect keyword detected,Traveloka,Hotel Santika Bogor,11/16/2016,secara keseluruhan sangat memuaskan dengan pelayanan yang sangat baik mungkin yang kurang hanya untuk ruang makannya pada saat breakfast yang sepertinya kurang luas mengingat kapasitas tamu yang banyak sehingga harus bergantian.,,7
priority_model_disagreement,model_disagreement,Makanan,2834,netral,none,0.791,none,possible_label_false_positive,,no aspect keyword detected,Agoda,Hotel Santika Depok,1/19/2022,floordrain tidak berfungsi. jadi saya harus buka floordrainnya biar airnya tidak menggenang. saya bermalam di unit yang exclusive. hanya dapat buah 3 pcs. penerangan kurang. karpet di ruang family kotor banget sama sofa belum pernah di dryclean kayaknya. selain hal ini nyaman.,,7
priority_model_disagreement,model_disagreement,Pelayanan,562,positif,none,0.7882,none,possible_label_false_positive,,no aspect keyword detected,Agoda,Hotel Santika Bandung,1/29/2016,"hotel dekat dengan pasat perbelanjaan, tempat makan. mobil di parkiran di cuci dengan gratis. variasi makanan harus di tambah.",,7
priority_model_disagreement,model_disagreement,Kenyamanan,149,netral,none,0.7852,none,possible_label_false_positive,,no aspect keyword detected,Agoda,Hotel Santika Bandung,12/30/2023,hotel ini memiliki lokasi yang bagus. ada supermarket di seberang hotel dan ada banyak jajanan pinggir jalan di dekat hotel. bangunan hotel merupakan bangunan tua namun memiliki perawatan yang baik sehingga bangunan hotel masih bagus dan bersih.,,7
priority_model_disagreement,model_disagreement,Kebersihan,13249,negatif,none,0.7819,none,possible_label_false_positive,,no aspect keyword detected,Traveloka,Hotel Santika Mega City Bekasi,8/16/2017,"tempatnya kurang nyaman, dekat dengan mall tapi mallnya banyak tutup. terus kamar mandinya airnya menggenang.",,7
priority_model_disagreement,model_disagreement,Kenyamanan,10272,negatif,none,0.7766,none,possible_label_false_positive,,no aspect keyword detected,Traveloka,Hotel Santika Depok,4/28/2021,"bagus, tapi peralatan sudah kuno",,7
priority_model_disagreement,model_disagreement,Harga,750,positif,none,0.7723,none,possible_label_false_positive,,no aspect keyword detected,Agoda,Hotel Santika Bogor,6/12/2025,"perdana stay, pasca drop off di lobby, effortnya susah cari parkir, untungnya ada akses dari dalam mall ke dalam hotel. request connecting room, hanya dapat 1 aksesdoor masing², jadi repot kalau mau naik lantai izin staf bantu tap lift. minus hairdryer aja, dan tidak ada dispenser air, exhaust fan kamarmandi tidak terasa sirkulasinya, bantal kempes, cahaya kurang terang. plusnya ada hiburan smarttv dan wi-fi superngebut. breakfastnya b aja, wafflenya rasa adonan pukis, dan roti tawar terlihat kurang fresh, tapi westernfoodnya lumayan enak. pelayanan staf fo kurang senyum, dan jangan lupa bawa struk parkir untuk stamp free parking.",,7
priority_model_disagreement,model_disagreement,Kenyamanan,6468,positif,none,0.7723,none,possible_label_false_positive,,no aspect keyword detected,Traveloka,Hotel Santika Bandung,12/27/2017,"old fashioned hotel tapi terpelihara dengan baik. lokasi yang strategis, di samping mal bip dan hanya berjarak ratusan meter ke taman lalu lintas.",,7
priority_model_disagreement,model_disagreement,Kebersihan,12253,positif,none,0.7591,none,possible_label_false_positive,,no aspect keyword detected,Traveloka,Hotel Santika Mega City Bekasi,2/19/2020,"kamar berisp, air conditioner dingin, kamar mandi bersi, makanan cukup lengkap dan esak.",,7
priority_model_disagreement,model_disagreement,Pelayanan,8685,negatif,none,0.7445,none,possible_label_false_positive,,no aspect keyword detected,Traveloka,Hotel Santika Bogor,12/30/2015,"makanan kurang lezat, slow respon jika ada makanan yang mulai habis, ruang makan yang diluar lambt dibersihkan",,7
priority_model_disagreement,model_disagreement,Kenyamanan,9696,positif,none,0.7307,none,possible_label_false_positive,,no aspect keyword detected,Traveloka,Hotel Santika Cirebon,8/17/2016,saya suka hotel dengan nuansa alami.,,7
label_reason_mismatch,label_ada_tapi_alasan_kosong,Kenyamanan,14283,positif,,,needs_review,label_without_evidence_review,,no aspect keyword detected,Traveloka,Hotel Santika Tasikmalaya,11/15/2017,"pelayanan yang ramah, menu sarapan sangat beragam, check in dan check out dengan proses yang mudah dan cepat. shower besar.",,8
label_reason_mismatch,label_ada_tapi_alasan_kosong,Fasilitas,13024,negatif,,,needs_review,label_without_evidence_review,,no aspect keyword detected,Traveloka,Hotel Santika Mega City Bekasi,2/14/2018,harga terbaik tapi perlu menambahkan lebih banyak saluran televisi,,8
label_reason_mismatch,alasan_ada_tapi_label_none,Lokasi,13225,none,,,none,reason_likely_wrong_aspect,,no aspect keyword detected,Traveloka,Hotel Santika Mega City Bekasi,8/30/2017,harga murah tapi pelayanan tidak murahan,harga murah,9
label_reason_mismatch,alasan_ada_tapi_label_none,Pelayanan,14155,none,,,none,reason_likely_wrong_aspect,,no aspect keyword detected,Traveloka,Hotel Santika Tasikmalaya,9/26/2018,"bahagia, bersih, baik, cantik.",bersih,9
label_reason_mismatch,alasan_ada_tapi_label_none,Pelayanan,14215,none,,,none,reason_likely_wrong_aspect,,no aspect keyword detected,Traveloka,Hotel Santika Tasikmalaya,6/13/2018,"bagus, bagus, bersih, terawat.",bersih,9
label_reason_mismatch,alasan_ada_tapi_label_none,Pelayanan,14676,none,,,none,reason_likely_wrong_aspect,,no aspect keyword detected,Traveloka,Hotel Santika Tasikmalaya,8/26/2015,hotel ini bersih dan menarik tempatnya.,bersih,9
label_reason_mismatch,alasan_ada_tapi_label_none,Harga,13059,none,,,none,reason_likely_wrong_aspect,,no aspect keyword detected,Traveloka,Hotel Santika Mega City Bekasi,1/3/2018,pelayanan dan fasilitasnya baik banget.,pelayanan baik banget,9
label_reason_mismatch,alasan_ada_tapi_label_none,Harga,13196,none,,,none,reason_likely_wrong_aspect,,no aspect keyword detected,Traveloka,Hotel Santika Mega City Bekasi,9/20/2017,fasilitas dan layanan yang baik,layanan yang baik,9
label_reason_mismatch,alasan_ada_tapi_label_none,Harga,13434,none,,,none,reason_likely_wrong_aspect,,no aspect keyword detected,Traveloka,Hotel Santika Mega City Bekasi,3/22/2017,pelayanannya baik fasilitas hotelnya juga mantab,pelayanannya baik,9
label_reason_mismatch,alasan_ada_tapi_label_none,Harga,13455,none,,,none,reason_likely_wrong_aspect,,no aspect keyword detected,Traveloka,Hotel Santika Mega City Bekasi,3/15/2017,fasilitas bagus. pelayanan baik.,pelayanan baik,9
label_reason_mismatch,alasan_ada_tapi_label_none,Harga,13469,none,,,none,reason_likely_wrong_aspect,,no aspect keyword detected,Traveloka,Hotel Santika Mega City Bekasi,3/1/2017,"pelayanan yang ramah, makanannya enak",pelayanan yang ramah,9
label_reason_mismatch,alasan_ada_tapi_label_none,Harga,13659,none,,,none,reason_likely_wrong_aspect,,no aspect keyword detected,Traveloka,Hotel Santika Tasikmalaya,12/31/2025,pelayanannya sangat ramah namun untuk variasi sarapan perlu ditambahkan lagi,pelayanannya sangat ramah,9
label_reason_mismatch,alasan_ada_tapi_label_none,Harga,13664,none,,,none,reason_likely_wrong_aspect,,no aspect keyword detected,Traveloka,Hotel Santika Tasikmalaya,11/12/2025,semua fasilitas mantul pelayanan ramah,pelayanan ramah,9
label_reason_mismatch,alasan_ada_tapi_label_none,Harga,13728,none,,,none,reason_likely_wrong_aspect,,no aspect keyword detected,Traveloka,Hotel Santika Tasikmalaya,12/18/2024,"hotel terfavorit, makanan banyak variasi, staf ramah",staf ramah,9
label_reason_mismatch,alasan_ada_tapi_label_none,Harga,13901,none,,,none,reason_likely_wrong_aspect,,no aspect keyword detected,Traveloka,Hotel Santika Tasikmalaya,9/16/2020,fasilitas lengkap pelayanan memuaskan.,pelayanan memuaskan,9
label_reason_mismatch,alasan_ada_tapi_label_none,Harga,14220,none,,,none,reason_likely_wrong_aspect,,no aspect keyword detected,Traveloka,Hotel Santika Tasikmalaya,5/30/2018,hotelnya bagus. bersih juga. pelayanan baik. tapi pesan yang king dikasih kamar yang standard.,pesan yang king dikasih kamar yang standard,9
label_reason_mismatch,alasan_ada_tapi_label_none,Harga,14364,none,,,none,reason_likely_wrong_aspect,,no aspect keyword detected,Traveloka,Hotel Santika Tasikmalaya,7/12/2017,pelayanan dan fasilitas cukup memuaskan,pelayanan cukup memuaskan,9
label_reason_mismatch,alasan_ada_tapi_label_none,Makanan,13024,none,,,none,reason_likely_wrong_aspect,,no aspect keyword detected,Traveloka,Hotel Santika Mega City Bekasi,2/14/2018,harga terbaik tapi perlu menambahkan lebih banyak saluran televisi,perlu menambahkan lebih banyak saluran televisi,9
label_reason_mismatch,alasan_ada_tapi_label_none,Makanan,13059,none,,,none,reason_likely_wrong_aspect,,no aspect keyword detected,Traveloka,Hotel Santika Mega City Bekasi,1/3/2018,pelayanan dan fasilitasnya baik banget.,fasilitasnya baik banget,9
label_reason_mismatch,alasan_ada_tapi_label_none,Makanan,13196,none,,,none,reason_likely_wrong_aspect,,no aspect keyword detected,Traveloka,Hotel Santika Mega City Bekasi,9/20/2017,fasilitas dan layanan yang baik,fasilitas yang baik,9
label_reason_mismatch,alasan_ada_tapi_label_none,Makanan,13434,none,,,none,reason_likely_wrong_aspect,,no aspect keyword detected,Traveloka,Hotel Santika Mega City Bekasi,3/22/2017,pelayanannya baik fasilitas hotelnya juga mantab,fasilitas hotelnya juga mantab,9
label_reason_mismatch,alasan_ada_tapi_label_none,Makanan,13455,none,,,none,reason_likely_wrong_aspect,,no aspect keyword detected,Traveloka,Hotel Santika Mega City Bekasi,3/15/2017,fasilitas bagus. pelayanan baik.,fasilitas bagus,9
label_reason_mismatch,alasan_ada_tapi_label_none,Makanan,13664,none,,,none,reason_likely_wrong_aspect,,no aspect keyword detected,Traveloka,Hotel Santika Tasikmalaya,11/12/2025,semua fasilitas mantul pelayanan ramah,semua fasilitas mantul,9
label_reason_mismatch,alasan_ada_tapi_label_none,Makanan,13901,none,,,none,reason_likely_wrong_aspect,,no aspect keyword detected,Traveloka,Hotel Santika Tasikmalaya,9/16/2020,fasilitas lengkap pelayanan memuaskan.,fasilitas lengkap,9
label_reason_mismatch,alasan_ada_tapi_label_none,Makanan,14364,none,,,none,reason_likely_wrong_aspect,,no aspect keyword detected,Traveloka,Hotel Santika Tasikmalaya,7/12/2017,pelayanan dan fasilitas cukup memuaskan,fasilitas cukup memuaskan,9
label_reason_mismatch,alasan_ada_tapi_label_none,Fasilitas,13803,none,,,none,reason_likely_wrong_aspect,,no aspect keyword detected,Traveloka,Hotel Santika Tasikmalaya,6/8/2022,"kamar kurang bersih, sarapan pagi menemukan rambut.",sarapan pagi menemukan rambut,9
priority_model_disagreement,model_high_confidence_disagreement,Pelayanan,7465,none,negatif,0.974,none,likely_model_false_aspect,,no aspect keyword detected,Traveloka,Hotel Santika Bogor,5/1/2024,"kurang sepadan dengan harga yang membayar. fasilitas kamar kurang sesuai. beli paket yang sarapan (saya kesiangan call jam 10 infonya sudah close) tapi tidak ada pengingat. tidak menyalahkan juga karna kesalahan dari saya, tapi setidaknya dari pihak hotel terima kasih telah memperbaiki apa pun. kalau ditanya akan menginap disini lagi, saya tidak akan balik kesini, lebih baik cari pilihan lain aja.",,10
priority_model_disagreement,model_high_confidence_disagreement,Fasilitas,1630,none,negatif,0.9597,none,likely_model_false_aspect,,no aspect keyword detected,Agoda,Hotel Santika Bogor,9/22/2012,"kurang mengesankan, untuk harga yang di bayarkan tidak sesuai, hal yang perlu di perbaiki 1. breakfast menu: dikit sekali, dan rasanya kurang enak. saya pernah menginap di santika lainnya tidak seperti ini 2. kamar sempit dan kurang luas 3. kunci kamar tidak bisa mendapatkan 2 4. tidak ada tempat bermain untuk anak-anak secara keseluruhan kurang memuaskan",,10
priority_model_disagreement,model_high_confidence_disagreement,Pelayanan,12002,none,negatif,0.9546,none,likely_model_false_aspect,,no aspect keyword detected,Traveloka,Hotel Santika Mega City Bekasi,5/10/2023,"pesen dengan bawa anak 1, sampai di lokasi dikasih room smoking, terpaksa saya upgrade karena katanya tidak ada kamar lagi, air panas nya tidak begitu berfungsi.",,10
priority_model_disagreement,model_high_confidence_disagreement,Kenyamanan,3979,none,negatif,0.9153,none,likely_model_false_aspect,,no aspect keyword detected,Tiket,Hotel Santika Bandung,2/21/2024,"hotel lama toilet sudah direnovasi, breakfast lumayan minusnya sprei dan handuk sudah agak lusuh, sangat kurang colokan listrik.",,10
priority_model_disagreement,model_high_confidence_disagreement,Makanan,8085,none,netral,0.9093,none,likely_model_false_aspect,,no aspect keyword detected,Traveloka,Hotel Santika Bogor,3/13/2019,"cemilan di kala sore, santika tau how to treat their customers",,10
priority_model_disagreement,model_high_confidence_disagreement,Pelayanan,6158,none,positif,0.8953,none,likely_model_false_aspect,,no aspect keyword detected,Traveloka,Hotel Santika Bandung,10/27/2021,"proses cek in mudah, fasilitas biasa saja.",,10
priority_model_disagreement,model_high_confidence_disagreement,Fasilitas,7837,none,negatif,0.8931,none,likely_model_false_aspect,,no aspect keyword detected,Traveloka,Hotel Santika Bogor,11/11/2020,"pas cek in kunci kamar tidak bisa di buka, jadi kami harus menunggu lama untuk mengganti kartu kunci nya",,10
priority_model_disagreement,model_high_confidence_disagreement,Kenyamanan,1136,none,positif,0.8907,none,likely_model_false_aspect,,no aspect keyword detected,Agoda,Hotel Santika Bogor,2/16/2013,"karena hujan selalu turun di sore hari, kami dapat, di waktu senggang, berbelanja atau makan malam tanpa basah kuyup atau harus mencari taksi dengan panik. sarapannya memuaskan. ruangan itu baik-baik saja hanya saja transmisi televisi sering terputus dan beberapa saluran meskipun ditunjukkan dalam daftar tidak ada",,10
priority_model_disagreement,model_high_confidence_disagreement,Pelayanan,4709,none,positif,0.8645,none,likely_model_false_aspect,,no aspect keyword detected,Tiket,Hotel Santika Mega City Bekasi,6/2/2021,"sesuai ekspetasi, sesuai request bersih, dapat masker juga dan protokolnya jalan sesuai prokess yaa.",,10
priority_model_disagreement,model_high_confidence_disagreement,Pelayanan,2293,none,positif,0.8538,none,likely_model_false_aspect,,no aspect keyword detected,Agoda,Hotel Santika Cirebon,10/19/2014,"cek in dan cek out cepat dan mudah, kamar pun luas dan bersih",,10
priority_model_disagreement,model_high_confidence_disagreement,Kebersihan,13245,none,negatif,0.8447,none,likely_model_false_aspect,,no aspect keyword detected,Traveloka,Hotel Santika Mega City Bekasi,8/23/2017,"recommended banget, makanan nya baik! cuma 1 kekurangannya tidak ada keset di kamar.",,10
priority_model_disagreement,model_high_confidence_disagreement,Kenyamanan,1441,none,negatif,0.8377,none,likely_model_false_aspect,,no aspect keyword detected,Agoda,Hotel Santika Bogor,7/13/2022,"secara umum hotel ini recomended. tempat strategis. bersih. staf ramah. breakfast baik. layak diberikan bintang 5. hanya saja pengalaman menginap hari ke-2, lantai toilet area kering nya banjir. sepertinya ada pipa yang bocor. jadinya untuk kali ini saya berikan bintang 4 dulu, ya.",,10
priority_model_disagreement,model_high_confidence_disagreement,Lokasi,5026,none,positif,0.8374,none,likely_model_false_aspect,,no aspect keyword detected,Tiket,Hotel Santika Mega City Bekasi,5/10/2021,"hotelnya d dalem mol, enak sih check out langsung belanja",,10
priority_model_disagreement,model_high_confidence_disagreement,Kenyamanan,14587,none,positif,0.8227,none,likely_model_false_aspect,,no aspect keyword detected,Traveloka,Hotel Santika Tasikmalaya,3/30/2016,"ruangan itu bersih dan para staf yang bagus juga. hanya sarapan tidak begitu lezat tapi secara keseluruhan, kami tinggal menyenangkan.",,10
priority_model_disagreement,model_high_confidence_disagreement,Fasilitas,10272,none,netral,0.807,none,likely_model_false_aspect,,no aspect keyword detected,Traveloka,Hotel Santika Depok,4/28/2021,"bagus, tapi peralatan sudah kuno",,10
priority_model_disagreement,model_disagreement,Harga,12637,none,positif,0.7945,none,likely_model_false_aspect,,no aspect keyword detected,Traveloka,Hotel Santika Mega City Bekasi,1/2/2019,"saya pesan superior king, karena sesuatu hal di free upgrade ke deluxe king. kamar tidak ada kulkas, lemari, bath tub. baru dapat fasilitas tsb sprtinya di kelas premier. wi-fi tidak bisa digunakan. kartu akses hnya bisa diberikan 1 dan ini menyulitkan, terutama karena berpergian bersama anak2. agak sulit menghubungi fo, beberapa kali telpon tidak diangkat. banyak hal yang tidak sesuai dengan buku hotel information. balkon yang jdi nilai tambah kamar deluxe, ternyata dikunci, dan kunci tidak bisa ditinggal di kamar. yang jadi nilai tambah adalah karyawannya ramah, akses yang mudah ke mall mega city, dan menu breakfastnya benar2 kualitas santika: enak dan amat bervariasi. kamarnya juga luas, semua fasilitas lain sprti ac- tv- bathroom shower-electric pot, berfungsi baik. ada kolam renang dan gym.",,10
priority_model_disagreement,model_disagreement,Pelayanan,11311,none,positif,0.7786,none,likely_model_false_aspect,,no aspect keyword detected,Traveloka,Hotel Santika Depok,6/15/2016,lokasinya strategis untuk wilayah depok dekat ke pusat perbelanjaan dan ke pusat bisnis. kamar nyaman dan bersih. terima kasih for bagus services,,10
priority_model_disagreement,model_disagreement,Kebersihan,7823,none,negatif,0.7783,none,likely_model_false_aspect,,no aspect keyword detected,Traveloka,Hotel Santika Bogor,12/30/2020,"review dikit menginap disana. pegawai ramah semua. check-in dan check-out cepat. kamar sama kaya di gambar. minta request jendela dengan view dikasih. complimentary kamar free. air conditioner dingin. water heater dan exhaush fan baik. malam hari saya minta tolong pihak dapur untuk hangat makanan dilayani dengan baik dan cepat, sedikit saran, tempat sampah dikamar dan dikamar mandi kalau bisa bukanya yang di tekan pake kaki, gang yang tutupnya bisa di copot gt soalnya jadi dimaenin anak yang belum paham kalau itu tempat sampah. terus untuk kamar mandinya tidak ada sabun cair untuk cuci tangan, dikasihnya malah yang batang. agak repot ya. ini hotelnya tempel banget sama botani, karena covid, bayi gabisa masuk sana. tapi nyari makan banyak, bisa gojek dan enak-enak ko. parkiran juga gabung sama mal. buat yang menginap disana jangan lupa tiket parkirnya distempel sama pihak hotel biar free. untuk breakfast kurang variatif menunya, apalagi untuk rotinya, dikit banget. tidak ada roti tawar dan selai. overall baik ko. 8/10. terima kasih ya.",,10
priority_model_disagreement,model_disagreement,Kenyamanan,3999,none,negatif,0.7719,none,likely_model_false_aspect,,no aspect keyword detected,Tiket,Hotel Santika Bandung,8/2/2022,lokasi bagus. hotel ini perlu pemeliharaan karena sudah tua. namun secara keseluruhan pengalaman menginap ini menyenangkan,,10
priority_model_disagreement,model_disagreement,Harga,5830,none,positif,0.7391,none,likely_model_false_aspect,,no aspect keyword detected,Tiket,Hotel Santika Tasikmalaya,4/9/2025,"bersih dan segar. tempat parkir luas dan nyaman. akomodasi hemat, namun memberikan sensasi mewah. kopi dan teh tersedia.",,10
priority_model_disagreement,model_disagreement,Pelayanan,9393,none,negatif,0.7295,none,likely_model_false_aspect,,no aspect keyword detected,Traveloka,Hotel Santika Cirebon,1/17/2018,"semuanya baik kecuali ketika saya menitipkan asip di freezer hotel yang katanya bisa dan ternyata begitu diambil asipnya mencair, dengan alasan freezernya bukan untuk membekukan. harusnya semua freezer bisa buat beku ya, kalau tidak buat beku bukan freezer namanya.",,10
priority_model_disagreement,model_disagreement,Pelayanan,3420,none,positif,0.7105,none,likely_model_false_aspect,,no aspect keyword detected,Agoda,Hotel Santika Tasikmalaya,1/31/2016,"surprise. dan terima kasih banyak untuk kompliment santapan bakery meski tidak dilengkapi kopi atau teh karena sudah tersedia d kamar, namun akan lebih lengkap jika paket afternoon tea atau cofee disajikan",,10
